{"type":"Feature","bbox":[127.1748433747892,34.82608957027375,127.59369659860519,35.18911873264824],"properties":{"regionCode":"12150","version":"vworld-20260909-3f8952dfda77-p2","name":"전남광주통합특별시 순천시","attribution":"국토교통부/K-Geo플랫폼 · VWorld 법정구역정보, CC BY 2.0 KR; 두꺼비집 가공"},"geometry":{"type":"MultiPolygon","coordinates":[[[[127.43841859100647,34.827129870536496],[127.43820646766878,34.82713133530681],[127.43838488549393,34.82689098670519],[127.43907290012481,34.82689836611554],[127.43947482234984,34.82667833145675],[127.43976600801037,34.82644757125319],[127.43976271707535,34.826212237877584],[127.43991441353214,34.82608957027375],[127.44021844276892,34.82618706880276],[127.4400182268664,34.826502152208164],[127.4397068323023,34.82675397929845],[127.4390375773079,34.827064971804546],[127.43864194995538,34.827055694559036],[127.43841859100647,34.827129870536496]]],[[[127.51783332850633,34.851063573737235],[127.51796480309613,34.85118793888468],[127.51785203468836,34.85132221967957],[127.5176096467725,34.85135803320668],[127.51735138227508,34.851231104826766],[127.51740676046758,34.85106918787806],[127.51761272243499,34.85097507447952],[127.51783332850633,34.851063573737235]]],[[[127.42034445251042,35.187324554382265],[127.4194592476707,35.18772688020661],[127.4180263981018,35.18815347384438],[127.41695802559082,35.188603308126744],[127.41597015033365,35.18892709323422],[127.41507492330922,35.18911873264824],[127.41432544363035,35.1871590408857],[127.41325931152355,35.18747559818761],[127.41130274443431,35.18774306584542],[127.4103108837682,35.1880276641066],[127.40992767147408,35.18796614264759],[127.4095595534828,35.188143433652016],[127.40931676688115,35.18696785542638],[127.40918154039242,35.185346596952584],[127.40870144765682,35.184844027897356],[127.40865301561104,35.184660397977645],[127.40887240062939,35.184276445320116],[127.40886302141043,35.184013960718026],[127.40864016953688,35.183768814662635],[127.4084292124297,35.18302000272807],[127.40790269209057,35.18283586867894],[127.40756580141968,35.18263279033003],[127.40754895900926,35.18207414927187],[127.40772929132766,35.18177384785446],[127.40716349078357,35.18086327820178],[127.4071023450763,35.18036478758046],[127.40678320891956,35.17986335683714],[127.40707214824727,35.179154545926],[127.40750773112792,35.17885494052379],[127.40767678215957,35.178598905651455],[127.40771914116024,35.1781123173415],[127.40773533234557,35.17698896303175],[127.4075602624021,35.17679350775262],[127.4076271486107,35.17651724683708],[127.40731607714116,35.17622253153537],[127.4070471290243,35.17518730998841],[127.40753868238173,35.174904281254946],[127.4075046994874,35.17448554946438],[127.40821894749064,35.17362955280614],[127.40901386978462,35.17326972310778],[127.40928297064669,35.17271617608145],[127.40927503906518,35.17222694379587],[127.41022864512531,35.17143167290383],[127.41029698747602,35.17110470475061],[127.41083657992807,35.1704550407683],[127.41086870451691,35.17008833718882],[127.4111350058772,35.169528323480726],[127.4112019223727,35.1690888267429],[127.41155468544989,35.1686387896691],[127.41096004834738,35.16815816723241],[127.41108501611386,35.16766538483988],[127.41132505133582,35.16717291610592],[127.41135311440668,35.166612157196006],[127.41123921246184,35.166231579894415],[127.41135335236619,35.16583925254899],[127.41154259985376,35.16554708089832],[127.41118551603626,35.16516802948321],[127.41138840219723,35.16472413286908],[127.41106336334262,35.164408779232225],[127.41090142485683,35.16398907411295],[127.41097948136755,35.163479973413004],[127.41047738371964,35.162910162067355],[127.41053913142633,35.16246674368243],[127.4103764003961,35.16195535546538],[127.41023010139408,35.16174868366454],[127.40997930872703,35.16159813047444],[127.40987115175074,35.16082051612103],[127.409715752869,35.16061077374545],[127.40971627195734,35.160440083903794],[127.40993585750803,35.16014513531694],[127.4100368583239,35.15973327590051],[127.4105491098284,35.15935636179191],[127.41058481470174,35.15912217056529],[127.41103144681291,35.15876026699013],[127.41106888133906,35.15839410365667],[127.41130589578741,35.15808811503496],[127.41182968822731,35.15786213201837],[127.41228000936724,35.15721261872343],[127.41195137689851,35.15696093184803],[127.41188954115545,35.15663497079937],[127.41197007317517,35.156415841847746],[127.41145171590416,35.155638490720236],[127.41140688830345,35.15518008201458],[127.41081284184045,35.15411384922244],[127.41164359731735,35.15345080264512],[127.41089376556879,35.15171416198613],[127.41079202582189,35.15115623782969],[127.41088103886801,35.150781598247846],[127.41019658215535,35.14973284727671],[127.41033044614242,35.149276655901275],[127.41087535272277,35.14875682024127],[127.4107615297487,35.14749658796247],[127.41044281981729,35.14644251860877],[127.4099776579703,35.14548809918701],[127.40943653510695,35.14518205751509],[127.40797164672756,35.144680386705396],[127.40740929812155,35.144275961787784],[127.4066534074214,35.14429032629928],[127.40579657745147,35.14376223077647],[127.40471684399274,35.14378540599902],[127.40435223149845,35.143524948062826],[127.40407489861272,35.14302083474431],[127.4041243837766,35.14262322939066],[127.40444906137346,35.14212260425484],[127.40383308140865,35.14168313402514],[127.40318393796802,35.1416795101438],[127.4029553795912,35.14150309828752],[127.40216669063756,35.14031452100542],[127.40215435003682,35.14010485384157],[127.40193785344557,35.13983572292944],[127.40182441584622,35.139533163535205],[127.40147015090061,35.139103379867706],[127.4005274115861,35.13897452142874],[127.40011724330937,35.138680535138455],[127.40111125069468,35.13684625817218],[127.4012822676855,35.1363368547172],[127.40178358352402,35.13563932078854],[127.40083152728833,35.134473104180636],[127.40021787804136,35.13386122373385],[127.3996906211714,35.133386927065466],[127.39922110081729,35.133184826573306],[127.39905895950598,35.132840024111296],[127.39783388971404,35.13206591853458],[127.39710492434297,35.1312453937942],[127.39675360001684,35.13059404296312],[127.39632168716781,35.13043645236882],[127.39610281615025,35.13023449649442],[127.39573699061064,35.129594744953216],[127.39611482783576,35.12934704967163],[127.39561399036388,35.12868886295094],[127.3941666681735,35.12766025115701],[127.39394380666025,35.12762308039165],[127.39327064892441,35.12780947659595],[127.39287194888207,35.12753120155548],[127.39243120968877,35.127420233993405],[127.39178650723436,35.12746133183659],[127.39155538567024,35.12723772045379],[127.39053563009153,35.12703339845366],[127.38903628079505,35.12719820163697],[127.38728384897733,35.12589894987746],[127.3861499112468,35.12623098008884],[127.38594311896954,35.125817996642866],[127.38617601475781,35.12511181388983],[127.38645215079954,35.12477813034296],[127.38640703733832,35.124372106510705],[127.38651019179895,35.12392603283579],[127.38652053364878,35.12196950511079],[127.38566138707496,35.121454512261415],[127.3851024436927,35.12091377624129],[127.38461555409458,35.12060364630284],[127.38410733792513,35.12053427013846],[127.38394306607682,35.12037409528948],[127.38390601519409,35.1198919880875],[127.38357723604986,35.11933953976345],[127.38383006632309,35.118532165739126],[127.38369374173753,35.1181892434018],[127.38328454391177,35.118067858923816],[127.38297339359865,35.11787533583089],[127.38278662570661,35.11770480161503],[127.38268632675968,35.11736782126612],[127.38236762352692,35.11683828634065],[127.38206725921447,35.11671318438384],[127.38216188638334,35.1155722506451],[127.382413919809,35.11488783577963],[127.38290601075796,35.11452251064903],[127.38306427450692,35.114317089759176],[127.38304623950746,35.11331439851072],[127.38251905703412,35.1118117771091],[127.3815204678019,35.11135718609168],[127.38105532634582,35.11128653508642],[127.38106911133987,35.110380061885024],[127.38089354307692,35.11014105870641],[127.38025825057721,35.10811513148289],[127.3788291046473,35.107824818252396],[127.37827947366162,35.10648421111902],[127.37817594590729,35.10521433305708],[127.37805054966843,35.10489080224983],[127.37773609317355,35.104783751243765],[127.37733603172755,35.10443317511438],[127.37701241924623,35.104347566610045],[127.3766414107085,35.104127179977084],[127.37681857350925,35.10322175119453],[127.37678963129554,35.10292806158936],[127.37636406241538,35.102580102732354],[127.37597996376205,35.101893572619986],[127.37606397572695,35.10130349285323],[127.37593498172906,35.100976725967264],[127.37576702579753,35.10097260249104],[127.3752920447903,35.10068576916247],[127.37318006639333,35.10060691276068],[127.37224687757772,35.099941225234936],[127.37199937826121,35.09985508214496],[127.37130056146135,35.09917767385531],[127.36909803086179,35.098423572793834],[127.36881786163691,35.09850230819199],[127.36844442495615,35.09841936045049],[127.36633343588878,35.09866121118226],[127.36597305032261,35.09839061715419],[127.36565027248608,35.09798161365294],[127.36440661030088,35.0978885823026],[127.36408637004348,35.09789686843836],[127.3631369437875,35.09846276388064],[127.36262353998329,35.0982712148688],[127.36185096148276,35.098137174068135],[127.36088218834152,35.09769768147467],[127.36040073532172,35.097672076357306],[127.35974134230517,35.09728629870047],[127.35958609767326,35.09693410112486],[127.35899381868788,35.096449530108245],[127.35814221216455,35.09650443468987],[127.35687665780173,35.0967678591795],[127.35660224987753,35.09710920531813],[127.35501001720378,35.09751862244635],[127.35477793209766,35.097664228115676],[127.35436493620398,35.097742461127055],[127.35316661628185,35.09770791430218],[127.3523330832529,35.0979022920285],[127.35177872722912,35.097865451961866],[127.35058311215705,35.09806424284197],[127.35010841111118,35.09873824710673],[127.3498072400988,35.09880108112276],[127.34915995296831,35.09854984647316],[127.34805344307674,35.098507811932095],[127.34687545865738,35.098176823941635],[127.3462083285867,35.098460820676415],[127.34517537777336,35.098468116020726],[127.34492227909341,35.09834659097908],[127.34463788810181,35.098365558211945],[127.34416931111393,35.098062116836],[127.34416869053105,35.09791381811218],[127.34399309301504,35.09764094104091],[127.34322153540076,35.096841756685684],[127.3425019075159,35.09648929727666],[127.34163027391037,35.096470059106444],[127.34095929866092,35.09524553315831],[127.340031445531,35.094222119593425],[127.33958065878845,35.09402620524557],[127.33915393506852,35.09368389606005],[127.33795422506932,35.0935861167775],[127.33759958853037,35.093352035202265],[127.33708132513073,35.0924954940458],[127.33682885930735,35.091851297134056],[127.3369098894792,35.09130208168743],[127.33668771464362,35.090815403654105],[127.33638200540217,35.090431620353826],[127.33609233324894,35.08906826592906],[127.33584169377323,35.08882418459554],[127.33576216159966,35.08843836949136],[127.33551630591091,35.08827750536075],[127.33530538346442,35.087900082844435],[127.33542449021894,35.08777779180814],[127.33544785120549,35.08712225821214],[127.3356180818241,35.086933350851744],[127.33604860418087,35.0859947585628],[127.33614648274718,35.08529381622596],[127.33658209006563,35.08459926883239],[127.33708520917223,35.08432366557738],[127.33733888414596,35.08297007472962],[127.33756448833988,35.08275214110602],[127.33787089218487,35.0819725965458],[127.33778272529112,35.08161286510083],[127.33788313190755,35.08128148064675],[127.33776843460868,35.08097082929013],[127.33750096571917,35.08075439689885],[127.33707428088827,35.080108004764526],[127.33685517327046,35.079988342173294],[127.33669515363283,35.07948486084158],[127.33641507262834,35.079115653057265],[127.33604001398847,35.07835335247012],[127.3356619327048,35.07802314465731],[127.33560890603405,35.077834428495166],[127.33501460205747,35.07737341368094],[127.33376461456193,35.07690052971137],[127.33303397406439,35.076233403244274],[127.33286789708721,35.07587825225931],[127.33261918180663,35.075590487067146],[127.33190809574386,35.07496570064952],[127.33164851105185,35.07427531540692],[127.33112802929739,35.07362817419448],[127.33093225542746,35.072785229409234],[127.3305266357534,35.072455079959695],[127.32851960039837,35.07224896813797],[127.32752460117003,35.071640550487615],[127.32703805240449,35.07176227946696],[127.32664130195742,35.07176109045308],[127.32555045367155,35.070905182838686],[127.32525120118817,35.07082485010696],[127.32498170888294,35.07064558552816],[127.32446195733047,35.07081569686079],[127.3242600602854,35.07053131371897],[127.3237289420829,35.07016401455741],[127.32318767139141,35.070091512720026],[127.32255496037578,35.069457863827274],[127.32199489087175,35.069527794706254],[127.3213754879121,35.06936239841186],[127.32039238925208,35.06989355574549],[127.32020813189989,35.07043950008078],[127.31982494288525,35.07075288291924],[127.31979734129517,35.071143776840394],[127.3196145480548,35.07140763499444],[127.31961647237847,35.07168310455868],[127.31866334308982,35.07222303864809],[127.31846836043343,35.07239269809883],[127.31816588330216,35.07289642165134],[127.31703043091575,35.07387453863552],[127.31659947303464,35.074158605847316],[127.31620060428251,35.07427991058353],[127.31461889979575,35.07460455647411],[127.3143255191413,35.07494022396407],[127.31310909771564,35.075638811142156],[127.31253728864046,35.07547156199211],[127.3120462196947,35.075451124943015],[127.3112233484962,35.07576110768445],[127.31078796167913,35.07583235401286],[127.31009382090771,35.07634494256552],[127.30994723415891,35.07635841234159],[127.30920101905338,35.076189049296964],[127.30873156506463,35.07585771807419],[127.30711576110866,35.075922084153696],[127.30668515413407,35.07645088932551],[127.30636750660148,35.07653702950893],[127.30546353899842,35.07651479965259],[127.30486415358055,35.07657587177135],[127.30438783312843,35.077120836449446],[127.30299015827,35.076826590463654],[127.30243653748248,35.07680190735885],[127.30206288524657,35.07689607978155],[127.30045718925119,35.076215851959745],[127.29956457484855,35.07775838798696],[127.2992252600929,35.07881326544224],[127.29921365770022,35.07920214175572],[127.2988228562732,35.07991066998377],[127.29891255795765,35.08045690078878],[127.29858359883244,35.081352155535406],[127.29858945539225,35.08173973617011],[127.29794329615305,35.08185905364792],[127.29656073812576,35.08263957105957],[127.29626510518105,35.082667195631785],[127.29559034064813,35.082937124609934],[127.29523057232717,35.08323150702225],[127.29473230874747,35.08346453423294],[127.29451711237898,35.08384742132123],[127.29385879948354,35.08446080968589],[127.29358346538227,35.08469709813258],[127.29294861997784,35.08502170979872],[127.2927290637445,35.08552966748525],[127.29249685506143,35.085711633371936],[127.29256983777988,35.08595103086481],[127.29251503473262,35.086248323407226],[127.29218837931143,35.086465424942695],[127.29183333917541,35.08631332313019],[127.2911304964291,35.08641135087497],[127.2907584428993,35.08619477681892],[127.28946584401666,35.085994208961694],[127.2885575108918,35.085731154987414],[127.2882438713975,35.085756270327764],[127.28708607574659,35.08485130468606],[127.28600872976294,35.08500508571156],[127.28578477296777,35.08515166805008],[127.28515474246365,35.08474864818426],[127.28442530365747,35.08452923937054],[127.28382580197369,35.08458133840851],[127.28338181504436,35.08471391667805],[127.28332859122189,35.0848805128734],[127.2828111475461,35.08512917422518],[127.28223824892038,35.08484388728696],[127.28210272570989,35.08519601105602],[127.28168279731509,35.085400924647274],[127.2815125811299,35.08623267995523],[127.28168781433487,35.086418884062546],[127.28154914441846,35.08690410992955],[127.28117310190335,35.08717326779062],[127.28089121536387,35.088469490024174],[127.28079608475569,35.089913293414696],[127.280673159102,35.09014342362716],[127.27972512020446,35.09106161995817],[127.27929775737756,35.09120624996657],[127.27753790710527,35.09072606755494],[127.27602947968606,35.089584898629475],[127.27575096090644,35.089512852320425],[127.27562621577621,35.08869220181583],[127.27573967045268,35.08839084516747],[127.27547355134936,35.08792328895979],[127.2745489876011,35.087462164825666],[127.27433347286231,35.08726730691331],[127.27240534514885,35.08617351935163],[127.27213159568818,35.08618652443329],[127.27208782321136,35.08637336645387],[127.27143653661484,35.08568513163027],[127.27092111401599,35.085780650958675],[127.27026467887416,35.085718029967886],[127.26862920326596,35.084705349695156],[127.26830888904956,35.08457070596466],[127.26794930666956,35.084590650666634],[127.26716526192288,35.08389748426683],[127.2669961271702,35.08383885137543],[127.26619000513178,35.083788073651235],[127.2657444752449,35.08398002602795],[127.26585876703835,35.08340219301432],[127.26559007970094,35.08306772408747],[127.26498705963795,35.08272201142921],[127.2644860958024,35.08256325132131],[127.26404302269464,35.08255970472211],[127.26350127434726,35.082186107963345],[127.26341674626548,35.082327552130195],[127.2634670583262,35.08220181160404],[127.2628344272716,35.08206627738344],[127.26228403864633,35.08172099668547],[127.261440637169,35.08200899981138],[127.26119812329688,35.082580613466504],[127.26091753657131,35.082813603858966],[127.26035346881946,35.08296197459317],[127.25957189942581,35.08357938900564],[127.26030788187877,35.08518549025508],[127.26014566395298,35.085465673012905],[127.26014365964315,35.086296490255265],[127.25960241327547,35.08733392188041],[127.25897477649993,35.086952177501786],[127.25811868482445,35.08534562860228],[127.25842928808149,35.086370549911265],[127.25844666965283,35.0874335614835],[127.25952710170527,35.087686181136604],[127.2603164332493,35.08810729158077],[127.26095955675734,35.08866856505041],[127.26136143570567,35.08923373246963],[127.26156288206295,35.090677029454476],[127.26142146907736,35.09162657460528],[127.26125263233916,35.092152961469914],[127.26028369131124,35.09357806703704],[127.25991853389125,35.09455512826316],[127.2605194810512,35.095153818535216],[127.26058618410534,35.0957091302636],[127.26038898620712,35.09637162809328],[127.26004904260637,35.096925005305636],[127.25980995266575,35.09718395308764],[127.25907128927629,35.09769985872609],[127.25854157733595,35.09796421676629],[127.25805110868006,35.09899688050042],[127.25752692136375,35.09955163161269],[127.25617628839376,35.100407109380036],[127.25536459620737,35.100658371683934],[127.25307042473081,35.10203307781783],[127.25283345240203,35.10260438267436],[127.25272477444172,35.10315232824719],[127.25133379751351,35.10441260006414],[127.2490468791739,35.10717291945888],[127.2482305781272,35.10802439447623],[127.24679399163973,35.11024254444091],[127.2456725518031,35.11017410628463],[127.24551701035526,35.11014047443101],[127.24540562833059,35.10997733610415],[127.24542792382792,35.10981026034088],[127.24563935619119,35.10955885147753],[127.2461539997508,35.10926008578385],[127.24611545366344,35.10914946761683],[127.24584085865983,35.10896876709822],[127.24574469408277,35.10856418770499],[127.24537470199343,35.108109331475355],[127.24549693424726,35.10766318272999],[127.2459910822853,35.107160535699194],[127.24578375201858,35.10665970785986],[127.24597393504283,35.10537825773641],[127.24584233169445,35.10383663941956],[127.24564051980646,35.10310891839916],[127.24536377583757,35.102545710610435],[127.24579590159816,35.10217105549403],[127.2457624259748,35.10186536357382],[127.24548781594478,35.10143932081477],[127.24533271874519,35.101379773638854],[127.24383395762821,35.101515315021366],[127.24362905587883,35.10141839583163],[127.24354124299825,35.10122013659004],[127.24305233966696,35.10111449008822],[127.24305320250328,35.101343632178654],[127.2428828388507,35.1015105785252],[127.24284985267619,35.10171683038217],[127.24247034323795,35.10162703512256],[127.24190907313448,35.10167800388362],[127.24177244329226,35.10160587713026],[127.2411497947185,35.102109338639416],[127.2412619378246,35.10312681604281],[127.24143980122388,35.10382121444813],[127.2411068241877,35.10493533213134],[127.2412207108345,35.10573041229286],[127.24142397764602,35.106022817240486],[127.24142675628003,35.10697078966362],[127.24168855302196,35.108114574077106],[127.24108766762517,35.108343356570764],[127.24058492692136,35.10844053298428],[127.24031950051146,35.10863415478568],[127.23959111628096,35.10893429839205],[127.23922807542138,35.10897698713683],[127.23861318125567,35.10934604511948],[127.2379609512412,35.109311553781815],[127.23771389464707,35.109461607025025],[127.23762603788037,35.10966065380556],[127.23738837647926,35.10962322361978],[127.23659243977328,35.11003868342718],[127.2363313998635,35.11003440320316],[127.23621893548905,35.1101375742732],[127.23508755430116,35.110306511454354],[127.2352515980884,35.11127530038535],[127.23467946502697,35.11186580125921],[127.23480041681444,35.112329488875865],[127.23460542439726,35.112648016683785],[127.23402544714608,35.112957422575604],[127.23367230282317,35.11305879936787],[127.2334118693844,35.1140536049531],[127.23295772508023,35.11431826466178],[127.2325399811268,35.11472890043822],[127.2322841264618,35.11511006777101],[127.23221791657237,35.11539482485224],[127.23135018707762,35.115602803536824],[127.23064643912716,35.11548949244763],[127.2298508143901,35.11549522147268],[127.22817263003465,35.1160531309554],[127.22784966439815,35.11634850586912],[127.22736655106944,35.11649798721652],[127.22652913317658,35.116643627039025],[127.22586086531403,35.11665654782743],[127.22499237040199,35.116908423656845],[127.22476169178422,35.11704743269546],[127.22428150511801,35.117143238465786],[127.22346961493598,35.117095585922414],[127.22208967026435,35.117238095570265],[127.22138015035937,35.11778188564772],[127.21949784298779,35.11845201191154],[127.21943039610863,35.11887098534304],[127.2189343994769,35.1196039415361],[127.21878979455988,35.12027473012519],[127.21891404417376,35.120650400637146],[127.21882491792717,35.12110757605406],[127.21858872308495,35.12149966647664],[127.21810529239785,35.12187036772581],[127.21832247613382,35.12303358682931],[127.21811202725578,35.12324957713491],[127.21806159773705,35.12433637084716],[127.21872171592976,35.12555581665966],[127.21911028849472,35.12592736175235],[127.21929418451892,35.1265533210958],[127.21937906560923,35.127532412259335],[127.21968268968892,35.128763912491166],[127.21951814037574,35.12909333921024],[127.21892862848514,35.129620565415664],[127.21863234831027,35.12947434676459],[127.21843050152684,35.12951033895005],[127.218084121087,35.12960644824516],[127.21777487508677,35.12987135050865],[127.21735237434888,35.13003096798944],[127.21699928738123,35.130377212582694],[127.21667657699761,35.13054368983189],[127.2162365514161,35.13134357711597],[127.21595132634712,35.131556045159975],[127.21593379561891,35.131669872432184],[127.2150375776675,35.132213963448336],[127.21462216800667,35.13260043946373],[127.21383726564677,35.132840821058615],[127.21348185491264,35.13269891146499],[127.21277970838688,35.13278999455611],[127.21244498144843,35.132758471349256],[127.20665465439961,35.129734501473976],[127.20566590812649,35.1292823924405],[127.20416763123411,35.1290142211453],[127.20063894125204,35.13021817357186],[127.19877811272576,35.1312396066915],[127.19783502700325,35.13165745709216],[127.19554646943119,35.13075738948864],[127.19502146500703,35.130656970630405],[127.1936564115331,35.130610974701675],[127.19220122729998,35.13006668190845],[127.19187861870223,35.12927061485091],[127.19222867765477,35.12853278996239],[127.19168702628355,35.12752650980444],[127.19079963646223,35.12690132058112],[127.1903697537299,35.12573318291189],[127.18942632430797,35.12479892324336],[127.18926071522652,35.124716372114335],[127.1882357803383,35.12456275117234],[127.18771817008069,35.12406963061287],[127.18746334780327,35.123272184680246],[127.18808777169814,35.1227254701025],[127.18816152701217,35.12207145748333],[127.18868130604855,35.12164222219249],[127.1883950494129,35.121040592454435],[127.1895752884043,35.120099514926935],[127.18948317081293,35.11999446011134],[127.18965969378974,35.11923619762234],[127.18867863499509,35.11867690057533],[127.1875590685285,35.116896187277675],[127.18772172368621,35.11659468520685],[127.18859510694072,35.11618167120622],[127.18927295128871,35.11488661324674],[127.18915993358243,35.11373951952635],[127.18952836152087,35.11355699144459],[127.19038761516933,35.11245824985074],[127.1908399026297,35.11229825580633],[127.19049303394648,35.11023721587293],[127.19014358748993,35.1092058470535],[127.18929053075831,35.108431578366705],[127.18870611693058,35.10828770587556],[127.18848072567425,35.10813129830384],[127.18758768336052,35.10656627933044],[127.18761116812216,35.10559235004372],[127.1869888626289,35.104292946749425],[127.18762942812779,35.10359453660365],[127.18769460037818,35.102866307876944],[127.18726006324961,35.10191561483673],[127.18697428383443,35.101644093747],[127.18675056820139,35.10107967878003],[127.18615859120328,35.10059652387362],[127.18536843396069,35.099770446282854],[127.1843295478666,35.09936569253238],[127.18346417046827,35.09921897314726],[127.18306740733783,35.098891139350584],[127.18328235567405,35.09860350806239],[127.18348247851118,35.09774508406976],[127.1829740232671,35.097349102913654],[127.18252549616173,35.09669938664465],[127.18250754304401,35.095786648778315],[127.18215947278199,35.0953002882011],[127.1816890506853,35.09496916994146],[127.1821663181005,35.094053576517716],[127.18262642653005,35.09251480434648],[127.18462508183237,35.092585316673485],[127.18585121748517,35.09225065700495],[127.18555457892688,35.09162916736495],[127.1857875817943,35.090931383743204],[127.18575206571697,35.090070491265855],[127.18532752733125,35.0892589268559],[127.18487177460821,35.08866204027134],[127.18510751069833,35.086503764947864],[127.18536358463835,35.08570299286857],[127.18511208256757,35.084722717172866],[127.18488247502947,35.084252669757554],[127.18495322042172,35.0828700954295],[127.18533073279477,35.08213659731934],[127.18559259786619,35.08186072487537],[127.18528755681082,35.08121994807239],[127.18536527059614,35.08103617721562],[127.18530961118326,35.08036164435316],[127.18550831178484,35.07988489050649],[127.18534631190226,35.07854407663712],[127.18594193173847,35.07797643878069],[127.18575195558542,35.07676607726212],[127.18529840069486,35.076278198661946],[127.18522027129056,35.075663414735025],[127.18538777576305,35.07525896136941],[127.18497913261406,35.07447356269628],[127.18510850211548,35.073413135562326],[127.18479171422682,35.07255844410815],[127.1851718342363,35.0722456268278],[127.1850476536661,35.07171541517812],[127.18536635301815,35.07128678348209],[127.18557687955808,35.07075000657497],[127.18555057096927,35.07009289702237],[127.18564704595063,35.06919293462799],[127.18627102283459,35.069003969322274],[127.18671361900218,35.068674854314565],[127.18720766042406,35.068528473873805],[127.18743310656934,35.068154205467216],[127.18768367063235,35.06805635634969],[127.18887925824114,35.06688809229386],[127.18964714669914,35.066718879588834],[127.19038798209328,35.06611029672592],[127.19139975276576,35.065627891461176],[127.19178210177945,35.064897329125564],[127.1921732319707,35.064480815135276],[127.1924049604829,35.064027090047816],[127.19196694754328,35.0638735638625],[127.19133985801041,35.06321683752944],[127.19121133161578,35.0625914269289],[127.19045116054633,35.06178616954799],[127.19011973061609,35.06089939757164],[127.18968165775468,35.06018532022234],[127.1896880969549,35.05970955988344],[127.1892415880858,35.05912239781121],[127.18885717642266,35.05887652236699],[127.18797210879565,35.057797362412124],[127.18778199887717,35.05780357696206],[127.18609904653248,35.05653422947622],[127.18582679646347,35.05619170939304],[127.18544714709682,35.05614749690011],[127.18533695591076,35.055431643930845],[127.18539571190702,35.054977769993506],[127.18607003810035,35.05346469988243],[127.18652550581514,35.05311035399618],[127.18649071665946,35.05271746388557],[127.18611353738059,35.05239524087559],[127.18545450179397,35.05201781150059],[127.18538187293574,35.05186130879529],[127.18501622695086,35.051561166082685],[127.18474028764602,35.051088085107445],[127.18456886209286,35.050555264833086],[127.18431494232509,35.04927782219811],[127.18387936194162,35.04871202147287],[127.18409851539664,35.04753231269229],[127.18387474222702,35.04702392514893],[127.18504222065165,35.04618488214676],[127.18472804635904,35.045456518468185],[127.18447642819784,35.04535690039565],[127.18429731612517,35.0446736796399],[127.18394216327148,35.04422099644934],[127.18390420064317,35.04401543289526],[127.18411964164147,35.043866806262685],[127.18415490088391,35.0432470523776],[127.18433349250876,35.04269526178306],[127.18452129369213,35.04251470449261],[127.18475903102319,35.04153607038675],[127.18445217677042,35.04100909652579],[127.18407590753223,35.03960521091888],[127.18441930792936,35.0385557320486],[127.18374717264957,35.03654415336262],[127.1828077611184,35.03583669563895],[127.1834256583318,35.03464287772883],[127.18456914094514,35.03356570406376],[127.18494618856195,35.03272333393642],[127.18540905847202,35.031058196307484],[127.18584583569297,35.03006194083044],[127.18731462026474,35.0279592230814],[127.18649458575884,35.02701811840394],[127.18710949466625,35.02591257404188],[127.18677176014364,35.02457891842965],[127.18675634762452,35.024046848289736],[127.18651795941516,35.02371229783805],[127.18637980899734,35.023337879635534],[127.18639023506577,35.023104489298625],[127.18613387745299,35.02269743193768],[127.18633369341738,35.02209869702333],[127.18643960631327,35.0209264706909],[127.18569781706631,35.02002847898056],[127.18645818898082,35.019374529385104],[127.18667598733104,35.018931820923235],[127.18703161917692,35.018726918184846],[127.18703046972823,35.01844608785197],[127.1865275982586,35.01704930246634],[127.1862997936173,35.01570688157224],[127.18706662930738,35.01421914656164],[127.18767717179998,35.01236870761921],[127.18625767781059,35.01228101930836],[127.18518176912349,35.01204914254909],[127.1844139868135,35.011499760575695],[127.1839912267144,35.01129814671414],[127.1834725864082,35.01116428712757],[127.18254160737783,35.01112990420766],[127.18244569457762,35.01063936121187],[127.18192577013455,35.010384230478834],[127.18159664553849,35.00994149522664],[127.18122333093056,35.00909362921945],[127.18035891753519,35.00832859316977],[127.17941356889942,35.00796154566036],[127.177878762102,35.00651158880671],[127.17751428330567,35.005687359104556],[127.17814720169673,35.00549334667819],[127.17836199166203,35.00500023355914],[127.17811982655657,35.004624964859254],[127.17809070053453,35.003892503790176],[127.17790805046604,35.0030908240522],[127.17795564720141,35.00253936492831],[127.17771938258493,35.00219380503848],[127.17690750839687,35.00169063404109],[127.17662832838238,35.00032094473658],[127.17665050812901,34.99988796771103],[127.17643663381753,34.99936125489226],[127.17604539169861,34.99921013450596],[127.17588746995135,34.99867516895918],[127.1757569214065,34.99853155510347],[127.17577481641028,34.99793056797891],[127.17638503316302,34.99730971387207],[127.17640469303201,34.99689688182965],[127.17656917806977,34.99641975312814],[127.17731996082136,34.99559067142727],[127.1773209698134,34.99541729894402],[127.17785291604551,34.99470499785061],[127.17749654844592,34.99381244818625],[127.17710123269008,34.99366837674706],[127.17703216115193,34.99354030981528],[127.17686472390619,34.992550307101986],[127.17568444194096,34.99211441483439],[127.17551713370949,34.99166509254084],[127.17560683981054,34.99046542783326],[127.17524456136823,34.990072576569155],[127.17516690108114,34.98952116123632],[127.1748839187993,34.98907242694576],[127.1748958284894,34.98863298791195],[127.1758116737886,34.98754833164933],[127.17575169144986,34.986946039974015],[127.17618027460442,34.98657290206917],[127.17754641861967,34.98577264901982],[127.17808993644891,34.98569467451088],[127.17883458668834,34.98540570600274],[127.17922597194126,34.98509387888027],[127.1782212071382,34.98410820049037],[127.17817482645198,34.98354828618088],[127.17774421071978,34.982800902712455],[127.17742897603522,34.981989983195746],[127.17663075724718,34.981139329123636],[127.17621581489047,34.980506428654806],[127.17567577143664,34.98002496218774],[127.1755165881912,34.9795219681265],[127.17493420233073,34.97851170571013],[127.1748433747892,34.97812354331228],[127.17526002410223,34.977628878630554],[127.17563286553506,34.97746088592467],[127.17587654438968,34.97787291754551],[127.17705647844566,34.97679702405024],[127.17757275576423,34.97649346666782],[127.17717745838455,34.9762393994422],[127.17787453173588,34.975746153750954],[127.17848066429345,34.97489867703676],[127.17872996528745,34.974743104662295],[127.17891544211088,34.97426144236708],[127.17934235981731,34.97410954760087],[127.17955997014988,34.97385487741059],[127.17979491776178,34.97323060590787],[127.18041897422154,34.97253815747427],[127.1808338301857,34.971806867853616],[127.18155389513028,34.97113342593921],[127.18195640157819,34.97054565973014],[127.18250708472327,34.96996486408694],[127.18349546003391,34.969136116615786],[127.1833800090571,34.968386691778896],[127.18495755160409,34.96803018377219],[127.18602699669371,34.96805635212808],[127.1862198168551,34.96824257289574],[127.18661144930783,34.96826446581576],[127.18684858263697,34.96823024830288],[127.18701836504016,34.96798386685557],[127.18775332512777,34.96781814042146],[127.18789453319246,34.967899336320635],[127.18847117031373,34.96785150563481],[127.18881655108108,34.967912826033526],[127.18905099951682,34.96785943585403],[127.18949682791136,34.968281394817055],[127.19010912151676,34.968496975266184],[127.19046563444991,34.96880754156474],[127.19107141116619,34.97056882417261],[127.19110802695681,34.97111888003066],[127.19091573621802,34.97144634502988],[127.19100271235168,34.97191556769507],[127.19068226740447,34.972577058908676],[127.19077486478649,34.9735332252512],[127.19061335328011,34.97431934549623],[127.1905724975458,34.97581118417402],[127.19091952232351,34.97879146170704],[127.1889062107907,34.97956377036883],[127.18875381572155,34.97997050058057],[127.18870100477363,34.980565862246216],[127.18875500481921,34.98097818702535],[127.18889892921871,34.98127007478995],[127.18922337309297,34.98158620113522],[127.18981519036504,34.98173171348098],[127.18979245366222,34.9821712344201],[127.19011023862262,34.982579687412574],[127.19074379800166,34.98316078516456],[127.1913635775242,34.98352399228112],[127.19173094890793,34.98385363738102],[127.19240747929595,34.98456977554642],[127.19287043937969,34.98528994215087],[127.19305911913621,34.98532478036761],[127.19482395839167,34.98620019548697],[127.1951622164309,34.98652729834355],[127.19680010912305,34.9872968490229],[127.19752840380006,34.98730830333336],[127.19752122388444,34.98749853249366],[127.19820945581068,34.98751897096508],[127.19812426408025,34.9872431972258],[127.1988209913987,34.98701667689746],[127.19994690326645,34.98648783263722],[127.20048713017147,34.985871576971526],[127.20077279061758,34.98531174915367],[127.20120950275783,34.984811433091565],[127.20158016129503,34.98406120010317],[127.20257865287502,34.981194192825406],[127.20249353781756,34.980625977995324],[127.20264878663096,34.980410318487095],[127.20270814149517,34.97994804646056],[127.20328126104576,34.97862786331088],[127.20363843468785,34.97747571152587],[127.20395010960934,34.97686306541416],[127.20390019294913,34.97664002083689],[127.2042244915814,34.97629911915234],[127.20498021420777,34.97501091817553],[127.20568843383509,34.97439432094396],[127.20562458221623,34.974368964222506],[127.20675618253206,34.97419228789123],[127.20904387260765,34.973021435778875],[127.20917681246185,34.97189323910515],[127.20901204857665,34.97141902522725],[127.20817960463202,34.970929751775195],[127.20727618432036,34.970717632093624],[127.2069227695539,34.970812740218776],[127.2062476070174,34.970541348416845],[127.20601220719992,34.969655435483844],[127.20549409860268,34.96881633721083],[127.20518142864013,34.96864770908554],[127.20477608543439,34.96822473934377],[127.20369409135446,34.96745755971251],[127.20444895413947,34.966422803696766],[127.20473990875254,34.96632401229985],[127.20486564317068,34.96603986663252],[127.2052077554743,34.96566381362865],[127.20563636898561,34.96547393898671],[127.20607193557599,34.96505153056054],[127.20717740953415,34.96481248196735],[127.20752887047092,34.964284028269155],[127.20786667683846,34.96404120387807],[127.20819767170659,34.9630009556039],[127.20862754926789,34.962164461524964],[127.20888016143529,34.96186165312919],[127.20905354870594,34.961217706651034],[127.20977892820935,34.96027170841138],[127.20986481093483,34.959934101162844],[127.21053012472231,34.959597337474875],[127.2109322667698,34.959169754149784],[127.21071343123744,34.95868662565433],[127.21061812943007,34.95821102644184],[127.21101468708746,34.95828076803204],[127.21206583429621,34.95824331371868],[127.21250420611379,34.9583407222276],[127.21279632275011,34.95798036440626],[127.21360591448611,34.9577445935042],[127.21409236002589,34.95784586025765],[127.21484995072058,34.95787579163055],[127.21565280793293,34.957488757887035],[127.21652075456032,34.95693695713816],[127.21865819774344,34.957103289417866],[127.21903658524663,34.95722373980864],[127.21925313055732,34.957082780808506],[127.21962756493836,34.95706648368293],[127.21978378827674,34.956498471739245],[127.22124196014173,34.95540079731113],[127.2214579675341,34.954486214693496],[127.22177921491546,34.953715229545104],[127.22164272941357,34.953340132264984],[127.2220084295431,34.951857820375466],[127.22234343954197,34.951631721117124],[127.22265349599802,34.95109525802424],[127.22267525070004,34.95046833750841],[127.22310972691481,34.9502761414899],[127.22325561238236,34.950011093814986],[127.22326464116658,34.94974178902789],[127.22387062698374,34.949278018794274],[127.22403443368708,34.94868252611835],[127.22479159431457,34.94719906327194],[127.22445329602333,34.946646316319324],[127.2243855564133,34.946262649386085],[127.22440439741658,34.94589501200274],[127.22470358082646,34.945083649843355],[127.22393414634489,34.944294520493735],[127.22356944510656,34.94282606670965],[127.22349589711634,34.94206354864458],[127.2235222339508,34.94180758847688],[127.22377762776281,34.94137812518192],[127.22366353549012,34.940737927141996],[127.22379539189255,34.93990939441257],[127.22481292285434,34.93916726544461],[127.22537640519894,34.93889229708659],[127.225497647497,34.938692362626895],[127.22598751301669,34.93839356872064],[127.22648790111646,34.93787307498438],[127.22717593180457,34.93761349812755],[127.22741285539489,34.937445453631646],[127.22812504679206,34.93732864187461],[127.22871697958887,34.937142472547855],[127.22902460275023,34.936750353078914],[127.22976015636962,34.93648785956685],[127.23040738106278,34.93675593039157],[127.23086795180801,34.93656858306102],[127.23122864779985,34.93656452120342],[127.23185955278109,34.93674473008641],[127.23203303798233,34.93646103236243],[127.23231756897498,34.936439922549084],[127.23269625876326,34.93553866428125],[127.23255562725586,34.934667823504014],[127.23233777587004,34.93437022206924],[127.23374578326879,34.93357446294329],[127.234630103545,34.93229364845002],[127.23481255747228,34.9314385231173],[127.23513751150055,34.931085095944496],[127.235031549895,34.93074826253883],[127.23535987309029,34.93025666377468],[127.2356822150467,34.92946803300222],[127.236174189959,34.9290929994789],[127.23722894129467,34.92800310106059],[127.23694498953809,34.92713621140955],[127.2364396559522,34.92677451702025],[127.23656975915603,34.92550669030124],[127.23696453425701,34.925001996394464],[127.2382671652552,34.9240810413333],[127.23827851746236,34.9237469382559],[127.23853060930429,34.92358151989957],[127.23877844437135,34.92318499307277],[127.23906355419169,34.92248923155745],[127.24044281501544,34.92112993880754],[127.23929566707935,34.92103388428853],[127.23864906103192,34.92053319257891],[127.23765323292658,34.92018979278447],[127.23724903665578,34.919901133228535],[127.23662452425606,34.920067694022066],[127.23605758758661,34.919912597473036],[127.23465542082306,34.92008699283751],[127.23410106584835,34.91972777982185],[127.23336383610346,34.91951932797589],[127.23274111907546,34.91855279387456],[127.23254512038638,34.918052193378685],[127.23215754149122,34.917825743998016],[127.23202348513513,34.91764150233038],[127.23223462835975,34.91683745993175],[127.23224223667826,34.916439707937975],[127.23285767379664,34.916153743926166],[127.23250767987699,34.915918931225306],[127.23225450839104,34.915632094804714],[127.232079332449,34.91517426969628],[127.23221732283254,34.914869221260965],[127.23191663386928,34.91459134396534],[127.23150754291036,34.91375890254206],[127.23171397639197,34.91341345097252],[127.23140271614885,34.91314066717297],[127.23123408243005,34.91256873947474],[127.23127918760412,34.91231345296979],[127.23018875360144,34.91128524973488],[127.2303163239314,34.910923750845726],[127.23034932515401,34.910434540865836],[127.22966834076502,34.909758373488614],[127.22938001706324,34.909237235505174],[127.22963565637252,34.90838607853187],[127.22940337486659,34.90822242548741],[127.22944219166298,34.90797897749958],[127.22995024688349,34.90751958561911],[127.22980785412506,34.9070987330236],[127.22981308888014,34.90651943606891],[127.22964097995491,34.90641863241736],[127.22926237076712,34.905946680906084],[127.22869610419251,34.90568872663134],[127.22777053987352,34.904892732571334],[127.22811850570798,34.90410490914993],[127.22861806364156,34.90348610953221],[127.22871403748414,34.90276579137718],[127.22857121236889,34.901499045915244],[127.22776132443376,34.901473947561],[127.22721564545834,34.90090988961727],[127.2261297947764,34.90030530180968],[127.22541738544496,34.899338603977185],[127.22490351903339,34.89927927375425],[127.22510255130899,34.8990479262518],[127.22569414077616,34.8987050107637],[127.22636682867628,34.89795265670909],[127.22673011960346,34.89664862632078],[127.22679177579307,34.896002043169155],[127.2270117125436,34.895478404548726],[127.22740045494119,34.89498276452968],[127.22825910649094,34.895052005742315],[127.22915242269545,34.89547568419988],[127.22938054338043,34.89525920213689],[127.2302447153161,34.895277859915545],[127.23110428831491,34.8949372346256],[127.23228780511623,34.894843014830116],[127.23301897136753,34.894315445840846],[127.23428146493512,34.89417078556296],[127.23458052909868,34.894079225895155],[127.23520109162502,34.894277746431214],[127.23545563251743,34.894098808207794],[127.23611553606476,34.893950356832654],[127.2369815222024,34.893232922975244],[127.23739193045533,34.89298550632044],[127.23739647024662,34.892545375007096],[127.23749352196593,34.89235152258225],[127.23792783208432,34.891979557450775],[127.23858248393289,34.89083323508535],[127.23962386684995,34.889555161619526],[127.24020244332905,34.88907305283894],[127.24084419034564,34.88886700345847],[127.24084349124061,34.888211097783774],[127.2412172524101,34.88760332754675],[127.2420426172233,34.88729776538049],[127.24231498840868,34.887385959084185],[127.24268678454183,34.88710268943444],[127.2428087642461,34.88667498900889],[127.24378241893439,34.88652333073239],[127.2441836127294,34.88635986504825],[127.24501675389831,34.88580229189122],[127.24619289795916,34.88551796515823],[127.24687358451219,34.885718838325324],[127.2477168045146,34.88653852692942],[127.24810969447577,34.88634436370391],[127.24890097389007,34.88614303412227],[127.2495073977252,34.88585686810351],[127.25003381597146,34.885787205871544],[127.2505561273243,34.88589388015582],[127.25141356900703,34.885812545227104],[127.25165004821622,34.88567502007705],[127.25170229150078,34.885259568949046],[127.2520104299752,34.88446260806575],[127.25251125525102,34.88413171922308],[127.25320359834747,34.88417212109588],[127.25619670646073,34.88532516680055],[127.25714357405859,34.885258107457425],[127.25734083963553,34.885650780553114],[127.25757121667041,34.885753387643575],[127.25830157232456,34.88586227629505],[127.25829099973768,34.88680621843623],[127.258833565399,34.88737238901622],[127.25910331590698,34.88792940961405],[127.25945352424034,34.88835880202222],[127.2596897395091,34.889338140295976],[127.25961212593235,34.88960816377144],[127.26151609156848,34.890685207324594],[127.26201114817832,34.89129244213305],[127.26217659730766,34.89177250188147],[127.26261295215838,34.89213817900632],[127.26283865604704,34.89199755460208],[127.26353936594424,34.89104352771916],[127.26370670339956,34.890448960638885],[127.2641896293559,34.8901414447471],[127.26453344957032,34.889468452411855],[127.26490449384842,34.889347655607374],[127.26608554983919,34.88964578544549],[127.26668707632925,34.889493915060505],[127.26790484463653,34.88967054769912],[127.26918756405632,34.89032194111827],[127.27010882840625,34.89051145420308],[127.2708900851014,34.89080310085483],[127.27207162203968,34.890244146642345],[127.27276510125061,34.89024569261778],[127.27388823205948,34.89007417888866],[127.27582149543086,34.89064826249321],[127.27708973881727,34.8915966492727],[127.27755614016219,34.892291203103866],[127.27840909159515,34.89269222044514],[127.27910770716791,34.89289414269491],[127.27971540331885,34.892949937329604],[127.2802468235093,34.89309547506886],[127.28074751500185,34.89385515334702],[127.281311800284,34.89501806420956],[127.28208826873286,34.89593963107001],[127.28242398587939,34.89683939822186],[127.28287935223086,34.897282279296256],[127.2840265923924,34.897586369647016],[127.28416551448612,34.897719993129776],[127.28451224877807,34.89783284240239],[127.2855866230476,34.8978721692058],[127.28593657760089,34.8978330415912],[127.28631889170671,34.89765693406746],[127.28656665103884,34.898365638658184],[127.28768254923388,34.89928370427035],[127.28852696607392,34.89970620414782],[127.28904534182023,34.899768075981136],[127.28998687500035,34.90023851508162],[127.29072491376922,34.90034633371597],[127.29050775418182,34.90062642521458],[127.29137586712893,34.90106829174392],[127.2919280042848,34.90168568688913],[127.29221409593026,34.901515712969605],[127.29290952020536,34.900830118463084],[127.29373105112442,34.900620682019955],[127.2948192391818,34.90054271330787],[127.29651378247685,34.90103607006136],[127.29778980413074,34.90123084762937],[127.29850496639051,34.90148570927688],[127.29924927549771,34.901575577197455],[127.29963594695721,34.901802932942985],[127.30047082178245,34.901594409791954],[127.30138947290003,34.900965825342],[127.30253701232581,34.90038399007144],[127.30353796068002,34.90113486019341],[127.30409572710906,34.90195853171342],[127.30452406089624,34.90240167770133],[127.3055517974889,34.90266417296932],[127.30566048757493,34.9028420694149],[127.30651464507051,34.903041334778486],[127.30747087181324,34.90208852508071],[127.30777577088078,34.9012372158482],[127.30889544185065,34.900205111221],[127.31012471897475,34.89955511405206],[127.31090150272432,34.89904892007407],[127.31205659221509,34.89818134366552],[127.31217771503188,34.89784399575846],[127.3126925465579,34.89742016151968],[127.31352654807874,34.89704464979718],[127.31367946284337,34.89661652095437],[127.31439715295369,34.89605003618618],[127.3147838949254,34.89521145100886],[127.31519831783126,34.89482152271043],[127.31552340755373,34.89467518994206],[127.31597586098432,34.894847258083104],[127.3164840153659,34.894521297811195],[127.31652866511043,34.893587964633255],[127.31667375524522,34.89290999595314],[127.3165517877969,34.89261834307214],[127.31653039728498,34.891760816384064],[127.31633471491281,34.89145640129428],[127.31636870504443,34.89135899018823],[127.31695626697459,34.8908863462299],[127.31778428186131,34.890486735524085],[127.31806063538333,34.890209118115926],[127.31911359928746,34.89003975822662],[127.31970792255495,34.88963905925536],[127.32018284191096,34.88948077482746],[127.32138741517552,34.88847368746156],[127.32195947271893,34.88842134218435],[127.32301442158378,34.88775856744051],[127.3232959331883,34.8876688102005],[127.32364595460044,34.88739633924792],[127.32380167991599,34.88713719138679],[127.32351651910187,34.88677330779011],[127.32337460383218,34.88632130292224],[127.32347316398757,34.8861331560848],[127.32392482643468,34.88575774663913],[127.32419106452727,34.88513211515277],[127.32417927169772,34.88491370348329],[127.32429553733714,34.88479241014879],[127.32435791603079,34.8842232416781],[127.32473082799414,34.88377550339361],[127.32476833997659,34.88358075733308],[127.32461351496022,34.883324128400425],[127.3246305370153,34.88304507566778],[127.32481938970646,34.88251923391331],[127.3250981816,34.882614120614235],[127.3258618673418,34.883579106204394],[127.32617209211939,34.88384390880603],[127.3266600798076,34.884062886252416],[127.32701310229587,34.88408376406877],[127.3278573949819,34.884460931518426],[127.32818598873435,34.884699061536026],[127.32792294706961,34.88543341884507],[127.32807661651897,34.88582566971957],[127.32828114927098,34.886023290672114],[127.3287236753267,34.88619927743665],[127.33011931152762,34.8870719699382],[127.33055650843147,34.88749205176874],[127.33083507315806,34.88799565201646],[127.33103356860158,34.88817961050761],[127.33179675117482,34.88843374105276],[127.33318818770981,34.88841008536648],[127.3335349036199,34.88851702607092],[127.33486566563683,34.88938294506443],[127.33586058575159,34.8898325925751],[127.33620498509987,34.88923659243419],[127.33656418095282,34.888328155890285],[127.33697225897507,34.8864111534019],[127.33596461516652,34.885220850393296],[127.33586497630726,34.88479789480126],[127.33602706542685,34.88447590491774],[127.33652616776996,34.88427003193381],[127.33702879116882,34.883878794302504],[127.33689296111538,34.883301855694896],[127.3364389166281,34.882942975111035],[127.33649891361407,34.88243859899342],[127.33663849898787,34.88217413385228],[127.3369463317704,34.882010042936614],[127.33751570355922,34.88051328865906],[127.33773935671566,34.88024140569865],[127.33861025425236,34.87989111091649],[127.33907201992619,34.87955069020918],[127.33911585022366,34.87944394296236],[127.33895314204614,34.878982999776376],[127.33917868126318,34.87800844754083],[127.33927154558823,34.87789636297256],[127.33988876315694,34.8777492971441],[127.33988900732854,34.877808869401846],[127.34004264358525,34.87780661182028],[127.34035262630537,34.87763095942249],[127.34029464504115,34.877244649578046],[127.33982384564739,34.876505278553516],[127.33983785691798,34.87575257778966],[127.33970588440093,34.875120132158386],[127.33958754721773,34.87480948123867],[127.33901162638116,34.87405941104298],[127.33891662611954,34.871889294463394],[127.3390208653296,34.87151125875814],[127.3395345125584,34.87099463201501],[127.33966817225507,34.87070834773894],[127.33958397609219,34.87038703728511],[127.33946546506968,34.87040891907309],[127.3385844450643,34.86951067576948],[127.33745515158245,34.86857044026636],[127.3373609351014,34.86822169038387],[127.33738104155559,34.86782756401046],[127.33779753481714,34.8679226002945],[127.33810685128648,34.86809315313587],[127.33893548819559,34.86818099540965],[127.33920541257568,34.86803827663163],[127.33994753383594,34.86786283918807],[127.34097674396898,34.867438703981705],[127.34195148282365,34.867235562811395],[127.34238505994237,34.86679238613157],[127.34245749948434,34.866497391550894],[127.34260186023259,34.866322486019875],[127.34273805762858,34.86628421830701],[127.34298797400362,34.86651098307634],[127.34320197875434,34.86652685927584],[127.3433876900704,34.8664764721622],[127.3441462307598,34.86593843181961],[127.34491791218056,34.86614075359067],[127.34512316977317,34.86639383456269],[127.34580410665903,34.866304869702105],[127.34605719150704,34.86655245936123],[127.34636832631777,34.8665846763676],[127.34682272510618,34.86695858224442],[127.3472058918007,34.86709059297079],[127.34765733708724,34.86720705739374],[127.34826741309335,34.8670903913856],[127.3488075130675,34.86723842681321],[127.34940908781803,34.86725106607252],[127.34955581798165,34.86731980093526],[127.34961306026676,34.86756118315216],[127.35046864497525,34.867797599384275],[127.35104526871916,34.86744637404511],[127.35291393709245,34.86693747863548],[127.35411294505457,34.8659575379355],[127.35423933967587,34.86574309061349],[127.35411502110112,34.8646429140749],[127.35506844158998,34.86454366927067],[127.35573014846234,34.86428132193947],[127.35636238867458,34.86424032185031],[127.35753692301643,34.86426111764637],[127.3580260014726,34.8643478497286],[127.35903639181464,34.86501684380756],[127.3608534438757,34.86598048367191],[127.36101368133323,34.86643971995212],[127.36154482439309,34.86676419978214],[127.36211228490065,34.86730250591175],[127.36385442176442,34.86772576685753],[127.36500047709934,34.867633053989046],[127.36677753760144,34.86767856701644],[127.36668813055218,34.867168846628815],[127.36703909488459,34.865849226939595],[127.36696291726298,34.865200318481556],[127.36750563744967,34.86427644466662],[127.3672670044398,34.86240296981601],[127.36743066973048,34.8623976909788],[127.36834724155293,34.86201366712038],[127.36907321583442,34.861344588427635],[127.36923612859133,34.86090297233248],[127.36959648756036,34.86067104432619],[127.36978865423866,34.86034834976996],[127.37180919071241,34.85959026235482],[127.3722121218665,34.859137067261074],[127.37280392983504,34.85816907662776],[127.37339345358363,34.85764658544838],[127.3743239230869,34.85699177666768],[127.3745999209976,34.856588395057884],[127.374568823483,34.85639751231511],[127.37515239118505,34.85569727607405],[127.37637636314199,34.85553197029093],[127.37660953881583,34.85537251589505],[127.37698957592575,34.85466812107455],[127.37716503820965,34.85455293094257],[127.37736580827261,34.854179214845395],[127.37828099055376,34.85355892823585],[127.37898351930744,34.8524325496186],[127.37867831079913,34.851368301767145],[127.37840133919613,34.85110169894974],[127.37789460296817,34.850877775742305],[127.37749028531108,34.850558752230015],[127.3772747704267,34.84982788310559],[127.37869836117613,34.848499832875994],[127.37916107027877,34.84761475112233],[127.37944278060259,34.84738936571021],[127.3792369665938,34.84717775383014],[127.3788610343362,34.84629809632848],[127.37890364706793,34.845527839675746],[127.37870410378954,34.84537845766057],[127.37875249702792,34.844528175217455],[127.3795042619991,34.84387232980309],[127.3802908845193,34.84270172875083],[127.38079373950201,34.84275889647087],[127.38111586110449,34.842967042123824],[127.38148182274888,34.84275322420145],[127.38165659627158,34.84245704755077],[127.3822603603945,34.84224502568454],[127.38255937235041,34.84173718975986],[127.38337937977828,34.84148349820839],[127.38385844152211,34.841569599673846],[127.38661276258631,34.84164696572151],[127.38670774152558,34.84157244408923],[127.38717875585179,34.84158023575332],[127.38730067024007,34.84145816980299],[127.38784923624596,34.84120938319383],[127.38855875312338,34.84122163976067],[127.3889756292143,34.84105073297114],[127.3892076307766,34.840617468315585],[127.38962450581397,34.84044727140558],[127.39021501258678,34.840399468537626],[127.39117705979497,34.84046188540862],[127.39181515315937,34.83982040785085],[127.39203094112605,34.8397914023589],[127.39232470620126,34.83999679706969],[127.39321150755211,34.840111828698575],[127.39364451265584,34.84031817785668],[127.39375410880477,34.84019458575458],[127.39446362159853,34.840352581484346],[127.39492819026394,34.840622336338306],[127.39504863330401,34.840839272936186],[127.39512332212823,34.84077606882331],[127.39546135045846,34.840840469715644],[127.39633650222427,34.84176874537451],[127.3972198211232,34.84229318131861],[127.39762702191913,34.84220946831063],[127.39811277880375,34.842333512570285],[127.39881709221038,34.84229361662572],[127.39938375782131,34.84297202834439],[127.39962311936372,34.84304659258798],[127.3993480887054,34.843191436202645],[127.39946156861559,34.843201070412896],[127.39944807387306,34.84359110273414],[127.39924785508641,34.84391020218465],[127.39942211237779,34.844196392654126],[127.40100939633567,34.843321767434176],[127.40147283978166,34.84324489668923],[127.40176647315188,34.84274506313592],[127.40224519748932,34.8425802532366],[127.40380422964498,34.842547072945436],[127.40492294607941,34.842148863214604],[127.40555685652755,34.842035355617774],[127.40616146497653,34.84110223241137],[127.40719044744377,34.84069782834938],[127.40803046844755,34.840294047327454],[127.40844008008533,34.840009152994625],[127.40877225066376,34.84013029727595],[127.40912782722023,34.84007797902335],[127.40940733908933,34.83994732229253],[127.40972298447043,34.839661900449336],[127.41027541921969,34.83951962585579],[127.41034677621323,34.838993061874916],[127.41050657611191,34.83869816527255],[127.41082508334426,34.83850891871598],[127.41190460979384,34.838527960060325],[127.41241814619174,34.837710464272064],[127.41264690591912,34.83754448364236],[127.41385697072276,34.837022932791896],[127.41396595143992,34.83671496239692],[127.41431726192135,34.836221239567074],[127.41473635581805,34.83589517018679],[127.41526706207212,34.835616466611484],[127.41534053764698,34.83534763708839],[127.41554714108565,34.83519355266394],[127.41607255571171,34.83491838803497],[127.41632767119879,34.835071034791675],[127.41631342852645,34.835570519105865],[127.41619497135878,34.835926973892455],[127.41620302052888,34.83620440470858],[127.41581276921096,34.836798545727795],[127.41611294360911,34.836842304166865],[127.41605979127992,34.83669868587838],[127.41663043964593,34.83573506884657],[127.41653312955768,34.83560850258655],[127.41680949621072,34.833463781131464],[127.41704061306518,34.833431587212935],[127.41702193108381,34.8326702517124],[127.41949265023116,34.83218348844352],[127.42167571769347,34.832674546741316],[127.42175008479579,34.831744591126004],[127.42598657113734,34.832289584096216],[127.42593906324774,34.83255200165066],[127.42622079896532,34.832698477419484],[127.42598981331798,34.83455264100216],[127.4276182314783,34.83482454965442],[127.42764720639265,34.83544275050894],[127.43080549540441,34.835680366223045],[127.43151513374214,34.83516702150335],[127.43181611421018,34.83526652562589],[127.43207397043498,34.835118848149804],[127.432441199786,34.835178256551984],[127.43318271758616,34.83449408315591],[127.43332168048809,34.83444458111062],[127.4334102333615,34.83452454486862],[127.43314260064564,34.83508760421838],[127.43257002267707,34.83521751550354],[127.43247419985659,34.835349404496654],[127.43250404821002,34.83589745443413],[127.43241926763763,34.83595409193692],[127.43350066511185,34.83767614564367],[127.43348938768027,34.837773364942166],[127.43323384244924,34.837981772171254],[127.43338822763418,34.83841185583602],[127.4333800673175,34.83875613690011],[127.43373854597833,34.83880514323453],[127.43381340053392,34.839105852463675],[127.43404317673121,34.839402919013885],[127.43411866536945,34.84073755983808],[127.43395977760322,34.840963617386976],[127.4342459419734,34.84126287162569],[127.43414364273883,34.841986044583614],[127.43436064762194,34.842093151175334],[127.43501411481891,34.844153327550735],[127.43566473669935,34.84498268553407],[127.43593304865512,34.84555312005449],[127.43584708294185,34.845676944889014],[127.43596668016166,34.84580891421257],[127.43597485023035,34.84599662701337],[127.43585293965276,34.846238040674095],[127.43589531563343,34.847019711841064],[127.43628398701726,34.84802900879385],[127.437449764556,34.849603956771276],[127.43743580584963,34.84977682161918],[127.43718576110717,34.84991968685366],[127.4372279689687,34.850504881314144],[127.43768097949939,34.85110408889253],[127.43764855483603,34.85150109684192],[127.43773471436857,34.8518981030922],[127.43844150704487,34.85170134289143],[127.4396481899816,34.8542070961382],[127.43994878400868,34.85421883051333],[127.44017335608736,34.85432674639148],[127.44038074232806,34.85467613436684],[127.44048771826643,34.85525869567411],[127.44056563764626,34.855163479895516],[127.44071279587112,34.85517097987427],[127.44075382948773,34.85495196497921],[127.4405385656475,34.85463302804524],[127.44042658846199,34.854300764964115],[127.44049677098322,34.854272711833154],[127.44030580422312,34.85389560109652],[127.44010506393627,34.85380286004833],[127.43924714910884,34.852007459658275],[127.43909521108718,34.85187057134876],[127.43900058820766,34.851606966394215],[127.4390608076386,34.85123174389626],[127.43891511892666,34.85104190314914],[127.43828349555375,34.851424767825904],[127.43781822370121,34.8506665019245],[127.43891745595172,34.85027281853059],[127.43645792655613,34.84694912219893],[127.43881074454693,34.84605213754749],[127.43981217500031,34.846398714380115],[127.44087126721287,34.8478353621831],[127.44068853385538,34.848278848951864],[127.44076353680269,34.848457026594545],[127.4410980099615,34.84879440781369],[127.44122731161559,34.84934431205171],[127.44229932113508,34.84895348186464],[127.44280630728035,34.849540098643985],[127.44314087942683,34.84980563288162],[127.44357769886257,34.85085799759281],[127.44350145464695,34.85155943989239],[127.44369802585639,34.85159409497591],[127.4439166968183,34.852261115062056],[127.44403402529565,34.853178132884416],[127.44435614545968,34.85331822624181],[127.44395389009833,34.85387954428257],[127.44444500892976,34.85497829133969],[127.44459779398099,34.85508280983197],[127.44483666150967,34.854765884653546],[127.44443812102283,34.854362414233236],[127.44428211553254,34.85394636858444],[127.44465567055535,34.853288128353455],[127.4441119444331,34.851969282337336],[127.44399276114184,34.85137550101273],[127.4438057769995,34.85117013221511],[127.44348255136329,34.849991467294736],[127.44313144207868,34.849381635489614],[127.44308442075852,34.84902265580105],[127.44261120650746,34.848515086865454],[127.44161986113215,34.84807769965732],[127.44127980851248,34.8465867026153],[127.44094237678591,34.84642341827324],[127.44055582879227,34.84604750065568],[127.43996535788742,34.84581329485687],[127.43972822714316,34.8456192234724],[127.43987473436007,34.844573224694734],[127.4420898922476,34.84507281220141],[127.44204833036306,34.84487113203471],[127.44161774224806,34.8448562135318],[127.44053519791153,34.84460872784997],[127.44005371872792,34.84446863086953],[127.44000362554699,34.84439726797778],[127.43931593653507,34.84444790685325],[127.43937712631704,34.84519415658372],[127.43848944921896,34.845483685545425],[127.43722065687007,34.8456499204932],[127.43661567343106,34.8444094358707],[127.43637096894248,34.84410354917443],[127.4364184697962,34.84189553506707],[127.43820510461963,34.84198095717815],[127.43959178173681,34.83779464330637],[127.43982829399663,34.83649253965483],[127.43995101301446,34.83640843902385],[127.44222348921953,34.8365489562452],[127.44300720679928,34.83712483562237],[127.44433983074644,34.836911120317055],[127.44608501649505,34.836768418298554],[127.44670034097672,34.83696349166138],[127.44703029384272,34.83672792131103],[127.44719718624921,34.83682476852465],[127.4478180226736,34.8364889765808],[127.4477687735102,34.83644873881065],[127.4478135854466,34.83636364512358],[127.44787983972363,34.836392697279656],[127.44795544752127,34.83590454069878],[127.44809430645243,34.8357438894187],[127.44853608068694,34.83562424719645],[127.44894196066777,34.8356900799008],[127.45008681917982,34.83317942159517],[127.45013935523455,34.83319697628053],[127.44899545746988,34.83572734500414],[127.44946263318525,34.836450543811836],[127.44956394768253,34.836864811468466],[127.44953150713793,34.83699323525237],[127.4490981062716,34.83746115755023],[127.44964298652613,34.83814716642178],[127.4501183302921,34.838516391367804],[127.45033232470817,34.838977151043714],[127.45042880468313,34.83953861500865],[127.45133896171855,34.839883829804286],[127.45209399897034,34.840443702220945],[127.45268345122271,34.84030574935244],[127.45740933572031,34.84111615927738],[127.45785824004503,34.841026413384164],[127.45999644739722,34.840894430495496],[127.46054768207681,34.84063698693553],[127.46100948437294,34.84059639314896],[127.46130488535954,34.840123127631905],[127.46110395265721,34.84063704955207],[127.46128518328118,34.84076778754706],[127.46155448180747,34.841183753147625],[127.46301571553121,34.841913933287415],[127.46347810938741,34.84199771992403],[127.46413397963546,34.84226943029476],[127.46439369026403,34.842650812462715],[127.46441229751626,34.84335743258486],[127.46453840423158,34.843541196959],[127.46624462008559,34.84471812222838],[127.46691668649726,34.84487160561879],[127.46780098175842,34.844455128936055],[127.47248455454809,34.84501481956812],[127.47386405416006,34.84405652823194],[127.47419366816754,34.84392145417744],[127.47461769231714,34.843893602035195],[127.4745776569876,34.84403165254659],[127.47468788327474,34.844277267407016],[127.47474864860784,34.84396928712021],[127.47485171796677,34.8438910058532],[127.47511750208876,34.84382489974683],[127.47609162006069,34.84382800719847],[127.47642306798714,34.84350671964654],[127.47781973039167,34.842751976759544],[127.47806643521672,34.84254833259772],[127.47829556451627,34.84249743443581],[127.47891178578507,34.842562342083575],[127.47899688441986,34.842447792779055],[127.47933120499584,34.842359711916195],[127.47943099793014,34.842128058962956],[127.47972682161404,34.841970135272916],[127.48006785367448,34.84198048493517],[127.48039836502156,34.841854404476706],[127.48109644033488,34.84201519502507],[127.48110789152415,34.84192582924322],[127.4824043496157,34.84198888227846],[127.48295706891483,34.84185640859468],[127.48330373341261,34.84157068309496],[127.48324123125666,34.84081305019227],[127.48334732810194,34.84081545127958],[127.483469570862,34.84094876941603],[127.48386923275147,34.84102281175535],[127.48431618566929,34.84100596710998],[127.48458758981914,34.84088109242377],[127.4846117431026,34.84022100704559],[127.48411316240018,34.83999693552003],[127.4839583887779,34.839851352920675],[127.48400755747312,34.83981637319762],[127.48466320101701,34.840197988439805],[127.48552605029309,34.84025807883496],[127.48573164985805,34.84033190466652],[127.48593394992827,34.84062996427558],[127.48581864103491,34.84150547566221],[127.48596764005143,34.84180262965052],[127.48649236308212,34.84225714689722],[127.48746190310776,34.842474117657005],[127.48793268462968,34.84301997467349],[127.48977024574245,34.84384442362196],[127.49068925923807,34.84478423378566],[127.49049907930214,34.844892885944724],[127.4908136604894,34.845569204591],[127.49087219153007,34.845558693248634],[127.49089420410401,34.84592858917036],[127.49098647586257,34.846019492580176],[127.49136261775031,34.84621346256468],[127.49182061334074,34.84626584461346],[127.49234541504418,34.84678047642011],[127.49312397638208,34.84650100174167],[127.49340768346478,34.84628943418667],[127.49320965662895,34.84651628546672],[127.49261145166638,34.84675954482516],[127.49243296801009,34.846939840269265],[127.49207290825557,34.8475553648289],[127.49210716730101,34.84811774778194],[127.4921856050781,34.84817996072815],[127.49198076786152,34.84841022667222],[127.49191853210579,34.84863145327032],[127.49226695262074,34.84936383279186],[127.49227884147298,34.8495522382718],[127.49214914605358,34.849606565509376],[127.49208070610565,34.849991049752774],[127.49210642827506,34.85072867892821],[127.49225822713916,34.85120157514475],[127.49262687300616,34.85179852810272],[127.49268527692178,34.85208236493647],[127.49232775938718,34.852409444142886],[127.49209064239912,34.852385189073374],[127.49161162063385,34.852941618890036],[127.49167906190752,34.85296133987608],[127.49146439288226,34.853669371466424],[127.49124973778804,34.85391910051993],[127.49055801969718,34.8545087784128],[127.48961654968699,34.855078038090184],[127.48962847176584,34.85513038795324],[127.49003060756424,34.855118353079334],[127.49019972274967,34.85519907797883],[127.49060139312807,34.856207586054595],[127.49055145266723,34.85634242728326],[127.49007411410832,34.85661025557749],[127.49045509834039,34.85799165210424],[127.49230171400951,34.85771914184134],[127.49248626746105,34.85777980839681],[127.49279465497848,34.858149961756396],[127.49325350839347,34.85807797005771],[127.49368812378806,34.85812451711076],[127.493924847115,34.85822482967544],[127.49412822188167,34.85846145855752],[127.4949334319002,34.860909265169525],[127.49378778493674,34.86114488921416],[127.4944396743206,34.863324452838135],[127.49386729206611,34.86379154511886],[127.49217952668637,34.864044284047004],[127.49221054902144,34.86414682684768],[127.49358999740367,34.863997039132386],[127.49400795233616,34.866862171705876],[127.4938971841648,34.866999099276896],[127.49138228683331,34.86739840443987],[127.49123562956859,34.867334068353365],[127.49055850366918,34.86590569800933],[127.48904219221332,34.86629431800079],[127.4888559405574,34.86626745519135],[127.48858913829085,34.866690490550816],[127.48804336930787,34.8667539429477],[127.48791999960693,34.86663950070479],[127.48763938025128,34.86663358316674],[127.48738459974658,34.86643178949199],[127.48719240076534,34.86646847765543],[127.48704175311678,34.866334709563816],[127.48597902079511,34.86659176071427],[127.48602255282101,34.86673059915736],[127.48649414861545,34.86654914466271],[127.48694353043719,34.86651467607329],[127.4870034073231,34.866613310140664],[127.4885140213959,34.86690655642416],[127.48910816096435,34.86638334485575],[127.49052171772234,34.86604118920717],[127.49087112661829,34.86675625075312],[127.49102201324136,34.86707310277347],[127.49001295583467,34.8672165875877],[127.49002556636255,34.86767343181952],[127.49028935779765,34.86772181271282],[127.48994495203313,34.87401618762656],[127.49027748511645,34.87451018067654],[127.49134041643734,34.87503884695716],[127.49125004311365,34.8751906347964],[127.49110790694434,34.87512559543154],[127.49072765429881,34.876517568196896],[127.4905233375166,34.876733595962534],[127.48920907867179,34.87684633852875],[127.48906969077336,34.87682831105384],[127.48896121438477,34.87671973249924],[127.48872894458194,34.87631265146563],[127.48766886878231,34.87657730551917],[127.48670737511057,34.877334506610545],[127.48531480214,34.878724809755745],[127.48523829549333,34.87870695129083],[127.48502050728983,34.87922216613214],[127.48334567307491,34.880433571285316],[127.48131930567696,34.878718389724106],[127.4811559977786,34.87884959984319],[127.48227818622527,34.87973260796943],[127.48147163086668,34.879872129551615],[127.48144441777211,34.87995321744139],[127.48220606622348,34.87982007514647],[127.48248818090771,34.87989853357648],[127.4831887370562,34.88051518266323],[127.4829784348969,34.88132106076864],[127.48265829382551,34.881845131574025],[127.48225513794269,34.88226051634961],[127.48146084322998,34.88263168138615],[127.4813543041022,34.8828578628241],[127.48154534169687,34.883084708250514],[127.48177939341429,34.883214205139815],[127.48182473515391,34.88334036407938],[127.48210756283927,34.88336276291262],[127.48184443793045,34.88314169223418],[127.4819650336684,34.88292517175366],[127.48208093714322,34.88292865265927],[127.48212191107486,34.88248117845492],[127.48244486547651,34.88235075076832],[127.48301771028405,34.8817537132992],[127.483625712346,34.88050654493959],[127.48416723601002,34.88011243782624],[127.48483087015367,34.87975981136868],[127.48754729260133,34.87717706781844],[127.48776386219659,34.87718281795561],[127.48974615126092,34.87775768179004],[127.49036240451625,34.87942784293445],[127.49065448856267,34.87945609889089],[127.49015055277742,34.877679016742086],[127.49024421187293,34.87756413726432],[127.49139093744921,34.87721037921097],[127.4914407706637,34.876679623173395],[127.49248490350023,34.87574065604796],[127.49172574177149,34.87537886586796],[127.49180288493876,34.87526297014296],[127.4926405996438,34.875630229143546],[127.49300562250163,34.875400865890356],[127.49354303449248,34.87527111720941],[127.49424224669842,34.874856660767065],[127.49526219970126,34.87460407395883],[127.49589284727473,34.87458109457066],[127.4971431676383,34.87481515033528],[127.49732504035833,34.87493426591917],[127.49752734024898,34.87532568743171],[127.4975914704423,34.87669707265598],[127.49866125477551,34.87674382916453],[127.50074689639597,34.87713288305331],[127.50233410320516,34.87468613470418],[127.50343186099303,34.87453090507692],[127.50421667969883,34.874595969420845],[127.50563882592321,34.8750624598889],[127.50541349484325,34.87619575834357],[127.50755593051174,34.87664360862608],[127.50972443092738,34.876575837702326],[127.51428762175472,34.878218882738615],[127.51456806940655,34.87852149292364],[127.51464355270248,34.87878553220346],[127.5145164646012,34.87907254637753],[127.51328198359465,34.88063896418341],[127.51203096586217,34.881061826341146],[127.51140511860469,34.883445232176996],[127.50923785491648,34.884104137820415],[127.50918057536829,34.88404649922403],[127.50914805029728,34.88417564103582],[127.50938853541956,34.88426054737578],[127.50975919076949,34.88422266345971],[127.51151543929757,34.88367968790042],[127.51193790426507,34.885360688894245],[127.51261783668826,34.886244711616456],[127.51281112699247,34.886297413844154],[127.5128624299625,34.886493248803255],[127.5130863652665,34.88677426811874],[127.51416961131319,34.88613056996989],[127.51504544925565,34.886687560136515],[127.51622725578318,34.88721480105089],[127.51579999911974,34.88741548150048],[127.51685457014787,34.88727256280753],[127.51691124292232,34.88742626062648],[127.51879983387336,34.88915269602391],[127.52035719801837,34.89043714385867],[127.52190882416937,34.89064092934219],[127.52234504086722,34.89058568115461],[127.5233493151193,34.8906757394429],[127.52456407608763,34.89064262946078],[127.52547550538152,34.89045814828031],[127.52624017951554,34.89007105938963],[127.52624508927008,34.889848793540395],[127.52710619814172,34.88987084363719],[127.52753980982489,34.88999839788607],[127.52708505523316,34.889797275279726],[127.52615615370007,34.88962523925018],[127.52569098818202,34.88964091097229],[127.52566501119809,34.88982932175894],[127.52493852808337,34.8901752568253],[127.52391654574265,34.89031134513256],[127.52076036231111,34.890017695894066],[127.5202772005707,34.88978314616126],[127.51927891331765,34.88832955237609],[127.51952378026945,34.88807373328882],[127.5194828678731,34.88781940248265],[127.51896071754949,34.887576711573175],[127.51825438385784,34.88674635237405],[127.51749329615492,34.88543878557945],[127.51695688469182,34.88405997155466],[127.51683859717242,34.88403075449229],[127.51636911187293,34.88414357753699],[127.51623020893757,34.884262337492366],[127.514397239879,34.88362165686482],[127.51420443558176,34.881941525690806],[127.5185729648846,34.88093178975646],[127.51858231864048,34.8816882000272],[127.518769557364,34.88172938072808],[127.51962454331421,34.8822867066114],[127.51993502734872,34.88233129931175],[127.52064640076993,34.882119250893346],[127.52079720321147,34.88180186065542],[127.5202590894613,34.88192555655621],[127.51951093166535,34.88180480665952],[127.51892394001082,34.8813818265243],[127.519058608477,34.8805366300285],[127.51878102053097,34.88001332340786],[127.51791573570829,34.87895195446808],[127.5175425898825,34.87708372592456],[127.51773196587035,34.875281713462385],[127.51652921462492,34.87249265796212],[127.51673320449818,34.87177238037754],[127.51731043591538,34.87119008066206],[127.51763956081741,34.870969260202024],[127.517423711785,34.87009258751745],[127.51669167060597,34.869250228780324],[127.51712114886234,34.868052522420676],[127.51642487906172,34.86765378884022],[127.51636748551978,34.8675206627127],[127.516474268997,34.86729781134719],[127.51738429482054,34.866627352586285],[127.51738571780847,34.866471722203826],[127.51596090916263,34.86611410406549],[127.51590815557883,34.866040945528965],[127.51664908126034,34.86398236958171],[127.51816470606889,34.86397692106607],[127.5190832298207,34.86409654100184],[127.51972640688932,34.8643136496538],[127.52004729862682,34.863577516851244],[127.51953247237739,34.86339041086596],[127.51901326598025,34.86296615844753],[127.51935279151995,34.8625838773696],[127.51965165642486,34.86266738862684],[127.51994557120037,34.86264346584384],[127.52012258879785,34.86253172342364],[127.52053793805241,34.86277107195453],[127.52063642672375,34.86267192268469],[127.52019344460842,34.862413682050935],[127.51963955858123,34.862564069072036],[127.51911447987997,34.8622665944977],[127.5205610182007,34.8607598998656],[127.52136837536727,34.861248688946446],[127.5216259889181,34.86110308604413],[127.52216308842902,34.861249795668215],[127.52205929469456,34.8617247386028],[127.52229297527258,34.861333599700515],[127.52229123626203,34.861165309718835],[127.52060589809447,34.860723373350716],[127.52057711218649,34.86062885067729],[127.51936651443818,34.86027556715167],[127.5202935510714,34.85879136786235],[127.52057869490707,34.858487483417065],[127.52143060089821,34.85881102020015],[127.52229667352161,34.858991954169625],[127.52255704229664,34.85776904527019],[127.52290121427329,34.85775122802388],[127.5229655492374,34.85735842536552],[127.52187565758653,34.8566594441785],[127.52279535523878,34.85462161618859],[127.5235710263506,34.854699557663174],[127.52375192486544,34.8543956801955],[127.52326295578473,34.85385723567128],[127.52344355870929,34.852777752609825],[127.52390033466634,34.85254875881115],[127.52406182583798,34.85255383401083],[127.5239237272352,34.85251822714962],[127.52350734716552,34.85268030020569],[127.52333146789526,34.852180217281905],[127.52348921873737,34.85202602494722],[127.52338079943047,34.85163227740286],[127.52312257141513,34.851431132043906],[127.52283011795339,34.85089690773237],[127.52292308588486,34.85062890532332],[127.52242566943649,34.85013020783593],[127.52283621163316,34.85007577159976],[127.52317749818829,34.8499020525095],[127.52321327282115,34.849804729737684],[127.52336720756314,34.84985899100084],[127.52352181098802,34.849802693863374],[127.52345995505395,34.84969338661029],[127.52361530561986,34.84959272867211],[127.52348814292166,34.84953059220951],[127.52392368847936,34.84908014628747],[127.5242887702306,34.848835338122456],[127.5239342377727,34.848695875056315],[127.5247649754696,34.84714375558962],[127.52512485176477,34.84678150735104],[127.52521672201131,34.84682885828121],[127.52542312110684,34.84656178035956],[127.52560182861049,34.84626791511173],[127.52573866980413,34.845674103661906],[127.52585706701961,34.84554091799159],[127.52565182764596,34.84552983220831],[127.525618477336,34.84538969298302],[127.5250967166304,34.84549334649376],[127.5248918792544,34.845359164057946],[127.52429866436803,34.84526706966016],[127.52342524639636,34.844411401147894],[127.52326304897933,34.84450843737074],[127.52318190227976,34.84442723686457],[127.52329672494832,34.84432321996513],[127.52236596264909,34.8436084962672],[127.52190742895142,34.84401312740393],[127.52184893089583,34.843974221418655],[127.52242306115366,34.84339924662488],[127.52248327439085,34.843437991495605],[127.5224158828136,34.84356138319336],[127.52334955492134,34.84427468781149],[127.52379214598422,34.843889697877465],[127.52389626882521,34.84395783743864],[127.5234537049216,34.84437479985461],[127.52433366783936,34.845236776819426],[127.5251190648857,34.84538113516215],[127.52569070100297,34.8452771318173],[127.52578276751916,34.845193500708966],[127.52592708467462,34.8452133038964],[127.52629214488343,34.84475342744551],[127.52719722374772,34.844241775408086],[127.52800918814054,34.84364856626215],[127.52886581535087,34.84336570407296],[127.52934959003981,34.84301431749084],[127.52969712557703,34.84288942678696],[127.52972045861628,34.84277158599232],[127.53014734823043,34.84268986786022],[127.52962011901165,34.841825987399154],[127.52973959150756,34.841782508484194],[127.53019299908011,34.84264094967451],[127.53065843904862,34.84249610967836],[127.53071392828433,34.842597409791395],[127.530832175484,34.84260323201735],[127.53121948869759,34.84250324032006],[127.53272565677524,34.84156415791001],[127.53272709085135,34.841414719437644],[127.53303101565386,34.84136494201479],[127.533794789155,34.84147819345403],[127.53395032325861,34.841429931459274],[127.53437358862018,34.84155595735324],[127.53480362287603,34.841458300050185],[127.53493656132781,34.84156899376991],[127.5356420322746,34.84164067707117],[127.53695340768576,34.8416013972658],[127.53783315599098,34.84172906088614],[127.53855402023102,34.84159306009101],[127.53915396203509,34.84182688917151],[127.53948666557207,34.842053442138635],[127.53977642756584,34.84197976959915],[127.54056332989568,34.84219810722682],[127.54084597270165,34.84263036767395],[127.5408021591667,34.84311576103754],[127.54182559093411,34.84340036597572],[127.54245402401168,34.84373095065163],[127.54298340427069,34.84356873402901],[127.54337744868904,34.84423541212751],[127.54370359451072,34.84452578281787],[127.54356704007907,34.844829906655214],[127.54338468976036,34.84489804380621],[127.54327939328148,34.84517568952671],[127.54381708641515,34.84547117461667],[127.5438035603799,34.8461709367978],[127.54430419000005,34.846728546137314],[127.54481601860735,34.847039357410296],[127.54486964368603,34.84732136024855],[127.54506509532308,34.84755724508829],[127.54455213596941,34.84816670190222],[127.54349363094151,34.848303106842145],[127.54334497435363,34.848508564627664],[127.54343511273125,34.848810118803335],[127.54320951905011,34.84908492009623],[127.54334764707096,34.849775136519206],[127.54389012721617,34.849755817368155],[127.54463975727862,34.84990500446835],[127.54473018803957,34.849990655925836],[127.54461588135761,34.85019848536682],[127.54478929802798,34.850198549246194],[127.54510511735889,34.85039573132263],[127.54504266045991,34.8504588192504],[127.54516232981943,34.85049616910121],[127.5453759821194,34.85074506963612],[127.54553744011513,34.85061589990406],[127.54577939384166,34.8508018549937],[127.54634676919989,34.85160394588915],[127.5464926719302,34.85144723523806],[127.5469167972487,34.85190011909328],[127.54699538454749,34.851925113703686],[127.54709891549827,34.851846201607216],[127.54725291028305,34.851906633691485],[127.54665568313354,34.85225310996221],[127.5465568779475,34.852712133035354],[127.546658746211,34.85271745423431],[127.54684644480996,34.852499847040605],[127.54697052078144,34.852480280824096],[127.54746293367663,34.852741726637504],[127.54762222467649,34.852620451033715],[127.54773532896712,34.85272430557164],[127.54798636774554,34.85265542910194],[127.54836571409012,34.852973581097764],[127.5490809790083,34.85453173405057],[127.5495175491949,34.855130171534356],[127.55005777876309,34.855152244470744],[127.55084977080267,34.8556247179609],[127.55104595928064,34.85609409351235],[127.55100101353885,34.85650470587836],[127.55033218229462,34.857057715994785],[127.55005265864868,34.85842148385919],[127.54965312180254,34.85944423938595],[127.55026386938542,34.86086905295134],[127.55058921052365,34.860998419867045],[127.55069335785291,34.86116739214079],[127.55054145020065,34.86160327568146],[127.55082738907615,34.86305264549643],[127.55066978759089,34.86394361851209],[127.54998692095424,34.86445091687725],[127.5498459902379,34.86461112457244],[127.54979272388188,34.86490332323267],[127.54897611076534,34.865033620180384],[127.54747773064749,34.865633296999924],[127.54642647520014,34.86643587257633],[127.54470593573078,34.86696300316393],[127.54369560730807,34.86695131476079],[127.5413149729624,34.867828930491534],[127.54123243139709,34.868454352657274],[127.54158680494248,34.86944189447382],[127.54102822143416,34.869788459997494],[127.53998911211235,34.870819373224684],[127.53940938820419,34.871806565775394],[127.53912341870183,34.87263512021488],[127.53829205023902,34.87397933141366],[127.53832756665498,34.87463252402189],[127.53816765818715,34.87500899908987],[127.53784615752238,34.875319844689706],[127.53687205035813,34.875797364307616],[127.5364097187528,34.87657909576714],[127.53619049997253,34.87724708355425],[127.53548611586483,34.87807889280889],[127.53553220503899,34.878572197491245],[127.53609229254243,34.87979153312187],[127.53697522131725,34.881110849777606],[127.5379911696067,34.88217111901974],[127.5382870524392,34.882386153960276],[127.53843645381495,34.88288955624203],[127.53956486830131,34.88323625009829],[127.54033541790159,34.88405788097332],[127.5408353627763,34.884766628754],[127.54181709156816,34.884917901649416],[127.5425246926799,34.88520376432992],[127.54309819075155,34.88563006050903],[127.54350331648597,34.88579388369254],[127.54415526417074,34.885828725416474],[127.54487645337053,34.88599451285028],[127.5452162776614,34.886234536469544],[127.54637742144902,34.88627172935422],[127.54691575964635,34.88763223031559],[127.54703561321014,34.88779338209199],[127.54732326050242,34.887944189503415],[127.54762222556192,34.888775218277],[127.54804429283604,34.88901416116133],[127.54937634160301,34.88948026275562],[127.55003744502633,34.889009969573436],[127.55103838945968,34.88795787259339],[127.55175751194415,34.88791209272624],[127.55231890641407,34.88766716879094],[127.55264894290886,34.88784438981922],[127.55317905672585,34.88798367307202],[127.55324094826067,34.887859028720854],[127.55346537925764,34.88775632505297],[127.55344671245986,34.88741867157424],[127.55351390197092,34.88739597610418],[127.5551695172924,34.88712225975796],[127.55624704212724,34.886846085763246],[127.55715608190313,34.887162068116595],[127.55769796663176,34.8870947988035],[127.5577660568316,34.88702744211587],[127.55908372954639,34.887740968475306],[127.56017360805221,34.88780061133675],[127.56078452515278,34.88795680566935],[127.56180159416077,34.887941981405255],[127.56244299250318,34.8877538167697],[127.5628988540723,34.88775453351907],[127.56334681986496,34.88757401765816],[127.5642044074942,34.8867304965206],[127.56489884643027,34.88645278265749],[127.56533612658964,34.88618611893185],[127.56618377683542,34.886119223062686],[127.56657164266895,34.885301680462796],[127.56760574347128,34.885108417756754],[127.56868926403503,34.88526744534078],[127.57052105915807,34.88495339754483],[127.57148595437714,34.88503676172352],[127.5723984056085,34.884678129942486],[127.57320715744706,34.88519234309257],[127.57423391124196,34.8851976504852],[127.57524973462922,34.88564791289706],[127.57570205130413,34.88555901941638],[127.57575737527888,34.8852313048322],[127.57641317216692,34.88481258785133],[127.57704576672377,34.88510986217575],[127.57715563458885,34.8849575224127],[127.57738163524023,34.885086863760925],[127.57778502335664,34.884992560705356],[127.5780688488019,34.88507981128627],[127.57863552364479,34.885433582002776],[127.57934400182086,34.886094848352656],[127.58008575924325,34.88587005856964],[127.58035031300797,34.88569485995651],[127.58050351767416,34.885655118609],[127.58062935868382,34.88570972864918],[127.58112761494138,34.885445106640894],[127.58198286518021,34.88517399203924],[127.58221731504841,34.88562778937195],[127.58245223959365,34.88578496722153],[127.58261803673484,34.885786004581156],[127.58279297616524,34.885361095729756],[127.58417941996557,34.886225984036706],[127.58462473859124,34.886550319114555],[127.5846014186834,34.88661253612572],[127.58479884943803,34.886687367709044],[127.58482055122451,34.88661444079628],[127.58502282227035,34.88662347573806],[127.58592447879207,34.886847310165116],[127.58601862687662,34.887277680737505],[127.58627674839025,34.88747418367438],[127.58572475672784,34.887921749492946],[127.58513641186178,34.88813626439609],[127.58523000342723,34.88822228442539],[127.58507303529566,34.888358244908645],[127.58538212780157,34.88865731630113],[127.58511924012885,34.88882659532474],[127.58410658684124,34.88917637508697],[127.5827009893635,34.88870692338565],[127.58238452162739,34.88891449116511],[127.58224206515482,34.88880643861268],[127.58200726690605,34.88895924419621],[127.58109532889561,34.88907542093215],[127.58082869261608,34.88931992894215],[127.5805755407326,34.889269450035115],[127.58051335996373,34.889153829045156],[127.58037337816098,34.88910520818439],[127.5802504632778,34.889346903514564],[127.57964499238791,34.889340770960835],[127.57945665109574,34.88953786065392],[127.57937885339044,34.88941330834704],[127.5793873533105,34.889625795081926],[127.57921168445714,34.8896564838727],[127.57788282695623,34.889550967053395],[127.57748307435071,34.88940906488093],[127.57688618433383,34.889334571395814],[127.57679272109644,34.889560917490925],[127.576383796645,34.889526517488676],[127.5750319571422,34.88967853017596],[127.57439653206994,34.889518006945444],[127.57421180021561,34.889401563364935],[127.5745474291782,34.889046893351825],[127.57511852904109,34.88878111405548],[127.57500505006539,34.88868418346601],[127.57481538600416,34.88866860090778],[127.57484107464107,34.88838088561533],[127.57476271304785,34.88841814880464],[127.57470737382285,34.88881854097176],[127.57401568543023,34.88927009272454],[127.57411522417182,34.890336072476146],[127.57403790629452,34.890402633902696],[127.5729458512533,34.890478891649316],[127.57213958976895,34.8906295770552],[127.57190508226032,34.89060631342324],[127.57186706417174,34.89076888420701],[127.57091266146608,34.89092855841009],[127.57062685200735,34.89090130466016],[127.57024325375274,34.890748604117206],[127.5696809575423,34.89033504894223],[127.56993313941788,34.8906914650719],[127.56980266552341,34.89093164374492],[127.56936724068231,34.891369297280335],[127.56923564074899,34.89169581471256],[127.56906140603562,34.89188690938603],[127.56908116773315,34.8920259631096],[127.56892426952457,34.892202464557116],[127.56912027066737,34.89216972168704],[127.56927510061848,34.89226350803025],[127.56960118996436,34.89275252406108],[127.56949891735808,34.89274511494969],[127.56941494292508,34.892811848685916],[127.56968526643006,34.893120146092976],[127.56978812973355,34.893387969573915],[127.56968263625191,34.89301298430363],[127.56948057918989,34.892787592519966],[127.56964984721841,34.89274413009281],[127.56921148786239,34.892160426040476],[127.56913147434777,34.89190911667582],[127.5694146561461,34.89135541037856],[127.56984178313641,34.89097737705592],[127.56991828171316,34.8907674486843],[127.56996966507702,34.890734109772836],[127.57063761195921,34.89102435602509],[127.57120969079887,34.89104561678376],[127.5721438912014,34.89090518059368],[127.57222452175493,34.89099776116054],[127.57269746910202,34.89074751625633],[127.57331405229309,34.89070292851842],[127.5740093297353,34.89091641040265],[127.57451068564406,34.891385162657365],[127.57482146354805,34.89146299150559],[127.57488479244923,34.89157311169987],[127.57480654330749,34.89170263037448],[127.57542915128195,34.8918108142418],[127.57573552070897,34.89206442105184],[127.57552794428628,34.89296467141841],[127.57590821522881,34.89337356998781],[127.57590381911042,34.89367555256002],[127.57622045115666,34.893560536299766],[127.5765622776416,34.89377525040083],[127.57645946008917,34.89452360136906],[127.57617988774007,34.895075043745216],[127.57613930462674,34.89540874556233],[127.57603172035597,34.895350799345735],[127.57616130033865,34.89552272004889],[127.57616890875116,34.89575591567904],[127.57598129909559,34.89660339486235],[127.57602909884602,34.896986957683865],[127.5756086775845,34.89803341591487],[127.57442511213897,34.899051365104725],[127.57390482800517,34.899235642415555],[127.57417719041439,34.899461813142366],[127.5741423518727,34.89954169508178],[127.57370114386016,34.89978910963631],[127.57302169880894,34.90068889834713],[127.57264866013121,34.900859804383046],[127.57198860640848,34.900944422998556],[127.57188441802859,34.9010877821736],[127.57281467797397,34.90110943585411],[127.57281921486644,34.901162658740446],[127.5730722134678,34.90106168663938],[127.57408321550069,34.90146453050676],[127.57421127209173,34.901439860522345],[127.57487377906698,34.90075178022379],[127.57433955407444,34.900407719541505],[127.5750301317106,34.89952534946946],[127.57568450066992,34.899950414211965],[127.5758233128823,34.89980526726364],[127.57514674695791,34.89936615632728],[127.57617112894305,34.89796895925061],[127.57609265113715,34.89793264413383],[127.57619984058708,34.89777160197954],[127.57650218728132,34.89746649778088],[127.57701585825222,34.896182847862555],[127.57729203885002,34.89430847611792],[127.57684619622628,34.891683068003125],[127.57699573528961,34.89124293796016],[127.57736893311075,34.890904866058655],[127.57783123647572,34.89074781811795],[127.58325503520243,34.89013842963928],[127.5842545104461,34.88992803769228],[127.58438653618815,34.890080999379116],[127.58472788618451,34.890256843499664],[127.58475574225763,34.8904524889838],[127.58748314132792,34.88761219812899],[127.58919034584497,34.88834056279417],[127.59051329027324,34.888763396001494],[127.59311499091214,34.88974182691684],[127.59369659860519,34.890102249395675],[127.59324588141074,34.89174828728584],[127.5926530977987,34.89497557956493],[127.59117176390725,34.89405084084907],[127.59060235849245,34.8936399596672],[127.59058704187883,34.893532589680284],[127.59018259697193,34.89394702000422],[127.59031323964031,34.893934399187174],[127.59075490670152,34.89418239113659],[127.5925751665211,34.8953672471428],[127.59057897798151,34.90539619088537],[127.58953715019635,34.9094196592208],[127.58843957822124,34.91255895671261],[127.58560635380977,34.91870520073436],[127.58000433576026,34.9187282149201],[127.5795655919291,34.91856805552159],[127.57934228762163,34.918215778673236],[127.57932266536433,34.916446563056745],[127.57940227720026,34.91622048037852],[127.57927128660324,34.91592319895263],[127.58315183272713,34.9102273740551],[127.583626490558,34.90918716751065],[127.58376464965774,34.90832938712825],[127.58371685532356,34.90758841485722],[127.58346921761571,34.90674753561728],[127.58302449209094,34.90596366429276],[127.58168514416076,34.90456490980273],[127.58085775402212,34.904034881419726],[127.5765582823695,34.90276732341068],[127.57439293431284,34.90201309162572],[127.5741429810959,34.9021778697862],[127.57380183116987,34.90203480574457],[127.57391161177634,34.90180434729815],[127.57283212891244,34.90131333560046],[127.57288508919599,34.9018954213686],[127.57414352144515,34.90244482819363],[127.57437251153185,34.903045553126574],[127.57447122401592,34.90394195801055],[127.57420124601352,34.90437983996458],[127.57434589274621,34.904406902670104],[127.57476036554814,34.90397440550241],[127.57462315868817,34.90295198960432],[127.57488131182942,34.90292949959316],[127.5755026546568,34.90306543284309],[127.5759829959169,34.90327921429514],[127.57622410962134,34.90348370537309],[127.5764442910025,34.90392475294174],[127.57617396383482,34.90413827923382],[127.57692827646213,34.90421921419816],[127.5771913425984,34.90443458708987],[127.57730933744405,34.90429079039159],[127.57802119687021,34.90399559487149],[127.57902791259487,34.904501219723564],[127.57934772345341,34.904811232914994],[127.57934326263695,34.90471183256633],[127.57979124296654,34.904502096852525],[127.58016294218656,34.90445666499747],[127.58057705269866,34.90451300256737],[127.58056265146917,34.90460461504641],[127.58100122310368,34.90471013084508],[127.58194256064876,34.905785316413564],[127.5826120387188,34.90641392772364],[127.58263594807039,34.906824219042896],[127.58305699837746,34.90766724498945],[127.58275021293174,34.908069401380324],[127.5827675781353,34.90922294411841],[127.5826026478318,34.90935161116996],[127.58187265220671,34.909334674515705],[127.58139421022237,34.9095661062157],[127.5810834633095,34.909553085421045],[127.5811019907895,34.909659322986],[127.5809612157707,34.909722396876866],[127.58058532553379,34.91063428988404],[127.58063780875165,34.91090136060929],[127.58095212557247,34.91125195773243],[127.58091341219118,34.91163044058337],[127.58053902023197,34.91180644298547],[127.58057762963097,34.9118507594755],[127.57853541537254,34.91537978635467],[127.57831636970863,34.91549983490538],[127.57856975576233,34.916230575469605],[127.57861420839764,34.91662020902953],[127.57837115850465,34.916780374586125],[127.578552536034,34.91838719653771],[127.57890791300078,34.91846945327027],[127.57892014082563,34.918726286932625],[127.57881792800815,34.91892746378917],[127.57838013399275,34.91874814138588],[127.57845154416816,34.91908032836777],[127.57798546110908,34.918986913594075],[127.57681957628388,34.91993127511129],[127.57699501302888,34.9201762130279],[127.57730543366841,34.92667265755921],[127.57739482947431,34.92671533738698],[127.57810444380388,34.940906469290525],[127.57801483424171,34.94105449415864],[127.57738790868872,34.94153167918427],[127.57646168758761,34.94196435334754],[127.57594814777808,34.9420738207632],[127.57564474100248,34.94261622208409],[127.57524041438272,34.942911916532566],[127.57485157856178,34.94295191602597],[127.57463957973415,34.94281687289125],[127.57476653023167,34.94176532899589],[127.57465969459086,34.941134593615246],[127.57384218013945,34.940524109222274],[127.57263718416523,34.94012162102966],[127.5720054366604,34.94035022136033],[127.56900989031212,34.94016679801399],[127.56873668196837,34.940479326857925],[127.5679448492725,34.94088539428369],[127.56717437289589,34.94081603635832],[127.56621694771268,34.94126877938067],[127.56619234757967,34.94194689662095],[127.56660846102069,34.94206790880909],[127.56646914448895,34.94227826992129],[127.56639853945697,34.94305701397804],[127.56624886765891,34.94322939415212],[127.56547419393806,34.94322468263478],[127.56492095379176,34.943534707701886],[127.5645667351991,34.943835912080296],[127.56415479484531,34.94455089583159],[127.56397556948251,34.9454076052013],[127.56371232707326,34.94548065411635],[127.56355905282284,34.94565275934974],[127.56357090930975,34.945837341491305],[127.5637556741818,34.946067183338215],[127.56371585839548,34.94617440548096],[127.5636002505961,34.946301411981516],[127.56318323229789,34.94642573806112],[127.56294378621189,34.94667894074495],[127.56224316302114,34.94667654353433],[127.56197799212298,34.946090749232894],[127.56125774418233,34.94571761248286],[127.56027391994164,34.94602451591439],[127.55939461572073,34.94595420383708],[127.5575571520359,34.9463196535931],[127.55681742370186,34.94683427724568],[127.55729715839718,34.94786486593609],[127.55807420233765,34.94877098987149],[127.55859042509424,34.94892213593889],[127.55903990331412,34.94969891241051],[127.5598551582786,34.950508231204395],[127.55976267254783,34.951297644114526],[127.55900212410832,34.95174759541862],[127.55883122643182,34.95295987608226],[127.55847490848608,34.953110516209385],[127.5585347037303,34.95330277461739],[127.55829219004048,34.95338584838505],[127.55747909864026,34.95315028568046],[127.55733323294501,34.953183213719136],[127.556849250364,34.953582454327666],[127.55595990431654,34.95373467589356],[127.55547691863887,34.95395165841874],[127.5550578211364,34.95435890654851],[127.55502177450971,34.95477327768055],[127.55432410550063,34.95539882451904],[127.55402550261465,34.955538624872624],[127.55312256059476,34.955631324736856],[127.55253125182405,34.95594737050415],[127.55201050475625,34.95607254372869],[127.55163347187869,34.95658408484677],[127.55078108121464,34.95717820570852],[127.55066395742725,34.95744436014866],[127.55026223668233,34.957385053952464],[127.55007853679365,34.95743982192035],[127.5498982778649,34.95778103865083],[127.54998033076858,34.95800362194673],[127.54961046899543,34.958284851846365],[127.54894327205928,34.95848673033269],[127.54868290547523,34.958720844409875],[127.54799091236646,34.958641854812825],[127.54784486473118,34.959086580920555],[127.54801634761994,34.95940565167396],[127.54776227007704,34.959684110235024],[127.54787026010193,34.95987263271824],[127.54756467047176,34.9601218839168],[127.547637958791,34.96041520275197],[127.54757637577924,34.96093235191331],[127.54765561765447,34.96119381704835],[127.54757746805116,34.961611899309375],[127.54814589164583,34.962556059858784],[127.548623498156,34.96267559401669],[127.54854666961793,34.96316339164153],[127.54858639024744,34.963579672538216],[127.54896965688657,34.963740894964374],[127.54955240108463,34.96384981098606],[127.54965655720895,34.964204255121],[127.54983436626055,34.96433949569736],[127.54995638501524,34.96457598712474],[127.54984039038729,34.96509098453304],[127.55007048629653,34.9652674069387],[127.55047808990953,34.96530499992029],[127.55057469929557,34.96547765307972],[127.55022281428624,34.96532967037066],[127.55038362770912,34.965533022634304],[127.54980490069076,34.965284524540074],[127.54934839769925,34.96520095472927],[127.54917953703212,34.96553522302399],[127.5492691785146,34.965533268361064],[127.54924282162064,34.96573704261091],[127.54936497873668,34.96591859518789],[127.54924612593956,34.96610517392843],[127.54922618759085,34.96642609719287],[127.54889792788944,34.96671728636112],[127.54871302453974,34.967058665953616],[127.54836012933355,34.9672485606507],[127.5474679171913,34.968901233162036],[127.54637601192408,34.97040128294801],[127.54620343833034,34.971289625851],[127.54633978104724,34.97136252979704],[127.54631347955153,34.971473489093825],[127.54662379113148,34.971619271888756],[127.54740866551431,34.97232232857546],[127.54943063952962,34.97341472948108],[127.55142784375415,34.97317387799767],[127.55217336472784,34.97315247199423],[127.55298676568114,34.973405246715735],[127.55371530802282,34.97350516936605],[127.5539084901842,34.974296647030066],[127.55528147656214,34.9747607988061],[127.5555195492905,34.975634598118475],[127.55539625373714,34.9759257164017],[127.557462331492,34.97804476235847],[127.55733220773385,34.97907193388201],[127.5570861718507,34.979860908587845],[127.55620454686125,34.98109925305629],[127.554930003299,34.981624905455675],[127.55454043515145,34.982219887905465],[127.55336498989088,34.98318646261721],[127.55311474645652,34.98317759464277],[127.55247990314861,34.98376806002384],[127.55219646134891,34.984347770804135],[127.55107509606167,34.985194917355585],[127.55075273148738,34.98553270293768],[127.54995037896812,34.98587631645444],[127.54945126422895,34.98673416492451],[127.549697707791,34.98732640362932],[127.55094750922527,34.987741295109124],[127.55132473026413,34.98764579119229],[127.55188532302601,34.98769042855801],[127.55215251537115,34.98833919181933],[127.55276017077503,34.98922596486073],[127.55250912672042,34.98927850940552],[127.55263521672632,34.98942765387594],[127.55252070272307,34.989601965971524],[127.55248413022275,34.99009535013918],[127.55233822899346,34.99036191502959],[127.55221731704471,34.990910746119745],[127.5526326452256,34.991009697066175],[127.55310535198277,34.99101163334045],[127.55423869893839,34.99244810381221],[127.55411236933537,34.99394607137992],[127.5542583239871,34.9943487676119],[127.55525269339441,34.99488435151981],[127.55577593383377,34.99529644704909],[127.55687553086429,34.996608260620775],[127.55790882488228,34.99702167167802],[127.55822813244473,34.99787186150959],[127.55914931658987,34.9983081748236],[127.5594378556191,34.99865725415705],[127.55993884634974,34.99886084895368],[127.56085924564886,34.998900417514434],[127.56184398646437,34.99913882036766],[127.56209791541163,34.99953143564966],[127.5631681883095,35.000111662308136],[127.56502907011341,35.000368948746676],[127.56525360231588,35.00126405045365],[127.56555401198855,35.00126730590995],[127.56672060286627,35.001709604402265],[127.56779559468636,35.001550938654226],[127.56764435938965,35.00223147004323],[127.56736512177106,35.00269289079575],[127.5674063300372,35.003904743081954],[127.56685965577972,35.00500399642701],[127.56498183144629,35.007159800738634],[127.56407545370782,35.00798030585661],[127.56335011869417,35.00814604603993],[127.56068098926593,35.00912607478955],[127.56035403330766,35.00950206962431],[127.56034321759886,35.00997519032043],[127.56011858228261,35.0104722529787],[127.55982776898581,35.010752733923596],[127.55976674445517,35.01129411123231],[127.55994911403849,35.012108445877615],[127.55968101012853,35.01248149093364],[127.55955299907404,35.01339372582597],[127.55917106431352,35.01407121415017],[127.55806889461765,35.01565422403715],[127.55826037017015,35.01675258289563],[127.55785820426388,35.01722764183356],[127.55776533268798,35.0174679107356],[127.55792116801517,35.01878797865928],[127.55770720791578,35.019148791747924],[127.55802797306245,35.019746870344306],[127.5593832378411,35.02172054020767],[127.55965039447689,35.02231111790868],[127.5597066949369,35.02293701588247],[127.55992973184733,35.02358539266996],[127.56063899442732,35.02493571700215],[127.55865259984803,35.02712826234204],[127.55833361475813,35.0273535160969],[127.55800683359082,35.02779329229412],[127.55716678176051,35.02826359558654],[127.5566380619245,35.02902315757801],[127.55638604705857,35.029760189677496],[127.55649793724783,35.032633747146434],[127.55682405063354,35.03356051499904],[127.55732086508876,35.034280309662115],[127.5574987463403,35.0355908360762],[127.55688400215843,35.03591672552661],[127.55535110395375,35.036978321855926],[127.55445655433378,35.03710225561623],[127.5530196368094,35.03780326536571],[127.55255757486543,35.038099856638176],[127.55194318386654,35.038714582176304],[127.55124631970274,35.038852237716945],[127.55092531557338,35.039221139735965],[127.55044173707749,35.03950317331893],[127.54960823357499,35.040645185786026],[127.54857505723176,35.04104448148565],[127.54843954325351,35.041626747861095],[127.54718465670827,35.042012095613615],[127.54676686427595,35.042354660311254],[127.5463196398627,35.04254595465551],[127.54619644344795,35.042973940604206],[127.5452804645248,35.04393307454788],[127.54446740979267,35.045180022031275],[127.5425777794329,35.04675950384444],[127.54196556792027,35.04702236013814],[127.5405599441656,35.04783800164096],[127.54016154551086,35.04837777346984],[127.53878771786015,35.04952929282671],[127.5367691935953,35.05010029356391],[127.5366632200685,35.05102535540105],[127.53626159749196,35.05162752047905],[127.53591082702296,35.05236071584828],[127.53539145245891,35.05303014228075],[127.535278228847,35.053292034067326],[127.53538755484149,35.053537740517406],[127.53531485835128,35.054078166989626],[127.5339154154973,35.05568901635353],[127.53334024413033,35.05605278525198],[127.53269074548557,35.05660405260669],[127.53222429337148,35.05685973617289],[127.53193272220207,35.05714085569157],[127.53088267436141,35.0577858296813],[127.53072104415847,35.05792709247979],[127.5303150873178,35.0586144527743],[127.53002594451404,35.058901902555846],[127.52820323270402,35.05979188933447],[127.52800207078434,35.059966553214956],[127.52829144128921,35.06144408877108],[127.5278654501334,35.06389874377679],[127.52690047653728,35.0646602109434],[127.52674586736079,35.06509803807576],[127.52608503273795,35.06606478964717],[127.52603331413862,35.06630710843946],[127.5260310454093,35.069167091439475],[127.52550453182641,35.07118586961366],[127.52551310312231,35.071535386990796],[127.52601542532265,35.07250695797792],[127.52564093489845,35.073069246625266],[127.52584369212339,35.07343215675013],[127.52636117544483,35.07561908236247],[127.52661642420524,35.07628511462187],[127.52683463506558,35.07780056211269],[127.52730182252235,35.07862791797923],[127.52775700139075,35.07923830501582],[127.52871607128607,35.0800121153374],[127.52916390049478,35.08075364866027],[127.52975473388966,35.08132709503164],[127.53037225190425,35.08154861495038],[127.530926722439,35.0820074357435],[127.5318532767435,35.08378228765986],[127.53190365252046,35.08410092079031],[127.53105962559717,35.08642629526081],[127.52999840891053,35.08824081333978],[127.53044204145705,35.08909446071098],[127.53048765399674,35.0899222345602],[127.53033570113067,35.09117479365548],[127.52985424282869,35.092321464896564],[127.52946938111869,35.092984093165185],[127.52948819048217,35.093962536326096],[127.52904182134647,35.094814850008675],[127.52932827465717,35.095179209397784],[127.52964713173382,35.095279087488706],[127.530196977024,35.09567173515889],[127.5310418602194,35.09576424008249],[127.53125938597078,35.095987636160984],[127.53137942154818,35.096637210840385],[127.53172593068234,35.09769858656808],[127.53186673194466,35.097927959220925],[127.53212528941972,35.09813540049358],[127.53238727628029,35.09860605636539],[127.53250714470964,35.09928028211981],[127.53298695180672,35.100492884297225],[127.5328441546104,35.101356552849595],[127.53245923858799,35.10235845814841],[127.53270084278508,35.10372702766833],[127.53291599082658,35.10429153744248],[127.53356041093753,35.10487951833827],[127.53329666228524,35.10524952578212],[127.53331173037905,35.10535396206838],[127.53386279653678,35.105787850516144],[127.53410618716092,35.10576678054315],[127.53423347757759,35.105681440269215],[127.53475305361947,35.10517467976982],[127.53505262137996,35.10535898547687],[127.53500544685475,35.10553565927083],[127.5343435562481,35.10608445437229],[127.53427038448032,35.106400951248574],[127.53372491113653,35.10690584942602],[127.53291127202598,35.10734107454251],[127.53263841390064,35.107735628562665],[127.53221426079577,35.108028026600344],[127.53189478986859,35.10866093737245],[127.53204670788868,35.10891011741572],[127.53199884553602,35.10951168838755],[127.53213582457506,35.11023105047588],[127.5321016617491,35.11075130523231],[127.53194835717355,35.11105547824143],[127.5321816197879,35.111425551641766],[127.53191730815665,35.111924424029525],[127.53190289480187,35.112503323950754],[127.53115023288541,35.11286208866139],[127.53064698158684,35.11277781125567],[127.52899439841572,35.11293598990776],[127.52870472370549,35.113198217565554],[127.52774942421682,35.1135257274446],[127.52689754703859,35.11408050736946],[127.52600208718262,35.11527022614108],[127.52641908214574,35.11596118826564],[127.5262908902016,35.116445091238],[127.52517478194274,35.11704340192249],[127.5247426625105,35.11744326734636],[127.52306391653843,35.11832720766396],[127.52273727445764,35.11865929918981],[127.52248596882916,35.118627417507554],[127.52172680980023,35.118816436549004],[127.52150139154385,35.11878600135804],[127.52103890689355,35.11894304353311],[127.52079572341202,35.11932842933793],[127.52078206002348,35.120145190174526],[127.52092677779206,35.12053214957673],[127.52137783526766,35.12094920701354],[127.52111733533017,35.12125156310047],[127.52060859737571,35.122389161988174],[127.5204515251507,35.12259545890616],[127.51990032660774,35.122957788949485],[127.51981633961203,35.12355402872696],[127.52002597889006,35.12450108749919],[127.51944271177942,35.124971300004006],[127.51932524481342,35.12528980625527],[127.51869938738339,35.125830754047094],[127.51849042409256,35.125396745667835],[127.51798369875976,35.124987946000076],[127.51754560833598,35.12491601873405],[127.51705299904019,35.12467953766529],[127.5164103149211,35.12459157614908],[127.51570685120042,35.124787649366624],[127.5147171996171,35.124889297908155],[127.51260489058755,35.12440797236642],[127.51251185908193,35.12427978730041],[127.51156892625474,35.12411982235195],[127.51062435157979,35.12416435458991],[127.51018951762947,35.12431096379985],[127.50802092097501,35.12425765509423],[127.50716420632241,35.12442798184306],[127.50638128747224,35.125030218452885],[127.50611913807165,35.124994409104566],[127.50578927129851,35.12506803404863],[127.50442360160982,35.12437586728245],[127.50322479539358,35.12439012886736],[127.50263283374005,35.12485719575849],[127.50132862544523,35.12490596321566],[127.50114903138034,35.12508161937858],[127.5006275334621,35.125272348181795],[127.49968803363457,35.12595532522586],[127.49916756384845,35.126147026079806],[127.49864226493018,35.126560845553854],[127.49812215589485,35.12684014238705],[127.49775729468467,35.12699810198751],[127.49673237144694,35.12725678106383],[127.49612016450942,35.12761672851364],[127.49668538044388,35.128385496294634],[127.4971873102338,35.12861074638822],[127.49763029854165,35.12895257245703],[127.49774209378047,35.130172737413346],[127.49814922262584,35.130535556339915],[127.49812154165895,35.13128547357773],[127.49826088223571,35.13144813631878],[127.49828068626334,35.13194308415031],[127.49826398189492,35.13232693698418],[127.49791157224531,35.13273088661789],[127.49811624071948,35.13320776191629],[127.49804546738828,35.1335504195865],[127.49694730932566,35.134525691805784],[127.49662869160956,35.13496259689115],[127.49628603588211,35.135001465259826],[127.4958672194268,35.13562623043249],[127.49494742441404,35.13636415317511],[127.49435958506766,35.13659793910081],[127.49412617069578,35.1368112635872],[127.49397217296591,35.13720299270419],[127.49369031134057,35.13748721478357],[127.49294903405612,35.13766668899763],[127.49291789334572,35.1381339651255],[127.49189898366485,35.13947771884188],[127.4911910917726,35.140226166126546],[127.49058911462477,35.141513015490325],[127.4904088183241,35.142271153130196],[127.49047834008354,35.143000683231286],[127.49002157969272,35.14314589372419],[127.48962440342929,35.1435633842302],[127.48945827767545,35.14356503589232],[127.48934389747768,35.14364873560132],[127.48838664718183,35.14364835858882],[127.48779139306643,35.143772854287796],[127.48680931993697,35.144559971147764],[127.48674292342758,35.14489895356725],[127.4865389869424,35.145031303635626],[127.48630105578368,35.145561796394546],[127.48608896401748,35.14579418235454],[127.48606060461054,35.14598428140668],[127.48584358922346,35.146082323204645],[127.48569171907214,35.14666866940991],[127.48535639860418,35.146969696935734],[127.48542312206625,35.14845130558649],[127.48493241305064,35.14836833977902],[127.4844832522098,35.148790527416445],[127.4832821107945,35.149546238337706],[127.48309729792372,35.15027861286946],[127.48257018034525,35.15100516299213],[127.48174880318662,35.151732877533995],[127.48133464399456,35.152221524171495],[127.48031650816856,35.15229470333713],[127.47963239900558,35.1524255672229],[127.47923723752517,35.1527349894479],[127.47883395362713,35.15285868415448],[127.47846969599746,35.15308615800767],[127.47833138419266,35.153276408452996],[127.4773208250722,35.15394667357667],[127.47660888303646,35.15424859696164],[127.47596176672303,35.154021713637874],[127.47560138941124,35.15427141782955],[127.47408785266248,35.15494404687191],[127.47353211023474,35.15530548049593],[127.47265623873396,35.15502045960438],[127.47161475780861,35.15566361298849],[127.47084043642006,35.15648627991854],[127.47010642700961,35.158182378177415],[127.46934097589653,35.1590352772587],[127.46786770357302,35.160027650324785],[127.46751007265294,35.16004423234958],[127.46694649458452,35.16063664410343],[127.46697161408396,35.160923003824074],[127.46675295475322,35.161163547191386],[127.46602256231671,35.16110311187125],[127.46559963750553,35.16119233443],[127.46509404031183,35.161155260130656],[127.46452861237361,35.16124558314927],[127.4628568924666,35.161187596335594],[127.46134340346622,35.161485025723785],[127.45845067605406,35.16229478815329],[127.45765744377056,35.162468465363204],[127.45705169711512,35.162496234852185],[127.45631409356469,35.16302220969285],[127.45266401389817,35.165122191322986],[127.45174205522062,35.16562826506901],[127.45071456614475,35.166002045064275],[127.44901068463916,35.16735248101408],[127.44827868922721,35.16766699449259],[127.44723715873582,35.16786490876972],[127.44536883009357,35.16867086491506],[127.44418041080645,35.170092009327064],[127.44344823824876,35.170761118335015],[127.43921336038318,35.17386908682749],[127.43877290681999,35.17460780537023],[127.43749028413659,35.175993881709196],[127.43605366296467,35.177911865650664],[127.4354684807859,35.17850842649202],[127.43410302007554,35.17940338738348],[127.4325307270014,35.18011457335376],[127.43082515087409,35.181061551902836],[127.4289728613312,35.18187423777864],[127.4252095329974,35.184497696216724],[127.42350205174706,35.18544161247277],[127.4220891522937,35.18643181229912],[127.42034445251042,35.187324554382265]]]]}}
