{"type":"Feature","bbox":[126.79293413223726,34.42198283552431,127.04621033824397,34.8778269338514],"properties":{"regionCode":"12770","version":"vworld-20260909-3f8952dfda77-p2","name":"전남광주통합특별시 장흥군","attribution":"국토교통부/K-Geo플랫폼 · VWorld 법정구역정보, CC BY 2.0 KR; 두꺼비집 가공"},"geometry":{"type":"MultiPolygon","coordinates":[[[[126.93115869676238,34.43630653470455],[126.93059898026323,34.43676708436266],[126.92997057851817,34.43714127634561],[126.92938253346244,34.43665742334214],[126.92889648014244,34.43645725497476],[126.92889720914481,34.43614227557231],[126.92953773603581,34.43621698820555],[126.93040688367452,34.435963680211806],[126.93115869676238,34.43630653470455]]],[[[126.93943963081051,34.43843008631958],[126.94021531679813,34.43858371637363],[126.93915591266476,34.439060334400644],[126.93890119983621,34.43869439133336],[126.93884552221019,34.438332308788226],[126.93943963081051,34.43843008631958]]],[[[126.95342046978895,34.45431765579429],[126.9535026471986,34.45440672516908],[126.95340102865248,34.4547828012313],[126.95322669517302,34.45486825411282],[126.95297707270754,34.454864360351216],[126.95290287234828,34.45466232290183],[126.95314392801895,34.45430958706337],[126.95342046978895,34.45431765579429]]],[[[126.95187254004074,34.45511219780791],[126.9516778789597,34.45528373861853],[126.9516360085879,34.45481498074843],[126.95177121075172,34.4545992714004],[126.95200446389914,34.454512654484375],[126.95205270941734,34.45439616934972],[126.95227977285438,34.45432251239374],[126.95239357080338,34.454192955234916],[126.95238691938377,34.45442025557277],[126.95248381470057,34.454480863440985],[126.95243664775768,34.45489454231156],[126.95222066621548,34.45507134898964],[126.95187254004074,34.45511219780791]]],[[[126.95029888586616,34.46160663330683],[126.9500100233249,34.46237798924903],[126.94984637095985,34.462442789275805],[126.94922243153066,34.46219056696153],[126.94908325336012,34.46154431510473],[126.94919186767453,34.46149590815287],[126.94995906409305,34.46160121724688],[126.95017546134851,34.46152753276428],[126.95029888586616,34.46160663330683]]],[[[126.95973000479182,34.46214687726229],[126.95986373724645,34.46158493843711],[126.95839119685793,34.45996744413374],[126.95892952687808,34.45899805038635],[126.95960013676346,34.45851180927098],[126.96065570263212,34.458340014046854],[126.96105213068253,34.4583798097266],[126.963072493099,34.4597086242152],[126.9633967669567,34.459593708340186],[126.96342933013337,34.459640350919386],[126.96355971724815,34.459529827437514],[126.96422014972251,34.458431827880574],[126.9641854075619,34.457826469593506],[126.96431940664668,34.457193009970126],[126.96427710946706,34.457010496736935],[126.96330992630871,34.45634256051378],[126.96251267595285,34.45606079280003],[126.96168341897197,34.45563071041276],[126.96168588318145,34.45552879222253],[126.96238138300701,34.45438400948084],[126.9628367820508,34.45396191935135],[126.96411938013239,34.45327314231611],[126.96467236849757,34.45275039094884],[126.96496598369913,34.45167387434059],[126.96372905109793,34.450485970140214],[126.96361988024788,34.450201453672136],[126.96355755375033,34.449296638798636],[126.96341035359818,34.44886670476281],[126.96316380226044,34.4487283799464],[126.96269583335791,34.44818060452733],[126.96274147652973,34.44776770500666],[126.96301003447053,34.44748854079003],[126.96281755085835,34.44703275022928],[126.9633654236409,34.446823990367676],[126.96368098815947,34.44682128850433],[126.96361126617863,34.44676066687291],[126.9641305762377,34.44634470301646],[126.96432639131241,34.446510640331546],[126.96568763502816,34.44538424660628],[126.96474893723902,34.44467741277845],[126.96484053668254,34.44460025711509],[126.96570329334736,34.4453073926262],[126.96670197454264,34.44561774659811],[126.9670488669029,34.446270817664654],[126.96699428321782,34.446833557177015],[126.96663173039764,34.44746762312527],[126.96593041468215,34.44809929139449],[126.96574284320187,34.448491606494954],[126.96568681442632,34.449613178039996],[126.96580227178006,34.451689697938555],[126.96662536655954,34.452425012254025],[126.96764024166409,34.45278946844974],[126.96784253075734,34.452985555581286],[126.96798855096196,34.45328369928762],[126.9680265354143,34.453654209583],[126.96733694381969,34.45712307843594],[126.96702894528632,34.45951856525406],[126.96751511197849,34.46090983198379],[126.96833928713886,34.461629069989755],[126.96920372822755,34.46193997035774],[126.96937267665764,34.4621864283922],[126.9693702895523,34.46242383583794],[126.96840484925771,34.46356492433913],[126.96820319873468,34.46366752779311],[126.96723536753981,34.46384425339556],[126.96696291741686,34.4639700024617],[126.96632211710956,34.46466489848078],[126.96647560881763,34.46488189632426],[126.96594331912088,34.465248068533334],[126.96589159809639,34.46519804063444],[126.96615887702232,34.46498521165606],[126.96621034170097,34.46471249939191],[126.96603085959309,34.464781228831306],[126.96540244752191,34.46462709438148],[126.96508312663637,34.464626134522995],[126.96456230774679,34.46481062430602],[126.96393378311579,34.46527933561967],[126.9640782881486,34.46559941539938],[126.96343114748491,34.465601974548896],[126.96342159379122,34.465404353990415],[126.96258901032131,34.46534397423635],[126.96204691017311,34.46507327339263],[126.9614869961345,34.46427769040552],[126.9599643151946,34.46300812000061],[126.95975378356731,34.46261059551625],[126.95973000479182,34.46214687726229]]],[[[126.96799881146421,34.49928460075485],[126.96970658655985,34.49876067157321],[126.96969422716201,34.49902263959709],[126.96888952996495,34.499264765680444],[126.96834367696178,34.49972919192532],[126.96792304521018,34.49954246764172],[126.96799881146421,34.49928460075485]]],[[[127.01147919177318,34.56720186035866],[127.01185654487634,34.567677195485324],[127.01171230430138,34.567994596706285],[127.01140793247428,34.567909246372615],[127.01120920042182,34.56755313852076],[127.01129474631097,34.5672061031977],[127.01147919177318,34.56720186035866]]],[[[127.00715388168823,34.572988318791666],[127.0072102598782,34.57366050332036],[127.0069444289282,34.57389956901868],[127.00671986110174,34.57352254192769],[127.00689802844575,34.573123528821995],[127.00715388168823,34.572988318791666]]],[[[126.99992211390386,34.58741191344468],[126.99999935400943,34.58782728879367],[127.0002438667775,34.588145229164645],[126.99958565654015,34.588466386018325],[126.99902856922044,34.5888699779715],[126.99860744254276,34.588670489455],[126.9988069009029,34.58799499104901],[126.99968660674675,34.58714197419009],[126.99992211390386,34.58741191344468]]],[[[127.00459901578795,34.60426893495118],[127.00470875719685,34.60458291165018],[127.00432288552726,34.605106746624976],[127.00406779818164,34.6051404842221],[127.00399136830772,34.60495299594361],[127.00429683611864,34.60435533621859],[127.00455551368366,34.60418992510054],[127.00459901578795,34.60426893495118]]],[[[127.02717857725732,34.61003619111302],[127.02703436169985,34.61030596730604],[127.02673402296806,34.61027467804716],[127.02671166255314,34.61002725642519],[127.02681419087392,34.61002230426643],[127.02687659896748,34.60988119842972],[127.02715755683471,34.609966054782966],[127.02717857725732,34.61003619111302]]],[[[127.0126957026972,34.620913282192106],[127.01265200616288,34.621050178113954],[127.0124940706329,34.62097826707965],[127.0115312925193,34.62097163504232],[127.01122815512174,34.62087840637716],[127.0108993313957,34.620622334753335],[127.00959368985112,34.61842548792637],[127.00916772355795,34.618127239852186],[127.00897482265118,34.61667430947585],[127.00907885108992,34.616637695690024],[127.00910042464963,34.61646768360469],[127.0092012624906,34.61647900825285],[127.00935673940208,34.6162712083342],[127.00936661398426,34.61611407846646],[127.01042204695705,34.61579873702451],[127.01097863481863,34.61499175651968],[127.01197224709348,34.61459076103187],[127.01202183844819,34.61444101022094],[127.01176872804264,34.6119853221077],[127.0118047420002,34.61103243787137],[127.0123448423988,34.610551762858606],[127.01321969897022,34.6110933273715],[127.0143322859221,34.6115704530047],[127.0149032976582,34.611639630518695],[127.01545019691393,34.61289873081533],[127.01519729347307,34.613464969604124],[127.01525348736881,34.613522249494544],[127.01516380854264,34.61359064256239],[127.01505303141576,34.61432357642325],[127.01505073210117,34.61453149284117],[127.01533075402223,34.61506228966937],[127.01536078311617,34.61552457849523],[127.0152270309475,34.615794880159726],[127.01524393287934,34.61659240528261],[127.0155899563671,34.61753220209082],[127.01679223422279,34.61857140226406],[127.01686572134616,34.618837487615245],[127.01545194248071,34.618863286296296],[127.01471423558709,34.61920176768856],[127.0126957026972,34.620913282192106]]],[[[126.97602833932964,34.46973794384647],[126.97647373770741,34.46990739227597],[126.97704059821059,34.46992861870766],[126.97703177117505,34.47037689295551],[126.97775503532647,34.470747056781384],[126.97826474623204,34.47076941131474],[126.97844761885541,34.471207977627216],[126.97832359878237,34.47144424418961],[126.97798863314905,34.471634658343284],[126.97815173941683,34.47187688392601],[126.977669282131,34.47191443603367],[126.97683943032676,34.47219407528549],[126.97639959828244,34.4724417875814],[126.97623397209006,34.47262996876214],[126.97634413451445,34.47271466523854],[126.97629679996494,34.47291975497776],[126.97606299947243,34.47318216586723],[126.97608087385044,34.47332209368769],[126.97586043464608,34.47391818112577],[126.97586296982021,34.47517198151484],[126.9756644435241,34.475177357620275],[126.97564615760737,34.47531497010903],[126.97576159797654,34.47580524243216],[126.97607659207935,34.476361425534066],[126.97651687827094,34.476783027910294],[126.97693860385357,34.47692439829022],[126.97712771280732,34.47712588441355],[126.97797318195049,34.47722385742118],[126.97847887129906,34.47740798559617],[126.97863867195046,34.47760337903709],[126.97859339438067,34.47794035290628],[126.97805820199318,34.479083929030644],[126.97810657559484,34.479406470153464],[126.97791836649793,34.479929368637116],[126.97801817955792,34.47996547305153],[126.97799266582267,34.48026762711252],[126.9785149826154,34.48082090432419],[126.9786611838164,34.481131338841614],[126.97836977223054,34.481385007945086],[126.97786535412074,34.48267519205103],[126.97761070159225,34.482991292132894],[126.97763280148995,34.483525588966934],[126.97748421301736,34.48379707827983],[126.97762822666189,34.48380325430792],[126.97762061105256,34.48390130410516],[126.97750215563157,34.483904823712784],[126.97750260452946,34.48443017381863],[126.97767947507853,34.48481876245789],[126.97825223499315,34.48485530010952],[126.97840335859607,34.48502298125053],[126.97741462229867,34.48545042335965],[126.97713692963129,34.48570808547592],[126.97693736755245,34.486043702404366],[126.97665504447659,34.487333807588485],[126.9762375018517,34.48748275079141],[126.97623668522276,34.4877730821087],[126.97635682278126,34.48809717069307],[126.97643553083185,34.488074830728124],[126.9765999274273,34.48828038682615],[126.97647234088932,34.48843576260263],[126.9757969201083,34.488490115854695],[126.9758602198224,34.488230365975],[126.97515816926867,34.48794235572725],[126.97451140916621,34.4880543650651],[126.97430028206713,34.488215137907055],[126.97422023689347,34.48843057676643],[126.97377923795518,34.48830326461027],[126.97378582373554,34.48823966848361],[126.97345148118275,34.48805982440074],[126.9731887735129,34.4880480361018],[126.97183657799197,34.48866481608973],[126.97141840350913,34.488954973500284],[126.9707104056534,34.48965126134282],[126.97000726726755,34.49103229982275],[126.96997736313897,34.4912268439525],[126.97008714072578,34.49142833809921],[126.96933971458989,34.49151350293954],[126.96882815768593,34.491244382768286],[126.96816533428657,34.491364503311836],[126.96737626173221,34.49123766789442],[126.96702074585296,34.49134807762756],[126.96576241615601,34.492538826193055],[126.96519976282912,34.49334372211202],[126.96498211949246,34.493896005146226],[126.96462573935158,34.49445410551028],[126.96353049826173,34.495251674475554],[126.9630058933938,34.49538685496246],[126.96789937287299,34.505069392010185],[126.9682878314817,34.504819876848956],[126.96858494231516,34.50481351164101],[126.96904302738022,34.50511409680621],[126.96914248533835,34.50591362983775],[126.96887807780381,34.50665917756473],[126.96830243859138,34.50690082836508],[126.96781509551913,34.50701293509941],[126.96774064451725,34.50714950256693],[126.96804102534313,34.51007977998378],[126.96834596849082,34.50994873778458],[126.96868542675169,34.510023865975086],[126.96937377592057,34.51042953918535],[126.96988350631558,34.5106305331234],[126.97058901501106,34.510274748076306],[126.97090101784137,34.51021582639725],[126.9716086874452,34.50970237214263],[126.97211690029454,34.509668122700326],[126.9736868044902,34.50979651309997],[126.97499607771157,34.51027276942018],[126.97607236008592,34.510123266294926],[126.9761474992824,34.50976288162799],[126.9762799354216,34.50970557663365],[126.9768726258485,34.50975540311928],[126.97702732663527,34.50982503514383],[126.97755932365229,34.51043196107988],[126.97764560193187,34.510706262447435],[126.97805322425849,34.5111575263608],[126.9781032958961,34.511314397428364],[126.97814294543899,34.51127753563535],[126.97891103134184,34.51160697956015],[126.97882943511664,34.511719916323194],[126.9786792785891,34.511660392712656],[126.97866960885274,34.511578178577935],[126.97814161442385,34.51136470570222],[126.97716871074739,34.512335271115155],[126.97703092330521,34.51258207899046],[126.97702561829722,34.51284908768214],[126.97815880843457,34.512584552458044],[126.97842693042766,34.51215812675005],[126.97835517423812,34.51212512012605],[126.97842762503016,34.51200803529304],[126.97856906996554,34.512067647726525],[126.97826422756846,34.512573214192244],[126.97812110309833,34.51267676370349],[126.97733858691824,34.51289548431569],[126.97681946723061,34.512853012749616],[126.9767077810299,34.513027916756904],[126.97669179475461,34.51335834933169],[126.97612805274902,34.513216697192874],[126.9748863044761,34.51344860258653],[126.97470023451642,34.51358542030505],[126.97444832462361,34.51361145295986],[126.97410823987786,34.51335988169298],[126.9743281040877,34.51362209053362],[126.9737050361367,34.51433109504629],[126.97374236528881,34.51457031243956],[126.97344086463657,34.514737985715804],[126.97350370097514,34.51480648328343],[126.97318359375288,34.51563331028876],[126.97291743042388,34.5167212179516],[126.97223471594506,34.51769918437639],[126.97188967341633,34.51866172394291],[126.97178645020368,34.51946041964408],[126.97192503357003,34.52043104415651],[126.97165416866572,34.52111388069125],[126.97186988605702,34.52137334319287],[126.97190621775827,34.52230421577694],[126.97214476693506,34.52256481006715],[126.97298843053369,34.52270650075652],[126.9733011176065,34.52294838689559],[126.97362154125031,34.52334877581545],[126.97370815047977,34.52357861997756],[126.97356116874818,34.52371182977169],[126.97299640694203,34.523657351344795],[126.97245380384008,34.52377836969766],[126.97207828564449,34.52411937045638],[126.97177855136114,34.52457485445428],[126.97109728320163,34.52474398845684],[126.96945793438222,34.52371925400676],[126.9692327668198,34.523425719090476],[126.96890453510171,34.523272124397046],[126.96855265773706,34.52339976562284],[126.96794110854698,34.523379902939446],[126.96484560489176,34.523059316649935],[126.96425413538887,34.52489611128527],[126.96405796303675,34.52502311069829],[126.96176816003796,34.524580435673435],[126.96160049891984,34.52468475092189],[126.9616306075033,34.52534067304895],[126.96354660679822,34.52611023588901],[126.96353917494162,34.526840190754974],[126.96310182641756,34.528658195070996],[126.96269071143585,34.52891877335195],[126.96238075225982,34.52898801412032],[126.96112703692921,34.52905466585027],[126.96072597790706,34.53025681255987],[126.9605357671921,34.53062978634601],[126.96027048654061,34.5308864657745],[126.95867155543843,34.530277087717],[126.95837188957768,34.53052064394298],[126.9577328177901,34.530755604918724],[126.95771607800874,34.53085622758522],[126.95784697572773,34.53093407832496],[126.95889022828874,34.530818105045114],[126.96194347333433,34.5334673223428],[126.96232777354918,34.53488471991492],[126.96253698254705,34.534864855672794],[126.96288938544528,34.53506896489548],[126.96314838697722,34.53535807741187],[126.96354989655326,34.536097966331795],[126.96366072488937,34.53611876998276],[126.96421530150222,34.53664287032057],[126.96486808280142,34.53737833279679],[126.96482503247057,34.53747788474812],[126.96632845383482,34.538669507008194],[126.9667132970797,34.53917210150084],[126.96737207883884,34.53958651073278],[126.9678879232608,34.54013026189288],[126.96829117607207,34.54037302334736],[126.9685764283524,34.54067631098437],[126.9687660006494,34.540621905406546],[126.96933011605374,34.541062519756665],[126.96996765078649,34.54077944199772],[126.97015871849766,34.54077359557688],[126.97075613362713,34.54097677981806],[126.97109978952001,34.54118507272038],[126.9720233152137,34.542105603251215],[126.97173113805219,34.54284814417195],[126.9719119407471,34.54295607307794],[126.9724022195001,34.543040061082934],[126.97305994312316,34.54331032491534],[126.97385069342481,34.54336633248753],[126.97421752468283,34.543517019349785],[126.97470621526989,34.54320176520466],[126.97751679166956,34.54341370051906],[126.97809819213767,34.542851003863184],[126.97873123508376,34.5424814488923],[126.97987517466348,34.54143943953247],[126.97992858400745,34.54128205635755],[126.9803624697981,34.54090879776565],[126.98030260404195,34.54084026847043],[126.98091371310869,34.54021078411585],[126.98107284382452,34.54013823523514],[126.98128796873345,34.54015184665642],[126.98217816942683,34.54066179428452],[126.98259666895483,34.54063644768381],[126.98335076794079,34.54077847627595],[126.98369774576265,34.54061992655125],[126.98410757776787,34.540203985641305],[126.98434872601581,34.54012220425337],[126.98517794291207,34.540056673916474],[126.9859827615941,34.540319126293646],[126.98628200128489,34.540314512259854],[126.98728179790069,34.539890915939466],[126.9877685980744,34.540314930738546],[126.98857150278594,34.540766822895364],[126.98860632330559,34.541024730454836],[126.9880424361783,34.541861482944746],[126.98777707154917,34.542464521334814],[126.98782115013951,34.54339337662577],[126.98832384971159,34.544491122633225],[126.98881087612527,34.544855538381924],[126.9889102044896,34.54511242467052],[126.98847353479974,34.54520643607938],[126.98767425451138,34.54498306060221],[126.98729590091597,34.5449506555466],[126.98641089595958,34.545292107978675],[126.9861851215748,34.54553177454163],[126.9859425118172,34.54607793017242],[126.98571895531947,34.5472523954489],[126.9859532254102,34.54823482083614],[126.98629943444134,34.548977655307475],[126.9875840858776,34.55003484242036],[126.98813337015098,34.550969972565404],[126.98836648895661,34.55120022679122],[126.9886434210176,34.55134205338262],[126.98883880744955,34.55109760172172],[126.98893217267556,34.55113619315188],[126.98917976279192,34.55151599704627],[126.98965712220706,34.55198650811998],[126.98974181825243,34.55247879537131],[126.98995529655276,34.552983354323345],[126.98992691403625,34.553380978996536],[126.98965110503404,34.55371187314536],[126.98792438737836,34.55444042259091],[126.98767645863549,34.554777354975165],[126.98727284871244,34.55500050660291],[126.98712886195818,34.55526328798916],[126.98664508390578,34.55539070372456],[126.98652066466356,34.55552275925619],[126.98842399718886,34.560221889544216],[126.98822232485557,34.56031534765281],[126.9888248842329,34.56180198207406],[126.98889212651919,34.56172906219897],[126.98968805262332,34.56170513576598],[126.98996745730187,34.562044411552975],[126.99809861521527,34.562400756713785],[126.99830966683578,34.562216750587126],[126.99855094089759,34.562137510572974],[126.99859002838949,34.56176682886394],[126.9983220267584,34.56153944223725],[126.99884322418472,34.56124982045614],[126.9990902923371,34.56036762746575],[126.99973005205383,34.56066630430643],[127.00019489873159,34.56007529620349],[127.00044878803128,34.55953164665931],[127.00099715187469,34.559162535480354],[127.00140327317882,34.55871386043753],[127.00130553551567,34.5584984963858],[127.00154822291559,34.55813587242198],[127.00146487927445,34.55810414165335],[127.0022637296324,34.55794852237423],[127.00264655553858,34.557628848952156],[127.00268530606482,34.55721176832124],[127.00250315159288,34.556615482685544],[127.00249641985104,34.55592142461652],[127.00252662015349,34.55572298035132],[127.00288643131411,34.5552442553866],[127.00312484681307,34.555105024152866],[127.00347206189787,34.55528171995286],[127.00383516541359,34.555871176879826],[127.00435677277946,34.556391776623286],[127.00460997287915,34.5573442633908],[127.00489848548594,34.557860404430826],[127.004426795944,34.55869395534592],[127.00472436803592,34.558966913905756],[127.00446643620263,34.559297750586154],[127.00389987047244,34.559738975195856],[127.00353411935662,34.560263775689876],[127.00339578724532,34.56056762768588],[127.0033237086901,34.56154908470503],[127.00357554719095,34.561950709689334],[127.00413418148423,34.56237023935143],[127.00436491833814,34.56304423425994],[127.00612000586366,34.56490564153663],[127.00626826676319,34.56524099961349],[127.00611186443253,34.56565447964382],[127.00526430084086,34.566229485740884],[127.00502252626887,34.56670429213289],[127.00501905499262,34.56732249271876],[127.00521010210802,34.56773952138658],[127.00524140734794,34.568157870949904],[127.00462096647277,34.56924428941767],[127.00455140620201,34.56977716992606],[127.00556024373626,34.569744507587636],[127.00555242396332,34.56961856732988],[127.00665733978619,34.56954233492767],[127.00667683762727,34.56975022474485],[127.00449607302083,34.56989882099119],[127.00423575861974,34.57008380327205],[127.00396018226286,34.570132288909186],[127.00314697933364,34.56995271783152],[127.00181221058885,34.569255481811936],[127.00141598960647,34.56867000455283],[127.00113119806063,34.56842523552184],[127.00007830068417,34.56809520140346],[127.00007972034858,34.5679059976129],[126.99971625639046,34.56716001316928],[126.9995344019286,34.56628387113241],[126.99905896091656,34.565950347031034],[126.99822429815727,34.56578055934042],[126.99805744746396,34.565672021131654],[126.99786594213087,34.565707181014716],[126.99613999221224,34.56667209536272],[126.99614921120056,34.56684485728672],[126.99599572056653,34.56707878400744],[126.99532195280071,34.567608845694366],[126.99549702377281,34.56813081666986],[126.9950405489222,34.56866407814939],[126.99423920667485,34.568823742288515],[126.9944765510242,34.56910100366806],[126.99440292377906,34.56914994779271],[126.99416183766147,34.56904506890755],[126.99401150332655,34.569215297308155],[126.99405676689348,34.56951380370649],[126.99395096948575,34.569197940856135],[126.99412176913465,34.56902957072476],[126.99367290606902,34.56818097011443],[126.99381649268788,34.567663343690846],[126.99373601299071,34.56746364204591],[126.9931533483556,34.567138543758915],[126.99250225782595,34.567085790625654],[126.99212273594627,34.56694113485568],[126.98901068157775,34.56722717470877],[126.98912121111196,34.56767690666349],[126.98882698904431,34.56822956923144],[126.98766352067953,34.568650498595204],[126.98742437618392,34.56885385490396],[126.98700865505472,34.56895549830311],[126.986450132823,34.56893569856079],[126.98583581665933,34.568503533269926],[126.98190626982874,34.57027659281747],[126.98245919013024,34.57028558615295],[126.98257679846843,34.570375847744],[126.98221215117152,34.570717888292194],[126.9816381646957,34.57093137538826],[126.98121731211582,34.5713612132978],[126.97998939548116,34.571925000287095],[126.97963029206467,34.57221246971878],[126.9792116644445,34.57236738825324],[126.97886938141217,34.57342733109637],[126.97890556437349,34.57402819380786],[126.97966584725701,34.575076239532436],[126.98014786579223,34.57537209644158],[126.98300130143765,34.57548046266485],[126.98322093716119,34.57561799246879],[126.98341509489713,34.57605182193983],[126.98383318329029,34.57586882713574],[126.98427020091478,34.57642579981394],[126.98419869455228,34.57648816949815],[126.98460627368979,34.57691925949487],[126.9850999134597,34.57778804541406],[126.98530433463776,34.5779755002124],[126.98545723286985,34.57802348597651],[126.98625749215452,34.577984321164564],[126.9866823757436,34.57809936100642],[126.98691905377157,34.57763889710817],[126.98671612633625,34.57811317515272],[126.9878312103321,34.578701043910385],[126.98833593068184,34.57910809063756],[126.98894692797532,34.579456949120264],[126.98923089178794,34.58000966023528],[126.98936204463902,34.580567034129295],[126.98956827390012,34.580801140456714],[126.99000794021106,34.58118709811929],[126.99043532481646,34.58134343810111],[126.99037653544006,34.58142546390336],[126.99165818436444,34.58192159075184],[126.99131476772386,34.58216164350233],[126.9917219420406,34.58250380023399],[126.99256123198934,34.58365845592758],[126.99312803101847,34.584203749909165],[126.99355627310332,34.585087739500324],[126.99361752670244,34.58545695526856],[126.99348158932499,34.58566352051939],[126.99361849234704,34.58702231485165],[126.99337507779641,34.58827380394354],[126.99354758180655,34.58906846123681],[126.99337872203847,34.58925526456942],[126.99342034741697,34.59064261862232],[126.99352109674547,34.59089170186889],[126.99342160371236,34.59106923385919],[126.9935003089817,34.59147637400996],[126.99345097368612,34.591821784260894],[126.99329017991835,34.59206444107832],[126.99333378418368,34.59237655823869],[126.99321787244932,34.592890974715786],[126.9926387881551,34.593546118307174],[126.99256785950935,34.593734955616156],[126.99300265912377,34.5940102497105],[126.99394663283903,34.595038951856914],[126.9943846675142,34.594960723973635],[126.99474327583222,34.595183282255654],[126.99535259729039,34.595229314441454],[126.99596937514416,34.596285495957964],[126.9960551885294,34.596783138844884],[126.99656723355332,34.597150252994496],[126.9976411118545,34.59716406487647],[126.99856582460956,34.59767378119225],[126.99878418782177,34.59761746422556],[126.99944540204929,34.597914789036636],[126.99943631937883,34.59845836513605],[126.99912881408846,34.59893183112883],[126.9982478307176,34.59957339196152],[126.99828311039984,34.59979276681582],[126.99814700764159,34.600023621506594],[126.99858798532256,34.60029175619666],[126.99900171848515,34.60071132128765],[126.99957716847362,34.60072904454896],[126.99961901824749,34.600792803867364],[126.99957071105055,34.60089634229376],[126.9993708724535,34.60095513990204],[126.99916015135543,34.601507284841425],[126.99931571381026,34.602118849961016],[126.99915120727928,34.60248560591913],[126.99844883464252,34.60285239483009],[126.99791762852918,34.60291176747752],[126.99758785937127,34.602647951901766],[126.99748883426896,34.602729321523704],[126.9974837018079,34.6029119525969],[126.99739223212347,34.602975951679674],[126.99718978495318,34.60296575859945],[126.99678497978391,34.60330594641826],[126.99673210214333,34.60336607027819],[126.99718755283243,34.603987808253365],[126.99715189333186,34.60418287804878],[126.99726081969285,34.60431710581547],[126.99746855815175,34.604085866995376],[126.99773733400737,34.60413968217815],[126.99825198115147,34.60454662340648],[126.99815477009882,34.604755862460614],[126.99873883147636,34.60465754788066],[126.99940565372337,34.60482145998145],[127.00056914956828,34.60472596629154],[127.00161638142066,34.60401690748472],[127.00163927495774,34.60377081504875],[127.0020347970763,34.603581151246416],[127.0022279769193,34.60330954701487],[127.00214937222638,34.60309338281478],[127.00263995691716,34.60308968297028],[127.00303646516156,34.603437272612744],[127.00308509181289,34.603639284076834],[127.0029716062496,34.60384165826955],[127.00252299486536,34.60422711777918],[127.00230430430523,34.60461870392341],[127.00263725981051,34.60502065188566],[127.0030504560735,34.60529270077145],[127.00299063718646,34.6053626170241],[127.00310349927769,34.605497064857914],[127.00315892679387,34.60553263478516],[127.00332053792293,34.60539656944671],[127.00340235895469,34.60540240945205],[127.00337693721335,34.60549385164502],[127.00347372648416,34.60547631709625],[127.00350573874383,34.605612424539025],[127.00300513706958,34.605932604519026],[127.00297427004736,34.60636838661209],[127.00282229230318,34.60639642315317],[127.00308516792364,34.60689030811525],[127.00340207626508,34.60726247058568],[127.00433739883762,34.607666574885506],[127.00427626175355,34.607783898332265],[127.00472950800082,34.60770274852752],[127.0050587722445,34.60741393680929],[127.00510801675848,34.60663416538293],[127.00581461863419,34.60578951349324],[127.00626400367118,34.60570161535204],[127.0078918373699,34.606133228953624],[127.0087838150639,34.6079465988925],[127.00891935867776,34.60871250532226],[127.00780456030229,34.609633575565105],[127.00653865091111,34.610110594361245],[127.00437071570522,34.6107088233081],[127.00352373294041,34.61056860445341],[127.00331162431111,34.61037597098808],[127.0028266978372,34.61031221897774],[127.00263233127717,34.61018447852399],[127.0022448373181,34.6104659282528],[127.00168920673404,34.610554001111865],[127.0012868365267,34.61070237778398],[126.99986529598704,34.610785624701805],[126.99977302152391,34.61150926948779],[126.99941931336976,34.6116966998517],[126.99908069465316,34.61145004287759],[126.99903936930944,34.61155785385185],[126.99933892143551,34.61185999367455],[126.99928343471733,34.6119071558588],[126.9977693224883,34.612583593754664],[126.99767670229961,34.61229893547148],[126.99718919511209,34.61289531867585],[126.99666577222729,34.613184930817475],[126.99619438525889,34.61315177478297],[126.99575570817439,34.613280435216794],[126.99551310181081,34.61326536974787],[126.99519735088131,34.613768643769944],[126.994746689365,34.61385886272647],[126.9936300707161,34.61457912495081],[126.99339571621344,34.614889843686925],[126.99356805766058,34.61579687041121],[126.99349485949244,34.61616962730777],[126.99383902078281,34.61652650042234],[126.9939640210271,34.61712650352994],[126.99416521772494,34.61736243930767],[126.99492736929857,34.61776542378152],[126.99500083587289,34.61823295705251],[126.99413150624119,34.61857794159936],[126.99347217891753,34.61858594127178],[126.99337071366143,34.619196756068966],[126.99343317409443,34.61928574082433],[126.99468503541127,34.6196192210356],[126.99469158606887,34.61992293286928],[126.99505171487192,34.62049929360242],[126.99514842592002,34.62090721589982],[126.99499252386953,34.621532533089656],[126.99500890597501,34.62190824291398],[126.99489364676442,34.62219108897037],[126.99444106897536,34.62313272951776],[126.99413168461817,34.62327818493948],[126.99353656721613,34.622849434742875],[126.99279729781075,34.622121782847444],[126.99212788399322,34.621680706831654],[126.99139159399061,34.62157395476356],[126.99077981005011,34.621816677367285],[126.98977316748939,34.62196113954159],[126.98893550529249,34.6218218211504],[126.9885259273205,34.62168317397868],[126.98829338539163,34.62193839943363],[126.98683571726541,34.622731289078196],[126.98515363964884,34.62329414853177],[126.9809128628004,34.624255953070545],[126.97833368203838,34.62449999743292],[126.96930639500356,34.62325222750825],[126.96830194496243,34.62309298205488],[126.96677406043149,34.62270153357398],[126.96641905605527,34.622517864141905],[126.9666756102247,34.622215965910115],[126.96712435543473,34.62201074606409],[126.96780869691906,34.621346696345064],[126.9677761706823,34.62120858758671],[126.96766338926894,34.62115162182366],[126.96769506033488,34.62086926516556],[126.96736862569385,34.62043076170383],[126.96708092873509,34.62030295678335],[126.96639278254891,34.61964751719446],[126.96563538121308,34.61966214407045],[126.96506106478887,34.61941250218003],[126.96412218796307,34.61982132604925],[126.96403464258523,34.619984026284186],[126.96420760009369,34.620113317867215],[126.9642498256433,34.62024923105361],[126.9641871470054,34.6204240632567],[126.96396298516606,34.620630017574605],[126.96399718228167,34.62077219334363],[126.9638447839408,34.621162359573525],[126.96392639254495,34.62162040362739],[126.96403669383639,34.62163523902598],[126.96411012354842,34.62202493364712],[126.96374213218346,34.62210181209993],[126.96360591521176,34.62190859253494],[126.96365841081581,34.62180763008906],[126.96334210760564,34.62181057864332],[126.96314617114349,34.62208820426322],[126.9626816976135,34.622491729083436],[126.9619183209875,34.62291013754836],[126.96176244359778,34.623341459400905],[126.96180450546973,34.62358740238171],[126.96159404697725,34.62409063167604],[126.96194987100245,34.62481503164502],[126.96239377429383,34.62492132731628],[126.95645207208018,34.630815902338895],[126.95627663898036,34.630849181566404],[126.95543041278151,34.63071472323399],[126.95556022045268,34.630834419328686],[126.95615882741842,34.63086802294302],[126.9561491874668,34.63100762432678],[126.95561308113574,34.630990125716124],[126.95530341518871,34.631055471134445],[126.95474938264084,34.630507396384246],[126.95467193521222,34.63061837823845],[126.95471920395634,34.630766267449104],[126.95437465006098,34.630776050837795],[126.9540664052983,34.630527830116186],[126.95375318111391,34.630389617578786],[126.95374722785878,34.63015883030131],[126.95347380694352,34.630159191900916],[126.95334690382009,34.62996444137997],[126.95248748359222,34.629665058213675],[126.95207441494325,34.63021025901001],[126.95307873524526,34.63059347275323],[126.95392774212613,34.631178863393764],[126.95399116437869,34.631819176004676],[126.95364650373892,34.63193135107186],[126.95434480157986,34.63189627732638],[126.95570842595292,34.63234646672431],[126.96038370977287,34.629407752834226],[126.96074344273833,34.62945433317726],[126.96245169920529,34.627070093980976],[126.9638494619537,34.626147671423205],[126.96733900881668,34.6252362374349],[126.96746234604343,34.625252713979734],[126.96886493090838,34.62678571432233],[126.97025201416176,34.62645816190782],[126.97119530174302,34.6264592826146],[126.98436533778991,34.628000987182276],[126.98430207779248,34.62778499479837],[126.98455104579624,34.627440231039266],[126.9851245895644,34.62731473923548],[126.98542853243595,34.62738557805315],[126.98565450313257,34.627291047043215],[126.98635109162464,34.62743437287436],[126.986607477956,34.62738798041815],[126.98652460779736,34.62734154648986],[126.9866760022551,34.627158754087496],[126.98676793244378,34.62715425798905],[126.98681676373145,34.62728699096264],[126.988501658295,34.62778318586588],[126.98929096471002,34.62699637821316],[126.9900237780424,34.626940181325864],[126.99078107078415,34.62646678051335],[126.99081483629523,34.626522510099555],[126.9909779172171,34.6264557729725],[126.99133379145202,34.626615473892684],[126.99117981795446,34.626756346185054],[126.99192399013108,34.62661095997201],[126.99254546219754,34.62682996503303],[126.99280151301855,34.627024287455505],[126.99679505370568,34.626534529577405],[127.00626513650666,34.625170551557694],[127.00842941268643,34.62524846540117],[127.00844846811371,34.625175862795466],[127.00861839536465,34.625155219048615],[127.0100447437612,34.625096235766456],[127.0108084737873,34.62494057376454],[127.01080100100485,34.624816789392895],[127.01086186787194,34.624980097530575],[127.01249340377709,34.62457535149292],[127.01262276217163,34.62414041565588],[127.01270195149922,34.62413945283315],[127.01316924568927,34.62466568406163],[127.01555479269035,34.62563782591586],[127.01630051310266,34.62572393231688],[127.01673503811335,34.62566338327234],[127.0170883580876,34.62550724605356],[127.01747130922944,34.62514631609868],[127.01785223766981,34.62499636587011],[127.01862340455148,34.62517906134986],[127.01901089946554,34.6256150207432],[127.01924857149318,34.62648756535827],[127.01943173776226,34.62677157126397],[127.02042456239757,34.62754815008372],[127.02089008971235,34.627829594416674],[127.02096732973418,34.627732686943204],[127.0220437017529,34.62832759113652],[127.02195921345049,34.62843656168552],[127.02237760991649,34.62859720710562],[127.0233909678933,34.62880979412228],[127.0247702479039,34.62891037218755],[127.02544818409746,34.62887216394153],[127.02681946308635,34.62850743643347],[127.02708961221077,34.62870185516365],[127.02708343413872,34.629249846954906],[127.02720861660502,34.629603804475884],[127.02757195905889,34.62970175799214],[127.02774101197325,34.62903944742611],[127.02849605786443,34.6289305692402],[127.02925903806161,34.62907462683223],[127.03010746200832,34.62968830643663],[127.0304085598265,34.62969066910876],[127.03085780375221,34.629838216298346],[127.0310001503385,34.629926612476375],[127.03039964956261,34.630410195380165],[127.0303916618317,34.63064691367473],[127.03070198899889,34.63114533216833],[127.03123304043399,34.63161827565604],[127.03233388196293,34.630814554130495],[127.03276694892261,34.63112904379923],[127.03240400225857,34.63139541992556],[127.03231377953524,34.63130493891899],[127.03138302668883,34.63201631177794],[127.03178959438031,34.63322548362115],[127.03249233940741,34.634061737145615],[127.03255254624638,34.63399048155483],[127.0342999635557,34.6349700606313],[127.03486481326786,34.635331976468464],[127.03480297034933,34.63545474149134],[127.0362627211325,34.63581996322974],[127.03755514664542,34.63592433358644],[127.03807162515626,34.636085896450254],[127.03828219216352,34.63675381245572],[127.03823916066423,34.636838478970844],[127.0385171087281,34.63679200702685],[127.03850527878758,34.63670160596988],[127.03838670418152,34.63664894423181],[127.038332308965,34.63639005128547],[127.0400100778238,34.636760291077316],[127.04029889780473,34.63661949475997],[127.04054254422101,34.63587716833731],[127.04060122589146,34.63589094141592],[127.0403539774685,34.63657927330255],[127.04049913655811,34.63680484638851],[127.04231941694046,34.63706854947582],[127.04232800960983,34.637021041109584],[127.04251255552967,34.637043334588334],[127.04250494564401,34.637093096217065],[127.04265600657149,34.63710981187409],[127.04320153532164,34.63709799771884],[127.04375861398108,34.63685063284312],[127.04462057098422,34.63586136903424],[127.04543339594485,34.635426317488665],[127.04571315241552,34.6350437383566],[127.0451568711752,34.6336596990219],[127.04561872533604,34.63466913720442],[127.04598369136944,34.63456038175374],[127.04614037733003,34.634965833883896],[127.04603795945023,34.63568019361541],[127.04594255747999,34.636097681869664],[127.04563738997031,34.636650307871044],[127.04565208607397,34.63696853520794],[127.04549712593365,34.63770450259878],[127.04563854714488,34.63823462874497],[127.04560769335654,34.63881157450408],[127.04523874117126,34.63927842406312],[127.04509957487016,34.640260070250115],[127.04459250882972,34.641226883153315],[127.04513448816788,34.64250621815982],[127.04585733920764,34.643483901835204],[127.04621033824397,34.64380757584235],[127.04618149699566,34.64447251819127],[127.04563378355219,34.64524644341595],[127.04535314033183,34.64541960158871],[127.04521549063954,34.64585887338043],[127.0452700743909,34.646444143879044],[127.04517738715465,34.64684838780254],[127.04525359560651,34.647236462464654],[127.04507061346224,34.64791137522704],[127.04467312444687,34.64826863666268],[127.04399664309997,34.64867026377405],[127.04382574929735,34.6489475492855],[127.04385844382732,34.64936131255207],[127.04327704645836,34.6501554303462],[127.04249734994444,34.65088353739425],[127.04247476400015,34.65162337582613],[127.04230912274501,34.65211255648793],[127.04228758390315,34.65292292226583],[127.04241431331485,34.653046925501116],[127.04240778102265,34.65336091377048],[127.0420188486284,34.65418413948671],[127.04171711677064,34.65452035569721],[127.04133975960686,34.65475706907429],[127.0402884309676,34.655977746139186],[127.03899810001661,34.6564497154679],[127.03881488224883,34.65695214743115],[127.03742795803123,34.657693638996555],[127.0372568137381,34.65804032502706],[127.03724508759065,34.65849917396133],[127.03558146149584,34.65965606777737],[127.03499749182937,34.65982900690168],[127.034601868726,34.660109955408956],[127.0339068189579,34.6602938718417],[127.03335371800173,34.66095827188109],[127.03252677138059,34.66145707495195],[127.03219663761404,34.661543479555824],[127.03163410369825,34.661978442426815],[127.03118548584844,34.66214843602855],[127.03076589731631,34.66219641262741],[127.03021924396825,34.66243370885878],[127.03025099079389,34.66344077729545],[127.02967808584052,34.664791251099814],[127.02963129093435,34.66616893259414],[127.02975510110775,34.666975645861605],[127.02935808634595,34.66722992213695],[127.02847446766917,34.668754264534215],[127.02902893530162,34.669929610774844],[127.02861323030776,34.67019958258775],[127.02864000944368,34.67047972222409],[127.02806384314549,34.67124834337524],[127.02748305765016,34.671585737950316],[127.02719309328532,34.672755563588304],[127.0271426020428,34.673300667173834],[127.02649251156808,34.673995685607174],[127.0264411418368,34.67504783251045],[127.0256723023622,34.675135002634754],[127.02524702938057,34.675461988899535],[127.02509499337452,34.6759320043411],[127.02384687513226,34.67777587383667],[127.02263578315467,34.678133974937836],[127.02232063964863,34.67842797547378],[127.02229801176544,34.67861411485067],[127.02174479569184,34.679059575989164],[127.02163414219582,34.67956724151222],[127.02104844445923,34.68057685322176],[127.01914982010858,34.68115350690807],[127.01877289887042,34.68169859023342],[127.0179635255961,34.68144705176376],[127.017535119192,34.68163799508882],[127.01592543230863,34.68169780860742],[127.01469164226248,34.68139261828796],[127.01324016346955,34.680846458601145],[127.01243126546483,34.68086372457552],[127.01121872341368,34.681104923481506],[127.01026384663217,34.681385781664005],[127.0085024819136,34.680692258616816],[127.00804722830816,34.68065218881101],[127.00765672528135,34.68029650675653],[127.00684985720058,34.680421212609374],[127.00583100346036,34.68001658562705],[127.00548629587948,34.680037844237944],[127.00483889674341,34.680479085110036],[127.00334932500269,34.680247802933856],[127.00258096328011,34.67987185496365],[127.0015571405413,34.68014015188023],[127.00081235213023,34.680528070120765],[126.99990511451342,34.68059896842377],[126.99880996352574,34.680529107460714],[126.99849645000805,34.680847051303004],[126.99807471987316,34.68086533942246],[126.99723144977919,34.681448968598524],[126.99579587244803,34.681739449418394],[126.99524219268905,34.681682272246846],[126.99460071085352,34.68180177614458],[126.99413491644009,34.68164005146691],[126.99323098706887,34.68173284999974],[126.99169492905403,34.682057151300356],[126.99133440676832,34.68227286022792],[126.99046063081086,34.682351082672774],[126.98944839374398,34.6827645886241],[126.98882176501763,34.683124978537336],[126.98783265296403,34.68154979328191],[126.98641124696223,34.682455289018655],[126.98489850799959,34.682306637656296],[126.98444391015214,34.68254145969109],[126.98363809675438,34.682674656674806],[126.98055720618508,34.682668525532165],[126.97901022553793,34.683067167885014],[126.9788837260115,34.683483044261145],[126.9789706960094,34.68385405095497],[126.97878017160673,34.68434930389304],[126.9785140919081,34.68466522179289],[126.97869066410966,34.68507923438343],[126.97937483684144,34.68579721895417],[126.98006978672169,34.68674963508717],[126.98076637690073,34.687225166591546],[126.98048177260938,34.68928991256406],[126.9798550170297,34.69064196709662],[126.97863262912267,34.691817887117395],[126.97789684464995,34.69265329543927],[126.97747007616475,34.69516364184777],[126.97582763770048,34.695906739229876],[126.97422631551872,34.69681870524607],[126.97396485152485,34.69736098803518],[126.97457362336478,34.69858426488501],[126.97492686521188,34.69999615101463],[126.97464028380242,34.70181793608056],[126.9741579135402,34.70291924140121],[126.97301196694619,34.70444058076777],[126.97197992815626,34.70536408633131],[126.97186789622539,34.70719916519094],[126.97184428860847,34.708050642532775],[126.97223528137393,34.7089048068162],[126.97271025741654,34.70934945569916],[126.97316637933831,34.70997674435557],[126.97411743573096,34.710711078742456],[126.97504937664615,34.71109004318057],[126.97629032691766,34.71038821529704],[126.97820404147879,34.71000661750854],[126.97981135856429,34.70989628161366],[126.980533420448,34.710032386926414],[126.98186701825063,34.71085445212502],[126.98288531889165,34.711680141895265],[126.98502345373653,34.714520429405674],[126.98594273189136,34.71551097666752],[126.98773842404684,34.716791605352455],[126.98826742650725,34.71736202837342],[126.98825028008399,34.718232537177826],[126.98846483497235,34.71904936409],[126.98849311776002,34.71956220303653],[126.98882313217923,34.720714279410345],[126.99092848036088,34.72199547753716],[126.99212892905813,34.72299936885466],[126.99296584203339,34.72404595078904],[126.99405527073644,34.72389463710082],[126.99507293829274,34.724108871597444],[126.99667048076529,34.72461816513096],[126.99733444672115,34.725076452740055],[126.9980190315762,34.72530408211952],[126.99846059855058,34.72582207615563],[126.9988764016502,34.72607516797686],[126.99913498553866,34.726402406260156],[126.99966135687293,34.72684975320111],[127.0008361410144,34.727398674537405],[127.0018403001841,34.72810411659167],[127.00228420790903,34.7284553791211],[127.00275045161092,34.729066419628616],[127.00459733770587,34.73038330389137],[127.00485674347965,34.73070534662021],[127.00585670468065,34.73156071525604],[127.00615611759979,34.73232040125989],[127.00666280714513,34.73303623270662],[127.00699993070313,34.73322812061905],[127.00763261211041,34.73402569167962],[127.00865004257528,34.734829772390825],[127.00971259526146,34.73536580487006],[127.01047377066924,34.735131913874],[127.01141529037747,34.73469001930757],[127.01166946256521,34.734485385339745],[127.01247802150051,34.73439588493834],[127.01322381373235,34.73444543799333],[127.01356627521929,34.73508110220805],[127.01349575681697,34.735365506526996],[127.01422001965538,34.73565943896573],[127.01477337866191,34.736020857053425],[127.01539510595305,34.73662605316298],[127.01523453057209,34.73691946486265],[127.01409618349528,34.737798939417154],[127.01413936352742,34.737968554621965],[127.01501910735948,34.73902303665469],[127.01533784118391,34.73979581260632],[127.0155583442942,34.740113122069886],[127.01586642828083,34.74106732591529],[127.0161015477857,34.74119954466931],[127.01622284682941,34.74187171651257],[127.01659892230211,34.74234305709027],[127.01617643589798,34.74285091308013],[127.0163875769985,34.7435106160797],[127.0166737876811,34.743930081777314],[127.01704237624625,34.744014119180065],[127.01706951122065,34.744466076875334],[127.01720068670033,34.744577682338395],[127.01748046824711,34.74542392243422],[127.01816552668463,34.74618946602882],[127.01876128070265,34.74660714394326],[127.01882019512217,34.74685430381989],[127.01934099095212,34.74719385480245],[127.01952144785503,34.747402965630506],[127.01956460314804,34.74773543745655],[127.01985964634585,34.747858400351724],[127.02014308535496,34.748240332070495],[127.02044885682301,34.74846402509265],[127.02019396664878,34.74862969980208],[127.01989082645063,34.749285598202086],[127.01988642737466,34.74968759418552],[127.01959308467431,34.750626913301325],[127.01939858379193,34.75070615856225],[127.01872079120406,34.75181324890295],[127.01745392181061,34.753172783447475],[127.01651717842243,34.752929412938514],[127.01539631530892,34.753595854741185],[127.01430245684838,34.754418065828474],[127.01432075772055,34.75474378114408],[127.0151809149366,34.75521674045915],[127.0154901842511,34.75551324353037],[127.01588158489699,34.75635245079667],[127.01622436166446,34.756665002156396],[127.01603995358782,34.75740523899279],[127.01616617020807,34.75783837143272],[127.01613175127298,34.75806694723945],[127.01630445627309,34.758448801417465],[127.01593683412871,34.75875696722964],[127.01572688294847,34.7597543798295],[127.01565240051237,34.76088618597777],[127.01514908708552,34.76107909226436],[127.01485691233673,34.761042599566444],[127.01443116513606,34.7608652475447],[127.01428537377795,34.76123811487462],[127.0142592373914,34.76138866276506],[127.01501908338764,34.761794550018095],[127.01537742824515,34.762141436588436],[127.0154084337786,34.762505351779225],[127.01383949408495,34.762868304869485],[127.0135294681361,34.76299814867617],[127.01323106295897,34.763126593373094],[127.01285893158749,34.7634443231074],[127.0127428155713,34.76364486241857],[127.01307646782436,34.76372222629756],[127.01331737357386,34.76364579918507],[127.01387798360417,34.76372354411492],[127.01553265582336,34.764541964166725],[127.01575038099294,34.76483331159384],[127.01545605755535,34.764895191849064],[127.01539825957576,34.76480784253079],[127.01487672601421,34.76467765607231],[127.01446439938961,34.76487237918913],[127.01429061138404,34.76486357284772],[127.01421434930094,34.764954091798955],[127.01386439000926,34.76492456171375],[127.01371924379853,34.765072723742946],[127.013681297921,34.765153953923715],[127.01401262916745,34.766157580637106],[127.01392294533613,34.766712328523624],[127.01312856906964,34.76750349658356],[127.01261089614884,34.76823542042917],[127.01251364332833,34.76855857681206],[127.0121477268108,34.769080527591875],[127.01229768697979,34.76983085018657],[127.01192379988666,34.77052418645783],[127.01242150422281,34.77079159158363],[127.01280254374949,34.77129381454412],[127.01319771669063,34.77151693060266],[127.01443284902615,34.77145563500704],[127.01650740501285,34.77178765618171],[127.01771162589165,34.77184725561722],[127.01797594133663,34.77205456281504],[127.01876549677647,34.77204320326243],[127.01983654137219,34.77187730328476],[127.0203114802412,34.77219008367293],[127.02055399545485,34.77219367849252],[127.02272846268558,34.77269575548899],[127.02375158957065,34.77307890664982],[127.02410923057467,34.77377539767679],[127.02405103201251,34.77443760375815],[127.02446669610465,34.775783703184025],[127.02450379146397,34.77639555636055],[127.02431984855707,34.77704970941296],[127.02447472592145,34.777512843428596],[127.02425667115504,34.77776416197547],[127.0239334800254,34.77859919048589],[127.02357499846858,34.77891757160934],[127.02303791645572,34.7790845013541],[127.02245435802232,34.77938333124798],[127.02077242729636,34.77988876103292],[127.02058890665329,34.780356559310334],[127.01927803617106,34.78119191592193],[127.01839838679373,34.78160754712519],[127.01783315752465,34.782338281188416],[127.01808959461219,34.78296958537521],[127.0181823305207,34.783619345452195],[127.01781187500553,34.78476931620635],[127.01745167971157,34.784960192748564],[127.01695879183465,34.78598095055217],[127.01641415242106,34.78625138782414],[127.01633862625859,34.786702561882485],[127.01611416522405,34.78690084531561],[127.0158354109909,34.78772337019566],[127.0159180428198,34.78883348266962],[127.01600317223064,34.78903604631438],[127.01568770275456,34.790209124134414],[127.01576851062764,34.79075306119783],[127.01616798980864,34.79084625524853],[127.01658653323467,34.79068175968714],[127.01680082598794,34.791163644320925],[127.01674642339455,34.79187673810424],[127.01704648006171,34.792279413564344],[127.01680988299546,34.793039674195875],[127.0168095708735,34.793594599703994],[127.0166708410113,34.79435512692397],[127.01720250664987,34.794594166879065],[127.01771704752919,34.79536250504734],[127.01810157308586,34.79639324987587],[127.01790750950934,34.796690849329806],[127.01778442458095,34.79768735502937],[127.01815180011441,34.79804237887157],[127.01899300232779,34.79842552113402],[127.01901058367612,34.80001548549993],[127.01965552168566,34.800135773631],[127.01841173101143,34.80107304837696],[127.0187844409768,34.80176817054871],[127.01947919900346,34.80252580183504],[127.01898337340428,34.80269387876406],[127.01932963814892,34.8036407930685],[127.01977468174171,34.80454090833673],[127.02043839510635,34.805408852698235],[127.02101872914032,34.806980499239316],[127.02152144000063,34.80902031007266],[127.02203612418661,34.80993077992924],[127.02158927017075,34.81029788953904],[127.02136848798352,34.81060088866495],[127.02134222537484,34.811100903137955],[127.02155951870623,34.81154566636212],[127.02083141501215,34.811794690012434],[127.02082599000268,34.8119637766753],[127.02093096385639,34.81195427709646],[127.02088544443349,34.812238164268145],[127.0209662282417,34.812351728508524],[127.02046555203765,34.81286630351833],[127.021651201171,34.81475268289835],[127.02194384584222,34.81551147338191],[127.02247805801781,34.81623016303555],[127.02181446835036,34.817323563852405],[127.02166869879035,34.818502220850306],[127.02156397352775,34.818758507761416],[127.02168911547191,34.81965891868878],[127.02144176047196,34.820917510403675],[127.02157233683117,34.82181772192548],[127.02181568163245,34.82233546632469],[127.02298456722743,34.82229987563946],[127.02400123221877,34.82198762488428],[127.02510608253534,34.82226539004464],[127.02570459511465,34.82253745123139],[127.02687456038981,34.82256112638037],[127.02733622666153,34.822305715053],[127.02809761737082,34.82282379511937],[127.02845966218197,34.823415099740025],[127.02935207750471,34.82377292703267],[127.03065211342287,34.82338454897329],[127.03093554731292,34.82337779213045],[127.03135239610424,34.82365473699561],[127.0317209364431,34.82489595181561],[127.03175696939155,34.825593368359826],[127.0311181013248,34.826662257794545],[127.03097336968182,34.8273305308926],[127.03137351238856,34.8276647727907],[127.03183560721124,34.82788127453361],[127.03119098473722,34.828892998362086],[127.0309824847944,34.830079269387625],[127.03117090162925,34.83040775801671],[127.0307691130915,34.830676960603014],[127.0306136105997,34.83127177105152],[127.03082633296059,34.8320382011191],[127.03069629397272,34.83270865113878],[127.03103489194112,34.833195417035775],[127.0312360523379,34.83422221920577],[127.03201332259744,34.83536871886681],[127.03337172742418,34.8366096823376],[127.03389369088083,34.83660637119945],[127.03503829423626,34.83686506931792],[127.03618190286998,34.83747124759854],[127.03691595321988,34.83751514126765],[127.03744612807218,34.83815376424222],[127.03744396888395,34.838492683144494],[127.0367944034666,34.83892076039711],[127.03654805300168,34.83922981443235],[127.03600162174754,34.83914191300196],[127.03502165938916,34.83945957132329],[127.03459127098319,34.83931851182445],[127.03360534995046,34.83954258579657],[127.03330879279856,34.83976786118905],[127.03300549064191,34.84017086705062],[127.0314786037298,34.839569549946745],[127.03075846957371,34.83953402120175],[127.029621210162,34.83962425007712],[127.02811868516763,34.83892611955803],[127.02767854843393,34.83899220701113],[127.02681083904146,34.83938758396575],[127.02634450441336,34.83945683597453],[127.02567270010725,34.83999093534693],[127.02518356738467,34.83976147179119],[127.02357262266118,34.839551857252346],[127.02305122418399,34.839739758216915],[127.02255884007441,34.839715849441326],[127.02215673601206,34.84010884884736],[127.02164790146523,34.83992951943606],[127.0209399510714,34.83990805551713],[127.02070574607441,34.83968190402696],[127.01947394322923,34.83985505410338],[127.01935714989398,34.839973975334765],[127.01957924142812,34.84051350364905],[127.01919091548213,34.84084879240389],[127.01722450633632,34.840346478026284],[127.01523144151945,34.83995692729816],[127.01477407805272,34.839737586089605],[127.01396416836776,34.83898409101677],[127.01347003727851,34.83922712295466],[127.01238267528669,34.839259523033064],[127.0107902106727,34.84044545964757],[127.01054223803825,34.840747907892265],[127.00942404877487,34.841154545932326],[127.00884129756747,34.84113122754852],[127.00844686917306,34.84122088637836],[127.00796586653078,34.840979238324806],[127.00706942919066,34.84088516786749],[127.00679318200164,34.84038680420658],[127.00555365671545,34.8397483624619],[127.00446693381204,34.83988939185081],[127.00340967716666,34.83934829297833],[127.00287282859082,34.8388555670475],[127.00074214987677,34.83939637010563],[127.00028004408159,34.838832043760746],[127.0000945086222,34.83844369972434],[126.99880788603778,34.83825895450281],[126.99834522436788,34.837880913538164],[126.99831095295471,34.83693603550334],[126.99781849920156,34.836548319637636],[126.99755568310108,34.83578728431013],[126.99681246932306,34.8356443860887],[126.995745018149,34.835908289728486],[126.99337615763984,34.83612991023531],[126.99260528818233,34.835582570141845],[126.99196862952356,34.83574966044602],[126.99157835076075,34.83658394980831],[126.9904046878688,34.83787362101783],[126.99039504059205,34.83815413657755],[126.98905693166978,34.83978012863886],[126.9881124500044,34.84020220066637],[126.98747519119264,34.84061631451526],[126.98702493200955,34.84156528508857],[126.98712500255917,34.84176246052109],[126.98639741242584,34.842385818388315],[126.98592779380222,34.842730644802494],[126.98558144313829,34.84251788741897],[126.98491321779439,34.84268519789082],[126.984355870758,34.842614351932816],[126.98356041442929,34.84372429583613],[126.98301305459037,34.84394893364347],[126.98251393252896,34.84368744162964],[126.98138157285345,34.84390491277801],[126.98098928662114,34.84462028987034],[126.98084211359988,34.844689663956736],[126.98043967487304,34.84548172868617],[126.98006624227862,34.846672549896184],[126.98040178491605,34.84790787928053],[126.97942413120472,34.848916626355425],[126.97914402403501,34.84930318615738],[126.97939948628137,34.85002199153457],[126.97891163636758,34.85079636755712],[126.97821284480453,34.85022549645877],[126.97712684600009,34.850549608318595],[126.97669165715452,34.850107933502045],[126.97619822887746,34.849799994862046],[126.97559514766454,34.84972666556534],[126.97479052886652,34.85008738583128],[126.97394325266065,34.84997338654289],[126.97320559621889,34.85030547392044],[126.97239484028366,34.849538885315575],[126.97097553247254,34.850443562566454],[126.97010011798947,34.850517814010196],[126.96924973235546,34.85084099652977],[126.96868776727311,34.850647027468845],[126.9679785693906,34.84948920185745],[126.96950296228329,34.84866329737417],[126.96888917965734,34.8474790005042],[126.96819125990194,34.84658606427794],[126.96598969185452,34.84609239455805],[126.96507339452722,34.84539364645132],[126.96457266918553,34.8452555814099],[126.96350184672313,34.84467520959537],[126.96373263098576,34.84441790418104],[126.96371352632097,34.84365873795776],[126.96257290838528,34.84289498206706],[126.96297668642836,34.84231455358677],[126.9624047155859,34.840795383226315],[126.96208597701532,34.84034653564368],[126.95968979161668,34.84105395975366],[126.95893286916763,34.840645651129925],[126.95820850949774,34.84078768227895],[126.95726036718824,34.840029983859175],[126.9563058692835,34.84089383472493],[126.95542613359667,34.84087545922523],[126.95492458847335,34.84098936801439],[126.95435778701813,34.84072929392204],[126.95312755572179,34.840605499985685],[126.95194579094782,34.84032313869849],[126.95119256729183,34.840451180659905],[126.95038407403162,34.8412354243465],[126.94929776116122,34.841499930806236],[126.94887329080014,34.84170497934496],[126.94932803065248,34.8404485396478],[126.94967891354302,34.8399646365408],[126.9493854075075,34.83874568953609],[126.9483788606537,34.83755671990778],[126.94826470505582,34.836904712771464],[126.94780627941014,34.836583395993266],[126.94872366150268,34.83554063066423],[126.94746878586497,34.834412570054795],[126.94721062562445,34.83437070231964],[126.94777191159413,34.83354313877017],[126.94804809750126,34.83344820730218],[126.94862609942102,34.83299030339086],[126.94841352286956,34.83263517533837],[126.94850791139524,34.83212053326994],[126.94834225078338,34.83133279695009],[126.94947949789504,34.82982871029052],[126.95003249100387,34.828573767630175],[126.9497710906854,34.8277780148925],[126.94939106736985,34.82741930157522],[126.9482241898095,34.82665257663115],[126.94769240613472,34.826585170347876],[126.94760856991947,34.826407187136425],[126.94721072057672,34.82608492084467],[126.94671161452442,34.825868919349574],[126.9465564825014,34.82556783461162],[126.94560808513852,34.82495669294306],[126.94518239674908,34.82484593069674],[126.94475701962499,34.824138644789336],[126.94429189154636,34.82381538200657],[126.94316372398983,34.8240981314449],[126.94260383106433,34.824390854548774],[126.94209095430287,34.82412651212277],[126.94147240108427,34.82396767896995],[126.94090811586695,34.82369773552573],[126.94000536605674,34.82395145221507],[126.93938510078331,34.82507728893114],[126.93930937166537,34.82533783722087],[126.9393585612524,34.82638747521532],[126.93951337586273,34.826904491205894],[126.93877348933388,34.82835114500035],[126.93818886176325,34.82912494996805],[126.93792603204717,34.82912716575592],[126.93698215953246,34.828911531542516],[126.93618382270294,34.828987815557596],[126.93574888028705,34.829149762100364],[126.93574424470151,34.829715074794485],[126.93556880741947,34.83035434539647],[126.93483542988054,34.830408228762884],[126.93399690164155,34.8301903845439],[126.93331829373538,34.83072081596739],[126.93273488910219,34.831427873205975],[126.93090758852642,34.82991821235043],[126.93031933597322,34.83029591857299],[126.92980340237538,34.83038361998095],[126.92880548436572,34.8302121584777],[126.92871440244069,34.83094463846179],[126.92858357882575,34.831084061373105],[126.92836116272474,34.831748938184376],[126.92792102519054,34.83215075293701],[126.92737346490331,34.83217433513996],[126.92608767614092,34.83239221715182],[126.92555242569904,34.8332950722394],[126.92425537437953,34.835062006338994],[126.92355185623086,34.83560628464367],[126.92343786164592,34.836107057864645],[126.92269396157606,34.836357529177306],[126.92220019068351,34.83683992762069],[126.92097556936758,34.835823423852084],[126.92080913376707,34.83626062004144],[126.9204518058978,34.836716789787566],[126.92048266068736,34.83719404872637],[126.92092797818465,34.83758924847707],[126.92143782255602,34.83847309400627],[126.92210784103668,34.83901936763169],[126.92271157891551,34.839040302691394],[126.92304780989689,34.83924704897757],[126.92315720638908,34.84089718949533],[126.9229988063766,34.841382158754804],[126.92306791888045,34.8423243571918],[126.92248699420155,34.84289009778827],[126.92203907019051,34.842883388342734],[126.92181393706053,34.84329586670374],[126.92148024383201,34.844521580577904],[126.92101936342212,34.8447195670502],[126.91950617831199,34.84419179671445],[126.91852364440967,34.845150879900395],[126.91787927144223,34.84525459595959],[126.91584156981448,34.845832365622215],[126.91411892710033,34.84604186198515],[126.91313696302983,34.84590696173682],[126.91246314229673,34.845646083172475],[126.91174026723115,34.845898314205904],[126.91153886704264,34.846119261153],[126.9106177499504,34.84591738439396],[126.9099829890837,34.84588698240262],[126.90937505266726,34.84602049009569],[126.90877863712423,34.84646751070234],[126.90791353054506,34.84669670594828],[126.90663411596391,34.846387193310456],[126.90615566558944,34.846117661291515],[126.90550799524769,34.84693270363257],[126.90530438697867,34.84747523114375],[126.90556426148433,34.848441322875864],[126.90540622177073,34.84923961358624],[126.90555043093346,34.84954347217783],[126.90565951629121,34.85019043893983],[126.90550147366919,34.85081007205098],[126.90592596769378,34.85134271882096],[126.90611323843547,34.8536796725759],[126.90632889647809,34.854942503810214],[126.90600035470368,34.85629683337388],[126.90631179253559,34.857081889518064],[126.9070785423024,34.857531167097456],[126.9088575103033,34.85800265866859],[126.9096775541603,34.857619933020395],[126.90979201643867,34.858180292888576],[126.9090468240432,34.858384067326845],[126.90804859516153,34.85887541478856],[126.9070296811594,34.859974280706794],[126.90699000883242,34.86142684471933],[126.9067176349588,34.86214732801058],[126.90613748010942,34.862718866181176],[126.90603536611879,34.86305419642427],[126.90589144915391,34.86321355883486],[126.90569505641578,34.864301202645024],[126.90577502457855,34.864450239615564],[126.90522813593093,34.865097994535155],[126.90506523053617,34.86555552330271],[126.90501628393733,34.86604820658059],[126.90425799340878,34.86662475003228],[126.90449439384929,34.86736434613494],[126.90441200112507,34.86773356498162],[126.90383039283203,34.86841473639097],[126.90294334330866,34.868818838854324],[126.90260411560796,34.869458898277635],[126.90219914356457,34.869850441944834],[126.90165897931112,34.870003147385596],[126.8992012614799,34.87275356685565],[126.8977691670349,34.87299026922196],[126.8974050002876,34.87325611364803],[126.89707995080519,34.873282435382734],[126.89549716879242,34.873696700906024],[126.89529314371377,34.87397560438454],[126.89423493661793,34.87407061183743],[126.89315542651671,34.87451167325058],[126.89265655550895,34.874418041697034],[126.89197490775246,34.87408534663096],[126.89058319944905,34.87405780133034],[126.88999293573987,34.87425939100104],[126.8893030454038,34.87433525836781],[126.88830238750954,34.87404174736005],[126.88741635350655,34.87424530250643],[126.88673090225191,34.874974410348685],[126.88664761547976,34.87640436068218],[126.88452444096696,34.87730027267099],[126.88412685038422,34.877359156568325],[126.88310544933175,34.87700293589559],[126.88272391884414,34.87644347322393],[126.88221795931403,34.876297520001486],[126.88192716256151,34.876081052774005],[126.88095384763324,34.87615946030884],[126.87982566084898,34.876134955148714],[126.87856936168029,34.877440391889024],[126.8775531211123,34.87753853245148],[126.87712896063543,34.8778269338514],[126.87606244924422,34.87507441814691],[126.87593016648022,34.87388854007984],[126.87464749670417,34.874207115124214],[126.87153648908378,34.874450535051025],[126.87041982408307,34.874956904292155],[126.86930623442642,34.87425703639292],[126.86800816130169,34.87405050644314],[126.86780680025214,34.87383501391972],[126.86753522703414,34.872786373332154],[126.86715548080763,34.8725047009395],[126.8669718844357,34.872203981540316],[126.86562857429959,34.87205425425448],[126.86393614997128,34.87246463323348],[126.86302049272587,34.872782652765714],[126.86224711857359,34.872182116193684],[126.86050098840501,34.87173707790986],[126.86035359990635,34.871134332510536],[126.85996202657445,34.87091212508027],[126.85974741658644,34.87010358391946],[126.85909492084639,34.8697704860643],[126.85794790341589,34.86880365216371],[126.85838142557843,34.86826819229537],[126.8592404549218,34.866830705261656],[126.85922393830215,34.865122898733844],[126.85908298528193,34.86459291047389],[126.85886256391375,34.864244893147806],[126.85865646622919,34.86238051600857],[126.85761012900677,34.86194386303304],[126.85703055379552,34.861276935129766],[126.8568343252181,34.86122474542725],[126.85650288690397,34.86064233631442],[126.85655232814536,34.85976862500024],[126.85688267590727,34.85874699471946],[126.85683694323068,34.85824724118581],[126.85704673174752,34.85776959600539],[126.85757588463134,34.85721570967433],[126.85687116789043,34.856692360474504],[126.85686765813435,34.85660457810732],[126.85652372089078,34.85628830074563],[126.85640858138892,34.855941107005016],[126.85626452259443,34.85508788743049],[126.85678578064706,34.85329603148154],[126.85541890454226,34.853034570132536],[126.85461085442007,34.853161190546494],[126.85345754670614,34.8523170479437],[126.85309767318107,34.85221550870285],[126.85308744623484,34.85206489044956],[126.8530083519549,34.85204901046742],[126.85299809812939,34.85151154765278],[126.85325338357131,34.8512448373662],[126.85319541797772,34.851178784309646],[126.85337670246088,34.850781028239915],[126.85349275069183,34.84965614170808],[126.85245924049693,34.847957959420604],[126.85145349638239,34.84712419970592],[126.8506855881655,34.84666571796362],[126.85001641440041,34.84471814204133],[126.84967690285987,34.84405709171347],[126.84924016671427,34.843716168335085],[126.84830425875968,34.843669184746716],[126.84666301158488,34.84286239161354],[126.84652651420984,34.84267828711254],[126.84591446727887,34.84232807833614],[126.84585689538487,34.84205337500719],[126.84517310074065,34.84141405460362],[126.84463896687383,34.840550988271694],[126.84401502812803,34.84019426443624],[126.84349554489644,34.839747830401976],[126.84260062202179,34.83937438677335],[126.84158136788318,34.839589099639205],[126.84073558251437,34.839679793114854],[126.83996270438355,34.83935760968215],[126.83890385331247,34.839061585897824],[126.83859219243419,34.83908238813336],[126.83808615409649,34.839297694450146],[126.83693574243759,34.838581081112864],[126.83632340212998,34.83856672162443],[126.83538550759395,34.838273210999304],[126.83517892553857,34.837966804075606],[126.83450862582501,34.8378002358004],[126.83329926629428,34.837157133531775],[126.83221230549766,34.837063918028775],[126.83181335801801,34.83685863626594],[126.83163383512948,34.836064584892576],[126.8314459991344,34.835907424695776],[126.83093009074793,34.83588355482399],[126.8296385549893,34.8360399429816],[126.82947507446491,34.83600131234499],[126.82884383654067,34.83612553304873],[126.82851434552394,34.83587815338242],[126.82766333262711,34.836116353087775],[126.82737669903686,34.83596833892214],[126.82672029673115,34.835852072840794],[126.8264828310548,34.835692706406775],[126.82541264535948,34.83569216340881],[126.82499584939168,34.8356087299477],[126.82392435694459,34.83605970184844],[126.8230451566383,34.83623168327705],[126.8224160108997,34.83571737519548],[126.82195627551361,34.83505945922091],[126.82189323201348,34.834584462930245],[126.82128298858724,34.83412914645176],[126.82122069752573,34.83330081950334],[126.82105843623518,34.833038226147536],[126.82051880302991,34.83262506980021],[126.81995068631933,34.83189805457654],[126.8192267398203,34.83118885845481],[126.81855710125048,34.83106925640759],[126.8181928295142,34.83083801260186],[126.81785987377503,34.830796469899425],[126.81698390388196,34.83099037978141],[126.81611827096005,34.830647667563056],[126.81526623253609,34.829625195755646],[126.81481561028453,34.829828132166824],[126.81358403063207,34.82954294445363],[126.81302905908441,34.82953601997402],[126.81220828136819,34.82940180756819],[126.81166108281163,34.829528521772794],[126.81076384360729,34.82932197805734],[126.80957699199432,34.828868636299],[126.80884593693457,34.82935625759216],[126.80777216200144,34.829467237567776],[126.80743569752865,34.82963063953903],[126.80682218709211,34.82930306392521],[126.80706355333648,34.82902987425603],[126.80728381128219,34.8282014589044],[126.80715938150169,34.82734830857843],[126.80639632724203,34.82626018612598],[126.80613739859089,34.824940965047695],[126.80553096303397,34.82315623166164],[126.80565522566093,34.82238395648432],[126.80490659362077,34.82139031414733],[126.80428687313628,34.82081327914639],[126.80421254067721,34.82028344015038],[126.80496228069885,34.81834851071933],[126.80411901987071,34.817991200194655],[126.80386945665919,34.817224998911634],[126.80363119545623,34.81707796253085],[126.80332003880282,34.81652636524079],[126.8032075811054,34.815937601536575],[126.80279738040723,34.81552049316047],[126.80236835812973,34.81444179421986],[126.8020638019506,34.81441098146497],[126.80149330235307,34.81403804512636],[126.801026583745,34.813172975184884],[126.80111985096909,34.8125470854892],[126.8010684627303,34.81214449684931],[126.80082551542154,34.81158952564801],[126.80105654147857,34.81123126445687],[126.80112922305364,34.810841779059096],[126.80106928943628,34.81071458237105],[126.800520902292,34.8103257318542],[126.8002937852253,34.809740876965606],[126.80010534067932,34.8087458652881],[126.79957969515212,34.80853058650773],[126.79965650681427,34.80711636448828],[126.7999502855955,34.80630110659977],[126.80084905062036,34.804748523299615],[126.80103914474138,34.80415421530158],[126.8010417360278,34.803891748311045],[126.80089824541459,34.80363123113753],[126.79893598244381,34.80344213964566],[126.79916814557495,34.80339082103962],[126.79910011000386,34.80132301844919],[126.79742337196683,34.80016336437546],[126.79567946656753,34.79768349113879],[126.79483887399975,34.79704891955737],[126.79453279938383,34.796222188557145],[126.79446558998353,34.795665194331015],[126.79407786002058,34.79483229274591],[126.79293413223726,34.794153220437195],[126.79309847126791,34.79340238648856],[126.79342975013094,34.79293716895778],[126.79351342332666,34.791401873024505],[126.79362724188202,34.79112885983826],[126.7939338965868,34.790748772683386],[126.79429173618719,34.79047464212921],[126.79524384022486,34.78851858148983],[126.79522873065324,34.78821947782799],[126.79546275448331,34.78711761445375],[126.79512197975076,34.78675469849485],[126.79536416776435,34.78609442166079],[126.79492877713993,34.78499603923664],[126.7955515302336,34.78390649803916],[126.7955153899451,34.78282855068674],[126.79532546185085,34.781897218427495],[126.79538863028857,34.78130025923697],[126.7960107715887,34.78101247207356],[126.79674810549433,34.78050713107959],[126.79684511753719,34.77988877433049],[126.7969937191564,34.77962786770753],[126.7972497191066,34.77939976303792],[126.7976802603566,34.7794449958673],[126.79799559287143,34.77935427350468],[126.79807704960814,34.77914052321738],[126.79842198528871,34.778765075986186],[126.79928940748324,34.77808618051702],[126.79947588074963,34.77775092228965],[126.79935831080289,34.77731069519845],[126.80031968582824,34.77709025172736],[126.80118903083857,34.777017210076366],[126.80253418736037,34.77715370684669],[126.80415504189878,34.77773201994991],[126.80555194971281,34.778647366957685],[126.80609512095135,34.77850064280816],[126.80708667374367,34.778519392360266],[126.80772174525197,34.778660861998816],[126.80853760809309,34.778350107334425],[126.8091595422808,34.77822134215554],[126.8098419356513,34.77824248320724],[126.81058932370924,34.77863270529172],[126.81138436895291,34.77927266053757],[126.81193150229785,34.780133133324775],[126.81233172020768,34.78050715533885],[126.81263903517431,34.78030503150465],[126.8133092123616,34.780089487220614],[126.81409096688246,34.77954869316254],[126.81478841606484,34.77757093592688],[126.81492536244956,34.777564069706536],[126.81532101564062,34.77729062851756],[126.81603157408466,34.77710342605743],[126.81676003897928,34.77648773436916],[126.8168487251871,34.776046087828796],[126.81726059453173,34.77526799237269],[126.81697803609254,34.77230110442774],[126.81687890643119,34.77194495113714],[126.81596435324049,34.770677584401554],[126.81538176426994,34.769245426493924],[126.81402177680575,34.76820250878749],[126.81407064993786,34.767554099799156],[126.81460495662773,34.766692134901625],[126.81554357964737,34.76638846157085],[126.81613596499776,34.76594641079893],[126.816225883946,34.76543820557618],[126.8174450483196,34.76503556319202],[126.81771387265046,34.765067085768784],[126.81914339312044,34.76291937578915],[126.81887181476975,34.7617202802324],[126.81912468224552,34.76113041431677],[126.81962264104699,34.76096701154166],[126.81948869581349,34.76066404514445],[126.8200351972402,34.75957366457981],[126.82047264916025,34.75800183709411],[126.82085158152522,34.75732532133624],[126.8218103690884,34.75491795617822],[126.82093454168172,34.75426997850381],[126.82191537004229,34.75338392351604],[126.82230701669396,34.75326298959039],[126.82251975289209,34.75309810021659],[126.82322973095556,34.75359057364139],[126.82365157223363,34.75377669197339],[126.82347231451843,34.75259583990737],[126.82373735800658,34.751611026794485],[126.82356871606038,34.751195805803576],[126.82393242115923,34.75066789150868],[126.82371675745982,34.749715431503624],[126.82379928743295,34.749491289087544],[126.82374974585663,34.74899824247257],[126.82400275728645,34.748755995664794],[126.82381240995508,34.748243372437166],[126.82389963979244,34.74776135113078],[126.82433352031397,34.74699572641465],[126.82438696061666,34.74635342007505],[126.82466569139126,34.745577779016294],[126.82493158917697,34.74518549932696],[126.82493135877012,34.744790598203366],[126.82510817701949,34.74465958123889],[126.82512378012628,34.74431617378639],[126.82534000847686,34.74414921099678],[126.82539954643687,34.74379386013451],[126.8258308358475,34.74362748648604],[126.82620068635575,34.743642027068624],[126.82624498633027,34.743498892001355],[126.82651621906695,34.74326810487375],[126.82688266535519,34.74327537309064],[126.82700738989526,34.74297187402239],[126.82748444130176,34.742809282845236],[126.82759454516425,34.74249851489133],[126.82784811950398,34.742358634313845],[126.82803854046031,34.741947661850254],[126.82819950178373,34.74178570821766],[126.82836131753763,34.741056530953145],[126.82861028928534,34.74100562092351],[126.82888695378969,34.740660473524954],[126.82894963452894,34.74001381468474],[126.82915197633027,34.73981503238902],[126.82923327133288,34.739321568183975],[126.82971725445786,34.739211178905336],[126.82977746206751,34.73889610177742],[126.83024962318154,34.738671024611236],[126.83060639457499,34.73827064776957],[126.83092431848864,34.73818553076548],[126.83145835630786,34.73724442357821],[126.83196497189864,34.737251421250754],[126.83206915895865,34.737184960506426],[126.83253679083515,34.73734809896915],[126.83351434094045,34.73719904902754],[126.83372481082671,34.73709216057477],[126.83380390076141,34.73694049799789],[126.83438010260565,34.736845153438416],[126.83531602245505,34.736415961910936],[126.83561103635427,34.736156025795204],[126.8357554398893,34.73585177792613],[126.83627022904197,34.73547846124627],[126.8371080885335,34.73533763017624],[126.83810118850099,34.734738973822495],[126.83942184472622,34.73407917856029],[126.84015176745999,34.73380582790416],[126.8402960702371,34.73277196763071],[126.84015869899092,34.73255884416546],[126.84082569139785,34.73191310283684],[126.84102766330828,34.73143430183294],[126.84046681568941,34.730616580793715],[126.84001524949636,34.73019293927103],[126.84032184142242,34.72984980595003],[126.84041634394299,34.729183738407926],[126.8408188986911,34.728368486958175],[126.84060981796166,34.727170849174826],[126.8417952391875,34.72578116886281],[126.84373656684348,34.72506425714148],[126.8460371844484,34.72531708601079],[126.84947662300775,34.722668333577644],[126.84892203563942,34.722209458695566],[126.84867253814768,34.72156252255914],[126.8490106458444,34.72079714570645],[126.84841902770589,34.72041729454576],[126.84805264321673,34.71993338497546],[126.84811010225647,34.71930531253065],[126.8483320010063,34.71865484812876],[126.84796524444027,34.71854821764837],[126.8472148261047,34.71771615281407],[126.84725351072571,34.71680102685542],[126.84781414826465,34.716389894416125],[126.84792458643525,34.71592056533366],[126.84827676028236,34.715386124148864],[126.84877062283128,34.713956154773435],[126.84861934127223,34.71356555123948],[126.84875229440372,34.71299356866541],[126.84863332511898,34.71263349159049],[126.84869959171978,34.711751670373694],[126.84858344390787,34.71156793252145],[126.84862410140796,34.71040108603465],[126.84802886652807,34.70963243627748],[126.84802056910907,34.70939073699051],[126.84818884903434,34.70924163742122],[126.84821804950228,34.70904582250791],[126.8482999944274,34.708370229675005],[126.8482519855511,34.707832246581],[126.8487755893229,34.70747309246961],[126.84888192131896,34.70690609672947],[126.84959922518678,34.70647327381038],[126.85019773558089,34.70567730605714],[126.85073225141376,34.70518134824057],[126.85090841219753,34.70477164466937],[126.85082051100834,34.70419396846602],[126.85196942151246,34.70361914922457],[126.85268839356839,34.70264396964358],[126.85304050522507,34.701960995098496],[126.8535823616914,34.70135277931189],[126.85405516066943,34.70102970544785],[126.8545357577974,34.7000963044042],[126.85468239280397,34.699708058319985],[126.85465872428531,34.69936513790562],[126.85411906100683,34.69808822639402],[126.85368816857724,34.69777852605881],[126.85350012888742,34.69704110581703],[126.85373499146844,34.69548017196668],[126.85386678045285,34.69535559272126],[126.855056357067,34.694946753501696],[126.85616807192068,34.694101503200265],[126.85592469184121,34.693747458536286],[126.85577911240067,34.69281961228569],[126.85482511520661,34.69263666064529],[126.85369535798705,34.69224548528031],[126.8537119423356,34.69178092092175],[126.85385422821452,34.69143884091182],[126.85388849894598,34.691006803199166],[126.85420574214591,34.69008088414025],[126.85423918422215,34.689499064702375],[126.85411854491815,34.68899046202159],[126.8541381371736,34.68831078524545],[126.85482984724749,34.68723420131266],[126.85495433661713,34.68660485961222],[126.85531087219107,34.68633584284426],[126.85606650904838,34.68600887125417],[126.85682752239752,34.685824858177796],[126.85677936235696,34.68434514929692],[126.85658961258135,34.68299312995468],[126.85637318041725,34.68253454332731],[126.85581218411372,34.68199636407648],[126.8556590716086,34.68161219222289],[126.85523493674191,34.68155711210841],[126.85574166529646,34.679387745678056],[126.85580116501013,34.67869101518142],[126.85815964970416,34.678289204785855],[126.85888255387808,34.67792436193403],[126.85881935735279,34.67773112160304],[126.85932154651655,34.677991498743935],[126.86065415844843,34.677519688243166],[126.86085507970843,34.676489356409284],[126.8610084908964,34.67615561812367],[126.86096428572655,34.67570488144192],[126.86125948268422,34.674765259501925],[126.86262538807692,34.67352768603152],[126.86331432181099,34.67212282055701],[126.864463177925,34.671875647358256],[126.86580173202408,34.671294948406825],[126.86615960774631,34.670951641081125],[126.86723616148166,34.670308418864],[126.86751941160982,34.66924481248327],[126.86793201227077,34.66898809687277],[126.86803190989598,34.66740796886035],[126.86773195761289,34.666895828125526],[126.86752631044642,34.6657837371846],[126.86756229899044,34.66525691049819],[126.86785243198207,34.664486616442645],[126.86769693257807,34.66392323413999],[126.8667066202002,34.66282745045141],[126.86656972614126,34.661897566599976],[126.86551299244363,34.660287173359805],[126.86620663128097,34.65970937187827],[126.8664394661952,34.65905106445044],[126.86634938531462,34.65838085196066],[126.86706393524481,34.6576891189889],[126.86818989689925,34.65711053751309],[126.86952592680117,34.65684125478346],[126.870690548114,34.655717183308504],[126.87119280513258,34.65490362229468],[126.87153928153667,34.654668502505345],[126.87228575282734,34.6546650945676],[126.87260721989874,34.653916951011205],[126.87295112568489,34.65359634192654],[126.87338898949845,34.65288138314722],[126.87386228032325,34.65247691201248],[126.87278648496785,34.651236866560616],[126.87240165469713,34.65065299179328],[126.87129358119799,34.648430520535385],[126.87063917809333,34.64679812417084],[126.87113231354095,34.646761134436225],[126.87195902792854,34.64764812950644],[126.87224428210651,34.64779842990945],[126.87253444587829,34.64775834381184],[126.87336690927025,34.64788772854032],[126.8737528225462,34.648088502961784],[126.87397713320277,34.64799353754239],[126.87417979689666,34.64808783138709],[126.87430164611267,34.64801010194418],[126.87383560763826,34.647792541966304],[126.87374217657599,34.647419585702075],[126.87351716065044,34.64732826043136],[126.87355318329213,34.64706883958907],[126.87374781444494,34.646886756290975],[126.87354956899168,34.64663792516446],[126.8736579575107,34.646545470890906],[126.87370505405893,34.64626950229634],[126.87351486289123,34.64582693512046],[126.873583059446,34.645426888754635],[126.87436225018502,34.6454996821696],[126.87456585556255,34.64537300877001],[126.8746665415445,34.64511511506451],[126.8748281341282,34.64500751688755],[126.87468847346396,34.64504525897137],[126.87459844830731,34.64482756009595],[126.87484456711131,34.64470173268547],[126.8741388407095,34.6445383621764],[126.8732396414371,34.64461050847401],[126.87284012560576,34.64469732839197],[126.87253462367124,34.64488700043221],[126.87267495993838,34.64519596066291],[126.87251366965023,34.645310587456],[126.87181227970267,34.6442314629585],[126.87142517938153,34.64306533902814],[126.87103417849272,34.643046433334476],[126.87082034970578,34.64290416613746],[126.87074000656695,34.642960807115195],[126.87051224371561,34.64285041706421],[126.869979141221,34.643021665431306],[126.86987885261206,34.64290978892946],[126.87023246339463,34.64275534905687],[126.87043538469169,34.642577877124616],[126.87058165298586,34.64265808116037],[126.87084351989229,34.64244956338714],[126.87068781971792,34.64249978658063],[126.87035993629512,34.64210921435021],[126.87032613441703,34.641305867937135],[126.86993000336861,34.64137086739588],[126.86963571628502,34.641121159921326],[126.86998414477895,34.64107378708131],[126.87014816202365,34.640748312766775],[126.87037143623887,34.64055341107464],[126.87067582946823,34.639812166451954],[126.871195890882,34.63963173344525],[126.87123748035472,34.63919738716491],[126.87145309654443,34.638964254576116],[126.87134199999693,34.63866530266892],[126.87150207086468,34.6384021832041],[126.87138375572948,34.63817952077118],[126.8715089269329,34.63809002482452],[126.87150413342485,34.63796069135654],[126.8713126745488,34.63768600142036],[126.87111097643668,34.63658796871832],[126.87119826332639,34.63645271197577],[126.87119275605154,34.63606165602917],[126.8713823741863,34.63515799269524],[126.87130007130413,34.63502893707825],[126.87143912036973,34.63480714378438],[126.87137227577188,34.6345565736303],[126.87149296261596,34.63424102077037],[126.87150308480739,34.63386229490075],[126.87196620814561,34.63338902160926],[126.87241660864989,34.63323373128062],[126.87254990152891,34.6324001735953],[126.87296978200865,34.63184120558676],[126.87292182451488,34.6314132361199],[126.87370623560325,34.63110347131445],[126.87424540633475,34.62985198082602],[126.87451586899317,34.62967387796774],[126.87465755858068,34.629303365163764],[126.87673223617229,34.62812319299352],[126.87674629355098,34.62757591134091],[126.87708435526461,34.627207398963165],[126.87964558987505,34.625980562739635],[126.87900293605617,34.62523612889696],[126.87695137950679,34.62387678272724],[126.87648220973733,34.62311983810165],[126.87562383604342,34.62201726880294],[126.87536991005054,34.62186345648196],[126.87512548428037,34.6213270218157],[126.87494096161635,34.62046494258476],[126.87428089561145,34.61981059062205],[126.87282165978738,34.62013595736291],[126.87136805328723,34.61999083616203],[126.8703159653044,34.61952412847697],[126.86908676197152,34.61984958934021],[126.86832496518912,34.61990132331852],[126.8666784737302,34.62048089595295],[126.86605881595764,34.62090222534325],[126.86441966254817,34.62161979401619],[126.86377404470645,34.62260839979982],[126.86332968027529,34.62275221716808],[126.86250659784164,34.622859508891025],[126.86146031019837,34.62285608655474],[126.86058887610572,34.62307184244667],[126.85982432272253,34.62274231288367],[126.85877610299467,34.6230596854603],[126.85822652661643,34.62361289136194],[126.85773909353132,34.62345445026204],[126.85682154767792,34.622847918473184],[126.85605984869146,34.62267970727587],[126.85467803522202,34.621684493063924],[126.85415582183636,34.62150910291788],[126.85301114367394,34.62153454254533],[126.85199265598952,34.62134932580521],[126.85175119475531,34.62077685384057],[126.85082233181689,34.62025226630848],[126.84988424466984,34.618911763401776],[126.84930908216646,34.6182910053452],[126.8499965739654,34.61787464076844],[126.85063614970076,34.6171677890066],[126.85224076996718,34.61649858054107],[126.8525296857126,34.61626511939887],[126.85366912383707,34.61563013686937],[126.85367788910531,34.61510763096202],[126.8538896769465,34.614417622678324],[126.85387668469112,34.61342276555951],[126.85417953397636,34.61288462321565],[126.85375052515036,34.61196235146982],[126.85324589787005,34.61132540769448],[126.85323255565983,34.609746500634145],[126.85362763931278,34.60949358630389],[126.85343473520953,34.60827201560272],[126.85370772852521,34.60793085551444],[126.85347301107812,34.60621426453288],[126.85358765662102,34.6050837774106],[126.85354087235093,34.604550485220635],[126.85446477890979,34.603894075725016],[126.85471639261802,34.60363586457123],[126.85506100440317,34.603150286994264],[126.85516052808858,34.60265871783023],[126.85511182231143,34.60246397621677],[126.85548371623064,34.6020892887124],[126.8562612497286,34.60171975265515],[126.85614588676383,34.6004055370345],[126.8563966134017,34.600234679432695],[126.85666561711119,34.599695164323606],[126.85781795606934,34.59883781682314],[126.85812325527576,34.59890305209829],[126.86060371464289,34.59790520889225],[126.86145337122983,34.597686731384066],[126.86201492884649,34.59765708582258],[126.86281110028499,34.59741114305921],[126.86346300277582,34.5976460751129],[126.86412091731994,34.59733656934823],[126.8644733034308,34.59697996000665],[126.8660357511041,34.59608141955676],[126.86652882969723,34.59583455695992],[126.86723933921027,34.59568650380343],[126.86807979193306,34.59510410457692],[126.8682081389133,34.594769054110515],[126.86841777202645,34.59459112256763],[126.86824447349203,34.593940996891284],[126.86766534821011,34.593488391635546],[126.86716533278745,34.592955561535106],[126.86619400394889,34.59149723334122],[126.86580822768978,34.59125675231482],[126.86641763257234,34.58990853350387],[126.86668376802498,34.58971429714417],[126.86780231303277,34.58795976760915],[126.86811148802363,34.58731162858376],[126.86818336053838,34.586649654233554],[126.86810905361823,34.58635149426035],[126.868622699048,34.58574987481039],[126.86867411810684,34.58538300894052],[126.86891518419799,34.58484009963405],[126.86953137345564,34.584455221368174],[126.86970515009165,34.583663187995725],[126.8696734645031,34.58319423398821],[126.87090917047952,34.58253821362441],[126.87155220711314,34.582106659101875],[126.87286748450602,34.58020033408736],[126.87328110902995,34.58007182698037],[126.87365029927103,34.57980692915595],[126.87407303155832,34.57969304122989],[126.87456077675874,34.579412353828594],[126.87586029478425,34.5783092347215],[126.87605340199192,34.57824045496942],[126.87690171591537,34.577606231379875],[126.87797924962672,34.57631213588409],[126.87881096324615,34.5755224555789],[126.87845928989704,34.5750169885273],[126.87750861323174,34.57424847741964],[126.87670313465652,34.573817489585984],[126.87592101240529,34.573216670898574],[126.875950890536,34.572856638978756],[126.87653337827238,34.5718331088272],[126.87670357016849,34.57135062405873],[126.87657537811641,34.57022173507391],[126.87720643953045,34.569383334904565],[126.87743186555113,34.56861173158682],[126.87867602031645,34.5674830493141],[126.87899903612512,34.565593797663695],[126.87915702863603,34.56519355332852],[126.87886480474994,34.564287851617024],[126.8789050435354,34.56372514848444],[126.87726131204018,34.56206216536707],[126.87699265933739,34.561227254990655],[126.87647265373612,34.560189884286444],[126.87692895695851,34.55964128136367],[126.8766697194195,34.55847733472911],[126.87678761997635,34.55800614448654],[126.8767163912833,34.557225827403805],[126.87683360415404,34.5563081963748],[126.87672452413388,34.55552107962794],[126.87673202787344,34.5540551863404],[126.87638386950557,34.553278732131524],[126.87647020527616,34.55281165610487],[126.87637470179156,34.55239326121063],[126.87642044381045,34.551377930217],[126.877186171883,34.55093276704625],[126.87800757758512,34.54989620852446],[126.8792754857292,34.549635496372616],[126.87993477483361,34.549338848519035],[126.88134170203585,34.54822529697877],[126.88212430190336,34.548240676363335],[126.882646540516,34.547964315584615],[126.88353834505827,34.54780298264703],[126.88410240621165,34.547794475285386],[126.88470562586359,34.54713587156996],[126.8850373160585,34.54636527221173],[126.88538258561421,34.54587714362202],[126.88584834166944,34.54442013734648],[126.88425751331556,34.5436037058421],[126.883266707224,34.54230651752221],[126.88288259583035,34.54152386161875],[126.88215435829126,34.54102391389588],[126.88185443199461,34.540223010387045],[126.88112125887257,34.54027347457732],[126.87690191763586,34.53967474229265],[126.8725248551798,34.53554157730535],[126.8695080612683,34.535993361763374],[126.86969755799005,34.53556445965822],[126.86981943928316,34.534748177816184],[126.86917207691366,34.53393129068665],[126.86724770710165,34.53280774703624],[126.86656866984018,34.53252206991737],[126.86577923456449,34.53205189350691],[126.86482006276938,34.529190883972866],[126.863607192914,34.528753212070924],[126.86270636457037,34.52823531145159],[126.86139540150072,34.5280074442677],[126.86101219753083,34.52808467314636],[126.8583163108646,34.52787273345949],[126.85749249106208,34.526523299022784],[126.85682594207638,34.525791176273955],[126.85696491128304,34.52439626877262],[126.85673392350913,34.52391037629472],[126.85695213315653,34.522826597935655],[126.85629190283753,34.522138253680396],[126.85609620034926,34.52170344175453],[126.8555215067653,34.520881933801626],[126.85534680738148,34.520367051960456],[126.85433259856563,34.519269294836114],[126.85397977083804,34.51924114098172],[126.85305490847632,34.518801087871445],[126.8524783891955,34.518360281015724],[126.85084999689438,34.51746247008492],[126.85068715179366,34.51720646508566],[126.85068055291471,34.516915694537126],[126.85014825753673,34.51566485279429],[126.85004927137473,34.515178497441326],[126.84956308267503,34.514516680980925],[126.84936517001714,34.5126475405186],[126.8491223167293,34.51236869007796],[126.84883196627193,34.51219551989916],[126.84802276267138,34.51218311233216],[126.84708703015326,34.51250640179699],[126.84602973651369,34.5130518991258],[126.84293226948353,34.51356893133343],[126.84187802772647,34.51180028534092],[126.83962219727044,34.510755711775445],[126.84083649218088,34.508579599699296],[126.84112151222259,34.506903059973766],[126.84136190943761,34.50627407250185],[126.84263346049919,34.50531350500454],[126.84332709716774,34.504984924130184],[126.84329753162353,34.50493391784847],[126.8436963642822,34.50461088456269],[126.8437407519516,34.50464925350816],[126.84471948691929,34.503918245923444],[126.84592561687542,34.502683644829254],[126.84644762308623,34.5024316401922],[126.84656583377486,34.502241863289356],[126.8465980264122,34.50193254403593],[126.84643536261878,34.50144881738359],[126.84651877689271,34.501079760776214],[126.8467984176909,34.50062532365241],[126.8468749148412,34.50023884195234],[126.8473835101982,34.49984472041331],[126.84734107908955,34.49967842121468],[126.8471297289016,34.499445525944786],[126.84724587918834,34.49911199117778],[126.84753689174741,34.49882721075647],[126.84822592369002,34.49836290928682],[126.8487451075687,34.49739461538627],[126.84870154503942,34.497274766999624],[126.8488560276821,34.496992354738786],[126.84894195793099,34.49657261968739],[126.84924245223989,34.49620278586696],[126.84967653237929,34.495980486630906],[126.8501353169623,34.49561229834684],[126.85048539692832,34.49492799702624],[126.85047301001151,34.494623984931856],[126.85004133132786,34.494341792182574],[126.8499695712616,34.4937692088182],[126.85015153147647,34.49342201434654],[126.85003225982335,34.49289682458661],[126.85013154797338,34.49256848521044],[126.85048805099197,34.49211911909118],[126.85043231489914,34.49117852840747],[126.85015121471358,34.490799354222865],[126.8501814043462,34.490214637027286],[126.85008821078611,34.489581377053405],[126.84995910215409,34.489339771903836],[126.85012650697183,34.488854285246575],[126.84984051502929,34.48801265858136],[126.84985027953788,34.487724304754444],[126.85005425252615,34.48711106433797],[126.85052445738741,34.48634601414939],[126.85093765119252,34.48531443113759],[126.8513462934593,34.48486135803007],[126.85183864171671,34.48372240651508],[126.85185967089116,34.48318123525703],[126.85165788722584,34.48250283321364],[126.85169712179294,34.4819782529105],[126.8519001771414,34.48149777387557],[126.85185038230202,34.480803502880775],[126.85159252841541,34.47984049671428],[126.85131090420657,34.47942564431557],[126.85109172798786,34.47887456809579],[126.85114151161785,34.478125790775636],[126.8513318186699,34.47766081975287],[126.85169593983775,34.47719749472183],[126.85202637574945,34.4769428503161],[126.85238157673527,34.47644783514198],[126.85233445304206,34.47591580192331],[126.85265035125366,34.47562370961324],[126.85385986223953,34.47501443957707],[126.85399212428926,34.47481854161778],[126.85406415268781,34.47447717516524],[126.85399761841761,34.47359443475193],[126.8536691975284,34.472290280909604],[126.85363019741183,34.47109824766532],[126.85398441904357,34.47041020635181],[126.85406599359942,34.4695832817912],[126.8542520452316,34.46920313643799],[126.85422567648499,34.46908910653297],[126.85415418319876,34.46887469920088],[126.85346222839082,34.46812292354868],[126.85319988502683,34.4676360086011],[126.85227433041796,34.46693407267303],[126.85242689242627,34.466793694564394],[126.85233777953997,34.4665391227609],[126.85233441192429,34.46577014004041],[126.85207499005472,34.46487278375586],[126.85226024473529,34.46469511640223],[126.85243675367539,34.463307177963216],[126.85215483719979,34.462216765038775],[126.85249394914861,34.461485555789764],[126.85260918082088,34.460989804361574],[126.85254625897574,34.46020773139759],[126.85202993825914,34.459998197868345],[126.85173733957403,34.460048592085364],[126.8516021138246,34.459165782239566],[126.85081595780149,34.45791217774028],[126.85082233637858,34.45714763206794],[126.85026686989441,34.45695104182599],[126.84932877933208,34.456344991224675],[126.84752135772275,34.455497414426006],[126.84714155032317,34.45517936109809],[126.8468818472184,34.45449423135468],[126.84556248634605,34.453537416584766],[126.84497493113263,34.451251342483815],[126.84679388349821,34.45029556748954],[126.84664021978848,34.44996479005473],[126.84659071277976,34.448994342745365],[126.8467521558798,34.44826777260008],[126.84688361857408,34.44807237622285],[126.84727064605795,34.44781255028325],[126.8479676135406,34.447671122459084],[126.84875179354475,34.44765603993533],[126.84944630696047,34.44748562770439],[126.84991601588193,34.447260340838525],[126.85028567687901,34.44682981045633],[126.85020788500331,34.44676327672589],[126.85083565644702,34.44620821135579],[126.8510846085965,34.446156052694],[126.85124430143189,34.44593890697544],[126.85267353485757,34.44516341509929],[126.85373229419609,34.44420056887593],[126.85394102927225,34.44406361855858],[126.8539998967132,34.44411300840885],[126.85422137121732,34.444008083810694],[126.85452469433312,34.44356674210936],[126.8545119553934,34.44318586892792],[126.85468382831652,34.44271523360213],[126.85488225259986,34.442603933838704],[126.85515236322959,34.44255332467826],[126.85588228227405,34.44270310767742],[126.85637775748611,34.4427104301988],[126.85661126675262,34.4423554143738],[126.85677104936832,34.44225046614334],[126.85706363599283,34.44223883143627],[126.8572812531635,34.44210664555296],[126.85751059287593,34.44171795350813],[126.85784496171526,34.44194074578482],[126.85793600535483,34.44224444644618],[126.85811399935805,34.442344284533995],[126.8581425573228,34.44250631040925],[126.85824433319175,34.44254735589599],[126.85900770969698,34.44256663697707],[126.85936352103083,34.44230102984224],[126.85962490588165,34.442215613304775],[126.85972859274972,34.442046547392806],[126.85985665755786,34.442003461653904],[126.85996953188136,34.44218675097203],[126.86008944695965,34.44220829928723],[126.86069753311801,34.44191305102841],[126.86113076015965,34.442138372962624],[126.86148030341548,34.442109566098836],[126.86171432845927,34.441927558355054],[126.86164048163246,34.44173043275489],[126.86170240926295,34.44168190578304],[126.86151896482482,34.441370890534735],[126.86087641866652,34.44085149852666],[126.86080699974615,34.440442065475665],[126.86127851432262,34.44021433879791],[126.86184543802285,34.43970560769202],[126.8620474607302,34.439658240943814],[126.86223481163074,34.439731743054416],[126.8626474967201,34.43961006406293],[126.86303737865676,34.43939370449106],[126.86307845063374,34.438701699443214],[126.86288146112294,34.43860186503807],[126.86285926228972,34.438537565726286],[126.86296954725681,34.4384975756046],[126.86276585477675,34.43820083631584],[126.86296692613963,34.43756002613085],[126.86337572646269,34.43702121612386],[126.86353014766237,34.43657212908746],[126.86416592927567,34.43575527286979],[126.86439224228438,34.435297620279734],[126.86508770540313,34.434935577211796],[126.86527539054933,34.43455651434874],[126.86557984201328,34.434362659989596],[126.8657493126908,34.434420099908415],[126.86584264260817,34.43465474566753],[126.8663430238114,34.435100341828175],[126.86631885849246,34.435533620624334],[126.86659994780854,34.436446660421154],[126.86651572910411,34.43719532127555],[126.86624187962867,34.43786660747273],[126.86618619900105,34.43832277536188],[126.86613236788953,34.43828575592816],[126.86625766379164,34.438375517710874],[126.86811832571424,34.438856100337624],[126.86831379123014,34.43861070115496],[126.86840892015267,34.43806064296552],[126.86859860042135,34.43794912200632],[126.8689280983207,34.43804790090323],[126.86912442781887,34.437948898610244],[126.87040943329596,34.438109371639754],[126.87139861907615,34.43805701562512],[126.87170611200708,34.43795003218478],[126.87216162621561,34.43762743073775],[126.8725843293648,34.437143999368395],[126.87439815511986,34.43607470796172],[126.87477262684993,34.435721840559],[126.87562015647498,34.43523327563428],[126.87605638017524,34.43473059071834],[126.8761224414746,34.434812033354135],[126.87639727886928,34.434469705047476],[126.87695055955827,34.43418105334346],[126.87723094208539,34.43370505098694],[126.87748186325823,34.432791241126154],[126.8776978857113,34.4325436569239],[126.87837802439994,34.43209385532764],[126.8786726547666,34.431305344897815],[126.87910306562279,34.43096501430007],[126.87930865517511,34.43065070852194],[126.87935189336832,34.429892432499145],[126.87994194104635,34.42939133798228],[126.88009024827211,34.42914214964592],[126.8801148763262,34.42891040804015],[126.87985623579792,34.428563376641414],[126.87993955970539,34.42757024581463],[126.88010795050378,34.42724285739003],[126.88016181618984,34.42674287834647],[126.88046297028993,34.426188930014064],[126.88062741548026,34.42609790050333],[126.88062428364628,34.4257868565999],[126.88086600274254,34.425754525185056],[126.8808838095634,34.42553591088686],[126.88117499388618,34.42551098352745],[126.8814098516659,34.42451628725116],[126.88180049280027,34.424210731235206],[126.88210541339735,34.423319283393305],[126.88256584995814,34.42263172562416],[126.88356436381619,34.42198283552431],[126.88423776208691,34.422179271290496],[126.88481992067274,34.422615153331336],[126.8848147147574,34.42301921138334],[126.88501002682213,34.42323874149378],[126.88523922776687,34.42376408889185],[126.88465331319885,34.42452043575143],[126.88466599080041,34.42473672692507],[126.88480166733024,34.42491074860257],[126.88450251950567,34.42518825797288],[126.88460680454442,34.425327967203025],[126.88458434422668,34.42567683904227],[126.88493631874049,34.42637356394864],[126.88514607477592,34.426459808145765],[126.88519816457047,34.42664731687942],[126.88470131310844,34.42739131699797],[126.88479632127336,34.42777399746334],[126.88475634632866,34.42801275684467],[126.88600964765848,34.42887804280444],[126.88633960581518,34.42870936546473],[126.8866698998804,34.42866810930037],[126.88685846509543,34.42879838513886],[126.88683943656666,34.4291418876986],[126.88663737906704,34.42960164252339],[126.88679187095353,34.43059377476403],[126.886433267508,34.431448772732864],[126.88620747722524,34.43167604428206],[126.88614755495544,34.43208645062748],[126.88654256129712,34.4326989691303],[126.88650166134367,34.433154439503255],[126.8866216010314,34.43315356953325],[126.88656642246487,34.433508910123784],[126.8868001615394,34.433989157870435],[126.88672404079232,34.43435139306985],[126.88657722580719,34.43449559738835],[126.886390656638,34.434551213551345],[126.88599582194519,34.434370296824966],[126.88581400601139,34.43438726191021],[126.8854759302825,34.43452405426375],[126.88513481191448,34.43480661817347],[126.88478585273825,34.43530419930531],[126.88470270461437,34.43567413395329],[126.8848076555104,34.43637808626151],[126.88498528452541,34.43671604213087],[126.88528455564224,34.43654320998179],[126.88601913051157,34.43584795886692],[126.88534813854469,34.43654392840335],[126.88459431514686,34.43691112420654],[126.8847772892994,34.437114028501995],[126.8846272433323,34.43709557663772],[126.8846323569989,34.437416330507936],[126.88452836682025,34.43756985821938],[126.88346747315795,34.43827939858295],[126.88308755292506,34.4386636310245],[126.8823555450411,34.43881090449618],[126.88200301865989,34.43987303185533],[126.88208277220821,34.44116767065732],[126.88215029010352,34.441257792452],[126.88198741332572,34.441419743201656],[126.88154645008267,34.44343599638239],[126.88100481116513,34.444004763593284],[126.88069725332042,34.44541312727212],[126.87995285567958,34.44599519317247],[126.8797283334485,34.44602919840646],[126.87938660065471,34.44638945992715],[126.87926276836686,34.44700327559832],[126.87933859716782,34.44725342530547],[126.87928517560628,34.44784680296808],[126.87885465151716,34.44859321359528],[126.87880566614369,34.449081836740305],[126.8786308520342,34.44937024559168],[126.8780887379525,34.44989695471651],[126.87656952634386,34.45039902244835],[126.87594198710345,34.450782266612684],[126.8752326392945,34.451355081141195],[126.87366186899132,34.45209234919852],[126.87294675384148,34.452533855796695],[126.8725121561818,34.452606795226735],[126.8720393931137,34.453526973962845],[126.87172617095904,34.45386104732329],[126.87034328706314,34.45398470430327],[126.8705931886631,34.455843310834325],[126.87115304664499,34.45585899895848],[126.87134210980983,34.45609897916351],[126.87659697030215,34.456829616470124],[126.87683026850739,34.45694487147833],[126.87699025913257,34.456650059163344],[126.87716904996513,34.45657846684623],[126.87752516534555,34.456801190939935],[126.87789528283298,34.45673233338057],[126.87867879751448,34.45683967475492],[126.87924339603858,34.45676686146662],[126.88035134027582,34.456791761965704],[126.88058472852212,34.456825346783916],[126.88071343919727,34.45707535818821],[126.88080951841073,34.45708681137059],[126.88098865061107,34.456935002034584],[126.88189682122126,34.456631380433215],[126.88322623815311,34.456572996099915],[126.88483667408391,34.45712161024168],[126.88493165575993,34.45696773165328],[126.88520763403505,34.45695194828851],[126.8855283127801,34.456743655134254],[126.88581665989653,34.45673082988483],[126.88595061051028,34.45657704141485],[126.88684854188784,34.45628829246119],[126.88767047075649,34.45612965487638],[126.88816060199753,34.45638376225985],[126.88815438455606,34.45674902752241],[126.88829663896492,34.45691478418709],[126.88937175678406,34.45651417427138],[126.89198639420854,34.45620295173065],[126.92230086285605,34.453058270804966],[126.92539307001731,34.45285500598292],[126.92600383126646,34.452671279072305],[126.92632957997203,34.45244240963157],[126.92625545786404,34.4523120941731],[126.92617951115514,34.45236006822381],[126.92589769258564,34.45224000038833],[126.92591455508236,34.452136676485516],[126.92666489091192,34.45082249365924],[126.92671132819613,34.45067181598119],[126.92659228977952,34.45065939320618],[126.92647607357516,34.45053311766566],[126.92678882522152,34.45037133460833],[126.92733378592769,34.447978514834915],[126.92901055485791,34.44745029875991],[126.92958741059408,34.447133252757126],[126.93028082961844,34.44711891015932],[126.9302729161373,34.447186136472055],[126.93155793296322,34.44713451140113],[126.9318534345413,34.44721159243794],[126.93288688394072,34.44720782183432],[126.93350698597082,34.44753936427373],[126.93449588569777,34.44769104822532],[126.93461120801149,34.44758347690794],[126.9362623047126,34.44811100078277],[126.9370392787625,34.44822652872022],[126.9375855281978,34.44810052045344],[126.93795557174381,34.447466905269685],[126.93817840639417,34.44742255165189],[126.93903264248777,34.44801290603029],[126.93917801010402,34.44887995949858],[126.93915368696136,34.44917643736884],[126.93880303042563,34.44993487307115],[126.93846493194555,34.45029290365318],[126.93846006399849,34.45057345351602],[126.9389064153855,34.4514309618067],[126.93883364477033,34.45146251174065],[126.93953507237867,34.45199729008857],[126.93970473414888,34.45223784020038],[126.94187216869167,34.45376092108018],[126.94464634329779,34.45527105802211],[126.94520716387905,34.45561993842123],[126.94544944943827,34.455890667600904],[126.94640732249644,34.45635830146987],[126.94674453992427,34.45660315377099],[126.94802197786981,34.45543553527316],[126.94812530216652,34.45549723114225],[126.94804011086343,34.45558560009804],[126.94797841274385,34.45554096894911],[126.9469064942956,34.456575172662006],[126.94697593217937,34.456683973648005],[126.94704209143262,34.45652882591433],[126.94731755380126,34.45682048896834],[126.94767794542103,34.4567763952442],[126.94810757996103,34.456618882035016],[126.94828517613755,34.45668828152898],[126.94744736798758,34.456865484061844],[126.9470543587214,34.456861109185795],[126.94650320868094,34.45750867842053],[126.94643248600377,34.457766058241624],[126.94643925798769,34.458957636612375],[126.94632672902226,34.459318566097004],[126.94602265710793,34.45931311012602],[126.94572245567252,34.45967430544198],[126.94579987918429,34.46016624860642],[126.94553019341038,34.460768218804986],[126.94536348568653,34.46086083947403],[126.9444769731303,34.46100148108815],[126.94391468452065,34.46123794094402],[126.94324524096783,34.46129226169883],[126.94266665628385,34.46155714004278],[126.94187327174768,34.462051638852834],[126.94189775018233,34.46211101179603],[126.94125481474657,34.462296190215184],[126.94092315773467,34.46681227646216],[126.9411752074254,34.46686478460299],[126.94091970010743,34.46695828382768],[126.94081419908169,34.4675771812973],[126.94059807327366,34.46757388282364],[126.94089745972308,34.467763364478586],[126.94087414273478,34.467872943110194],[126.94065674640132,34.46801477874775],[126.94062618097873,34.46891897930744],[126.94060344427339,34.46905294257215],[126.94053442455407,34.46902514334114],[126.94062383614661,34.469661192903466],[126.94056509007716,34.469874520545744],[126.94028623720753,34.4701610898591],[126.94023880973721,34.47107590072936],[126.94019120218579,34.47120724621107],[126.93990909956801,34.47139045192831],[126.93952502113852,34.47209827128631],[126.93871605462809,34.472675043781294],[126.93848025306364,34.47295340060575],[126.93849932213432,34.473288824388],[126.93875033576768,34.47400883845002],[126.93867433455345,34.474200187687],[126.93819717451193,34.474764758386904],[126.93772021868239,34.47518101067457],[126.93744255869088,34.475722893298475],[126.93751904702962,34.47651186066698],[126.93740300229443,34.47686248439142],[126.93782442060034,34.4770066848848],[126.93801075864437,34.47769650365272],[126.93763453611116,34.47823535150471],[126.93767503789054,34.47852642566377],[126.93757790947633,34.47853511008789],[126.93741776675591,34.478739792031675],[126.93822445721506,34.47851382008454],[126.93859194814343,34.478514962642244],[126.94022601947216,34.47723715982638],[126.9410491854345,34.47722954611679],[126.94106010147024,34.4800599423754],[126.94136697342927,34.48006027379233],[126.94136949589253,34.480186118228296],[126.94132394880013,34.48009586014538],[126.94079925051753,34.48009578138498],[126.94078189223045,34.48031509691167],[126.9407975594894,34.480477276530046],[126.94136525902658,34.48047800744914],[126.94136548584804,34.48107314846094],[126.94122135623941,34.48107199582786],[126.94122104167968,34.48120685340283],[126.9410916073568,34.48120651916188],[126.94109063799922,34.48134335961215],[126.94136518338391,34.48134340464253],[126.94136469598179,34.482175718102255],[126.94168672978725,34.482450188707084],[126.94346282151335,34.48274464759286],[126.94334671576947,34.483143846983076],[126.94387713083691,34.483248846885864],[126.94385148583667,34.48333952119607],[126.94442614897035,34.483214037471825],[126.94455678012513,34.48338041677172],[126.94447374596689,34.48356374237941],[126.94498159058632,34.48361260883195],[126.94506991714985,34.48311964705911],[126.9447402004849,34.482756424551255],[126.94479987768489,34.482725622437414],[126.94462414230527,34.48245167882416],[126.94469448855708,34.48241970982448],[126.94495901667072,34.48279972353927],[126.94551095552175,34.48246121033289],[126.94566733823876,34.4825549790084],[126.94591243792705,34.48229585003921],[126.94638602219439,34.482007319003664],[126.94663096922682,34.48177603445518],[126.94725484573715,34.480856359170886],[126.9475085101363,34.48067041087706],[126.94741983434278,34.48046602980041],[126.94745360409854,34.479871534746856],[126.94801413740907,34.479597792456794],[126.94827903700187,34.479624735206954],[126.94878497466598,34.479037619607844],[126.94855450246948,34.47901990572187],[126.94854757309572,34.47913308049649],[126.94848668970765,34.47913226087047],[126.94858951515442,34.47759660315626],[126.94869510204171,34.477220200705126],[126.95086911898747,34.47470944547387],[126.95145304974335,34.474441457135526],[126.95332561202765,34.47439433168979],[126.95365112862365,34.47415093983679],[126.95369575671157,34.473769749317526],[126.95446500641135,34.47343188372864],[126.9545765856829,34.47316406769608],[126.95454765762885,34.47243603114199],[126.95407464842677,34.47175509574994],[126.95397462431012,34.47099238835214],[126.95441529205216,34.47007669619667],[126.95562298398534,34.46904773541105],[126.95607553063073,34.46835404332961],[126.95663217449412,34.468338815524724],[126.95669896025043,34.46946256060216],[126.96055597609258,34.469299917249685],[126.96199523185638,34.46940853556695],[126.96224733939113,34.46900797490156],[126.9627284067602,34.468587994839844],[126.96288054327925,34.46859916686485],[126.96262249737809,34.46789176570165],[126.9633179457119,34.46787305375376],[126.96331896410429,34.46850650822331],[126.96367780006278,34.46896487535318],[126.96367342582353,34.46925224958145],[126.96326666974096,34.46981173899994],[126.96320108545125,34.469775011182335],[126.9630975483319,34.469854307013996],[126.96261731946667,34.470614642852986],[126.96180455637463,34.471414957220496],[126.96184392431138,34.47151175940184],[126.96275002493661,34.472739202530036],[126.96445677473659,34.47437630689136],[126.96552505019794,34.47526817461423],[126.96549061278176,34.47533632361908],[126.96576576726407,34.47564977743834],[126.96619176016162,34.47591510936094],[126.96647047893286,34.476306304180625],[126.96702137717757,34.47680880589059],[126.96739246309025,34.47744888949043],[126.96747436462668,34.47793559936486],[126.96787697399529,34.47843705521637],[126.96818077609959,34.47823080392212],[126.96818246510165,34.47811658089308],[126.96978255460019,34.47712512422001],[126.97073315391641,34.47592542904935],[126.97146932558753,34.475535821838584],[126.9727577774682,34.47532617240154],[126.97448633777665,34.475205950443154],[126.97486506644333,34.47507142778737],[126.97515902922791,34.47480325387047],[126.97528161541976,34.47463700647627],[126.97521018364552,34.47436925859136],[126.97540179582565,34.47355735751308],[126.97548386539891,34.47356837271681],[126.97552622157605,34.47306630634987],[126.97528291889465,34.47150183025693],[126.97542293886542,34.471014532424725],[126.97554766205896,34.47106395871988],[126.97562148259847,34.47092045333198],[126.97542023091246,34.47076116831831],[126.97606566499648,34.47012528973573],[126.97599334798674,34.469909682213114],[126.97613728137455,34.47005894156736],[126.97602833932964,34.46973794384647]]],[[[126.94519190775208,34.47841385314713],[126.94239240245648,34.47611264887523],[126.94241684527101,34.476058816696586],[126.94534177842739,34.478483153791],[126.94519190775208,34.47841385314713]]]]}}
