{"type":"Feature","bbox":[126.370369577491,34.973509707424206,126.67211881968807,35.235582226460956],"properties":{"regionCode":"12820","version":"vworld-20260909-3f8952dfda77-p2","name":"전남광주통합특별시 함평군","attribution":"국토교통부/K-Geo플랫폼 · VWorld 법정구역정보, CC BY 2.0 KR; 두꺼비집 가공"},"geometry":{"type":"MultiPolygon","coordinates":[[[[126.370369577491,35.16386848198809],[126.37079026986879,35.1634197977679],[126.37101652445182,35.16317546062911],[126.37121645988297,35.16296213628886],[126.37127028458306,35.162905316680735],[126.3714314339756,35.162734207057476],[126.37163749335421,35.16251639815004],[126.37173600566095,35.16241182353019],[126.37180765783216,35.16233602407656],[126.3718882653486,35.16225034741155],[126.37194204999966,35.16219290536393],[126.37205817538126,35.16207008882379],[126.37230101770835,35.16181148610058],[126.37247052399134,35.16163068401388],[126.37267686006788,35.161410423073406],[126.37280155190915,35.16127661790338],[126.37282952180021,35.16120190711474],[126.3728655099307,35.161100720628106],[126.37290168942158,35.16100032829661],[126.37292885565104,35.1609259107522],[126.37299782830323,35.16072726265826],[126.37300435999425,35.16070426741444],[126.37306665311155,35.16053495013903],[126.37311106170193,35.16041341001185],[126.37314785213455,35.16031769869222],[126.37313466455612,35.16030849076258],[126.37314589690575,35.16029792226338],[126.37304542338468,35.16013717076982],[126.37293406065007,35.159886778955155],[126.37286781632214,35.15973653416959],[126.37277142195077,35.15939667214541],[126.3731315919874,35.15888815903629],[126.37332303783353,35.158620643713974],[126.37348709141469,35.15845412500937],[126.37392166672369,35.15800676309534],[126.3745217523834,35.157386361272735],[126.37503746909273,35.157866367138794],[126.37561402306547,35.15841860265489],[126.37564824971064,35.15839203679597],[126.37568731448994,35.15836715437239],[126.37565598999736,35.1582770212276],[126.37589624356698,35.158180142406515],[126.37598648225269,35.158099758411026],[126.3761951307715,35.15810989371583],[126.37638983326084,35.158119587170695],[126.37657950209146,35.158191924254055],[126.37645018344321,35.158399727291645],[126.3765863408965,35.158508968440486],[126.37667634737527,35.15854791963306],[126.37681618550873,35.15860789444677],[126.37702874186914,35.15870287320616],[126.37760752138477,35.15895318118384],[126.37781829918463,35.15915489463388],[126.37788179629582,35.159216106687396],[126.37795597960451,35.15930371975025],[126.37805971574974,35.159424942414255],[126.37813533041717,35.15940265381634],[126.3783722455918,35.15929744261224],[126.3784929482647,35.159246164328295],[126.37851772290341,35.15921261778742],[126.37860285938274,35.1591462754737],[126.37865042109917,35.15910809599902],[126.37880138409638,35.15901192416271],[126.37891012236881,35.15894344055944],[126.37901480440792,35.158898821427634],[126.37909712713673,35.158900650385526],[126.379247594503,35.158757020089205],[126.3796472014104,35.15858431140545],[126.3800925368817,35.158576618201394],[126.38022640734626,35.15859035599129],[126.38039186814514,35.15862385061183],[126.38035732496024,35.15853052044313],[126.38026544456929,35.15840288890422],[126.38048167160682,35.15840957652772],[126.3805814866678,35.158414522611295],[126.38074833223838,35.15842173185994],[126.38082776645855,35.15844544731528],[126.38089957981134,35.15845235883267],[126.38092304464156,35.1584364892997],[126.38133603747735,35.15864110690748],[126.38134177841627,35.158740788032766],[126.38132701820926,35.15884761097645],[126.38143098719299,35.15889823030622],[126.38150561617255,35.158901523488936],[126.3817607678422,35.158985733632186],[126.38178871017811,35.15904373331587],[126.38158084624122,35.15909758849303],[126.38148697685712,35.1591464383595],[126.38148716568774,35.15916639491046],[126.38150186680156,35.15919031047524],[126.38158220307129,35.15922111455633],[126.38166142542735,35.15912385102965],[126.3817484845892,35.159122024963516],[126.38186652884312,35.1591518139202],[126.382021936547,35.159241976005234],[126.38200711139933,35.1592981075435],[126.38234768355608,35.15931166473953],[126.38261604604236,35.159332856061475],[126.38285556933974,35.15933468306605],[126.38270816243174,35.15924875411732],[126.38253202273887,35.15915988408061],[126.38259077866351,35.159096910387355],[126.38296442096345,35.15894631211826],[126.38342018590224,35.15884994138498],[126.38368688112273,35.15821171307047],[126.38381086712269,35.15799836785349],[126.3838187693229,35.15794027192563],[126.38393598301853,35.15794041868613],[126.38393756023,35.15789727072848],[126.38394927948859,35.15754170809209],[126.3839388427743,35.15738330807967],[126.3839175584572,35.15725887823741],[126.38389593446833,35.157177954180405],[126.38375995208933,35.156757030822526],[126.3838179158018,35.156663470100305],[126.38385202600523,35.156628627032916],[126.38345184475467,35.15624838571777],[126.38332171316807,35.15607158269482],[126.3831075832603,35.15569856251233],[126.38297421155833,35.15542803959049],[126.38294161799612,35.15513777793406],[126.38294306969904,35.154773374808066],[126.3828262367952,35.15462637421757],[126.3826658542337,35.15441011772279],[126.38258661667123,35.154223181353935],[126.38251961984842,35.15397054590058],[126.38251887232673,35.15376201774316],[126.38260158668947,35.15375783437624],[126.3826865478632,35.15373954748655],[126.38276657933528,35.153702685848636],[126.38282394692708,35.153693541743706],[126.38296022038892,35.153436590158684],[126.38314022050781,35.153363220569474],[126.38321678560843,35.15334348437491],[126.38317918745828,35.1532868147498],[126.38329975754937,35.153183289379946],[126.38340437447431,35.15313727796992],[126.38356740711006,35.15321631844605],[126.38364107417532,35.153260535109695],[126.38367510373634,35.153256508375456],[126.38343912052555,35.153095092336194],[126.38354679577554,35.15298274896167],[126.3835855040037,35.152959367357965],[126.38363657857475,35.15258051628175],[126.38372619050973,35.152094764706746],[126.38366554990334,35.151988259980726],[126.38361841630262,35.15186031817989],[126.38358439623211,35.15172379038495],[126.38351177478563,35.151650321600414],[126.38350046807702,35.151578156941255],[126.3834730479136,35.15150641485416],[126.38337186142431,35.15135882753383],[126.38332306260631,35.151124672511976],[126.3833273245336,35.15085276971827],[126.38346911860212,35.15049182218963],[126.38350945532555,35.15038351585062],[126.38359498612934,35.15008465378436],[126.38365074442353,35.14984086482019],[126.38368932146058,35.14966909525505],[126.38376885923967,35.14946896205812],[126.38378355257659,35.14948215141869],[126.38383856969799,35.1495120858516],[126.38380223313499,35.14967786398084],[126.38396897192979,35.14969108009115],[126.38397878346677,35.149513737790166],[126.38398736281772,35.14943268814077],[126.38407461110079,35.14891766655458],[126.38433617382283,35.14856898228742],[126.38491470404715,35.14844866010401],[126.3849253218623,35.14844494653129],[126.3851369040294,35.14843839748658],[126.38517947799393,35.148243961035696],[126.38516572734727,35.1482425571248],[126.38531052306342,35.14815142002859],[126.38538077600049,35.148122519771896],[126.38564117441283,35.148016187500794],[126.38589399327877,35.14793700953651],[126.38604592458123,35.14789345338561],[126.38603481453336,35.14786781698602],[126.38667205007131,35.147633287478236],[126.3866801906206,35.14761750127658],[126.38713109493,35.146757008829034],[126.3872759542566,35.14648731450995],[126.38733256603025,35.14637936868813],[126.38733268673548,35.14637936929982],[126.38797476620805,35.14519013242761],[126.38810011293431,35.14521833885615],[126.38830552788873,35.145346746514626],[126.38849428835358,35.14515571626671],[126.3885591381569,35.14513566499105],[126.38857055933165,35.145135957100855],[126.38852450447993,35.14504071405744],[126.38845591155733,35.144967259525224],[126.38830428833296,35.14493990297948],[126.38821654033339,35.14503413560368],[126.38805553394057,35.14507709877965],[126.38789026622825,35.14511759753765],[126.38778434509577,35.145109544049],[126.38725550808267,35.14491295093095],[126.38712198351166,35.14488081740554],[126.38696462147296,35.14477174176752],[126.38707776791408,35.14454835078731],[126.38702636626067,35.14435007507511],[126.386960144483,35.14408694496989],[126.38687117423828,35.14371595341022],[126.38692610727229,35.14313766253578],[126.3868180074017,35.142954133510756],[126.38680618008992,35.142946601425564],[126.3874946000903,35.142803785647644],[126.38766001990774,35.14280528154689],[126.38769060854077,35.14278248837455],[126.38781554000072,35.14269152694887],[126.38795493968107,35.142548586302205],[126.38811693679737,35.1424431023358],[126.38825338299192,35.14226514738824],[126.38850258369405,35.1422882565022],[126.38853397182062,35.14228317847114],[126.38869796872959,35.14216691480036],[126.388774123185,35.142112534453815],[126.38880045571818,35.14210265369661],[126.38882241047152,35.14199897547094],[126.38884030778792,35.14200039992444],[126.38883420310111,35.14198038637464],[126.38888249588922,35.14193784391149],[126.38910644480971,35.141810300483705],[126.38915622665964,35.14175057689276],[126.38915716408235,35.14144660494778],[126.38894772175384,35.141298844611725],[126.38985565350339,35.14095728854111],[126.38988969106593,35.140925057154135],[126.3899653411017,35.14085129469372],[126.39012087910638,35.14076650620561],[126.39011532928829,35.140661967896406],[126.39017755407946,35.14060795803162],[126.39030305315114,35.14055034640248],[126.39031298422488,35.14050474363515],[126.39039820636692,35.140210101823],[126.39048279128185,35.139915483761065],[126.39059329928175,35.139885918040235],[126.39063412821815,35.139805210565086],[126.39066018763009,35.139648130236765],[126.39071544638655,35.139420378785196],[126.39072751775002,35.139367296625956],[126.39076486709452,35.13923674550231],[126.39078577207158,35.13913508056645],[126.39083312209021,35.13900682414183],[126.39087282482475,35.138946066560166],[126.3915308395585,35.13816812546411],[126.39164435983344,35.13802852031086],[126.39168110612815,35.13800358485126],[126.39171678059027,35.137985539238855],[126.39176414585279,35.13796975169742],[126.39182773449392,35.13796345573231],[126.39187775309824,35.13796706931607],[126.39208377480756,35.13780479155541],[126.39212723033158,35.137773255828975],[126.39217692605824,35.137736244269554],[126.39223163670556,35.13771683402899],[126.39232121056713,35.137717545645124],[126.39238157779523,35.1377253481826],[126.39244595317399,35.13774745707088],[126.39248012263769,35.13773845312332],[126.39248470760202,35.13770181866037],[126.39256835124652,35.1377061597374],[126.39270032718905,35.137765229539156],[126.39284860254686,35.137833935252885],[126.39535473085529,35.13560367985704],[126.39574974577286,35.13523697925604],[126.39621151070124,35.134812528278005],[126.39640112750764,35.13463637057232],[126.39646176084685,35.134596076857044],[126.39655272116129,35.134564641423566],[126.39664933504577,35.134541697723016],[126.39672662975492,35.134536206660535],[126.39678333783017,35.13454300628079],[126.3973373221516,35.13480362438506],[126.39757833366131,35.134916708871195],[126.39808795782444,35.1351601483052],[126.39845893287115,35.13533472747695],[126.3985820130581,35.13539201606587],[126.39892169240892,35.13554793362541],[126.39908907385096,35.13562229700229],[126.40143209959791,35.13676445289147],[126.40145979885358,35.136835552574276],[126.40149555229159,35.137102535425385],[126.40149926014533,35.13713704808764],[126.40154508071438,35.13730609600509],[126.40167144930066,35.13746328431058],[126.4022334543488,35.1377572062903],[126.40228962169309,35.13778127035694],[126.4024481597565,35.1377232866092],[126.4025116862847,35.13771934623763],[126.40265133198757,35.13773145625372],[126.40265557948594,35.13765636852275],[126.40265076415396,35.13751528491694],[126.40250265486523,35.137467791507525],[126.4024776364338,35.13745298502606],[126.40231825859581,35.13736656087728],[126.40225859542866,35.13733444859519],[126.40218307637493,35.13729346079937],[126.4020192286638,35.137206184923194],[126.40209919170023,35.13703751590959],[126.4021447403917,35.13693836833433],[126.40221515608651,35.13697048876967],[126.40250844764037,35.1371083023677],[126.40263779381804,35.13717073742967],[126.40269216630182,35.13710271147294],[126.4027674760296,35.1371423278812],[126.4029106244595,35.136903584721715],[126.40322703951225,35.13637485206135],[126.40365660725396,35.1356449114817],[126.4058413420048,35.13205030193127],[126.40588144431302,35.13198389885272],[126.40598341628157,35.13181495664424],[126.40610623708938,35.131609405101685],[126.4061934330603,35.13146558262611],[126.40647826055411,35.13099288432117],[126.40662005524986,35.13075624793689],[126.4069051993302,35.130283081404066],[126.4072221549519,35.12975886486376],[126.40748359405642,35.12932345503956],[126.40767242902776,35.129009568455444],[126.40800656333478,35.12845555435821],[126.40857220807611,35.12751979059874],[126.40912772125493,35.126602659314564],[126.409274406604,35.12635815672621],[126.40940049071162,35.12615113931737],[126.40950976040388,35.12597229675277],[126.40963783636369,35.12576123276214],[126.4097393559825,35.125595025015635],[126.40981485962156,35.12546878193089],[126.40991306047353,35.125306280374936],[126.40997850350983,35.12519974551983],[126.4100431925837,35.12509125103392],[126.41018174020354,35.12486081357306],[126.41080206783947,35.12383983995966],[126.4112872925895,35.12303441947948],[126.41148126463082,35.122713007254845],[126.4117736639083,35.122226875308705],[126.41204049551233,35.12178232345216],[126.41235175483311,35.121266005571535],[126.41246615096432,35.12108487760516],[126.4127520125727,35.12061075329771],[126.41306157483162,35.12010034703723],[126.41337054377368,35.11953762304328],[126.41391218621392,35.118547887657904],[126.41425395200166,35.1179625161493],[126.41442913787927,35.11767070711684],[126.41479089230755,35.117097815233535],[126.41500771546234,35.116737082686114],[126.41515699483494,35.11648841172752],[126.41530529948102,35.11624092563224],[126.41577321307625,35.115464452376614],[126.4160382163866,35.11502547952332],[126.41627807241402,35.114626764913126],[126.41645456215912,35.11433620287077],[126.41661144088552,35.114075876204545],[126.41672747127494,35.11388587354028],[126.41692066358326,35.11358153765196],[126.41734664850435,35.11287517861419],[126.41760020539088,35.11245614777684],[126.41793964691067,35.111892503299714],[126.4184334946854,35.11107455570721],[126.41872694963821,35.110587067712764],[126.41885789068336,35.1103673540582],[126.41881113360246,35.11033457276226],[126.418680371872,35.110208585139674],[126.41878967909064,35.10991068397673],[126.41912099386329,35.10978679944616],[126.41951680596492,35.10960704271719],[126.41983221476059,35.10941045844679],[126.42031860703484,35.10897048237211],[126.4203612108233,35.10843090654588],[126.42054741472911,35.10829925591609],[126.42067023495743,35.108120656729554],[126.42074904424437,35.108094291283244],[126.42134756154485,35.10788238371751],[126.42167636645662,35.107378580706246],[126.42175010657326,35.10666293988603],[126.42219306825399,35.10684345145574],[126.42287019852223,35.10688694777396],[126.42336497109385,35.106802859704274],[126.42391684898512,35.106400812260254],[126.4244091394458,35.10659987509247],[126.42434996459862,35.106436593948864],[126.42431816108117,35.106361261255216],[126.42435591487983,35.10634555923421],[126.42445571651328,35.106617754136074],[126.4244672779596,35.106625416519954],[126.42455679948036,35.10667860732807],[126.42458259096739,35.10666233455171],[126.42471771324406,35.10676148552953],[126.42475613775227,35.10680318431852],[126.42482347663773,35.10687110557958],[126.4249328491509,35.1069651133509],[126.42496338712307,35.10700532340518],[126.42502279348555,35.10707518979939],[126.42512824320721,35.107164041068984],[126.42516536199143,35.107157556554505],[126.42537664399659,35.10725760957772],[126.4256161052764,35.107365331327905],[126.42566323124136,35.10733177267526],[126.42577272648263,35.10733523101026],[126.42601319478386,35.10740902106664],[126.42625345947297,35.107479069093614],[126.42646225390561,35.10748383610968],[126.42654991847365,35.10741284715519],[126.4266495000609,35.107447318090124],[126.42677916523473,35.107507205293096],[126.42683587296956,35.10753364015241],[126.42726095429063,35.10750867671997],[126.42767758295422,35.10750658402275],[126.42877347772225,35.107510476372454],[126.42888940156035,35.10753892955882],[126.42900141642383,35.10756329009179],[126.42913019448369,35.1076028632614],[126.42916819991895,35.10767037324676],[126.4293314844194,35.10765352253506],[126.42953580619336,35.10765646046153],[126.4297925091468,35.107638003699186],[126.42979423584734,35.107723738915716],[126.42986023787603,35.10773090934283],[126.43002036833118,35.107730645638206],[126.43025586519578,35.107772532251296],[126.43042725254719,35.1078441583674],[126.43048866983784,35.10788122255385],[126.43062123825442,35.107994019364256],[126.43063583673009,35.10797994596716],[126.43071855402252,35.107886559273815],[126.43098153088405,35.10766353285347],[126.43107102022455,35.10755522443309],[126.43115476146667,35.10749736432164],[126.43119017598731,35.10744891225555],[126.43125500912524,35.10735301644132],[126.43134692984934,35.10717738864031],[126.43145464020743,35.10716782701695],[126.43200716967928,35.10675824644096],[126.4322746551829,35.10656249504497],[126.43240803614357,35.10651581843453],[126.43292153799186,35.10635803099],[126.43329156033133,35.106333265892445],[126.43337581906022,35.10631423667512],[126.4335585326147,35.10627096266322],[126.43372484338173,35.10606073617974],[126.4341798867031,35.10586387564508],[126.43428785554381,35.1058182858576],[126.43464901634218,35.10582627517028],[126.43489123497793,35.10576177115492],[126.43608838476818,35.10544837250685],[126.43663085473761,35.105307496428544],[126.43680378612221,35.10526503722263],[126.43699751413726,35.1052208087984],[126.43718570103691,35.10528032639739],[126.43724534851997,35.105252869515304],[126.4374901205838,35.10538082785511],[126.43749906068192,35.10549214978166],[126.43793430836561,35.10552593694136],[126.43796385401856,35.10552472223587],[126.43828106895015,35.10554800866813],[126.43844329525025,35.10556135389699],[126.43868734850226,35.10572728025334],[126.43883370727592,35.10577051209787],[126.43899372848657,35.105820729494354],[126.43904011866489,35.10588219124182],[126.43923766784413,35.106003518425574],[126.43935026874598,35.10603054011274],[126.43944237193628,35.10609404336022],[126.43974584909229,35.10616168970223],[126.43998361907404,35.10621606965009],[126.44000854763014,35.10610763582351],[126.44007451726257,35.10598509664967],[126.44024102699149,35.10598016195754],[126.4406486762472,35.10592996830109],[126.44076967832584,35.105989151552684],[126.44084457550412,35.10608118294014],[126.44089217742469,35.10607641857752],[126.44090592709904,35.105961722589996],[126.44100693657904,35.105890775776615],[126.44114081444505,35.10583632220515],[126.44126921600152,35.105835211967864],[126.44135901820201,35.10593223326246],[126.44142266386436,35.10602247271933],[126.44143747378423,35.1060445159759],[126.44149495292153,35.10606616141049],[126.44159923110644,35.10607854975953],[126.4416639133283,35.10610706960141],[126.44189738201835,35.1061297706193],[126.44195731417717,35.106217820410734],[126.44199620380718,35.106207147639154],[126.44221686436549,35.10607372062499],[126.4423390835273,35.105938802741846],[126.44243514086001,35.10586044084595],[126.4425647628861,35.105897461864934],[126.44260734496477,35.105789289123855],[126.44265698192744,35.10576593864625],[126.44275340292457,35.10575476461823],[126.44285054197452,35.105729974459635],[126.44301346251571,35.10576874379172],[126.44312041343429,35.105730153908716],[126.44321722863643,35.10581880557317],[126.4434277056355,35.105724303716215],[126.44353228554436,35.10570848862402],[126.44379070820999,35.105822706481206],[126.44387976034703,35.10586763359441],[126.44389514668978,35.105954918745255],[126.44409153518826,35.10599165025656],[126.44429508131033,35.10597106159239],[126.44448351010116,35.10602186198284],[126.44468294708406,35.106052306121505],[126.44480471289758,35.10612222391667],[126.44502080267706,35.10617649446378],[126.44533490517308,35.10629698555741],[126.44567530005118,35.10646750398165],[126.44594718431507,35.106603023722585],[126.44634872144563,35.106108292303446],[126.44632908302117,35.10535839822313],[126.44633161070348,35.10531883161291],[126.44638521336084,35.10482191155873],[126.44686778835134,35.104739149731095],[126.44691550878026,35.10473453676821],[126.44788370410414,35.10474109720431],[126.44814986389868,35.104775553801154],[126.44845843446136,35.104813709494664],[126.44859185340178,35.104835986330976],[126.4487333280866,35.10489163159343],[126.44878079262118,35.10491192998905],[126.448898095229,35.10513803597245],[126.44892760880626,35.105122027326686],[126.44911426058084,35.10513722721419],[126.44923154326231,35.10514854155561],[126.44933644037921,35.10516837120469],[126.44950845967746,35.10520327041622],[126.44946554627217,35.10532456775499],[126.44942317450763,35.105433834546176],[126.44941703330484,35.10546297420594],[126.4497756268724,35.10564365911871],[126.45007537505342,35.10575955689721],[126.4501670286386,35.105778631565826],[126.45062084551884,35.10589009975197],[126.45070031145593,35.1059046119085],[126.45085975594135,35.1059781199157],[126.45106348563127,35.10603114281532],[126.45113455768801,35.10607226944364],[126.45120839265331,35.106116833691374],[126.45124947192691,35.106158806603524],[126.45147608580888,35.10608391420284],[126.45150010925386,35.10592507045218],[126.45151519266287,35.10590679643487],[126.45150331172665,35.1057356757044],[126.4515638492541,35.10570242012723],[126.45188320610492,35.10573249489429],[126.45203568830074,35.1057452549973],[126.4521176963643,35.105897485700815],[126.45217247422954,35.105712353616],[126.45191327325234,35.10567644113614],[126.45187397497533,35.10564037133429],[126.4518370966801,35.1056032669257],[126.45186379931164,35.1054013688189],[126.45187562359156,35.10532447432698],[126.4519610208692,35.10516114951464],[126.4521128788324,35.105052630292654],[126.45220736329296,35.10493087157833],[126.45234724992518,35.1048917016376],[126.4524841523753,35.10483464428817],[126.45260288646662,35.104768518100144],[126.45286976216909,35.10478484147166],[126.45289208026632,35.10475402620191],[126.45298922410262,35.1047328062694],[126.45286268072769,35.10464345999783],[126.4527657124029,35.104602487593425],[126.45262842105855,35.10454582940848],[126.45246391985845,35.10446929031694],[126.45241153742829,35.1043988110578],[126.45245928469217,35.104203623960466],[126.45244151649099,35.103855181388525],[126.45247726596736,35.103847907130614],[126.45250935923754,35.10380685179907],[126.45262918762393,35.10363940994774],[126.45266364406633,35.103591028293735],[126.45277116542323,35.103440016252925],[126.4528755913749,35.103292586486944],[126.45308044923033,35.10303876503079],[126.45328477442914,35.10277748665119],[126.45342991843172,35.10275678980113],[126.45366298409736,35.10256992981214],[126.45410147906881,35.102441520951444],[126.45448102200257,35.102478809909485],[126.45476864694777,35.10244834352731],[126.45475572848521,35.10240374964254],[126.45514002260526,35.102319078437404],[126.4556005212086,35.1022161001837],[126.45568786515541,35.10229885860692],[126.45569347482866,35.10226023402113],[126.45572355299865,35.10223650168454],[126.45577808694004,35.102203234969565],[126.45591338800398,35.10218467210396],[126.45598932940652,35.102210900493596],[126.45604743215549,35.102252723052345],[126.45608187246683,35.10231836095295],[126.45608087853728,35.10239020299337],[126.45636249391916,35.10250448944926],[126.4563923048202,35.102515953415164],[126.45639440658994,35.102465478318535],[126.45649119877179,35.1023630604752],[126.45661301734759,35.102321902512394],[126.45672601307908,35.10230452743916],[126.45679403693508,35.1022828130663],[126.45680079125788,35.102278138365364],[126.45694824250103,35.102193893550314],[126.45708821770826,35.10218160572309],[126.45717887532402,35.10219341476114],[126.45721909164313,35.10223173134628],[126.45722892083948,35.10227927654799],[126.45732873134345,35.102277029459415],[126.45740295741686,35.102274279915925],[126.45744261574639,35.10229425147429],[126.45756028872479,35.1022760944068],[126.45754878010902,35.102218816143356],[126.45767404348506,35.10218731699537],[126.4578163519496,35.10217544439782],[126.4579006546989,35.10216316740222],[126.45798978878726,35.102151705189414],[126.45817071089652,35.10218501860323],[126.45818367382269,35.10219177370646],[126.45831979898286,35.102270467392316],[126.45836110109607,35.102293988315566],[126.45835072449022,35.102385113278686],[126.45840876449385,35.102309245304795],[126.45883606676841,35.10228299112736],[126.45898989995331,35.10227975858164],[126.45900284712849,35.10231208479629],[126.4595990115215,35.10249427208017],[126.45962248110582,35.1024944941347],[126.45981368118267,35.102464837724604],[126.45982276247315,35.102464842236934],[126.46006768051139,35.1023807495418],[126.46016680728872,35.10239400928016],[126.46034666110891,35.10241493014794],[126.46034639173756,35.102412540371],[126.46025020474517,35.10236435761429],[126.4602191222351,35.10233280686296],[126.46023262660196,35.10227426142993],[126.46026049862832,35.10220244917158],[126.4603088479514,35.102107311248936],[126.46037044263763,35.10200606718486],[126.4604776288956,35.10203281977398],[126.46046830761202,35.10198945935082],[126.46048600386851,35.10195046482194],[126.46061964199565,35.10195596431074],[126.46077448848621,35.10200347996977],[126.46090926460823,35.10207253833711],[126.46094439623214,35.10213205779785],[126.46095454870243,35.10213094932741],[126.46104323588101,35.10212564810293],[126.46115276332907,35.102120106180166],[126.46130808322843,35.10212919875768],[126.46141670252081,35.10213663197769],[126.46149922399883,35.10216321071608],[126.46158820069347,35.10237685708494],[126.46156697995895,35.10239819668017],[126.46149272322268,35.10246714371012],[126.46186281252203,35.10242666217326],[126.46186815484587,35.10245314054214],[126.4618717538607,35.10247620405347],[126.46188452104627,35.102554335722346],[126.4619176063604,35.10262826737907],[126.4619502304626,35.10263403696036],[126.46196663047559,35.10290992272877],[126.46200306592606,35.1029048840525],[126.46210902175979,35.10303212112805],[126.46226961872156,35.103326107295615],[126.46223843725996,35.10320280831125],[126.4622065757464,35.10313116260223],[126.46211808558783,35.10302979089715],[126.46207629974846,35.10295959724746],[126.46206669101744,35.102901453547105],[126.46213534309886,35.102895791995614],[126.46208812785594,35.10273406924655],[126.46199661811185,35.102433512916726],[126.46198681394624,35.102401723782954],[126.4623505676282,35.102320606789235],[126.46235324678787,35.102358466349756],[126.46236083209747,35.10245576465472],[126.46249229649584,35.10231508063551],[126.46260406372805,35.10219586019311],[126.46267768924123,35.10211765281335],[126.46339878637393,35.10195382577977],[126.46362770092745,35.10191261315025],[126.46366630800195,35.10180226995821],[126.46380402699367,35.10153700068835],[126.46406361006495,35.10141490091942],[126.4640521303028,35.10129405120383],[126.46405502164879,35.10128297742146],[126.46406725182283,35.10124266920128],[126.4640672510871,35.1011642247637],[126.4640738034132,35.100972969438416],[126.46407783320356,35.10092378263434],[126.46409607849594,35.10088940490481],[126.46413512937131,35.100860022711004],[126.46419150724235,35.100842606077684],[126.46422224220072,35.100818613132],[126.46428231112922,35.100781887878064],[126.46431937168603,35.100801773579846],[126.46441968809478,35.10073713147677],[126.46433006301716,35.100668304047616],[126.46456323783079,35.100476835511074],[126.46457684319982,35.10046593534192],[126.46466741411935,35.10041053377733],[126.46477404868722,35.100357357468496],[126.46487240602958,35.10029194917749],[126.46494640314023,35.1002133454282],[126.465042530135,35.1001166773384],[126.46521607995106,35.09997587899707],[126.46515445373396,35.099878756433945],[126.46485149397535,35.099362475064154],[126.46429757254543,35.09842658475589],[126.46364480357742,35.09731569804378],[126.46315585072223,35.09649073117123],[126.46302206914604,35.09626646721348],[126.46263649286263,35.0956346387461],[126.4625864203492,35.09555595371685],[126.46249657995097,35.095577610488235],[126.46239771279556,35.09562941328084],[126.46242776573642,35.095697175170784],[126.46229579040062,35.095750489188156],[126.46221178429856,35.095778778582854],[126.46217503645363,35.09572014458441],[126.46216980282546,35.095698858461084],[126.4621480811591,35.09569996065321],[126.46204640305226,35.09569560555942],[126.4619735785182,35.095687962632674],[126.46190938913465,35.09568467555041],[126.4618828199744,35.09568413369642],[126.46175282482737,35.095711497051035],[126.46168522192553,35.095755236116496],[126.46162175050125,35.09580774564489],[126.46153628679926,35.095925685367106],[126.46153100945853,35.09593268338629],[126.46152431346572,35.095926966053504],[126.4615007185799,35.09590444441843],[126.46151045070918,35.09589045373329],[126.46159779547793,35.0957699805959],[126.46160319790317,35.095765633099475],[126.4615316882102,35.09543372606379],[126.46144829687996,35.09501776022764],[126.46145634385705,35.09498156178605],[126.46149144429675,35.09494892696783],[126.46162287712447,35.09488961742153],[126.4616285795411,35.09488633485176],[126.46169750481884,35.09485816801204],[126.46172967514396,35.09476422826847],[126.4616089220676,35.09455594756383],[126.46114432947391,35.09376096058176],[126.46080153756212,35.093197287592886],[126.46072019756154,35.09306289411849],[126.46066574746096,35.09298003353314],[126.46057598799433,35.09284860390934],[126.46040499299143,35.09264685799467],[126.46037960116259,35.09261930759578],[126.46002721990459,35.092266929222],[126.45934838803456,35.09158910949536],[126.45927613260453,35.09151594833431],[126.45895425028819,35.091171355641315],[126.45876463946784,35.09094516961992],[126.45848728738609,35.09057859270228],[126.458418131073,35.09048151404129],[126.45834715044737,35.0903900155441],[126.45819205708263,35.09020463411068],[126.45811090016481,35.09012143639328],[126.45802353826134,35.09004129343548],[126.45790435717542,35.08995058818773],[126.45780813469774,35.089896941125154],[126.45763073894467,35.08981557401001],[126.45753543148975,35.08978437446755],[126.45726999887873,35.08971648372474],[126.45717989881317,35.08970205436678],[126.45703425651446,35.08968089489971],[126.45687722245526,35.08966109922389],[126.4564461634901,35.08960580280472],[126.45606277574812,35.089556911533926],[126.45583608708185,35.08952869809404],[126.4549547856968,35.089414269282095],[126.45460374781233,35.08935413512311],[126.45427550168614,35.0892983481495],[126.45418564126051,35.089266251179374],[126.4538087951237,35.089254662174305],[126.45307601643557,35.08897245495522],[126.45301222138268,35.08893239887742],[126.4525210980581,35.08868387376867],[126.45199321956036,35.08841743255741],[126.4519726017813,35.08841444580598],[126.45164925610588,35.088228951560694],[126.44993493755301,35.08769011870534],[126.44968030878326,35.087501677830126],[126.44944972279534,35.08738904128538],[126.4494332141919,35.08737841132637],[126.44897640719148,35.08722165038327],[126.44880946054805,35.087178400061845],[126.44873898742942,35.08716161122303],[126.44851543141533,35.087135291242696],[126.44839192183665,35.087130816192726],[126.44819092270427,35.08714831398631],[126.44804491858622,35.08718662222207],[126.44724121903533,35.087458936602594],[126.44710520175408,35.08751212556796],[126.44703196118938,35.087531602446134],[126.4468433247453,35.08757582547673],[126.44679545990087,35.08758543129299],[126.44662162487096,35.087623493339784],[126.44650902047337,35.08763758901222],[126.4464020736862,35.087642075037486],[126.44627997803794,35.08764084015313],[126.44616269646167,35.08762664774214],[126.44604485269369,35.08761613015296],[126.44595636909389,35.08760329526394],[126.4457879256005,35.087548045971936],[126.44531950480778,35.087392344760076],[126.44514243984415,35.08733919123813],[126.44500702642438,35.08732428359079],[126.44470565664783,35.08729821245097],[126.44466392594421,35.08728135489746],[126.44459906317638,35.0872507626988],[126.44454848565998,35.087207725321605],[126.44450019647506,35.08715553169854],[126.44443880527312,35.08714176554284],[126.44437232818163,35.087127678548434],[126.44429604995693,35.08709875532954],[126.44403213523648,35.087221694580876],[126.44376998113881,35.087221174373944],[126.44353492638857,35.08716062214825],[126.44326348512412,35.08705216648232],[126.44295255415831,35.08696506161814],[126.44246444796104,35.086868810965655],[126.44203172193977,35.086923186101416],[126.44197447118115,35.08689893706807],[126.44172303193471,35.08679563582546],[126.44164434464501,35.08681455251334],[126.44149731032842,35.086786634905565],[126.44112467405084,35.08671461747844],[126.44089322731729,35.08666734468991],[126.44083346208446,35.08665167336531],[126.44051643756303,35.08651342753705],[126.44027602587344,35.08640792994477],[126.43992926287524,35.08624752498529],[126.43991241712749,35.08623670289047],[126.43943202056286,35.08614948925841],[126.43862443494325,35.08601110935289],[126.43851581021899,35.085995129006974],[126.43825472002526,35.08592177273132],[126.43804032168315,35.08587710647434],[126.43807484536713,35.0859115902738],[126.43826495608644,35.08599759678402],[126.43835360199066,35.08603744248263],[126.43868092009889,35.08618810824229],[126.43854169739572,35.08635783533516],[126.43831501042887,35.086253389055294],[126.43797006647165,35.086090634433155],[126.4378392034207,35.086030041479425],[126.43777301071923,35.086016357803544],[126.43745526435657,35.08595223669665],[126.43739078972268,35.08593908358563],[126.43719235262587,35.08596202823909],[126.4371223415989,35.08597099540115],[126.43716329475312,35.08580426491071],[126.43691956453195,35.08585350707649],[126.43639560733091,35.08608593178275],[126.43610595988984,35.08605773968941],[126.43599889807959,35.085286180531305],[126.43634061592444,35.084535515329314],[126.43665507272527,35.08428528707741],[126.43715228563475,35.084309026682234],[126.43771913081228,35.084630533590826],[126.4383629083149,35.0847358185869],[126.43862892388644,35.08477802878453],[126.4398085959855,35.08480948355518],[126.44084859963108,35.084437467735256],[126.44092350982687,35.08440775393548],[126.44111986712299,35.08432104100543],[126.44171548231466,35.08409308166798],[126.44174473808529,35.084056108077576],[126.44177762801444,35.08401523938826],[126.4419221524568,35.08388167708952],[126.44205112347863,35.08375355012805],[126.44249979204595,35.083359249732204],[126.44277503460891,35.083162310879004],[126.44290904972428,35.08308850359476],[126.44293949070078,35.083099523088606],[126.44294288184443,35.083128057449144],[126.44298948058615,35.083139800310086],[126.44299551748908,35.08297317732944],[126.4431263019981,35.08294053765103],[126.4432237926477,35.08291646966946],[126.44328718881411,35.08291388614051],[126.44322044132142,35.082811248555494],[126.44350474472391,35.08265190000034],[126.44355550257424,35.08263413351707],[126.44356696830104,35.08254126597846],[126.4436235083821,35.08247462776782],[126.44368211969552,35.08240492544789],[126.44380232946864,35.08226318192767],[126.44383663521036,35.082223472898775],[126.44383736857121,35.082222052135776],[126.44384044973019,35.082220443869836],[126.44388427339474,35.0821919733676],[126.44401620628403,35.08210149829364],[126.44403153192188,35.082092338896274],[126.44412552544921,35.08200186959362],[126.44420779044623,35.08192367681291],[126.44425562804706,35.081877314767674],[126.44427621624038,35.08186340235436],[126.44435579506367,35.08181093972058],[126.44442774237767,35.08177134933357],[126.44452258030763,35.08170494967083],[126.44463087860346,35.081631139528966],[126.44492263177719,35.08142328402069],[126.44511934277175,35.08128440493881],[126.44519312209681,35.081186405913016],[126.44526690138235,35.081090002231655],[126.44532314913066,35.08102084709031],[126.44534944673114,35.080963731857686],[126.44539330918778,35.080874419756555],[126.44543763136195,35.08081430451794],[126.44550163539868,35.08072994299384],[126.44555670971722,35.0807464287731],[126.44561892186319,35.08076457868563],[126.44568630124941,35.08078555544742],[126.44567488117383,35.08084783156782],[126.44568565186049,35.08087000008724],[126.44570696619779,35.080923565921225],[126.4457336935838,35.0809469432542],[126.4457975161291,35.08100738284898],[126.44581102358651,35.080920238981996],[126.44580662637972,35.08086044121028],[126.44580392532988,35.08082055304833],[126.44587877825052,35.080719277591214],[126.44594248260925,35.08062890244355],[126.446058135458,35.080461266954686],[126.44628074878322,35.080128623838156],[126.44642326258305,35.079923939190465],[126.44653785462702,35.07992078601831],[126.44685762036657,35.07993202827305],[126.4471246509558,35.079919800842774],[126.44738310128757,35.079900313800636],[126.4478864637229,35.07982996331459],[126.44792285598393,35.079818556052516],[126.44859313849958,35.07932646467661],[126.44887737627108,35.079249946275034],[126.4490994521518,35.07914617568106],[126.44939606021438,35.07900731179967],[126.44968490844182,35.078874351792855],[126.45014526120264,35.078684745642114],[126.45017118386959,35.07864526707649],[126.4501930218773,35.07861806438144],[126.4502720879584,35.078601685607914],[126.45042273675088,35.078525701119084],[126.45046948039402,35.07850587641783],[126.45054647662168,35.078484215152045],[126.45067025781093,35.07845124702226],[126.4507375546729,35.07843709491858],[126.45080267313915,35.078443627930604],[126.45091637151332,35.078457294795335],[126.45095329958805,35.078462275628794],[126.45121244507182,35.0783939573079],[126.45135714527969,35.07835459363948],[126.45156633677917,35.078302452593455],[126.45156657009181,35.07830036251432],[126.45160821405433,35.078283921361866],[126.45175829119424,35.07823241333396],[126.45191374830137,35.07818141622487],[126.4521080421953,35.07812541204713],[126.45228074346285,35.07807971139541],[126.45236566322058,35.07805357808382],[126.45247782262346,35.07804487396912],[126.4526148424478,35.07803886011491],[126.45299513983643,35.0780299894918],[126.4530309317597,35.07801467511643],[126.45304787378906,35.07773580122518],[126.45302699534896,35.0776705660933],[126.45316478771532,35.077655505530345],[126.45336053089987,35.077636605543574],[126.45350848602627,35.07758727603047],[126.45378365022204,35.07751335504175],[126.45397435654343,35.077411290576066],[126.45407686172402,35.07736549581625],[126.45447177397101,35.07730037901646],[126.45474049425215,35.077256946577776],[126.45495932574619,35.07712478497246],[126.4551000403913,35.07698365418482],[126.45533425126239,35.0767794259231],[126.45559265203022,35.07658285939815],[126.45560487704873,35.07657300855025],[126.45608456852807,35.076363276385834],[126.45612254474467,35.07636058984593],[126.45627057842518,35.07626753266986],[126.45642343671037,35.076189216079015],[126.45672155651097,35.07606358176882],[126.45684688763833,35.07553730388796],[126.45733176459413,35.07460607501946],[126.45754903716694,35.07422794944189],[126.45755005078675,35.074212333539165],[126.45755125917503,35.074000457897306],[126.45756247479572,35.07398566290402],[126.4575626944871,35.07398560079434],[126.45758307965575,35.07398016690576],[126.45766615102254,35.0738665091787],[126.45766800164688,35.07385693609197],[126.45769468720958,35.073757861815885],[126.45780906948511,35.07369405396962],[126.45781098480218,35.07369290882198],[126.45781939458335,35.07368788090943],[126.45790878645839,35.07368577575867],[126.45799934288814,35.073772621286004],[126.45804564649477,35.07380360994504],[126.45806752396044,35.073814524192],[126.45813006629628,35.07384865917885],[126.45813639159319,35.07385210364007],[126.45819918948625,35.07383775595189],[126.45833586186389,35.07380859630379],[126.45849598332497,35.07377653094922],[126.45859623468394,35.07378524507224],[126.45862016280357,35.073787830880946],[126.45874735506108,35.073739862168445],[126.45875382897502,35.07373742142636],[126.45865595005677,35.073501216509044],[126.45872914886282,35.0734178353779],[126.45873927418859,35.07340538792638],[126.45874236922587,35.07340158905032],[126.45879807682346,35.073414826787356],[126.45892012918647,35.07338133766603],[126.45904702250351,35.07332871631239],[126.45905602455296,35.073325295370466],[126.45905853396329,35.07332383738586],[126.45917128102289,35.073258362440484],[126.45919867044343,35.073246505902766],[126.45930436840132,35.073200793036584],[126.45930698529294,35.07319966001433],[126.45947990038778,35.07328694463772],[126.45957292998298,35.07330004231452],[126.45958334011338,35.07330088201117],[126.45958942244145,35.0733012787376],[126.45960377557407,35.07329940494648],[126.45969355552667,35.073288277665206],[126.45972471289377,35.07327861911258],[126.45991659159269,35.073205591990266],[126.45991688838222,35.07320547613936],[126.45994870874114,35.07311867365891],[126.45999570920888,35.072982788134816],[126.46003049485341,35.07297986078097],[126.46018428176944,35.07296533228416],[126.46029583001906,35.072885267035964],[126.46030810046904,35.072876668786634],[126.46038013222095,35.072858476323375],[126.46068741961139,35.07278465575751],[126.46069613776704,35.072779376639325],[126.46080982220151,35.072662887730274],[126.46108830447258,35.07237980571703],[126.46109349221629,35.07237452886906],[126.46110141456975,35.07238185611107],[126.46121542744972,35.07247823191259],[126.46121687756956,35.07247945519834],[126.46139958845878,35.07235633271361],[126.46148777315027,35.07232753947864],[126.46149671103088,35.0723255061527],[126.46151557288246,35.072318208029266],[126.46152593655862,35.07231443242207],[126.46163184986969,35.07226394129357],[126.46164181849475,35.072260217999485],[126.46180676119677,35.07221126932233],[126.46185737767205,35.07219174584441],[126.46187356799803,35.07218555345886],[126.46189590009294,35.07217737837265],[126.46193422809489,35.07215756584836],[126.46201225955205,35.07212050672395],[126.46202633924645,35.07211516121734],[126.4620341320426,35.072112194365076],[126.46204395671391,35.07210201670591],[126.4623381698434,35.07184998124533],[126.46234331083431,35.071845127771375],[126.46241333038164,35.071785931584614],[126.46242949302764,35.0717722577657],[126.46243474381956,35.07176737773508],[126.46248707937342,35.07171977545017],[126.4626234497186,35.07159567902606],[126.46266612547277,35.071546501449646],[126.46269697395003,35.07153030593961],[126.46276376869145,35.07149795556224],[126.46283213140553,35.0714722460734],[126.4629113808872,35.07143820229137],[126.46298034200169,35.071398154837375],[126.46318173597714,35.07128077306039],[126.46321984692796,35.07125884097896],[126.4632230976813,35.071257999117144],[126.46326684171106,35.071263123615],[126.46327934158943,35.07126458518604],[126.46335494032805,35.071235473346064],[126.46335542886467,35.0712345381054],[126.46343746138892,35.0711488948045],[126.46349545831795,35.07109048291295],[126.46350632699401,35.071103276257084],[126.46351283011947,35.07111303971821],[126.46353460281368,35.0711349129814],[126.46363638191168,35.07126297795951],[126.46367029764973,35.071275539971396],[126.46368002598938,35.071301731374724],[126.4636809138977,35.07130175333823],[126.46384369041519,35.07139541347377],[126.4638965512168,35.07140967281042],[126.46431829781818,35.07138656459632],[126.46453543824224,35.07136892199405],[126.46468258887144,35.0713124544576],[126.46491108631466,35.071140838091466],[126.46494593196054,35.071111842434114],[126.46497465715188,35.07106316116949],[126.46505010438676,35.07103865351654],[126.4650569233121,35.07103369016987],[126.4653006806396,35.07057535674931],[126.46531579478552,35.07028935182464],[126.46543935674491,35.06999364985993],[126.46544252136432,35.06998920214133],[126.46568562545464,35.06975082240423],[126.46568788130968,35.069749543431485],[126.46598449957389,35.069713771459796],[126.46647024579174,35.06988655008809],[126.46681086214764,35.0698622821302],[126.46685084434723,35.06985913234971],[126.46685450731674,35.0698589501952],[126.46685542980418,35.06985871089516],[126.46688790357777,35.069831786342895],[126.46705713645594,35.06969024424673],[126.46719189688689,35.06957944850599],[126.46775501603422,35.06918087882045],[126.46780392037407,35.06908701962669],[126.46780972368731,35.06908307919814],[126.468003816178,35.068687391071215],[126.46805898247968,35.06857797488432],[126.46806714900343,35.06855623407122],[126.46816110385092,35.06840960921748],[126.46837504033226,35.06823421759029],[126.4686701075225,35.06818642615305],[126.46867892588581,35.0681841303759],[126.46897438668076,35.06807904983188],[126.46908496504264,35.06791468644434],[126.469103109071,35.06774244510541],[126.46912329841261,35.06764523247739],[126.46913165749929,35.06754817524192],[126.46906831130529,35.067448757251114],[126.46907163302922,35.067448771829405],[126.46901925327012,35.0673066506902],[126.46901408028869,35.06727263790134],[126.46901771531164,35.06714673461121],[126.46902858273947,35.06711587485842],[126.46909687825917,35.0669983314841],[126.4694999553014,35.06688018349801],[126.46951894716025,35.06686944150931],[126.46974068455789,35.06674781136146],[126.46977182287988,35.06673038043891],[126.46985935529335,35.066717955806155],[126.4699847411995,35.06670072148119],[126.4700119043811,35.06669782094682],[126.47003943131556,35.06669461553916],[126.47014170619484,35.06668768144011],[126.47014323152655,35.06668745376871],[126.47020006912584,35.066683231977805],[126.47024688161513,35.06668146301307],[126.47036230219231,35.06667266640686],[126.47045212135819,35.06658981047863],[126.47051878495401,35.06652413210933],[126.47053133048587,35.06651506530684],[126.47054250730797,35.06650743468045],[126.47061056090811,35.0664742651984],[126.47062866109219,35.06646913457284],[126.4711091356702,35.066392764160724],[126.4711281518924,35.06639007112337],[126.47136175381218,35.066430274044414],[126.4716776564623,35.06643461051645],[126.47197975777186,35.06638955477275],[126.4719949468383,35.066387025165795],[126.47211664606144,35.06638371650149],[126.4724392411326,35.06643653703398],[126.47263696196659,35.06649375183318],[126.47276299813373,35.06663567872099],[126.4730146053694,35.06676394720298],[126.47328271186586,35.06677320900393],[126.47346653935975,35.066700035050275],[126.47386843335026,35.0665600996332],[126.47418001510228,35.06647611406102],[126.47428055941776,35.06641086028994],[126.47433672165151,35.066173957829164],[126.47438941444162,35.066024796190646],[126.47454054633785,35.06586314572447],[126.474586569846,35.065726438790236],[126.47460853008864,35.06569035376996],[126.47462009952815,35.06546966213296],[126.4747201113655,35.065328331287],[126.4749345898349,35.06517094834487],[126.4751184028755,35.06512144137211],[126.47536299414486,35.06517263573435],[126.47545696965784,35.06527139012172],[126.47570553266239,35.0652828602624],[126.47603788963266,35.06521653633472],[126.47627007954837,35.06512958752315],[126.47644424869722,35.06510167832683],[126.47661045424358,35.06507789868736],[126.47666802121748,35.0650691161554],[126.47669443184012,35.065063777205125],[126.47701445872823,35.064983002608116],[126.47703955149967,35.064978018427276],[126.47718702297352,35.064959114462404],[126.47740214970477,35.06493099330417],[126.47743256357126,35.06492706858719],[126.47743788370627,35.06492656878228],[126.47745995941737,35.06492365361256],[126.47747814685074,35.06492018984451],[126.47777683455976,35.064855545453554],[126.47802586918097,35.06480844279419],[126.47812602268922,35.06479160492406],[126.47844189240895,35.064801908611344],[126.4786757005796,35.06482166461272],[126.47877451309714,35.06482772387086],[126.47887284970739,35.06483449306929],[126.47889357516894,35.06483529441975],[126.47905795513165,35.06481911099646],[126.47910179977966,35.06481494624906],[126.47912092518858,35.064810503795535],[126.47952735749097,35.06464698056477],[126.47959389319924,35.06465169246612],[126.47978877227364,35.064662878214094],[126.47980010421058,35.06457726210979],[126.47975494823717,35.06459802444089],[126.47972140240007,35.06459456318282],[126.47969241196677,35.064564333220915],[126.4796453808824,35.06457310843056],[126.47958352175742,35.06455188581489],[126.47961466754575,35.0645293777461],[126.47973899284705,35.064433323224875],[126.47977650587224,35.06437666309212],[126.47980562578722,35.064327934839746],[126.47974911800812,35.064327169051325],[126.47973460375513,35.06433745419348],[126.47966184374044,35.06441509048675],[126.479657197536,35.06441822524657],[126.47965538191556,35.06441929005015],[126.47953802726455,35.06445357753685],[126.47948928165012,35.06445443140786],[126.47948466929434,35.064455691487105],[126.47946008869579,35.06446981812506],[126.47945173340524,35.064475253400715],[126.47944098814496,35.06450825987219],[126.47944942722948,35.064546495635376],[126.47939796368016,35.064576487613046],[126.47933123908176,35.06460834278645],[126.47922659603776,35.064591731050214],[126.47920927501279,35.06458655481158],[126.47918997685355,35.06457853980202],[126.47911460115058,35.06454349505632],[126.47907598136402,35.06451738774804],[126.47895567621711,35.064445175818854],[126.47895359709362,35.064444580982745],[126.4789604581473,35.06442074263868],[126.47893882197249,35.06442524636159],[126.47885343731095,35.0644917411135],[126.47884328379047,35.06449894427077],[126.47881637327689,35.064517405273975],[126.47862887746847,35.06458799371927],[126.47862418584015,35.06458792843133],[126.47861414367146,35.06458281953267],[126.47861121075594,35.06458030112359],[126.47872599199972,35.06453361882306],[126.47874018577453,35.064491081920465],[126.47874238260694,35.064483529013366],[126.47874428572044,35.06448077906565],[126.47881418904478,35.064443854264574],[126.47884236243351,35.06442849035158],[126.47885088393643,35.0643711738079],[126.47889646006678,35.06425868266572],[126.47891251750207,35.064224725660004],[126.47892437309045,35.06418437796909],[126.47894092979193,35.06417701309985],[126.47893686127429,35.06414281617139],[126.47890240000373,35.06409380524579],[126.47884600219264,35.063938186615836],[126.47886551704892,35.063898403724274],[126.4788822396623,35.06384262776563],[126.47885455027709,35.063768308888235],[126.47881806599254,35.063744337895365],[126.47889013750233,35.063671557441964],[126.47898616384295,35.063596788970365],[126.47911498739313,35.063422606903536],[126.47915298620164,35.0633808935236],[126.47917248830657,35.06335856076993],[126.47928063950596,35.06333874583703],[126.47929052051008,35.06333299265073],[126.4793633955865,35.063278512888225],[126.47949990500472,35.06317801325574],[126.47949555764414,35.06310664322732],[126.47951261356472,35.06301390400463],[126.47963407647069,35.062841879986344],[126.4796306305123,35.06277527299455],[126.47967954899919,35.062614411113834],[126.47972453751066,35.062593954540034],[126.4797448422917,35.06254016782163],[126.47971492040281,35.06253239564101],[126.4797282985452,35.06240597491743],[126.47973108748795,35.06238286713266],[126.47969286184353,35.06230010247774],[126.47965973301676,35.062195060186724],[126.47961464558936,35.062050189607355],[126.4796835959607,35.061904196108266],[126.47971902806606,35.06180569508327],[126.47973322938785,35.06169115775597],[126.47974093691539,35.061613448946105],[126.47966510124918,35.06153392063868],[126.47964451939129,35.061508954685785],[126.47965578520407,35.06149226496112],[126.47969201171543,35.06149288046401],[126.47969983438824,35.06148151195427],[126.47962098903703,35.06145808910132],[126.47953802945491,35.061428311964356],[126.47947255377967,35.06142797617933],[126.47938424622272,35.06137901309731],[126.47931738256108,35.06138835181945],[126.47930678497443,35.061405107483836],[126.47921401791122,35.061395424207106],[126.47917506566525,35.06133223370509],[126.47880775764386,35.06110948610945],[126.47862230431981,35.06100362494619],[126.47817597387468,35.060809901033835],[126.47810030502625,35.060776738223446],[126.47786872759049,35.06061199864333],[126.4777621432903,35.060541440131196],[126.47710953253748,35.06018466770881],[126.47668755215345,35.06013562108876],[126.47641982689413,35.060041010129126],[126.47641421318117,35.060034333826174],[126.47618845537568,35.05979532645855],[126.47616587029023,35.05976672779013],[126.47558420161896,35.05901939023241],[126.47486181769108,35.05759202378873],[126.47480865161535,35.05658829485119],[126.47478876453033,35.05645724141845],[126.47477024288767,35.05639010910087],[126.47459146380851,35.0558465900065],[126.47447166989554,35.055513090558286],[126.47427044365182,35.05537413751993],[126.47386590974396,35.05504862975671],[126.47377559146904,35.054570842388394],[126.47345257282421,35.05430480772647],[126.47327687313592,35.05376513974987],[126.47286546986304,35.05350729962919],[126.47274490038626,35.05283480368052],[126.47105496067233,35.052952572090085],[126.47099279143258,35.05295558123331],[126.47026889930174,35.051473440613385],[126.46960474100185,35.0510744838295],[126.46954501102005,35.050983797848076],[126.46903320289793,35.050233814201704],[126.46892219793386,35.05008089853424],[126.46844809863792,35.04954461840705],[126.46779041035424,35.048547268974716],[126.46669915742991,35.04718946386862],[126.46553427428009,35.045969673012436],[126.46553398042269,35.0459693562394],[126.46553634430283,35.04586248369115],[126.465309521639,35.04516643574395],[126.46531823218554,35.04501754289049],[126.46495703204144,35.04455636210178],[126.4649768621051,35.04438315472162],[126.46489204866452,35.044083826351745],[126.46468597130529,35.04383368045031],[126.46455477160734,35.04376975257052],[126.46469529778832,35.043476801993],[126.46449432033529,35.04315439841294],[126.46463453238727,35.04276858857558],[126.46437684298057,35.04232683742212],[126.46423591935495,35.0422235308866],[126.46361767564963,35.042023701245704],[126.46345906494406,35.04195879439213],[126.4637234370572,35.04123406642465],[126.46418480781718,35.04002111505458],[126.4639602699136,35.03943717611926],[126.4639597841267,35.03932558578175],[126.46447192918905,35.03868496814912],[126.46483577872223,35.03849684166281],[126.46496171003058,35.03794030468452],[126.46496194363282,35.03793306780621],[126.46495975951728,35.037926856801704],[126.46486064130526,35.03757366277159],[126.46468120691586,35.03736766585779],[126.46473407673825,35.037062104687664],[126.4645605068456,35.03680416116583],[126.46450097135146,35.036305815795465],[126.46465894434299,35.03591196278027],[126.46470027649806,35.03561098349775],[126.46444896795406,35.035051470683364],[126.46444723897619,35.03501590441218],[126.46444305922138,35.03498810602568],[126.46418511861525,35.034447879406166],[126.46410428668491,35.033783264770804],[126.46410427963947,35.03343774664386],[126.46439243854265,35.0329362529182],[126.4645144293293,35.032669674819175],[126.464512202751,35.03260295534707],[126.46451008605106,35.03237532564736],[126.46420612459374,35.03202988638578],[126.46417035211378,35.03165208536351],[126.46401374778203,35.031353943246884],[126.46402823932411,35.031222634240045],[126.46414894232299,35.031149284232484],[126.4648178112848,35.030751967816684],[126.46486617489137,35.03072268015245],[126.46504112838406,35.03061776010437],[126.46509215529764,35.030588375957116],[126.46514089286336,35.030570591186745],[126.46545788036748,35.03045299404013],[126.46558059256749,35.03035181746633],[126.4659090857874,35.02998873946771],[126.46603246540438,35.02985055552509],[126.46633606584683,35.02934333816497],[126.46640634215531,35.02922689482629],[126.46649497233663,35.029123989654295],[126.46724503919597,35.02889087576152],[126.46734709986119,35.02868558947492],[126.46749570162473,35.028545495943156],[126.46751964739298,35.028499568820926],[126.46760471476357,35.02834261960238],[126.46835798950872,35.028008758794165],[126.46836808634224,35.027532019506594],[126.46802866866632,35.02760807223299],[126.46751721387564,35.027862656876444],[126.46720499875909,35.027797773067036],[126.46687518551265,35.027684137481316],[126.46666735383717,35.02722069778063],[126.46666695766977,35.027183938554906],[126.4666549861937,35.02700812952208],[126.46665194355374,35.02697728958562],[126.46673890818107,35.02624622767606],[126.46676249599304,35.02610713447259],[126.46688040370317,35.02533885627285],[126.46685823245576,35.02531763072162],[126.46636325336702,35.024816050555124],[126.46704782840963,35.02424511616485],[126.46744805938961,35.023890641855246],[126.46819472466977,35.02302097447966],[126.46837719379948,35.023022740482475],[126.4687600139972,35.022833702215806],[126.46909824089757,35.02251050683281],[126.47008777897177,35.021554820954066],[126.47037885064377,35.02141249897087],[126.4709262701595,35.021407510788606],[126.4716734443112,35.021372169019834],[126.47178442313599,35.02147135246082],[126.47296186208729,35.022565690244534],[126.47397477995959,35.02249756392614],[126.47433969453068,35.02248911709608],[126.4744064925755,35.0227856756979],[126.4744813024148,35.023023914893486],[126.47513325172143,35.02390313747274],[126.4753354203891,35.02406458250734],[126.47579745875422,35.024199580320904],[126.47697740890692,35.02486024502652],[126.47724258661515,35.025171386827815],[126.47789349424411,35.02580361700403],[126.47816803894332,35.026294898152535],[126.47904755633995,35.02659554133059],[126.4793119231124,35.026539983336306],[126.47967297533633,35.02660410858399],[126.47988206581559,35.026704706878526],[126.48040140400889,35.02682562883195],[126.48076038950413,35.02569864708129],[126.4811609751028,35.02486318945248],[126.48143253302555,35.02431455873764],[126.48145966133417,35.02418681681585],[126.48122850393251,35.02371308007261],[126.48107526248164,35.023428377033305],[126.48105259336221,35.02285055199459],[126.48105247691507,35.022844719684194],[126.48202701445818,35.0223269966031],[126.48203390949719,35.02232305110407],[126.48230971600198,35.02193552773987],[126.48231713443818,35.021196911260475],[126.48256600027344,35.02044915974515],[126.48262820825127,35.02026605252257],[126.48242046059403,35.01982492095072],[126.4823172230239,35.01962083464886],[126.48212995880739,35.01917935749871],[126.48227054608604,35.018957079023345],[126.48228579777341,35.018932798458266],[126.48241626534211,35.01870798875638],[126.48245249706332,35.01864583249019],[126.4826114752072,35.0184431737672],[126.48280837743658,35.01819991725839],[126.48344876516104,35.01728411817505],[126.483524736642,35.01717988427723],[126.48395264795927,35.01753147419741],[126.48405952216443,35.01762460791701],[126.48471379833758,35.018187123259516],[126.48493167557424,35.01833940742785],[126.4855694621835,35.018788600768325],[126.4857107198264,35.01875289416177],[126.48629481133987,35.01859820392679],[126.48650745605161,35.01853014297289],[126.48664552035562,35.01848110859755],[126.48749636837402,35.018219416157166],[126.48758280876528,35.01820121406017],[126.48760188602513,35.018197400934994],[126.48770575351702,35.018146661215596],[126.48790903014329,35.01798012029801],[126.4880701020152,35.01787837978849],[126.48809526278663,35.01785659209738],[126.48810092088341,35.01785060393617],[126.48897460211876,35.01722356701688],[126.49001819261105,35.016649158213404],[126.49004681751916,35.016633955642824],[126.4906060490868,35.01633459714807],[126.49071217327945,35.016332573990766],[126.49078610803211,35.01627060085516],[126.4909536226321,35.01623644074426],[126.49094212856554,35.016250697039474],[126.49090616031356,35.01631397469668],[126.49092459164325,35.016359354737126],[126.49097021150715,35.0164602018383],[126.49096917852913,35.01649596358884],[126.49095040172139,35.016562594516294],[126.49094928389943,35.01657850789022],[126.490968376304,35.016591567816455],[126.4910289787776,35.01662986921025],[126.49107823482596,35.01664631888969],[126.49108602296515,35.016650137361374],[126.49136407248022,35.016773684211],[126.49143653953762,35.01680869120176],[126.49151736953186,35.0167425732846],[126.49169721426321,35.016781997166845],[126.49172954929013,35.01677977138317],[126.49173900825146,35.01677035580284],[126.49173854600997,35.01675656300375],[126.49172963861771,35.016678846112484],[126.49182232622466,35.01621834119109],[126.49182482257035,35.01621684639516],[126.49229163895399,35.01663893987593],[126.49243945333455,35.0167729165154],[126.49281660324363,35.017233075064276],[126.49331555305149,35.01761471084506],[126.49354121413104,35.017786301393414],[126.49357056862775,35.017794824925936],[126.49516497510746,35.01789302815888],[126.49542777738914,35.01809761580053],[126.49669454446328,35.01806976508003],[126.49739813943711,35.01772867454974],[126.4978821260695,35.01709847607424],[126.49821117774829,35.01662296532342],[126.49819233403439,35.016383106448714],[126.49824551113662,35.016317698622736],[126.49859757545205,35.015888909683774],[126.49886538308083,35.01574131182721],[126.49898845391827,35.015673281629205],[126.49914303750033,35.015644194437705],[126.49966991851942,35.01554414992708],[126.49969693466626,35.01552112359342],[126.49971949538312,35.01550107136568],[126.5004178881109,35.014920440118246],[126.50044365841488,35.014898625313286],[126.50045723432807,35.0148876306232],[126.50055473763506,35.01447168396],[126.50061818097814,35.01408576531874],[126.5006247671793,35.0140369655994],[126.5000084103524,35.01403436696174],[126.49983757431967,35.01403067761649],[126.49984572625846,35.01401620835494],[126.49985635855226,35.01399026596371],[126.49986065984767,35.01384921124488],[126.49987285330738,35.01380084034986],[126.4999417869781,35.01376333998258],[126.49998148437933,35.01376268374275],[126.50008825556702,35.013749216732926],[126.50010309504283,35.01374837665856],[126.50010886740353,35.01372885892491],[126.5000875057141,35.01355969281336],[126.50009002838708,35.01353409547719],[126.5000825794382,35.01350698773202],[126.5000816162244,35.013497861948444],[126.5000778036162,35.01347092245385],[126.5000765481846,35.01343427681531],[126.50007025341168,35.013392184149964],[126.50005691729974,35.013062292866515],[126.50007074638755,35.01301694827045],[126.50008055785464,35.01299083120498],[126.5000763773818,35.01273690864311],[126.50008432785555,35.012728495697395],[126.50008245824466,35.01271709473108],[126.50007764035308,35.01270947633116],[126.50007148738334,35.012703402763215],[126.50007248767254,35.012690292044574],[126.50005623222897,35.01264671604958],[126.50004555781537,35.01263830729849],[126.50004549539742,35.012610833457266],[126.50004737545565,35.01259179539553],[126.49993626132796,35.01228314190172],[126.49992464770385,35.01227066410628],[126.49991302146738,35.01224230421806],[126.49990207799874,35.012213370276505],[126.4998707938166,35.012165820237705],[126.49984387983172,35.01214717697641],[126.49966870695219,35.01194114023269],[126.49964638103533,35.01191393490385],[126.49961217929132,35.011883120086665],[126.49959644526771,35.011863657678745],[126.49958285977937,35.011851171698105],[126.49946472601131,35.01180072061158],[126.49943216137761,35.01179246465015],[126.49941991958613,35.011780615163275],[126.49932684057663,35.01160304898777],[126.49931535389653,35.01158237825613],[126.49931377623065,35.01155908047389],[126.49930012875524,35.011524483735954],[126.49921628213957,35.011394133075335],[126.49919905181878,35.01137573704808],[126.49914874919187,35.011312090884516],[126.49914216450186,35.011276306510574],[126.49911877447414,35.01126551954016],[126.49905707651703,35.01120930750737],[126.49895071235312,35.01106715474188],[126.49893461105313,35.01102718468502],[126.49893021191524,35.01099232873744],[126.4988936932086,35.01092666638748],[126.49889216162163,35.01089227299178],[126.49888474736275,35.01070017053573],[126.49888945763976,35.01067877361528],[126.49887754127026,35.010654955299096],[126.4988421202073,35.01062659593906],[126.49881365326745,35.01058076086398],[126.49878110209744,35.010464728626914],[126.49872732284808,35.01035885698469],[126.49872445074189,35.01033944772515],[126.49870186931213,35.01033263904058],[126.4987008316375,35.01032855156157],[126.49866666097306,35.01033221379745],[126.49866852454592,35.010314122115545],[126.49866416100711,35.01025914784524],[126.49866221098824,35.01024839550302],[126.49865482434328,35.01016109479036],[126.49865815674832,35.010071251556816],[126.49867052836044,35.00999736385913],[126.49867050377262,35.00998526744423],[126.4986698183731,35.00995583505082],[126.49865910459094,35.00990201526372],[126.49865735892679,35.00988651357563],[126.49865942944105,35.00987219946741],[126.49865953659602,35.00982424731296],[126.49866807778872,35.009780142862425],[126.49868187784743,35.00965541509576],[126.49867893638299,35.009591838677245],[126.49863834797955,35.009511052511584],[126.49863266452064,35.00945336867205],[126.49863836538479,35.00940077962793],[126.49862257943154,35.009386337475206],[126.49864258104212,35.009342046137874],[126.49864877100912,35.00929009007344],[126.49864270922241,35.00922978169394],[126.49863607894869,35.0092032991771],[126.4986194338065,35.00910547722722],[126.49859973644877,35.00904455351701],[126.49856174613586,35.00897966012898],[126.49849984484648,35.00896417061819],[126.49845720031063,35.00889900553198],[126.49845801176203,35.0088648742106],[126.4984517763118,35.00882401655037],[126.49842864016998,35.00881483492724],[126.49842159886994,35.00880540451574],[126.49840914045967,35.00878787542794],[126.498332380416,35.00869602373059],[126.49829080228909,35.008635658264566],[126.49828000696267,35.00859522336341],[126.49826204916121,35.00857410206121],[126.49822472565228,35.00855425252779],[126.49821673710814,35.008547450162816],[126.4981939470687,35.008517547552955],[126.49815507367806,35.008460987998],[126.4980185761562,35.008283168625205],[126.49798847201933,35.00822581612592],[126.49796381228502,35.00820965153181],[126.49794612829398,35.00818320425161],[126.49794694049963,35.008134678137054],[126.4979175681655,35.00808127663254],[126.49788881718038,35.00801587151809],[126.4978701143031,35.00793938523583],[126.4978671105715,35.007903958149626],[126.49788271771381,35.00783487919039],[126.49788116228169,35.00782411945519],[126.49787963346054,35.00778756276692],[126.49789311125825,35.00761007682713],[126.49789021027995,35.00760078974874],[126.4978783996425,35.00755089527667],[126.4978818533785,35.00751288101649],[126.49791346358613,35.007422713394234],[126.49798547237025,35.00727056419615],[126.49802363254634,35.00721453135598],[126.49809795777738,35.0070919204082],[126.49820719408356,35.00693750074592],[126.49825255331939,35.006852527799204],[126.49830777084321,35.00681247465926],[126.49831601322308,35.006811787727926],[126.49834725181576,35.00681441397302],[126.4983583646559,35.006845899639984],[126.49841262089929,35.00686444922491],[126.49846543747813,35.0068479477471],[126.49851441194868,35.00687210893439],[126.49851986144338,35.006919651476785],[126.49856134855389,35.00697508603443],[126.49859640010138,35.00699552997042],[126.49863381465093,35.00700039908177],[126.49866644028072,35.007003734054685],[126.49880074638658,35.00692895413155],[126.49882585045674,35.00691542041872],[126.49896682891266,35.00682613792948],[126.49896301580023,35.00679042808862],[126.49896452512232,35.006783665084086],[126.49895957682799,35.006734736531826],[126.49892811981074,35.006732001376385],[126.49888762221983,35.00670820895296],[126.4989326519806,35.006639359803465],[126.49895621850712,35.00661389463746],[126.4991305106782,35.006544282420776],[126.49924165764095,35.00652493927706],[126.49937566613796,35.00650404108456],[126.49948267024553,35.006477812183086],[126.49961988510536,35.006430544019196],[126.49969934098752,35.00638756184441],[126.4997950195372,35.006319705879285],[126.49984091995523,35.00628933024943],[126.49984443131515,35.00628299914687],[126.49993018644933,35.006234562545735],[126.5000605556918,35.00618698617513],[126.50017644361786,35.00615357341281],[126.50029698856949,35.00612174813978],[126.50038542548353,35.006091565917586],[126.50039958128794,35.00608943402583],[126.50049334918052,35.00608147435374],[126.50063992860505,35.006059481898795],[126.50066493056893,35.006055420729254],[126.50067830927996,35.00604058536235],[126.5006711564008,35.006033281838704],[126.50065128294095,35.005959774641205],[126.50062732807903,35.00587110766505],[126.5006120642908,35.005745863079014],[126.5006002148554,35.00562480589648],[126.50057987957908,35.00559654531861],[126.50057880570814,35.00559299852218],[126.50056404172902,35.00546485359045],[126.5005594813536,35.00544559963767],[126.5005139773321,35.00537151794904],[126.5004882419639,35.00532699246829],[126.50039997024633,35.005283497848154],[126.50034124165025,35.00526370483183],[126.5002468812718,35.00523064982035],[126.5001804520309,35.00518921920562],[126.50014803798742,35.005163874172275],[126.50010291371048,35.00513358222777],[126.50002148888713,35.005007532509424],[126.49991843651372,35.004858651939706],[126.49990645394104,35.00484397327603],[126.49986827558125,35.004793879899495],[126.49984700423934,35.004766498667664],[126.49976856932778,35.00468017529072],[126.49975450525234,35.00466911149928],[126.49974798359148,35.00466431632502],[126.49974979072968,35.00465899672326],[126.49971808575091,35.00464855407568],[126.49970515041011,35.00464819415126],[126.49966122309243,35.00459238031912],[126.49965506828855,35.004565178710834],[126.4996644044936,35.00456113411453],[126.49966090208683,35.004555242735336],[126.49965162408522,35.004540782538896],[126.49964364687918,35.0045375497186],[126.49962798553611,35.004527939522276],[126.49955541144588,35.004466797342396],[126.49951500351104,35.004432062917395],[126.49939511069027,35.00431803116787],[126.49931176693849,35.004242801029505],[126.49930222456615,35.00423756068153],[126.49927483386709,35.00422387282],[126.49926559909886,35.00422028324048],[126.49922030294134,35.00422005079508],[126.49914589640859,35.004240158888166],[126.49908615873862,35.00425658696954],[126.49895274418756,35.00432606190931],[126.49883472806353,35.00438359426465],[126.4986941738626,35.00442746762059],[126.49858013795863,35.00445391008822],[126.49850411988386,35.00445983263223],[126.49840699458532,35.00447071531654],[126.49832565840356,35.004481041416625],[126.49828888686639,35.00448406182562],[126.49812004750791,35.00449567459039],[126.49805597138408,35.00449958223711],[126.49798129395845,35.00450302224376],[126.49782856053473,35.00449454686497],[126.49776946787907,35.00448609027326],[126.49774087396463,35.004482861927066],[126.4975291355564,35.00430692003346],[126.49745555879255,35.00421664031176],[126.4974226551203,35.00421774759414],[126.4972713278032,35.0041605134857],[126.49725003621276,35.00413838667667],[126.49719224000656,35.00404722589875],[126.49719177041497,35.004013062198695],[126.4971937245306,35.00396952535146],[126.49718515239664,35.00390794451413],[126.49718150854781,35.003896572174206],[126.49715063109764,35.003847770181295],[126.49711040490322,35.00381219744312],[126.4971063764717,35.00381173002516],[126.49709361764586,35.00368800967953],[126.49708655341603,35.00367705578223],[126.49706208340582,35.003644504963404],[126.49699643645128,35.00356175726453],[126.49694133761902,35.00349706264673],[126.49683667459125,35.00338692246619],[126.49672882788369,35.0032886489563],[126.49669612436627,35.003266141099125],[126.49661564379798,35.00321401400069],[126.4965330495696,35.003168944763885],[126.49631438093829,35.00305927636506],[126.49630866279796,35.00305569217918],[126.49624014553429,35.003023084103894],[126.4960882690108,35.00295945555557],[126.49601483569549,35.00294071693232],[126.4958969667757,35.002958280510185],[126.49577875892369,35.002997096760375],[126.4957440022222,35.003007461909014],[126.49569057145743,35.003011935447184],[126.49559477174603,35.00301768362884],[126.49557882180507,35.00301593161567],[126.49551594940317,35.00299885915409],[126.49535751960704,35.00296419931196],[126.4952686734799,35.002940122998304],[126.49524491053718,35.00293343493746],[126.49504823129007,35.00290889076879],[126.49482124848788,35.00287603542831],[126.49450031160075,35.002812600645775],[126.49441111402628,35.002786962875916],[126.49424558428309,35.0027651073768],[126.49422547750142,35.00276241842677],[126.49417137988227,35.00274893331055],[126.49415469883978,35.00276093289267],[126.49415357962063,35.00278253394615],[126.49402013878598,35.0027370972958],[126.49384380915187,35.002679601187225],[126.493756712767,35.00265080792991],[126.49292713322521,35.002381370038655],[126.49288791129622,35.00236802778256],[126.49287410923856,35.00232545255652],[126.49264052226751,35.00224323374872],[126.49258466230025,35.00222255665804],[126.49258445915228,35.00220051742083],[126.49255671872432,35.00219229786929],[126.49251153048647,35.002180129298914],[126.49245121140798,35.002163111025205],[126.49234504081161,35.00213137044391],[126.4920959103018,35.00205274495243],[126.49189956693115,35.00196214503969],[126.49188006654087,35.00196417238854],[126.49174912523763,35.001899409448775],[126.49170821211652,35.001879750153755],[126.49154886366465,35.00184016003849],[126.49153607884472,35.00182974063898],[126.49148139398666,35.001808671376445],[126.49147130148748,35.001795117513794],[126.49144961025796,35.00178302020733],[126.49131844685235,35.00171178406669],[126.49116992582114,35.001625665395274],[126.49101542649026,35.00154620953948],[126.49100181728865,35.0015397886806],[126.49099792699268,35.001545324735396],[126.49096403260691,35.0015967583551],[126.49091887989032,35.00158248916096],[126.49084296640684,35.00157015470826],[126.4908976115832,35.00150232241281],[126.49090144073169,35.001497813660826],[126.4908969812138,35.00149270219217],[126.49085954113396,35.00146420580765],[126.49080162285121,35.001429403858005],[126.4906853487272,35.001372065619464],[126.4907151161437,35.001339588458585],[126.49074116640013,35.00129711753742],[126.49073155878578,35.00122670751546],[126.49069386159724,35.001093291049344],[126.49061904071596,35.000966911271114],[126.49060975400376,35.000934783582096],[126.49062358247298,35.00090589891839],[126.49063483111225,35.000807399948485],[126.49069424648873,35.00073516209974],[126.49079929168533,35.000690220215944],[126.4908302833291,35.00065988440765],[126.49098654943496,35.00056566378871],[126.49100324567543,35.00056709504955],[126.49104130190318,35.000568634136414],[126.49118908155297,35.00052680100218],[126.4913519825715,35.00048243528758],[126.49143652522535,35.00045268485209],[126.4915864280872,35.00040226112198],[126.49164801755269,35.00039082904337],[126.49172987306451,35.00037395664828],[126.49175370718153,35.00038666681722],[126.49188830735436,35.00037326065317],[126.49214658123005,35.00037555220832],[126.49220415818876,35.00032396519867],[126.49218336501437,35.00028188335058],[126.49221530457045,35.00025226323883],[126.49225041427341,35.00019186576024],[126.49228136697505,35.000162394723546],[126.4923590602417,35.000094117583636],[126.49237222119616,35.00005438648401],[126.49252033863606,34.99998604396676],[126.49253008188208,34.99994984088985],[126.4925272857725,34.99991667693485],[126.49253611624034,34.99987220450636],[126.49258697569185,34.99973954734812],[126.49265458957812,34.9995740875666],[126.49266350113297,34.99952888535934],[126.49254556752936,34.99950626254995],[126.49242735018085,34.99947463379138],[126.49219265084373,34.999336407595486],[126.49186046306062,34.99912727597482],[126.49151755092511,34.99885137929792],[126.49177221849945,34.99857413388727],[126.49191567638876,34.99828872358702],[126.49247626748485,34.99766698710188],[126.49336203008953,34.99692873746394],[126.49335815227997,34.99687205233702],[126.49345888139096,34.99604432544929],[126.49380526580758,34.995597380433985],[126.49399342244233,34.99554994387139],[126.49454854999688,34.99509990292088],[126.49462906260439,34.99451807333606],[126.49539659861543,34.99359265061451],[126.49639600951598,34.992716590952774],[126.49758109040386,34.99256011578334],[126.49814949793102,34.99187190875343],[126.49849453444364,34.99143232647364],[126.49849095419935,34.991430310607925],[126.49832296715572,34.9907144607398],[126.49831683624923,34.99035777323721],[126.49881816299104,34.98994302109088],[126.49921845249577,34.989464410704386],[126.4993560295777,34.98933164034068],[126.49980524213225,34.988794947787966],[126.49982438288261,34.9887723304206],[126.49960125129951,34.988398007795496],[126.49957000450216,34.988327869408664],[126.49953408942186,34.98823122952875],[126.49924319636928,34.987424834811286],[126.4997014782678,34.986478868677224],[126.49979049859755,34.98592761716924],[126.49990202031773,34.98556561963344],[126.50130348350996,34.985810713312034],[126.50209432954341,34.98570117081631],[126.50240361091117,34.98575500105779],[126.50303533934311,34.98588979032717],[126.50407473773937,34.98585925027076],[126.50538344013934,34.985736032398094],[126.50640788316163,34.98601349903351],[126.50642532540243,34.98602519779396],[126.5076336964887,34.986793513886326],[126.50776845348852,34.98701077784796],[126.50783193465932,34.98738833071691],[126.50778590588521,34.988205053721934],[126.5079456633056,34.98872098829793],[126.50856216827792,34.989162530770614],[126.50864810283053,34.98922469539207],[126.50925093916767,34.989735142563475],[126.50927509254025,34.98975118566935],[126.50927787339478,34.98975320699193],[126.50998979704542,34.99010780438872],[126.51018087393619,34.990211423714086],[126.51114642329027,34.9903154593654],[126.51148577517642,34.99012236800897],[126.51200674536244,34.99013707020428],[126.512455131229,34.98996025261013],[126.51266841398873,34.98888787010574],[126.5126844899273,34.98862844887358],[126.51307164035634,34.987935339923105],[126.51353093569385,34.98751412896238],[126.51364786735887,34.987186734912754],[126.51402394781232,34.986965561966265],[126.51448653761406,34.98663176623931],[126.51479602753292,34.98630991130576],[126.51485531920223,34.986262466498786],[126.51507970469156,34.986100334849695],[126.5152128010707,34.98608847404883],[126.5156537918697,34.98602024777835],[126.51582849814017,34.9859282047275],[126.51609850752364,34.9856157790753],[126.51611772773474,34.9855157047792],[126.5163049423888,34.985226401323935],[126.5164875784585,34.984951834688594],[126.51652317783302,34.984906403630454],[126.5167997913768,34.98432714333196],[126.51684387413775,34.98423963405764],[126.51774211422872,34.98326390453279],[126.51815364914789,34.98347155108049],[126.51817791763527,34.983477308264],[126.5183287978164,34.983496711192416],[126.51840449276638,34.98348446525363],[126.51841012899273,34.98347209384306],[126.51893498689716,34.98337907697547],[126.51907055012174,34.9833509790427],[126.51929043860324,34.98327690343457],[126.5193382604643,34.98326655629227],[126.5194948930511,34.98322380413741],[126.51960126574366,34.983166358338615],[126.51963111554649,34.98315412801411],[126.51973433980254,34.98308445604724],[126.51976815385429,34.9830778839878],[126.52003077715598,34.98304650315123],[126.52025204290346,34.983019401622414],[126.52026979571679,34.983013811366796],[126.52032946756194,34.98300527747106],[126.52068027822357,34.98298642209227],[126.52072212821113,34.98298217105976],[126.52076957546448,34.98297777090862],[126.52090732647589,34.98295927015091],[126.5211951302649,34.982917999256856],[126.52125024061421,34.982910384292396],[126.52136849409587,34.98291116732989],[126.52140129903634,34.982914208439915],[126.52152418534213,34.98294123949806],[126.52154423095081,34.982944356334436],[126.52167506755298,34.98296214356475],[126.52200587114284,34.98305748997276],[126.52206793998194,34.98307925070787],[126.52232248191585,34.983135905842914],[126.52239441392038,34.98314717732833],[126.52253303429964,34.98315240220704],[126.52264961165787,34.98313263517212],[126.52281975732019,34.98313686631996],[126.52296864791967,34.983161375424146],[126.52321146699951,34.98320574190645],[126.52334469930236,34.98322790841803],[126.52339471996008,34.983232981755194],[126.52365674174708,34.98326353283446],[126.52376431358498,34.98328953690696],[126.52386311638556,34.98326968977294],[126.52395644231387,34.983236787215986],[126.52418592062801,34.98321922927306],[126.52426464727817,34.98319580559171],[126.52433710840315,34.983208430061346],[126.52457409163164,34.98323946667493],[126.52466775156708,34.98325847476809],[126.52481506938004,34.98329371976366],[126.52495457013522,34.983343662290544],[126.52497957113448,34.98332324521189],[126.52547737569253,34.98275222362479],[126.52585561003494,34.98266664221496],[126.52628105210783,34.98243399655091],[126.52634720310297,34.98239758764343],[126.52654058280307,34.98186951926551],[126.52678749460698,34.98133713489627],[126.52716316057244,34.98143732974579],[126.52752251422362,34.981331397535165],[126.52788428682032,34.98133778441962],[126.5281400974675,34.98130314153954],[126.52865878114471,34.98123780261609],[126.52867441548656,34.981211922046946],[126.52872197172694,34.98116353233523],[126.52872786841931,34.981156993313625],[126.52877910363418,34.9811087260643],[126.52886246120295,34.9810449720695],[126.52889457403592,34.980972049983706],[126.52891133973864,34.98095128455466],[126.52907047639707,34.980793145317094],[126.52910925558783,34.98078557141179],[126.52921072574064,34.980765820412],[126.52925944518508,34.98074745064087],[126.52941861366689,34.98066755902554],[126.52955398135362,34.98060915352285],[126.5296504852378,34.98051196414986],[126.52969299691141,34.980479878268355],[126.52972701738018,34.980465633564414],[126.52987675377493,34.98041089800642],[126.52989133358471,34.98036828374414],[126.52991312828559,34.980343238163854],[126.52994278613792,34.980312463352085],[126.53006473562952,34.98006895381062],[126.5301266000613,34.97998492479883],[126.53016938938073,34.97988135212592],[126.5302262531845,34.9797736066214],[126.53026549209827,34.97967801529056],[126.53045624463614,34.979511478894025],[126.53057253130856,34.97939968215646],[126.53066764963405,34.97935852478578],[126.53075082718775,34.979304611732715],[126.53082626383032,34.979244638453785],[126.53087567908908,34.97920970352773],[126.53092646112782,34.97919236863255],[126.53105914389397,34.97916814902483],[126.53109874723071,34.97914076554253],[126.53120766377798,34.979197306673385],[126.53173468064543,34.97856159936765],[126.53184305040105,34.978437602255795],[126.53187419381959,34.97840532741208],[126.53211270588763,34.97833539265386],[126.53222008745,34.97830962277655],[126.53272367069493,34.977932631132575],[126.53273698273075,34.97791037358007],[126.53287041618661,34.97782888176343],[126.53292021325821,34.97781505757177],[126.53404363557078,34.97788902645418],[126.53450378088338,34.97798772099042],[126.5348036107195,34.97784731313123],[126.53524864723106,34.97750287783109],[126.53627443865804,34.977353992837976],[126.53649178345563,34.97749580861787],[126.53719239133191,34.97742628908432],[126.53740595176033,34.97738312739084],[126.53798744266476,34.9769267391895],[126.53873904728702,34.976338575918035],[126.53891969690224,34.976192079111165],[126.53887107085772,34.97609535702229],[126.5388792351057,34.9760319946611],[126.53888239878309,34.97600882343581],[126.5388712780528,34.97585787345861],[126.53884030852397,34.97552876389135],[126.53889212578055,34.97545709490228],[126.53887788269247,34.97537652112894],[126.53890360451528,34.97537098552335],[126.54063266722174,34.97511101389637],[126.5411791894749,34.97503276512599],[126.54207453210506,34.97760929153872],[126.54210932088253,34.97767456523736],[126.54241466336724,34.9781550600414],[126.54271176869912,34.97864436539139],[126.54280448560453,34.978802897230366],[126.5428473852939,34.97886711969533],[126.54293474701188,34.97901591442621],[126.54315507432094,34.97936436891614],[126.5432544307945,34.97953445399293],[126.54329256911795,34.979602290856974],[126.54333080801293,34.979667811563985],[126.54338419180115,34.979764982443584],[126.54405487386802,34.98072927331777],[126.54418054676043,34.980955197512344],[126.54422326811107,34.98103416523513],[126.54424058944633,34.98106446243309],[126.5442814678799,34.981116409107585],[126.54437366594485,34.981195905546734],[126.54450829102356,34.98132663324343],[126.5446486670962,34.98146508013076],[126.54475650198707,34.981568773809684],[126.54583416664455,34.982797189943824],[126.54601503804659,34.98297491566998],[126.54606220793626,34.98302236045086],[126.54603817289087,34.98304136134983],[126.5460086658174,34.983065587699286],[126.54596553156166,34.983122004961515],[126.54605714220128,34.983205436898345],[126.54851848266998,34.98484446465624],[126.54871827608866,34.98499281814783],[126.54903293861922,34.98523038432941],[126.54909821318468,34.98528023893914],[126.55093083756809,34.98638664283054],[126.55103223561295,34.98646438361219],[126.55116239511418,34.98654405173318],[126.55128050362138,34.98661838399496],[126.55134793965145,34.98665997983927],[126.55175856818548,34.986917923074294],[126.55598497709379,34.98858640730922],[126.55615425242304,34.98863043818488],[126.55625281378255,34.98865496532542],[126.55708691622712,34.988779759661384],[126.55722455687271,34.98880838603437],[126.55749805461515,34.98877812675251],[126.55761280218432,34.98876656701419],[126.55876214269104,34.98876609349496],[126.55902896241413,34.98873716748493],[126.55941882133797,34.98869445620668],[126.56040518466277,34.98862677146763],[126.56046503452339,34.98861976885848],[126.56270976082658,34.98755910884827],[126.56409053068339,34.98692053808926],[126.56553853267164,34.9857765506631],[126.56758247388407,34.98323119567882],[126.56804750340415,34.982665758221266],[126.5683044935724,34.982034552083284],[126.56835205014393,34.98192145530757],[126.56840922289598,34.981781180383415],[126.56857185472228,34.98138390364076],[126.56860111144101,34.98131222265951],[126.56860537155684,34.98131223784384],[126.568643402882,34.981179736501836],[126.56872287014711,34.980906588486434],[126.56875404651663,34.98080510592746],[126.5687788766092,34.980719194485],[126.56884704953868,34.98050064730257],[126.56967609193183,34.978526870241495],[126.56974822671867,34.97827250698734],[126.56982641449417,34.97802489844365],[126.56987848074971,34.977855003494085],[126.56989893241428,34.97779126800636],[126.56992266621427,34.977711436648676],[126.56992536015464,34.97771144622099],[126.56992735607562,34.97769838341049],[126.56993183406034,34.97767143926758],[126.57010039272143,34.97719762762872],[126.5701254125488,34.97704161677052],[126.57022961118554,34.97679107167227],[126.57024541471351,34.97670309070929],[126.5702621141689,34.97659668886461],[126.57047309738337,34.97610526116701],[126.57048709023394,34.976022105094216],[126.57049351689652,34.97598685717931],[126.57049448841505,34.975968634867385],[126.5705046809669,34.97590644025206],[126.57053136873967,34.975760007771335],[126.57056185429914,34.975066085803775],[126.57057734011794,34.97496963073643],[126.57058643888061,34.974915517538825],[126.57075562647047,34.97429670307773],[126.57077922618005,34.97416262638843],[126.57163267725971,34.97398298649863],[126.57167795272943,34.97395470839624],[126.57179790253058,34.9738736756987],[126.57195130666486,34.9737967813177],[126.57221575945131,34.973715997737656],[126.57222102736938,34.97371587213568],[126.57270687857707,34.97362689206105],[126.57274337980216,34.97363477272117],[126.57280654241822,34.97364751573518],[126.57288809068409,34.97366456004923],[126.57308625188395,34.973727985701814],[126.57374818166237,34.973509707424206],[126.57401578071222,34.97365964651837],[126.57609627224515,34.97413196928471],[126.57837301405425,34.9747513773843],[126.57973936695082,34.97603538552904],[126.58140250302779,34.97782820257056],[126.58150817677571,34.97790649172136],[126.581850083977,34.97842196089196],[126.58224391864577,34.97891752574093],[126.58266136860581,34.98050825751561],[126.58266175016064,34.98051505518144],[126.58271401914904,34.98071140115383],[126.58274778369345,34.98083819648361],[126.58275005928768,34.980847263124446],[126.58285986217446,34.981223505017205],[126.58289120432862,34.98134433387558],[126.58289676380029,34.98136233541969],[126.5834430334709,34.98334511810563],[126.58413080778368,34.98497207178585],[126.58429191526191,34.98519424568942],[126.58430429272906,34.985206907417385],[126.5843411309119,34.985244603144245],[126.58456433892835,34.98552072977188],[126.58459253937221,34.98555561052783],[126.58462040205995,34.985581503438816],[126.58489971702144,34.98591452733154],[126.5851644768197,34.98626304934134],[126.58556827121811,34.98674095220277],[126.58565081693258,34.98684326116127],[126.586036132149,34.98729889837665],[126.58606423552509,34.98733372437066],[126.58614128705207,34.987433319093896],[126.58654430820302,34.98791694873806],[126.58664922512897,34.988053270088706],[126.58669468919948,34.9881140877012],[126.58698636008116,34.98850235793345],[126.58706338754169,34.98858760214131],[126.58750084134262,34.98910223606345],[126.58792202073651,34.98956321741114],[126.58802838187044,34.98967239315657],[126.58809935261283,34.98974277950192],[126.58854334186388,34.990072993230044],[126.58858607228998,34.99010067542505],[126.58874833508237,34.99021705326549],[126.58884022023504,34.99027566623587],[126.58887501227065,34.99029635375245],[126.58906511210662,34.990429212681896],[126.58908749655748,34.99044078118766],[126.58914444995278,34.99047605596536],[126.58943075884113,34.990694600840634],[126.58997679882783,34.9909630330303],[126.59001754334088,34.990987210670106],[126.59007148866647,34.99101746319503],[126.59040970641244,34.99119690885844],[126.59080142860667,34.991394399720534],[126.59094874091858,34.991463564302684],[126.59111083645372,34.99154223405109],[126.59124860798612,34.99200248006698],[126.59156717304685,34.99216403599618],[126.59158457841151,34.99221001060343],[126.59127829646756,34.99217483241502],[126.59113428016482,34.9923140673992],[126.59116126642893,34.992354035253456],[126.59118553453557,34.99238997380156],[126.5914070558383,34.992555934413154],[126.59172445283161,34.99279852826555],[126.59196504828621,34.99291561677516],[126.59203617683158,34.9929511453115],[126.59223794781576,34.993049849598194],[126.59306043437228,34.9934562076816],[126.5931498521569,34.993492482120544],[126.59378168695804,34.99374775522372],[126.59379046588947,34.99375110174439],[126.59381086424443,34.99375928256862],[126.59392176945396,34.993802929682396],[126.59413668363545,34.99388499054753],[126.59460389575406,34.99406710158182],[126.59484016196491,34.994164159451735],[126.59514140923022,34.994286816936906],[126.59524552117128,34.994331188248196],[126.59527796600673,34.99434432159899],[126.59553100086974,34.994455225196944],[126.59555171654416,34.9944613246225],[126.59591411246595,34.994567545281846],[126.59641820256643,34.99471614235049],[126.59719555193831,34.994938054569594],[126.5975730176085,34.99516378818155],[126.5977870682621,34.995291575288064],[126.59815298409856,34.9956060357177],[126.59823467069371,34.99567633453294],[126.59842298681389,34.99583680890205],[126.59848083139599,34.99591979182205],[126.59852060043788,34.99597863009747],[126.5987680007988,34.996329408139744],[126.59877836080962,34.996343269529035],[126.59883009503221,34.9964170830983],[126.5988709761399,34.99651735195196],[126.59888480446558,34.99654993729224],[126.59904145888635,34.99691808071575],[126.59908578460926,34.9970263560665],[126.59907937803762,34.997113362192394],[126.59905967133744,34.997482813854425],[126.59905393135926,34.99758355907209],[126.5990090801586,34.997667616475425],[126.598885389128,34.99790924250105],[126.59886546402021,34.99794726836235],[126.59879754544143,34.99796607107608],[126.59852997029166,34.99804519808738],[126.59820331819975,34.99785673669545],[126.59810861589196,34.997724001757675],[126.59783122998127,34.99733826676315],[126.59779314923938,34.99728357117939],[126.59776992072122,34.997246961393984],[126.59771409434842,34.99716115455938],[126.59755426507067,34.996916414590984],[126.597506461273,34.99684317241324],[126.59742564471236,34.99671831603734],[126.59711574596395,34.99631879737738],[126.59709985107699,34.99629897738053],[126.59704402703245,34.996226330252135],[126.59679123564129,34.99590864711935],[126.59673081343409,34.995831180212264],[126.59649049326276,34.99567065598652],[126.59626092311845,34.99560719073127],[126.5962091831641,34.995592893573736],[126.59612391537891,34.99556949780544],[126.59554075177041,34.99541769672795],[126.59528786412997,34.99541608488039],[126.59494684104884,34.99540625441403],[126.59486764573084,34.995408702372515],[126.59421097685689,34.995431532742266],[126.59416407734938,34.99543301592662],[126.59394199496536,34.99546377368321],[126.59321938656636,34.995565707010535],[126.59298897176481,34.995635356198186],[126.59240384955949,34.99581668013817],[126.59215399338753,34.996009010905794],[126.59200392876735,34.99631692696868],[126.59218198611947,34.996524878602976],[126.59222187640735,34.996573912416814],[126.59261904462177,34.99681665549451],[126.59321130768497,34.99713542601155],[126.59380855384498,34.99740228240863],[126.59390834332349,34.99744643302759],[126.59402450793455,34.99749961616594],[126.59409182294617,34.9975298126048],[126.59483052052137,34.997890015703064],[126.59494133119529,34.99797395282533],[126.59500699908827,34.9980228376677],[126.59521450769219,34.998205032115486],[126.59548059441359,34.99844137812672],[126.59551120376511,34.99846497018662],[126.5956850755334,34.99858933660395],[126.59596169899498,34.998841959464364],[126.59603733068656,34.99890976073458],[126.59619956719996,34.999181560779085],[126.59630476849348,34.99943524203135],[126.59633851294086,34.99950074003866],[126.59646770630057,34.99975407754657],[126.59648212344526,34.99982492827739],[126.59652120388195,35.000081471443146],[126.59651154554676,35.000200897837246],[126.59648142541417,35.00045137831231],[126.59633957493759,35.00073453925481],[126.59629749911554,35.00081910061096],[126.59599850783809,35.00115777482348],[126.59592944005144,35.0012334395143],[126.59585153243842,35.001293471916604],[126.59549353138473,35.00156236192612],[126.59541325517361,35.0016338515486],[126.59511384840515,35.001882385125],[126.59506733668644,35.001922124084],[126.59502661796087,35.001955590854855],[126.59496696935274,35.002031268486235],[126.59492837811776,35.002079750156064],[126.59489409598937,35.00212298224236],[126.5946916255647,35.00238187156292],[126.59466478582637,35.002415330625006],[126.59463827352165,35.00245566823046],[126.59446670903583,35.00272021315002],[126.59445009634872,35.002754535705215],[126.59430900877712,35.003034046138325],[126.59408380462578,35.00348941984796],[126.59406874364882,35.00352003390896],[126.59397312560316,35.00371349849195],[126.59394800539401,35.003764557892914],[126.59394290286454,35.00377292350386],[126.59385963875344,35.003909426837716],[126.59350569819232,35.004504313754595],[126.59336455113979,35.005048275577415],[126.59341629847158,35.00538214548706],[126.59346195732684,35.005532431024065],[126.5936262670012,35.00608052892105],[126.59368919034907,35.006118471601596],[126.59427237716909,35.006472548908874],[126.59458647178155,35.00629046175432],[126.59467091059324,35.00624002465991],[126.59468326327797,35.00590449525264],[126.59468588484562,35.00581749484964],[126.59468604284517,35.005812132231206],[126.59461854004256,35.00549091937943],[126.5944563284097,35.00505118341462],[126.5944471963087,35.004689730662],[126.59448501247654,35.004663131826184],[126.59491680705918,35.00436174535605],[126.59548290724288,35.00419482214637],[126.59572217150387,35.004225448311274],[126.59576535904853,35.00425570739441],[126.59612099899418,35.00451003593065],[126.59615018263554,35.00452999954851],[126.59620929640649,35.004571840158434],[126.59623557444259,35.004612336270895],[126.59641385305606,35.00488120582487],[126.59643166474025,35.00490805395257],[126.59653677016702,35.00508050304698],[126.59657206510468,35.00513641553627],[126.59674903544477,35.00542225300779],[126.59668313082481,35.005453400954146],[126.59668814818693,35.00546006978938],[126.59695576016212,35.00581724604694],[126.59697802523297,35.005831886359424],[126.59701062956218,35.00586256042066],[126.59733617794637,35.00614545767848],[126.59747253887276,35.00627608728464],[126.59743562068947,35.00630502458018],[126.59748233491271,35.00634917587367],[126.59790099325123,35.00659425347253],[126.59801233507784,35.006704671721515],[126.59817115034559,35.00689001616706],[126.59822457989152,35.006936578109325],[126.59822678716698,35.00693773017977],[126.5986532338369,35.00726225971269],[126.5986578722427,35.007265835511284],[126.59877982198277,35.007214979191176],[126.5990347916351,35.007798911418305],[126.59907862687294,35.00801972092156],[126.59908403425298,35.00804749200253],[126.59909233273524,35.008088910381666],[126.59910275289121,35.0081400255109],[126.59915296830427,35.008380190490534],[126.599162633418,35.00842219026796],[126.5991811524575,35.00849734470013],[126.5992901916339,35.0089090367593],[126.59941065182578,35.00924369045258],[126.59966178452972,35.00990874071936],[126.59964094711974,35.010262765528594],[126.59951569409884,35.01092991368337],[126.59959828695713,35.0109414362008],[126.59952027870732,35.01117748078952],[126.59934459533993,35.01163165754061],[126.59930620099608,35.01170665943764],[126.59926687078553,35.01179154623524],[126.59908915881161,35.01215379426922],[126.59900791700751,35.01228001401934],[126.59883531746486,35.01251740299527],[126.59858141206706,35.01285339301772],[126.59847787280226,35.01281221735976],[126.59816819913534,35.013090225606774],[126.59779864601931,35.01330865179633],[126.59747759421161,35.01334633363091],[126.59740384639127,35.01335593112841],[126.59724248539048,35.013282815753996],[126.59669143058096,35.01303679890803],[126.59652606441742,35.012965210567174],[126.59602671253903,35.0129727378152],[126.59543851067433,35.01318154788442],[126.59481633029404,35.01341051304159],[126.5943800868147,35.01349222919378],[126.59401629689096,35.01345411571744],[126.5932386445394,35.01319803838215],[126.59324105569979,35.013107449968224],[126.5932415613519,35.01309608541497],[126.5932300507548,35.013086447135294],[126.59322482134233,35.013073909544396],[126.59321747200438,35.013051440759554],[126.59314369773075,35.01305529386348],[126.59298499863917,35.01306468403056],[126.59294433609357,35.01306572799217],[126.59290828657727,35.013066652260115],[126.5928491986159,35.013067210534636],[126.5925614766739,35.01304699751421],[126.59244694668186,35.013044196015734],[126.59200413106991,35.01301342679077],[126.59188466623377,35.01300938225615],[126.59160207084086,35.01298502895194],[126.59156787174042,35.01297959540979],[126.59152463760509,35.01297344630819],[126.59150868130321,35.01297215755001],[126.59118702720887,35.01291952164303],[126.59109912326277,35.01289856516556],[126.59080676819197,35.01284105173851],[126.59066478263428,35.01280767140745],[126.59039909685431,35.0127913496343],[126.590358985233,35.01278521970495],[126.59030603906574,35.012777946624226],[126.59015138651436,35.01276473146525],[126.58966088145696,35.0127210467621],[126.58944778043926,35.01275355712979],[126.58922543638556,35.012787477924206],[126.5890771612435,35.01283083489011],[126.58869645325211,35.012844413582584],[126.58832769026934,35.013077433736484],[126.58824326435095,35.01312095287326],[126.58806281717798,35.01318259599952],[126.5879784218141,35.01322434837316],[126.58772362354712,35.01326279790506],[126.58766257820037,35.01326040852308],[126.58742995683468,35.013270125309205],[126.5871708428188,35.01329093721532],[126.58685207296966,35.01342478369048],[126.58683506644773,35.01344272592311],[126.58681232471316,35.01346822005411],[126.58650786947014,35.01382405832784],[126.58635681403118,35.01401373050511],[126.58627917730595,35.014126938196945],[126.58624756867148,35.0141638853174],[126.58620808942077,35.01422333068777],[126.58597887699003,35.01464165536407],[126.58580053545383,35.01516535238955],[126.58579149144418,35.01519452573306],[126.58579469046379,35.01522055015736],[126.58579702776547,35.01523282577433],[126.58580455038721,35.015266157067174],[126.58592018182804,35.01574278150835],[126.58609438715148,35.01624972994931],[126.5861420885831,35.01635640776031],[126.58625381560809,35.01668706903721],[126.5863291198301,35.016921051164445],[126.58657132816711,35.01742974568113],[126.58692419930073,35.01781493372683],[126.58696439524053,35.01785907574109],[126.58703716419407,35.01790989992049],[126.58735631880378,35.01812699277616],[126.58741247148927,35.01816825061849],[126.58747185538152,35.01819232136747],[126.58798942819439,35.01844371911495],[126.58805488091986,35.01847244327839],[126.58830639094036,35.01861172255769],[126.58848396306522,35.01871676824281],[126.58856200089411,35.018766004998916],[126.58924290358189,35.01918068570337],[126.58931432082619,35.01922627599561],[126.58991544754169,35.019616164839476],[126.59000508468391,35.019684026183235],[126.59026769819333,35.02010404277863],[126.5903238357397,35.02029337580277],[126.59031454718678,35.02064744638232],[126.59029766332841,35.02104789358344],[126.59034020262084,35.02124405793966],[126.59046835765949,35.021510818814825],[126.59053662874803,35.021579148227275],[126.5908723633566,35.02184657517557],[126.59101960116209,35.02190206553185],[126.59148521603898,35.022070166613055],[126.59156954722665,35.02210862430737],[126.59209045423891,35.02238442480917],[126.59220385587237,35.02270646897591],[126.59223267907116,35.022815270988865],[126.59229422721536,35.02333627014988],[126.59242576585997,35.023713205337714],[126.59262004621561,35.024072811121755],[126.59259257602693,35.0244272080323],[126.5923528610188,35.02466030490539],[126.59236127852829,35.025025044176964],[126.59248920848484,35.02510402938467],[126.59325632760313,35.02522190552394],[126.59331074479589,35.025252347396446],[126.59344378328842,35.02532891508832],[126.59388734233532,35.02572017421929],[126.5939907337049,35.02584696503762],[126.5939826829856,35.02592142692745],[126.59391718399311,35.026207354777284],[126.59391358979202,35.026247120004506],[126.59371310760474,35.02644812737341],[126.59348389786625,35.02659968803949],[126.59339671992848,35.02663906410257],[126.59330427991617,35.02667890013125],[126.59270971553303,35.02698243536043],[126.59262164925822,35.02704381923128],[126.59254681384313,35.02709540469528],[126.59276389928421,35.02737925497851],[126.59301593249467,35.027453456561794],[126.59317998515833,35.027421973973226],[126.59366846862393,35.02729721761126],[126.59398891653088,35.02736167791056],[126.59444461259784,35.02763713209299],[126.59450807908108,35.02767057827802],[126.59462414241224,35.02796521834306],[126.59461236387956,35.028035755825414],[126.59451821864343,35.028240392820024],[126.59437100964988,35.02861401112012],[126.59433156727016,35.028767453553826],[126.59417758430702,35.02931784276188],[126.59408431218195,35.02948732902974],[126.59407106777299,35.02952187899496],[126.59374636087358,35.029836789466195],[126.59359615551953,35.02998282883278],[126.59336287848987,35.03041715192423],[126.59329345034729,35.03065461759],[126.5933004894205,35.03135710250504],[126.5932841982641,35.03187436841443],[126.59324879240292,35.03194254579232],[126.59301380318236,35.03239351951895],[126.59300448992067,35.033166444983564],[126.59322416844496,35.033300342815],[126.59329828084117,35.03334896836094],[126.59346239190037,35.03351538940966],[126.59345968217389,35.033573320056014],[126.59343759520867,35.03387429276017],[126.5934306757153,35.03398987859128],[126.59330097942717,35.03430072891581],[126.59326508407737,35.03438779723335],[126.59319488174133,35.03444301306919],[126.5929432734871,35.03464027740971],[126.59286842405848,35.03467570146154],[126.59242439072555,35.03488132134855],[126.59238587083415,35.03490104858474],[126.59214039686596,35.03507619438794],[126.59207579165606,35.035122919558056],[126.59204739935329,35.035153271886124],[126.591994487127,35.035206589381005],[126.59181235108213,35.03539764095233],[126.59175666249655,35.035456041680156],[126.59173677805167,35.03547461477509],[126.59131761432086,35.03589301858454],[126.59125782726159,35.03595563262574],[126.5908535037708,35.036184266548425],[126.59056225828348,35.03652792659429],[126.5904656983392,35.036643929741196],[126.59040318044578,35.03707222673154],[126.59029365997634,35.03746950169682],[126.59038260106882,35.037761268225054],[126.59055347051574,35.03803403192561],[126.59095584816116,35.03820529187874],[126.59117715003919,35.03841986193234],[126.59125258165247,35.03861966999324],[126.59119070512433,35.03874690472731],[126.59099442503054,35.039077564491556],[126.5908196766329,35.03926840504477],[126.59054790588735,35.03945222872867],[126.59015423863451,35.039575670949056],[126.58982760445637,35.03971098490655],[126.58966186846551,35.039854397506836],[126.58962413137411,35.03988570001107],[126.58958456902026,35.03994221647616],[126.58941708752016,35.040173370601835],[126.58940747664246,35.04018416335097],[126.5894019879007,35.040190319057615],[126.58912416003074,35.04061437751181],[126.58911930693071,35.04062270765216],[126.58904583123484,35.04072140069112],[126.58881100842798,35.04103802674181],[126.58871856799624,35.04134017403393],[126.58882238281923,35.04160083195486],[126.58901159140949,35.041757834773264],[126.58901788829846,35.04176318323529],[126.5890409367587,35.04178278511008],[126.58936081656591,35.041794084282316],[126.58959170525266,35.04155820605801],[126.58981900954689,35.041424890434115],[126.58981901216869,35.04142436765193],[126.5899751338557,35.04137607927296],[126.59017718887108,35.04136685825907],[126.59035434318356,35.04142771472156],[126.59052034687777,35.04155740638236],[126.59071849227416,35.04176010892277],[126.59074699949336,35.04179277168677],[126.59098185423696,35.04207576533319],[126.5910598651759,35.04217454825675],[126.59108239101032,35.0422023503879],[126.59112159594979,35.042252418520526],[126.59114838256531,35.04226539859827],[126.59136059751991,35.04236842075799],[126.59141188127118,35.04241393266062],[126.59154805700551,35.042534634665294],[126.59162404860051,35.04268028131811],[126.59165197290677,35.042860558242374],[126.5916539929312,35.042894997159635],[126.59165520368653,35.042915912887516],[126.5916475859232,35.04294896721077],[126.59163739161312,35.04299318974211],[126.59162502922044,35.043120420548725],[126.59164648062485,35.04321423482164],[126.59162074301496,35.043232535717856],[126.59170985424952,35.04358238548283],[126.59139820481614,35.04376935719593],[126.59137323715534,35.04376512654875],[126.59108786371495,35.043716299398525],[126.59091464802472,35.0433840477335],[126.5909139682117,35.043388489156314],[126.59089908801249,35.04336151508013],[126.59089430922403,35.04308988198272],[126.59089358003222,35.04301217295113],[126.59088315063669,35.0426826441533],[126.59087583491885,35.04266402426645],[126.59075008026097,35.04244088073603],[126.59068330216205,35.042388303496196],[126.5904278101842,35.04219068867638],[126.59014250968869,35.042128510360605],[126.58992914777362,35.04229839711364],[126.58987008277236,35.04267921225969],[126.58986915120073,35.04267920910001],[126.58991579477701,35.04289810122588],[126.58992353578316,35.04293459665325],[126.58992929548312,35.04296186441028],[126.58993281976367,35.042967194407915],[126.58993311350645,35.04296762805861],[126.58999022746698,35.04309184937578],[126.59015042175109,35.04342998919794],[126.59019695918799,35.04353249676621],[126.59026977801129,35.0436723467308],[126.59041256822834,35.04395394776712],[126.59042948437512,35.043981433560056],[126.59044462620297,35.04401086929956],[126.59048851718731,35.04402260047721],[126.59072634268745,35.04407879449159],[126.59076181166378,35.04408709892284],[126.59093553629344,35.04412932976686],[126.59123463281726,35.04430538606478],[126.59128610342523,35.04433566559822],[126.59122134070604,35.04472808060645],[126.5912666775437,35.04482341785149],[126.5912903224879,35.04487307276757],[126.59133489994329,35.04496687510066],[126.59136754717224,35.04503548905858],[126.59161040523661,35.04545634491249],[126.5915184122472,35.04577088037935],[126.59150837662955,35.04580518841745],[126.5914947989167,35.045824521856545],[126.59147835131094,35.04584790173244],[126.59130084944164,35.04610013428028],[126.59121717603253,35.04621901164383],[126.59114042574917,35.04622461099954],[126.59096159730228,35.04623770688382],[126.59083638465705,35.04624683768054],[126.59076116695945,35.046208996275276],[126.5905426194102,35.04609928156747],[126.59053761160169,35.046092504384674],[126.59051387921015,35.04606033548286],[126.5903034891064,35.04580578086808],[126.59019785635438,35.04566752333328],[126.58980664654227,35.045443560073444],[126.58979887285517,35.04543976600283],[126.58948613652724,35.04535190335519],[126.58917782836734,35.0453579409487],[126.58874546023597,35.0455516703827],[126.58835343898723,35.045896982669845],[126.58831960945614,35.04593738376906],[126.58815073683094,35.04613255772242],[126.5880383382606,35.04627843902053],[126.5879725334914,35.04657189692163],[126.58795145501377,35.04665923928138],[126.58795006335103,35.04668745621576],[126.58792696181004,35.04704793170728],[126.58792947163442,35.047071880461665],[126.58794102588134,35.047175901070624],[126.5882659962783,35.04752559219471],[126.5885286150435,35.048014655321666],[126.5885546003177,35.04806302074393],[126.58857356258717,35.04818709476981],[126.5886532767175,35.04868648662998],[126.58874082075546,35.04878865645061],[126.58896849852025,35.04905412483768],[126.58900027621782,35.049090674957],[126.58912703723796,35.049112404983475],[126.58977992861658,35.04921616039484],[126.59018280421053,35.0492855164033],[126.59045035263178,35.049579374865786],[126.59051340254787,35.0496596474546],[126.59070770593529,35.049867357388585],[126.59072909351602,35.049893028488036],[126.59098822161604,35.050383155997785],[126.59108733966796,35.05058283661732],[126.59105699979962,35.05080857039173],[126.59103083425022,35.05099957074469],[126.59099981511876,35.05117478082298],[126.59090728474533,35.05124442251355],[126.59086100089334,35.05127858076734],[126.59062403891468,35.051455112704794],[126.59050213030861,35.05154485413551],[126.59035735356034,35.051573964436194],[126.58987719276583,35.051679130037535],[126.58976739004127,35.05171524467181],[126.5892874659044,35.05200864022618],[126.58915577434503,35.05208596233673],[126.5888787850969,35.05246346673856],[126.58882136214649,35.05253923827155],[126.58876159109774,35.05282248634833],[126.58872019685151,35.052921477353394],[126.58850644550503,35.05339119796427],[126.58845035973161,35.05349074277479],[126.5884256481432,35.05353960261391],[126.58816853597013,35.05406912453697],[126.58796532922442,35.05438543215421],[126.58769978203937,35.05480844637167],[126.58761225205048,35.05495021147912],[126.58767301620301,35.055344836609805],[126.58767479423595,35.05535308112006],[126.58768317671104,35.05542541694592],[126.58773667621797,35.055869592132545],[126.58802124075804,35.056434904668656],[126.5886166951248,35.05661264372516],[126.58874209033111,35.05661181745347],[126.5891590986179,35.05660690771284],[126.58947156762174,35.056789187911754],[126.5895391464124,35.056837279670134],[126.58968607268793,35.05692343480744],[126.58985881145124,35.057062578249216],[126.58987374579269,35.057101026915944],[126.59006769030456,35.05759765888069],[126.59003666659525,35.05782092908351],[126.59001031040181,35.058000904681634],[126.5900099511033,35.05800478833094],[126.59004227523823,35.058053373165464],[126.59029708430293,35.058449312684786],[126.5903978707573,35.05867856393663],[126.59061057038022,35.058890040714125],[126.59089357733991,35.05917027654634],[126.59100990955855,35.05927485851864],[126.59094872200464,35.059379452774245],[126.59087701598664,35.05950269661897],[126.59059956722358,35.05997938865433],[126.59000504463782,35.060324776432374],[126.58985787542012,35.06040809479387],[126.58936377565792,35.060704740935954],[126.58900955676384,35.0608389757292],[126.5890720625935,35.06148020906423],[126.58908265150998,35.06160899544445],[126.58904954426804,35.06203429817586],[126.58904077868696,35.062131534220775],[126.58909355770705,35.06261660965843],[126.58910487806736,35.062735132001045],[126.58925930555831,35.06315862930462],[126.58959883722781,35.063567179433555],[126.58970725148974,35.06369726224574],[126.59029225483029,35.06431333429149],[126.59033520093489,35.064360440721074],[126.59040152490137,35.064430565974504],[126.59073444708771,35.0647863518823],[126.59078424897525,35.06483932217762],[126.59083573525923,35.06493468012135],[126.59102780559776,35.06528484160248],[126.59108808499599,35.06539547118687],[126.59127561124332,35.06561783102942],[126.59130699466282,35.06565358594066],[126.59146748290085,35.0658373840056],[126.5915120281939,35.06586971310725],[126.59153039465488,35.06588216887523],[126.59192304114484,35.066168090539264],[126.59194979012709,35.06620336092986],[126.59234072737816,35.06670503406954],[126.59233514451874,35.066749515395834],[126.59226494801838,35.067243836943],[126.59221731859665,35.06764695380366],[126.592331819203,35.06778737532118],[126.59186613125972,35.06805807768243],[126.59167342363502,35.06811644791829],[126.59121796882377,35.06833506569776],[126.59119820355099,35.068343525719314],[126.59099514165547,35.068621665480016],[126.59086878247379,35.068822286180534],[126.59052526877414,35.069253072657794],[126.59047847380342,35.06932369791218],[126.59025095125463,35.06960765739729],[126.59021320659015,35.06971426846062],[126.59034144353727,35.07020679142916],[126.59034438094476,35.070244126686475],[126.59048567938879,35.07058527433702],[126.59086431638181,35.071161326482404],[126.59112901266444,35.07152704739743],[126.59130716992718,35.07152764991097],[126.59138871283434,35.071741313433535],[126.59139857327918,35.07175584963998],[126.59156469590627,35.0719839142143],[126.59159571420035,35.07203399940299],[126.59177648542777,35.072387158760534],[126.59182553759283,35.07246834760972],[126.59184504259292,35.07256703120148],[126.59189955679147,35.07286293323736],[126.59191528813228,35.072951094221565],[126.59197347034485,35.07330734557852],[126.59198052925868,35.07334503720978],[126.59202578639326,35.07362645911708],[126.59202607305308,35.07362833491178],[126.59202657327216,35.073631356153456],[126.59202706005173,35.07363487309737],[126.59203770665152,35.07369842781416],[126.59204557077683,35.07374833557404],[126.5920934416756,35.074015804207896],[126.59209728885654,35.07403361002054],[126.59216150598046,35.07442436759378],[126.59217193300749,35.07448802069989],[126.59220681352608,35.07459709467092],[126.59222353497611,35.0746495741283],[126.59222820947343,35.07466419191538],[126.59223913950268,35.074697380775184],[126.5923634377416,35.07507791215739],[126.59238346091608,35.07513672125113],[126.59249886038054,35.0756793138332],[126.5929241096697,35.07704549421079],[126.59291592412015,35.07737890625981],[126.59281219709482,35.078162468419116],[126.59280785514417,35.0782944216933],[126.59280350787746,35.078383452254414],[126.59274769045545,35.07874338393795],[126.59275874215305,35.07897002268803],[126.59280895545929,35.0796242175076],[126.59281095285493,35.07967004028056],[126.59281000427953,35.07967996103972],[126.59314648132528,35.08019716689997],[126.59379093965177,35.080878742460094],[126.59404877975228,35.081262758137825],[126.59411180213503,35.081349707505396],[126.59457134186972,35.08191381461445],[126.59490940602755,35.082356081884555],[126.59509416189798,35.0827489359713],[126.59545148320203,35.083521821180945],[126.59553810392751,35.08404755764913],[126.59556444978952,35.08419447700034],[126.59576980950557,35.085065064394826],[126.5958076869987,35.08520631664983],[126.59583954928088,35.085333316336694],[126.59582885827098,35.08596459140327],[126.59561630642165,35.08635524072875],[126.5954963367748,35.0869782089654],[126.59547244383147,35.087112917959814],[126.59548837508198,35.08766666604533],[126.59554171169907,35.08783296470733],[126.59568070134435,35.08825873520514],[126.59571987785162,35.0883792966041],[126.59578197616861,35.08849043436032],[126.5959933214595,35.08886757489151],[126.59615477189581,35.08943337357976],[126.59619281131748,35.08957123706075],[126.59636405966073,35.090067798877655],[126.59660976059112,35.090382255479966],[126.5966529878856,35.09046470267121],[126.5969032736596,35.09096154549211],[126.59697295670617,35.091100857276786],[126.5971318350067,35.09158344167818],[126.59727299928396,35.092322673167935],[126.59696697834855,35.093106914663885],[126.59693924976003,35.093179002799836],[126.59687793848103,35.09364693575691],[126.59680428981221,35.09419238918783],[126.59676080841221,35.09454278154701],[126.59680299888001,35.09466464148438],[126.59699299671907,35.09523146222576],[126.59685267502852,35.095562377709584],[126.59641061947625,35.09611032357455],[126.59632172939487,35.09617292325787],[126.5959420963224,35.096447433224334],[126.59582496080077,35.096484375626765],[126.5957344583889,35.09651141098857],[126.59512489615922,35.09669980849313],[126.59502168741425,35.09673247027199],[126.59493448572165,35.0967837805959],[126.59489401820997,35.09682334063939],[126.59489157398123,35.09682526134615],[126.59491712873556,35.09681392684242],[126.59503894911221,35.096765725061665],[126.5947235729072,35.09727283404899],[126.59476109878081,35.097532018564436],[126.59477650446742,35.09759672447729],[126.59478219981615,35.09761150778419],[126.59478635378427,35.09762528541678],[126.59480128874347,35.09764122640314],[126.59487342619046,35.0977482519039],[126.59489080694227,35.09778627528037],[126.59498424844696,35.09792093559561],[126.59504817701621,35.098020298990335],[126.59504815531572,35.09802246217121],[126.5950481055477,35.098251316203935],[126.59507051591298,35.098345519877554],[126.59506928797735,35.09837859551354],[126.59521117591768,35.09847730968775],[126.59532205956845,35.09858044466427],[126.59537893048378,35.09865679967174],[126.59541352524346,35.09869143743515],[126.59542498401991,35.09870292301991],[126.59554288107468,35.09874757428569],[126.59584982064574,35.09888786078654],[126.59585969513522,35.098887082595176],[126.5959236584067,35.09888233906715],[126.59598801644131,35.09893077680407],[126.59603871640832,35.09896889339063],[126.59627220139603,35.09905971920399],[126.59634521362683,35.09908808543907],[126.59638822564395,35.09910625623744],[126.5964886970613,35.09914859498482],[126.59651466265223,35.099154089830755],[126.59663156313682,35.09917872661772],[126.59669736162658,35.09917993775584],[126.59676008973902,35.09918104847571],[126.59682833976417,35.09917442593109],[126.59709716909661,35.09914855240903],[126.5972549892397,35.09910428120187],[126.59731215604327,35.09909888333804],[126.59732131812086,35.09909801251776],[126.59743230536776,35.09908747595775],[126.59747840770474,35.099079517354205],[126.59750819416483,35.099075272048914],[126.59771953848389,35.099043608217826],[126.59772782334498,35.09904492474026],[126.59775317978219,35.09905608681995],[126.59790966859136,35.09911942317341],[126.59794982381368,35.09914096399529],[126.59807957720982,35.09920149808218],[126.59818507934673,35.09930262955996],[126.59821814223488,35.09933461144456],[126.59823199001642,35.09936440222731],[126.59835336668598,35.099486957483876],[126.59838900755729,35.09950992532206],[126.59839977617213,35.09951690155403],[126.59842130602954,35.09952120948596],[126.59849285274402,35.099535598547305],[126.59851481107586,35.09953084024945],[126.59855630974272,35.099522370193824],[126.59897008347288,35.09963753141671],[126.59902474496887,35.099655469540664],[126.59906459368119,35.09966137947047],[126.59918621692607,35.09971174514401],[126.59919798052913,35.099717129206596],[126.59923046986927,35.09973201921067],[126.59932744298966,35.099797085206006],[126.59936162316001,35.0998138465881],[126.59938389149796,35.09981743571364],[126.59944449711564,35.099826533032534],[126.59946958627864,35.09982744545458],[126.59948088827937,35.09982856454772],[126.59974353691382,35.099862325402015],[126.59982186804095,35.09986208011385],[126.59998865326091,35.09985936049861],[126.60000268365513,35.09984980751248],[126.60001144878004,35.09984490611564],[126.60003262982337,35.099853286734216],[126.60007616527585,35.09985889306219],[126.60027966785424,35.0998722215312],[126.6003062371145,35.09987996193873],[126.60033004096015,35.09986563702118],[126.6004807733035,35.09981066612239],[126.60053397415442,35.09978428809518],[126.60053837184715,35.099782103327435],[126.60069428537729,35.09968355973332],[126.60074882337273,35.099643882020615],[126.60089873507837,35.099534556139645],[126.60094542520946,35.099502820397205],[126.60097762251814,35.09948327718324],[126.60108736321042,35.09940916955841],[126.60108103467152,35.099400261296125],[126.60114171474208,35.09936941894183],[126.6013413584869,35.099278914736495],[126.60152056883278,35.09918180798024],[126.60152992907045,35.09918976176802],[126.60153142514817,35.099188838305714],[126.60164320837879,35.09914097537345],[126.60164380201734,35.09914068889688],[126.601680660179,35.099121142834115],[126.60179341389167,35.09907888939458],[126.60190363009085,35.09904643423934],[126.60193521556475,35.099037569818094],[126.60202260081181,35.099017937732135],[126.6023046855517,35.09901049299004],[126.60232360144992,35.099004326884625],[126.60257681277719,35.09898259011494],[126.6027420198429,35.09894771015211],[126.60280603693495,35.098934093827864],[126.6029556972816,35.098904904098475],[126.60298195025811,35.09890099736393],[126.60326455043378,35.09888669276256],[126.60339447260552,35.09888840826136],[126.60361954905561,35.098905659741355],[126.60364298448454,35.09891055888],[126.60370455998256,35.09895477407623],[126.60397657887414,35.09910047785361],[126.60419477883075,35.099221875421954],[126.60426350749523,35.099231781124296],[126.60434988538339,35.0992185256602],[126.6044570943691,35.09928137671407],[126.60448647530639,35.09929059462221],[126.60456438316328,35.099291579740104],[126.60457543442342,35.09928107004737],[126.60474238722135,35.099218575529996],[126.60476387452472,35.09902113171268],[126.60472860337042,35.09884225942068],[126.60473732137243,35.09873379173047],[126.60477912887205,35.09865454608244],[126.60487264250287,35.09859440702108],[126.60498895262994,35.09853745209972],[126.6051151866564,35.09842185122725],[126.60523408149194,35.09823405466342],[126.60524300015827,35.0982041137166],[126.60524993789281,35.098116632740904],[126.6053344263697,35.09793591646673],[126.60533173167778,35.097742485662025],[126.60524849328736,35.09744034955991],[126.60533389818005,35.09714255910347],[126.60535956855611,35.097000445001285],[126.60540758854182,35.096876737471085],[126.60540797972023,35.09675727299266],[126.60534205477627,35.09672361734932],[126.6052690836183,35.096693345776174],[126.60535723039844,35.096590392382836],[126.6054530831159,35.09648593178179],[126.60557609823205,35.096434226027846],[126.60554382887234,35.09629216607237],[126.60551087021497,35.09621785881071],[126.60549519775994,35.096102271781824],[126.60549180145108,35.0960765990768],[126.60548917111032,35.09595372660231],[126.60535489662922,35.095800679438014],[126.60537957700011,35.095788366400214],[126.60529463583325,35.095716223793595],[126.60534132494237,35.09563400134927],[126.60547165277505,35.09553486316036],[126.6055549848174,35.09543165051009],[126.60563083922106,35.09535979862496],[126.60569721951691,35.09531262195356],[126.60589293007872,35.0950115404249],[126.6059279451518,35.09495292224365],[126.60592043811968,35.09492684855446],[126.60609748227323,35.09475738496889],[126.60620480309885,35.09471430744854],[126.60674253319412,35.094494766822315],[126.60676885314841,35.09446752335408],[126.60685238278832,35.09437281022108],[126.60694434225589,35.0943471233057],[126.60755251614533,35.094198735965556],[126.60762212818744,35.094176941913254],[126.60769529937434,35.09416759809999],[126.60846745989218,35.09370521906958],[126.60858949283396,35.09366953315562],[126.60868417008388,35.09363025224313],[126.60942682742409,35.09333356706002],[126.61033826562685,35.093232268094226],[126.61035482760306,35.093229473220205],[126.61042402266723,35.09322348600687],[126.61057967318646,35.09321172934029],[126.61097607695818,35.092851895709934],[126.61100827203774,35.09282716698378],[126.61101713412253,35.09282463566201],[126.61202625976502,35.09199096127016],[126.6120399285176,35.091990004655905],[126.61216165455978,35.09195342179383],[126.61270980101393,35.09145898296676],[126.61283023269982,35.0913528826007],[126.61400319023919,35.090945950238876],[126.6144683644471,35.090882222295036],[126.61488802947252,35.090632199158904],[126.61522296897657,35.09073063998113],[126.61567646684908,35.090840543773986],[126.61659536068105,35.0907600607199],[126.6170293490345,35.09071857763656],[126.61711299550427,35.09073120036959],[126.61751284481656,35.090696863284975],[126.61762864650028,35.090687990930114],[126.61796805265665,35.09054281036624],[126.61811109685598,35.09042322880817],[126.61852316724563,35.09009419205795],[126.61880487983728,35.08938939922291],[126.61891846758436,35.08883961377445],[126.61892524353773,35.08883279384053],[126.61940865432771,35.08839878146311],[126.61965665705662,35.08804659966286],[126.62002301250217,35.08793468607753],[126.62040017337533,35.087934880200066],[126.620877550552,35.08781020705476],[126.62126795371134,35.087771077719125],[126.62221744439766,35.08741620224551],[126.62283234427544,35.08706953214776],[126.62294115446767,35.08700144066658],[126.62319703214847,35.08691789888495],[126.6233108915726,35.08702446100041],[126.62392614362521,35.08738990459309],[126.62440852550256,35.08773669757264],[126.62493669723999,35.08833341518811],[126.62504784625038,35.08838161331614],[126.62567421570431,35.0886223165192],[126.62596594113705,35.08878816863324],[126.62602163919989,35.08881654456556],[126.62642168162743,35.089273851502995],[126.62652804452532,35.089654301110876],[126.62668874600227,35.09024331250638],[126.62676804292401,35.09036798098135],[126.62741938148329,35.0913916357233],[126.62779685403846,35.09191129642243],[126.62781727415371,35.09194242914069],[126.62860634043899,35.09156964041943],[126.62885881857373,35.0915747879725],[126.62959018550511,35.091595177126436],[126.62985758758647,35.091704619415765],[126.6303005317743,35.09215503233829],[126.63041273676738,35.092192259252116],[126.63091321527911,35.09240062405304],[126.63172460127403,35.092834246976444],[126.63186025685184,35.092909824710176],[126.63221030189962,35.093084456478394],[126.63223210346071,35.09309663710582],[126.63233221708211,35.09318682526694],[126.63282612805128,35.093899354641984],[126.6329228149042,35.093925229036586],[126.6332982645724,35.09402442812513],[126.63335150747216,35.09404897147561],[126.63368591562225,35.094332498609084],[126.6344259896001,35.09472841770235],[126.63502218327041,35.094521646503665],[126.63575338239808,35.094192839123984],[126.63618119322679,35.094097493914205],[126.63663897399823,35.09447030341812],[126.6373460705373,35.09505727446452],[126.63766448302314,35.09531654115446],[126.63773378692412,35.09535269518054],[126.63849755904695,35.095782686771905],[126.63894543157973,35.095952967895116],[126.63912966690152,35.096039589133206],[126.6395422333322,35.09645943859671],[126.63992544396011,35.09669315894123],[126.63997475608676,35.096699696569765],[126.64010190262506,35.096571785298146],[126.64011252074002,35.09658128119187],[126.64015283591,35.09650416398771],[126.64018395316236,35.09643370744031],[126.64028339744276,35.096454752909786],[126.64032358291236,35.0964492931856],[126.64045764839611,35.0964085543999],[126.64064377058085,35.096368673422596],[126.64082791130497,35.09634786800621],[126.64110873240517,35.096330702686295],[126.64115074991207,35.09633756067608],[126.64129203354328,35.09641100836416],[126.64129457811669,35.096463339729034],[126.6413021219123,35.09664577887752],[126.64135053100293,35.09672553053824],[126.64139206667016,35.09672978209059],[126.64152708386824,35.09672452238297],[126.64165829650989,35.096786438428424],[126.64173532732585,35.09679942116407],[126.64192415522957,35.09678281028934],[126.6419700157909,35.09677870085452],[126.64209534162882,35.096792637741316],[126.6423316050064,35.0968304195044],[126.64240966118757,35.09687972955808],[126.64245136067858,35.09690168389515],[126.64258099202809,35.096954274224856],[126.64290675468952,35.09693038742216],[126.64295687446293,35.09691786251439],[126.643055038312,35.096883441396415],[126.64310440330354,35.09688048661414],[126.64337601999823,35.09689191596568],[126.64340798086921,35.09689883361383],[126.64351367637535,35.09691518980728],[126.64362748554174,35.0968717647743],[126.64374763969712,35.096897258125296],[126.64379575875209,35.09691089337956],[126.64399569166818,35.09689783633927],[126.64411622403689,35.096929685011325],[126.64416101322894,35.0969298169852],[126.6442071838957,35.09697027073783],[126.64437509172423,35.09710842060859],[126.64456692956662,35.09722916335136],[126.64472047313569,35.09721836619556],[126.64477085814023,35.09733128325207],[126.64490073016037,35.09749033115328],[126.64506874893391,35.0975606442165],[126.64520546083432,35.09751902463414],[126.645497397784,35.09749361636959],[126.64554764431217,35.09750238984326],[126.6457090307287,35.09758229102655],[126.64595419633609,35.09772279253346],[126.64615317428826,35.0978822309493],[126.64624740336833,35.09795341679835],[126.6462310261854,35.09796170638225],[126.64626104213221,35.09799239539309],[126.64631042112228,35.09804198849183],[126.64673232550352,35.098471575504405],[126.6467413876917,35.09846831205828],[126.64716034003638,35.099026116033585],[126.64770201259202,35.0995256793565],[126.64754817355733,35.10034761982928],[126.64730415020689,35.10061265452392],[126.64693056662577,35.10090501770572],[126.6468347105956,35.10103135104644],[126.64711736445749,35.10261437429367],[126.64685165391457,35.103334277367395],[126.6470182071064,35.10353856108041],[126.64706851237788,35.10381851627362],[126.64723721615793,35.1039063146249],[126.64776962602743,35.10423946886357],[126.64784673350371,35.104312748707216],[126.6478998094029,35.10436328931324],[126.64828637493135,35.10473602714963],[126.64836340334759,35.10485075080606],[126.64868755493067,35.105253591159084],[126.64972285967946,35.10517681071458],[126.65020933832263,35.10535990735933],[126.650352143462,35.10566981974449],[126.65102750187988,35.10624486491937],[126.6518623304153,35.10671944132224],[126.651912276432,35.1066998906795],[126.65210621956805,35.10671038257114],[126.65300477930462,35.10697263994275],[126.653928039789,35.1073888139806],[126.65402862338466,35.10752273732563],[126.65458485368606,35.108239006267084],[126.65443755879785,35.108577296440195],[126.6541903256679,35.10915369990414],[126.65421760976443,35.109188786716814],[126.6542678821841,35.109232168732824],[126.65479000319294,35.109733113101626],[126.65490090412531,35.10986389240912],[126.65506702174878,35.11004936141325],[126.65523393206352,35.110252471986385],[126.65560479753327,35.110767717956],[126.6553135002312,35.112330648849394],[126.65455296966222,35.11427536702884],[126.65505620027365,35.11473521717383],[126.65519461925084,35.11485319437895],[126.65519837275885,35.114855332297516],[126.65519781103157,35.11485587150643],[126.65522752808181,35.115447047121826],[126.65527228915678,35.115684483735855],[126.65534024706093,35.11602930189262],[126.65539575444416,35.11631973274376],[126.6554028055028,35.11635664533364],[126.65538487142807,35.11698937241403],[126.65515359868125,35.11744474353861],[126.6549604116363,35.117814450110565],[126.65427972369288,35.11818769168857],[126.65369199312477,35.11846457988071],[126.65311209321173,35.11859150228396],[126.65271594120183,35.11867950733526],[126.65221853082929,35.11928001807953],[126.65220529607788,35.11928884928173],[126.65192932310805,35.11965042548359],[126.65165833050979,35.120411856201244],[126.65172203002288,35.12050798915241],[126.65172321810522,35.12050978627498],[126.6520074716223,35.12093832563574],[126.65250026811539,35.12166448802808],[126.65261728634816,35.12196128920813],[126.65246078896439,35.12232221868676],[126.65233057688476,35.122708587742615],[126.65223896212784,35.123369124491305],[126.65198296507137,35.123828077249485],[126.65184092213009,35.12449424585237],[126.65172313864143,35.12465868257913],[126.65194463338145,35.12509690156808],[126.65217241374673,35.12554612573905],[126.65269400652495,35.1259991515642],[126.65312793741413,35.12654698000367],[126.65303910615627,35.12683769963862],[126.6530886505945,35.12695910110732],[126.6532973749395,35.12778204149373],[126.65326414359302,35.1282588250168],[126.65334045164806,35.12865535115858],[126.65350016340355,35.129072964965665],[126.65360821113873,35.129343690012966],[126.65364178721882,35.130117111198935],[126.65366929113071,35.13050209485994],[126.65392644983584,35.130901122231585],[126.65407360646878,35.131088718981076],[126.65424354943657,35.13119680038043],[126.65407894654847,35.13144603053796],[126.65379007269449,35.13188968640999],[126.6535678117223,35.13211269234083],[126.65383731120811,35.13255470467898],[126.65412310581154,35.13295564338541],[126.6545421671786,35.13350455936301],[126.6545679730747,35.13372715010363],[126.65459977989629,35.133988777549725],[126.65456016915182,35.13427371688795],[126.65464502242239,35.13468125378909],[126.65464856605662,35.13558191312319],[126.65464868012064,35.13559641620614],[126.65467568644308,35.13581817202671],[126.65469972714652,35.13609245015051],[126.65475002594538,35.13627849790769],[126.65482262838407,35.13654305409532],[126.65488598849727,35.13680336547513],[126.65492930389007,35.136938971540246],[126.6549471022953,35.13698535191663],[126.65495127075756,35.13701409893475],[126.65492712133549,35.137088950269394],[126.65465181786463,35.137120701663605],[126.65417644790084,35.137352421150716],[126.65391495617632,35.13800684626506],[126.65374065603366,35.13899783323844],[126.65347613954395,35.13923410251818],[126.65326264669604,35.13948291138423],[126.65315235353482,35.140020016303836],[126.65309987928434,35.140223940475984],[126.65307052912227,35.14035215447616],[126.65302114081386,35.14055538441811],[126.65301355883179,35.14060423389255],[126.65290666708073,35.14078278168902],[126.6528267326818,35.14091311252627],[126.65285473002197,35.14118219234117],[126.65286713195462,35.141330941958984],[126.65291621354932,35.141802327567085],[126.65291135526311,35.14225735171633],[126.65291457717147,35.14230468191603],[126.65290636677268,35.14298489894341],[126.65300182543676,35.14315699797914],[126.65310081254842,35.14338445002744],[126.65310369963363,35.143391921511885],[126.65331577753459,35.14395995835128],[126.65282089861475,35.143969946871266],[126.65239375408291,35.143978433935935],[126.65199592356886,35.14398854533401],[126.65170236524165,35.14399291733701],[126.65126414650904,35.14414530516965],[126.65109742442807,35.14419960741187],[126.65089119329197,35.14427027183878],[126.65052626242986,35.1443666787522],[126.65041437011747,35.144347759839725],[126.64937103433283,35.144148554321696],[126.64862511689753,35.144005260562636],[126.64790062193605,35.1439838512757],[126.6476731106617,35.1440191061798],[126.64756382018649,35.14403568742289],[126.64739590070461,35.14416073709766],[126.64737373969848,35.144177230165575],[126.64730666203637,35.14422717630931],[126.64694208199909,35.14459355498858],[126.64607960563796,35.14546744815138],[126.64568187602163,35.1459266729677],[126.64528922254452,35.14628014690816],[126.64512120843374,35.146432603142756],[126.64504838651172,35.146462809574906],[126.6450290727918,35.146487954526656],[126.64499854838304,35.14652716361944],[126.6449911298869,35.14653728198933],[126.64497733301815,35.146555547830104],[126.64471949776927,35.14658210906649],[126.644702568036,35.14661164154483],[126.64470982235677,35.146679399366946],[126.64500566304044,35.14670252420281],[126.64554492634846,35.146664819249494],[126.6463173049338,35.14679904277585],[126.64677541622301,35.146887986598],[126.6473105750389,35.1469264529139],[126.6479220381809,35.14696175942185],[126.64863487192622,35.147069736435554],[126.64887109789328,35.14712254000371],[126.6491054373475,35.147175184397376],[126.64957590028148,35.14742456685869],[126.6496330274683,35.14745585634091],[126.64964226811564,35.14746081355278],[126.6496703490609,35.14747131467749],[126.64992867449344,35.147568400576525],[126.65005946338344,35.147616524400206],[126.65015224734258,35.14765242377285],[126.65020608732186,35.147692861174164],[126.65035254333002,35.14780581012997],[126.6504410661321,35.147875776987455],[126.6505516505749,35.147957642389976],[126.65063867504402,35.14805718707709],[126.65073613245465,35.14816267475138],[126.65088327458396,35.14831815976121],[126.65089610375202,35.14836410263604],[126.6509219479915,35.14845615116137],[126.65096988270813,35.14863275612963],[126.65093278829893,35.14880728542493],[126.6511018950079,35.148959309407225],[126.6508640362043,35.14944690085536],[126.65085330753864,35.14946897993203],[126.65069695737677,35.149898922096284],[126.65066691152163,35.150108263776765],[126.6512843522805,35.15067803508953],[126.65128820408162,35.150680642107],[126.65128888255201,35.15068109474242],[126.65219824154626,35.15129429330818],[126.6523768151084,35.151438744376144],[126.65238464732595,35.15145242238583],[126.65255197141282,35.15174374276487],[126.65331652893391,35.15251983143693],[126.65347589331233,35.152748718192946],[126.6535047304431,35.1527806366641],[126.65350658268096,35.15278895242556],[126.65350961195546,35.1528017783144],[126.6535565718661,35.15301076484673],[126.65294469950481,35.15350038636224],[126.6526459782944,35.15366247283055],[126.65229156922277,35.153852988912114],[126.65198570289546,35.15404026388844],[126.6517597603851,35.154184954659144],[126.65143995118999,35.15478540254858],[126.65141717949889,35.154818434314734],[126.65142023383922,35.15482534747236],[126.65153332481215,35.15508551503745],[126.65172928306161,35.15553675531245],[126.65224770471444,35.156092571078034],[126.65303665436109,35.15642566425504],[126.65316150349587,35.15662742960659],[126.65338989322741,35.15699664744407],[126.65349584868775,35.15716398071721],[126.65368357785597,35.15745844952379],[126.65450599589461,35.158234416776104],[126.65462519082492,35.15835278061324],[126.65464801401433,35.15839030599252],[126.65488694683629,35.15858210258298],[126.65492763762799,35.15860940363512],[126.65508428146612,35.158714912712135],[126.65529515276475,35.15885212371849],[126.65533550779216,35.15887843219053],[126.65535912243337,35.159053135954814],[126.65531682632384,35.15923891830557],[126.65520590200047,35.1597195610181],[126.65467701067158,35.159962962971406],[126.65460914463581,35.159992341971815],[126.654342436997,35.16012170592217],[126.65413612210928,35.160324621183],[126.6538630552662,35.16086225864065],[126.65366237990258,35.161271228452826],[126.65415795856184,35.16228850544604],[126.65415530931152,35.16242890986986],[126.65415018022115,35.16274732343626],[126.65414577168187,35.163017571010386],[126.65407989703849,35.16334467967013],[126.65399691346666,35.16382329185845],[126.65397457815645,35.16419727817706],[126.65413309191433,35.16442800902233],[126.65422260360921,35.16455177727518],[126.65459557510465,35.16488789458431],[126.65471476199548,35.16496906859902],[126.65473184596779,35.164986017759325],[126.65489144058276,35.165164634758185],[126.65505437400275,35.16527821983527],[126.65506021808203,35.165282292608126],[126.65523189582011,35.16540206766331],[126.6554569171936,35.16552228324886],[126.65550262404682,35.16554269408775],[126.65552140868427,35.165562460196824],[126.6558097875157,35.16586664080218],[126.65674764714633,35.16638069227589],[126.65707817717467,35.166615982583934],[126.65745181388118,35.16667661406864],[126.65838178638855,35.166825584705066],[126.6586707390342,35.16675330325534],[126.65959904909843,35.16639792877202],[126.6596086451629,35.16639992078504],[126.6596513169087,35.16640891944798],[126.66068819186829,35.16662858720826],[126.66119689354224,35.16658466105694],[126.66185042858885,35.16652241781815],[126.66201411630317,35.16650499377206],[126.66244503162908,35.16644126715079],[126.66264809457445,35.166399309563296],[126.6626358704157,35.16657841825958],[126.66263422406693,35.166602209237794],[126.66262184712392,35.16690018724303],[126.66264951543909,35.16700955303148],[126.6626893840058,35.16715471840251],[126.66288835624385,35.16748047180963],[126.6633179778364,35.167733057446924],[126.66348399383666,35.16785647349348],[126.66364043016402,35.167979294752755],[126.66375205766614,35.168068190386506],[126.66428391277196,35.16844007143806],[126.66435638735979,35.16845985037602],[126.66445625944509,35.16848772747294],[126.66452122867379,35.16849621859127],[126.66469743512536,35.168523613710036],[126.66470085693224,35.16852432627202],[126.66501117637068,35.16859461920254],[126.66526940954316,35.168692086667235],[126.66540454649635,35.1687396380996],[126.66554222493522,35.16879114433014],[126.66587873866656,35.16887165683564],[126.66603056722158,35.16890432748492],[126.6660842604836,35.168902925805384],[126.66616235887399,35.168930038172995],[126.66616390137943,35.168928636339544],[126.66621603421207,35.16893300792109],[126.66633828261135,35.1689410886935],[126.66637531791343,35.16894386812855],[126.66654181159979,35.16895517169076],[126.66678246044891,35.16899428816222],[126.66695124395481,35.16894771294512],[126.66718884956023,35.16893118903407],[126.6671914267925,35.16893175497997],[126.667474536215,35.16898648138102],[126.66747866002109,35.16898733100184],[126.66830663492642,35.169260582662794],[126.6685617753409,35.169318465452676],[126.66890719926077,35.16948728103037],[126.66933997642465,35.16947847219117],[126.66933714225497,35.16949789747598],[126.6694862480646,35.169525914394505],[126.66962988965096,35.1695479943106],[126.66985305496998,35.1695412863717],[126.67003934705143,35.169535035998265],[126.67010028759529,35.169519564301076],[126.67018556336356,35.169512334336346],[126.67017362629797,35.169497375380736],[126.67017773047132,35.16949766602052],[126.67042927302421,35.16951750718743],[126.670560405277,35.169660530697946],[126.67080457533538,35.169931745806004],[126.67107223844768,35.170289634964355],[126.67143623019925,35.17083157971031],[126.67146846522982,35.17100390599473],[126.67144519473251,35.17132973377719],[126.67154399674835,35.17149900549435],[126.67160600483294,35.171814790113665],[126.67160701509397,35.171820137853736],[126.67172903922003,35.1719284964864],[126.67179849141233,35.171974879534375],[126.67193992718825,35.172076945286015],[126.67196660113048,35.17209617146154],[126.67200612073101,35.172250914070425],[126.67200882240687,35.17226148520691],[126.67206443305389,35.17229417505048],[126.67206682039885,35.17229558764294],[126.67205215643808,35.17231695477094],[126.6720668341804,35.172335724673374],[126.67208019842498,35.17238350537073],[126.67201509937026,35.1725341598139],[126.67202124301673,35.1726248790893],[126.67206542215996,35.17264232310556],[126.67211881968807,35.172714855465244],[126.67208858244177,35.17272716678896],[126.67206148786313,35.17276863621755],[126.67205930743518,35.17288467873766],[126.67211645185367,35.17308975536729],[126.67183627113813,35.17336586920022],[126.67156575406179,35.17371131325458],[126.67145932734192,35.17402930706176],[126.67131563695314,35.17440016236097],[126.67089665419736,35.17481321580721],[126.67054727034188,35.17501914812932],[126.67030394955583,35.17504397335813],[126.67013561501605,35.17506111641118],[126.67012772789552,35.17505968874001],[126.66964986120408,35.1749758535715],[126.66947108640781,35.17494451971781],[126.66946183229064,35.174941817358366],[126.6693823365834,35.17491920101577],[126.6690602498311,35.17486888787654],[126.66881051385307,35.17482468539618],[126.66846704489903,35.174887115515695],[126.66830632651394,35.17518200892653],[126.66821525263214,35.175346957265866],[126.66816910550597,35.17543231403841],[126.66811543564306,35.17551300815787],[126.66794120669911,35.1757554685931],[126.66769269804625,35.17599871562622],[126.66732988966817,35.176340650847244],[126.66710957142008,35.17669311843866],[126.66718591245503,35.176775991587355],[126.66713857185125,35.17677431063818],[126.66708136579729,35.176712753038245],[126.66673649468196,35.176946294949516],[126.66659095197194,35.17709038757129],[126.66634507258314,35.17761389463514],[126.66598319209497,35.177935268554094],[126.66634326023915,35.178095686228346],[126.66682938186428,35.17780282155587],[126.66735212012863,35.177446123403556],[126.66748181651319,35.17769505431072],[126.66750490361801,35.177877505377175],[126.66754965707567,35.17821943726349],[126.66754888258559,35.17828266456607],[126.66745927905012,35.17842508263596],[126.66738658727427,35.17853924500349],[126.66734002892755,35.17872445139999],[126.66724583535333,35.17877306256164],[126.66723382549453,35.17889908268338],[126.66679769892828,35.17862803365956],[126.66635360103557,35.17858539817997],[126.66597516112535,35.178636890223544],[126.66555682018584,35.17871388670967],[126.66508539940949,35.17884947509779],[126.66506872657887,35.179275170581505],[126.66469751277114,35.179402301607674],[126.66409877561316,35.17963005529202],[126.66392255610823,35.17972490879203],[126.66344900026635,35.17996314810677],[126.66315131793334,35.180102449381586],[126.66310001798276,35.180147093980075],[126.66302478755313,35.18021237561656],[126.66302117856405,35.18021433046783],[126.66258106113521,35.18044900030457],[126.6625886019624,35.18065830486138],[126.6624922966174,35.180923508768934],[126.66249314472948,35.18092548508904],[126.66265888955527,35.18128972283677],[126.66278634851496,35.181536119550614],[126.6630823698393,35.181632155916994],[126.6632662335583,35.18176307603826],[126.66340011367791,35.18190963896237],[126.66368306960035,35.18221871547996],[126.66367739761063,35.18222307119005],[126.66317438667353,35.182608543051565],[126.6629482762665,35.182821692517585],[126.66280035493912,35.183040134740445],[126.6627150977741,35.18316369614297],[126.66237055426306,35.183514959896485],[126.66210081575346,35.18373982026484],[126.66187696925034,35.183898199268754],[126.66182003157256,35.183977754609636],[126.66170647574435,35.18414178744764],[126.66168352724581,35.18437987649306],[126.661714178231,35.18451756180737],[126.66175494595358,35.18469625062961],[126.66175965698076,35.184717102938954],[126.66174521470285,35.18472622010331],[126.66123582767592,35.18523687163384],[126.66118651821364,35.185253353931756],[126.66109683429936,35.18528675819188],[126.66057471289801,35.18547710522241],[126.66028517157241,35.185593320693584],[126.66018880741633,35.185622487168],[126.65967004865404,35.18574552731631],[126.65951070380426,35.18578098718241],[126.65921197542261,35.18595886217867],[126.65852384310581,35.18605465780878],[126.65792021879909,35.18628532308389],[126.65771714124135,35.186480086393736],[126.65750689701629,35.18674693657535],[126.65736997973775,35.18724087213512],[126.65704106063215,35.18757978028303],[126.65673434639591,35.18769593835856],[126.65668041728878,35.18775282194656],[126.6563725607516,35.18801685942594],[126.65592323674375,35.18834738139819],[126.655402711143,35.18896191014692],[126.65545286791331,35.18927216992074],[126.65538624106078,35.18952928629869],[126.65531011910188,35.18959934658898],[126.65514392041992,35.18975224423804],[126.65513755815414,35.18975602971957],[126.65486460561533,35.18991889702753],[126.65473790605304,35.19010120080582],[126.6547524503988,35.19031404074853],[126.6547566785866,35.19040686424288],[126.65468974179822,35.19057595404181],[126.65453075072776,35.1908070359958],[126.65439769157199,35.190831856389025],[126.65420603875043,35.1908373641234],[126.65409208885983,35.19088689071883],[126.65395726226349,35.191043112483094],[126.6537805596506,35.19132273405632],[126.65382665815912,35.19165664299338],[126.6532896062176,35.19239926782261],[126.65325368768266,35.19244890071111],[126.65294297698082,35.19254144937005],[126.65274602352952,35.19263531626838],[126.6527301058808,35.192639678010444],[126.65265381534178,35.192660612868885],[126.65259010332166,35.19268774008631],[126.65252354357884,35.1927234759109],[126.65206655607341,35.192936416908324],[126.65196807558156,35.192982732248126],[126.65183894074563,35.19303882873806],[126.65175598474197,35.19307001009009],[126.65168870119322,35.193095134548855],[126.65131751195827,35.193235419770694],[126.65109800418747,35.19334409994488],[126.6510700250978,35.193408474076755],[126.65105844408005,35.19348962457538],[126.6510583648212,35.193490183179044],[126.65106137535507,35.193538314613015],[126.65107025633367,35.193687107032304],[126.65112892664773,35.19376814527278],[126.65115955898752,35.193812156332584],[126.6514234352324,35.19418814845221],[126.6514540468162,35.19423195206649],[126.6514806286714,35.19427576205577],[126.65153989467962,35.19436147077123],[126.65171638113262,35.19460966965303],[126.65173709734391,35.194633551973666],[126.65173926070815,35.194636054940986],[126.651711483548,35.19468663022523],[126.65157158052304,35.19494102687452],[126.65154661974535,35.19498516564982],[126.65153329486402,35.195009562567655],[126.65151942105693,35.19504161931519],[126.6515261773327,35.19505875534272],[126.65162042815177,35.19542858732577],[126.65185094231407,35.19562513281538],[126.65188841703981,35.1956613307592],[126.65189882237425,35.19574688022493],[126.65194695963609,35.19607525224135],[126.6519491231204,35.1961392718681],[126.65192516158842,35.19619105698462],[126.65175157818231,35.196479057783215],[126.6516946810604,35.196567838012534],[126.65163780631572,35.19665649209006],[126.65161592876778,35.196677998035895],[126.65154112758665,35.19674757293471],[126.65122029671791,35.1969091396954],[126.65116108236181,35.19693895612529],[126.65108172583302,35.19699011213831],[126.65100272993364,35.19704164770616],[126.65089584082577,35.19711164311221],[126.65084969876271,35.197155477052156],[126.65082438862015,35.197178451117686],[126.65054009767606,35.19757504782309],[126.65047925984146,35.197655370459266],[126.65045787831332,35.197683962182246],[126.65041357879845,35.197743493667545],[126.6501901241633,35.19806191209882],[126.65015804047462,35.19810737290174],[126.65012532333509,35.19814182646396],[126.65008982454728,35.19817709216891],[126.65004876492212,35.198218515925944],[126.65003890724333,35.19822801451558],[126.65003571211876,35.198230501963934],[126.65001384875278,35.19824596865751],[126.65000076358564,35.198255268596554],[126.64998142233429,35.19826898498484],[126.64992984634668,35.1983045464942],[126.64989429789355,35.19832836494462],[126.64987682067937,35.19834014884016],[126.64986226151647,35.198350039371256],[126.64985788932029,35.19835301913615],[126.64985703030827,35.19835360251509],[126.64985687615248,35.19835370121525],[126.64985671093845,35.198353817910245],[126.64985618231566,35.198354176912666],[126.64983922249976,35.19836565584814],[126.64979573009003,35.198395688496966],[126.64978811941037,35.19840102037375],[126.64978366980061,35.198404126099064],[126.64977338267141,35.19841134302292],[126.64977201695699,35.198412294480335],[126.64977157641147,35.19841259965759],[126.64977141119716,35.19841271635238],[126.64977090453486,35.19841307541818],[126.64976945070352,35.19841408971372],[126.64976682939141,35.19841592084096],[126.64976322773516,35.19841846118197],[126.6497548571741,35.19842430461539],[126.64974240029183,35.19843303850475],[126.64972806024238,35.19844303781694],[126.6497152281483,35.198452203258235],[126.64965776693985,35.19849269592859],[126.64959386855519,35.19853628851523],[126.64955777621601,35.19856141223199],[126.6495364637244,35.19857641174049],[126.64951847678665,35.198589239659796],[126.64950385130228,35.198599211075255],[126.64948541539195,35.198611749255136],[126.64947314722272,35.198619996939804],[126.6494558233812,35.198631835299906],[126.64943838922272,35.19864379051135],[126.6494228928255,35.19865455256702],[126.64940963735684,35.19866257203979],[126.64939098853219,35.19867355026349],[126.64937606111987,35.19868223186581],[126.6493296499147,35.198709155241055],[126.64925874321574,35.19875071727779],[126.64924897975175,35.19875616003442],[126.64922372754398,35.198770580183954],[126.64919682336333,35.19878612220169],[126.64918754245686,35.19879170155813],[126.64917827276322,35.1987972268659],[126.6491506172486,35.19881383928542],[126.64901340576232,35.19889664300002],[126.64898250694752,35.19891669808426],[126.64894342723163,35.19893933422913],[126.64891747908014,35.19895468968466],[126.64890803377553,35.19896018742011],[126.64889435338677,35.19896741241734],[126.64875470576446,35.19903448031677],[126.64861153903918,35.19909762597474],[126.64843751090767,35.19917207447942],[126.64832018759256,35.199223703852304],[126.64824711414542,35.199253171970234],[126.64819957845472,35.19927334958665],[126.64789446241767,35.19940041381356],[126.64784858558077,35.199417847039655],[126.64780934328823,35.19943479486961],[126.64776372788685,35.199457772082475],[126.64772449442849,35.19947520663545],[126.64768469397865,35.199491711136766],[126.64764545153871,35.199508676939615],[126.64733774567435,35.19964254633607],[126.64731752507936,35.19965375399054],[126.64728213760647,35.19968571125702],[126.6472605369608,35.19970621671914],[126.64725482966158,35.19971063463202],[126.64725069266657,35.19972010465443],[126.64723986091705,35.19974138972163],[126.6472206400443,35.19978030754726],[126.6471865895103,35.19984575356315],[126.647181266659,35.1998602586177],[126.64718082071921,35.19986433138062],[126.64717755404867,35.19987314596618],[126.64717003139866,35.19989353936408],[126.64715156601957,35.19993294611243],[126.6471427015443,35.19995383132113],[126.6471276983561,35.19997985424745],[126.64712329475708,35.199987493760126],[126.64701686512471,35.200187685924476],[126.64700238319647,35.200217559091016],[126.64702096179667,35.20025576728222],[126.64703906091574,35.2002956595772],[126.6471850765278,35.2005103809117],[126.64722473792813,35.20056651534319],[126.6472389568387,35.20058710753388],[126.64715427155556,35.200824696986615],[126.64711325916142,35.200938037951936],[126.64704601503777,35.201098893005],[126.64697354124553,35.20129315447413],[126.64695145257035,35.201337408810204],[126.64693365289092,35.201367560679905],[126.64690511541643,35.20141246312207],[126.64685431197927,35.201469107946046],[126.64682687852786,35.20149747397423],[126.64664323794143,35.20167733069589],[126.64660785489845,35.201713055373986],[126.6465795422406,35.201739021198584],[126.64654430393551,35.2017742775837],[126.64644018117285,35.20188760458919],[126.64640912881619,35.201912255395804],[126.64638453693556,35.20192852462828],[126.64635417079288,35.20194688606525],[126.64632633601933,35.20196141520053],[126.64629138136183,35.20197939361612],[126.64625825061076,35.20199713400853],[126.64592167582732,35.202158378931735],[126.64584472361786,35.20219766782862],[126.64580598472415,35.20221713121847],[126.64577205666782,35.202233832591986],[126.64575433402207,35.20224365023436],[126.64573114740062,35.2022574267428],[126.64572700772729,35.202259884260144],[126.64570421329631,35.20227185923158],[126.64570863270806,35.20228331925602],[126.6457112781,35.202301200637024],[126.64571227986904,35.20234344947528],[126.6457132611925,35.20238283198585],[126.64571141081461,35.2027341786289],[126.64571132351008,35.20278694292437],[126.64571292670102,35.20282474089721],[126.64571397622383,35.20285603856874],[126.64571479967911,35.20287118353042],[126.64571725398555,35.202892597608304],[126.64572436255176,35.20292450796289],[126.64574280583767,35.20301894163805],[126.64574987330334,35.20305776516146],[126.64575828628863,35.20308770540599],[126.64577015886049,35.203125100893885],[126.64582264688083,35.20336512912789],[126.64583037505736,35.203398510480625],[126.64583808874194,35.203430179240804],[126.64584184096952,35.203446080914006],[126.64584654171678,35.20346607746394],[126.64578480398242,35.20348373371603],[126.6457495512966,35.203494329104174],[126.64562178295903,35.20353445104234],[126.64560519987884,35.20353973825923],[126.64558453143619,35.20354508557621],[126.6455752234319,35.20353907331487],[126.64555007198554,35.2035374581073],[126.64543898832395,35.20353387775685],[126.6454119362512,35.20353245522849],[126.64538404885292,35.203531201492936],[126.64534509180032,35.20353506186212],[126.64532527267518,35.20353703160086],[126.64528962780385,35.203544371857866],[126.64526576552174,35.20355937211054],[126.64523656880941,35.20359642151283],[126.64520737821341,35.20364212380615],[126.64518791699622,35.20365768680798],[126.64518095192639,35.20366336279725],[126.64517378620037,35.20366972321555],[126.64515632762705,35.20367933423514],[126.64513881457468,35.203691360687685],[126.64510273944363,35.20371422072722],[126.64499803255899,35.20378427131031],[126.64493810061867,35.20384093349754],[126.6449134022865,35.203861258147555],[126.64488880174092,35.20388433217237],[126.64487255823644,35.20389481201607],[126.64485962298161,35.20389710840321],[126.64484525554079,35.203900455141394],[126.6448147170063,35.20390525048357],[126.64469261337413,35.20393045288625],[126.64468736199962,35.20393096019413],[126.64466677017361,35.20393884034937],[126.64465493204027,35.2039438800255],[126.64465052473132,35.20394473232845],[126.64463370250064,35.203951938564536],[126.64455924475101,35.203992829350305],[126.64453212127073,35.20400518792801],[126.64444083811263,35.204041432208186],[126.64442107553404,35.20405052256369],[126.64437790443911,35.20406369908247],[126.64435505638335,35.20407020249254],[126.64434875723023,35.20407174323889],[126.64432897052751,35.20408634070544],[126.64431338998902,35.204098372735956],[126.64422795440088,35.204160926233456],[126.64421384193568,35.204171232005486],[126.64420538206194,35.20417718294434],[126.64419216943357,35.20418763558299],[126.64418370744234,35.20419908469762],[126.6441752331253,35.20421084023141],[126.64416678404478,35.2042218477255],[126.644115863608,35.20430436853443],[126.6441054800238,35.20432329310827],[126.6441011633672,35.2043335286242],[126.64409219456196,35.204352871988704],[126.64408182172143,35.20437686213155],[126.64402886529442,35.20452802306427],[126.64402381302236,35.20454072608173],[126.64402168571407,35.204547533944954],[126.64401955089902,35.20455354860543],[126.6440193390565,35.20455678379626],[126.64401800378646,35.20455826706875],[126.64401629887618,35.20457143063631],[126.64401353679142,35.20459027854853],[126.64401340790336,35.20459463164769],[126.64400965176075,35.20461478357092],[126.64401093550028,35.20462756838262],[126.64401242919409,35.20464256210073],[126.64401369465062,35.2046595200696],[126.64401294240243,35.204675814103794],[126.6440110829904,35.20480945953279],[126.64400963203872,35.20482982556775],[126.64400802231211,35.20483630146173],[126.64400865845408,35.20484149506631],[126.64400414953184,35.20484296897114],[126.64398922207626,35.20485127133182],[126.64393545565395,35.204878928011986],[126.64391117440918,35.20489165537511],[126.6439024319612,35.20489941715371],[126.6438956328007,35.20490477808769],[126.64388026503433,35.204918324942085],[126.64387710856177,35.20493193489161],[126.64387795119393,35.20498021322829],[126.64387598866531,35.204981992089586],[126.64387168320121,35.20499467026447],[126.643844998118,35.20504470605196],[126.64384291190636,35.205047142526766],[126.64384201343358,35.20505169164784],[126.64383948614173,35.20505704716638],[126.64378226999503,35.205085000045926],[126.64374781240319,35.20511440818963],[126.64373405497156,35.20513385455435],[126.64372359394915,35.20514284608094],[126.64372326438384,35.20516040323842],[126.64372117798106,35.20525804840439],[126.64372048969355,35.20527727198345],[126.64371771865251,35.205285619232626],[126.64371274113302,35.20530128786925],[126.6437075770044,35.20531693792752],[126.6436718503898,35.20541782768493],[126.64367037358893,35.205424033564015],[126.64366782064238,35.20542772152116],[126.6436654912655,35.205448039887315],[126.64366280557573,35.205469474863925],[126.64365129322431,35.20561550321858],[126.64364859891522,35.205636397364025],[126.64364666910258,35.20565324674536],[126.64364451671511,35.20567577391954],[126.6436427632386,35.205692479607144],[126.64363455607412,35.20579600145008],[126.64363323818922,35.20581104094275],[126.64363152570817,35.205828413743525],[126.64362996349882,35.205844074439796],[126.64363107403379,35.205863790055744],[126.6436304084039,35.20595796022898],[126.64363117745116,35.205975412468945],[126.64363212062345,35.20599322575993],[126.64363138572621,35.20604810625978],[126.64362732164392,35.20606081217693],[126.64360039478647,35.206098255448104],[126.64357821622707,35.20610220087662],[126.64348066326828,35.20612761880136],[126.64345717659876,35.206134354498786],[126.64344173872536,35.206141285241614],[126.64343106534433,35.2061485815916],[126.64340938693583,35.20617868539121],[126.64338023375613,35.20623793448831],[126.64337731509201,35.206242369470594],[126.64336684495754,35.206245889795795],[126.64335329922571,35.20625206899553],[126.64323958999721,35.20628789450679],[126.64322464874517,35.206294258845695],[126.64321098469398,35.20629486739053],[126.64319357557535,35.206295536961754],[126.64296466577663,35.20627664343464],[126.64292861103888,35.20628446850003],[126.6428355620291,35.20633195505691],[126.64269999966307,35.2067021670034],[126.64265135956953,35.2069172090827],[126.64261365189166,35.20696369668914],[126.64244406863652,35.20712355165586],[126.64228889253575,35.20719871403625],[126.64211120284249,35.20726397578111],[126.64205463228413,35.20729197481029],[126.64183405768614,35.20737466698658],[126.64163777977949,35.20746867067577],[126.64162765262448,35.20746907322845],[126.64149396495371,35.2074824484103],[126.64147616209317,35.207482692933034],[126.64146113509008,35.20748352256339],[126.64144453959415,35.207483914885216],[126.64142796518402,35.20748201786136],[126.64141618482225,35.20748127077823],[126.64139908077911,35.20747994002055],[126.64138199022491,35.20747804145569],[126.64121942140731,35.20745874697876],[126.64119681257112,35.207458057796124],[126.6411723340382,35.2074579939853],[126.64115077742784,35.207457767608396],[126.64109505941155,35.207459233244776],[126.64107739192097,35.20745866690485],[126.64106230285047,35.20745863101358],[126.64099230200465,35.207461514268076],[126.64097611087632,35.207464837087585],[126.64095991974673,35.2074681599049],[126.64090439609994,35.207482794624],[126.64088108323965,35.207487340077265],[126.6407967449401,35.20750895546009],[126.64078611574348,35.207511132088854],[126.6407796595409,35.207510860484554],[126.64075401993765,35.20752252859052],[126.64064804664584,35.20755168674359],[126.64055476651168,35.2075713554588],[126.64051195292957,35.20758259376647],[126.64037926823372,35.20762236196856],[126.64033791634431,35.20763334318376],[126.64025395232653,35.207652210213375],[126.64017900563748,35.2076633795949],[126.64014748400797,35.20766660248575],[126.64009000166784,35.20766470039343],[126.64006647198741,35.20766362968846],[126.64003419428298,35.20766399304284],[126.64000011622791,35.207676591224605],[126.63995527439307,35.2077217227127],[126.6399186157282,35.20775905497577],[126.63988559460878,35.207783427792585],[126.63986814051711,35.20779664341565],[126.63983235796233,35.20782212563503],[126.63978003084321,35.207861258813665],[126.63969267134532,35.207927552881564],[126.63967559425352,35.20793994036902],[126.63965475051582,35.20795475923423],[126.63964004156053,35.20794823464689],[126.63957496370645,35.207920621400625],[126.6395405747036,35.20789435270442],[126.6395231476914,35.207881645794615],[126.63943589692967,35.20781450549835],[126.63941079658096,35.20779616027902],[126.63939396371104,35.20778321176484],[126.63938023529441,35.207773517357545],[126.63926168335946,35.20768472326851],[126.63923717406888,35.20766683946475],[126.63922299157694,35.207655539294656],[126.63918174284964,35.20770260109906],[126.6391686670217,35.207716595858734],[126.63916690219835,35.207718330166784],[126.63912619573715,35.20775949880454],[126.63908738532355,35.20779905068829],[126.63908580762892,35.20780068640761],[126.63906155074231,35.207824868902506],[126.63903805579807,35.20782833184612],[126.63902637705966,35.207829423569976],[126.63898307785121,35.20787820072892],[126.63896635935522,35.20789636678434],[126.63893157282322,35.20793735478014],[126.63887558946743,35.20797372753055],[126.63886194343766,35.20798256487936],[126.63886144103924,35.20798441112378],[126.63885750581984,35.208000055631146],[126.63885609509295,35.20800365677036],[126.63883701670032,35.20806599946864],[126.63883140922039,35.20808478464691],[126.6388309665083,35.20809296749586],[126.63883003069857,35.20810584485393],[126.63882881858764,35.20812652699604],[126.63882840890092,35.20813469191705],[126.63882798413545,35.208136367138955],[126.63882661144568,35.20814376303652],[126.63882552521983,35.208160831178816],[126.63882546582258,35.20816184050267],[126.63882405944385,35.20818422559687],[126.63882365740318,35.20818572963211],[126.63882296434309,35.208188467632716],[126.63879874551671,35.20823121780732],[126.63879267175322,35.20823631022005],[126.63878660901095,35.20824139365209],[126.63877280649614,35.208253304093674],[126.63869898970378,35.208313977575806],[126.63864005171693,35.20835530775068],[126.63862047582167,35.208368958491455],[126.63861689602453,35.208371345332004],[126.63861283133765,35.20837410928264],[126.6385963653335,35.20838484899347],[126.63851005701271,35.20843915751545],[126.63849527463046,35.20844913611886],[126.63848802893062,35.20845351294413],[126.63848641073258,35.208454373380974],[126.63846683832523,35.20846476125355],[126.63836748370956,35.20851646174441],[126.638348041451,35.208527210524096],[126.63834445426802,35.20852878612764],[126.63832905086437,35.20853517551213],[126.63825450075515,35.208565561471076],[126.6382350850748,35.20857773443053],[126.63822376506191,35.20858455967938],[126.63821970500688,35.20858627807537],[126.63820631026529,35.208595368477894],[126.63808369946541,35.20866582797836],[126.63806114371044,35.20868027187917],[126.63806051593019,35.208680675598586],[126.63805178958572,35.20868460629737],[126.63805004336922,35.20868461908381],[126.63799525972786,35.208710332159775],[126.6379751195873,35.20871994309497],[126.63797176080156,35.208722015110304],[126.63796914782729,35.20872430568591],[126.63792424212122,35.2087784586374],[126.63790809157713,35.20879723014593],[126.63788608728424,35.208820986518425],[126.63788471856539,35.208822541728374],[126.63786273296857,35.20884702823857],[126.6378549614165,35.208856027324316],[126.6378506340893,35.20886103479871],[126.63779516226424,35.208920365723216],[126.63777844562019,35.20893800883803],[126.63773788912385,35.20896495429154],[126.63773493894779,35.20896651376323],[126.63772334107321,35.20897405920251],[126.63770651450172,35.20902373562354],[126.63770539157012,35.20902681483546],[126.63770115580604,35.20903837532581],[126.63769972839157,35.2090407776176],[126.63769800632001,35.20904522506748],[126.6376723470853,35.20911526327555],[126.63766992880846,35.20912314274129],[126.6376634902488,35.209141051064016],[126.63765686742039,35.20915102703531],[126.63760992021966,35.20922204682823],[126.63759530178278,35.20924445529916],[126.63761020589408,35.20926140923093],[126.63760686657287,35.20927388276488],[126.63760514046457,35.209276770881914],[126.63760143704505,35.20928962188471],[126.63757408218272,35.20937783501347],[126.63756527638135,35.209406939880196],[126.637548535477,35.20946198852239],[126.63751426363649,35.20947099807945],[126.63731981720686,35.20952151052848],[126.63728052198914,35.209531514415126],[126.63725369189612,35.20953899597207],[126.63725293316521,35.20953921001192],[126.63722652228405,35.20954380853385],[126.63721942031896,35.20954547267929],[126.6372160238019,35.20955844176693],[126.63721319235604,35.20958997115594],[126.63720152447806,35.209706614591695],[126.63719866044933,35.20973314144164],[126.6371781114098,35.20974324674892],[126.63708316093594,35.20978944321222],[126.63700254661006,35.20982483060842],[126.63696980036448,35.209838919148744],[126.63695309155753,35.209842438163726],[126.63693052634046,35.20984413686642],[126.63681976484457,35.20985264554674],[126.6367885570773,35.20985422806449],[126.63676176826105,35.209852443855674],[126.6367200034289,35.20984980332791],[126.63656617486832,35.209839893852845],[126.63652329007267,35.20983720481551],[126.63650366280731,35.20983763238883],[126.63642417736322,35.209844017664494],[126.63629025216392,35.20986278539456],[126.63627062497831,35.209865646549666],[126.63624353990535,35.209868710544484],[126.63615952532753,35.20987607346105],[126.63609553961376,35.20983748332025],[126.63606238695283,35.20981722931651],[126.63603638662462,35.20980124220071],[126.63598484713499,35.20980115877005],[126.6359696156761,35.20980339319111],[126.63592458239964,35.209812063360545],[126.63580933679515,35.20984335248105],[126.63579868459423,35.209845663801396],[126.63577262687605,35.209857185366566],[126.6357682403537,35.20985820866159],[126.63574472740255,35.209863076999476],[126.63553010998676,35.20990991127083],[126.63549468301362,35.20991682565397],[126.63546238602883,35.20992373145999],[126.63544110341034,35.20993083279047],[126.63527685661249,35.209986093153624],[126.6352241315678,35.21000298706719],[126.63520304812778,35.21001708335964],[126.63505691425117,35.21010336826007],[126.63504139103948,35.21011185698355],[126.63501546804322,35.21012512739272],[126.63500248222478,35.21013106398273],[126.63498467815074,35.210138779657285],[126.63491689194854,35.21016883249167],[126.63488766948943,35.21016849165976],[126.63485161017215,35.21017922562294],[126.63483338112745,35.21018374924357],[126.63480773906647,35.210190702062455],[126.63472781083132,35.21026126932915],[126.63462675153733,35.21034912333311],[126.63459602142201,35.21036898591391],[126.63443854390864,35.21046693508979],[126.63441438036357,35.210482094502666],[126.63437005397441,35.21050439449936],[126.63420001664099,35.2105866940726],[126.63406025495931,35.21065491619532],[126.63404380846178,35.21066840442675],[126.634027376108,35.210681189653464],[126.6338134738199,35.21085618460554],[126.63376458905351,35.21089560501646],[126.6337399419363,35.21091565710193],[126.6336928630518,35.21094913412172],[126.6334937479571,35.21109353685207],[126.63345704856968,35.21111942899332],[126.63343416640802,35.211135295147216],[126.63332607523,35.211271952270515],[126.63330673121723,35.21129470638117],[126.6332809087832,35.2113269138766],[126.63322466655458,35.211395226686214],[126.63320985743175,35.21141329858886],[126.63320322923978,35.211421868203615],[126.63320141743144,35.21142423321826],[126.63319736306102,35.211429502741645],[126.63309559477325,35.21156909020712],[126.63299696173922,35.211680700513206],[126.63288708552122,35.211769724987114],[126.63274761526495,35.21186753745234],[126.63270094295461,35.211895895704636],[126.63267106534258,35.21190915356208],[126.63255348472089,35.21195556594752],[126.63252077964701,35.21196990577523],[126.632493575167,35.21198461387683],[126.63243059987855,35.21202128678341],[126.63234130455695,35.21207377906794],[126.6323225362872,35.212090549874354],[126.63229635925971,35.212116032076224],[126.63227154832308,35.21214057203018],[126.63215849423148,35.21225197542786],[126.63213935456442,35.21227070999357],[126.6321060206186,35.21230503951021],[126.63202527012848,35.212405833388175],[126.63198963596058,35.21244605963066],[126.63196469973444,35.212473970148885],[126.63192707044936,35.212513361051776],[126.63174567115942,35.21270936253827],[126.63171617312958,35.212740539952726],[126.63168857333876,35.212772101719025],[126.63166264848132,35.21280000915404],[126.63163074427638,35.21282169710339],[126.63146752886938,35.21292858414309],[126.63146245636904,35.21293309337013],[126.63141793427562,35.21296174611827],[126.6313926308253,35.21297853285944],[126.63116457022076,35.213088403024564],[126.63111371296989,35.21311901923414],[126.6310762526727,35.21314280819099],[126.6310545189435,35.21315465742381],[126.63102205169926,35.213184176131186],[126.63085741853561,35.213317530349116],[126.63083056398864,35.21333965716864],[126.63083698923424,35.21334441788173],[126.63083584208705,35.21334550499181],[126.6308731551284,35.21337591321989],[126.630851949509,35.21339236987803],[126.63074866443492,35.21347038014569],[126.63072443059512,35.21348857610934],[126.63071095365324,35.213503307805325],[126.63063069069933,35.2135904379067],[126.63062155846634,35.2136013161502],[126.63057157742162,35.213670989860766],[126.630560841904,35.21368664930258],[126.6305427148399,35.213740971602036],[126.63054227221313,35.21374170033139],[126.63053887680506,35.213744493097096],[126.63051024625017,35.21376103511042],[126.63050969564117,35.213761357906],[126.63049371465894,35.21377123269847],[126.6304219064535,35.21377903461198],[126.63025621718593,35.213733730220255],[126.63022972546615,35.21373157592534],[126.63021715902491,35.2137441020745],[126.63013537735374,35.21381968102426],[126.63012956989593,35.21382637819603],[126.6301255944348,35.21383595625896],[126.63010968231364,35.21388375958445],[126.63012269754,35.21390051934852],[126.63012249443462,35.213901708494085],[126.63006467695492,35.213977315813224],[126.63005189499387,35.213998566251234],[126.63004570053603,35.21400583007562],[126.62998811132131,35.214052991778054],[126.6299735464561,35.214077454520414],[126.62995853669,35.21410314171775],[126.62988839390353,35.214155132090674],[126.62987208178077,35.21417256802309],[126.6298578211434,35.21418809940891],[126.62976274706084,35.21424009431614],[126.62975920320206,35.214244121439215],[126.62975798877582,35.21424550577427],[126.62974568564483,35.214258059721494],[126.62972733924173,35.21427602117957],[126.62961641755024,35.21438804160107],[126.62959586067038,35.214404220611684],[126.62956894273245,35.214425643905756],[126.6295506673526,35.2144376477],[126.62953304393707,35.21444877919455],[126.62950961184522,35.2144644446089],[126.62949205620589,35.21447516168934],[126.62946751122782,35.21449402343218],[126.62945287505892,35.21450517310524],[126.62943673967956,35.21451753497891],[126.62943068423924,35.21452319481357],[126.62921408272665,35.21477987058539],[126.62919918485495,35.21479539993239],[126.62917847353097,35.214816499709265],[126.62914542569929,35.21484298761534],[126.6290871780441,35.21489219289535],[126.62900144217609,35.21498900346882],[126.62894391933389,35.21505501187466],[126.62888815745984,35.21516827388323],[126.62887010438567,35.21520608360394],[126.62886401810718,35.21524010846589],[126.62884368730816,35.21537979857881],[126.62883131284512,35.21544875802875],[126.62881723544838,35.21550822113229],[126.62878699650928,35.215566471766245],[126.62861546899275,35.21575015946566],[126.62858289947866,35.215806428936176],[126.62852575561112,35.215923859705704],[126.628413854696,35.21619146515067],[126.62840255311077,35.21617704495741],[126.62838989802893,35.21620400107808],[126.62838067530836,35.216227326362294],[126.6283753353241,35.216244606609216],[126.62836755520125,35.21625989639102],[126.62836270030567,35.21627437496702],[126.62835883760364,35.216290442956925],[126.62835303430357,35.216315365131855],[126.62835154026487,35.21643546397967],[126.62837303565838,35.216507195693154],[126.62837566998066,35.21652195873272],[126.62836809527224,35.216597972368234],[126.62831973794106,35.21665521162502],[126.62826803212572,35.21672413091062],[126.62826183523809,35.216731845301375],[126.6282276065217,35.21680973267772],[126.62817833806295,35.216864418277055],[126.62816220845667,35.21688737072665],[126.6281013297017,35.216987835567075],[126.62804653953825,35.2170730324403],[126.62797927254753,35.2171437783916],[126.62792558015882,35.21718588557149],[126.62790069298613,35.2172072606649],[126.62780877256276,35.21726268881451],[126.62778858571392,35.21727697583691],[126.62775324826525,35.21730186091164],[126.62773959637313,35.21733294201454],[126.62768758947684,35.217409836962815],[126.62766518421469,35.217440836955454],[126.62759269075285,35.217532657884234],[126.62756051927357,35.217564087384346],[126.62745973263345,35.2176750374078],[126.62736242277975,35.21773433333578],[126.62721549250276,35.21781222367937],[126.62720079134957,35.21782297628124],[126.62716164724556,35.21786830980806],[126.62706981123945,35.217981630647756],[126.62696831659552,35.21809342532015],[126.62692481324841,35.21813844784316],[126.62674793157564,35.2183426847796],[126.62669832832867,35.21839332170909],[126.6266341913594,35.21847318911381],[126.62645057913832,35.2186837682164],[126.62643461505358,35.21870159232103],[126.62638131922456,35.21877170462419],[126.62637968519208,35.21877354730698],[126.62630765030843,35.21886538688494],[126.62628913416961,35.21888165275989],[126.62627011075716,35.21889835871599],[126.62605656737433,35.219163618805176],[126.62589557943937,35.21928332210049],[126.6257371514201,35.21936700661429],[126.62572524530995,35.21937652385847],[126.62556583643317,35.21945608598415],[126.62526144710179,35.21960397868349],[126.62524668524311,35.21961109845977],[126.62513623894853,35.219638615616944],[126.62504311909628,35.21967210833338],[126.6249527290328,35.21969480241641],[126.62491971361108,35.21970878767137],[126.62470443696762,35.219782000732906],[126.62468044136534,35.219793102664326],[126.62464522796873,35.219804962858525],[126.62447933690287,35.21985838257709],[126.62439855700502,35.219888235752904],[126.62435304187747,35.219892753924675],[126.62422150936831,35.2199196096855],[126.62415547357641,35.21993431206634],[126.62413712976374,35.219939302398856],[126.62398446557997,35.21997542991434],[126.62395270269128,35.219984524540706],[126.62376151655965,35.220032961121845],[126.62375234529874,35.22003531204636],[126.62375136618068,35.220035651500694],[126.62369316487478,35.220054380010716],[126.62367785220354,35.220059433810746],[126.62366133644005,35.22006575474226],[126.62348260169732,35.22011499586932],[126.6234388569359,35.22012615307451],[126.6234212114827,35.220127377883564],[126.62340520232146,35.22012866187948],[126.6233099196901,35.22012850855094],[126.62326439319085,35.220130700823844],[126.62314292804959,35.2201418314579],[126.62311963713101,35.220145391076976],[126.62306953799452,35.22015541964641],[126.62291018092861,35.220187450837045],[126.62287937200607,35.22019448409827],[126.62286481488518,35.22019765636005],[126.62273908779565,35.22021827336928],[126.62269498265672,35.22022421944158],[126.62267758637293,35.22022854552581],[126.6225469040237,35.22025894438206],[126.62240907565666,35.220288383333695],[126.62231853630006,35.220316897621984],[126.62227275844154,35.22033059882593],[126.6222705696158,35.22033125896161],[126.62218018095304,35.22036749808792],[126.62208082800105,35.2204276666336],[126.62204822961591,35.22042975474113],[126.6219886234615,35.22043630995791],[126.62192695555704,35.220494090756404],[126.62190932044707,35.22050486956396],[126.62182889328635,35.220538832225735],[126.62177010608058,35.2205652734266],[126.62176446343787,35.220569347808095],[126.62171362601417,35.22059866214001],[126.62171098093121,35.22060059172156],[126.62167291125533,35.22062890052721],[126.62161640711155,35.22066979726753],[126.62157440184525,35.220698823779145],[126.62146008364822,35.22079059985703],[126.62140574343799,35.22081021367758],[126.62125909304642,35.22092931579565],[126.62121732488441,35.22096161478373],[126.62100984529562,35.221137291832],[126.62098463536184,35.22115892585399],[126.62096327431377,35.22117722800106],[126.62094762604943,35.221190563697526],[126.62087551474808,35.22125229504319],[126.62083099349705,35.22129075940842],[126.62073181667716,35.2213762640017],[126.62071567705965,35.22138895817224],[126.62070415694052,35.221397953354234],[126.62069545154303,35.2214086879561],[126.6206823081407,35.22142423977317],[126.62063729802122,35.22147091371889],[126.62058804421689,35.221523117528015],[126.62054584712855,35.22156716838005],[126.62052823199178,35.22158533801905],[126.62049875133698,35.22161353826943],[126.6204896560602,35.22162777783472],[126.62047039830182,35.22164723121012],[126.62044579121874,35.22165496837971],[126.62043708856953,35.2216580506101],[126.62037032235038,35.22171813099242],[126.6202152080753,35.22180971436502],[126.62014860902636,35.2218363374782],[126.61996207256801,35.22189670736953],[126.6198979817286,35.221913081019366],[126.61980980153173,35.221946224714095],[126.6197306956049,35.221993097292476],[126.6196157441697,35.222055080377004],[126.61949406729094,35.222122414109336],[126.61932175471351,35.22219901591032],[126.61930504216465,35.22220497508643],[126.61928688862483,35.22221138038095],[126.61920440772235,35.22224938180577],[126.6191714264381,35.22224862871186],[126.61911416151897,35.2222779216434],[126.61906445339308,35.22230021699116],[126.61900068845948,35.22232427960572],[126.61897635769394,35.22234328407252],[126.61892904720574,35.22236723638688],[126.61890580287732,35.22237005624136],[126.61886845242796,35.22239451771034],[126.61883983181838,35.222417149999096],[126.61880202777031,35.22245633787635],[126.61879542146215,35.22248313180193],[126.61855653992775,35.22264255334574],[126.61854109420162,35.22265471762686],[126.6182881438981,35.22288132493221],[126.61815440920631,35.22301301071893],[126.6181266202224,35.22305491607178],[126.61810387943352,35.22309543131473],[126.61808969072472,35.2231228862069],[126.61800176413118,35.22325113854304],[126.61797734095201,35.22329668691069],[126.61788419285234,35.22345840731741],[126.6177671302195,35.223667164787884],[126.6177537893208,35.22368714122077],[126.61774490583872,35.22370523896944],[126.61770697963283,35.22374213670773],[126.61768538282702,35.223756552751055],[126.6176764768239,35.223765429738066],[126.61764894548405,35.22378983181226],[126.61761399528727,35.223819861747735],[126.61733333322127,35.22400289860534],[126.61730058849956,35.224031051649945],[126.61727677628845,35.22405170686012],[126.61723012843242,35.22407691346095],[126.6172066392445,35.224089619883955],[126.61709780100777,35.22416560870212],[126.61690922588394,35.22436548542217],[126.61685284664782,35.22444171272894],[126.61670048791112,35.224617791665885],[126.6166542470906,35.224661377607426],[126.61645574608733,35.224834362191054],[126.616415994596,35.22487375041496],[126.61618456203122,35.22505128071039],[126.61611829456118,35.22510219367964],[126.61589962902387,35.22526483790458],[126.61583391588007,35.22530066409173],[126.6156023437182,35.22543290060372],[126.61554308622654,35.22546005831247],[126.61528064122862,35.22554481248508],[126.6151216201325,35.22557725805125],[126.61494208561449,35.2256177950244],[126.61483672481177,35.22563598110064],[126.6146765668332,35.22566256375724],[126.61466299931554,35.22566525146504],[126.6146551096689,35.2256681646189],[126.6145619784434,35.22570632710826],[126.61451213148952,35.225731711706814],[126.61441087578545,35.225792138184744],[126.6142982040471,35.225878648826594],[126.61413055730917,35.22604093919143],[126.6140692574735,35.22609778870201],[126.61399026120004,35.2261685793148],[126.61392931678205,35.22622456460635],[126.61392125326435,35.22623168640024],[126.61385994385572,35.22628586781322],[126.61374597444471,35.22639321269165],[126.61369444315062,35.226449255046],[126.61354155439606,35.22662599520607],[126.61350814118445,35.22666486196185],[126.61349020228198,35.22670664454871],[126.61346253725452,35.22676558446259],[126.6134390677501,35.22681309984766],[126.61340114063866,35.226891007043086],[126.61337468084702,35.22696440824499],[126.61326157190409,35.22729900051068],[126.6132135113407,35.227414902556816],[126.61317957517755,35.22749196620149],[126.61315888891853,35.22755467798],[126.61312600385637,35.22768085883152],[126.61306005428195,35.22792240387971],[126.61304518356438,35.228027902728314],[126.61306232636082,35.22804495693983],[126.61311262180257,35.2281056700967],[126.61330935913382,35.228331608196],[126.61333570747942,35.22836246430934],[126.61334863931705,35.22837111353341],[126.61353539686603,35.228550023561965],[126.61362241737076,35.22862643828771],[126.61361655105854,35.228679625410024],[126.61362736505743,35.228944085241785],[126.61362800076459,35.22896516053315],[126.61347038768088,35.22917796589083],[126.6133287756784,35.22934759422233],[126.61326789422412,35.229431277421995],[126.6131679405911,35.229563101861736],[126.6127910291476,35.23005990796141],[126.61276337425383,35.23009794571378],[126.61272504155079,35.23014066316445],[126.61270297631275,35.23016292743301],[126.6126641811515,35.23020585969944],[126.61262001589188,35.230158650059025],[126.61241718583017,35.23002803470885],[126.6123627539482,35.22999377122904],[126.6121210222153,35.22980204591116],[126.61207144200955,35.22974561600783],[126.61197212101357,35.2296549104776],[126.61188250850118,35.229691117267684],[126.61180034813327,35.22971720793929],[126.61176643820072,35.22972856379483],[126.61145842916896,35.22986208744129],[126.61139880438164,35.229886988561645],[126.61109825696788,35.23003573185918],[126.61097873375563,35.23010585796933],[126.61081732109143,35.230192730834865],[126.61065724677607,35.23028220365234],[126.61055148879113,35.23034052119432],[126.61050207868877,35.2303816158143],[126.61048454424991,35.23039583635856],[126.61043855469285,35.23042230429409],[126.61028785871676,35.23050533531123],[126.61022520004481,35.230539635998014],[126.61017588359456,35.230579468914215],[126.61004102511032,35.230681307617665],[126.61004778383825,35.23070815324154],[126.60995194806094,35.23081602175397],[126.60988265679345,35.23086346032245],[126.60972186398863,35.230964800161416],[126.6097209605798,35.230965347053356],[126.60966969754803,35.23099639444388],[126.60940645560139,35.23117333985357],[126.60935888067281,35.231198089699774],[126.6092230581591,35.23132862290044],[126.6089715462158,35.231528409159395],[126.60895471995137,35.231543740417145],[126.6089382921777,35.23155616164839],[126.60891577495458,35.23156705790112],[126.60885835362475,35.23159476805685],[126.60868089849228,35.23170875228281],[126.60845053611516,35.231816282188326],[126.60838821015574,35.23184500371987],[126.6081950293551,35.23191440114436],[126.6081904703546,35.23191670276862],[126.60811129120634,35.23196852473409],[126.60800857611903,35.2320237403019],[126.60768461327592,35.23220487406272],[126.60751771622623,35.23229299551771],[126.60728364449542,35.23242636142962],[126.60715619600475,35.23249381699544],[126.60704192149777,35.23255615970507],[126.60658836953357,35.23280789350598],[126.60640537010597,35.23294038773683],[126.60633874842168,35.23298926608299],[126.60630572591803,35.23300067737205],[126.60615120976962,35.23305864257918],[126.60599830254834,35.23313136771255],[126.605760301976,35.23316336258816],[126.60563986905852,35.233174623152586],[126.60543325714005,35.23323527432939],[126.60490376600691,35.233389706485866],[126.60477537436734,35.23345611989694],[126.6041598861376,35.2337164803688],[126.60408501114442,35.23375884977111],[126.60404714958483,35.23378025839641],[126.60402098919394,35.23379457585964],[126.60390152130888,35.233859990108556],[126.60343523964663,35.234267429994944],[126.6032807275627,35.234406845225195],[126.60316132363599,35.234517307695995],[126.60311195692465,35.234566222986],[126.60307788592942,35.234585147076594],[126.60273607203288,35.234802253108114],[126.60258470522622,35.23490461487298],[126.60219840791922,35.235182205625314],[126.60209748557226,35.23525552986281],[126.60196649148801,35.23534752959753],[126.60195883605589,35.23534944220523],[126.60180362662494,35.23538819206889],[126.60121013051476,35.23554775055231],[126.60105744610375,35.235582226460956],[126.60101951990187,35.23558068591509],[126.60081065680517,35.2355610127186],[126.60028793028444,35.235514764620014],[126.60009604883224,35.23549785948535],[126.60000953795215,35.235479663094026],[126.59991831625008,35.23545882812948],[126.59986248926046,35.23544495165629],[126.59965397842458,35.235351737683516],[126.59933733476468,35.23516523653292],[126.59928055027466,35.23511615946501],[126.59921487428754,35.23505902192793],[126.59881295852793,35.23482212178743],[126.59872980134413,35.23477016260004],[126.59827711516931,35.23483923934845],[126.59798001501167,35.23480463869496],[126.59788058888945,35.23473266913598],[126.59753334863451,35.23449683933754],[126.59738105849704,35.234591467055075],[126.59708015048064,35.23477767864753],[126.59661928341666,35.23465118617774],[126.59657312801878,35.23463889082947],[126.59629511683093,35.23427395639777],[126.59624040490289,35.23420844448376],[126.5956978372809,35.23403454417785],[126.59570531543037,35.233982192642586],[126.5956731776046,35.23393469270572],[126.59557341650365,35.23378723328728],[126.59554886949537,35.233755234696076],[126.59542551987282,35.23354887490669],[126.59526620626077,35.23329588541032],[126.59491921178176,35.233224939244565],[126.59461791889613,35.23306123601888],[126.59428166823461,35.23294221084483],[126.59410747424049,35.2329331703028],[126.59378217931337,35.23298502875006],[126.59356068194282,35.23296945567313],[126.59322414256441,35.23280976734977],[126.59320345627307,35.232798971698195],[126.59246964699753,35.2324067213058],[126.59235047244997,35.23234224268839],[126.59209138759797,35.23207035330177],[126.59205468619616,35.2320331031793],[126.59190393832519,35.23184234838966],[126.59161551935912,35.231739999104086],[126.59140328489909,35.23149764135848],[126.59122147056574,35.231220171138474],[126.59115385057355,35.23119307316415],[126.59048559817948,35.23090192840576],[126.59020749032527,35.23069033283204],[126.59008693733149,35.23048411226083],[126.59005656105909,35.23016906430628],[126.59006922600284,35.23006475068872],[126.58980504189877,35.22987670832585],[126.58937903400081,35.229348689630626],[126.58987304035197,35.22878436721054],[126.59053058559108,35.228097060772804],[126.59101109310612,35.22748574613002],[126.59090134858766,35.22722123744514],[126.59077551530322,35.22658331354402],[126.59084745669374,35.226386309112655],[126.59085075380598,35.226305272129295],[126.59086741385691,35.22606387863987],[126.5908750621451,35.226045814755935],[126.59095003895203,35.22585229068283],[126.59113380355309,35.22547135987026],[126.5916356844649,35.22506837768179],[126.59183015858335,35.22504061667022],[126.59222038021893,35.224904212063926],[126.59295756773652,35.22447931478776],[126.5927046118235,35.22396444672483],[126.59231659672275,35.2237125825298],[126.59223631724787,35.22363746420747],[126.5920767583574,35.223495964737275],[126.59191265855341,35.22342981046868],[126.59182291203336,35.22332396932768],[126.59170726123368,35.222969794251114],[126.59158597012696,35.22278733167871],[126.59154039399642,35.22275088054451],[126.59078564032274,35.222556500338236],[126.59053852719761,35.22247932768491],[126.59029343059245,35.22225939861807],[126.59023372633126,35.2221953631689],[126.58998399851104,35.222018501648925],[126.59003549836113,35.22162526108333],[126.58982962386514,35.22107999151072],[126.58950582548046,35.22023580651899],[126.58949661855083,35.22006241198986],[126.58978153520745,35.219611928251716],[126.58995597519429,35.21933579263639],[126.58973352011856,35.2189452981086],[126.58966382672376,35.21790632371665],[126.58986984505918,35.21752264877451],[126.58999335877978,35.21747565820281],[126.59072222243145,35.21743839286051],[126.59097579479713,35.21698652884529],[126.59096983341092,35.2165932910106],[126.59065275729711,35.21608365382056],[126.59064842025235,35.21597438794017],[126.5905347317698,35.2154583016724],[126.59038894232516,35.21514469102118],[126.59053151102084,35.2148681577019],[126.59055305799407,35.21461779403705],[126.59057861398874,35.214404407838195],[126.59036252286018,35.21417620368851],[126.59037549317411,35.21367296751351],[126.59018811761793,35.213186942567305],[126.59018287769796,35.21311965789254],[126.59016255648866,35.21308544617551],[126.59014537162334,35.213056526950844],[126.58978557561392,35.21241953625408],[126.58957283585143,35.21209678262479],[126.5895696467014,35.21209326557045],[126.5895044706277,35.212011725103515],[126.58948379762504,35.21198639025517],[126.58907938798691,35.21149960688245],[126.58896782944673,35.21127126939254],[126.58896776428243,35.21127112495641],[126.58894432865195,35.211223166019316],[126.58891458681572,35.21115395005691],[126.58884813258896,35.211106078883034],[126.58822750299292,35.21066621847201],[126.58803090910607,35.21052504677338],[126.58752901454395,35.20987378251062],[126.58734889521865,35.20977841796236],[126.58715509373727,35.20967847260212],[126.58707165959339,35.2094886355863],[126.58713276585756,35.20929813942435],[126.58715633657216,35.20910728947578],[126.5869999582063,35.208863690324655],[126.58694010286499,35.20878642098148],[126.58672747127774,35.208560926078235],[126.58660689241438,35.207761052484976],[126.5865908055446,35.207605236984634],[126.58658326791918,35.206915037827855],[126.58636957706871,35.20660318131603],[126.58634518639563,35.206579446571304],[126.58612532934642,35.20625390417846],[126.5860529965349,35.206102113921226],[126.58573857480226,35.20547771381617],[126.58519915146707,35.20500053958488],[126.58507475124738,35.20481774393526],[126.58472971615159,35.204528389905335],[126.58471460423003,35.20450284802463],[126.58471541214679,35.20447367444895],[126.58472561458218,35.20429297298067],[126.58464323335662,35.20373369676362],[126.58463838106964,35.20369686034434],[126.58462304711874,35.203029158321236],[126.5846203639359,35.20281280053775],[126.58457985239072,35.20265834273177],[126.58461834764194,35.20252609548078],[126.58457675015154,35.202152211789446],[126.584565162743,35.2020236949353],[126.58442135594706,35.2018576417258],[126.58433267840829,35.20176399358003],[126.58411285287748,35.20167466157764],[126.58395523306667,35.20150651416726],[126.58358904995384,35.201316826149665],[126.58346636304516,35.20108860715237],[126.58344876017975,35.20102862532327],[126.58325862815713,35.2003805364764],[126.5832610175773,35.2003749744465],[126.58233205717332,35.199776662418046],[126.58232020482737,35.19976887888924],[126.58208737517654,35.19913031171428],[126.58208915392858,35.19898504889067],[126.58206645993053,35.198930989047035],[126.58201342680131,35.19882337465931],[126.58186020140353,35.19832999109676],[126.5814448523995,35.197944508347646],[126.58128908474662,35.197698470006316],[126.58055029371725,35.196502638272314],[126.58053875758456,35.19612498160211],[126.57962252794414,35.19612102775262],[126.57840961135953,35.19649125901109],[126.57829338222385,35.1965274293602],[126.57823137433634,35.196612344285235],[126.57754549909163,35.19749828847206],[126.57617970938651,35.19770064627256],[126.57600559366442,35.197714600405554],[126.57471881909832,35.197722692045446],[126.57329156303973,35.198363960463084],[126.5728772208032,35.198277453508496],[126.5719496463676,35.1985697799236],[126.57187826772795,35.19856424491369],[126.57128699136868,35.1985697895749],[126.56950683654364,35.19877320434227],[126.56780484770347,35.19893277026856],[126.56724067242905,35.19897276928735],[126.56698359119038,35.19885706171116],[126.56698486350601,35.19885527260983],[126.56647230368186,35.19880564373755],[126.56548017440554,35.19865663615429],[126.56422412422911,35.198245811273786],[126.56339642648837,35.1976189221031],[126.56232843271427,35.196783875160286],[126.56287935883061,35.196129777254725],[126.56327178175367,35.195666674163014],[126.56429818913763,35.19463200360094],[126.56470446798994,35.19351989965995],[126.5648150042063,35.19320179159984],[126.56463280299423,35.192858958796606],[126.56480101069688,35.19222375082113],[126.56480549556795,35.192173544301234],[126.56499015670745,35.190779069931914],[126.564933011198,35.190622328161766],[126.56418790982225,35.19059958569924],[126.56334384330255,35.190332460779025],[126.56276257899769,35.189389104836444],[126.56184656292977,35.188901114737845],[126.56117440786052,35.1883157492098],[126.56050232422255,35.18813765106871],[126.5599529821621,35.188158327697025],[126.55939234409558,35.188142140835005],[126.55933149772768,35.188141936779715],[126.55857987921337,35.18805201325959],[126.55786486028062,35.18811089527979],[126.55778617006969,35.18811720488589],[126.55659569431576,35.18809869641643],[126.55588949975666,35.18778365996587],[126.55470443961147,35.18678457524201],[126.55466842920288,35.18674423360657],[126.55464799324763,35.186684741838384],[126.55428882974883,35.18647883911909],[126.5535948357739,35.18646165537049],[126.55177455025027,35.18628711773468],[126.55170562877461,35.186272224074045],[126.55055984326144,35.18604720796802],[126.55045124625985,35.18600407110643],[126.54920574609187,35.18539844930868],[126.54884395430845,35.185596862130865],[126.54712891587137,35.18662272892],[126.5471297491757,35.18676102471961],[126.5470600036973,35.18801066985794],[126.54565693156013,35.187677121037204],[126.54408896729309,35.18781705647186],[126.54386497483169,35.18777861557599],[126.54257301934845,35.186773069007664],[126.542430642591,35.18667139915663],[126.54143909648587,35.18582367652172],[126.54071478631525,35.18557319921309],[126.54012310176569,35.18555083825954],[126.53967299975133,35.18549400619813],[126.53874597935537,35.18519960602071],[126.53817963840281,35.18512677621272],[126.53766402145378,35.18501908486064],[126.53707539353968,35.184759388812466],[126.53696151392653,35.184639010812255],[126.53633803840852,35.183971780695],[126.53625807650982,35.18366218766422],[126.5360730186914,35.18336180814383],[126.53545446962208,35.1830423745917],[126.53515520932108,35.18302396228625],[126.53413948916136,35.18259603038543],[126.53388709304399,35.18250185779809],[126.53314099136507,35.18224129133717],[126.5328517916083,35.18233752671031],[126.53210355498335,35.18261153967859],[126.53141829964517,35.18271357328643],[126.53139234038117,35.18271650105661],[126.53087790312875,35.182648354289626],[126.53066717657671,35.18269278276354],[126.53039549869635,35.1828167785342],[126.52968421465648,35.18294257759395],[126.52962838138471,35.18363340868918],[126.5290022132974,35.18392130773394],[126.52871017558788,35.18426689584088],[126.52867879064038,35.18514220883883],[126.52867612815683,35.18519815362996],[126.52867456993557,35.1852169765391],[126.52865004932274,35.185350486445415],[126.52863493939687,35.18540975365771],[126.52847402995707,35.185688657981565],[126.5276578246154,35.18617198428761],[126.52754301506486,35.18623088837032],[126.52647692068109,35.18643376832344],[126.526194872552,35.186485777938664],[126.5259647478286,35.186522091103626],[126.52595594258901,35.18652397639125],[126.52589725334029,35.18652311504733],[126.52554425231054,35.18646490816387],[126.52531826865713,35.186401079514475],[126.52456320557931,35.18618470793573],[126.52339783113345,35.18584021897144],[126.52283656372094,35.1856583384899],[126.52281030931509,35.185649599913674],[126.52212529140239,35.185385160101035],[126.52155144145162,35.185140914274875],[126.52124544649601,35.185363323911766],[126.52111916157624,35.185463097220214],[126.52066078490846,35.185881591292066],[126.52057250478056,35.185965110485],[126.52012043082324,35.18637693953795],[126.51983088180528,35.18621838768811],[126.51976074172636,35.186154257896185],[126.51938889688975,35.185785356596135],[126.5192779957181,35.185677935203],[126.51924181067353,35.185640475702286],[126.51885707427257,35.1857705029498],[126.51870738634922,35.185789123026545],[126.51827092518302,35.18583771354213],[126.51802899457739,35.18590214941218],[126.51772084924961,35.18595359346914],[126.51717991074317,35.18650181676655],[126.51711842862521,35.186564601591314],[126.51688445874161,35.18669496389389],[126.51681470134787,35.186727592700166],[126.51600233182998,35.18686091951258],[126.51561670075348,35.18710255463982],[126.51526224565603,35.18729855268165],[126.51520599536279,35.18731763356389],[126.51441446484259,35.18759668970526],[126.51429091388583,35.18763191290879],[126.51363020941596,35.18737029007563],[126.5135605636837,35.18734167146603],[126.5130526643026,35.18705930817123],[126.51295673557298,35.18700489507402],[126.51270231494516,35.18660889298403],[126.51270228353712,35.186573794716615],[126.51270338212201,35.18657368197537],[126.51265141557458,35.186447573243576],[126.51259537458357,35.18637852984442],[126.51257517726768,35.186361331899654],[126.51239656767504,35.186204066319036],[126.51238866658802,35.18619426390241],[126.5123060692775,35.186170765963574],[126.51217258950248,35.1860859246165],[126.51191835581163,35.18596012503165],[126.51156167963238,35.18574621034352],[126.5108104408429,35.185424960935016],[126.51030053988075,35.18531644630218],[126.5101732344218,35.18524061414038],[126.50989607371163,35.18451089221069],[126.50984511887656,35.184381793914795],[126.50951314995314,35.184340363597926],[126.5092699006837,35.184313552083566],[126.50860193039446,35.18409507351907],[126.50843768046249,35.184036340839626],[126.50843432211857,35.184037967607935],[126.50806471649673,35.18423876826003],[126.50751042207533,35.184675713730314],[126.50710629372914,35.18474234152113],[126.50664419488773,35.18483457255384],[126.50626532408769,35.18489451362244],[126.50626184119358,35.18489494104005],[126.50594826321225,35.184943701018696],[126.50562952314782,35.18495296040872],[126.50547029076822,35.1848707733882],[126.5051168615499,35.18487398561423],[126.50446824272602,35.18489356212655],[126.5038927663042,35.18486786394162],[126.50387602846723,35.1848652534108],[126.50354205292658,35.184441964306856],[126.50312627424123,35.18418120068845],[126.50274289163349,35.183960768743184],[126.5020114394437,35.18397765659573],[126.5015965043106,35.183955079031705],[126.50100110579373,35.183500058330594],[126.50075464037207,35.18327889678607],[126.49992295751794,35.183576602473636],[126.49922728333902,35.183788761507664],[126.49860969074221,35.18397882439247],[126.49809470775821,35.183847559673545],[126.49771142439856,35.18382703821012],[126.49719562198332,35.1841221355166],[126.49621670040523,35.18426945418952],[126.49545890553229,35.18495074042813],[126.49472495488597,35.18538445180273],[126.49425929876959,35.185332532672305],[126.49358147730004,35.185262714105306],[126.49352844060692,35.185257029607996],[126.49305626725972,35.18572828735701],[126.49292269780098,35.18599607306747],[126.49292437609095,35.18599983869366],[126.49304971670061,35.186304151859346],[126.4932047644078,35.18657900762389],[126.49323351092393,35.1866331544472],[126.49295491175698,35.1871186085715],[126.49268422184804,35.187595802915176],[126.49166717464193,35.18802792738829],[126.49144160755087,35.18792212518227],[126.49049318219144,35.18744553852826],[126.49048243693782,35.18744499746342],[126.49046874125665,35.187442226659634],[126.49031773880344,35.18741504513589],[126.49027545419686,35.18741388423257],[126.49028463358432,35.187387459692964],[126.49033839111944,35.18722208374533],[126.49034043287271,35.187216882628185],[126.49030454241928,35.18721154848235],[126.49029909325168,35.187210353747425],[126.49016621658174,35.18720967575235],[126.49012197891261,35.18721184150167],[126.49011696350952,35.187213262469506],[126.49004197244682,35.187238327540115],[126.48993569384331,35.18728216149288],[126.4899204980419,35.1872822595598],[126.48986823403727,35.1872950180922],[126.48980574735934,35.18733246613006],[126.48980270797557,35.18733392247192],[126.48974293033154,35.18737881795718],[126.48976466467965,35.18740229949179],[126.48976470275689,35.187411989034004],[126.48969837516621,35.18742986175904],[126.48964035869868,35.18741097695778],[126.48962058151992,35.18741330897269],[126.48945057166064,35.18751960628132],[126.48940321009475,35.18752441750853],[126.48937735821659,35.18771102934701],[126.48920944526037,35.18835609174323],[126.48919864468968,35.188441330632436],[126.4891966698876,35.18849183324085],[126.48920519367128,35.18854371422917],[126.48926913883588,35.18904568716835],[126.48927192970378,35.18906285142328],[126.48927827160036,35.189184261365526],[126.48927423164537,35.18922968070619],[126.48897923029318,35.1898409187328],[126.4889781155985,35.18997824178204],[126.48897519388365,35.1899959136594],[126.48895819925289,35.19001837518599],[126.48893409752746,35.19008158313935],[126.48882788632916,35.19058252958907],[126.48881556049894,35.19078114116902],[126.48837798461736,35.19100882287431],[126.48789126540663,35.19152374904968],[126.48766949855371,35.19191237540916],[126.48729838305242,35.19193300049006],[126.48718572822771,35.19194029173283],[126.48717944357368,35.1919409590774],[126.48691418493226,35.191940562562436],[126.48686058952552,35.191944517066766],[126.4868413490071,35.191931203690906],[126.48637389077474,35.1916395449401],[126.48636384625912,35.19163227350038],[126.48620651458418,35.19143267020555],[126.48615593171503,35.19136645911351],[126.4857905439957,35.191445348351635],[126.48544175864912,35.191532653597484],[126.48510864170972,35.19161458957043],[126.48499852258064,35.19166366655743],[126.48461765845808,35.19226501827469],[126.48437069644237,35.1922586012219],[126.48380052537365,35.192175279694005],[126.48303438354104,35.19171056341347],[126.48230588186907,35.19146963431858],[126.48170389534401,35.190916200515815],[126.48158390665293,35.190837359381035],[126.48048619278745,35.1915135576632],[126.47931218901446,35.191888586866966],[126.47804897722793,35.19256449086356],[126.47720525913097,35.193576719976846],[126.47695668991194,35.19386600925652],[126.47585173340072,35.193300002112586],[126.4754097642374,35.193372001884846],[126.47497202692799,35.193427857477644],[126.47440002146524,35.193317714054096],[126.47352076414894,35.19280033031273],[126.47326795766726,35.19277903815938],[126.47281363080327,35.19246544604034],[126.472550456605,35.1915586073352],[126.47195282112831,35.19104530791072],[126.47171054114949,35.19074455412464],[126.4719816354723,35.19033384677519],[126.47198560840157,35.190332412990934],[126.47181076645505,35.18992340620013],[126.47176824412563,35.189828444708816],[126.47076122835861,35.18905112248802],[126.47059570711062,35.18892890598109],[126.47026979356808,35.18835544379619],[126.46975024670103,35.18799054743323],[126.46953454851892,35.1878405192777],[126.46897029788762,35.18767638528633],[126.46885255346388,35.187641544698124],[126.46812016171867,35.1871812631839],[126.46809012373093,35.18713070112423],[126.46806914534527,35.18712523677814],[126.46793852377294,35.187103804568466],[126.46742544590025,35.187016610572165],[126.4673301807618,35.18700474354173],[126.46672114386085,35.18723811642593],[126.46660302186285,35.187286285098175],[126.46659826086,35.18729238415088],[126.46659035666202,35.18729728857258],[126.46652746237037,35.18726463481226],[126.46648905941247,35.187294461690314],[126.46648007345973,35.18733375633473],[126.46631895397093,35.18739574158306],[126.46621046035467,35.187418778074935],[126.46608405499106,35.18745591332584],[126.46595945659638,35.18742845763632],[126.46592610680592,35.18740761550166],[126.46581401367858,35.187381855384665],[126.46566770066839,35.18732565888809],[126.46558946691385,35.18734681869206],[126.46548585357684,35.18733722069926],[126.46546164495071,35.18731708587507],[126.46527198089464,35.18722832104739],[126.46523483177685,35.18721762898158],[126.46515604557686,35.187182497587706],[126.46515600484608,35.18715694451383],[126.4650621592983,35.18706105938435],[126.46500092700373,35.18700617621836],[126.4649131805672,35.18698631869176],[126.46487284933477,35.186973701585735],[126.46475188610366,35.18695460713797],[126.4647185354775,35.186948997257026],[126.464607671478,35.18697021913835],[126.46440854175484,35.18675179879734],[126.46431824039983,35.186728179952254],[126.46429410164058,35.1867275321032],[126.46408710837167,35.186726541854895],[126.46401161167212,35.18676724475013],[126.46398730241148,35.18677581675713],[126.4631679914062,35.18712151849129],[126.46312251293938,35.18721185562772],[126.46266993389376,35.18804802311109],[126.4625811695472,35.188060868864895],[126.46219966315981,35.18812383282241],[126.46197608216332,35.18826322935081],[126.46164626944717,35.18821925290294],[126.46066103445038,35.18809788257873],[126.46049897645271,35.188080249840894],[126.45984229572012,35.1878749922687],[126.45976894517744,35.1877853778836],[126.45951837583765,35.18750277872735],[126.45928837567628,35.18750233530396],[126.45841816516257,35.186904825936516],[126.45824514186053,35.186784902450945],[126.45753432606415,35.18688650192544],[126.45738000759977,35.186915570972026],[126.45646711438633,35.187118152357144],[126.45645888210665,35.187122775224594],[126.45641196688399,35.18712297873656],[126.45634886507898,35.187122036795536],[126.45632614611615,35.18711757208223],[126.45632189374625,35.187096714051314],[126.45627070564667,35.18707420263247],[126.45624371525729,35.187076397579204],[126.45623944326172,35.18707820806228],[126.45620164543553,35.18720427906387],[126.45616225907317,35.18723448579818],[126.45579154375643,35.187338588094235],[126.45576913576176,35.187345084924814],[126.455739677795,35.187353424767515],[126.4556726984953,35.187362587008344],[126.45565023448371,35.18736596494133],[126.45564330257822,35.18736985451699],[126.45547844886687,35.187457072928716],[126.45545406573912,35.187484733182444],[126.45540987511754,35.18748464213284],[126.45530441900809,35.18756848666514],[126.45528958726695,35.18761426174012],[126.45529767040034,35.18767625602895],[126.45529587418199,35.18771662778499],[126.45529672752214,35.187743338219946],[126.45529734941098,35.18774884818743],[126.4552692048956,35.187775815439366],[126.45523199240354,35.187732095072505],[126.45513965211136,35.187622932421725],[126.45505544281,35.18752433398486],[126.45485880191173,35.187470754655926],[126.45462109270609,35.18735913284373],[126.4544543810165,35.18743018051311],[126.45442875284942,35.18744206155547],[126.45429500836487,35.18731535153088],[126.45413000131475,35.18721072704315],[126.45410056174497,35.187190106641985],[126.45387441430925,35.18702136386658],[126.45382946379782,35.1869250962454],[126.45377400883277,35.18681700966025],[126.45364877552434,35.186812955167156],[126.45361470057057,35.18667981792316],[126.45358818278726,35.186667223490254],[126.45353141563766,35.18671381816209],[126.45342243667277,35.18683329296828],[126.4533667073258,35.18687245623348],[126.45323457638553,35.18686880274119],[126.45314630583569,35.186829357310955],[126.45311270095954,35.18686009397069],[126.45300537245552,35.18686452031946],[126.45294900145333,35.186870060650946],[126.45280888698152,35.186853598609346],[126.45272320597122,35.18683238060276],[126.45253420477609,35.18684974923819],[126.45249428547622,35.18682188829306],[126.45249394251476,35.1867961535946],[126.4523386763904,35.18676674224669],[126.45233939128431,35.186748601593074],[126.45214105084207,35.18673439854163],[126.4519626413416,35.18675550979746],[126.45184838762181,35.18676608686939],[126.4502941515418,35.18695684973078],[126.45006730065117,35.18653916571816],[126.45004149209085,35.18643954073875],[126.45004326034694,35.18637768108714],[126.45004882355887,35.186348890701474],[126.45015315346376,35.18583408982113],[126.44967668788293,35.18509507800725],[126.4496214372695,35.18501135356694],[126.44954031612664,35.18497539020243],[126.44923986743495,35.1848571355701],[126.44887427806468,35.18429019532341],[126.4479106037447,35.18336444935409],[126.44763827444812,35.183104521021576],[126.4476988129719,35.182626629828356],[126.44769009376624,35.18256545231818],[126.44763182216931,35.182259200211845],[126.44787281625212,35.18182282011166],[126.44793861961685,35.18116065644529],[126.44783678567649,35.181021250028834],[126.44747507646228,35.18086690092054],[126.44729117647628,35.180794493621306],[126.44725822962037,35.180778470352514],[126.44724120312416,35.18075570580971],[126.44703412135536,35.18060350488139],[126.446887553347,35.1803897399419],[126.44687113375552,35.18037624386636],[126.44685965329865,35.18036290560237],[126.44681950477272,35.180304892018306],[126.44679495299789,35.18028615798465],[126.44680042703735,35.18026574974595],[126.44682619151152,35.18025787285764],[126.44665502388533,35.18010692632713],[126.44662043237714,35.18006803745258],[126.44655195306608,35.179910954276174],[126.44651366390967,35.17989763738281],[126.44640620160308,35.179800305409564],[126.44628771638371,35.179682147009906],[126.44620693833517,35.17966129840318],[126.44611527762783,35.179611890569795],[126.44609532580982,35.179599649080224],[126.44600273584582,35.17953839333614],[126.44594710299423,35.179476450736075],[126.4457697313039,35.17939878923504],[126.44567885471832,35.179332646844415],[126.44548109698182,35.17910830698179],[126.44546957161404,35.17909356229346],[126.44540196426858,35.17906681576477],[126.44532987030153,35.179005725694196],[126.44532097729135,35.179001006928864],[126.44524111735629,35.17902762629246],[126.44518580839797,35.17902624565046],[126.44515667234123,35.179005345051216],[126.44516760213095,35.17893829973022],[126.4450561283643,35.17884687893204],[126.4450366739425,35.17884224683575],[126.44494465504889,35.17875381760004],[126.44487288489415,35.17871939930242],[126.44479148047864,35.178732653463115],[126.44477332039732,35.17873462505817],[126.44441090120603,35.178617488764885],[126.44431057829206,35.17871009042002],[126.4440468201483,35.17868767758914],[126.44370615894992,35.17833290270623],[126.44351669549926,35.17830807268492],[126.44255474859229,35.17821408147925],[126.44143198653835,35.177750584389614],[126.44124886519224,35.17771850635952],[126.44117099742884,35.177720363522205],[126.44004536413318,35.177100197003526],[126.43994619774209,35.176921975731275],[126.43947000922353,35.17662458874633],[126.43935070887882,35.1764068851529],[126.43883952709591,35.17549625291833],[126.43864534919257,35.1750719118199],[126.43807750830328,35.17484382094313],[126.43755804964181,35.17442155224638],[126.43688219929642,35.173734451779616],[126.43650766214284,35.173452218615985],[126.43590959669774,35.173376239535685],[126.43558905485173,35.17320905891288],[126.43528981482035,35.17283533643012],[126.43525754212374,35.17285113025706],[126.43465724620013,35.17352604757436],[126.43442191861284,35.17387810820234],[126.434074424449,35.17412868430502],[126.43394916744218,35.1745749263619],[126.43374095023957,35.17494089401568],[126.43305963393551,35.17481765918507],[126.43253181605795,35.17472771581441],[126.43203235825783,35.17511266456013],[126.43135192882896,35.175864279659464],[126.43099875661859,35.176907869935604],[126.43074302590969,35.17740482498703],[126.43022716147338,35.1778764783659],[126.4296042399819,35.17792873719233],[126.42851907758023,35.17848709790948],[126.42842626994307,35.17854497536556],[126.42787233958045,35.17871121906501],[126.42786717898214,35.178712916181084],[126.42749107457455,35.17895478384753],[126.42739796274364,35.17900578187107],[126.42715422056555,35.179147398145616],[126.42676777253016,35.1795761875836],[126.4265817924339,35.17999877066791],[126.42581967242545,35.18077343670582],[126.4254050556595,35.1812730318581],[126.42490601163007,35.18185011710716],[126.4246310836713,35.18212455373063],[126.42458241094843,35.18227757597677],[126.42450937699404,35.18239949426362],[126.42422308831655,35.18287195322232],[126.4240666145555,35.18292890192507],[126.42374093148277,35.183042765019266],[126.42373393097166,35.18304377717974],[126.42320628193096,35.1831580634526],[126.42298898133316,35.18350071395945],[126.42295623084469,35.18352722805337],[126.4223050479001,35.18422314660078],[126.42208217347459,35.18446072718246],[126.4217754432694,35.18448780492796],[126.42169791948494,35.184520657097735],[126.42110930355548,35.18476472294634],[126.42092492227943,35.1848917928671],[126.42020528152193,35.18535766660069],[126.41959069066323,35.18564938908821],[126.41905472031343,35.18539105955449],[126.41871718963428,35.18545354808699],[126.41799847537483,35.185526187886104],[126.41735420403216,35.18534463657654],[126.41717279967955,35.18529560336779],[126.41687229327746,35.18551845048663],[126.41687016306433,35.18552002655412],[126.41654120597026,35.18572638531693],[126.41647415134341,35.185707349792814],[126.41606216331586,35.18558540981568],[126.41560978371383,35.18552028248058],[126.41548175080628,35.185547397216844],[126.41465520852525,35.18571939934916],[126.41434596623806,35.186105483511795],[126.41411228820782,35.186377319647384],[126.41387727299167,35.186702012065275],[126.41362530588563,35.18682063086854],[126.41351930926446,35.18683347417695],[126.4131825020716,35.186885576376824],[126.41268841217342,35.18656719504289],[126.41255304862932,35.18651738724554],[126.4123287990517,35.18652843771425],[126.41218781426396,35.18640718046662],[126.41207034495598,35.18636831124559],[126.41179690300532,35.186403096837275],[126.41137574358159,35.186157649604006],[126.41088011687302,35.18581350231337],[126.41080202032585,35.18582155799654],[126.41065287922282,35.185809870415994],[126.41033892971316,35.18577140202241],[126.41029755208434,35.18578174569167],[126.40999993224558,35.18594279427355],[126.40875636626483,35.18630602806747],[126.40843589768176,35.186318475236654],[126.4079369985307,35.18640035139897],[126.40815641302173,35.18566630751942],[126.40818170393422,35.18490247880744],[126.40819013105855,35.18438943570441],[126.40833653000828,35.18391224730066],[126.40856474951485,35.18313892023013],[126.40843309927352,35.18262737246617],[126.40809767435212,35.18223291032453],[126.40805349680565,35.18201844673497],[126.40790521194604,35.181877905231545],[126.40745230614915,35.18144518978639],[126.40744326348398,35.181438673861756],[126.40680672723232,35.18108154260916],[126.40635175138782,35.180875507514585],[126.40632180452327,35.18085868569998],[126.40569155630912,35.18028351062655],[126.40478886716386,35.17943723020088],[126.40475998110442,35.179407560194385],[126.40498242880444,35.17865322913933],[126.40498235795431,35.17864639667335],[126.40489197556192,35.17831290841541],[126.40454451568193,35.17819695259819],[126.40361706746684,35.17759590268324],[126.40334454671797,35.177550428083116],[126.40268896482291,35.17788098069833],[126.40265090389613,35.17790951809858],[126.4026007706001,35.177910658325224],[126.40203827759787,35.17790442416456],[126.40174133072867,35.17790532494389],[126.40138082741548,35.177938358220075],[126.40130540279121,35.17794524031084],[126.40117125447625,35.17797792500553],[126.4010953411136,35.17800648164023],[126.400968874724,35.17800366455872],[126.4009733066755,35.17795332896502],[126.40123663279859,35.17760832320692],[126.40124511395025,35.17759552121066],[126.4013303184035,35.177511109730865],[126.40136021924323,35.1774860835805],[126.40146907103934,35.17724310015367],[126.40145972867619,35.177238655368086],[126.40146354622985,35.17723155373197],[126.40148069326237,35.17716733743965],[126.40101215375493,35.17725658254041],[126.40099005483253,35.177261150928125],[126.40090128490388,35.1772750781502],[126.40040296638846,35.17706534475521],[126.40013945403605,35.17642310689367],[126.40006641961965,35.1762412425569],[126.39978819831062,35.17607192433079],[126.39939354941532,35.17616324271615],[126.39874183577749,35.176373618289034],[126.39804385043288,35.176326618092794],[126.39763501005403,35.17647505873286],[126.397059160268,35.17675609840828],[126.39694376342119,35.17680937734402],[126.39687783516368,35.176839991142515],[126.39680818197591,35.17687551661193],[126.39656908755332,35.176999959983306],[126.39657624492986,35.177080007183704],[126.39661177918094,35.1774595382519],[126.39662002366765,35.1775632689268],[126.39665412280644,35.17777198992797],[126.3964756948936,35.17803050298467],[126.39628277990835,35.178851249762026],[126.39627569555707,35.17889468571745],[126.39614767944694,35.17940732884758],[126.39485765540628,35.179336790911584],[126.39368934626181,35.17950680311055],[126.39224546157608,35.179700169023896],[126.39194593116156,35.179563921858296],[126.39056386819972,35.17860856741336],[126.39029891080791,35.1784228901277],[126.3900773286226,35.17799963225149],[126.38967434530126,35.17759476453151],[126.38957904245692,35.17754700821735],[126.38855014420464,35.17699894234552],[126.38814095026298,35.176759081376645],[126.38817865143655,35.176714728320206],[126.38788338549026,35.1766093814398],[126.38791580064678,35.17659210480542],[126.3877067196458,35.17647526932158],[126.3876878055863,35.17650442178241],[126.38756910522258,35.17644439535886],[126.38740852525108,35.1762602771885],[126.38712460499458,35.176233311903964],[126.38686807006114,35.17640672526228],[126.38648073473536,35.17630028591216],[126.38645360601436,35.17622633794551],[126.38652839511798,35.17612593945462],[126.38658879936033,35.17592255357944],[126.38644552667743,35.175754015911195],[126.38640670904796,35.17564044903149],[126.38632669219994,35.17554445626494],[126.3863235895867,35.1755410064274],[126.38628487673223,35.17550974987007],[126.3862646826611,35.17549456799999],[126.38621105667197,35.17544803919115],[126.38619644055845,35.175437049802355],[126.38618649761399,35.17543232137873],[126.38605806927315,35.175403493323266],[126.38594860143937,35.17537873635373],[126.38591578601344,35.17535445892902],[126.38589741355064,35.17534374785761],[126.38579467369581,35.17521432596477],[126.38577823004346,35.17521424239395],[126.38577681226495,35.1752130093739],[126.38572914578127,35.17514486960746],[126.3857151525572,35.17511534288335],[126.38571592243557,35.17510932588439],[126.38578249791145,35.17485488412992],[126.38567817984676,35.174744156795654],[126.38545828723659,35.17453216270749],[126.38533823580931,35.174424825211965],[126.38512473165974,35.17426838519593],[126.38486679614829,35.17423935660667],[126.38475990435481,35.174158638824366],[126.38448708925797,35.17398505881757],[126.38419531157736,35.174001085394515],[126.38406565685614,35.174008545715026],[126.38378492764116,35.17409207444626],[126.38360248751748,35.174011835706],[126.3834714520178,35.173924675298906],[126.38324302855634,35.17389230564135],[126.38264746163085,35.17388556942922],[126.38263369706745,35.173904273908164],[126.3816848010501,35.173271472564146],[126.3814042597516,35.173075781449896],[126.37949850737503,35.17174819858717],[126.37924961233401,35.17157554983202],[126.3778425414296,35.17059296310782],[126.37856306132875,35.17037004735993],[126.37872141308816,35.170295185394735],[126.37866320436335,35.170269089980444],[126.37841615096244,35.17016090339807],[126.37838682561753,35.17015021598102],[126.37828909719408,35.17011018079351],[126.37828362508117,35.17010516826624],[126.37801178629367,35.17015816519115],[126.37797626091776,35.170167374272864],[126.37750974472044,35.17031419741183],[126.37639842939677,35.170665568369415],[126.37637590061811,35.170603007693174],[126.37575729426086,35.16887115416862],[126.37570577937802,35.16872806263757],[126.37548137090707,35.16809239988413],[126.37537134332611,35.16778003265652],[126.37524408142042,35.167422121930706],[126.37528658401277,35.16741185908794],[126.37516893022736,35.167073619981736],[126.37495008075142,35.167126865989],[126.37414790720597,35.16731652912265],[126.37385792807943,35.1673870619739],[126.37297657681646,35.16760519490118],[126.37290263250867,35.16762320752827],[126.37288160542963,35.16756992871276],[126.37287517260086,35.16757143661908],[126.37283282999377,35.16745102396547],[126.37281496204363,35.16740088014648],[126.37175621105085,35.16766397048315],[126.37164838883908,35.16736360815528],[126.37148089425023,35.16690027160937],[126.37141916533008,35.16672920179977],[126.37122488927946,35.16620208235423],[126.37116532778661,35.16603333109275],[126.37103225058421,35.16566792264758],[126.37097029898933,35.16549607627816],[126.3706054104143,35.16450486282604],[126.3704879803467,35.16418474614672],[126.37047749261416,35.164155632491635],[126.37045878788238,35.1641046817635],[126.37041088762184,35.16397692043928],[126.370369577491,35.16386848198809]]],[[[126.37266214473497,35.15893966867127],[126.37267749390973,35.15891182494336],[126.37298918177434,35.15903876375204],[126.372972826782,35.159064682457064],[126.37266214473497,35.15893966867127]]],[[[126.46008479622972,35.1020579807762],[126.46018020087713,35.102026994686994],[126.46030596686168,35.10201384652273],[126.46020486921772,35.10222417575399],[126.46018561524926,35.102289735054136],[126.46008986452023,35.102147390187156],[126.46008479622972,35.1020579807762]]],[[[126.60645883607117,35.23290637452612],[126.60650866903285,35.23287623419723],[126.60647744713901,35.23290373124163],[126.60645883607117,35.23290637452612]]]]}}
