{"type":"Feature","bbox":[126.37883993941126,37.0806002149975,126.93959380330332,37.3774440012383],"properties":{"regionCode":"41270","version":"vworld-20260909-3f8952dfda77-p2","name":"경기도 안산시","attribution":"국토교통부/K-Geo플랫폼 · VWorld 법정구역정보, CC BY 2.0 KR; 두꺼비집 가공"},"geometry":{"type":"MultiPolygon","coordinates":[[[[126.3919141978404,37.09885496536278],[126.39201232394025,37.0988903475841],[126.39190395078835,37.0989181682173],[126.3919141978404,37.09885496536278]]],[[[126.45044965696287,37.10170783625477],[126.44995036564792,37.102667930765975],[126.44966934014226,37.102719878091406],[126.44929607752216,37.1032125727849],[126.44923347120981,37.104201712224224],[126.44858499788823,37.1045743758076],[126.44817118307692,37.10447129072284],[126.44791155774561,37.10453399330415],[126.44818860069876,37.104048584637574],[126.4482669845587,37.10367883219682],[126.44861731896012,37.103286116614946],[126.44881645170527,37.102597853558684],[126.44881748116876,37.101800774513514],[126.44853274156975,37.101153330750975],[126.44797305591283,37.1006418900228],[126.44749471035031,37.10056064844503],[126.44736365855886,37.10068917644935],[126.44716083945447,37.10074313359447],[126.44682584584716,37.10052376643359],[126.44687335753792,37.10041904359014],[126.44713675706244,37.100312378220224],[126.44720256701102,37.10009804784863],[126.44716447632209,37.09983473299371],[126.4469006002353,37.09968280822813],[126.44705352463764,37.09948909201551],[126.4473417983886,37.09934376305083],[126.44710057531556,37.099204334742396],[126.44709379049542,37.09888904357098],[126.44740881584512,37.09841505058716],[126.44769188650598,37.098285870631464],[126.44809628069854,37.098289121783154],[126.4481524445192,37.09820884680594],[126.44831294682847,37.09827809171833],[126.44845933598302,37.09814379541565],[126.44855573440083,37.09787313289202],[126.4484638138422,37.09779042409154],[126.44852759848884,37.09765575744961],[126.44834648479113,37.097488868522376],[126.44816923620269,37.09753709881374],[126.44804467997193,37.09746610213925],[126.44793414135336,37.09709061159536],[126.44820803707778,37.096827716589964],[126.44868278402497,37.09590263876861],[126.44906627257089,37.09550778221409],[126.4495332317364,37.09530623344143],[126.44966070212642,37.09559645180704],[126.44983762112562,37.09557757448154],[126.44982542926182,37.09575291782858],[126.45005742361502,37.095800633851866],[126.45026715139586,37.09571036541639],[126.45028918377034,37.09592668146404],[126.45060345270042,37.09603043024048],[126.45113528743948,37.09600956081628],[126.45159353803122,37.09578793413367],[126.451639872984,37.09594194734099],[126.45203854131798,37.09601061198193],[126.45229550230184,37.095851465973205],[126.45270939397665,37.09575510894944],[126.4525545589457,37.09629650330809],[126.45244799773724,37.096253564512025],[126.45257924131948,37.09655245561089],[126.45268124950954,37.09656110858597],[126.45289208422192,37.096849933442044],[126.45378366140687,37.09727158426702],[126.45448720117322,37.097218000820426],[126.45348484692022,37.09743638712999],[126.45343150676592,37.097499664215015],[126.45362437542285,37.09775310298898],[126.45362699374346,37.097934675298234],[126.45346373235166,37.09809638092012],[126.45357547211081,37.09791938920152],[126.45348771652263,37.09764654373974],[126.45278409091817,37.097991345873226],[126.45302507649379,37.09831206459498],[126.45335127570395,37.09842359940594],[126.45369865151835,37.09839016178901],[126.45392926565927,37.09815543202142],[126.45372525848863,37.098428670351225],[126.45334422116663,37.09846564541009],[126.45299110687553,37.09834299408168],[126.45270800022449,37.09797030699055],[126.4513225517316,37.098760713137885],[126.45041561364249,37.09948168458205],[126.45022611813535,37.09976380845584],[126.45025282199138,37.09986558062382],[126.45013115299024,37.099930776887945],[126.45007308649649,37.10055086525135],[126.45090556621264,37.1004886577555],[126.4514108449296,37.100604710871345],[126.45135101898796,37.10072185863315],[126.45082067055696,37.1006231072751],[126.4500628060314,37.10066416046901],[126.45006563191072,37.10086244264345],[126.45042860526551,37.10147447488601],[126.45044965696287,37.10170783625477]]],[[[126.44818535645334,37.10214838108239],[126.44840961574545,37.102125987808755],[126.44837351766232,37.10222156426233],[126.4481837671787,37.10224801877402],[126.44818535645334,37.10214838108239]]],[[[126.38033225112626,37.1032222745292],[126.38020564627337,37.10313455359271],[126.38055618075688,37.10297333125597],[126.38099458446752,37.10293683009358],[126.38113205054567,37.10313909550562],[126.38087905448295,37.10323419560501],[126.38033225112626,37.1032222745292]]],[[[126.38062375506719,37.10342933560065],[126.38092605982318,37.103414480810414],[126.381015942606,37.103622255337434],[126.38128223303245,37.10368138392707],[126.38137544155052,37.10389267069135],[126.38091272916294,37.10393535258859],[126.38088059135745,37.10367127663659],[126.38062377891924,37.10352177414131],[126.38062375506719,37.10342933560065]]],[[[126.44816480772859,37.104661236272435],[126.44828496043719,37.10459869678939],[126.4484298717042,37.10472084167473],[126.44816480772859,37.104661236272435]]],[[[126.44898945972763,37.104782677282245],[126.44898033207366,37.10487614574527],[126.44894295678918,37.10492972267278],[126.44890365022157,37.10483150360097],[126.44898945972763,37.104782677282245]]],[[[126.38279429731327,37.10469545226658],[126.38279124021403,37.104642624227864],[126.3829002512236,37.10468969567733],[126.38279429731327,37.10469545226658]]],[[[126.44826104427095,37.10502512651829],[126.44836037506747,37.105033508937176],[126.44832845197519,37.10510579450342],[126.44823909472305,37.10507768988704],[126.44826104427095,37.10502512651829]]],[[[126.39038675111522,37.11548352538001],[126.39024803748732,37.115701705522746],[126.38996505707354,37.11547002300277],[126.38882213784315,37.11515696810919],[126.3882142218011,37.115124937436036],[126.38776375029133,37.115209066928585],[126.38707273512193,37.11555885356023],[126.38681068816625,37.11588378656067],[126.38608215408821,37.11648319609475],[126.38565025514644,37.11649698795399],[126.38514182924567,37.116242284292674],[126.38419050931984,37.115254678642216],[126.38364654415868,37.11483509105986],[126.38276098501203,37.114544572174346],[126.38243310213011,37.114593143309996],[126.38194278668674,37.114305620706205],[126.38128716614192,37.11414225695426],[126.38032463152581,37.11431349078208],[126.38023542935647,37.11410956952696],[126.37984727060237,37.113797072324815],[126.37899830586105,37.1116261504572],[126.3791447188174,37.1114488797451],[126.37915704080295,37.11120215729947],[126.37884745583236,37.11115546446328],[126.37912853088092,37.11109062878201],[126.37924256013886,37.11065510599493],[126.37890914928052,37.11070915512983],[126.37883993941126,37.11057427272756],[126.37893836535541,37.11048409933317],[126.37920816123376,37.11053002456994],[126.37939453761567,37.11035071740353],[126.37997470152925,37.10845390427693],[126.37996293334722,37.10815308940288],[126.37967698449354,37.10807482503521],[126.37966582525979,37.10785415029178],[126.37945331047163,37.107768739097004],[126.37971790646407,37.10778434206068],[126.37981532210509,37.10754543975276],[126.37992621590475,37.1075497973296],[126.38002010697639,37.10743194202022],[126.37992931170619,37.10730680930919],[126.38004609360445,37.107295102130614],[126.37997939352715,37.10719382402104],[126.38018868191268,37.10721716726701],[126.38024645463476,37.107058990835924],[126.37991012812842,37.106847142738324],[126.37999726379772,37.10678215801277],[126.3799096538315,37.10656733927365],[126.38013092720284,37.10638974495408],[126.37988169607812,37.10628477571796],[126.3802669510253,37.10621414659431],[126.37996216272683,37.106063457641206],[126.37986786570389,37.10579703660134],[126.37976679580566,37.105698545198535],[126.37966295597407,37.10574999365424],[126.37963493664587,37.10565756823448],[126.38068155345651,37.10570244358615],[126.38092034940925,37.10577733276232],[126.38092992240112,37.105855556508494],[126.38129053213464,37.10585878481399],[126.38129579155488,37.10577765258349],[126.38143402893422,37.105758749740126],[126.38142336272955,37.105685572455826],[126.38154425805234,37.105684771423405],[126.38149100746735,37.10545014830777],[126.38203116928376,37.1055239299177],[126.38217910180722,37.1054240547334],[126.38233726288834,37.1054634704584],[126.38253927909666,37.10521185077719],[126.38268075233533,37.10518907940036],[126.38276041232072,37.10509076302985],[126.38271944242385,37.10485901797131],[126.38291695367077,37.10486060505554],[126.3835566196112,37.103901785804595],[126.38397740413323,37.10356936849718],[126.38391626784727,37.1032755145352],[126.38447504614345,37.103092530741506],[126.3847067625324,37.10315069538211],[126.38504362044314,37.10312419738885],[126.38531128931452,37.10295136687021],[126.38566528024425,37.102946956960814],[126.38582855674252,37.10283951451745],[126.38612797983328,37.102894117592825],[126.38635480986318,37.10268399488933],[126.3867458199271,37.10266461679531],[126.38698466566758,37.1024639980676],[126.38744245172198,37.10242045653146],[126.38759974657977,37.10255788765579],[126.38800871641428,37.10246868348053],[126.3887064211648,37.10201703695094],[126.38883593889824,37.10177786156702],[126.389081009626,37.10159349828649],[126.38964071929773,37.10091736569448],[126.39039993697031,37.10021305992745],[126.39045901460702,37.10004767029752],[126.39064158448512,37.10004089662458],[126.39086846525164,37.09992140120686],[126.39158297058292,37.099336230375854],[126.39218809528619,37.09911864958344],[126.39249122862672,37.09918462681587],[126.39263166296453,37.09942985773861],[126.39297195420615,37.09973712727698],[126.39447614432687,37.10055208984097],[126.39484242141252,37.10095434414747],[126.39518970474464,37.10174755498586],[126.39523255977721,37.102321115681704],[126.39514259040907,37.10267262547778],[126.39462969184821,37.103428522249715],[126.39426097751883,37.10437741123043],[126.39430551933815,37.10522608734117],[126.39444331842712,37.10544215338385],[126.3946003456426,37.10546456200427],[126.39449147791206,37.105761433454134],[126.39477094698415,37.10631281041571],[126.39468897636625,37.1071718588219],[126.39369944857879,37.10910391252283],[126.39362216962816,37.109441270241085],[126.39364089290892,37.109622665641005],[126.39419333239381,37.11073622513221],[126.39469246229426,37.11058964969468],[126.39511769880802,37.11019975540993],[126.39518636034535,37.11023413754613],[126.39472536260968,37.1106730113862],[126.39440603040956,37.110797907247466],[126.39439859203462,37.11092935823763],[126.39465236180791,37.110964940382],[126.39462890499804,37.11119525682591],[126.39374304934353,37.11099871381798],[126.39352456927419,37.11101410402527],[126.39282699718056,37.11162249120165],[126.39268734094878,37.11191867283628],[126.39267777202197,37.11269417919069],[126.39288113489272,37.112837638351955],[126.39302010368459,37.11276764593153],[126.39347328877385,37.11215573494835],[126.3935455810191,37.1121777417224],[126.39337752482399,37.11248650736292],[126.39410004839492,37.11230196587131],[126.39412483000093,37.1123488362305],[126.39334359393662,37.11259905779169],[126.39377418784355,37.113132833519686],[126.39440990202526,37.112919479678474],[126.39468523804811,37.11247574870295],[126.39484704285653,37.11252162667493],[126.39450384869025,37.11299151067536],[126.39326314661676,37.113441760155396],[126.39293108655866,37.113902145486286],[126.39138844230304,37.11454783147591],[126.39037149894203,37.11519840082737],[126.39032283963525,37.115384253199196],[126.39038675111522,37.11548352538001]]],[[[126.45394284399315,37.110865194899006],[126.4541129538002,37.11100742711198],[126.45382797823628,37.111605168313375],[126.45331484927199,37.112252006781574],[126.45322981042163,37.11272215187576],[126.45362414617028,37.11290537266067],[126.45353852956578,37.11299345201525],[126.45315941610237,37.112897136236676],[126.45267290564318,37.11289148545151],[126.4524011608565,37.11272703181136],[126.45245246020562,37.11266030311709],[126.45287640742914,37.11268305854922],[126.45303643367852,37.11240372122782],[126.45278227538279,37.111741913554276],[126.45274044569216,37.111057279524694],[126.45275148758527,37.110788174904805],[126.45298224838314,37.110397355310035],[126.45330542367147,37.11047310933533],[126.4534009220907,37.11041794757029],[126.4535021412511,37.110714617887055],[126.45394284399315,37.110865194899006]]],[[[126.39494681269015,37.111689472562446],[126.39505840962867,37.11199385590082],[126.39497436550528,37.11201392689177],[126.39486117058335,37.11170970525181],[126.39494681269015,37.111689472562446]]],[[[126.45430350501228,37.11607180957922],[126.45444053880438,37.11629261342181],[126.45440086353494,37.116605115875025],[126.45391931893047,37.11707188591524],[126.45401010199178,37.117402497911826],[126.45320534835231,37.11771604028818],[126.45312959240854,37.11766925834295],[126.45312861897114,37.117354208899265],[126.45302318521067,37.1173147093895],[126.45285895770374,37.117370366960884],[126.45260566128441,37.11721346809996],[126.45264731808484,37.11712650826794],[126.45291698824053,37.117139883700276],[126.45303416215683,37.11704136253185],[126.45292971409806,37.116868948172325],[126.45305738414464,37.116686353857574],[126.45306240090494,37.11629718598444],[126.45373999101443,37.115983335256715],[126.45430350501228,37.11607180957922]]],[[[126.4523339928701,37.11774760903386],[126.45236344110396,37.11787735124109],[126.45222114986703,37.11792228961456],[126.45226780624533,37.11778550777145],[126.4523339928701,37.11774760903386]]],[[[126.46481048594998,37.08066716530478],[126.46493167278419,37.0806002149975],[126.4650869458886,37.080629830498964],[126.4648004626358,37.08192681727677],[126.4644126109435,37.08237738177937],[126.46401575831291,37.08259880695094],[126.46371482699483,37.082566244322805],[126.46376000477244,37.08244684078704],[126.46362873789677,37.082288599489296],[126.46322300532907,37.08224058389401],[126.46325230696439,37.082047980501024],[126.46340165321529,37.082019931368706],[126.46331006762946,37.081791034084716],[126.46361234499938,37.081952320748535],[126.46364874420036,37.08181437284791],[126.46391395085776,37.08172741109837],[126.46403863315061,37.08159302323341],[126.46401843731043,37.08147075714562],[126.46424935528562,37.08149361610005],[126.46442393879703,37.08131873151383],[126.46437262525988,37.08106328378272],[126.46448992474778,37.08072506089641],[126.46467124146267,37.08071604181087],[126.46483704084322,37.08081315008121],[126.46481048594998,37.08066716530478]]],[[[126.46399443462978,37.083158070021135],[126.46411532421035,37.083084539667496],[126.46415272749383,37.083226645971415],[126.46407959087288,37.08326542128424],[126.46399443462978,37.083158070021135]]],[[[126.46405646187074,37.08349836548575],[126.46394985534839,37.08352777133655],[126.46393299573501,37.08361309921595],[126.4638248958593,37.083599868795496],[126.4638751203668,37.083371587210834],[126.46403176124855,37.08333811878816],[126.4641071113086,37.08340010034994],[126.46405646187074,37.08349836548575]]],[[[126.4606607057846,37.08822099774233],[126.46096612339124,37.088382235711194],[126.46052962419893,37.090074246620965],[126.45972599543009,37.09159795130377],[126.45917512163135,37.09215189136684],[126.45883642002087,37.09281859687956],[126.45856489534873,37.09300941774092],[126.45829611706051,37.09305056501565],[126.45776504523786,37.09270625003172],[126.4567420015203,37.09160688444408],[126.45647199469235,37.09156420756807],[126.45616878613247,37.09136909976638],[126.45557251806001,37.09134398104681],[126.45541668109695,37.09112535405743],[126.45554673423801,37.090066361045906],[126.45587984764948,37.08964869792475],[126.45590483365815,37.08939179515704],[126.45614138112546,37.08906927698062],[126.45623982309955,37.089025998920796],[126.4565259751988,37.08916194798624],[126.45688513845535,37.08908672140768],[126.4572971214971,37.08857944862711],[126.45828126315703,37.08815844230396],[126.45920095476714,37.08807601133124],[126.45945182977572,37.08818290386144],[126.45953646393328,37.088410426841],[126.45964333868288,37.08843388121407],[126.46028988939491,37.088345133138574],[126.46033050088263,37.08813779663408],[126.46050417909866,37.087991038970436],[126.46059333572038,37.08801187096967],[126.4606607057846,37.08822099774233]]],[[[126.4550780133874,37.09137209068896],[126.45520741527567,37.09135643264483],[126.45506481576616,37.091436268579336],[126.4550780133874,37.09137209068896]]],[[[126.45394866871766,37.11785629838061],[126.45378330868455,37.11806341215583],[126.45355604146224,37.117999839941255],[126.45367675589829,37.11777954000735],[126.45394866871766,37.11785629838061]]],[[[126.61632879055419,37.22380205987544],[126.61776370138925,37.22385629438812],[126.61789571324331,37.22405270409608],[126.61807658214357,37.22477385161075],[126.61781223400973,37.22567336705473],[126.61764635326956,37.225801509903604],[126.6174333488221,37.22582996029777],[126.61739615895455,37.22629913604454],[126.61752420533391,37.227619509661444],[126.61739094818108,37.22777777049676],[126.61649731427208,37.228343708202914],[126.61631432722213,37.22837304748821],[126.61622586120299,37.22761969603035],[126.61662998494772,37.227135939286406],[126.61667801558083,37.226866451599285],[126.61632640952642,37.226008012019335],[126.61617053205241,37.22590172452628],[126.61628497980671,37.22579910743162],[126.61622213896356,37.22552183204718],[126.61590495031841,37.22528549891444],[126.6151372326409,37.22549208162886],[126.6147103352808,37.22540878202611],[126.61449782005509,37.22507852322053],[126.6144440025036,37.22471633770806],[126.61485676617899,37.22415782603553],[126.61464254430501,37.22402142523245],[126.61462832511477,37.22384438711017],[126.61503617396355,37.22357679434376],[126.61522203985794,37.22354167176794],[126.61561308275125,37.22368438031288],[126.61632879055419,37.22380205987544]]],[[[126.61401367414132,37.2281673686621],[126.6138763728397,37.228525537310176],[126.61396240077555,37.22898669188237],[126.61417587230893,37.22915025041428],[126.61481416745899,37.22929331272501],[126.61500046717701,37.229458390109706],[126.61420032047356,37.229804800079485],[126.61388186252415,37.229747051332055],[126.61359017164956,37.22943077392037],[126.61334781446342,37.229419916994175],[126.61308283456904,37.22918856432212],[126.6129854095492,37.22869864912507],[126.61275690780788,37.22856780046457],[126.61265013865183,37.22839666693301],[126.61271378679358,37.228148889643045],[126.61328247494767,37.22778280848813],[126.61378648028632,37.22787109805795],[126.61401367414132,37.2281673686621]]],[[[126.61289687029674,37.31235625117017],[126.61411242559316,37.3127736496623],[126.61478237789566,37.31332502486049],[126.6161751406369,37.31377289059121],[126.6158920237817,37.313735923366636],[126.61490505720326,37.31388951285669],[126.6146330273843,37.31410201918128],[126.61440381182034,37.314452405504746],[126.61285780841918,37.313831170476846],[126.61270070735097,37.314026573300985],[126.61254224456299,37.31406454029571],[126.61246560384015,37.313988097483985],[126.61248933950628,37.3138204483439],[126.61060238895823,37.31305686130267],[126.6100661085104,37.31343060262584],[126.60974145335042,37.31341784528174],[126.60951355389986,37.3132060544732],[126.60904780092116,37.31326601373772],[126.60885939858177,37.31290591444171],[126.60835330943841,37.31299074055575],[126.6079887762755,37.313183607595334],[126.60750144069733,37.31321531330743],[126.60613902503205,37.31261580661408],[126.60595042939143,37.31245171591984],[126.60574018697912,37.312023141170734],[126.6054926364922,37.31174842481605],[126.60548426533323,37.311336038844516],[126.6053249335532,37.31088816591905],[126.60549984322958,37.31084788657386],[126.6055407988132,37.31098066453368],[126.6056441977718,37.31095501260415],[126.60557272769981,37.310701399438855],[126.60536711865144,37.31053395951759],[126.60530028714756,37.310244697959746],[126.6055841721727,37.31016668553003],[126.60563814761348,37.30970448165435],[126.60546556139306,37.30948402973288],[126.60497416393967,37.30913200625344],[126.58033372524442,37.2947845348717],[126.58014667289844,37.29480777683955],[126.57977908613196,37.295231903932155],[126.57920612969521,37.29566468791509],[126.57848075258313,37.295925462551814],[126.57795080398346,37.295949410698626],[126.57795091457662,37.29537246303807],[126.57841619210997,37.29529227438214],[126.5788679323242,37.29510076249412],[126.57954894172937,37.294333027103875],[126.57916156440231,37.294102373504224],[126.5790643299024,37.29414781918652],[126.57891479542873,37.29406261926624],[126.57912581125527,37.29383748283747],[126.57785325514381,37.29309601961966],[126.57758031559452,37.29327212717012],[126.57740514627417,37.29356649845929],[126.57702672546576,37.29370387991344],[126.57670224358759,37.29393215654477],[126.5759855250698,37.29484925596562],[126.57561362710976,37.29508450725167],[126.5751452684766,37.29560807359501],[126.57492840304825,37.296270696473734],[126.5745594426825,37.29668571954621],[126.57392400507644,37.297024447042425],[126.57351183877589,37.29741700912344],[126.57334834922602,37.29734473392734],[126.5738527053305,37.29663413477753],[126.57357564348469,37.29674925202752],[126.57350924917314,37.29671133098924],[126.57285704200265,37.29709434977392],[126.57269057907969,37.29708719029801],[126.57266698330822,37.29701986085419],[126.57203538380112,37.29697142825653],[126.57200907638547,37.29744628329151],[126.57292810980478,37.29747899477885],[126.57299717292418,37.29761601158585],[126.5727552456843,37.297767934430965],[126.57188378726451,37.29779570858405],[126.57170828215703,37.29773997611303],[126.57158560525593,37.29748156747817],[126.57169851019732,37.296724444054526],[126.57186892085727,37.29663989484872],[126.57281574965667,37.296688007746305],[126.57364534009183,37.29632066617848],[126.57424514602344,37.29579977649613],[126.57608661556486,37.293592220451984],[126.5761722563884,37.29335175353456],[126.57611061580407,37.29316594774317],[126.57622589550225,37.29303790887102],[126.57595458220585,37.292744851286],[126.57603266682726,37.29268694237179],[126.5759120816656,37.29265327949057],[126.57595484393362,37.29247524547711],[126.57607575637772,37.29237188867397],[126.57609081065505,37.29220162079951],[126.57645333770525,37.29193094127091],[126.57654809481872,37.29134294372951],[126.57712885852156,37.290558607917774],[126.57720319929763,37.290149680170195],[126.57667863493768,37.28947647342238],[126.57500000700851,37.28813137048847],[126.57177132166025,37.28584094424651],[126.57055497092499,37.28508992306094],[126.56952003174598,37.284633341308364],[126.56910878560754,37.28453454284271],[126.56893349916324,37.2846081939555],[126.56882389356358,37.28492581552344],[126.56867199740365,37.28493396579765],[126.5663077504642,37.28328981825309],[126.56614184765775,37.2832338234557],[126.56606003737173,37.28346962110269],[126.5657810839508,37.28352594007669],[126.56577049767284,37.28337441955906],[126.56615296225925,37.28293349612884],[126.56731264027901,37.28317627986137],[126.56801504829451,37.28315195938301],[126.5681816877165,37.283083449627966],[126.56832472937336,37.28257131877543],[126.56830891254192,37.281965073029305],[126.56805286997266,37.281182638507744],[126.56774202095926,37.28062491725028],[126.56653383969028,37.27954454118612],[126.56518766450296,37.27861539610393],[126.56469442447711,37.278366520441836],[126.56379870906942,37.2780621789936],[126.56196527163215,37.27758040172201],[126.56195418263889,37.27745269273006],[126.56167340698585,37.277338881545596],[126.56128841992941,37.27724101777165],[126.55956046865886,37.27707460472609],[126.55776680090419,37.27708865070485],[126.55695638062933,37.27723269469111],[126.55613134758622,37.27759499997072],[126.5559398959868,37.27749385402386],[126.55592913905774,37.277313642499806],[126.55649378305424,37.276732871973856],[126.55588942075387,37.27621696313198],[126.55573233428755,37.27630673746644],[126.55563539578421,37.276484247486316],[126.55567836621009,37.27668180778899],[126.55536997528607,37.27697268286713],[126.55536246216595,37.27708828462194],[126.55546707011143,37.277363546216876],[126.55612111348512,37.2780956930331],[126.55636269108271,37.27875681274823],[126.55632819589408,37.27888033156964],[126.55577930760168,37.27927902606596],[126.55423282763374,37.279724008146786],[126.55419278635951,37.28034737125477],[126.55521150446953,37.28108804994273],[126.55550055939858,37.28091842463582],[126.55617496086526,37.2808962042645],[126.5567454440784,37.28053940628568],[126.55704073069047,37.28058474346289],[126.55710622384805,37.280534062120346],[126.55702028720061,37.28040215465398],[126.5572180432236,37.280304339763546],[126.55742007910426,37.280478445292744],[126.55757981599072,37.28081912711408],[126.55742831212065,37.281136932680816],[126.55741249223131,37.28146818177055],[126.55672646541099,37.28228325642722],[126.55672475030933,37.28268529033287],[126.55662008340975,37.282920059078975],[126.5564119902914,37.28315256647085],[126.5556912595136,37.28352671048933],[126.5553566091707,37.28360389762699],[126.5550509757733,37.28357459184436],[126.55523290921903,37.28321258242276],[126.55511707026862,37.283097203980056],[126.5522741512228,37.281703229276204],[126.55164816450666,37.28158585283998],[126.55132117550902,37.28178833672102],[126.55048468694596,37.282726966515675],[126.54992711883696,37.28310217317842],[126.5487015574923,37.28381856578351],[126.5475587060102,37.28428128880142],[126.54690953646617,37.28466726871649],[126.54527791293101,37.284385683141764],[126.54466860543843,37.284614229572796],[126.544039616401,37.28465620240404],[126.54320357947766,37.28482649151807],[126.54250512954887,37.285277669917704],[126.54188607318996,37.28555125260128],[126.5413577441855,37.28607599505711],[126.54083577844217,37.28638582721711],[126.54049748140824,37.28655693515372],[126.53820399984518,37.287290855551625],[126.53687046165935,37.28784927567987],[126.53611908800373,37.288267070853074],[126.53552880926995,37.28874275089118],[126.53477942769587,37.289188160625265],[126.53441620041914,37.28932900694841],[126.53399276287153,37.289338188764376],[126.53310287059246,37.28917448677289],[126.53280589803595,37.28894804780586],[126.53282197599748,37.28871875489925],[126.5331346367066,37.28829828829644],[126.53351910913385,37.28813754596515],[126.53401626195972,37.28767453725232],[126.53458915957796,37.28756608134306],[126.53498487063504,37.287644593994884],[126.5352199880953,37.28761282857384],[126.53560210186527,37.287285459111544],[126.53597399895627,37.2872088982902],[126.5360662480758,37.28704884071377],[126.53638552710144,37.28699990412429],[126.53691299686855,37.28658535105512],[126.53721206445776,37.286554839310305],[126.53737772229834,37.286716672994594],[126.5376367968561,37.28678889338421],[126.53782364451224,37.28675190616761],[126.53796583462666,37.286676125075516],[126.53807000453206,37.286485190077194],[126.53896891613049,37.28609477214241],[126.53935481814425,37.28532884012699],[126.5393688864535,37.28474725268892],[126.53921140681383,37.28376348777142],[126.5392910601541,37.28300775147769],[126.53859551986332,37.28303280267256],[126.53925934505094,37.282961964264146],[126.53959633878642,37.28250489259898],[126.54059202965347,37.28216923519773],[126.54083280268758,37.281918221797],[126.54140959811508,37.28177359942058],[126.54205764583472,37.28134800195378],[126.54287666912907,37.281088966123924],[126.54413973917225,37.280863534043],[126.54464333274827,37.28070683564055],[126.54536954688864,37.28058745721194],[126.54626222499704,37.28055239012782],[126.54649898045713,37.28036739558421],[126.54729975646363,37.28034038484503],[126.54823704564357,37.28007226737922],[126.54851511332438,37.2798146244612],[126.54890066511675,37.27931082314934],[126.54908740630873,37.2789000688631],[126.54918181273229,37.278029535116644],[126.54901452198656,37.2769193039307],[126.54908942943152,37.27668011314798],[126.54930913229354,37.27643029002674],[126.54992628140955,37.27620404609635],[126.55048300008073,37.275818898827005],[126.55041558458089,37.2750000531791],[126.5500437977993,37.27406426981079],[126.55045192697283,37.27386391637331],[126.5505559209826,37.27367888846356],[126.55104087020051,37.27351856952081],[126.55152350316683,37.27305131057459],[126.55216875720046,37.2727020537639],[126.55388841985136,37.27202199503878],[126.55479790892566,37.27195584055559],[126.55519036125432,37.27175405282663],[126.55540896283473,37.27146700249218],[126.55559903776046,37.2708920000497],[126.55580283496472,37.269809857752776],[126.55576672233659,37.269193828361274],[126.55554770102317,37.26837997650481],[126.55586267695368,37.268094160868614],[126.55613271967349,37.26763220469212],[126.55678195936464,37.26729893868343],[126.55601965165202,37.26713311272369],[126.55376869578059,37.26719592085332],[126.5510953097386,37.26718692297017],[126.55108952768188,37.26713540665241],[126.55581240186939,37.26704498794745],[126.55771969619241,37.26743189700631],[126.55796098455369,37.26717503059459],[126.55858876827054,37.266859236258085],[126.55887009964775,37.26645281023957],[126.55898391632303,37.26579260364153],[126.55888636237825,37.26512443955923],[126.55858453514429,37.2645310998649],[126.55914737162679,37.26425011949429],[126.55925231974636,37.26394188637095],[126.5590050236719,37.26330593513437],[126.55855938179144,37.2627135017454],[126.55916586043563,37.262406533739025],[126.55936612656957,37.262153540298954],[126.55953188294441,37.26208661444795],[126.55950687549935,37.2613553864],[126.55915505539926,37.260479053012425],[126.55891183397391,37.26018460889604],[126.55886836646543,37.25993917529599],[126.55925274465048,37.25932089206159],[126.55956642418587,37.2581703560869],[126.55983754151038,37.25783500726699],[126.5602401137172,37.25764977186082],[126.56029645213138,37.257553110741064],[126.56104659649787,37.25738976151997],[126.56200225994694,37.25732840907907],[126.56283727351523,37.257025609887336],[126.56317021243966,37.256841091348484],[126.56359026369894,37.25630439741864],[126.56372921860316,37.25555959883538],[126.56258197210859,37.25573541185768],[126.56206961465642,37.255914545123176],[126.56179744941261,37.25590805848973],[126.5622546532468,37.25579532806487],[126.56240934497622,37.25559615850715],[126.56267943742257,37.25565836272151],[126.56330049216497,37.25552218447846],[126.56295810607601,37.25519884464587],[126.56287407792536,37.254593056362225],[126.56293232358036,37.25434678490967],[126.56260830712934,37.25349501782515],[126.56310790581603,37.253045100921106],[126.56288886682935,37.25253863881624],[126.56292266417032,37.25217668277418],[126.56283176482975,37.25198794971874],[126.56294274488478,37.2518616373123],[126.56266891066558,37.25157691664548],[126.56265538038885,37.251326206452525],[126.56251957412195,37.25110494223165],[126.56238804222095,37.25102761576499],[126.56112865258285,37.24937738185839],[126.56038985238074,37.24888072034895],[126.5598785500511,37.24839684674131],[126.5596405271036,37.248504924004685],[126.55960363264734,37.2486590000016],[126.55944140672004,37.24870100613666],[126.55922209289498,37.24860628359276],[126.5592829070945,37.24846186578019],[126.55886876771963,37.248532290695934],[126.55852087919558,37.24841868861196],[126.5582359658993,37.248507901230965],[126.55815671281276,37.24840831998728],[126.55785129952092,37.248303732221316],[126.55810642798176,37.24795171203902],[126.55845630759521,37.247858318393355],[126.55854293764676,37.247755922700925],[126.55651938118919,37.24709161342945],[126.55667780894753,37.247012157840295],[126.55691183702565,37.24701604299126],[126.55880135748372,37.247578614907475],[126.55917828112536,37.24726561096942],[126.56011773413081,37.24729610031982],[126.56036928436973,37.247215588814406],[126.56137057692989,37.246274114813524],[126.56156621225144,37.245856712835774],[126.56153485904164,37.24496933491487],[126.56067855043023,37.24341583559493],[126.56086662811416,37.24248015618095],[126.56122483108466,37.242042543259956],[126.55318451774183,37.242560786394726],[126.55284647085733,37.2425620254314],[126.55283845701923,37.24250121060837],[126.56127615582639,37.241980256037344],[126.56209740668805,37.24143428322803],[126.56273990608973,37.24086865146376],[126.563390695224,37.24063188119637],[126.56389691044004,37.240295667853246],[126.56455016341982,37.24025803853567],[126.56502098233327,37.23958261144178],[126.56527964571842,37.23870164224405],[126.5654687106894,37.23835571425178],[126.56577388634567,37.2381583074898],[126.56645629637313,37.237977276175066],[126.56729816656441,37.23701776660363],[126.56917608579201,37.23715514641683],[126.56928936407337,37.23698530742821],[126.56854876739598,37.23654850814043],[126.56849554807546,37.236401102331016],[126.56823561561647,37.23633478569226],[126.56738924329592,37.23641700747472],[126.5671555707822,37.236354116796406],[126.56638784808653,37.23581056770335],[126.56594294454446,37.236007741231255],[126.56573536084593,37.2363029731678],[126.56460622575581,37.236822511653685],[126.56312104174708,37.23662249860966],[126.56285276803744,37.2364064291718],[126.56239989363918,37.23629032567785],[126.56109232460716,37.23644534944383],[126.56076181502462,37.23666468818362],[126.56039534098427,37.23652977640169],[126.5597718237414,37.23610808053439],[126.55961172386199,37.23618667818649],[126.55938299717647,37.236114112696896],[126.55856691559192,37.236092927865975],[126.55843322863186,37.23664735112551],[126.55824889408576,37.23670687943952],[126.55811907382643,37.23665995616121],[126.55816479597051,37.236613579982084],[126.5580570143618,37.23649012319243],[126.55813009967663,37.23620952270709],[126.55799473449429,37.23589247467641],[126.55799245832875,37.23562820973714],[126.5572235067478,37.23489269284715],[126.55697555639628,37.234489424942474],[126.55688388770518,37.2344906941472],[126.55687905495493,37.23441901623731],[126.55641385297406,37.234121660597935],[126.55511730442353,37.233675053552695],[126.5545156947507,37.23360877434918],[126.5538087896578,37.23334340618111],[126.55248183952546,37.233581905285355],[126.55123530229416,37.23353610043573],[126.55014056444583,37.23416484626797],[126.54924051178385,37.234392908878526],[126.54889819571977,37.23440737440675],[126.54801315255672,37.23390766194786],[126.54653787347226,37.23339944951264],[126.5454537071485,37.23361243512051],[126.54478484910554,37.23345118340889],[126.5442705081487,37.23343873535162],[126.54352920171337,37.234046677329026],[126.54326305595288,37.23413535873744],[126.54289812512408,37.23411939755106],[126.54240862159544,37.23391061210628],[126.5420425413069,37.233431087949654],[126.54178508196412,37.23349776889524],[126.54175886054739,37.23343801740271],[126.54188571510984,37.23337455238231],[126.54175429620356,37.233380559382844],[126.54148749962617,37.233211788513955],[126.54154027261374,37.232872940535735],[126.54170954363016,37.232735087929996],[126.54306236683074,37.2326750085024],[126.54397061044318,37.23236283997192],[126.54424899361513,37.2319731391766],[126.54443193210359,37.23150298791551],[126.54443194058791,37.230712639966264],[126.54462072467561,37.23010914833406],[126.54456654953039,37.22970205636829],[126.54433804816125,37.22932389433671],[126.5438294294175,37.22893694092126],[126.54310040166506,37.228166218425145],[126.54281187696702,37.22802902131622],[126.54231946969432,37.228066395370256],[126.54141320552692,37.228783189124385],[126.5413047099524,37.22874123163516],[126.54109797171851,37.22893830896444],[126.54082241736326,37.228899658308045],[126.54084757689006,37.228003914379464],[126.54106627072302,37.22744224369647],[126.5411536112363,37.2274120644062],[126.54084664583453,37.227165241328635],[126.5409903134803,37.22699956588073],[126.54120425186196,37.226916967386316],[126.54188003251366,37.2257033404758],[126.54210951798935,37.22504426941287],[126.54209147834148,37.22483174522521],[126.54153932775941,37.224521371157195],[126.5414690441068,37.224103837230004],[126.54111790379957,37.22400513709272],[126.54119369850761,37.22391972355476],[126.54114269738305,37.22376589125832],[126.5412756830739,37.22372232641071],[126.54123187377152,37.22362944022992],[126.54131037304212,37.223544035884956],[126.54143145587015,37.22352866505152],[126.54161959363219,37.22335660994548],[126.54166095841867,37.22316988416727],[126.54185668369952,37.223136745056536],[126.54195935583486,37.223015077021316],[126.5420918737371,37.22310611877972],[126.54224893701108,37.22306007048659],[126.54242764854006,37.22310689261417],[126.54237606109733,37.22337430280553],[126.54260755063258,37.22410206775532],[126.5433510012161,37.22477161535929],[126.54390251306441,37.22474243882367],[126.54439598005843,37.224614930905965],[126.5451354360972,37.22428538733751],[126.54556060195172,37.224009822812654],[126.54617135955645,37.22340453954973],[126.54658761366119,37.222852804642145],[126.54690822132173,37.2222205267794],[126.54659400773974,37.221517324366204],[126.54668837966413,37.22125213141746],[126.54684475230742,37.221126357372555],[126.54726491123168,37.22131538179384],[126.54759789443074,37.22111445912252],[126.54772896455653,37.22126015501],[126.54794338741927,37.2212602528279],[126.54811892810758,37.221515114414224],[126.54803699070116,37.22155926861132],[126.54815397866275,37.221751617799306],[126.5485631080798,37.22222331407947],[126.54867252281763,37.22262420902177],[126.54948140749323,37.223188150446155],[126.54960584054061,37.22363983855307],[126.55027745188623,37.223540708220966],[126.5506008303356,37.22339795786158],[126.55199821872421,37.22352183638696],[126.55202955303314,37.2234323931318],[126.55248475132176,37.22368318764016],[126.55300582814618,37.22323452778967],[126.55329593530031,37.22273092125313],[126.55265703179836,37.222282854661835],[126.55266609733431,37.22190789356847],[126.55304303930566,37.22152264408123],[126.55332140943244,37.22135946165013],[126.5533973307589,37.221383634067465],[126.55682152472656,37.21826041211024],[126.55710915529004,37.2178803473687],[126.55652119048197,37.216858825549586],[126.55629768818379,37.21618702807002],[126.5560774441295,37.21588712815817],[126.55588333000476,37.215820651181815],[126.55618726764786,37.215287230208666],[126.55581118264716,37.215814804796416],[126.55560512397956,37.21546113818391],[126.55493940447947,37.21496001128122],[126.55353562411628,37.214430789549624],[126.55300739099451,37.214403856135604],[126.55276716659836,37.2145522704173],[126.55256212399236,37.21445473291334],[126.5512741897472,37.214978456637006],[126.54943408673344,37.21540423431492],[126.54847190194941,37.21542541166787],[126.54774474639308,37.2157895050242],[126.54768635785355,37.21558289800005],[126.54723005993006,37.21536289610865],[126.54661727089484,37.21535254053193],[126.54630540409613,37.21515241559252],[126.54577869238531,37.2151777528119],[126.54513306826853,37.214862703209874],[126.54394502830327,37.21498453265185],[126.54322530707125,37.21460564661834],[126.54342660885368,37.21431639667725],[126.54383615195512,37.21410870584043],[126.54418116142453,37.21373275025691],[126.54495018679698,37.212213721890954],[126.54481422572353,37.21221089125706],[126.54529034369742,37.21074793210597],[126.54537310621345,37.209811751193705],[126.54551667371479,37.20976275378457],[126.54557751254715,37.20925241018148],[126.5455169304121,37.20810279942237],[126.54518633294254,37.20663832609173],[126.54477302702387,37.20603947341816],[126.54452208371981,37.205958135428304],[126.54399739357643,37.20590132449076],[126.54219813293396,37.206171193488984],[126.54173933422797,37.206322488935605],[126.54171606931004,37.206455356629554],[126.54146264417153,37.20660406684232],[126.54108719235451,37.20666942624655],[126.54093594717203,37.20655464983562],[126.54004635164489,37.2069820155207],[126.5396430034991,37.20783610510975],[126.53958133459373,37.20781991752617],[126.539821697336,37.207085545771434],[126.53967618041277,37.206984452035854],[126.53380051322614,37.19920025475068],[126.53387395642198,37.19906573903573],[126.53521682909863,37.19841536075065],[126.53524217173907,37.19833638469618],[126.53514738256288,37.19826196467437],[126.5353872192967,37.1980362388308],[126.53543357473228,37.198094187314524],[126.53553145004572,37.1980234688994],[126.53571028231613,37.19805629274204],[126.53576319974266,37.19797565895388],[126.53589231550264,37.19801960284698],[126.53607612745172,37.19786684946802],[126.53606239212989,37.197953944234705],[126.5361610415612,37.1979040786666],[126.53626283469077,37.197967740131304],[126.53678854112088,37.197846217773424],[126.53699632349002,37.19791801450461],[126.5370569861702,37.197852097699425],[126.53722446959351,37.19786639381831],[126.53744866584388,37.19806867147002],[126.53768119062232,37.19811523295827],[126.53769304695008,37.19823201989901],[126.53790847099341,37.19842339445928],[126.53834930222541,37.19853213957359],[126.53867447379376,37.19937249454733],[126.53906632622731,37.200042179949094],[126.53932092345578,37.2002296512576],[126.53962757881942,37.200297763564535],[126.53976615459145,37.200057263561945],[126.53973800884032,37.20036876980303],[126.53999294487673,37.20054892503283],[126.5402197373643,37.2010723199789],[126.5403130211339,37.201420629089974],[126.54034101616767,37.20224645494395],[126.54051810434301,37.20253425903339],[126.5409646910388,37.202640061169475],[126.54204543943288,37.20265093896127],[126.54224693330133,37.2027578420332],[126.54234218031655,37.20315214647795],[126.54223007292603,37.20367678838954],[126.5423594633299,37.20406401539705],[126.54223424609012,37.20508412682706],[126.54229211202069,37.205517048593485],[126.54250687115554,37.20570792623956],[126.54280118086508,37.20584354294483],[126.5443531475309,37.20564849062961],[126.54560624917966,37.20605531367412],[126.54666564375941,37.20590774608121],[126.54810314504093,37.20553813409656],[126.54883604403841,37.20544165029087],[126.54900524803948,37.2053227812894],[126.54929517227959,37.20553653043827],[126.54948120598513,37.20555602395119],[126.55105267052573,37.20502473415674],[126.55162050224517,37.20470340208544],[126.55441905532162,37.203548622983924],[126.55686648543838,37.20198654485501],[126.5588626564905,37.200330188037825],[126.55984580086694,37.19932530591068],[126.56063643424649,37.19830512299853],[126.56068092414831,37.19800796995343],[126.56051828806206,37.19713744348355],[126.56100744317402,37.196495053957065],[126.56116737107371,37.19565072773712],[126.56222826622334,37.194419446021],[126.56213627984468,37.193752251430126],[126.56217847214431,37.193149606848735],[126.56237865655353,37.19296874114984],[126.56278262598323,37.193016977972974],[126.56302341560867,37.19320250117478],[126.56308180232458,37.19359170684359],[126.56302363745009,37.19412188420737],[126.56285340485064,37.19425714188095],[126.56304802445003,37.19443642096147],[126.56297752071696,37.19486923806871],[126.56307199256412,37.19503030662967],[126.56363449256973,37.19549161524247],[126.56535127731165,37.19591201096689],[126.56548970368408,37.195979006589596],[126.56580036132887,37.19636570457276],[126.56577344795323,37.19620154383255],[126.56432586167986,37.19487328663069],[126.56384456521563,37.194177672714694],[126.56391037039738,37.19414520759447],[126.56503040817168,37.19548570206323],[126.56958075315656,37.19925407709383],[126.56979181582228,37.19851739236097],[126.5698533064275,37.19852691424824],[126.56954761291638,37.20028146239078],[126.56975697582669,37.20033344878814],[126.56970051116129,37.200523932098086],[126.56947361151107,37.200487785707004],[126.56950644462673,37.20035305473127],[126.56927674079368,37.200300859399114],[126.5691073805215,37.20055953891119],[126.56853914142076,37.200765475769586],[126.56804311172995,37.2013614029869],[126.56802187843194,37.20258495458211],[126.5681713139066,37.20295240406442],[126.56812924943769,37.20368230422471],[126.56829692044977,37.204487628473274],[126.56857076470337,37.20495832276447],[126.56937527641372,37.205599188481514],[126.5697066744014,37.20607943441741],[126.56971540902532,37.20615416246415],[126.56962961174325,37.20617648458694],[126.56929403151842,37.20587300032365],[126.5692085355299,37.20595760441331],[126.5690208514094,37.20592003279434],[126.5693959252679,37.2067193613538],[126.57174114398799,37.20847366302767],[126.57221340714239,37.20869289912726],[126.57269825050781,37.20936442127475],[126.57292081766518,37.20997841078668],[126.57258327821859,37.210682063638686],[126.57261358572764,37.21084938773172],[126.57304161514803,37.211466308648],[126.57414507042063,37.21265787268734],[126.57406855970338,37.21314954088396],[126.5743702063095,37.213883298827824],[126.57439939257738,37.21441577647118],[126.57450670500678,37.21471238975767],[126.57468055756858,37.21507479160922],[126.57518933437161,37.215602213783846],[126.57593340011191,37.21678029980383],[126.57644518028535,37.219010913539144],[126.57668464756657,37.21913145425787],[126.57673656507389,37.21946426911448],[126.57655702549616,37.21958950213927],[126.57657602240613,37.21991572005995],[126.5764498021328,37.22032028732827],[126.57618778005025,37.22063604069962],[126.57579259886363,37.220920039075594],[126.57578566749399,37.221097078628766],[126.57638204837325,37.221695152970604],[126.57646185040348,37.221879241662],[126.57679543521053,37.22203141346187],[126.57741595069494,37.22193942471777],[126.57950427798016,37.22103165037386],[126.57958665509807,37.22066362347064],[126.57986289868931,37.220452714903026],[126.58013465352384,37.220366278144844],[126.5804618688092,37.22042931241322],[126.58086384337419,37.220817984504855],[126.58131897631255,37.22078170555098],[126.58169469251435,37.22084398771224],[126.58176434747982,37.22063129059329],[126.582001855426,37.22080097558261],[126.58217417678404,37.220822685894305],[126.58227792379786,37.22072067507572],[126.58237345574504,37.220794807297295],[126.58243318344182,37.22066779176465],[126.58306584936122,37.22042628913413],[126.58379010413732,37.22033620930149],[126.58434881334966,37.22037270756558],[126.58462340313065,37.22048726449647],[126.584810930635,37.220773336532424],[126.58460867661718,37.220961937205615],[126.58457462147248,37.22116039901516],[126.58460235611655,37.22126434938563],[126.58475014676753,37.22132574151537],[126.58673595100598,37.22063128980954],[126.58680449568278,37.220020829828535],[126.58696140562746,37.219583803793654],[126.58770594422872,37.219221448867955],[126.58758134642272,37.21878867729933],[126.58761282313385,37.218087305522786],[126.58872784393522,37.215689227746736],[126.58882286616907,37.21506003351968],[126.5887640014489,37.21460964994683],[126.58917095138457,37.213991288043076],[126.58934466757327,37.213857311423986],[126.59057721760473,37.21349442981752],[126.59168397199964,37.213651986387994],[126.5921423961058,37.21385744349913],[126.59256020866626,37.214282372015276],[126.59282593374003,37.21437831961633],[126.59439007323647,37.21434286966522],[126.59483316575424,37.21424701032224],[126.59528324964175,37.21434534822107],[126.5958261142361,37.21497535412583],[126.5963202224676,37.21600559923349],[126.59711685882331,37.21645692300968],[126.59736818335973,37.216676685874795],[126.59845254843607,37.21725427887722],[126.59876588761122,37.21702549125451],[126.59905708273448,37.2169316340339],[126.60061371578283,37.21694260674469],[126.60180161134336,37.217186949954375],[126.6019748036744,37.21742012700553],[126.60196293949055,37.21763694148225],[126.60170728398504,37.21783062558319],[126.60100843402293,37.21780133375767],[126.60075308386658,37.217697122922544],[126.60048866538256,37.21746918598877],[126.60028621730801,37.21749879724436],[126.60023899313481,37.21976071455811],[126.60074256462308,37.21978936314073],[126.60086528092437,37.220084977394066],[126.60077398906154,37.220520178712995],[126.60047875002934,37.22105378142997],[126.60057245844689,37.22112849635284],[126.60054076964862,37.22134343292906],[126.60129667789472,37.22145522222849],[126.60307147304806,37.216399735420865],[126.6030254947539,37.21620638912995],[126.60279860879146,37.216056397224996],[126.60262947608523,37.21555209170349],[126.60195869215731,37.2155070223406],[126.6015541808828,37.215032785130965],[126.60129817472355,37.21417948207106],[126.60162299486886,37.213933302310465],[126.60229548730722,37.21398755169223],[126.60208582716275,37.21437966733327],[126.60218657502638,37.214423589156304],[126.60309797152065,37.21358878340391],[126.60344682618877,37.21338582148796],[126.60424216934285,37.21271740094346],[126.60482432763668,37.212411763305035],[126.60474451016366,37.21215259174349],[126.60454119314356,37.21216838475202],[126.60446093180092,37.21195316277156],[126.60442202628911,37.211818191495105],[126.60460610719218,37.21176861013036],[126.60457301980624,37.21163509985172],[126.60400219562158,37.21126185333971],[126.6035839299335,37.210753122042476],[126.6026997437248,37.209950725845104],[126.60240587353582,37.209510444300825],[126.60186752155478,37.209022000924584],[126.60168762655667,37.208742953665606],[126.60174090022018,37.20856075409124],[126.6021092078582,37.208183046560315],[126.60266999199965,37.20811180192903],[126.60289419787185,37.208478179255756],[126.60305403079222,37.20909926413181],[126.60408377265973,37.210220257680184],[126.5994233034832,37.20162712592887],[126.5974612833492,37.200224115388025],[126.59541358054982,37.198482203341264],[126.59530826289492,37.198387649903985],[126.59536339794622,37.19834743485126],[126.59789483409519,37.20040689745588],[126.59927086486458,37.201386410202204],[126.59946816241747,37.20134245717609],[126.5995465711616,37.20146434680628],[126.59945662102061,37.20151661740158],[126.60422765659813,37.21026780850451],[126.60489757412603,37.21232597720551],[126.6068254260167,37.2119828680933],[126.6074039948159,37.21180607364504],[126.60801430484064,37.21141187872331],[126.60824559061328,37.2104745468886],[126.60816354868001,37.2101420423901],[126.60820656180128,37.20984806703698],[126.61169439219877,37.208849201083524],[126.61207411271185,37.20870810654453],[126.6120077705249,37.20849681024928],[126.61240380295166,37.20836432072506],[126.61230432075283,37.208075244777795],[126.61216900188136,37.20797457919992],[126.610858590057,37.20780607414671],[126.61077807370135,37.207848636898504],[126.61059145172219,37.20776810162781],[126.60857773790877,37.207526688329956],[126.60845565989007,37.20756566108749],[126.60835427459244,37.20749821552012],[126.60692286406383,37.20726980754175],[126.60675138481626,37.207303208693425],[126.60667775423626,37.20723394469174],[126.60523497641186,37.20701241633501],[126.60444253293083,37.206972198544676],[126.60445201956037,37.20688969470426],[126.60465511726743,37.20684223816837],[126.60812090984261,37.20739058951643],[126.6123122181352,37.207938942905535],[126.6125353376075,37.20664105986372],[126.61299519433781,37.20574354575505],[126.61370181741013,37.20489868903722],[126.61428686912483,37.20451619894868],[126.61433361986931,37.204571487778345],[126.61382128596117,37.20491719769342],[126.61327601135831,37.20550129794156],[126.61287850840866,37.206145903470286],[126.61287816639451,37.20628563678752],[126.61275039972152,37.20637809907986],[126.6126072158789,37.20676260351774],[126.61242074921516,37.20803340439021],[126.6124590051857,37.20823615584962],[126.61264341675317,37.20828245156663],[126.61360109757209,37.20806967953252],[126.61388815499086,37.207813610235085],[126.61407405870216,37.20783877747985],[126.61427628325694,37.208174561946464],[126.61451781439062,37.20825339810107],[126.61452156095001,37.20852647094588],[126.6150495862876,37.20892122388238],[126.61527402811993,37.20935342758406],[126.61522351957312,37.209447864867684],[126.61490686149318,37.209469506482655],[126.61467170551144,37.20971179819081],[126.61459573732564,37.21027983098571],[126.61439378333127,37.21066219800971],[126.61450849832185,37.21097919003921],[126.61651117822814,37.21152393931581],[126.61653677244702,37.21147095050522],[126.61674951136949,37.21152680027743],[126.61667176672199,37.21168526750061],[126.61647242145449,37.211639975327344],[126.61647752336134,37.21158063216318],[126.6144940324413,37.211059416627975],[126.61371727653102,37.21139126453369],[126.61363243620646,37.211649407285385],[126.61325478453796,37.21212413424788],[126.61315631886623,37.212133930576705],[126.61335696760833,37.21230690252755],[126.61344369562012,37.21259810478306],[126.61334802189906,37.21290761702054],[126.61280178802265,37.213658583087465],[126.61214430729042,37.2139635980576],[126.6116898890374,37.21336839270034],[126.61129953617316,37.21335503907543],[126.61137063779161,37.21350183604189],[126.61156851584494,37.21347248964021],[126.6120937328015,37.214527440163245],[126.61239766192378,37.214883627396624],[126.61243758760547,37.21507129303552],[126.61233120622026,37.21582750605444],[126.61194046620703,37.21615942365426],[126.61172761515559,37.21656545707366],[126.61137567274615,37.216881985089735],[126.61063641692822,37.217201021591634],[126.61027112189691,37.21746375435933],[126.61042655079636,37.2177254676664],[126.61039142115206,37.217819583736805],[126.61098845498428,37.218461557085874],[126.61129996516223,37.218939259447815],[126.61129026015848,37.21913529451012],[126.61102390789222,37.219418861834164],[126.60951240432436,37.22085015106321],[126.60859548488521,37.22131348693392],[126.60715659718579,37.22186801875038],[126.60720362847823,37.222265605834885],[126.60449640566385,37.22384190038607],[126.6037657468604,37.22397041559062],[126.6027284139162,37.223873502900275],[126.60238290965957,37.22393756965088],[126.60227004722915,37.22414492729409],[126.60205163958368,37.22425568697351],[126.60175169673836,37.22465373274364],[126.60102910193753,37.22531742350694],[126.60108503683212,37.225439252964016],[126.60086866748803,37.22545933006904],[126.59850288175906,37.227815063295864],[126.5983956571682,37.22782557463809],[126.59753573242654,37.22737714487474],[126.59733015155909,37.227355658524296],[126.5974463834492,37.227641532199684],[126.59705003498888,37.228585060445276],[126.59601927174997,37.22967909854418],[126.59552122174773,37.22977400823161],[126.59524804567842,37.2295514724869],[126.59439014267242,37.23030653936033],[126.59336385843156,37.23046937780202],[126.59308477382773,37.230573977418494],[126.5925376434736,37.23145703507505],[126.59169069918981,37.23201406122355],[126.59131644160458,37.232109533848565],[126.59111382874389,37.23238576890041],[126.59075642194401,37.23242640580836],[126.59001905038527,37.23219015260142],[126.58952600936394,37.232205049349204],[126.58915140237028,37.23240835043054],[126.58890741114544,37.23287136843401],[126.58843486890207,37.233284376988244],[126.58803474710008,37.23334794225419],[126.58738881800741,37.23326787964347],[126.58709091816095,37.232967750656485],[126.5863858365205,37.23280279463093],[126.58623983898143,37.232618995205364],[126.58554868621113,37.232242412855975],[126.58636519181904,37.23294687271894],[126.58623680285066,37.23316851217076],[126.58625074419727,37.233406327128925],[126.58560221443447,37.23382498967168],[126.58496850659151,37.23408143248065],[126.58461460530374,37.23449748029573],[126.58432092707866,37.23465888164008],[126.58474486890219,37.234866877787596],[126.58528989081886,37.234426665512956],[126.58589293010323,37.234173708760025],[126.58723400664918,37.233935388811176],[126.58802661746604,37.233698841404454],[126.59034754515584,37.2335234591251],[126.59125997138581,37.23385479787471],[126.59142357183921,37.23399342843297],[126.59192606049032,37.23473948347614],[126.59195373054585,37.2359537218031],[126.59252353645911,37.236035714566796],[126.592742671731,37.23559329991885],[126.59328533881701,37.23525460874284],[126.59280326608676,37.2349080148832],[126.59195746159041,37.23383500170215],[126.59192994004935,37.233681071677715],[126.59290561013471,37.2331101971149],[126.59328205102278,37.23274522630945],[126.594511697773,37.23222488310679],[126.59537429538304,37.232890144410064],[126.59614494689058,37.23397647362246],[126.5963588985192,37.23396832831545],[126.59649491802008,37.23381983134267],[126.59537313324289,37.232015058757376],[126.59585220601656,37.23119097004213],[126.5972385710697,37.23023976068906],[126.59727951301728,37.23014165136677],[126.59797668823983,37.229762744295016],[126.60031201950922,37.22821684736548],[126.60259097952914,37.23044251158886],[126.60295732543086,37.23021970472453],[126.60345732174869,37.23029473419138],[126.60355191724528,37.230510524504446],[126.60365512978478,37.23053761338299],[126.6069935820681,37.23010632843976],[126.60715065625963,37.229851584452014],[126.60807784880215,37.22942653523495],[126.60856025247996,37.22946686623042],[126.6088115334924,37.22913589641908],[126.60928457183809,37.22912388844401],[126.6099611918126,37.229319986748756],[126.6100412431357,37.22941835548735],[126.61034579920256,37.229395471930054],[126.61072750838063,37.229898823928224],[126.61067738481746,37.230297972744545],[126.61020259105025,37.23067352421538],[126.60992714266715,37.23075242327349],[126.60973930341282,37.231828601849315],[126.60976587532201,37.2321611487567],[126.60966573519995,37.23225624665979],[126.60961272741918,37.232529241507166],[126.60967878439543,37.23286616851215],[126.60989971435541,37.23299416827284],[126.60996726396932,37.233317324250045],[126.61024511071606,37.23327380065839],[126.61039921510189,37.23332383655248],[126.61053001370938,37.23368484567303],[126.61074839750664,37.23376370323471],[126.61087258532977,37.23394264346531],[126.61326387049108,37.233041153596275],[126.6136026392203,37.232285250256304],[126.6144165341617,37.231792545543016],[126.61465248688258,37.23140353155444],[126.61506273468781,37.23111948900202],[126.6151158832116,37.230852548050535],[126.61528605485756,37.23070745541403],[126.61548803617805,37.23066418730848],[126.61580691752529,37.2307501174249],[126.61609602714417,37.230698146075994],[126.61667307779196,37.23035066340191],[126.61722715442666,37.230330046725314],[126.61753456161836,37.22984320634869],[126.61792730010018,37.22982300108845],[126.61861314638429,37.229511072701364],[126.61894015513742,37.229540139994626],[126.61952844459175,37.23014973011284],[126.6193971989264,37.230331957735615],[126.61937833738888,37.23057562969469],[126.6197124623428,37.23107540284456],[126.61964298949214,37.231302718947724],[126.61979457054083,37.23111513120585],[126.61977282876245,37.23002287316177],[126.61995361792667,37.230025651795685],[126.62002603035624,37.230957669629156],[126.62011808483142,37.23100901834027],[126.61962448135377,37.231624719757484],[126.61909694784407,37.232101801372416],[126.61911985585112,37.23268904696051],[126.6193025778271,37.233281438192066],[126.62035946449038,37.234006078888704],[126.62093851770493,37.235641125712],[126.62165624186352,37.23580242780719],[126.62207414420647,37.236214844525854],[126.62407678566626,37.23551463108562],[126.62401278329767,37.23535216909848],[126.62347842755904,37.235304975915525],[126.62345852099249,37.23523126165167],[126.62412026868996,37.23524813202493],[126.62431320131597,37.23505876947776],[126.6241937783446,37.23470719951103],[126.62361542514626,37.23413819430082],[126.62339585397375,37.23412050294708],[126.62332114107781,37.234015977621304],[126.62340971529034,37.22984046286878],[126.62365874075778,37.22954316332311],[126.62399724217572,37.22856029944332],[126.62374327672434,37.228327429424716],[126.62365986540038,37.228099111098224],[126.62367740794909,37.22792724684797],[126.62389481856984,37.22764717425599],[126.62381510154651,37.227188245490986],[126.62368475253894,37.22712718063178],[126.6235590901777,37.2272179048165],[126.6234986715472,37.22697759328335],[126.62336144089207,37.226834395686204],[126.62395463073496,37.2254209505028],[126.62456936402369,37.225107759701864],[126.62475082975912,37.22515819011879],[126.62484973131498,37.225325638479795],[126.6249419883569,37.22533301203534],[126.62558004798329,37.22324746703231],[126.62632500078102,37.222848639821834],[126.62710424695011,37.22220220975052],[126.6259528085337,37.22104788417141],[126.62614387590769,37.22014172065219],[126.62592344741519,37.21994802237595],[126.62594550402007,37.21985063409309],[126.62585364567565,37.219763573192274],[126.62599125796915,37.21966857007688],[126.62621286932259,37.21979309055331],[126.62636805489058,37.21913892767383],[126.62692891731822,37.21866990861864],[126.6260410470556,37.218405833841516],[126.6260534381638,37.21832622874827],[126.6269915202245,37.21858859677346],[126.62900848132881,37.21863726296823],[126.62891762660526,37.2182877890061],[126.62893732451333,37.21799268636658],[126.62904822809105,37.21794070083711],[126.62872283298933,37.21648375522651],[126.62836551924599,37.214168411016566],[126.62755890935603,37.21014165822639],[126.62746275177865,37.20999611576424],[126.6274996736845,37.20985095686563],[126.62714596684735,37.20805931342567],[126.62706259372023,37.20795139299099],[126.62700184363766,37.20732857099001],[126.62666458481314,37.205991753076376],[126.62604860629249,37.20239869985746],[126.62611553253979,37.202400262653086],[126.62624866327624,37.20285044926248],[126.62662098532002,37.20514448832689],[126.62746502166478,37.20896659840563],[126.62743313401045,37.2091145201838],[126.62781978432352,37.21100900406403],[126.6279232355663,37.211144547706304],[126.62788468547906,37.21130702109215],[126.62922423457267,37.21826314100956],[126.62967702397431,37.21823750774635],[126.6310218598765,37.217872321147965],[126.63179321489787,37.21748363254474],[126.6325059165054,37.21741435740726],[126.63290300973107,37.21726002455536],[126.63335854384754,37.2173524584658],[126.63578008931967,37.216881798262186],[126.63647479450267,37.21660195100457],[126.63702325991503,37.216568195013735],[126.63740220131396,37.216649377513626],[126.63949174373214,37.21554965183634],[126.6400599026307,37.21556392247268],[126.6421847504401,37.21437096948585],[126.64417046505388,37.21307495938962],[126.64428215732705,37.212916259403414],[126.64481686743108,37.21266239236528],[126.64539313768996,37.21215235933921],[126.64613345382138,37.21167559538915],[126.64679981039971,37.211016028803314],[126.64683849284278,37.21088152713405],[126.64693523035399,37.20844402724941],[126.64647231923726,37.208088878664746],[126.6462659089394,37.20780145134802],[126.64610302270302,37.206970225858036],[126.64486720644179,37.20622652557094],[126.6440178142795,37.20623985323879],[126.64335603227651,37.20767634619092],[126.64328489842494,37.207670212493824],[126.64386908978845,37.20627905044409],[126.64283846124435,37.2061406924859],[126.64246959371903,37.206013775853464],[126.6425598071886,37.20632087249238],[126.64240077422666,37.20637497783717],[126.64222130218836,37.20630781236783],[126.64227877924753,37.20609205863458],[126.64217454613778,37.205681525563456],[126.64192793413002,37.20536510758737],[126.64189395706669,37.20473379510027],[126.64160120226829,37.20439457603518],[126.64239414183221,37.20236546373983],[126.64228831498265,37.2018807404423],[126.64253655626149,37.200872516042175],[126.6424302119368,37.20062425294515],[126.64244120719191,37.200179664892865],[126.64224236693983,37.199768475437345],[126.64222401270038,37.19925649999782],[126.641928071442,37.198957088875154],[126.6419198104849,37.198657788972966],[126.64182493290309,37.19850070232414],[126.64125314410681,37.19814302276242],[126.64126803041499,37.197632019961674],[126.64107743768078,37.1975036474198],[126.64115790619744,37.19738188039531],[126.64115068380211,37.197025494154886],[126.6413392920058,37.196987166199534],[126.6415711122912,37.1965194227538],[126.64171365917382,37.19646554862074],[126.64196170635738,37.19583036513769],[126.64214050101528,37.195770382021294],[126.64265784437733,37.19582668345222],[126.64324393189177,37.19533163882475],[126.64368162830468,37.19474143290556],[126.64320663617423,37.1923544542427],[126.64299487865141,37.192245553933866],[126.64299265323274,37.192116178988755],[126.64289036296097,37.19206625572575],[126.640835816818,37.19137803155034],[126.63828487490822,37.1920150153805],[126.63361687066197,37.19302159539261],[126.6336206861006,37.19296269611677],[126.63428982289018,37.19279294975489],[126.63446586500415,37.192679163377676],[126.63476998424284,37.19267171936078],[126.63682933593644,37.19223941129386],[126.64068449450235,37.191338617899184],[126.63255129223107,37.18860140778107],[126.63223521230535,37.18856075436708],[126.63165981802149,37.188093703667754],[126.63153888877557,37.188095850421064],[126.63096411553485,37.187502925023914],[126.63070546700497,37.18736759978077],[126.63071246433523,37.18727807677003],[126.63038378649688,37.18698007939123],[126.62996898686137,37.186690303900406],[126.63006800801958,37.18661428340441],[126.63152968843697,37.18784991998509],[126.63162787807421,37.187737007380285],[126.63155601425835,37.18761806821331],[126.63107773431702,37.187206081906524],[126.63072332926824,37.18677309534855],[126.63056473526244,37.18640607150636],[126.63045184627559,37.186296963068635],[126.63011358458084,37.18619240510327],[126.63044308847643,37.18600017501673],[126.63045969908212,37.18578539018629],[126.62965388620654,37.18459385977552],[126.62973476127713,37.184560538299614],[126.6305418460806,37.1857223750203],[126.63082754871591,37.18576156883901],[126.63177487460032,37.186221077678525],[126.63287542621963,37.186918815655304],[126.63358135585345,37.18769735365668],[126.63427774712932,37.18825136172699],[126.63427423065646,37.188341581925364],[126.63376641131963,37.1885775846375],[126.63345865511141,37.188647995647926],[126.6331505322029,37.18862240644608],[126.6330407264508,37.18871632331516],[126.63561234900368,37.189573937950044],[126.6352616803909,37.18919617506632],[126.63567931948555,37.1890016830417],[126.63588375655134,37.18926957817247],[126.63572107872034,37.18939455132352],[126.63574597806937,37.18955221685901],[126.63587338115637,37.18963311719234],[126.63749251990582,37.19016149342178],[126.6373412236817,37.18989742230998],[126.63773929408978,37.18970227756919],[126.63796867924462,37.18997770060076],[126.63774008947853,37.19011188680489],[126.63783013345456,37.190290634425885],[126.63960330819559,37.190886985664164],[126.63941907091329,37.190601713505956],[126.63981805194454,37.19039349650283],[126.64004123411993,37.19067727142299],[126.63983345710045,37.190798921217514],[126.63997486219492,37.19102854299409],[126.64294726832831,37.19201850364591],[126.64313083116559,37.191978291996904],[126.64274802509604,37.19000603646734],[126.64275334947622,37.18961399074533],[126.64433324166592,37.189572432308864],[126.64438047849136,37.18952149087521],[126.64575458661862,37.1896285918117],[126.64578954058575,37.189809901811664],[126.64567654350365,37.18999809970965],[126.64597603352992,37.19009013631697],[126.64578848160953,37.19051160123282],[126.64672332759169,37.19077658814575],[126.64679001844459,37.190654817891755],[126.64694671041148,37.190683593608085],[126.64666601651396,37.19144736499115],[126.64689375083178,37.1919522799364],[126.64712532421252,37.1920322165032],[126.64717186755165,37.19196116355509],[126.64723525563471,37.19199243826354],[126.64735224185368,37.19250116655388],[126.64726093714127,37.192553714609254],[126.64743866453131,37.19275953819922],[126.64739061470667,37.19289600302841],[126.64837598965417,37.19352190872858],[126.64816544456468,37.193706989181386],[126.64839757861051,37.19355342856599],[126.64856541527567,37.193666448331726],[126.64918699230351,37.19452526792002],[126.64910422778019,37.194465311781336],[126.64896413345575,37.194509677629924],[126.64911894576316,37.194487755650655],[126.64924392339138,37.19466993825518],[126.64945705390582,37.194792643823924],[126.6495406237758,37.19501751231585],[126.64965239288426,37.195021312666086],[126.6506705102935,37.19683099221763],[126.65085807419796,37.19694730321343],[126.65080421228656,37.19702785076903],[126.65095675739605,37.197181613746615],[126.65092982882685,37.19726659270701],[126.65116509958634,37.19771049332969],[126.6514495846765,37.19814432958943],[126.65166524524973,37.1983123872171],[126.65173002777202,37.198517143031026],[126.65192623783182,37.198594065994556],[126.65194391979286,37.198516493116216],[126.65207390475284,37.19851059290052],[126.6519872765787,37.19782854303958],[126.652189868451,37.19772934616995],[126.65257836519363,37.19781792527334],[126.65263435503095,37.198228335640344],[126.65289234911961,37.19892293378532],[126.65281972427786,37.199504682644],[126.65289900942011,37.19973658309043],[126.65276114855534,37.19976372401049],[126.65275884332331,37.19983185408953],[126.65288469957844,37.200275655457155],[126.65306253401715,37.200377534307485],[126.65297786505747,37.2005241756828],[126.65306373084638,37.200588501366255],[126.65310466124627,37.20100024589332],[126.65321245009949,37.20110554294073],[126.65314721019824,37.20126796414504],[126.65342151006273,37.202594296239326],[126.6534068718767,37.20284209603496],[126.65308640223826,37.203035973718876],[126.65286055481951,37.20296343597997],[126.65272547887105,37.2030257958244],[126.65276015494986,37.2031086503984],[126.65314959770001,37.20309682555256],[126.65342119316516,37.20294177622877],[126.65355669331738,37.20333841664147],[126.65384062983952,37.203525483396334],[126.65384525579853,37.20378507933921],[126.6537104277115,37.204094232319726],[126.6537993081118,37.20422152993203],[126.65372855224423,37.20449370066974],[126.65378884448246,37.204906872031174],[126.65421682201477,37.20564122233806],[126.6541248434849,37.20578927424008],[126.65419581911998,37.206007517803876],[126.65413306280358,37.20618529150209],[126.65426022501117,37.206275766512455],[126.65418243799168,37.206582660849534],[126.65448288518088,37.20733140665623],[126.65474260666198,37.209019282236945],[126.65499483128882,37.20962439471775],[126.65492575307468,37.210091628457356],[126.65473160271314,37.210136484132654],[126.65500410598995,37.21027928419212],[126.65504564743385,37.2107929910114],[126.654974098564,37.2108822296147],[126.65508195092107,37.21099199439263],[126.65498795203406,37.21125113160509],[126.65502749665195,37.21137263546653],[126.65494354829676,37.211445681454],[126.65495423236098,37.21188998321477],[126.65501761358932,37.212258849087874],[126.65509196438398,37.21230695453016],[126.65502674263053,37.212389084885295],[126.65510729244038,37.2124313989804],[126.6550301370401,37.21270267715968],[126.65508592339178,37.213430695664165],[126.6553256601632,37.214605356487354],[126.65536302598355,37.21522080649595],[126.65528783292076,37.215602161241335],[126.65517506638798,37.21565473327564],[126.65444554705037,37.2156131241927],[126.65438505508543,37.21589318123116],[126.65444750361418,37.215740258472906],[126.65467187607337,37.21578407365041],[126.65486240117926,37.21567511477189],[126.65527163162842,37.21570656472289],[126.6551210563033,37.21593430692309],[126.65505725009344,37.216551427417144],[126.6551230255332,37.21858319446031],[126.65495454754374,37.220009193657106],[126.65485877937219,37.222649765282576],[126.65470290188621,37.22298469001652],[126.65455038434371,37.22393877458453],[126.65468091097597,37.224521031145365],[126.65456267213068,37.224885969822985],[126.65461990353603,37.22510010688254],[126.65412827658986,37.22607360267969],[126.65664681146029,37.22677027434919],[126.65648401350504,37.2270801565932],[126.65618533184525,37.22693656595069],[126.65398230742232,37.226427349338366],[126.65388326722443,37.22663060466718],[126.65398075029033,37.22676065840315],[126.65380377852969,37.2272131225784],[126.65393263838871,37.22752681909466],[126.6536456489722,37.227680175659636],[126.65356265691823,37.228003335364505],[126.6533471786127,37.2283376318187],[126.65301686862085,37.22853821776479],[126.65262337371617,37.22903341428314],[126.6524230574832,37.22947750834586],[126.65203239485332,37.229947904417166],[126.65211170520824,37.230332431827904],[126.65189472203195,37.23064571789499],[126.65138929865623,37.23106555878199],[126.65114650793727,37.231456157406214],[126.65087607613397,37.23134723555095],[126.65057405464225,37.231074067615715],[126.65013705341296,37.23078223620245],[126.65005411632934,37.23088725037867],[126.65057436736294,37.23111090389015],[126.65102934187134,37.231470031647795],[126.65036599615279,37.232036560456486],[126.65008643502219,37.23248695738566],[126.64992739408937,37.232545750448885],[126.64920769392063,37.233189343488476],[126.64838102021098,37.234280460692915],[126.64793643778292,37.23511510819784],[126.64714491620109,37.23580542895378],[126.64685458216088,37.236448707623744],[126.64574352737586,37.23728977407354],[126.64526034877726,37.23788589779839],[126.6445794516066,37.23853087747216],[126.64425511646097,37.23922678580122],[126.64404131111141,37.23929524522291],[126.64370928624524,37.23977731262624],[126.64341754230911,37.24003580751012],[126.64340979292956,37.24029796985731],[126.64308254789626,37.24061341939106],[126.64300024356808,37.24110072579098],[126.64290874689773,37.24114939422261],[126.6422988099106,37.24082501711208],[126.64199760150346,37.24078064863481],[126.64234614689887,37.24089788313039],[126.64268342652471,37.24128977354116],[126.64239166203134,37.241548256619765],[126.64193380284466,37.2425883775072],[126.64154632923196,37.24306677361543],[126.64135191281757,37.2440970114976],[126.64110652662215,37.244275999641566],[126.64063230078733,37.245577743728106],[126.64028639218378,37.24616772295086],[126.63990477121628,37.24651412189877],[126.63943455514764,37.24621687053799],[126.63924630239524,37.24617556933664],[126.6390950048498,37.246357281453],[126.63957969457653,37.24642147809188],[126.6398045456725,37.24668043718544],[126.6394510691204,37.24829337570394],[126.63875326479982,37.24872678441244],[126.63845236049035,37.24878752497382],[126.6381930745632,37.24948770381651],[126.63881101330087,37.2491667485925],[126.63903965190606,37.24915058750867],[126.63917316303434,37.24932940003865],[126.63902362681742,37.2500006339824],[126.6389006020011,37.25018338775589],[126.63770256020915,37.25101212386043],[126.63699847607718,37.25306416520303],[126.63680859468127,37.25414077349019],[126.6367883342024,37.25515158810013],[126.6371455922173,37.25695498545426],[126.63789024404021,37.25851771955092],[126.63906085173262,37.2599931931337],[126.6415751537797,37.26228637725322],[126.6423065548534,37.2631295088713],[126.64271392209967,37.263708782830015],[126.64334007796032,37.2649194478462],[126.64367203138788,37.265890782952354],[126.64389984273886,37.266031777819435],[126.64408572432826,37.26627897741292],[126.64395167520279,37.26665755204321],[126.6438637481597,37.26848924769823],[126.6435587539406,37.26996808513643],[126.64291759749696,37.271470721548795],[126.64198151836925,37.27283853259166],[126.64101277246645,37.273826288561665],[126.64021506608478,37.27447586463363],[126.63134938259905,37.28088020283329],[126.63116724095563,37.280942158581695],[126.63106428256842,37.280772813736434],[126.64032490943805,37.27409381647705],[126.64154866727223,37.27293101035812],[126.64237577286093,37.27184501586395],[126.64268016622823,37.27131336012404],[126.64310551734717,37.27041621004904],[126.64336787326232,37.269606310963695],[126.64354848744259,37.26767170787278],[126.64336111387327,37.26767154916926],[126.64326231683897,37.267757777239915],[126.64302159508925,37.26885368599313],[126.6420814737122,37.267597109468966],[126.64190062833421,37.26749725862402],[126.64194524988139,37.26739964045428],[126.64124127433028,37.26661593170085],[126.64083724919398,37.265971060680315],[126.63958037561987,37.26465346551163],[126.64148349981065,37.262595903060465],[126.64088010837415,37.262006615991794],[126.64071589529448,37.26196332816807],[126.64018154902452,37.262877194987574],[126.63968690288692,37.263999752892005],[126.63933157653699,37.264490826405584],[126.63672813448902,37.2614648699302],[126.64297551466888,37.26899985645634],[126.6382627354288,37.271547845407966],[126.63679261931613,37.269854110242065],[126.63645603249302,37.269572781023626],[126.63575785804727,37.268605598675926],[126.6355765914175,37.26864809280729],[126.63640709494294,37.269712787838365],[126.63764573848941,37.27105696723722],[126.63758959423215,37.27128612740712],[126.63695694117098,37.27184761564742],[126.63717581866817,37.27232189712697],[126.63678752957851,37.272396467304354],[126.63653034280571,37.27235674290458],[126.63635411823748,37.27222991218448],[126.63633732037792,37.271971436030746],[126.63676339818242,37.27117956081278],[126.63661581373607,37.27110874699262],[126.63661800408119,37.27098894150478],[126.63630448845714,37.27085844663835],[126.63603559039825,37.27083533819799],[126.63592410634162,37.2705917952646],[126.63571264809308,37.27055767232008],[126.63542648496124,37.270589184107436],[126.63534811289865,37.27105770658535],[126.63506665587886,37.27107360761602],[126.63497144258558,37.270923958039816],[126.63497189394123,37.270283953299],[126.6343314713802,37.270204650660396],[126.6340915186495,37.2698992768663],[126.63390554249014,37.26980934553763],[126.63345536882413,37.2699488305499],[126.63312730726568,37.269953363831654],[126.63305514458534,37.26985920784785],[126.63311602075673,37.26944891190381],[126.63259569403931,37.269146568954724],[126.63233240785334,37.26872862467277],[126.63219722716192,37.268729268884385],[126.63171779030594,37.269166646067085],[126.63148055237639,37.269260227868834],[126.63113611855424,37.269258470129174],[126.63069286883261,37.26906250044734],[126.6303934306604,37.26901756884917],[126.62980452365107,37.26911358049122],[126.6294183290981,37.26909855081702],[126.6291310180922,37.26886120959651],[126.62878809283355,37.268157723864476],[126.62848133873473,37.26779417539854],[126.62800131796465,37.26774472454294],[126.62736042806462,37.26790565111701],[126.62670385818419,37.26794688767493],[126.62606942759766,37.268177965540744],[126.62561020817573,37.268002866418364],[126.62555796114057,37.26780041771605],[126.62567070702475,37.26755812469502],[126.6267088973212,37.265950700338756],[126.62674240309153,37.26573390018499],[126.62642738256666,37.26606419031746],[126.62582713547609,37.267154919955146],[126.62564101402823,37.26732770890573],[126.62533981424991,37.26800894883542],[126.62524721599227,37.267964180244924],[126.62520937162229,37.26803855778493],[126.62501912254403,37.268045127121084],[126.62506540788316,37.267882142082435],[126.6251994545117,37.267842325723414],[126.62509324026566,37.26782835729261],[126.62514092453601,37.26767271793649],[126.62498250121197,37.26763876228612],[126.62490715865475,37.26748607689318],[126.62476373221818,37.26747192682881],[126.62471737066414,37.267382000108405],[126.6246159392579,37.267386238312596],[126.62469899739958,37.266686036026904],[126.6246460904487,37.26662437303164],[126.62445939091026,37.26680421181247],[126.62432381386621,37.26670381271693],[126.62442945460701,37.26615810184599],[126.62419542700067,37.26635208246757],[126.62423115002623,37.26606463896794],[126.62453058298681,37.26557640704723],[126.62463477779445,37.26516263735468],[126.62452096475849,37.26489316458345],[126.62442705863509,37.26407532020228],[126.62425966186247,37.26404766815341],[126.62395499526258,37.264237765513464],[126.62382096588163,37.26442114252792],[126.62365884456491,37.26515889993611],[126.62359305082093,37.26516129547376],[126.62354701495532,37.26496517258526],[126.623157504197,37.26485759361753],[126.62277657239711,37.265083010294184],[126.62233831785669,37.26521886749136],[126.62225221375041,37.26517956917963],[126.62183082133437,37.26545296758066],[126.62148213972473,37.26541434362576],[126.62109594818634,37.265738039466555],[126.62076955928346,37.265871357336835],[126.62051397686218,37.26607656031234],[126.62007995497261,37.26612870830128],[126.61933329933844,37.26678308431674],[126.6185643831753,37.26712959868002],[126.6186222835884,37.26732037282001],[126.61844664923507,37.26723918173002],[126.61765406007345,37.268011758861675],[126.61744390003672,37.268319009963996],[126.6170299677711,37.26845501598464],[126.6168097523503,37.26872154078917],[126.61696001087081,37.268902478453136],[126.6167400879087,37.26889975611498],[126.61656257851199,37.269003621788265],[126.61596734240197,37.26981150638629],[126.61534058725694,37.27031249261713],[126.6146609516352,37.27067995081691],[126.6146842192834,37.27091953123089],[126.61445605146798,37.27086538454262],[126.61311217497338,37.27180110339408],[126.6126791033622,37.27191129030649],[126.6122064973496,37.27228373628424],[126.61171603342575,37.27251245050953],[126.6116926973503,37.275835381684566],[126.61153010534912,37.27583349801347],[126.61148767242082,37.27576858360858],[126.61136747691732,37.27336469584006],[126.6112600699161,37.273176683514855],[126.61131175287557,37.27295562241581],[126.61112085772271,37.27209861562556],[126.60916717740284,37.27315147490421],[126.60905648939665,37.27330265465051],[126.60845639316356,37.27351356802742],[126.60842832349654,37.273954972952644],[126.60828889747403,37.27395911644447],[126.60818659675418,37.27374633229504],[126.60800622855331,37.27375336686721],[126.60727988053131,37.274125266860096],[126.6065045615275,37.274386028551056],[126.60632228914552,37.274524705922865],[126.60600362760958,37.27451909443428],[126.6053098148546,37.274834362181814],[126.6053230968728,37.2752279148272],[126.60523738908576,37.275226691929696],[126.6052041661645,37.27500099878099],[126.60510711803902,37.27501219028648],[126.60457997911122,37.27529340870124],[126.60416148771654,37.275621078047195],[126.60364413524113,37.27585062397063],[126.60353772807747,37.27586868567104],[126.60363039347033,37.27575569024772],[126.60357041999318,37.27574527232662],[126.60301713786407,37.27593076919827],[126.60243298717756,37.2759822767411],[126.60126395917808,37.27653508522146],[126.60080939370596,37.27662254892558],[126.60060014990636,37.276819772826116],[126.60008407854977,37.277076833423614],[126.5999371517652,37.277104125721095],[126.59975001026186,37.27701097549034],[126.599441981563,37.277075871076576],[126.59829256565692,37.27759290832018],[126.59663906946227,37.27875843173106],[126.59603004771311,37.27906411322327],[126.59583775039428,37.279361798467015],[126.59523205457414,37.2797585341555],[126.59503165267787,37.280083770450865],[126.59444921851214,37.280397030938815],[126.59374550089028,37.280929254572236],[126.59349314512946,37.281252020809994],[126.59312452398974,37.281472807137675],[126.59292767160461,37.28184054304012],[126.59221895130136,37.28215642095407],[126.59186831912947,37.282599197125066],[126.59060255760062,37.28330237197302],[126.58969541826501,37.28367432183052],[126.5887889469193,37.2842365560154],[126.58857959373553,37.284527429342575],[126.58838540851153,37.28520288897718],[126.58844763804355,37.28528483036174],[126.58873800717302,37.28524429271549],[126.58901270227574,37.2856825814621],[126.58859930692714,37.28596277126367],[126.58837827097742,37.2859461081109],[126.58816903214604,37.286045233314375],[126.5882866839757,37.286315996796596],[126.58781908958433,37.28658476059457],[126.58760523715328,37.286508284253586],[126.58727150569032,37.286663630927926],[126.58702432304503,37.286654524387934],[126.58643436315117,37.286165762441925],[126.58634253277057,37.28534216715557],[126.58620632438289,37.28519119279928],[126.5855671521491,37.28332238619444],[126.58554292785298,37.28404219086707],[126.58566705767105,37.28462262899469],[126.58521881813816,37.28499575376587],[126.58513636116567,37.2851894479223],[126.5892151018958,37.289973836542515],[126.61062885087337,37.27861352552515],[126.61077051569858,37.27844339058893],[126.61089971620301,37.27781569423399],[126.61148010474695,37.27736817486337],[126.61154842643434,37.276713642920626],[126.61163110635597,37.276668124046004],[126.6117384345748,37.276672982056745],[126.6119784505462,37.27735646502425],[126.61252108594434,37.2776929226463],[126.6127796633184,37.27825288754546],[126.61298075095655,37.27844267127221],[126.6255285108196,37.28267629956177],[126.62611952889934,37.28268713273814],[126.6261319664945,37.28256384840955],[126.62597818146834,37.2825775170687],[126.62609247121729,37.282430784760486],[126.62596497994475,37.28235112660964],[126.62598669026687,37.28222267198938],[126.62739962187219,37.2815165547115],[126.62760206051387,37.281242214478574],[126.62790045114542,37.28118439638218],[126.62798059583834,37.28089477568661],[126.62842658926273,37.28076994129337],[126.62874547423239,37.280416647114606],[126.62909954035806,37.28020527416523],[126.62920506207308,37.28025536998923],[126.62942125812141,37.28002470548746],[126.62925701587022,37.27970728877221],[126.62933429233819,37.27969034715122],[126.6305099469184,37.28077906735867],[126.63037280048098,37.280782999359914],[126.63000426299098,37.280521215167425],[126.62993403505322,37.280675612414534],[126.62976816947969,37.28072057940347],[126.62964462200648,37.28089705746478],[126.62942435828121,37.28098879457058],[126.62949576227247,37.28107538273293],[126.62936713514337,37.28119271835699],[126.62881581803035,37.28143288326869],[126.62875767023029,37.281611456953236],[126.62835087190523,37.28209287369835],[126.62808043528572,37.2822828993324],[126.62813240761416,37.282431931009455],[126.62805581766558,37.28250818894945],[126.62833830068321,37.28263805883657],[126.62864058898802,37.28255266941293],[126.63055764028161,37.281133107145585],[126.63080228772235,37.28118584225906],[126.63078730415616,37.2812730319316],[126.62887503554958,37.282634642428434],[126.62867693691717,37.28288895940301],[126.62959894477672,37.28470485564708],[126.62928594667288,37.28481159426604],[126.62888033563664,37.284097741230504],[126.6273154852725,37.28358959612516],[126.6271950899535,37.283904219110596],[126.6269511132857,37.283945213304364],[126.62656313521681,37.28371257690511],[126.62644388729234,37.283278587828114],[126.61174996183374,37.278347339145064],[126.58917106773856,37.29030921945838],[126.58439666893878,37.284603019671316],[126.58421492606125,37.28451249351166],[126.58386961392053,37.284553818873306],[126.58424870210133,37.284575116929986],[126.58441738253843,37.28475907882144],[126.58406899671367,37.2846635712521],[126.58448853047939,37.284932553129835],[126.58429296795303,37.28517304515908],[126.58405678647789,37.28579257606991],[126.58410791421548,37.285958599971856],[126.58387264291333,37.2861560266516],[126.58293941548594,37.286571660329386],[126.58257123437856,37.2868763070167],[126.58232236008809,37.28780532147386],[126.5823943399404,37.288285131505205],[126.58268518679567,37.28839973254217],[126.58227854526578,37.28835672532837],[126.58217542461549,37.288448779221774],[126.58255206352878,37.28920720068479],[126.5827565699431,37.28944355962911],[126.58287635508314,37.29015264388089],[126.58306891561904,37.290271681420556],[126.58341301880112,37.29028421856477],[126.5832741292406,37.29011856213253],[126.58351643309094,37.28993479294744],[126.58376998286158,37.29004932425362],[126.58377053102822,37.29011352391204],[126.58393291469348,37.29011550015974],[126.58402307338974,37.29025930631451],[126.58364548044516,37.29021274822372],[126.58343864706583,37.290357328673764],[126.58384935685059,37.290341356303195],[126.58413695802959,37.29042039674868],[126.58394469298082,37.29050161649663],[126.5833819071833,37.29055000368583],[126.58617760544293,37.29073856654063],[126.58595339561316,37.29046690616225],[126.58620819271513,37.29040031922808],[126.58621772847827,37.29016447060981],[126.58637555507606,37.29018497109453],[126.58645733379484,37.29002938806169],[126.58685556827172,37.28985678999582],[126.58702481361858,37.2899545925033],[126.58697586788708,37.290212864289664],[126.58704944026945,37.29044427216489],[126.58745277153892,37.29075101925552],[126.58853133167997,37.29037579101651],[126.5886514475903,37.29037352333809],[126.5887340681835,37.29053472560186],[126.5881276487748,37.29082762358525],[126.58742615431987,37.29100145019603],[126.587100059192,37.29137808856543],[126.5868273008228,37.29128920429578],[126.58668759796481,37.29115011068289],[126.58621505313492,37.29134678680467],[126.58655389309656,37.29117467407881],[126.58649120255009,37.291007666120684],[126.58297548687663,37.29088141423092],[126.58346791536515,37.29170062736576],[126.5833947788952,37.29172933739063],[126.5828836481937,37.29110120237335],[126.58258913748894,37.29109466902042],[126.58188672975984,37.291365347215],[126.58108584950244,37.29189868310221],[126.57993218814596,37.29183991972349],[126.57912577677712,37.292033299044036],[126.57857879546745,37.2923490650541],[126.57804814063505,37.29281881271627],[126.57935246518316,37.29358077019443],[126.57951702914056,37.29342996436023],[126.57979958198229,37.29350260522299],[126.57997664432706,37.29344313769885],[126.58027349405884,37.29370206413037],[126.58056107991614,37.29337754768533],[126.5811600728449,37.293433289058115],[126.58064493507406,37.293994687296006],[126.60266052680122,37.306782197001915],[126.60291037713121,37.30691089558264],[126.60399347195745,37.30718727776362],[126.60384205045241,37.30735274335677],[126.6103284468576,37.31110587318243],[126.61085757952034,37.31133731907617],[126.61130651985371,37.31141614492974],[126.61172347451436,37.31158491790853],[126.61289687029674,37.31235625117017]]],[[[126.6335574252337,37.2777364548658],[126.63304078093344,37.27828919944981],[126.63154097172858,37.279319045314594],[126.63043554308706,37.28024025910456],[126.63072044892556,37.28068832375453],[126.62947424670489,37.27964723991438],[126.62944148485698,37.27951228706194],[126.62958027108522,37.27951631648701],[126.62985047551392,37.27972993274266],[126.63001933394575,37.27972737915963],[126.63018253305943,37.27954673565546],[126.6304488465013,37.27953514110012],[126.63073508598642,37.27939869895675],[126.63088409754123,37.279210939396584],[126.6312143679709,37.279192028441216],[126.63147602868656,37.278843583322924],[126.63153474004403,37.27833286188819],[126.6320005945253,37.27803376197501],[126.6322680963609,37.27761444863084],[126.63224577715896,37.277332743001224],[126.63282312962679,37.2765572215234],[126.63324723319282,37.276405612413754],[126.6334603214175,37.27615560468344],[126.63394088053292,37.275888960248395],[126.63447109577541,37.27538623588775],[126.6348705669731,37.27517131037878],[126.63498995368764,37.274964619994904],[126.63519129870743,37.27496114981523],[126.6352266205101,37.27509008072193],[126.63508749589606,37.27537774892684],[126.63511141181394,37.275496632738495],[126.63522316958827,37.27552071008148],[126.63512100957391,37.276309269250895],[126.63492836649543,37.27658083341636],[126.6335574252337,37.2777364548658]]],[[[126.60656096622363,37.31523094206301],[126.60702932153578,37.31616591797681],[126.6070123117567,37.316358919775745],[126.60674290553736,37.316634908861246],[126.60674927457681,37.31675549472991],[126.60641110406624,37.31692582865157],[126.60621563147127,37.31690885962584],[126.60554598490631,37.316338075589364],[126.60534279690381,37.315919019827106],[126.60527284474847,37.31585763431939],[126.60506834659736,37.315862862495116],[126.60516116039157,37.31565829468288],[126.60499744987756,37.31557773095798],[126.60502896310643,37.31544877300031],[126.60518937526015,37.315525477330674],[126.60543155263075,37.315331667092806],[126.60601328141267,37.31508020737911],[126.60609166171682,37.31498441831159],[126.6059774635373,37.31489196057848],[126.60603603008238,37.314842196997496],[126.60640776474942,37.31521037700463],[126.60656096622363,37.31523094206301]]],[[[126.88411275928162,37.376556529277394],[126.88383702432598,37.37644286321341],[126.88349907172042,37.37652271397687],[126.88278727366175,37.3771601937916],[126.8821259906314,37.37715658209084],[126.88131456368222,37.3774440012383],[126.88167577970634,37.37683449096652],[126.88169605406138,37.37595582092336],[126.88074358219433,37.375953671353706],[126.88070139251828,37.375641795769454],[126.88098081666332,37.37511129428365],[126.88072503827608,37.3747390299139],[126.88007534819569,37.37429443980858],[126.87953278279265,37.373730098472535],[126.87687550742295,37.372630976912404],[126.87621092975694,37.37216646326],[126.87616377930652,37.37195396849175],[126.87558798545007,37.371275601254624],[126.87558252092396,37.370758833771475],[126.87544375335979,37.37033948847206],[126.87515786860773,37.36997210964055],[126.87375482391127,37.36899824828884],[126.8734220485581,37.36858884553725],[126.87277922061935,37.36810853472452],[126.87231723137631,37.36717158406266],[126.8718049230385,37.366814786948865],[126.87072016862002,37.36624186062637],[126.87005749639506,37.365510150112534],[126.86913747213393,37.365111366409884],[126.86833294321175,37.3643268496195],[126.86800075708533,37.36437838408853],[126.86775037925707,37.363830107344086],[126.86741543521049,37.36361149299821],[126.86621154996885,37.363607977630295],[126.86616983700831,37.363432458717746],[126.86593151071601,37.36343088568622],[126.86563869081613,37.36235362613056],[126.86507032942231,37.36185637351415],[126.8637663004409,37.361469706162794],[126.86199219624159,37.361492682276605],[126.86089219147162,37.36129071313061],[126.85989234270644,37.360943576105626],[126.8593487168722,37.360870374477656],[126.85878340947819,37.360933493636395],[126.8576123429076,37.36053560099463],[126.85704828645872,37.36057690724032],[126.85589843274788,37.35954820960249],[126.85432588878861,37.35986184791496],[126.85348505926362,37.360344834624996],[126.85232111734062,37.36063727376528],[126.85120938301687,37.36115866599059],[126.85092499501347,37.36110618900185],[126.85034274548683,37.361744827293776],[126.85035383029721,37.36222281382483],[126.84964493567549,37.36311307034844],[126.84958775990847,37.36379062382267],[126.84928761293797,37.36423784716767],[126.8486158613403,37.364501117897476],[126.84827922523625,37.364777253761766],[126.84812025609477,37.364767902114494],[126.84718305665749,37.364151504699755],[126.8464328184768,37.36394227955171],[126.84574618211064,37.36389629199745],[126.84496081897227,37.36369793928685],[126.84425887626344,37.36337747173973],[126.84401776547534,37.363109124982394],[126.84344940919559,37.363164986085636],[126.8430821641136,37.363005042858],[126.84217903489821,37.36303708605021],[126.84183887005568,37.36314576677134],[126.84126472339386,37.36253389399018],[126.84147099646682,37.362794533146584],[126.84163626762007,37.36321917274467],[126.84059668773907,37.36371332383082],[126.84007542485622,37.36324380537113],[126.83950448880798,37.36300115650037],[126.83889946025957,37.36286010082409],[126.83845671003847,37.36312107460695],[126.83806838364575,37.363250617647395],[126.83725130723353,37.3637765821958],[126.83689543006201,37.36310454856314],[126.83664740220897,37.36296003981469],[126.83599284410928,37.36288704430527],[126.83491003180794,37.36249808675545],[126.83468493682452,37.36219142352131],[126.83272063382907,37.36226972639412],[126.83244994008223,37.362170229788504],[126.83201081970076,37.361674040646335],[126.83146881099631,37.361754355258356],[126.83085880984866,37.36195169989685],[126.83079058973814,37.36216784497928],[126.83031669464035,37.362077060051945],[126.82997766196601,37.36224776163219],[126.82993219957595,37.36238284859914],[126.83013514275616,37.36249126491749],[126.82921907253466,37.36324679090242],[126.82892471097533,37.363624789471515],[126.8276367815021,37.364082413967985],[126.82712795168752,37.364451091578395],[126.82600084897881,37.36450327588575],[126.82586221426129,37.36506191073177],[126.82521716819464,37.36574572490393],[126.82427983966694,37.36590650605507],[126.82406585242961,37.365689941406316],[126.8239986918578,37.36544656610127],[126.82373959763052,37.36521191302703],[126.82374051244278,37.36482447582099],[126.82293923213952,37.36474217821844],[126.82216122873045,37.36436256440771],[126.82148510531304,37.3638659858387],[126.82046275761367,37.36182811498716],[126.81935685424699,37.36169127195546],[126.81871494575574,37.3610685797002],[126.81876232443292,37.36014961278671],[126.81829042965101,37.35924786461103],[126.81732154071899,37.35848950358657],[126.81655586400822,37.35772244253143],[126.81666019225797,37.35660534110664],[126.8162333790732,37.355748705179046],[126.81627925791727,37.35545144021442],[126.81513698990217,37.356368686618346],[126.81462756818266,37.35697156576677],[126.8135433471271,37.357222142326165],[126.8130472305641,37.35701410099454],[126.81205541944922,37.35642686397489],[126.81193201872722,37.35612932734026],[126.81150438857124,37.35561506111132],[126.81092857517409,37.355686216399974],[126.81053372016734,37.35560448939118],[126.80951925694603,37.35506224337485],[126.80873996938529,37.355250181497155],[126.80834429609095,37.355492810785734],[126.80754240343329,37.35568971354199],[126.80642797758681,37.35452558392371],[126.80623741639255,37.354020699895145],[126.80583232922606,37.35354247136539],[126.80526853849584,37.3533253110884],[126.8051680623301,37.35291066693459],[126.80520090256854,37.35329815932413],[126.80471608928642,37.3530991289698],[126.80388042128082,37.353268929618366],[126.80368755366325,37.35364703652831],[126.80228661991788,37.354167277114904],[126.80125879754252,37.354426836051715],[126.80057123066486,37.354074274503766],[126.80031075219269,37.35440721749783],[126.79997168777108,37.35457782483977],[126.79968999741993,37.35439713976688],[126.79815571605594,37.35412420776695],[126.79775054257719,37.35369101080581],[126.79679198644807,37.35339202811471],[126.79623736338453,37.35395870075216],[126.79617947211764,37.35449922207909],[126.79599828823535,37.35471515069623],[126.79562546234874,37.35484965650551],[126.7954103822226,37.355074544781374],[126.79430763326852,37.35384722209441],[126.7922679967158,37.35265428652376],[126.791704059936,37.35251814549613],[126.79151292865508,37.35224749910298],[126.79140116661809,37.35185084299346],[126.79149158792896,37.35180594379922],[126.79131102890447,37.35179662185662],[126.79127751929897,37.35167042024858],[126.79118730057381,37.351643220732136],[126.79107569476461,37.35119252171977],[126.79045644331335,37.35065080485345],[126.79028820882608,37.350272076961],[126.79031165154012,37.34996577214618],[126.79065246641298,37.34917347302254],[126.7904843088953,37.34876772267375],[126.79059943979279,37.34794799840491],[126.79088260756826,37.34758810469249],[126.79094051019366,37.34705660557014],[126.79112251496021,37.346543346629645],[126.79155409481952,37.34557099474876],[126.79218905200004,37.34450892320007],[126.79318474716531,37.34357361136876],[126.79254218420752,37.343320191276185],[126.79103239802824,37.34244354231958],[126.78943488795284,37.340665659826136],[126.7890536117218,37.33981802318155],[126.78816402974454,37.339140666331744],[126.78800586636495,37.33920344341022],[126.78782545416438,37.33914905752416],[126.78728450843866,37.33889579154736],[126.78642853447597,37.33831758403041],[126.7855376665687,37.33809971770737],[126.78538079366879,37.3377119821738],[126.78440797339934,37.336764596412],[126.78432166739229,37.33715141768638],[126.78397069977093,37.33754722396431],[126.78401107731378,37.33878081920024],[126.78410169781652,37.33907920992959],[126.7837375131714,37.340071342810674],[126.78360459120006,37.3401450760469],[126.78354506692816,37.34035762782343],[126.78278827829335,37.340599506218474],[126.78195320117582,37.34059795955991],[126.7815368960452,37.340173707040144],[126.78132216878087,37.34028143998038],[126.78096105481256,37.340280758203534],[126.7805090557768,37.34048714827374],[126.77879328357155,37.340646115554605],[126.7779682616807,37.34105903843802],[126.77735702961051,37.341679578407444],[126.7768936192252,37.34192197394591],[126.77646446510323,37.34202928128217],[126.77567468893145,37.341964705418484],[126.77544977218463,37.341702970513055],[126.77520192979459,37.34156734263604],[126.7740174708254,37.34141190700439],[126.77385881640613,37.34162785556418],[126.77378939231575,37.34219535656767],[126.77349545139536,37.34236597603817],[126.7733262408277,37.34234762953222],[126.77266949003123,37.34307619752547],[126.77236447381628,37.3431837293733],[126.77208249483479,37.343129122010424],[126.77184606570204,37.34294845725629],[126.77112471136995,37.34264971910026],[126.77100131619122,37.34240621047008],[126.77030291133828,37.34199037998402],[126.76955848739281,37.34186277037811],[126.76913014599033,37.34169974654839],[126.76874552029122,37.34200533670034],[126.76881270249851,37.342176663657916],[126.76822498762363,37.34246383364616],[126.76803239860931,37.34270672356562],[126.76709569167166,37.34271388580878],[126.76590045083454,37.34239616440526],[126.76540399139525,37.342368133592394],[126.76503127240952,37.34246649360138],[126.7648395959831,37.342412058627694],[126.76456943311781,37.34219527265764],[126.76454729884647,37.34206006641458],[126.76429946948188,37.341915405760226],[126.76310670304089,37.340822772802916],[126.76246315169215,37.34092059482342],[126.76224893918373,37.340857092491454],[126.7617971431213,37.34098231120325],[126.76112010812385,37.340962926216086],[126.76061174282442,37.34113308455208],[126.75941977554567,37.33981517144848],[126.75759903257656,37.338001598727956],[126.75023939994247,37.33396854838257],[126.74971884754623,37.333556791881584],[126.74941419975245,37.333052409808666],[126.74758440501577,37.32569836863671],[126.7475404871217,37.325337865716705],[126.74763245633693,37.324833489000525],[126.7465496949618,37.32472303671094],[126.7385444302392,37.32967015712752],[126.72273573869536,37.313368646347705],[126.7223217123241,37.31271158967556],[126.72166991452343,37.31225609947306],[126.72126797092938,37.311806962567985],[126.72081552077863,37.31107016640507],[126.72006031348582,37.31049340786826],[126.71977995591475,37.30996546959282],[126.71906796853006,37.30950585902442],[126.7182513109043,37.30858284713955],[126.71790440503693,37.30860867057542],[126.71753916511415,37.308284080026816],[126.7214655054149,37.305886724580084],[126.72993812062248,37.303469632156656],[126.73155068632342,37.303428624015325],[126.7328481839746,37.302664359875216],[126.73267414210295,37.30075724102202],[126.73933526871156,37.298842821650894],[126.74022549995316,37.30008486570374],[126.74060458938625,37.30086000331842],[126.7432570388528,37.30000130132827],[126.7448782992483,37.299084438194775],[126.76763971193407,37.2925310212937],[126.77532396354394,37.292553957647236],[126.77536535478667,37.292023996472594],[126.77580056015915,37.29177624444958],[126.78253244035203,37.291709923669934],[126.78272577755416,37.291782643398335],[126.78291798115009,37.291974599439946],[126.78291229888237,37.29257611501972],[126.78382291675265,37.29257874066442],[126.78451033903303,37.294384377042135],[126.78577914000265,37.2944646232002],[126.78886573531294,37.29511192683015],[126.78936601227561,37.29341172646369],[126.80126405475491,37.29561933883001],[126.80249618163452,37.295768042187945],[126.8055384192062,37.29579281696522],[126.80964098939782,37.295609823721236],[126.81174475521378,37.295432863955305],[126.81264574133857,37.295516532696375],[126.81329428107226,37.29573206954042],[126.81558905108318,37.2973979367021],[126.81638260234843,37.29810172018112],[126.81746716362863,37.297951257739975],[126.81723579230405,37.29734660493529],[126.8167097081982,37.29673415718651],[126.81457546973101,37.29530331458135],[126.81450816966057,37.29510894678838],[126.817965529305,37.2934617806993],[126.81785281146408,37.29334483491329],[126.81990215645192,37.292245676146635],[126.82045702156981,37.29186755359053],[126.8209275294056,37.29134693716751],[126.82172478176851,37.29090214106408],[126.82274115043998,37.28988380395583],[126.8254902148167,37.28678955140922],[126.82665307509525,37.28464997840192],[126.82730294141527,37.281910541208475],[126.82779020111356,37.28023524702277],[126.82805923375605,37.2797485436733],[126.828031141769,37.2796076710031],[126.82814905838515,37.279620097977414],[126.82864618305557,37.279088587223455],[126.82864005627647,37.27900622548757],[126.8289230380467,37.27887463441872],[126.82888488622514,37.27879411744222],[126.82903541732317,37.27879379718114],[126.82984065957946,37.27837652728974],[126.82987107314759,37.2782897123114],[126.82996250625452,37.27834498716539],[126.83028249579756,37.27820110549583],[126.83080370166213,37.27817996276562],[126.83087548791202,37.27809735109975],[126.83092574100898,37.278163021550796],[126.83100855148263,37.27809195754986],[126.83115335862658,37.278079552537925],[126.83117848709362,37.27813653219197],[126.83199398256481,37.27806562084758],[126.83239596073388,37.27796392836854],[126.83255783642113,37.277831165932255],[126.83307971939547,37.27775721569874],[126.8339140456775,37.277836428990256],[126.83395178620447,37.27800335236144],[126.83452376898397,37.27832159409761],[126.83482347433385,37.278271378712354],[126.8349562403659,37.27840032406],[126.84012556540748,37.2755412647069],[126.84731242369081,37.26844086424555],[126.84909388177583,37.26866029531117],[126.85285215757277,37.27238357433061],[126.85329922416678,37.27234274191351],[126.85381696931546,37.27246983605014],[126.85664915954469,37.2734536045992],[126.85727177912923,37.27373864096732],[126.85780261432191,37.27385725896044],[126.85809760344395,37.27413532388548],[126.85850674250287,37.27371009815864],[126.85885558823176,37.27360245880703],[126.86118602316456,37.27318906603574],[126.86313298296001,37.273061364889955],[126.86294627584655,37.27378505503909],[126.8629907876738,37.27402626846029],[126.86312611641438,37.274096199626875],[126.86221692157633,37.275383749894786],[126.86248061202672,37.275716465685505],[126.86269781038439,37.27689363367157],[126.86261704066499,37.277226666454425],[126.86277727238455,37.277726711084384],[126.86316942257537,37.278164468305384],[126.86322483779563,37.27840215351956],[126.86295508031786,37.278678357677414],[126.86284082445962,37.27905302556545],[126.86231298159953,37.27892650230511],[126.86203045557679,37.279116749721815],[126.86211167457898,37.27929964585284],[126.86196917251468,37.27937869913007],[126.86196893333555,37.27966093601129],[126.86207747956293,37.27975009655829],[126.86224683596582,37.27963120239051],[126.86240303246544,37.27975165765793],[126.86214770835852,37.28009065961729],[126.86196458747096,37.2806715294895],[126.86208505140509,37.28078639145403],[126.86231607807287,37.280796349045545],[126.86256153672295,37.28113830816711],[126.86271184071855,37.28105953418078],[126.86302664513352,37.28127062939596],[126.86321109401119,37.281229983219944],[126.86313023714385,37.28146193070388],[126.86324313469603,37.28152271995168],[126.86379257605174,37.28149630178545],[126.86404000212916,37.2813813562948],[126.86411456076627,37.28153002388627],[126.86507364739441,37.28140580000464],[126.86632258639676,37.28145525791061],[126.86678067757714,37.28149336994684],[126.86715623536905,37.28170432309738],[126.86826535135444,37.281182392720325],[126.8691554774029,37.28106209430473],[126.87001366333844,37.28079538201691],[126.8704488067627,37.28080602770932],[126.87095442724286,37.28060750485179],[126.87160970575816,37.28056938995571],[126.87223719046295,37.27946898335469],[126.87309103535372,37.27972190875055],[126.8736161696349,37.27977089016626],[126.87386229673565,37.28033262354388],[126.87437916141506,37.280546940500386],[126.87485963747508,37.2805900737608],[126.87506014100134,37.28090340676428],[126.87569079205446,37.281156258007044],[126.87643142135856,37.2820371813368],[126.876556725014,37.28237674973507],[126.87718719728512,37.28268816229876],[126.87703096479568,37.28336523073686],[126.8772202892874,37.28389021676324],[126.8771648411014,37.28397321662992],[126.87739982120165,37.284446547996374],[126.87774684222066,37.28455908994314],[126.8781008607306,37.28481173299918],[126.87841148195314,37.28466955577969],[126.87904215944955,37.28562934937347],[126.8804098969336,37.28475702605542],[126.88052646332734,37.28472265339557],[126.8807197492663,37.28485335793531],[126.88109036289381,37.28467106759889],[126.88117893329311,37.28453262357196],[126.88187949874863,37.28441966999339],[126.88160717476389,37.283925910805856],[126.88166372482185,37.283800154664426],[126.88192576907535,37.283677544871715],[126.88296759608222,37.283720093069654],[126.88390753979743,37.28343942378876],[126.8841300334939,37.28351404276734],[126.88433231145557,37.2830541218397],[126.88459639810924,37.28298365197231],[126.8845646244559,37.28287175819511],[126.88463578008215,37.282813271239945],[126.88531721319973,37.282969614774046],[126.88551693177006,37.2828339529522],[126.88558889189451,37.282610223919534],[126.88621183188154,37.28334515395547],[126.88636548202118,37.28337710969986],[126.88660240906218,37.28325734378559],[126.8868183258569,37.2829847990143],[126.88823445224115,37.282848647415214],[126.8901505714082,37.281909400522615],[126.89036352714753,37.282542818129635],[126.89119809966859,37.28325723450809],[126.89128483044746,37.28341555472687],[126.89139059426488,37.28363135137389],[126.89115505436867,37.28384689277013],[126.89223210870554,37.28469230960522],[126.89325964308425,37.28517782874142],[126.89334623814835,37.28572850286988],[126.89321918757723,37.28659112321011],[126.89453164703728,37.28709941654166],[126.89446841631509,37.28775275090104],[126.8948383994046,37.28765954872307],[126.8956282303451,37.28789344482124],[126.89585037466048,37.28848429598828],[126.89657820070498,37.289263407584805],[126.89741973969689,37.28932233863406],[126.8987772074997,37.289661258048],[126.89915030391138,37.29007099078481],[126.89947227884228,37.290183564639406],[126.90014500801503,37.290620899291376],[126.90033495776834,37.290946288438214],[126.9007244955473,37.2911147814967],[126.90104262330904,37.29136141898482],[126.90181321792599,37.29135318611221],[126.90223500146949,37.29111032679872],[126.90256004407318,37.29067972657185],[126.9031267640449,37.290728213940746],[126.903845868315,37.291052828680655],[126.90568755035335,37.28994543590927],[126.90932040871158,37.28989495376036],[126.90974226176023,37.28999462787095],[126.9109782492987,37.29006986198622],[126.91165236921763,37.29022811798358],[126.9120572240949,37.29010759712677],[126.91281543600074,37.29011704153993],[126.91405623819782,37.290674243935825],[126.91433805189756,37.29075247015564],[126.91457264739203,37.29068326583138],[126.91562690537818,37.289624340606615],[126.91660492914193,37.287677829494896],[126.91726109919479,37.287086022244274],[126.91766222294675,37.28652347951065],[126.91776950377903,37.28592049452607],[126.91793262015209,37.28549439451189],[126.9180974780591,37.28530483756446],[126.91848543939936,37.28503633708918],[126.91928224273187,37.28482510677447],[126.92027665040429,37.28400161087744],[126.92096616079449,37.28309767633851],[126.92143873353935,37.2830034575201],[126.9225767626419,37.28185396194739],[126.92301630255223,37.28158024454158],[126.92316539430342,37.28149392596025],[126.92417615777734,37.2815745295184],[126.92477020225768,37.28127733135373],[126.92482626336172,37.28114506369513],[126.92501073615206,37.281050823827385],[126.9251948415157,37.280513126039395],[126.92592671160912,37.279436940887585],[126.92645126488932,37.279058805742395],[126.92734382596177,37.27879695066356],[126.92762039959482,37.27919762588549],[126.92752232398618,37.27941669555077],[126.92800492174942,37.28066315244728],[126.92812760767356,37.28265673474836],[126.92884235194397,37.284207317664546],[126.9291563828361,37.28596051236284],[126.9306287634846,37.286384626406196],[126.93073858247791,37.286595146317076],[126.93130811948947,37.28699687864109],[126.93149350723667,37.28748228648958],[126.93195240467004,37.28813479999027],[126.93216047996314,37.2891023755954],[126.93256416457659,37.29005075164256],[126.93272210316624,37.29022448755386],[126.93268906969844,37.29038859346065],[126.93295469533372,37.29150030901148],[126.93336021548448,37.291907587560694],[126.93367052327717,37.29201772588001],[126.93404480960308,37.292291575398785],[126.9356624736282,37.29275672255857],[126.93708762737322,37.293308486599926],[126.93780223543473,37.29411236666177],[126.93873079351445,37.29461957607504],[126.93959380330332,37.29533117901498],[126.93956718332126,37.29585734901467],[126.93934320850175,37.29661284243872],[126.93790659033775,37.29688735271717],[126.93667870890911,37.29754553883356],[126.9354093617528,37.298034582847635],[126.93508405409678,37.29858706369127],[126.93408702644086,37.299036545672536],[126.93387759429878,37.29941178599655],[126.93378325692957,37.299877852170525],[126.93339524258435,37.30034455244114],[126.93281400055736,37.30076853818783],[126.93237869249322,37.300919299086665],[126.93262466308877,37.30242243855633],[126.93295745344031,37.30310310091811],[126.93293922743389,37.30322969422571],[126.93271346327013,37.30352685347204],[126.93179022846637,37.303653134215054],[126.9314013351204,37.30397021238658],[126.9307736769763,37.305079783163364],[126.93057637860181,37.30522745429314],[126.93072428022774,37.305969752860335],[126.93057737439516,37.30657837290558],[126.93024929974577,37.30719687412636],[126.92916880006022,37.30703228445999],[126.92868107659898,37.30676409467587],[126.92618440815015,37.3069231250152],[126.92550839993024,37.30683818889926],[126.92518091825053,37.30691218875992],[126.92487710032117,37.30686233266781],[126.92367195579544,37.30649170038717],[126.92208567139022,37.30627117397184],[126.92200978720633,37.30600549992338],[126.9218319330003,37.30587468672668],[126.92148565324239,37.30568390393034],[126.92080290771202,37.30546997766988],[126.91858172066726,37.305495159334995],[126.91805231274805,37.305318807330046],[126.9173346038078,37.30533512796369],[126.91707953541106,37.30515536269307],[126.91634861389441,37.305057259101254],[126.91609534453845,37.305143474643984],[126.91581767843674,37.30535848603693],[126.91536179930901,37.305370166592965],[126.91510225369483,37.30553710757294],[126.91496492934918,37.305542331950704],[126.91574088193178,37.30593956708503],[126.91590032415704,37.30620084683403],[126.91648431097441,37.3066253968517],[126.91657660508444,37.30689516911137],[126.91634712699225,37.30731545965297],[126.91504197333357,37.30835610944135],[126.91480508071798,37.310181411076925],[126.9144926652483,37.310647452788594],[126.91427611180737,37.31128162896913],[126.9145657713995,37.31229571004339],[126.91505888503943,37.31259060939498],[126.91526210089,37.31285373041392],[126.91538565675509,37.313547172435584],[126.9154007611034,37.31463461363679],[126.91569613554285,37.31549712703317],[126.9149473982507,37.31556114299331],[126.91463807793099,37.31577804342766],[126.91402718242153,37.31592929146426],[126.91358278677077,37.31587602671647],[126.91257033953276,37.31557150638066],[126.9123064179298,37.31566621295199],[126.91211292483065,37.315836577520734],[126.91103002680654,37.316205669989806],[126.91024083242594,37.31667362178941],[126.91026033906911,37.31686801908688],[126.91012333225305,37.31719054468299],[126.91039157887712,37.31752768236249],[126.91096481964296,37.31776695529751],[126.91164657013708,37.31781695205815],[126.91195646496762,37.31803319983119],[126.91184914352408,37.31834656542969],[126.91028861698187,37.319662178190846],[126.90901312215954,37.32046237066539],[126.90868844299743,37.320588268815065],[126.90829600988316,37.32139459540097],[126.90766436255814,37.32184809636091],[126.90727184965678,37.321555076669405],[126.9068748938685,37.321679273671144],[126.90545745581221,37.32166077743072],[126.9050480925669,37.32126669843045],[126.90408761123548,37.32110715755098],[126.90359537334314,37.32108382137897],[126.9029343401896,37.3211610657511],[126.90248341592266,37.321095878583954],[126.90171342932969,37.320669622395194],[126.90006698219686,37.32022000791376],[126.89794688319702,37.320164304140775],[126.89756977449231,37.32001503787684],[126.89701245573538,37.31940796748462],[126.895850356888,37.3190048517664],[126.8952148549742,37.31851074577469],[126.89468574549623,37.319102766906674],[126.89390128827279,37.31961265831647],[126.89223383726244,37.3198491837485],[126.89143378071734,37.31986691757445],[126.89096532999692,37.3196046447579],[126.89081785010585,37.31942293432662],[126.89053706524975,37.319303031705076],[126.8903244729052,37.31910312801698],[126.88985045772428,37.31903616933317],[126.88968339889365,37.31907515061982],[126.88933608324986,37.3188755885961],[126.88790450967537,37.31771188819859],[126.88736353074619,37.317657379085226],[126.88746523699892,37.31783403540777],[126.88743073570849,37.31800690838308],[126.88706171168168,37.31817418659506],[126.88537644459558,37.31949726173429],[126.88471828089563,37.31971349140799],[126.88426771619366,37.319730254256676],[126.88399875945295,37.320179132597495],[126.8832690327612,37.32085805659543],[126.88279155753543,37.321015725985205],[126.8822763447195,37.320850230170414],[126.88183252117807,37.32112215361326],[126.88129316175366,37.321022692270105],[126.88083759159451,37.32039689866714],[126.8800816166841,37.32024141041055],[126.87985307702975,37.319900047358594],[126.87956624621904,37.31976201260992],[126.87930054410451,37.31986869010255],[126.87885618661645,37.31991047007838],[126.87800938204083,37.31951863577086],[126.87731039903318,37.319792689097156],[126.87680437947259,37.32028268513254],[126.87527969494397,37.32067053481569],[126.8737384748536,37.321240238749446],[126.87395500763306,37.321562717396475],[126.87374799204005,37.321803013161286],[126.87360681241067,37.32219229276134],[126.8725827812441,37.32263817168546],[126.87254793549172,37.323665167151184],[126.87274943737339,37.32436740481919],[126.87231346953398,37.32531742679652],[126.87236382890868,37.32617819525492],[126.8728684486702,37.326701761524966],[126.87309220846224,37.32725349679795],[126.8731965691002,37.327688299670726],[126.87321983881753,37.32854901048615],[126.87332031435876,37.328768285623404],[126.87317300320551,37.329104864178355],[126.87275500615249,37.32964758352098],[126.87293835987343,37.32991166502554],[126.8733103538028,37.32980290344801],[126.87550617831629,37.33067191203362],[126.876649942507,37.33135000936113],[126.87703635795692,37.332731903048916],[126.87988199616426,37.333289813530584],[126.88110852628068,37.33391180856997],[126.88182655977641,37.334381088128865],[126.88159364305682,37.334522824050346],[126.88098591393101,37.33530428632913],[126.88215609648582,37.33552055572455],[126.88293396755437,37.33682806712784],[126.88331650836086,37.33798710065846],[126.88417407692305,37.33793595628951],[126.88492086009548,37.33818702593784],[126.88541661597957,37.33874236489221],[126.88587267650867,37.33955651910648],[126.88616034763241,37.339874757875315],[126.8865846390013,37.34181189999698],[126.88657415773949,37.343216755219274],[126.88703657702682,37.34611439735033],[126.88681390853317,37.34652299196604],[126.8868552906456,37.346911614031384],[126.88734726091752,37.347621968654636],[126.88754280075514,37.34805492787274],[126.88833744272584,37.34866115138815],[126.88865341101938,37.34924074526609],[126.88931822591668,37.34968140963237],[126.88985853668514,37.34992276488524],[126.89054405515539,37.350519429324756],[126.891711605981,37.35118492696683],[126.89191388706591,37.351584250711845],[126.89191905326516,37.35185924556543],[126.89158688927745,37.35222935690376],[126.89139582469953,37.35229381932372],[126.89129654187192,37.35282995869769],[126.89194779695627,37.3530646588233],[126.8928960031624,37.353673937514046],[126.89390623984745,37.35376467665303],[126.89399587372215,37.354419069421674],[126.89381478838408,37.35537274320232],[126.89390410763471,37.35560690048095],[126.89412868351292,37.35583288282022],[126.89398374778483,37.356296856994526],[126.89409093547883,37.35671405325637],[126.89432853587867,37.35704541226421],[126.89475846500359,37.35733008401925],[126.89505747561398,37.35785321412153],[126.89556496058185,37.358126527423515],[126.89573647833421,37.358969017543544],[126.89638078560495,37.359487801774144],[126.89568133259998,37.36018656166125],[126.89524919225515,37.36049726703472],[126.89514021619689,37.36084287371643],[126.8948344737595,37.36127160080371],[126.8947680999062,37.36222677396837],[126.89492354528772,37.362573545581306],[126.89474617680455,37.3628093795443],[126.89462608858531,37.36317873673104],[126.894829460312,37.36369640906761],[126.89452404560994,37.36432566004881],[126.89446358605451,37.36465373640509],[126.89416711774287,37.364890229622674],[126.89432661849038,37.365871222963584],[126.89421744205731,37.36615902772433],[126.89400228435352,37.36618736530664],[126.89334813108626,37.366591524715574],[126.8928890759613,37.36715944217922],[126.89278540705956,37.36740417823169],[126.89237013168028,37.367544183983696],[126.89176835238848,37.36749819807988],[126.89204851480636,37.36782816927358],[126.89214899310649,37.36811240649663],[126.89212068923962,37.36845508214639],[126.89189543187241,37.36904973461006],[126.89158705821147,37.36952789012357],[126.8917275018593,37.3703302684614],[126.89197371014326,37.370726881154106],[126.8917990675778,37.37124360649412],[126.8911076903237,37.37211187034244],[126.89128908953387,37.372375567768785],[126.89136316225411,37.372799655417204],[126.8911682942547,37.37328963005287],[126.89086018364425,37.37364394414242],[126.89078849492948,37.37403458753788],[126.8908235270667,37.375110316076075],[126.89065633587835,37.37548412634904],[126.88925173231036,37.376034127253504],[126.88855375707575,37.37592346472942],[126.88690559068665,37.37626352676558],[126.8862591366219,37.376747765396836],[126.8854043466945,37.376749304202704],[126.88506699444602,37.37678691797587],[126.88485267946751,37.37689242216735],[126.88447107315056,37.37690959618949],[126.88411275928162,37.376556529277394]],[[126.8171541052233,37.299413076230806],[126.8173262271236,37.29965636067713],[126.81714011752275,37.299358604246315],[126.8171541052233,37.299413076230806]],[[126.82153182721329,37.30335046015323],[126.81773790266656,37.30023823308702],[126.81779917617087,37.30032483768496],[126.82153182721329,37.30335046015323]],[[126.8226226382371,37.303926065461255],[126.82303932420389,37.30403235617098],[126.82253784154355,37.30388132013998],[126.8226226382371,37.303926065461255]],[[126.82337238197306,37.30411731323739],[126.82415505949402,37.30418191421786],[126.82330372650844,37.30409980055144],[126.82337238197306,37.30411731323739]],[[126.8363529456533,37.303888084858414],[126.84110941505176,37.305729947544016],[126.8363529546641,37.3038880867117],[126.83532023778078,37.30366596702059],[126.8363529456533,37.303888084858414]],[[126.84155997086096,37.30607710922527],[126.84151837886321,37.30601268793593],[126.84127045665278,37.30584128536119],[126.84155997086096,37.30607710922527]],[[126.84178957055983,37.30651938132799],[126.84178067655445,37.30641895523468],[126.84166759731094,37.30624380981541],[126.84178957055983,37.30651938132799]],[[126.84256718177261,37.315298708083155],[126.84256735173777,37.315300711962486],[126.84275052197265,37.31585652970003],[126.84256735960585,37.3153007156117],[126.84256718177261,37.315298708083155]],[[126.84123421485728,37.3197889993187],[126.84295580434879,37.31813072741935],[126.84314423594371,37.31757892198664],[126.84301477152631,37.31599772022983],[126.84289234399465,37.31584897632837],[126.8430147625453,37.31599771477168],[126.84314422693895,37.3175789192325],[126.84295579534398,37.31813072466523],[126.84123420810946,37.319788996576996],[126.84097663683823,37.32032223463373],[126.84159147351697,37.32826875375697],[126.84108334135166,37.32829446533018],[126.84124421077621,37.33027243206891],[126.84135735589129,37.33044494911074],[126.8416071527147,37.33057406540667],[126.84121884563066,37.330819029860685],[126.84104451259255,37.33119236647706],[126.8409680211743,37.33189298058762],[126.84180509689884,37.33355544630508],[126.83996537261774,37.33407435362591],[126.83894378611207,37.33465226747711],[126.83896950608741,37.33491900572737],[126.83861160715698,37.33587557900379],[126.83853406004278,37.33687437444715],[126.83782749700919,37.337010912091955],[126.83674900751328,37.338213291605555],[126.83777400737578,37.339336324213605],[126.83804082914035,37.33976045335396],[126.83947723223692,37.3404369239099],[126.83804083814753,37.33976045610848],[126.83777401410934,37.33933632875818],[126.83674901652023,37.33821329436019],[126.8378275071211,37.33701091755679],[126.83853406904964,37.33687437720165],[126.83861161614,37.33587558446227],[126.83896951396527,37.334919008475524],[126.83894379622376,37.33465227294185],[126.83996538048766,37.33407435727532],[126.84180510702633,37.3335554499669],[126.84096802905194,37.33189298333564],[126.84104452270394,37.33119237194165],[126.84121885574203,37.33081903532524],[126.84160937386761,37.3305726761261],[126.84135736488965,37.330444952766356],[126.84124421979025,37.330272433921856],[126.84108334810021,37.32829446807189],[126.84159148028913,37.32826875379465],[126.8409766458275,37.320322239190666],[126.84123421485728,37.3197889993187]],[[126.8419487013293,37.34262806544198],[126.84150953503818,37.34217210941565],[126.84080858098224,37.34116861692508],[126.84013780074032,37.340669843940525],[126.8408085719748,37.341168614170755],[126.84150952604632,37.3421721048587],[126.8419487013293,37.34262806544198]],[[126.84151375355385,37.344335060934796],[126.84220360146318,37.34434627204437],[126.84264100086179,37.343876337966954],[126.84256939687059,37.34304541154525],[126.84213088084266,37.34270197320173],[126.84256938900747,37.34304540699468],[126.84264099298287,37.34387633521905],[126.84220359245529,37.34434626929016],[126.84151374680386,37.34433505819311],[126.84084478173773,37.344084812126084],[126.83982525465696,37.344131636595705],[126.8389490794536,37.344553358053886],[126.83850671777213,37.34545886133634],[126.83705650427716,37.34593435029301],[126.83667710689863,37.34642222129468],[126.83597528173827,37.3468877464989],[126.83557646436321,37.34701431170457],[126.83473497060915,37.34783468913256],[126.8348491823693,37.348668843332504],[126.83473497961717,37.347834691887336],[126.83557647561324,37.34701431627462],[126.83597529073037,37.34688775105625],[126.83667711364863,37.34642222403665],[126.83705651214025,37.34593435484394],[126.83850672678003,37.345458864090844],[126.83894908846139,37.34455336080834],[126.83982526365683,37.34413164025141],[126.84084478848767,37.34408481486784],[126.84151375355385,37.344335060934796]],[[126.83468269041137,37.35048763767258],[126.83441009346832,37.34998740494951],[126.83501638255085,37.34965007035199],[126.83503221888725,37.34925553444915],[126.83520517675265,37.34881183555402],[126.83511996753826,37.348777610382925],[126.8352051677445,37.34881183279928],[126.83503221101599,37.3492555307994],[126.8350163746875,37.34965006580092],[126.83441008447598,37.34998740039206],[126.83468268140304,37.35048763491779],[126.83497734680492,37.35059527172102],[126.83525312168821,37.350883878801035],[126.83497735468424,37.35059527446942],[126.83468269041137,37.35048763767258]],[[126.83731782582478,37.35270771378964],[126.83594856142902,37.35151009174338],[126.83566165318994,37.35095009324786],[126.83594855354954,37.35151008899504],[126.83697981578018,37.3524669432159],[126.83731782582478,37.35270771378964]],[[126.83738655946615,37.3541492473611],[126.83763283464926,37.35384554797137],[126.83778996910189,37.35383500916058],[126.83789655037374,37.353237970225486],[126.83749393751731,37.35269906909602],[126.83789654139663,37.353237963865624],[126.83778996010886,37.35383500460337],[126.8376328256404,37.35384554521681],[126.83738654934405,37.35414924279752],[126.83730999241943,37.354692704115514],[126.83666554911932,37.355492472860206],[126.83663050936457,37.355736735831975],[126.8374215442556,37.3563975363546],[126.83759247156053,37.356887739264614],[126.83742155326475,37.35639753910922],[126.8366305183736,37.35573673858661],[126.83666555811246,37.355492477417485],[126.83731000028345,37.35469270866645],[126.83738655946615,37.3541492473611]],[[126.8388949735654,37.358570261592206],[126.8387476228631,37.358454453529255],[126.83876175874006,37.35821203454852],[126.83851601915242,37.357683662358774],[126.83779674223446,37.35692003772098],[126.83851601240137,37.35768365961689],[126.83876174973064,37.35821203179403],[126.8387476149986,37.358454448978414],[126.8388949735654,37.358570261592206]],[[126.83967551197814,37.35855262122133],[126.83963891534874,37.35862795612776],[126.84003478433921,37.358765384376646],[126.83963892435824,37.3586279588822],[126.83967551197814,37.35855262122133]],[[126.84109404857512,37.36231823385442],[126.84113356157825,37.36236816156033],[126.84084825951808,37.361808817822656],[126.84051463992735,37.360715113643636],[126.84059762848429,37.35896077641768],[126.84051463092545,37.360715109987964],[126.84084825050819,37.36180881506833],[126.84109404857512,37.36231823385442]]]]}}
