{"type":"Feature","bbox":[126.53556509849004,37.01337772046718,127.00035368956011,37.3027856020341],"properties":{"regionCode":"41591","version":"vworld-20260909-3f8952dfda77-p2","name":"경기도 화성시 만세구","attribution":"국토교통부/K-Geo플랫폼 · VWorld 법정구역정보, CC BY 2.0 KR; 두꺼비집 가공"},"geometry":{"type":"MultiPolygon","coordinates":[[[[126.73140684332574,37.04552830751425],[126.7309896756263,37.046207802234996],[126.73080968764073,37.04628459960409],[126.73055745500103,37.046145136064936],[126.73026976834387,37.04617385664771],[126.72994748809545,37.045978759212005],[126.73006206906986,37.04579190010761],[126.73066414696792,37.04555336720326],[126.73140684332574,37.04552830751425]]],[[[126.55064983881284,37.05486434581337],[126.55056966338519,37.05491651757256],[126.55007815915891,37.054600670096846],[126.5496295639401,37.0545379036546],[126.54940151534468,37.054358437431254],[126.54932322649229,37.053975789329925],[126.54963701507592,37.05345162945145],[126.55022293927404,37.0538909933275],[126.55039585178463,37.054117753749004],[126.55064983881284,37.05486434581337]]],[[[126.55620421749619,37.06017827040414],[126.55720429122393,37.05975509835688],[126.5563013424147,37.06020026033331],[126.55786746745405,37.06115485185944],[126.55841534516352,37.06121438694262],[126.55874321546483,37.06082482193026],[126.5577943017569,37.0599529263854],[126.55872136374194,37.060754277586696],[126.56053152906125,37.06096360159905],[126.56056163151645,37.06077592330286],[126.56066722337918,37.060787846968836],[126.56059429600623,37.061234669435905],[126.56048810687649,37.06122385315541],[126.56050581924191,37.06103899105331],[126.5597981480147,37.06096454394444],[126.55971563814296,37.06133024673275],[126.55948790628383,37.06130083489049],[126.55950604474089,37.0616627676003],[126.55932759666199,37.061607318253614],[126.55836899990769,37.062049585198736],[126.55763230298777,37.06267171508991],[126.55737087913414,37.062982322628756],[126.55702708223458,37.06365142234647],[126.55703479351027,37.06435328540931],[126.5573240656098,37.06437779637557],[126.55733101936032,37.064477209116646],[126.55677770339673,37.06440160977298],[126.55644207183506,37.06407515921134],[126.55504128669453,37.06191375348234],[126.55408716635367,37.06094591516566],[126.55386064251717,37.0605311355027],[126.55341847404291,37.05997441844338],[126.55321421251769,37.059833798201254],[126.55292806834126,37.059291942759074],[126.55205280845793,37.058533621213336],[126.55186868766108,37.05828176864368],[126.55179558030301,37.058248512791735],[126.55154193268221,37.05836414804927],[126.55130631163209,37.05822584269596],[126.55136735651568,37.05807424591867],[126.55156499602381,37.057942630096534],[126.55152958626834,37.05777039355425],[126.55141344038826,37.05767651316851],[126.5515789019476,37.057506396131465],[126.55181567537994,37.05743430205207],[126.55200854028769,37.0572158953925],[126.55199834292016,37.056981491310616],[126.55215324154278,37.0567379812038],[126.55240804281492,37.05673074636316],[126.55269737541278,37.056966559767595],[126.55317258979242,37.057716603297344],[126.5535076678438,37.058053603637525],[126.5537395911558,37.0581712564279],[126.5546323122129,37.05827995618558],[126.55464072727231,37.05845542404971],[126.55479717004037,37.058638027102795],[126.55468970711392,37.05886477935495],[126.55501318781958,37.05920668755562],[126.55522414397043,37.05958430408108],[126.55555828363012,37.05987326861435],[126.55575004080433,37.05982900030587],[126.55620421749619,37.06017827040414]]],[[[126.55462685828213,37.06839780937797],[126.554813787033,37.06829968865226],[126.55490246596231,37.0684691114654],[126.55480151109788,37.0688429535164],[126.5549780207473,37.069273072401394],[126.55508427593473,37.06936071102148],[126.55558735639555,37.069438970540695],[126.555484378263,37.06951372653525],[126.55533562070801,37.0694775405205],[126.55518998927423,37.069602853958095],[126.55502432136481,37.06991507300623],[126.55505156125047,37.0700081214563],[126.55485581285436,37.07026227947779],[126.55511324287895,37.07058697894894],[126.55513852516695,37.07069403933715],[126.55504931350886,37.070749020605135],[126.55517868967011,37.07082524053882],[126.55512217214296,37.07117034315937],[126.5548379188692,37.071384761743545],[126.55434135014661,37.071482007154636],[126.55444420381855,37.07081195440058],[126.55438668373677,37.070343187951295],[126.55453637518333,37.069865624143986],[126.55479651282235,37.06969793515163],[126.55462685828213,37.06839780937797]]],[[[126.53801901847953,37.112335902196364],[126.53780976366889,37.11237117858954],[126.53782686549327,37.11219986531718],[126.53798038842775,37.112101204586885],[126.53822018665126,37.111321696362296],[126.53816181296833,37.11105018709981],[126.53828232186886,37.110940358481066],[126.53794009690237,37.109836752455],[126.53771554345737,37.109594889578496],[126.53744687890806,37.10953201079082],[126.53732941927878,37.10925557749134],[126.5373546865062,37.109087312596024],[126.53724695607944,37.10894443443739],[126.53738106249028,37.1087423461082],[126.53740286660067,37.10789515740617],[126.53749842814187,37.10775430116495],[126.5374357441658,37.10753546620545],[126.53754117047883,37.10745795508223],[126.53741289508021,37.10737650236182],[126.53751187979643,37.10725554416428],[126.537426007111,37.10718134934706],[126.5380667766939,37.10671379145033],[126.53806239554913,37.10660904482204],[126.53826294232626,37.10660120351856],[126.53824700621364,37.10651719072466],[126.5380886640339,37.10645181363044],[126.53816958184966,37.106378323397784],[126.53819507805983,37.1064314761846],[126.53829198681503,37.10640525477662],[126.53823463154275,37.10631671994441],[126.53843575702946,37.1061448224973],[126.53839188346515,37.10603534596679],[126.53847675185023,37.10604687619745],[126.538531387938,37.10506475508779],[126.53813819651388,37.10394517196735],[126.53779171244307,37.10323875367412],[126.53745172434638,37.10301145907164],[126.53737895709982,37.102873485308706],[126.53755777956884,37.102655145073875],[126.53775472278669,37.1025612644474],[126.53773004266735,37.102420234206406],[126.53794392409749,37.10219145131255],[126.53789347661441,37.10204764305066],[126.53813760413153,37.10170420109075],[126.53874304778148,37.10136645384194],[126.53892862601428,37.10109573940581],[126.53903594634608,37.1007628649727],[126.53903408935899,37.10035272160604],[126.53864058409883,37.09983251497],[126.53869389227432,37.09969952789979],[126.53862240514599,37.099392548758246],[126.53884172737934,37.09930627681001],[126.53896075624361,37.09910432639499],[126.53909229852972,37.09918950049652],[126.53923052271584,37.0989929937643],[126.53913534023445,37.0986799835302],[126.53925749397692,37.098516447473145],[126.53906090075236,37.098107125447704],[126.53918449825292,37.09791100316246],[126.53876120532358,37.09680517207663],[126.5386364471816,37.09661194212437],[126.53814628160666,37.09646578619257],[126.53797578172461,37.09628740710995],[126.53839800790843,37.09594677967954],[126.53822768431759,37.09571438266712],[126.53815212527455,37.095390350453734],[126.53823836667492,37.09514019293431],[126.53796345147275,37.095000861178356],[126.53840579379879,37.09472808124779],[126.53843485998453,37.0944457350328],[126.53867342778953,37.0946536508682],[126.53906706322438,37.0946630737118],[126.53920668462202,37.094570628550194],[126.53942582584469,37.09484072026071],[126.53910189344732,37.096433473952374],[126.53914859006676,37.09658746726442],[126.53906806560248,37.096640319192645],[126.53955155359603,37.097752084849745],[126.53977069273574,37.09776792330359],[126.53977884123377,37.09783668044617],[126.53972817620459,37.09804626618505],[126.5393777377283,37.098215812711096],[126.53942130238795,37.098510595927365],[126.53949600970526,37.09854799275703],[126.53938488581346,37.098644766224574],[126.5397513323215,37.09960796230398],[126.53987626408924,37.09964322872852],[126.53980439227891,37.099671548996966],[126.53982396547906,37.099792330105245],[126.54098449531917,37.102290880757174],[126.54119522377226,37.102444118141605],[126.54125543698439,37.1023863927024],[126.54141982955421,37.10244434370531],[126.54163358680049,37.10276137892014],[126.54130032492782,37.103722328093355],[126.54122232490268,37.10487063168276],[126.54167479049427,37.104863169320666],[126.54167822726149,37.10517864072542],[126.54118465544343,37.1051875564152],[126.54099499923385,37.10674042150692],[126.54102094967793,37.10738956735145],[126.54113513552257,37.10760569528383],[126.54105946753613,37.1082876682079],[126.54114015078287,37.10898347554303],[126.54100116508029,37.109758127775414],[126.54053069439648,37.11118896999804],[126.5405679414068,37.111772544881795],[126.54038750028504,37.11187292313364],[126.5401350946708,37.11180886778338],[126.53836665569567,37.112408497562626],[126.53801901847953,37.112335902196364]]],[[[126.53566354325878,37.114057813767936],[126.53556509849004,37.11389817481328],[126.53562684488746,37.11376816748274],[126.53589230153855,37.11360290581657],[126.53600483112994,37.11338245193811],[126.5364166875064,37.11342499796274],[126.53657877895094,37.113205963102104],[126.53660630380264,37.11330305022329],[126.5367700485792,37.11329444558186],[126.53719341127906,37.11280146551119],[126.53704067924541,37.11370425779919],[126.5367590075016,37.11377687393134],[126.53641395646531,37.11423638971971],[126.53633995681105,37.114269963376564],[126.53566354325878,37.114057813767936]]],[[[126.67652875615845,37.11601190467915],[126.6765261226535,37.116078836340776],[126.6755096292619,37.1160017771173],[126.67652875615845,37.11601190467915]]],[[[126.61181686869584,37.11786903105395],[126.61251279306886,37.11740601313554],[126.6125578568598,37.11770278719782],[126.61337802286931,37.1179613734794],[126.61390394914152,37.11865045214562],[126.61415000111303,37.1185847946742],[126.61457133584565,37.11863805295814],[126.6141530538346,37.11861724250544],[126.61392839615111,37.118679780195976],[126.61401613018894,37.11894846318461],[126.61431995807382,37.11923478271541],[126.6142897966934,37.119311129429214],[126.61355692034452,37.119484015283895],[126.6127464711357,37.11934629312624],[126.61211917839677,37.118972280643625],[126.61181604831484,37.118577975760275],[126.61181686869584,37.11786903105395]]],[[[126.64327791148219,37.142949094126934],[126.64328050437003,37.14295673901179],[126.6432495829953,37.14296174677807],[126.64327791148219,37.142949094126934]]],[[[126.63818174527051,37.141565088039826],[126.63820341440916,37.14163125471966],[126.63803850151874,37.1416712795455],[126.63786869559559,37.14149117020531],[126.63786623722531,37.14111431394069],[126.63807224823185,37.14112708932666],[126.63818174527051,37.141565088039826]]],[[[126.65263242778093,37.146852466643125],[126.65261466748974,37.14686002843446],[126.65222602865872,37.146635597027974],[126.65226037103554,37.14661667125365],[126.65263242778093,37.146852466643125]]],[[[126.6523414206452,37.1465720054666],[126.65239635716544,37.14659938292286],[126.65230497247919,37.14659209177082],[126.6523414206452,37.1465720054666]]],[[[126.65193322550341,37.14715585765023],[126.65193886817195,37.14713810580771],[126.65194400497845,37.14714818479231],[126.65193322550341,37.14715585765023]]],[[[126.65503445135342,37.16752192222462],[126.6548548066887,37.167367912836994],[126.65477439113666,37.16710738361741],[126.65518469804702,37.167500988585],[126.65503445135342,37.16752192222462]]],[[[126.65519863572403,37.16791805204052],[126.6543968034926,37.168025797924486],[126.65356741817607,37.16759815179836],[126.65373505626218,37.167321371080455],[126.6536927702816,37.16690351065504],[126.6540644916226,37.166708581602734],[126.65461292614523,37.167156504643444],[126.65456529439318,37.16724896564043],[126.65501141852592,37.16763712560807],[126.65525323511572,37.167781684242826],[126.65538066702439,37.16774440180892],[126.65547425117354,37.16781604871265],[126.65519863572403,37.16791805204052]]],[[[126.63245786594761,37.17486342379791],[126.63119152961868,37.17476597682487],[126.6282567522361,37.175137626461506],[126.62833816450787,37.17536320821087],[126.62808718873399,37.175417169234535],[126.62798730273961,37.17513999022769],[126.62622187390012,37.175275999892385],[126.6255726220263,37.17547561248767],[126.62572654233364,37.17585868427955],[126.6255914741198,37.175865608968145],[126.62553202491061,37.175708963363064],[126.62530861784329,37.175759455999454],[126.62525223592041,37.17593983827696],[126.62543383263598,37.17600592728554],[126.62526136821353,37.17598975783746],[126.6250558793624,37.175827559265436],[126.62413921842685,37.17610417036421],[126.62446367580607,37.17670562320119],[126.62384295983803,37.17700386940842],[126.62360121358883,37.176713292401224],[126.62270659946438,37.17709124869247],[126.62286053992393,37.17721886024864],[126.6226935031008,37.17720696555602],[126.62250339636236,37.177465977541836],[126.62274986127623,37.17740333179569],[126.6228777085535,37.17776828006523],[126.62265694899571,37.17783171132784],[126.6230579245993,37.17877198890874],[126.62296024656258,37.178797609846214],[126.62281195219958,37.17846687481665],[126.62272084251077,37.17849241652299],[126.62263920874926,37.17830596006813],[126.62262342583446,37.17851972623418],[126.62209726958781,37.17866722670959],[126.62204435703035,37.17855042881398],[126.62116358602479,37.17858026789013],[126.62069636501312,37.17838561082015],[126.62019504662217,37.177832957030006],[126.61949016417691,37.17731680402329],[126.61895185276967,37.17625408941753],[126.61785982361542,37.175233795053074],[126.61772387351307,37.17445789008277],[126.61743858123675,37.173711631831246],[126.61718875674082,37.17350245562891],[126.61718538817112,37.17340277129016],[126.6174986926704,37.17344573952948],[126.61777948274785,37.173307555017836],[126.61793151734278,37.16968247279478],[126.61830178965533,37.1659992377482],[126.6193065720692,37.16014315805501],[126.61967879814715,37.15961865183934],[126.61986929709118,37.159617859769575],[126.61995099185373,37.15970822735156],[126.62042344928084,37.16090180792369],[126.62050835120797,37.16130513744987],[126.62038162117105,37.16135163154504],[126.62026803442599,37.16117440808702],[126.62017413145294,37.16116286181682],[126.62050270049716,37.16189567861918],[126.62075072058991,37.161638544418004],[126.62095028656752,37.16207406214954],[126.62070463595394,37.162166903504115],[126.62122504045611,37.16253017124603],[126.62187876835482,37.16318569484719],[126.62227804848709,37.163440392050354],[126.6229084420066,37.163703142336644],[126.6250809583941,37.16559204922823],[126.62548448139584,37.16582154339421],[126.62556400220137,37.16596321384778],[126.62650799377764,37.16675744214473],[126.62778328067473,37.1682206898906],[126.6281827128183,37.16857249929864],[126.62820924590459,37.16876264958765],[126.62858981433033,37.169437928213355],[126.62906837953098,37.17092051547216],[126.62915032549584,37.17094632238523],[126.62923210570857,37.17140531371262],[126.6294100859627,37.171642837582205],[126.62955185153315,37.17227388109685],[126.62982246192458,37.17284790420605],[126.62996388517948,37.17282753114409],[126.6300553235556,37.17290688289925],[126.63000952585955,37.173020822852294],[126.62988854727617,37.17305333276219],[126.630020607126,37.1733230513668],[126.63048874941624,37.17376081979826],[126.63183363538033,37.17461653513025],[126.63212449452891,37.17467056779456],[126.63245786594761,37.17486342379791]]],[[[126.62827166529769,37.17603151033998],[126.62822316419202,37.1760437714788],[126.62834386054222,37.17578161123765],[126.62827166529769,37.17603151033998]]],[[[126.65392245204444,37.181301795141614],[126.65366924895122,37.18122153442362],[126.6535638101558,37.180660197603366],[126.65345636501682,37.18055972195102],[126.6536056591528,37.18029265426174],[126.65374881053962,37.18020067331544],[126.6538027191032,37.17990020795091],[126.65405137251058,37.17966962102392],[126.65405873197385,37.179531755820456],[126.65441633181813,37.17923169013959],[126.65546761772404,37.17796063504592],[126.6565405072059,37.17781481166481],[126.65780808736079,37.1781141454308],[126.65780678683188,37.17820734562291],[126.65620023918514,37.178881759668904],[126.6553067517119,37.179823072742685],[126.65593577175288,37.18017236916361],[126.65656584296832,37.17955615222252],[126.65662525452724,37.17980157116442],[126.65691742188308,37.17982073034619],[126.65684994105523,37.17999792251676],[126.65640640970048,37.18014079859453],[126.6558621306627,37.18059915974],[126.65466495900446,37.180808688420136],[126.65396711980414,37.181197446618434],[126.65392245204444,37.181301795141614]]],[[[126.64902360970613,37.18697830010283],[126.64973498641316,37.18766727859152],[126.64964519415366,37.18772305679643],[126.64886334254646,37.1869076320455],[126.64895268602805,37.186851402568195],[126.64902360970613,37.18697830010283]]],[[[126.80475546840937,37.29370370366318],[126.80474583089747,37.29298679541228],[126.80257896518954,37.2927837077964],[126.79821622957552,37.291985209776655],[126.79653355667408,37.291889364178225],[126.7947694496107,37.291564058010366],[126.79394562837489,37.29155914643826],[126.79284844922553,37.29141904143273],[126.78920306520543,37.290538639034764],[126.78755769599759,37.290290256618064],[126.78696091442774,37.29026758338192],[126.78491143151005,37.289825935722206],[126.78401491041069,37.28993499109822],[126.78313123179586,37.2899487217228],[126.78094827218351,37.28973514749941],[126.77831300766465,37.28937568292176],[126.77607029292169,37.28917119466932],[126.77396029484837,37.28882438324354],[126.7736389522976,37.28871747575253],[126.77254773266824,37.287966684398825],[126.77203069627605,37.287104939686714],[126.77276014509714,37.28574525757658],[126.77344733286724,37.2850530850668],[126.77360500771528,37.284796483453434],[126.77362015477316,37.284462688988256],[126.77380252842244,37.284120381280665],[126.77439400461715,37.28344669525121],[126.77454092441842,37.28306601084246],[126.77425798315649,37.28269223072076],[126.77375851349615,37.2824888354879],[126.77297565460839,37.281959349657406],[126.77294626459364,37.28129139489225],[126.77351075970537,37.27969697328338],[126.77355358687497,37.278967453801705],[126.77349671353704,37.27857081260418],[126.77287257864405,37.27752358220168],[126.77280485386046,37.27680769394735],[126.77354170005552,37.275442564713465],[126.77291023981067,37.27531467216048],[126.77275304289972,37.27552357876828],[126.77173739845912,37.275622270858655],[126.77155678315192,37.27578333337761],[126.7713801964181,37.2767648287699],[126.77051206504699,37.27997987799688],[126.76986140483206,37.28142430009403],[126.76901203620251,37.282838077341765],[126.7677290668216,37.284332638614536],[126.76718979375704,37.284807732817676],[126.76651334497969,37.28531033552637],[126.7653140007469,37.2858693115678],[126.76486340794781,37.28616462709407],[126.76396540575446,37.28642734820999],[126.7619114292213,37.286623237047515],[126.76131246012706,37.28682817965894],[126.76022906509635,37.28697046990373],[126.75869855145686,37.287050328143046],[126.75787630588867,37.287194232095814],[126.75713013937732,37.287189551323955],[126.75608697503628,37.28703394306727],[126.75567805262618,37.28688231575866],[126.75538281858029,37.28655253449546],[126.7551627904056,37.286163603162265],[126.75516778536928,37.285656843308644],[126.75540249837704,37.284555301609345],[126.75564777393558,37.28238061898497],[126.75716978205682,37.27860175834732],[126.75686777186702,37.27835660186368],[126.75681672727141,37.27808440260489],[126.75716256306734,37.277514195115934],[126.75709262795577,37.277342043277436],[126.75657153459089,37.277524794116076],[126.75628250890855,37.277780548870446],[126.75484750217745,37.27984639277665],[126.7540995074721,37.28124400584331],[126.75395540781427,37.28132895411436],[126.75377676616496,37.281284899851],[126.7536182909797,37.28101202117262],[126.7534393676101,37.2809965834269],[126.75336675229607,37.28109629121852],[126.75334714954826,37.28126788127145],[126.75373629078207,37.28175685576683],[126.75375236078011,37.28194297926559],[126.75353041310629,37.28265705147656],[126.75343984508686,37.28457394273539],[126.75282491205202,37.285185367296116],[126.7528887614091,37.285972788537165],[126.75254526097775,37.28629973667625],[126.75071342003021,37.28681760269439],[126.74985043384493,37.28715556256258],[126.74945631657111,37.28716737347054],[126.74718993720914,37.288154638818185],[126.7461977159664,37.28842854966249],[126.74612913179584,37.28857120661403],[126.74644050482995,37.28877590664149],[126.74638767780672,37.2888351928472],[126.7458118691587,37.28895673201347],[126.74550742357202,37.28880573533478],[126.74522363658156,37.288827775538806],[126.74444170724968,37.289413049408644],[126.74374584551558,37.2895993971896],[126.74351297483375,37.289752927074694],[126.74323688498929,37.28975116213517],[126.74251075055106,37.28997904554061],[126.74050332599668,37.29078122011422],[126.73657185891949,37.2920604663562],[126.73454119627017,37.292450050655454],[126.73273235380256,37.29236679057967],[126.73162691030802,37.29258499213968],[126.73100967683067,37.292225633708554],[126.73082502918209,37.29218389084073],[126.73038567339684,37.29223827214342],[126.72993346025488,37.292089852171976],[126.72857488279175,37.2914406598734],[126.72813607804365,37.29144137658592],[126.7276945886943,37.29126678435346],[126.72749759197303,37.29126549874282],[126.72665230519341,37.29073410833743],[126.72646914397687,37.290693560924936],[126.72563337451473,37.290108565603546],[126.7250717874381,37.289858053470915],[126.72453904701335,37.2898509867],[126.72375235336423,37.29015705892699],[126.7224317980658,37.28980268042025],[126.72179768012451,37.28935015192568],[126.72167950148173,37.28908703641781],[126.72184588693828,37.28868353222384],[126.72166804927731,37.288199421509475],[126.72182747663017,37.28793514954899],[126.72187132195724,37.28657604613774],[126.7221251488418,37.286202093636795],[126.72215195819997,37.28562740938751],[126.72228055105086,37.28531344842453],[126.72265099678319,37.28470057745748],[126.72263158479086,37.284266398936225],[126.72324431308677,37.28331169209011],[126.72335840884067,37.283245663115615],[126.72377046405815,37.283229286581566],[126.72413183434338,37.28291684972203],[126.7244310649049,37.28284249379941],[126.72488807908164,37.28251637095981],[126.72607554101643,37.281975613788745],[126.72651458870394,37.28165413718246],[126.72728773949045,37.28134914979857],[126.72839357899404,37.28119896044317],[126.7304174942172,37.28116443817696],[126.73100981426708,37.281029963101986],[126.7323590068128,37.28101487186921],[126.73287484123668,37.28077018642073],[126.73402046199541,37.28081576346943],[126.73494129854427,37.280659545403616],[126.73586092476576,37.28062255752211],[126.73659758954841,37.2803792811394],[126.73727653643245,37.27994006599889],[126.73858743556796,37.27957646053941],[126.73854709583841,37.27943310713893],[126.73797414973528,37.27942465001292],[126.73671884718534,37.27960258424412],[126.73504943695696,37.27970628370263],[126.73450364588244,37.27981603791674],[126.73292199676459,37.279799836241274],[126.73246207093035,37.27973034304824],[126.73149051162298,37.27985581899215],[126.73098634748057,37.27979992579369],[126.7292467431158,37.28021716987111],[126.7290901239972,37.28021018733736],[126.7286603724582,37.27991523746336],[126.72795910957387,37.2799047030916],[126.72775839547839,37.279831846906134],[126.72716113568228,37.27913632762009],[126.72711433580507,37.278605381488326],[126.7272088019949,37.278123054980895],[126.72796650424186,37.276989208245766],[126.72798520033103,37.27661967024143],[126.72807624896664,37.2764712084065],[126.72886672313834,37.27577877615175],[126.73043707601987,37.273964543683334],[126.73042458321274,37.27372597191337],[126.73000929618952,37.27347881909695],[126.72970670629437,37.273154888595975],[126.72918218025005,37.273378039602925],[126.72832513969678,37.274016380453844],[126.72772557397612,37.27428077228863],[126.72620955567061,37.27515328619218],[126.72503289136729,37.27567026694874],[126.72442761523007,37.27576169933327],[126.72370889978366,37.27600144032044],[126.72344087247616,37.275946022337415],[126.72273733595271,37.27543461287751],[126.7226354037792,37.27518949143836],[126.72257300047006,37.27400259221528],[126.72259560389531,37.2725300631599],[126.72233848446706,37.272140827294415],[126.72191558952153,37.27191148227044],[126.72172927125281,37.27189237141736],[126.72143550395282,37.27216470322801],[126.72140425065675,37.27230162988074],[126.72149014995561,37.272653967912056],[126.72137189264484,37.27399469794601],[126.72152579859484,37.275712840181626],[126.72147888634568,37.27592121070778],[126.72102499050418,37.2765263747932],[126.72022648554743,37.277266398634715],[126.71887359461823,37.278223364035135],[126.71813498268192,37.27893991993025],[126.71737718507761,37.27934630722383],[126.7167498446204,37.280123212384396],[126.7159731068497,37.28019557961919],[126.7147359891008,37.28077167982956],[126.71410162186756,37.28078535573242],[126.71362139175812,37.281044505870774],[126.71331524398194,37.281066320224866],[126.71300219332161,37.281034428000744],[126.71190176044453,37.2806634097111],[126.71132801479254,37.280588041505474],[126.7107553909383,37.28040535732601],[126.71009510860019,37.28004321795461],[126.70940708771651,37.279527858318644],[126.70927827194971,37.279288508778],[126.70928026777261,37.27909772937346],[126.70945995977897,37.27789694096264],[126.70962212388949,37.27723025178689],[126.70980367072897,37.27699297373308],[126.71001238023447,37.27644107048159],[126.70999040038043,37.27625967113973],[126.70959877972221,37.27603764618664],[126.70926505034637,37.275987719141945],[126.70934235764561,37.2754444784356],[126.70928347226392,37.27536776814595],[126.70897182187663,37.27548970025115],[126.70884091767827,37.275450667392434],[126.70867739899775,37.27510614852376],[126.70857056889162,37.27504819683144],[126.708269755986,37.27527513616029],[126.70777205602622,37.276063592784624],[126.70771401170917,37.27704578344257],[126.70784231897,37.2773328295237],[126.70770971250734,37.27745595715884],[126.70721949544928,37.277528991942624],[126.70695538026364,37.277670316441274],[126.70650860405925,37.278153841708026],[126.70590794246488,37.27851231879663],[126.7054765005371,37.27867159676211],[126.70513082461204,37.278621577850046],[126.70460819909647,37.27837003797676],[126.70426503567012,37.278081543444486],[126.70395076101366,37.27795481947073],[126.70316023098238,37.27707185745349],[126.70306413213956,37.277128447970235],[126.70268436364844,37.27691602021801],[126.70255245405941,37.27697236910621],[126.70235804227269,37.277295405417135],[126.70190393441518,37.27734004275342],[126.70147450757455,37.27730852704188],[126.7009866050191,37.27716214108161],[126.70070213695497,37.2769694287849],[126.70047442783226,37.27705374715804],[126.70024823204551,37.276994981696305],[126.6998335717139,37.27669645201814],[126.69966999072443,37.27636146071996],[126.6996262640361,37.274853908993066],[126.6998900556018,37.273615544641316],[126.6998324949272,37.27341482349418],[126.69951354687929,37.27309786008898],[126.69927249787877,37.27331564136856],[126.69908779457725,37.27384860858958],[126.69874973387917,37.27420882602697],[126.69884199072678,37.27451471724396],[126.69881417472321,37.274886573401595],[126.69837029721981,37.27509343960178],[126.69834935703285,37.27594232123872],[126.69855410525815,37.276897667507875],[126.69925169492662,37.278906894868605],[126.69958675349643,37.279395679999226],[126.70001437397354,37.2795989026649],[126.6999580815471,37.27984178124454],[126.69861058078138,37.280261947500684],[126.69821300345134,37.28060268047193],[126.6973893200204,37.28059709825967],[126.69676564549216,37.28030667981082],[126.69578324587128,37.280071059701676],[126.69523349091118,37.279566495138894],[126.69500391465701,37.27926443680466],[126.69478211290311,37.2782326530026],[126.69426971393567,37.277585243566776],[126.69365553947928,37.27640769245383],[126.69296747322375,37.27544427466054],[126.69265297739031,37.27471235099528],[126.69262511420378,37.27396807238091],[126.69230680703244,37.27359385754521],[126.69200197143657,37.273634705315175],[126.69147233472304,37.2729299284361],[126.6910637499766,37.2726266395227],[126.68904225883017,37.27245540533866],[126.68802079706302,37.272534259463484],[126.68760700096553,37.27271744299813],[126.68672861551221,37.27281157711241],[126.68604886940264,37.27274966774941],[126.68339968082316,37.271014295921326],[126.68271981140107,37.270413379258336],[126.68233808751465,37.26983836791159],[126.68121555807063,37.26878125386634],[126.68026692068187,37.26820231339585],[126.679643673703,37.267887959289425],[126.678513438783,37.26754623534572],[126.6775627628597,37.26715805094092],[126.67638196710213,37.266857612585724],[126.67490345786487,37.266713762722354],[126.674393346939,37.26671562719477],[126.67384403458824,37.268310979266644],[126.67411024102996,37.26855138973844],[126.67560417562149,37.26875354004093],[126.67602999440979,37.268878805253536],[126.67689601005144,37.26931578713514],[126.67702852813946,37.26960359959159],[126.67691586940595,37.2696761316308],[126.67664995855237,37.26968518193527],[126.67506842990764,37.26935258566217],[126.67357787060996,37.26931380411766],[126.67359061297108,37.269496054985986],[126.67344637026106,37.26952749209655],[126.67347476922977,37.269705623928175],[126.67318218774122,37.26996392717574],[126.67280152568169,37.270855805573966],[126.67263872311746,37.271339706571375],[126.67271451126234,37.271496093217245],[126.67247571419747,37.271790432503174],[126.67195608648825,37.273182563559736],[126.67332385930561,37.27232035009543],[126.67509466658001,37.27243821551072],[126.67535465801757,37.2726175575314],[126.6776749590442,37.273678066604354],[126.67858603096676,37.27425132259653],[126.67886720657268,37.27433444950197],[126.6792073577979,37.27427702926534],[126.67930433696677,37.27442241401666],[126.67929139584932,37.274627120583276],[126.67948045763188,37.27472039503453],[126.67968179312057,37.27471553307496],[126.68044936579689,37.27514867355959],[126.68106016715139,37.27556521191555],[126.68204152392823,37.27647322187606],[126.68354424558451,37.27866672174442],[126.68377692053973,37.27875564627159],[126.6840001860411,37.27864648761514],[126.68398075111999,37.27853193117466],[126.68413079330472,37.27851941955835],[126.68420314612597,37.278782175356106],[126.6847462266281,37.278660973645636],[126.6847637411436,37.278712000380544],[126.68420588155975,37.27883975787617],[126.68422937910819,37.27897487741971],[126.68413513151287,37.27887337651449],[126.6836531894163,37.279087860408616],[126.6834868428215,37.279369683775975],[126.68360373076064,37.27952514446007],[126.68349803799043,37.27973309114137],[126.6836567723519,37.279945169183634],[126.6835581782077,37.2801571453331],[126.68365322097641,37.28034415665798],[126.68346883432451,37.280476153247825],[126.68346148694343,37.28057456162316],[126.68352137946204,37.280689108743665],[126.68392481596976,37.280777397169665],[126.68399552479407,37.28060567863594],[126.68411333891514,37.280953359923444],[126.68433743209727,37.28105488311952],[126.68497576867483,37.28110385134709],[126.68495222361332,37.28124481940365],[126.68399754580503,37.28131785137569],[126.68324432006264,37.281656128199096],[126.68188432613321,37.28266747062841],[126.68129782791218,37.28280650874583],[126.68112842554464,37.28301520768615],[126.68111472992658,37.28317728563583],[126.68093411245715,37.28331912922108],[126.68068300491231,37.28335555014343],[126.68046564060596,37.283582994602995],[126.68038749594281,37.28418344704391],[126.68024103297628,37.284478159431565],[126.67950411429487,37.285274377334915],[126.67921532033581,37.285482244807575],[126.67897230793695,37.285871682035456],[126.67777142711142,37.28651203626335],[126.67719545498721,37.28693817313862],[126.6748323900758,37.28808435602062],[126.67352302394715,37.28840314277629],[126.67065160594466,37.28826381291973],[126.6696832350751,37.28810796789535],[126.6691998700189,37.28795552035218],[126.66867788727394,37.28792204412522],[126.66495797399389,37.286912091935896],[126.66365287670844,37.2868432549504],[126.66283409866874,37.28665859982597],[126.66170084045439,37.28599808999106],[126.66169604911371,37.292546937152274],[126.6498118647531,37.29300090376225],[126.6484162362398,37.292910321720264],[126.63350639968868,37.289295308980776],[126.63261310380645,37.28893117112516],[126.63183395792025,37.288468600401096],[126.63095291484727,37.28768217449865],[126.63049605538563,37.287078525701695],[126.62933323886523,37.284906805203654],[126.62964152011149,37.284801006161246],[126.62973027103732,37.28494039335437],[126.63004087872746,37.28511967906207],[126.63101326862655,37.28693881141968],[126.63163885448978,37.287672372423],[126.63175403448406,37.287677830622094],[126.63261155284117,37.28707457639976],[126.63276222625366,37.28718066323344],[126.63185759992912,37.2879420575274],[126.63214380596817,37.288332950334365],[126.6331636040428,37.28888879980215],[126.63414143494907,37.28920239464821],[126.63965950437009,37.29053179364712],[126.64016087272431,37.29059481401507],[126.64080482852903,37.29081981272815],[126.647962859862,37.292565581279504],[126.64892539277818,37.2927218315304],[126.64964296665137,37.292753105725026],[126.66005835655245,37.29236364163816],[126.66054995891449,37.29224955802079],[126.66083226779801,37.29210086855718],[126.66128244170288,37.291614688174576],[126.66141186001457,37.290714818447974],[126.66139866664224,37.288723774358324],[126.66114495277111,37.28737010968315],[126.66100144411452,37.28716130795077],[126.66073784784466,37.287145603073206],[126.6604786088965,37.2869810072375],[126.66035040372378,37.28681451555623],[126.66041338093156,37.286735008688446],[126.6600143933331,37.28641424003144],[126.65987925922033,37.28647755425696],[126.65915070344487,37.285820397645786],[126.65897749638017,37.285846904105256],[126.65897640046725,37.28566977465817],[126.65911422526302,37.285445192423104],[126.65807769666141,37.283577052114524],[126.65755222675517,37.282805644033125],[126.65740246474638,37.28272126946797],[126.65742184014152,37.28321543586249],[126.65714265257502,37.282719715328845],[126.65717561969231,37.282934888031086],[126.65701501136174,37.282780247583624],[126.65697414496852,37.282862590859494],[126.65719262418033,37.28315619537961],[126.65683724431356,37.28309267925701],[126.65661276622289,37.282918885187826],[126.65637892002019,37.283011931460535],[126.65596796247051,37.283027164410356],[126.65592730844881,37.2831521906681],[126.655798050008,37.28315133734506],[126.65576362945299,37.283063485550755],[126.6560453859382,37.28221751139961],[126.65603655114181,37.28193122800884],[126.65567490185491,37.282952823805125],[126.6554217326254,37.28291690243385],[126.65532297567604,37.28275864484331],[126.6552310274269,37.28286262729695],[126.65496542485704,37.28267924885517],[126.65486269971778,37.282726253978545],[126.65475880717342,37.28259854465767],[126.65484309723497,37.28234458061991],[126.65477941832594,37.28220160073092],[126.6545751806992,37.28263885326821],[126.65463550244402,37.28278849206291],[126.65440958590223,37.2830665150435],[126.65434472923113,37.28294664855677],[126.65437123162414,37.283086395746835],[126.65426693142082,37.28318112402569],[126.65395790555553,37.283237355229275],[126.65371384783415,37.28340247815512],[126.6534798123169,37.28336927456914],[126.65346093181849,37.28329405513876],[126.65291571904332,37.28338920104431],[126.65282484030533,37.28322503610322],[126.65256266060224,37.2832088328776],[126.65223736499149,37.282982041679205],[126.65202240623155,37.282972021768565],[126.6520611630823,37.282788323717554],[126.65183983252444,37.28265597752595],[126.65190804007997,37.28242389209865],[126.65178220957952,37.28240146565668],[126.65177155769373,37.28230987829294],[126.65151905338332,37.28232079592607],[126.65161681641665,37.2821405603955],[126.65150353079575,37.28215898728384],[126.6514235492286,37.28204372496674],[126.6516075474502,37.28189856894],[126.65160673130062,37.281728091737975],[126.65116300205749,37.28153485407093],[126.65116192580865,37.28135267156222],[126.65089252959339,37.28155550255156],[126.65088132801473,37.281439451487735],[126.65081867725806,37.28148811246862],[126.65064536818555,37.2813799913411],[126.65008400084606,37.28139119866455],[126.64989171389793,37.28130744670926],[126.6498695112573,37.281207925250094],[126.64949824248993,37.28126451984856],[126.64946951911395,37.28118485559047],[126.64932613750476,37.281259396373756],[126.64913882628608,37.281028960607536],[126.64888292908454,37.28106785572358],[126.64842827938895,37.28068456667245],[126.6482694525607,37.28066143401059],[126.64839825276707,37.2806354889974],[126.64821954519854,37.28060289844122],[126.64796218674906,37.2802263668905],[126.6477770191315,37.28022348170375],[126.64782221036211,37.280324874460675],[126.64772826397467,37.28036062797347],[126.64762383459963,37.280300479111695],[126.64753376961959,37.28035703888009],[126.64748030397092,37.28028371648276],[126.64741935878192,37.28042106867157],[126.64678431015005,37.28037193433779],[126.64668622489505,37.28018794742827],[126.64681161189564,37.280183446641416],[126.64691767348674,37.279985481677194],[126.64685577973678,37.2797127324763],[126.64692847350146,37.279430268386506],[126.64683592804234,37.27933268029632],[126.64706643365676,37.27894051694884],[126.64648358367694,37.27879196249861],[126.64692255797252,37.278664631494294],[126.64648346411381,37.278552520754275],[126.64496868305162,37.27841214774063],[126.63300177237083,37.28705540592254],[126.63284981552458,37.28712052189606],[126.63273284621614,37.286979894609175],[126.65115288949978,37.273682001823154],[126.65197051102683,37.27294584851886],[126.65250279405252,37.2723380127675],[126.65338456295241,37.270881630347915],[126.65373894169686,37.26989950188575],[126.6538989710449,37.269007907321075],[126.653868477052,37.267261165912856],[126.6541048318165,37.26722950951013],[126.65419255189946,37.26745746685045],[126.6543353065727,37.26728885859972],[126.65434028605486,37.2671420131811],[126.65411794739786,37.26695566971059],[126.65405420182417,37.26696353931923],[126.65408605792855,37.267122151302644],[126.65382373983644,37.26713587220054],[126.65351235629792,37.26608159445715],[126.65294754748327,37.26496145638168],[126.65227458970331,37.264046821056496],[126.65161864904813,37.263371754393994],[126.64948285586841,37.26143474245024],[126.64871976646043,37.26159980369876],[126.64831530946475,37.26155844203275],[126.64772102944848,37.260990401332364],[126.64701112534235,37.259844157002135],[126.64671965164429,37.25884745075116],[126.64638206285949,37.25813196519531],[126.64655622982235,37.2573613484947],[126.64673981806763,37.25500713216357],[126.64692455966738,37.25431842310962],[126.6469467132932,37.252952749047296],[126.64801652081438,37.253067546559535],[126.64802186229028,37.253518639696125],[126.6482070973467,37.25349831237983],[126.64820484706442,37.25280220920784],[126.6484177454059,37.25264260139543],[126.64845997212143,37.25250423536718],[126.64840892720856,37.251789804050915],[126.64883117355245,37.25060036969094],[126.64860452579099,37.25024128068668],[126.64861237193698,37.25007579182769],[126.64838969198068,37.249814315914094],[126.6480691154117,37.25296365906901],[126.647876646405,37.25297852224429],[126.64809357245188,37.250000177093014],[126.64786515765026,37.25000020097039],[126.64794159912947,37.25015286583317],[126.64789157950611,37.250384509726416],[126.64769527020823,37.250656688392894],[126.6475679772562,37.250703604530344],[126.64717386070565,37.25057747596596],[126.64707363941463,37.250184386067566],[126.64720231708684,37.250000254655056],[126.64715489150645,37.24910732711603],[126.64732659652306,37.24838528534566],[126.64732685276434,37.24804455090964],[126.64718648729401,37.247926951236394],[126.64718647224026,37.247792524985584],[126.64745750161926,37.247794459649384],[126.64749247011038,37.247691349477826],[126.64740686652735,37.24758449215366],[126.64765891537073,37.2475495963701],[126.64775139245324,37.2473155917883],[126.64770083631831,37.24705982593147],[126.64749069326686,37.246875362135185],[126.64764763639364,37.24675772007639],[126.64774593002917,37.24637278184586],[126.6477929365398,37.245695717069346],[126.64772921897591,37.24543282928628],[126.64781817871601,37.245255797017315],[126.6477542324664,37.24493754850951],[126.64785532813788,37.2442860636705],[126.64779041337603,37.24384721629147],[126.64814881988904,37.243371388391296],[126.6481224822824,37.24302701275212],[126.64824907135542,37.24281824911883],[126.64833370429707,37.24280550754685],[126.64837005105554,37.242574678803834],[126.64860174412222,37.242429676150095],[126.64940181822597,37.241082856051676],[126.64935868633275,37.24089814201357],[126.6495348339739,37.24080401789762],[126.6506493047647,37.23911248735956],[126.65066078239926,37.238615876964346],[126.65100889353292,37.23856167831117],[126.65145996336877,37.23876536211193],[126.65107392197787,37.23856386976359],[126.65106144590716,37.238475938147864],[126.65182890458144,37.23774544201398],[126.6522402873501,37.237904872871006],[126.65187143838718,37.23765912133352],[126.6524187439014,37.23698255029268],[126.65238743926352,37.23663274663692],[126.65264703203694,37.2365863653094],[126.65326500900473,37.23606552705904],[126.65378844954888,37.23640270553903],[126.65326297500731,37.236003259580066],[126.65475162700314,37.23455352472354],[126.65484372554569,37.23454770113532],[126.655366642406,37.2348779707004],[126.65481370581921,37.23448558726586],[126.65502365940876,37.23432754297313],[126.65523920944476,37.23429587755519],[126.65510381292913,37.234372586297404],[126.65526657429601,37.234666574500594],[126.65582014183032,37.234304002568784],[126.65620093653501,37.23386911053823],[126.65620734234587,37.23376853863766],[126.65596510827162,37.233733252165095],[126.65565562865434,37.233898591938434],[126.65557212688385,37.23387338162849],[126.65619428953296,37.233075127732405],[126.65689963030162,37.23342113673397],[126.65627842548305,37.23305247518409],[126.6564302132755,37.232809806874215],[126.65664841156783,37.2327430714627],[126.65670855799387,37.23304772220714],[126.65699926386806,37.23340565723172],[126.65715939249456,37.23325217863077],[126.6568652002261,37.233076506361975],[126.65712221163281,37.233103499803626],[126.65684758329117,37.23302451005758],[126.65693007581127,37.2329622341523],[126.65718918768594,37.23307008276321],[126.65696142993175,37.23292648234492],[126.65713555139499,37.23267119141986],[126.65744138287803,37.23245812065315],[126.65743052425772,37.2322928382495],[126.6570588937832,37.23212548685055],[126.65715851901112,37.23192872495481],[126.65765668001265,37.23144264721554],[126.65771423191173,37.23145204243811],[126.6576298825301,37.23169429443297],[126.65788563810537,37.231696772314685],[126.65801270320758,37.23160443873236],[126.65818142898387,37.231297186444],[126.65776204925699,37.23122119533402],[126.65823168999809,37.23120879280073],[126.65861457748088,37.23133115054179],[126.65819445495092,37.23118280179684],[126.65775740002874,37.23116771395721],[126.65809751053939,37.23075618466267],[126.65826248109836,37.23037188515881],[126.65863923676619,37.22999854301648],[126.65857605726777,37.22983019918654],[126.6586414057956,37.22969965576517],[126.65890908355121,37.22964589867626],[126.65922117132781,37.22945827119056],[126.65963143787552,37.229471090310874],[126.65967353534711,37.22938120578777],[126.66027499132157,37.229435329310164],[126.66028667262218,37.229308007226386],[126.65971053454092,37.229262536402004],[126.65969582363492,37.22914390842436],[126.65935525795554,37.229066232343065],[126.65918534047542,37.228784169011135],[126.65894466423629,37.22865793318862],[126.6589882611602,37.22820318376515],[126.65892892811684,37.22813696782528],[126.6590982578365,37.22789019921071],[126.65892418691476,37.227678239805016],[126.65924008183516,37.227324436973234],[126.65943970802432,37.22694031035772],[126.65957875685649,37.22696030824269],[126.65964173666617,37.227104793319256],[126.65976714519643,37.22708812421864],[126.65968274337483,37.2269639575963],[126.65988253260892,37.226924330609705],[126.65972368563435,37.22683013505242],[126.65958935644879,37.22690309611959],[126.65945416175488,37.22685313391413],[126.65960388964508,37.22639757071721],[126.65947182400312,37.226328197837375],[126.6596520230547,37.22617702404614],[126.65979882696686,37.226169076157454],[126.65989709266934,37.22605813256346],[126.66036279084723,37.22612482217737],[126.66073777546286,37.22628821192995],[126.66091921503102,37.22626452839145],[126.66080193784332,37.22612381279288],[126.66056527168362,37.22614558769074],[126.66002913212098,37.22597010270415],[126.6600314189204,37.22577937560625],[126.65991528297808,37.22578688062269],[126.65999063558785,37.22567479369985],[126.66018757586839,37.225840725139896],[126.66087460792696,37.22608231969239],[126.6599677113967,37.2256113008759],[126.660014031227,37.22541631337554],[126.6601099245956,37.2254201663425],[126.66001087369746,37.225295907754585],[126.66018063977387,37.22521715910878],[126.66028010191705,37.224970088761445],[126.66069822298003,37.223518703367176],[126.6615509528131,37.22368438548684],[126.66155167796654,37.223635784457],[126.66074693070186,37.22343200921783],[126.66158456299232,37.22353327765621],[126.660723941274,37.22336728386445],[126.66086075361268,37.222475804996385],[126.66068320199419,37.222307727922654],[126.66089000287958,37.22220898385601],[126.66086201646851,37.221929235166925],[126.66162615664125,37.22188805254895],[126.66177251484027,37.221790058954596],[126.66155785259497,37.221865749238916],[126.66076034156004,37.22183822680273],[126.66070433203964,37.22168029429367],[126.66080521736278,37.22160266007049],[126.66086618631287,37.220905183602774],[126.66068838153309,37.22071084292093],[126.66050273929811,37.22022425134182],[126.66175002890171,37.21985407574788],[126.6605745657024,37.22013196484003],[126.66045435908602,37.22008875590712],[126.66039133553228,37.21983591282335],[126.6604239575129,37.22026800669615],[126.66028853824359,37.22024073617746],[126.66031313995222,37.220070636610416],[126.66013708230386,37.220009959173915],[126.66010458033325,37.219904677884],[126.66014553593489,37.219326607457745],[126.66022517174306,37.21933668984622],[126.66035428082243,37.219644713721685],[126.66036446130708,37.21933180127488],[126.66058001740338,37.21911357285852],[126.6605696961096,37.218690801367956],[126.66048938980086,37.21863947436594],[126.66058266357754,37.21862640289481],[126.66060390470389,37.21852491073498],[126.66047862590636,37.21842520231918],[126.66056162574168,37.21831959231754],[126.66034669309246,37.2180804334386],[126.66044767388188,37.21774441853313],[126.66036614474265,37.217255518726404],[126.66122129101193,37.21717171173714],[126.66041011171801,37.217221793258545],[126.6603496607062,37.21715255489546],[126.66122294601728,37.21703567581133],[126.6603289448069,37.217053532555674],[126.66011579504405,37.216367874627856],[126.6609588027746,37.216149472588974],[126.6601284199337,37.21629858734896],[126.66001718274997,37.216256025677346],[126.65997602457934,37.215835119254166],[126.65967532027284,37.21499364275799],[126.65967695727518,37.214706646510884],[126.65950304155545,37.21435836252697],[126.66039226992048,37.21417908519031],[126.65948464003155,37.214246752373896],[126.65944627038773,37.21388762737227],[126.65930484322833,37.213602894954064],[126.6592028297742,37.213557973266724],[126.65902880635915,37.212897844910245],[126.6591218965498,37.212793869541066],[126.65904855424547,37.21257055279339],[126.65895262869074,37.212519898945615],[126.65886683588577,37.212180046538506],[126.65862959610249,37.21208086963171],[126.65873098838443,37.21189630486794],[126.65916946276535,37.211818985124324],[126.65929561282408,37.21127105284498],[126.6593652370503,37.211235104928534],[126.65946265503742,37.21130501629915],[126.65944172672492,37.211156295283196],[126.65954567411148,37.21112595586979],[126.65951219445854,37.21101258914145],[126.65905326009482,37.21115957084814],[126.65915695093437,37.21138492748662],[126.6590890290967,37.211743209807686],[126.65869691692299,37.2118049554458],[126.65851892830099,37.21194981900313],[126.65841752597635,37.21188218068982],[126.6583320034532,37.211470588614496],[126.65813207201732,37.21140348747594],[126.65803483678617,37.211081020127935],[126.65777812012874,37.20977632033766],[126.65794109891256,37.20941589675228],[126.65755146269257,37.208286759423096],[126.657612685749,37.20817255672335],[126.65753372468447,37.20779937076304],[126.65734268403463,37.207327477217476],[126.65722011027009,37.20721516874955],[126.65819430067198,37.206927882251264],[126.65715903000448,37.207163146083936],[126.65730063489387,37.207074318864066],[126.65727586055357,37.206775970765634],[126.65666653896632,37.20603546671146],[126.65655947205403,37.20544393387911],[126.65634026473613,37.20525207778946],[126.6562007448328,37.20496265336233],[126.65621373948265,37.20426350802924],[126.65608509640185,37.204091969268866],[126.65609448916925,37.20371061226646],[126.65578943261355,37.202914658724886],[126.65581948917912,37.20276292727549],[126.65552966441012,37.202138678300415],[126.655598009467,37.20185958814114],[126.65547754741146,37.201805940636596],[126.65555678951326,37.201724032374436],[126.65544437171032,37.201629880727715],[126.65552902606423,37.20147604533665],[126.65542320083696,37.20141606262111],[126.65545987358911,37.20131769265848],[126.65532540348376,37.20119792313222],[126.65533886043505,37.20105997456764],[126.65477692355552,37.20055899724317],[126.65465510390264,37.20023730223579],[126.65472914494758,37.19989538869224],[126.65465449994758,37.19974098405782],[126.6547955935311,37.199617077683136],[126.65479377674613,37.19901257005433],[126.654599309153,37.19794557547867],[126.65396999362623,37.19652789748451],[126.65369603755995,37.19619256471555],[126.6532413998659,37.194433050914576],[126.65348079878191,37.19445944540264],[126.65389968498695,37.194679929873026],[126.65407065115981,37.195209713090726],[126.654393789315,37.195492629848886],[126.65586355335395,37.19632180986141],[126.65641825864527,37.196440322055395],[126.6565530852489,37.1966514223173],[126.65659637048007,37.19708377132853],[126.65675482630884,37.19709307223356],[126.65681284767098,37.19666270903788],[126.65669236121528,37.19658030926063],[126.6566548467492,37.19634093680846],[126.65654333311275,37.196250664949346],[126.65594396408001,37.196098143096485],[126.65585934054786,37.19615087606212],[126.65448853465993,37.19537968994467],[126.65433151612683,37.195235721025206],[126.6542405465864,37.19489676229049],[126.65405005486055,37.194653949530185],[126.65368416713694,37.19441557041075],[126.65319461453961,37.194265361454],[126.65275933399609,37.19314236100848],[126.6519372896491,37.191596096490606],[126.65076850679694,37.19179915649965],[126.6506810684557,37.19147503895723],[126.65546368007733,37.19064849467735],[126.65555234060601,37.19049745965698],[126.65533674724182,37.19015101913072],[126.65543901051122,37.190015215488785],[126.65542555672153,37.189787104471506],[126.6539039374556,37.18816343276587],[126.65317171526021,37.18861266844312],[126.6516972528881,37.18707980679457],[126.65077076028534,37.187648981871135],[126.65069781454743,37.18757468412514],[126.65054458594676,37.18766168885679],[126.6510642258434,37.18733107401192],[126.65097500372326,37.1872513305829],[126.65145406399076,37.18695216675573],[126.64993249981408,37.185360931245924],[126.6500389229677,37.185266993004454],[126.64990565297977,37.185268227304526],[126.65017212519625,37.18510195663657],[126.65013312536787,37.185060753456106],[126.6488516184587,37.18584436730002],[126.6487619133737,37.18663242216186],[126.6486579541809,37.186621140745046],[126.64878785826593,37.1858111971028],[126.65037934705786,37.18483677428341],[126.65040609757529,37.18472447976874],[126.65009810351906,37.1841136049663],[126.6499578310045,37.18408366227547],[126.64960573897817,37.18377349999633],[126.6496085501145,37.1835379469343],[126.64999994083703,37.18296779093841],[126.65025653043841,37.18283449192584],[126.65141372277975,37.18296780869159],[126.65258478486537,37.18283501614184],[126.65260254590875,37.18307210578797],[126.65272024060094,37.18323090066456],[126.65375391271041,37.18367599038363],[126.6552536788427,37.185238645657506],[126.65414093922199,37.18592054152997],[126.65800094048487,37.18994593782409],[126.65848310664038,37.190132328221665],[126.65925691959232,37.18995263394439],[126.6598709369568,37.19074700828819],[126.66087456527663,37.19090162073959],[126.66138895744464,37.190660944668],[126.66466000860478,37.19163767026767],[126.66528768455953,37.1922418561923],[126.66558473015665,37.19212716407571],[126.66599838127595,37.19223953777014],[126.66645755746268,37.19163485817366],[126.6664317605478,37.1912316643457],[126.6667362709427,37.19081897698594],[126.66991826986097,37.189224411904874],[126.6688676786842,37.18866456901907],[126.66891473088896,37.18854719579734],[126.66881444565968,37.18863349787081],[126.66849887609499,37.18857341612367],[126.66756328538155,37.18809824748471],[126.66735769892406,37.18810711375796],[126.66721196255638,37.1882080734005],[126.66700975894173,37.1884671170479],[126.666806181299,37.18896716747191],[126.6666145737109,37.18904189964332],[126.666006388534,37.18833443963928],[126.66545703199415,37.187985403424015],[126.66501013604848,37.18721857041792],[126.66518497794537,37.18715842341078],[126.66521132154922,37.187037793238744],[126.66552416952248,37.18678053703728],[126.66590661169415,37.18668674192216],[126.66604307084339,37.185920180968964],[126.66559648879968,37.18478314698554],[126.66533823302517,37.182890301399894],[126.66501920603463,37.18259407897259],[126.66520409851786,37.182316073103884],[126.66457936124355,37.181833361881814],[126.66431498838179,37.18171127647423],[126.66388589133598,37.181673588963],[126.66318798716165,37.18090300365035],[126.6630551655883,37.180923911482765],[126.66283999150984,37.18080594933502],[126.66246081344993,37.1800314002638],[126.66167028405312,37.179762083871125],[126.66186396040024,37.17935076307852],[126.6619685460317,37.17931692195844],[126.66198025538667,37.17908718126614],[126.66002583500281,37.176413997894485],[126.65927766066116,37.17663599227268],[126.65898281289199,37.176816565598926],[126.65814517584928,37.176714983902095],[126.65748772968023,37.17648904362679],[126.65724030136266,37.17627736479072],[126.65697055196166,37.176203590661714],[126.65694639613007,37.176302862176804],[126.65661077449396,37.17600083329749],[126.6564651623599,37.17561347715546],[126.65555028822952,37.17506482212227],[126.6551185815821,37.175008050854615],[126.6551889558713,37.17474734702233],[126.6553993718523,37.17476272987536],[126.65575675291329,37.17440553595744],[126.65561961055397,37.174090545148715],[126.65542481493664,37.173953999827646],[126.65558025866234,37.17357139270097],[126.65620536662632,37.173678088356326],[126.65651234317313,37.17276275537612],[126.6567117528159,37.172627016701405],[126.65687963876452,37.17235391187353],[126.65744479001108,37.17043181446221],[126.65781663582825,37.16992207304041],[126.65757296039065,37.169514282972855],[126.65779950915216,37.168472818463435],[126.65813578591637,37.16750775556672],[126.65845153776804,37.16696424032631],[126.65839145314885,37.166649376249545],[126.65906228513,37.16535149513621],[126.65952246724137,37.16483862413466],[126.66032181023165,37.1644156253455],[126.66042837892266,37.1639357466872],[126.66086351690218,37.16397454476216],[126.66106725203876,37.163715926265496],[126.66116745905705,37.163011415822346],[126.66097736154109,37.16266485904133],[126.66098222682515,37.16225537454614],[126.66045727601569,37.161693675619524],[126.6600274290659,37.160962085769604],[126.65923751784908,37.16022221060837],[126.65784159897994,37.159101639331],[126.65721395553594,37.15887493453196],[126.65677788317896,37.15888513731213],[126.65452591518994,37.157592177592406],[126.65423919865887,37.15696371370254],[126.65402924594753,37.156752145271014],[126.65349193555458,37.15643321108618],[126.65324578712428,37.15637036990792],[126.65208286302811,37.15651173641243],[126.65133691199009,37.1564308464925],[126.65089395830366,37.15656405428631],[126.65042324365564,37.15647293466363],[126.650481083503,37.156288592701046],[126.65056571081308,37.1563064016074],[126.6505981567718,37.15592084980378],[126.65035374976061,37.15557820588297],[126.65035381656577,37.155207623033576],[126.64979361038989,37.15456839911398],[126.65014873709325,37.15438077380565],[126.65042328246204,37.154439254181014],[126.65048772757011,37.15419971652172],[126.65115698532108,37.15400779568139],[126.65145766567728,37.154016757450435],[126.65174336041204,37.15414846895629],[126.65195541278153,37.154449539073724],[126.65277666027067,37.15464626064195],[126.65383200378106,37.15411392265567],[126.65396718413615,37.15358396263179],[126.65466641075791,37.15369556013616],[126.65591518053782,37.1541979835498],[126.65612707721164,37.15419037011472],[126.65628006830394,37.15430828567765],[126.65704007986614,37.15425499169618],[126.65774294311508,37.15410456221499],[126.65796659263536,37.15434966349155],[126.65796349581483,37.154842590483526],[126.6582189274708,37.15496087218431],[126.65827606886269,37.15511783791669],[126.65848617132849,37.155098523994255],[126.65855777374463,37.15518685361654],[126.65953826674901,37.15510251924846],[126.65986114702473,37.154999947067715],[126.65994651835538,37.154890607737755],[126.66022368866047,37.15488166581899],[126.66051808103722,37.15519893391484],[126.66128028414619,37.15558161850646],[126.66161258294662,37.156095997629905],[126.66224213353536,37.1563598078233],[126.66253854167311,37.156594351483314],[126.6630708729278,37.15685212149915],[126.66314186452739,37.156806253648405],[126.66405473378941,37.156996553335375],[126.66968818184806,37.15603560608173],[126.68045768809574,37.15985067489492],[126.68261604524153,37.16053853137426],[126.6912158814835,37.15719430256003],[126.6912311894383,37.157065375453],[126.69140131935272,37.15699629025193],[126.69141445256446,37.15651494881561],[126.69176269872283,37.15584244321255],[126.6922488599578,37.15539450421834],[126.69301297608084,37.154171412359865],[126.69328374546173,37.15397957177676],[126.69367266109182,37.15393096175411],[126.69758779115185,37.151411848843274],[126.69730063286784,37.151220648511035],[126.69745126374256,37.15105345794163],[126.69679786136717,37.15050596067121],[126.69466053413308,37.1521933824222],[126.68995549925717,37.150724653830636],[126.68702815197544,37.14946851131981],[126.6876474524385,37.14931723575577],[126.6874385688799,37.14930056271308],[126.68687041502251,37.14945086044113],[126.68641740662518,37.14923927543556],[126.6862595647454,37.14895568311647],[126.68586578770649,37.14900085899766],[126.68605438378651,37.14951677902342],[126.68597215592212,37.14960340324571],[126.6847395811525,37.149594033643986],[126.68426104001944,37.149388314868176],[126.68339108865499,37.148756735867394],[126.6829507136315,37.14830180298985],[126.68253445819099,37.14706601217122],[126.68166521012964,37.145421669894915],[126.6814300555655,37.14480412269454],[126.6810982675428,37.14437251569084],[126.6805414760166,37.14410260476434],[126.67996789297338,37.14447407577204],[126.67916175307583,37.14447603118802],[126.67899483371605,37.14436943354116],[126.67897005450955,37.143188369523514],[126.67984178526632,37.14314475765023],[126.67986907280546,37.14219466576024],[126.67976946051377,37.14135807701498],[126.67951776071513,37.140752437680035],[126.67929491599122,37.140541184705015],[126.67871010119092,37.14025510515553],[126.67782054264053,37.14001570337093],[126.67753355210526,37.14001016184706],[126.67709122071648,37.139351930689315],[126.67679694304526,37.13914948174016],[126.67659089107853,37.138798850146486],[126.67628980344224,37.138588088832655],[126.67608588352445,37.13856306571119],[126.67570283781727,37.138158811615504],[126.67532953630163,37.13805493919084],[126.67527471848791,37.13783906789086],[126.6750876168493,37.13771939795472],[126.67450508480235,37.13772755089181],[126.67423701359333,37.13760121372839],[126.67411767815673,37.13724388806366],[126.67400118081088,37.13725455008268],[126.6739353762199,37.137175976883825],[126.67424346064988,37.137047662208396],[126.6748814070878,37.136106922769436],[126.67485110498139,37.13546407480244],[126.67497519584796,37.13528062033953],[126.67561714499129,37.135684039142696],[126.67556231644681,37.13584344645836],[126.67588530942484,37.13600032396008],[126.67658781369407,37.13592373715437],[126.67699360717903,37.13566934083117],[126.67739180394766,37.13570210476535],[126.67793950980185,37.13536106649223],[126.67815935641035,37.134981765289716],[126.67894361137768,37.13417018069815],[126.67896461046936,37.13368521107561],[126.67932118289181,37.13302199786097],[126.67975545476314,37.13281920631306],[126.67954314825907,37.13287516187548],[126.6793635100246,37.13237131962778],[126.67961886049153,37.13226507644846],[126.67989549758971,37.131324949388585],[126.6800003731508,37.13132978415635],[126.68008470309555,37.131155461130795],[126.68076121431741,37.1309220378048],[126.68218626599075,37.129081990483996],[126.6832015733133,37.127009345649135],[126.68425942033063,37.12416194494138],[126.68488846372772,37.12217147076927],[126.6848561240966,37.12155285656451],[126.68510530301013,37.11960134493926],[126.68531483844244,37.11942799159177],[126.68532643111894,37.119170177060944],[126.68522397260497,37.1189425770211],[126.68476872607499,37.11880355465635],[126.68481942419916,37.118720486798885],[126.68467519231908,37.11861378617837],[126.68460184189524,37.118241130666824],[126.68434380363401,37.118144226218675],[126.68424605044773,37.117998057091846],[126.68429363070896,37.11786941482456],[126.68417268200557,37.11733378422526],[126.68398021076777,37.11699166147025],[126.68377815661913,37.116832246412216],[126.6798789314713,37.11802923563985],[126.6794015366465,37.118120748220576],[126.67774090369838,37.118116883096015],[126.6777394044799,37.1181888731693],[126.67751346183282,37.11818783249677],[126.67751477577667,37.11810656107051],[126.67530719546022,37.11810252665213],[126.67504007313913,37.11795175706993],[126.67442839050857,37.117217604984745],[126.67515630368378,37.11800157190049],[126.67548727274449,37.11808061273352],[126.67751530602577,37.11806925890832],[126.67751623132393,37.118007899699016],[126.67774294442754,37.11801020394374],[126.67774167088832,37.11807940136893],[126.67942907921817,37.118081320855964],[126.68096213941655,37.11765802450569],[126.68094588242856,37.117321319904434],[126.68088231475646,37.11733779717686],[126.68094189584892,37.11731925581026],[126.68091342865809,37.11687229369444],[126.68101695882137,37.11686756121434],[126.68096306442634,37.1159812111473],[126.68086223939838,37.115984047173164],[126.68083250891736,37.11551542778168],[126.68069977803283,37.11551513722756],[126.68069825692945,37.1154155246686],[126.67921407801435,37.11551129044447],[126.67915336305532,37.11545535106096],[126.67762432075551,37.11550342602465],[126.67756333042718,37.115435565359064],[126.67651841652469,37.11598020430251],[126.6764564320081,37.11577494555865],[126.67705860173487,37.11562091073017],[126.67768148957802,37.11530939817754],[126.68102347145498,37.11525552147711],[126.68102973844852,37.11502324670855],[126.68279442159971,37.11496321734073],[126.68321309680887,37.11477169660228],[126.68320073098346,37.11466164470631],[126.6837587741599,37.114623637060134],[126.68370098985575,37.113524234315456],[126.68354331341692,37.11350894420942],[126.68345849272774,37.11326381017796],[126.68258381893834,37.113267768239716],[126.68259403335485,37.11286274579799],[126.68356160915573,37.11282768655318],[126.68388986353206,37.11227333701807],[126.68555892446189,37.11094901012301],[126.73246311132236,37.07431287760079],[126.7324558502956,37.07410049661061],[126.73219891800197,37.07382793789348],[126.7325242869752,37.073572539720516],[126.73095475859623,37.07228321764826],[126.73105863237332,37.072202416556934],[126.73119393715676,37.072261483263496],[126.73189672424509,37.07167150824416],[126.73206928706085,37.0718138014435],[126.73191047166618,37.07193843172761],[126.73186531405182,37.0719028813228],[126.73130022211717,37.07239890336008],[126.73263046816533,37.0734900921301],[126.73298037495815,37.07321811604823],[126.73326057525261,37.07343452632034],[126.73353941374205,37.07347768703689],[126.75560169823449,37.05623281046723],[126.75668090344175,37.05545580227816],[126.7540856560324,37.05328658794859],[126.75293430063878,37.05219919994315],[126.75151386646465,37.051138575240486],[126.75088067093301,37.05041056291629],[126.74953756210378,37.04910902280102],[126.74944850123119,37.04893481012523],[126.7488931358649,37.04878491717363],[126.7487165678634,37.047946658216276],[126.7485692584965,37.04773710781433],[126.74866828313934,37.04765261868894],[126.74861378132249,37.04736565726498],[126.74817477625717,37.046779496550755],[126.74767844174546,37.04574276865805],[126.74655105266953,37.04384916695657],[126.7460413882069,37.04260614000813],[126.74577979436809,37.04152071945008],[126.74549225961859,37.0389337042943],[126.74558125147827,37.037656426391194],[126.7458614509657,37.036895349196335],[126.74582314642979,37.036643697678024],[126.74608028864078,37.03656346174876],[126.74645874172913,37.03658377485461],[126.74752313301038,37.0353220853253],[126.74701286921763,37.034479602173526],[126.7469830296029,37.03429739634557],[126.74706454156717,37.034282802645684],[126.74709991341966,37.03380388886909],[126.74766927320763,37.033318414321855],[126.74711159448702,37.033866898551096],[126.7471288562117,37.034554954853284],[126.7480360667917,37.035604684568625],[126.74806627950818,37.03583110627719],[126.74826985294037,37.036044048642864],[126.74852760466526,37.03596504315763],[126.74872777619046,37.036818285018285],[126.74885170347568,37.03681907155881],[126.74885720397918,37.032949763443874],[126.7479694105242,37.032938561980934],[126.74885089855279,37.03291929392139],[126.74885375061059,37.03157980820834],[126.74893706017437,37.03111636791776],[126.74917912380458,37.030681711912926],[126.74959298155056,37.03028440002378],[126.75028608168287,37.02992209892778],[126.75110191678476,37.02981893878488],[126.76672730870663,37.02985159174575],[126.76710296444882,37.029906443509304],[126.76749768648276,37.03010628661652],[126.76786749952869,37.02986401502626],[126.76911627406025,37.02970490532039],[126.77131865610316,37.029878598564046],[126.7891469486348,37.029876968743245],[126.78963220206886,37.02968789068664],[126.79297171034068,37.02745771189803],[126.79487230777987,37.02643652004146],[126.79525538772495,37.025824999552974],[126.79586496387277,37.01845450796113],[126.79597133984478,37.01833975159947],[126.7962943439835,37.01825824996929],[126.79634107491276,37.01810508559831],[126.79623192879241,37.01798420741506],[126.79698895037434,37.01729014864171],[126.79722898525158,37.01690278599034],[126.79732411654417,37.01697418837812],[126.7975275142828,37.01694930811156],[126.79782039715346,37.016880041141896],[126.79814176885552,37.016691214055655],[126.79792265450294,37.0165001897465],[126.79784831427213,37.016246599842155],[126.79796157043627,37.016073554129434],[126.79783829917595,37.01590248149965],[126.79753663428555,37.015828291874364],[126.79767195931485,37.01340501220123],[126.83402338158733,37.01337772046718],[126.84211159225482,37.014316963701674],[126.85113771204189,37.01839256793173],[126.85479463256877,37.02169507364156],[126.8591108286271,37.02720587317335],[126.86385283646882,37.03376224749858],[126.87080373029356,37.04397921633096],[126.87744408588206,37.052726699817725],[126.88177233943615,37.05986759045255],[126.88358702887436,37.0641673536207],[126.88374006669453,37.06698753678518],[126.88525849336173,37.06669168303329],[126.88884503385829,37.066938430731916],[126.88880029914473,37.066776196711196],[126.89109378074966,37.067012630984316],[126.89197055862454,37.0672026676188],[126.89342027638794,37.067771678433],[126.8960842902324,37.06846831198598],[126.8977032848726,37.068622928890726],[126.89855649015618,37.069641875293364],[126.90135582503765,37.07008578619971],[126.90197223103686,37.07160896972128],[126.90198303078327,37.071942077168195],[126.9045001077848,37.073367853705626],[126.90533205592266,37.07351269997543],[126.90522026778314,37.072989984232755],[126.9053678274111,37.071899815361945],[126.90489601272732,37.07153000103388],[126.90485136170646,37.07127766225716],[126.90530279513683,37.06997148555442],[126.9055733257006,37.06944909646508],[126.90609082617236,37.0692512717575],[126.90648445451848,37.069197523513466],[126.90683272319764,37.069450108047505],[126.90758621232499,37.06936960275482],[126.90783395977321,37.06907244759081],[126.90823885229939,37.06900068891368],[126.90858737845329,37.06905501868172],[126.90865491173999,37.06899199733227],[126.90896972327288,37.06901927375526],[126.90950928750259,37.06916386366158],[126.90988041496689,37.06911909908382],[126.91031922288784,37.0688941706049],[126.91146614339084,37.06891306815109],[126.91151131452524,37.06875090878189],[126.91202879402637,37.06855305886302],[126.9127602636233,37.06804902104685],[126.91288416123267,37.06787791034027],[126.91286248080581,37.06718407408881],[126.91303139670735,37.066967946472495],[126.91339140695362,37.066797019248376],[126.91332436388039,37.066743185035335],[126.91376285921294,37.06651839395179],[126.91458449708739,37.0658071562235],[126.91495572517681,37.06565424549955],[126.91511315091697,37.06564534960662],[126.91550644033336,37.065870903458595],[126.91584375316825,37.06588015865782],[126.91641693946755,37.066114847794566],[126.91701328730593,37.065745835399994],[126.91742929817225,37.06576415442574],[126.91795722692281,37.066260112209626],[126.91810360739099,37.06607099132541],[126.91840738547359,37.06590000253714],[126.91841887462239,37.06567474349778],[126.91854274658499,37.06550363744145],[126.91890279903099,37.06527861262513],[126.92001617930387,37.06508115739366],[126.92021839501237,37.06523446795115],[126.92115146753186,37.06540630780063],[126.92209603893522,37.065334858822276],[126.92236565247087,37.06556931541814],[126.92244407233372,37.065848688664246],[126.92270247068038,37.06605611487542],[126.92348927257788,37.06633596362757],[126.92393877251212,37.066597567194634],[126.92588340499628,37.067229568427095],[126.92600709668676,37.06720261603412],[126.92689506209092,37.06755459282837],[126.92743438710926,37.06796942137529],[126.92849124092633,37.06809622341443],[126.92864888649002,37.06786204571045],[126.92885139914947,37.06774503049642],[126.93012240079273,37.06726780039997],[126.93032498900719,37.067051666517706],[126.93040400993115,37.06674568269937],[126.93029189978414,37.066439360819665],[126.93037074261564,37.06629523724313],[126.93059570994289,37.066205264878604],[126.93105752932728,37.06534051517724],[126.93117048863827,37.064691379883406],[126.93133932999334,37.06449325447752],[126.93140720152164,37.06412428841272],[126.93175628824595,37.06354781140393],[126.93171162830843,37.063132857221916],[126.93150977970699,37.06261956823485],[126.93218469349718,37.0623045909942],[126.93378120627185,37.06237759792534],[126.93442268853241,37.061684142475904],[126.93465888377762,37.06160317142308],[126.93510856896951,37.061666498587385],[126.93571582416865,37.06154069647544],[126.93605301280851,37.061676052006085],[126.93645777658395,37.06167626380331],[126.93664903150564,37.06154120992687],[126.93879670274892,37.06133511993342],[126.93939289810022,37.060975006783316],[126.9400227446175,37.06070501495799],[126.94034880838983,37.06069617294839],[126.94101162163439,37.061381322910336],[126.94125913420145,37.061183213486565],[126.94176516364696,37.06108435270566],[126.9422260111736,37.061255794023594],[126.94285591123683,37.060904683756405],[126.94394648320731,37.06095027108583],[126.94504818850591,37.061149043961],[126.94645762359548,37.06168188483606],[126.9479148360969,37.061745066955304],[126.94817351113888,37.061637047068416],[126.94853331050632,37.06162821600762],[126.94861162179923,37.062087364072454],[126.94845385978101,37.062600884484915],[126.94845358870978,37.06300636397019],[126.94803747436697,37.063114305059315],[126.94714852692866,37.06410507333465],[126.9472494958818,37.06442071102676],[126.94723804835552,37.06480828336236],[126.94758591202226,37.06579070361157],[126.94801309309145,37.0659260575449],[126.94838387757102,37.066313679984546],[126.94847386951992,37.066259656201126],[126.94855236859078,37.06632262571795],[126.94836095066802,37.06684486139873],[126.94838297405144,37.06759319276007],[126.94875381099513,37.06793576389165],[126.94907948822551,37.06839531799963],[126.94904552160088,37.06877344524634],[126.94976513137057,37.06883684524704],[126.95005742163319,37.06893608067045],[126.95065339568129,37.0689183160676],[126.95109199189774,37.06882838897567],[126.95159818498162,37.06854027085532],[126.95199177088918,37.06849538275283],[126.95257661933368,37.068288379407555],[126.95310508445172,37.06832463937351],[126.95352125620036,37.06822612651406],[126.953892290263,37.06828034042046],[126.95604002933024,37.06820008866922],[126.95697313853739,37.06850681174505],[126.95740039189226,37.06857003656875],[126.95850207375797,37.06906602657844],[126.95909797487674,37.06917438033787],[126.95941297375272,37.06890415409809],[126.95967164621287,37.06881415573772],[126.95990774882212,37.06887730650677],[126.96020016735442,37.06874225796192],[126.96059395558134,37.068336906125246],[126.96107761604556,37.06805774206544],[126.9614823486052,37.06818402690367],[126.96183092097449,37.06819316462809],[126.96235947742534,37.06804015014502],[126.96285436729,37.0677970153513],[126.9639226369943,37.06768924070602],[126.96465344645199,37.067842650546005],[126.96484442762045,37.068203134550636],[126.96506924748562,37.06834737554759],[126.9652715146873,37.06862676646673],[126.96632826108313,37.06914069189469],[126.96636202487892,37.06907761898596],[126.96690112469199,37.07033883935199],[126.96720451818352,37.07081649173457],[126.96729429472661,37.071221996728454],[126.96805860642391,37.072024162089846],[126.96827209171295,37.07239366910729],[126.96913762980434,37.073168813140306],[126.9701385156141,37.07304293292113],[126.97132049673951,37.072757424941734],[126.97229276010015,37.07233468243677],[126.97322005554635,37.07206154821513],[126.97392862536188,37.071692279711755],[126.97418743509164,37.07116973019143],[126.97483975370459,37.070872518822526],[126.97560444919421,37.07070148595182],[126.97644778384858,37.07078276340234],[126.97724609253017,37.07100819362851],[126.9772348787198,37.07091808487152],[126.97777460349634,37.07100830161257],[126.97759201433423,37.07091766444305],[126.97813443134707,37.07107144790944],[126.97895529280564,37.071080616612875],[126.98022601542002,37.0708916280457],[126.98105808466039,37.071080998510574],[126.98194634485601,37.07140554062678],[126.9830483211583,37.07151383535929],[126.98343065768623,37.07147785139813],[126.98473503529223,37.07163122472101],[126.98635091833444,37.071172306227794],[126.98639835184369,37.07121641719557],[126.98693920138511,37.070874620128016],[126.98710789665239,37.070685416973035],[126.98681583774909,37.069955935588034],[126.98714807044247,37.06989448659735],[126.98768167713962,37.06941542125567],[126.98785033970172,37.06945148357583],[126.98813139627734,37.069793919423894],[126.98849121740147,37.069775938725805],[126.98914337657031,37.06996524186396],[126.98915464581171,37.06989314865955],[126.98967187496727,37.07005539292908],[126.98985156474255,37.070028451379194],[126.98976174620194,37.07020815402335],[126.99002032231719,37.070559585573314],[126.99030142496147,37.07067675086157],[126.99061627583558,37.07070382112508],[126.99106607842417,37.07064077975331],[126.99118976551753,37.07068584237867],[126.99277537300148,37.06992007471526],[126.99336010786314,37.06981197826419],[126.99448457283906,37.069857104563624],[126.99555281468562,37.07004639449316],[126.99575522308741,37.06985717302934],[126.99585732499767,37.069540967011974],[126.99620526869458,37.06968614822242],[126.99687967293285,37.07013655076828],[126.99710454937521,37.070451931986014],[126.99727319254512,37.0709655352405],[126.99723942923424,37.07147915062388],[126.99685705982247,37.07216394530853],[126.99620480915438,37.072560386328306],[126.99413567148574,37.07310091449647],[126.99289863457635,37.073704535280825],[126.99226882031192,37.074362273793824],[126.99126779106655,37.075794883448694],[126.99067326490288,37.07638345840814],[126.99059358073933,37.07634745662358],[126.99041297833276,37.07682201938644],[126.99045796959695,37.07720992745756],[126.99069409363997,37.077453216656735],[126.9909527486362,37.07753434534098],[126.99157124307715,37.07755241888094],[126.99350556237462,37.07731828833545],[126.99539485452682,37.07732741311089],[126.99591208027103,37.07757069441759],[126.99619320280809,37.077903704383935],[126.99627187259114,37.078651581607865],[126.99613686864747,37.07939044758764],[126.9956869599984,37.080237425888335],[126.99509084335322,37.081030330759305],[126.993198292543,37.082831573406956],[126.99280757268204,37.08333690647952],[126.99227893388142,37.083706302267835],[126.99177275013629,37.08433700568325],[126.99081653311342,37.08602191022109],[126.99051273841822,37.0868778916306],[126.99049015536689,37.087490611813024],[126.99078254316963,37.08778798909605],[126.99112001675246,37.0878695589432],[126.99228967246071,37.08790525381799],[126.99566391265662,37.08747295813074],[126.99648498166952,37.087220698309146],[126.99700244463507,37.086770623085535],[126.99739606284992,37.08622956488396],[126.99758736830613,37.08542806168118],[126.99792480639648,37.08483337142081],[126.99840843219741,37.0845720759368],[126.99880207523697,37.08449098973088],[126.99928568600583,37.084626159706986],[126.9996680742257,37.084878463095976],[127.00006164943998,37.085481766306664],[127.00021914069536,37.086022824791776],[127.00010660857426,37.086644116425674],[126.99989287548513,37.08693248395416],[126.99772209405502,37.08887870058343],[126.99740714793494,37.089031868428755],[126.99556252690354,37.08954539489975],[126.99538252709584,37.08986075811064],[126.99540499032149,37.09040139630318],[126.99584357591101,37.0914196176588],[126.99634970405212,37.09183413037684],[126.99803685101652,37.092753272956216],[126.99834053401597,37.09311370596294],[126.9984417254713,37.09414992898847],[126.99822797209433,37.09498791005217],[126.99816047375768,37.095168120362715],[126.99709180551653,37.096330453942585],[126.99700180817318,37.09647462028322],[126.99699053871046,37.096826033539024],[126.99703558372742,37.09706074480261],[126.99733927589577,37.09727701995284],[126.99845284379676,37.09745683289749],[126.99873871764296,37.097633290063065],[126.99876249827179,37.09785473474674],[126.9983375071972,37.09827707303742],[126.99754165061329,37.09823170775707],[126.99718168226457,37.098303780023656],[126.99690045011332,37.098465960324674],[126.99681044543546,37.098682211301224],[126.9969229224557,37.098889459591184],[126.99744034793713,37.0991958389711],[126.99795779210608,37.09967341753124],[126.99811526127085,37.099961762491894],[126.99803651319823,37.100169002984224],[126.99750779750607,37.10025909236668],[126.9971253036762,37.100439290894535],[126.99686656499013,37.10073663090124],[126.9966865394479,37.10115111135788],[126.99667529109047,37.10131330170522],[126.99748522317476,37.10148453331574],[126.99775521309459,37.10183594653137],[126.99763139156042,37.10336776226363],[126.9975188758652,37.10352092967268],[126.99724887685122,37.10364706864602],[126.99706889609803,37.10362904102943],[126.99674265944812,37.103403764062996],[126.99660769243292,37.102908174942435],[126.99624771352353,37.102800032360776],[126.99594395827266,37.10288111388906],[126.99535895838964,37.103295572500876],[126.99566258722997,37.103980502757665],[126.99541512073665,37.10436783635448],[126.99549383652489,37.10478232774627],[126.99583132400666,37.10489047150672],[126.99627009760954,37.104674229146916],[126.99748506961254,37.104629241246364],[126.99775506111379,37.10469231483694],[126.99795755148126,37.10483649058287],[126.99808043451904,37.10532339173928],[126.99805882089792,37.105746997915006],[126.99821620864437,37.10623326889688],[126.99816103278734,37.10651274620712],[126.99782245288282,37.10690892289393],[126.99704618878924,37.106953958222725],[126.99622490242699,37.10729631796242],[126.99602237828066,37.10757563708737],[126.99618100994499,37.10826054717593],[126.99595480570493,37.108548777643044],[126.99559478423303,37.108656896327396],[126.99530223720001,37.1090984002273],[126.9956285030204,37.10990078336349],[126.99597725071804,37.11018913861058],[126.99625851480346,37.11023420495488],[126.99678732666409,37.10990983655718],[126.99710233530733,37.10983778151571],[126.99800231534968,37.10995450750689],[126.99858736444439,37.10988243875206],[126.99992617433767,37.109900494575164],[127.00028617760657,37.11007168222972],[127.00035368956011,37.110260913575836],[127.00029742810514,37.11077451642228],[127.00007240114007,37.11142328506216],[126.99948734259675,37.111630501531806],[126.99909357944789,37.11147732394319],[126.99842979792966,37.111044801728475],[126.99800225971433,37.110918640226195],[126.99737221426314,37.111179926918595],[126.99664088015028,37.1116844919208],[126.99632585633856,37.11167546799842],[126.99581957791906,37.111531275459136],[126.99541453867496,37.11163938236337],[126.9952682495191,37.11211693571006],[126.9952456844951,37.11274767533848],[126.99450304272393,37.11354956660454],[126.99421041781433,37.114540721845486],[126.99431166753732,37.11466687614699],[126.99455919561132,37.11467590148275],[126.99613441223785,37.11424347574187],[126.99801337761343,37.114126408790035],[126.99839591019081,37.11427959860678],[126.99869967401176,37.114757167953044],[126.99887964008984,37.11575734591675],[126.99831712074945,37.11579336855812],[126.99822712542098,37.11491032563842],[126.99801334638515,37.11473912753849],[126.9975407931144,37.11469405978725],[126.99624688042171,37.11501839033743],[126.99586431004586,37.1151895737595],[126.99541422194154,37.115595027533146],[126.99517791373988,37.11592840654711],[126.99507662358381,37.11624376230186],[126.9953578787541,37.116658263754005],[126.99578544541491,37.11676642157465],[126.99635928377803,37.116532182217156],[126.99667436283148,37.116153752002674],[126.99688814974799,37.11601860150652],[126.99710192177027,37.11594651540763],[126.99748446987066,37.11596455027987],[126.997900752025,37.116451134042784],[126.9979457250263,37.117162970938125],[126.99821574046607,37.11773993488964],[126.99822699340132,37.11797393982911],[126.9979006538191,37.118523566376616],[126.99791266196203,37.11887709675509],[126.998024449316,37.11912771918877],[126.99856453447556,37.11965033857355],[126.99931841332813,37.11994770338266],[126.99962220383622,37.1201909943072],[126.99980212380977,37.12059623659378],[126.99972340166761,37.12097448332538],[126.99934082091283,37.1211276656611],[126.99899198864631,37.12148807255355],[126.99886819028275,37.121821460918746],[126.99904822610259,37.122235950932506],[126.99920571493303,37.12303789951767],[126.99874436610615,37.123146002546655],[126.99931824823923,37.12349743561877],[126.99945321621577,37.12370474877646],[126.99930697342838,37.123875879177696],[126.99760491620779,37.124312667619044],[126.99750127380162,37.12418748939585],[126.99731618869586,37.12419341195401],[126.99676910491534,37.124717346692925],[126.99688752453015,37.125909133529476],[126.9968276603265,37.126248369839885],[126.99717969076032,37.12700488290498],[126.99738459635097,37.127887573682344],[126.99698681144056,37.1285282009229],[126.99613338976648,37.12932769916023],[126.99566067205373,37.12952463856872],[126.99556917428585,37.12946646186746],[126.99518624957332,37.12948731052851],[126.99391787172137,37.12966343758615],[126.99319251493652,37.129860603001035],[126.99285419658052,37.12978379984711],[126.99285808850628,37.12970072279948],[126.99145369459801,37.12908460532155],[126.99072420967661,37.129182999595756],[126.99043649801887,37.129144516026024],[126.99025703693333,37.12915951072516],[126.98963921604181,37.12963062154231],[126.98906012147135,37.129694852492946],[126.98855863068103,37.1295591268404],[126.98797658949637,37.129674351928124],[126.98750722506651,37.1298074644565],[126.98703758305705,37.13014868289199],[126.98642478344344,37.13109183144356],[126.9859272348837,37.131521372310786],[126.98559663812108,37.132512543304614],[126.98451200899032,37.13274394596895],[126.98437154610528,37.13325133693813],[126.98380560174321,37.13363783345758],[126.98345305343412,37.13359761126581],[126.98270999834068,37.13456178681185],[126.98226118239101,37.13481316318454],[126.98216328911111,37.13544564268311],[126.98200271607303,37.13564703815639],[126.98254440282447,37.13785593515978],[126.98253126541914,37.13872478371006],[126.98240518577303,37.138958749231136],[126.98236645441115,37.13950771925996],[126.98212409096686,37.139987085723476],[126.9822709297678,37.14027751034937],[126.98214415733894,37.140875960757725],[126.98225485101699,37.14159124436744],[126.98190092118247,37.14174900594027],[126.98082975895751,37.141806554473455],[126.97972437712889,37.14218428550727],[126.97920960746983,37.14312015929649],[126.97857624791415,37.14341802590517],[126.97799422113684,37.142985631445775],[126.97721839738342,37.14292847438304],[126.97601622562581,37.14301297508944],[126.97561323087312,37.14278905702391],[126.97490033737195,37.14264368536551],[126.97463614124014,37.14276202422525],[126.9740928541217,37.143376760783056],[126.9730821737763,37.1435225024393],[126.97217502268607,37.143803500251714],[126.97084054600062,37.143659859010285],[126.97016117666304,37.143668322424425],[126.96973968311714,37.144029820998405],[126.96950614219776,37.14445076637398],[126.96918428735326,37.144629961639],[126.96803153279417,37.14431660677924],[126.96755835744518,37.144359948043686],[126.96712406623276,37.14374024052769],[126.96613859293474,37.143568786490356],[126.96564847680017,37.143645913597865],[126.96541110522385,37.14355569115839],[126.9646254405381,37.14355979240859],[126.96412559697343,37.143753560574034],[126.96328964677667,37.14361007157752],[126.96273723440044,37.14369610499762],[126.9620907459006,37.14393471601877],[126.96078470894678,37.14405943989818],[126.96068890687346,37.14434129248753],[126.9599497014023,37.14468783305887],[126.9596689805776,37.143853917558175],[126.95942433007866,37.143525261822035],[126.95867376570527,37.143040676742515],[126.95836906001477,37.142578460926536],[126.95540436061242,37.14349384262452],[126.95503337400528,37.143884610787694],[126.95491604987933,37.14505162700625],[126.95451610055534,37.145237167195894],[126.9540474043879,37.14514294656504],[126.9536236157976,37.14518943267588],[126.95301360469978,37.145420701306975],[126.9528083856317,37.14565226893061],[126.9525753584682,37.14650271299424],[126.9526858071506,37.14675833319902],[126.95241031463668,37.147438063830506],[126.95243498886263,37.14816875577763],[126.95236072787023,37.1484349049951],[126.95118113215531,37.14864135483404],[126.95081683600947,37.14885442470868],[126.95057720978767,37.14878804957518],[126.95017392908863,37.14881976387327],[126.9497423937626,37.14924904490886],[126.9489871788528,37.14947450746243],[126.94820442143401,37.150075484444145],[126.94761674821333,37.150015172593925],[126.9468046203238,37.15020527406542],[126.94635706333769,37.150462731619825],[126.94586837905628,37.150095243306346],[126.94565969257805,37.14951505660831],[126.94568084377944,37.14839665306859],[126.945793733106,37.147798371132644],[126.94531967303051,37.146465273937466],[126.94510936317735,37.14608944397764],[126.94543629345071,37.14575289356392],[126.94585595155142,37.144718222758215],[126.94593406520637,37.1444584677283],[126.94587254036475,37.14415252226357],[126.94536159646552,37.14394427320575],[126.9441759029944,37.14384138208333],[126.9435040331453,37.1441787520142],[126.94293466782403,37.144130653159515],[126.94225608763584,37.142944817992095],[126.94206476473425,37.14281782684664],[126.94126775556414,37.143112654696736],[126.93894105851247,37.14480775449965],[126.93824542037167,37.14493994824925],[126.9378125778409,37.14490084503385],[126.937056707545,37.1452314743988],[126.9362532916481,37.14534564882071],[126.93556497010975,37.145609096261325],[126.9340518971385,37.14450582443472],[126.93347655163056,37.14396273720996],[126.93309074908655,37.14380462360518],[126.9329059729562,37.14354705885057],[126.93272449172497,37.14346821063596],[126.93162531220786,37.143351340891385],[126.93065813677444,37.14351665972979],[126.93000990814473,37.14352556940768],[126.92867327163157,37.14321086476108],[126.92849875586404,37.14469691862454],[126.92855633488135,37.14465569484862],[126.92884641216634,37.14508554019042],[126.92929412642114,37.14592310829322],[126.92917507635897,37.146261714479735],[126.9290448161126,37.146374140390925],[126.92912292390885,37.14732844810658],[126.92939392720452,37.14794467202696],[126.92995676671387,37.14836947195793],[126.93058432080028,37.14848571544528],[126.93107305395247,37.14867313745116],[126.93144478561723,37.14920782605977],[126.93193474813293,37.149277117241965],[126.93271724598905,37.149530724613754],[126.933213440214,37.149445753946814],[126.93328174270408,37.149811079931155],[126.93403046483235,37.150234822906086],[126.9344765215823,37.15067717729715],[126.9347767166456,37.15127605082484],[126.93507447349481,37.15305910272386],[126.93581987674315,37.155481292891544],[126.93681653876871,37.156891382829535],[126.93746302215968,37.15733753804616],[126.93728904807786,37.15857385731792],[126.93693957570152,37.159707712205716],[126.93600645734102,37.15989095151267],[126.93519604312573,37.16016895262051],[126.9342294021975,37.160628763721895],[126.93370629557445,37.16067708633319],[126.93314934758628,37.16057397455665],[126.9329232947634,37.1606874844852],[126.93141423481349,37.16106334897163],[126.93124459132089,37.16137307478664],[126.93075447080025,37.1617285270006],[126.9298697139754,37.16175474772647],[126.9295031026889,37.161418649960474],[126.92738227486142,37.16100493168505],[126.92678579397993,37.16102810159469],[126.92618592863062,37.16095584508848],[126.92593702903301,37.160654519475735],[126.92501256106343,37.160516462137124],[126.92525387295176,37.15989423484377],[126.92427974806955,37.15959843790245],[126.92421785170359,37.15918931144824],[126.92360449474461,37.15839201141192],[126.92286600364568,37.15780776878497],[126.9223100454102,37.15615321271172],[126.92201614786373,37.156023381713545],[126.92096716219048,37.15503188640989],[126.92076711577184,37.155036030305965],[126.9205477693998,37.15468579513107],[126.91959200042292,37.15437924946674],[126.9171804209057,37.15563309249252],[126.9174620041678,37.156139404033],[126.91673597852888,37.15669292541855],[126.9163013204738,37.15692782416411],[126.91494915607068,37.15734833813253],[126.9155479064119,37.15833108171946],[126.91587999535632,37.15915339590651],[126.91555886606281,37.15937018156925],[126.91532376297494,37.159720582683505],[126.91461900669141,37.16009029185889],[126.9143895126621,37.16046219425354],[126.914523920359,37.16060209998777],[126.91416368501035,37.160669062452655],[126.91503926571627,37.16155637424996],[126.91496658930578,37.162528104074376],[126.91507862474747,37.162782489257694],[126.91488659617467,37.16339834306183],[126.91494821221377,37.163617226136815],[126.9152709382452,37.1640241143347],[126.9151869855609,37.16467507990795],[126.91530781381012,37.165557773298794],[126.91558273498808,37.16614230375019],[126.91564391302917,37.16619473512287],[126.91598646842604,37.16598305589167],[126.91651828311022,37.165922734725626],[126.91704502659627,37.16622002521795],[126.91735732299868,37.166782457355936],[126.91809360663247,37.16684453756891],[126.9186868391489,37.16706699928597],[126.91980015418031,37.16698760566844],[126.92083912434353,37.16708741484617],[126.92146407319808,37.16733053629907],[126.92190287655905,37.16741453034807],[126.92205978719994,37.167604829191724],[126.92239641949358,37.16780418633758],[126.92286614473237,37.167909570347824],[126.92327480741073,37.16830396889111],[126.9232574209179,37.16844808027939],[126.92273998756127,37.168406586580076],[126.92230108253234,37.16849994914285],[126.92069415367213,37.16916956041859],[126.91959752454345,37.16932496842249],[126.91888939943343,37.16953040269663],[126.91862406747684,37.16970869727058],[126.91865108048997,37.169810408578115],[126.91907983434874,37.17003469037771],[126.91963856080093,37.17075896254127],[126.91972670899281,37.17120096094086],[126.91948052504891,37.17319270352819],[126.91900109394528,37.17329958650218],[126.91895271353582,37.17345135248405],[126.91826865612173,37.17396457082702],[126.91788319816695,37.17452868924393],[126.91776676215166,37.17499307048406],[126.91731357383914,37.17550802291824],[126.91715580665026,37.17597287869341],[126.91754094565256,37.176604012126965],[126.91802145099429,37.17691303270024],[126.91918041011066,37.17734664396596],[126.9194328922611,37.177651292256016],[126.91907518123037,37.17868241050237],[126.91913063311594,37.178844926015884],[126.91944215617141,37.178976830306745],[126.92079208449225,37.17906025741811],[126.92099141920272,37.17982887865784],[126.92078240271289,37.180380808369975],[126.92050248652646,37.180760778349885],[126.92097131223744,37.18177595672108],[126.92102078482134,37.18224121011275],[126.92080137406377,37.183750305993996],[126.92040259910036,37.184438244461866],[126.92025615195888,37.1851642888677],[126.92043011899986,37.185421467694546],[126.92038544845003,37.186027553294295],[126.92000428315653,37.18620151813098],[126.91951680735217,37.18659063223554],[126.91923378802389,37.18766558288114],[126.91965479058038,37.18802933858616],[126.92000216952258,37.188514332010236],[126.91980753010762,37.189094102379904],[126.91995485796956,37.18966535907264],[126.91856382321919,37.19012981988288],[126.91771229555037,37.19086749283663],[126.91520229308624,37.191457561210854],[126.91469375192297,37.19187782494345],[126.91359940677651,37.19165397318351],[126.91308710347639,37.19165043832443],[126.91234606383502,37.19183044358299],[126.91188790058288,37.19145424466966],[126.91075153992279,37.19166137713842],[126.91065877976328,37.191483061160056],[126.9103022838201,37.19143442815105],[126.90958295273637,37.191847938865955],[126.9093186139316,37.192183165802504],[126.90882417736957,37.19231189091395],[126.90857270096188,37.1921925666769],[126.90835242975359,37.19169203396737],[126.90821599214222,37.19163786387066],[126.90768674160424,37.191750437122856],[126.90670486097339,37.191755728621764],[126.90626492346672,37.19116684870202],[126.90588797344687,37.19132797647927],[126.90486167317626,37.19213258863521],[126.90469972733044,37.192148792388345],[126.9043123879495,37.19199109863471],[126.90348447336781,37.192147595012365],[126.90353551178586,37.19230805039217],[126.90326373129575,37.19229737322344],[126.9029484365106,37.19223940840691],[126.90241873336348,37.191922041792836],[126.9016497277088,37.19232928155421],[126.90118109931878,37.19234152734505],[126.90051766326697,37.19289086286163],[126.90042634438932,37.19323673242048],[126.90002534768955,37.193860787126816],[126.89923716005043,37.19396900075416],[126.89829373878052,37.19383990083867],[126.89671446304276,37.19420239273491],[126.8959083418324,37.19399927519575],[126.8954799022837,37.19367165090501],[126.89537838488454,37.19334441744734],[126.89539869456003,37.19281940542986],[126.89573979812396,37.192410734833594],[126.89572817964243,37.191720992024095],[126.89470395983335,37.19190379643514],[126.89449928395972,37.19202993836607],[126.89415984098757,37.192582774212305],[126.89415692093347,37.192950857683186],[126.89395799978234,37.193265403468025],[126.89284901492107,37.19410652668717],[126.8919913779457,37.19454198715001],[126.89046932366621,37.19557859255664],[126.89026475890257,37.19610109689626],[126.88990673729441,37.196555184213125],[126.88946201451506,37.19745243041857],[126.88821265229548,37.19704930424415],[126.88758015709887,37.197149056112494],[126.88633921249749,37.197064761995826],[126.88581865972527,37.19695997693077],[126.88562146632515,37.19680730039963],[126.88526034747925,37.19678543869592],[126.88548444355784,37.19718431662979],[126.8821432333864,37.19713016964544],[126.88111194210352,37.19633006159243],[126.88104587864683,37.19604161501982],[126.88125061533151,37.19559268812827],[126.88088036171834,37.19614180500339],[126.87871574666659,37.19441395402869],[126.87898781474777,37.19317563183941],[126.87664378437677,37.19361201186535],[126.87673986795113,37.19348265089911],[126.87677528422324,37.19309589646724],[126.87639233618071,37.19288251261614],[126.87580779585494,37.193077024302696],[126.87509152460288,37.193499068741694],[126.87478860905861,37.194232150903765],[126.87451613569624,37.194485584474045],[126.8740906584875,37.19519661987907],[126.87347073746405,37.19580559859325],[126.87327177134775,37.196564414571235],[126.87261621072687,37.19682605140783],[126.8714236211563,37.197108613137964],[126.87057363555375,37.19764041948703],[126.8677772265004,37.19844137920311],[126.86728500214201,37.19882288343552],[126.86706419985833,37.19929200509739],[126.86700792060384,37.19965675602341],[126.86575789593128,37.200230043358445],[126.8653953319163,37.199877976872514],[126.86409880438879,37.19969951517522],[126.86330677627316,37.199882100593],[126.86264011124693,37.20020668809941],[126.863174694353,37.20124071188137],[126.86352459051577,37.2016068446308],[126.86374795145238,37.2022063347705],[126.8647476517237,37.202933346822086],[126.86513302694563,37.20299716146072],[126.86483020866527,37.20332681974556],[126.86523315375321,37.204120121196794],[126.86598002027038,37.20454681110751],[126.86574797017612,37.20574105863759],[126.86549660127878,37.206334467710704],[126.86595253963985,37.20669187546682],[126.8662050256569,37.2071057428929],[126.86623729607643,37.20812409350521],[126.8664766512027,37.20843788445083],[126.86657827517931,37.20886154444649],[126.86699256782235,37.20949570996739],[126.86546994939086,37.209967856651886],[126.86553536797155,37.21025658076075],[126.8654270156077,37.21093468909147],[126.86557829834516,37.21163965817449],[126.86493358426839,37.21170918894072],[126.86421213920335,37.21197097279957],[126.8635285995309,37.21155777153449],[126.8629537537615,37.21170756565387],[126.86246369481913,37.211935378665494],[126.8620310455346,37.21222928562339],[126.86111243555469,37.21388257690779],[126.86032197785397,37.21368909377727],[126.85915258870668,37.21411587843585],[126.85760568547995,37.21382268451214],[126.856407392829,37.21454361512137],[126.85601899683573,37.21530462717126],[126.85555770917635,37.215388144939105],[126.85461318730599,37.2157220658337],[126.8543996987655,37.215723909340646],[126.85485551230424,37.21730616281579],[126.85473068998272,37.2174285318249],[126.85465619817913,37.21824677423833],[126.85411493176522,37.21812165917107],[126.85368489014223,37.21821657059312],[126.85320712100761,37.21871478982287],[126.85287242480157,37.220188239216384],[126.85210568828668,37.220078500964995],[126.85118787253938,37.21969786638284],[126.8507079571421,37.21975008441976],[126.85027311293433,37.21969293564778],[126.84985608165933,37.219698024966206],[126.84898927328129,37.22018593399515],[126.848949854671,37.22058095361189],[126.8491708096004,37.22074466876508],[126.84973969637979,37.22093450045848],[126.85005754720333,37.22111703465615],[126.8500919212222,37.221213805326805],[126.85024070306763,37.222150609189],[126.85013999734754,37.22245462678977],[126.85013259717722,37.22305670161656],[126.85034394507102,37.22352816161133],[126.85064797089082,37.22389216406166],[126.8503518842796,37.22524679793184],[126.85003509378795,37.22586037997184],[126.84992884285367,37.2262917070537],[126.85024574947616,37.227026180398795],[126.85060246586677,37.22742459767816],[126.8507432063346,37.22828360293739],[126.85038560060698,37.22816472356112],[126.84988101731447,37.22824710048312],[126.84957841282305,37.22821250924724],[126.84940373540253,37.22788638800839],[126.84913903596953,37.22761779023722],[126.84854529027564,37.22724289520402],[126.84707375280198,37.227731007138495],[126.84696520792212,37.22804551763287],[126.8466416514317,37.228262182503826],[126.84658559709818,37.22845266105694],[126.84606472421271,37.228941792730126],[126.84547153123523,37.229165119285845],[126.84507916188217,37.229250578912925],[126.84475902981227,37.22906528039684],[126.84445648204803,37.22900833037469],[126.84338602961455,37.22893321913773],[126.84238688178901,37.22915449186114],[126.84111433727297,37.22962528949577],[126.84019907651764,37.23025466589874],[126.84021441178523,37.23080011284727],[126.83990991715396,37.23116804258957],[126.83971718076847,37.231742218897516],[126.83917589167736,37.23228290355266],[126.83732773921936,37.232146903180805],[126.83684106163643,37.232366189163685],[126.83571403652175,37.2322281995947],[126.83549454407728,37.23161646513821],[126.8354159847144,37.23088945977486],[126.83519134353467,37.23053154914676],[126.83443109668417,37.23064699252337],[126.83383422002919,37.23055313477359],[126.83169097136215,37.230559740372065],[126.83101059814084,37.23034630690669],[126.83049380598614,37.230460137981865],[126.82926102677172,37.2299630503782],[126.82888760727764,37.230198488881655],[126.82832053349105,37.230410693722064],[126.82820115517329,37.230853893383916],[126.8281169593938,37.232161781301635],[126.8278442484591,37.23221422767194],[126.82751213848228,37.23277227613938],[126.82732832665847,37.233279488956114],[126.82724067020196,37.23418344407454],[126.82694711110325,37.23530802127447],[126.82533598913625,37.235195808134335],[126.8253926210074,37.23583835065654],[126.82483097923364,37.23617303373211],[126.8243715436414,37.23632558702101],[126.82376510064863,37.23674549025101],[126.82461461027852,37.238193063190835],[126.82551326804304,37.238980593553926],[126.82562950207787,37.23969459530211],[126.82590829937992,37.240188588388946],[126.82603485042851,37.24089312598204],[126.82631050475564,37.24115095147362],[126.82622011652442,37.242173990656035],[126.82652698106774,37.242271972729654],[126.82733098442776,37.24308682155667],[126.8273727579163,37.24331956680985],[126.82721288566887,37.24340351551729],[126.82708592387213,37.24365813285818],[126.82701737399569,37.244211899310564],[126.826683530258,37.24472889946738],[126.82651434814169,37.24537197185109],[126.82684914035687,37.24692677233121],[126.82666967034478,37.2475671894818],[126.82651965970528,37.247744643278594],[126.8264001618954,37.24857366334251],[126.82703700765454,37.25008845220942],[126.82733766373882,37.25052802371076],[126.8269561493715,37.2514603494819],[126.82741304577887,37.25192986705847],[126.8277120709485,37.25187146867146],[126.82863878305496,37.252586580614725],[126.82985103671204,37.25276186557938],[126.83038058001888,37.25323794635482],[126.83070092496888,37.25369805414757],[126.8313264938531,37.25362343906285],[126.83235060618539,37.25330021828575],[126.83233651345574,37.25365441326557],[126.83294948581266,37.25433037024357],[126.83418550767256,37.25459116192927],[126.83373892324818,37.25609920557133],[126.8333929859419,37.25671380658005],[126.8336969421726,37.2575133747359],[126.83444892698886,37.257872644522685],[126.83506508877112,37.259064851525785],[126.83556967696455,37.259728802391],[126.83614250143843,37.26021061211155],[126.83623742111781,37.26067933667874],[126.83650568958318,37.2609559680077],[126.83642676096795,37.261124099150734],[126.83662596335805,37.261446415435366],[126.83715773381722,37.26181664192442],[126.83748156092548,37.26283807095509],[126.83817153903001,37.26345613408808],[126.83860844350427,37.26402481096076],[126.83933825435952,37.264398327300526],[126.83932403901645,37.26451897430257],[126.84144015162434,37.266288015562104],[126.84170990574783,37.26595461000395],[126.84397471134359,37.26429503916852],[126.84422972015734,37.26418034316077],[126.8443252091407,37.26401644571441],[126.84502722070089,37.26350934548096],[126.84504153768651,37.26343861519459],[126.84481787594441,37.26339392546295],[126.84422207992755,37.262785541069896],[126.84409254711018,37.262965566778185],[126.84388275600783,37.26310360544871],[126.84387609902811,37.263046840438],[126.84401566103854,37.26298277340266],[126.8443177961307,37.26256028345196],[126.84477415499789,37.261540052454215],[126.84480188561308,37.26126857141241],[126.84456808245808,37.26090436992432],[126.84480110534282,37.26035555199632],[126.84487721601472,37.259845802198406],[126.84539912453856,37.25989060610178],[126.84567826900026,37.25982213474308],[126.84802682667217,37.2581695505811],[126.8482167463217,37.257958774185674],[126.84856943919594,37.25724678175365],[126.84906975097235,37.25689151797935],[126.84932120091634,37.2564697384303],[126.84931276757328,37.2574994076493],[126.84949375342303,37.25803512532387],[126.84945201451073,37.25878491309657],[126.84985219763827,37.25935172678916],[126.84984551356648,37.25954255741792],[126.84946286120206,37.259685773982255],[126.84914867123493,37.25991298828023],[126.84915544152784,37.260531016736564],[126.84895606924917,37.260756323189334],[126.84885725816831,37.260766664533456],[126.84793120789969,37.259942945655794],[126.84745017140533,37.25977293288426],[126.84683531670595,37.259813201130974],[126.84604333145799,37.259699428714924],[126.8454547513442,37.25995813474649],[126.84526002385249,37.260225850832015],[126.84512090724618,37.260889909928736],[126.84542020116518,37.26138928879056],[126.84617927599699,37.263134329228365],[126.8463552375635,37.26397170182003],[126.84587454316092,37.26418768856343],[126.84538195793925,37.26476145828786],[126.8451969406855,37.265318006950395],[126.84446903410971,37.26630017789768],[126.84291219943145,37.26706620101296],[126.84192657152248,37.267415477837645],[126.841202603067,37.2677709577102],[126.84048188657694,37.26839620695916],[126.8393956108932,37.2695172408899],[126.83733821826972,37.27218656664097],[126.83711431278472,37.273385950761586],[126.83720171094382,37.27502468485595],[126.8366742439417,37.2756444285928],[126.8356066563214,37.27656855954269],[126.83501093824444,37.27678732556791],[126.83396189257256,37.27691870409576],[126.83226083747593,37.27690912087284],[126.83118053700328,37.27669997628098],[126.83019656502165,37.2765990147546],[126.82918126966068,37.27666481472492],[126.82810459186106,37.2769210481528],[126.82753375456616,37.277347092653656],[126.82643001510962,37.27900984994179],[126.82533731677427,37.282480037762234],[126.8250516675068,37.2837579684716],[126.82402863255436,37.285507385051076],[126.8231217048383,37.286790054186234],[126.8214941268241,37.2885455714059],[126.81920830500017,37.29046422238067],[126.81683842779508,37.29176226928282],[126.81521454700393,37.29247081627781],[126.81361134278374,37.2929721547934],[126.80965578396662,37.29357599505855],[126.80703684934905,37.293768560798945],[126.80475546840937,37.29370370366318]],[[126.78623451728205,37.17299275903064],[126.78626402928968,37.17321937278618],[126.78610198038601,37.17353113823841],[126.78627275557814,37.174013464572376],[126.78582246865331,37.17430130425072],[126.78463457477817,37.174654726274035],[126.78386967209634,37.17522316366153],[126.78361915691728,37.17571239512002],[126.78372439789575,37.17575136957335],[126.7851737182769,37.17492118621983],[126.78691078717193,37.17427174706751],[126.78668501869934,37.17386349375689],[126.78758820984291,37.17349596886525],[126.7877923503366,37.17381728952632],[126.78880696838591,37.173826053608046],[126.79475018132297,37.181533923624265],[126.79476558040079,37.18573852732466],[126.79056961290956,37.18740381438161],[126.79059101170726,37.187468304230535],[126.79085696935398,37.187467020307864],[126.79108824790491,37.18768607884887],[126.7913239380463,37.18770762666989],[126.79154540149734,37.18716060736379],[126.79256977384338,37.1870297932557],[126.79553045272681,37.1861480509772],[126.7964266800552,37.18735779914734],[126.7964128400789,37.18751565633213],[126.79609094877512,37.18859200080325],[126.79521251789613,37.18923713660959],[126.7945155378649,37.19035485653759],[126.79439727624997,37.190694947429456],[126.79419913366328,37.19090931084652],[126.79454209216412,37.190912982966964],[126.79496310241224,37.19103587223861],[126.79539343274436,37.190887742001244],[126.79715658447631,37.19072313860822],[126.79796947394742,37.19295047824509],[126.79892332518061,37.19442739278279],[126.79943430807782,37.19483819540731],[126.79961942827629,37.19509254235122],[126.79971349743141,37.196184912091475],[126.800650054866,37.196165085710575],[126.80062933717899,37.19597540786804],[126.80031439032072,37.195627755288854],[126.80019394622444,37.194747482936684],[126.80000264239003,37.19447160041234],[126.79951132606173,37.19411928448187],[126.79922080335811,37.19346177437527],[126.79898625393066,37.19336824175519],[126.79873196701169,37.192404842663876],[126.7989074795961,37.19234850325189],[126.79932650938808,37.192810094250454],[126.79990183072515,37.19278805289645],[126.80034848469742,37.192502766480956],[126.80046324940885,37.19232142783411],[126.80078660035014,37.19214855201299],[126.80046057569099,37.19222538997236],[126.80031605697845,37.1924483423974],[126.79995675757688,37.19266174782961],[126.79984998819863,37.19265233946336],[126.79986042122287,37.19271451126566],[126.79944547527397,37.19275237805832],[126.79879235901504,37.1921854605764],[126.79860133029945,37.19220674063909],[126.79834032030685,37.19192316716057],[126.79804410569014,37.191030660751736],[126.7981163352339,37.190781997311575],[126.7980189357385,37.19038351423924],[126.79774491562176,37.19003254590718],[126.79776088422132,37.189710332699036],[126.7976643491975,37.18974984867769],[126.79741610600986,37.18959801877628],[126.79716180665275,37.18923226984413],[126.797292103536,37.18862446385607],[126.79763056665983,37.187988169975505],[126.79772635184116,37.187858319458456],[126.79807638468007,37.187843684261615],[126.79781723395595,37.186723104656835],[126.79787185386525,37.186350012581784],[126.79771307218105,37.18645476544739],[126.79749809792551,37.18645717073584],[126.79713459999483,37.185929225536015],[126.7970685017572,37.18549556447311],[126.79694701303197,37.18537317303078],[126.79691006545798,37.18363539764334],[126.7970126087452,37.18354500153082],[126.79848867097198,37.183483862774956],[126.79848881604596,37.18326554862403],[126.79772191151962,37.1832526357377],[126.79723302445765,37.183128900305704],[126.79678138822713,37.18320260131779],[126.79672139854863,37.18316086032843],[126.79636639891828,37.182013376985395],[126.79647756670886,37.18119798751723],[126.79658653959855,37.18114426642544],[126.79646109365385,37.180618099743334],[126.79664998875074,37.180542306065114],[126.7974489855317,37.180499560425936],[126.7981058081996,37.180558572892075],[126.79821083702963,37.18043364284995],[126.79834402420144,37.180478833482084],[126.79849058026949,37.18039708043561],[126.79849096013449,37.17977959401943],[126.79825195477343,37.18040284353842],[126.79601735700037,37.17983022208944],[126.79521628713476,37.17909706342767],[126.79475198620159,37.178784924660135],[126.79429586168897,37.1781975196256],[126.79438425773394,37.17804095512886],[126.79458380140963,37.17802284128996],[126.7953649906414,37.17830808654976],[126.79741337059721,37.17840930563262],[126.79849169206233,37.178597061856394],[126.7984921568779,37.17802354647456],[126.79761387042461,37.17776730363991],[126.79702583205129,37.17743584053059],[126.79653123976398,37.17729993716594],[126.79643971739677,37.17719861830232],[126.79600325562552,37.17728684957919],[126.79566740590118,37.17718839498061],[126.79489135167553,37.17720461483233],[126.79491806968909,37.177276132440944],[126.79480014212807,37.177348920589296],[126.79443638835009,37.177383110977075],[126.79435200138109,37.17727180135555],[126.79307304317938,37.17675721449695],[126.79272879318515,37.17617807336397],[126.79259201263609,37.175270270805726],[126.79273130001746,37.17515238000489],[126.7925722068622,37.17493864157213],[126.79259522435775,37.17503212974084],[126.7924766003838,37.17510884294363],[126.79237157456556,37.175068525006864],[126.79248092105081,37.17472987017474],[126.79260372750778,37.17479020458598],[126.7917903135843,37.17426560978566],[126.79070002411562,37.17044140207483],[126.78970353577957,37.168646717242744],[126.7881738339993,37.166514928523775],[126.7844810703897,37.16308220250169],[126.7780357026709,37.15772465798602],[126.77631573025641,37.15685558268007],[126.7742614072279,37.156055984029194],[126.76790255476952,37.15545879358605],[126.7589195582017,37.154472828873935],[126.75715243090859,37.15418988028382],[126.7553685633491,37.15379232256934],[126.75365847051924,37.15316624740143],[126.74976448303767,37.15102382043608],[126.74181513453655,37.14506331228183],[126.73759924347904,37.141229877350604],[126.73724766484752,37.14064091508933],[126.7372885831808,37.14012602754781],[126.73754268581706,37.13974129897484],[126.7380278427431,37.13948684379495],[126.73868799764197,37.139605563565404],[126.74028827440192,37.14044579708163],[126.74303006514972,37.14153657002836],[126.74568526522741,37.142354843936275],[126.75615222524813,37.144968131667135],[126.76930971309193,37.146709908791706],[126.77324204741574,37.146748396147],[126.77515356866144,37.1468745806581],[126.7823494617454,37.14773402645161],[126.7905087917309,37.14881345519784],[126.80269687945955,37.15056126657639],[126.80352161825164,37.14881089352288],[126.77937796312183,37.14481940612225],[126.77009682764584,37.14335071714152],[126.76228676499264,37.142596415053326],[126.76064441263453,37.14237630580825],[126.75503378597968,37.14094835760784],[126.74771662680527,37.13859350101929],[126.74612642105343,37.13793468863937],[126.7447528004864,37.1370673584641],[126.73725213793239,37.131696097455446],[126.7294326985975,37.12496763179398],[126.7258575706985,37.12038428928977],[126.72543864014612,37.119408486645256],[126.72532982116142,37.118396551025185],[126.72597106508213,37.1139170027613],[126.72713573969794,37.10715129082534],[126.73037749600381,37.08576484520882],[126.73528218719193,37.076409286595904],[126.73519039258397,37.07606525688147],[126.73353580027366,37.07462176230548],[126.73305549195341,37.074997208167524],[126.73243241977501,37.07513044662811],[126.70301298743033,37.09820141742059],[126.69809551733793,37.102104930566234],[126.69789011299669,37.10303015638467],[126.6898125211279,37.109339649781134],[126.68889156245639,37.10947517693333],[126.68612196187308,37.111634429203924],[126.6861971807918,37.11284824038705],[126.6863331173982,37.112869234964734],[126.68640324014159,37.11296438568303],[126.68596074769738,37.113286173789454],[126.6839855505922,37.11351932001462],[126.68404696231445,37.11461019064405],[126.68642080016153,37.11473392972487],[126.6866773863449,37.11469298366533],[126.68669071503429,37.1147785192849],[126.68640087880591,37.11517016822066],[126.69004199864303,37.11602337425924],[126.69096665554055,37.11607571793305],[126.69215474257001,37.11586276636118],[126.69171773511178,37.116037405514284],[126.68996346920672,37.117395112652005],[126.69020284836601,37.117573789610134],[126.68999136516452,37.11778162088287],[126.69015169099443,37.117729420453635],[126.69054272637386,37.117389938401786],[126.691426542421,37.11653245835336],[126.69208946411244,37.116122408436674],[126.69376293584294,37.11560963061147],[126.69478754163752,37.115512899170575],[126.69592252457424,37.115723243339076],[126.702878044516,37.11819556278048],[126.70854322755062,37.121412095257604],[126.70907399386233,37.12185176811516],[126.70961714070043,37.12205781686214],[126.71221648646234,37.12361812639536],[126.71513782181835,37.12558282870269],[126.7163453941603,37.12659914468092],[126.72003135268774,37.12939425164818],[126.72193196124043,37.13055955686434],[126.72486097428198,37.13272136676275],[126.72690452430786,37.13467373302657],[126.72723737283273,37.135155836497624],[126.72761642029951,37.135373776238325],[126.72898416288469,37.136791570656115],[126.72918021136398,37.13658694267455],[126.72764849803318,37.1387161170093],[126.72748040722007,37.13904078373908],[126.72773373895801,37.1392697133909],[126.72745774240856,37.13906824047364],[126.72706135692967,37.13923441628117],[126.72723199623101,37.13931116531984],[126.72716770096137,37.1394499888791],[126.72759502426571,37.13966577317216],[126.72844283895593,37.140411322145845],[126.72958063407727,37.141839968207684],[126.7298670088931,37.14229761991106],[126.7317104884604,37.14623490698244],[126.73081660019088,37.149342291802675],[126.73174656983788,37.149433832064794],[126.7322209726185,37.149704065325295],[126.73317755359638,37.14992248621454],[126.73341575390342,37.15007201328167],[126.733359855304,37.15011547948732],[126.73318188517639,37.150425820649765],[126.73327168713384,37.150283893320974],[126.73377633103597,37.15012407150707],[126.73532821184587,37.15015552598575],[126.73582906405518,37.1502802360371],[126.73616213917694,37.14989499104245],[126.73643700378085,37.14974584289082],[126.73680641540993,37.1498410626985],[126.73712453983624,37.14999048223476],[126.73722080427862,37.15013041293478],[126.73741748088892,37.15066725516386],[126.73736775359302,37.15073352508028],[126.73746109743763,37.150791003917284],[126.73751114919077,37.15065697614362],[126.73759545322953,37.15066236260385],[126.73835359035218,37.15114249577731],[126.73836274084651,37.151279269644014],[126.73946598345199,37.151616092188014],[126.73971513437914,37.15183338272581],[126.73995189821845,37.15173880868894],[126.74090067712419,37.15242304736649],[126.740995711991,37.152569595096445],[126.74104822721841,37.15252727905071],[126.74122788969434,37.152601145232246],[126.74154898234443,37.15289399788415],[126.74163294459066,37.15315105234717],[126.74122593728612,37.15337848400847],[126.74166566650686,37.15326055624394],[126.74215894562057,37.15392667538373],[126.7420271007801,37.15468196986836],[126.74212649927524,37.154942761590604],[126.74204398300682,37.15527670835064],[126.74218025338016,37.15540117045335],[126.74203086729437,37.15556971034135],[126.74216367686991,37.15583131421197],[126.74245808926005,37.15589121947626],[126.74295198669785,37.156198177191726],[126.7431778930996,37.15614061457327],[126.74323846224529,37.15639133842781],[126.74370690305899,37.156707561766446],[126.74385975923433,37.157065674494866],[126.74363195557507,37.15753546243106],[126.743679543552,37.15780978467818],[126.74354069290044,37.15801809207714],[126.74400019754938,37.158124712023216],[126.74484080691596,37.158894921681025],[126.74692600138904,37.1616625201049],[126.74616870174954,37.163444065670376],[126.74662200608428,37.16383567306858],[126.74669024651443,37.16399539450944],[126.74652849600126,37.16431341372103],[126.74695523006527,37.16498891971085],[126.74664197147224,37.1657991517803],[126.74630098608172,37.16619731166524],[126.74598748225806,37.16641177136231],[126.74613301094824,37.16662381330757],[126.74631222641615,37.166554853515805],[126.74662997565116,37.166632513837726],[126.74672452947058,37.16673279675097],[126.74670220579036,37.16684261437521],[126.74654445030461,37.167031701471174],[126.74716770692736,37.167582301863035],[126.74763254216916,37.167366615035945],[126.74780839627606,37.16737001016651],[126.74838875387671,37.16758024764905],[126.74884729244913,37.16762144109715],[126.74978145292799,37.16824896191534],[126.75002112078198,37.16810156476248],[126.75933087811497,37.16610763487858],[126.75923430132926,37.16569875958342],[126.7593475824388,37.165477359792426],[126.75973282080543,37.16501261063438],[126.7601743070575,37.16477983261422],[126.76036997917377,37.16478735844278],[126.7605276162452,37.164967680651024],[126.76081875110967,37.16539552356303],[126.76089881953388,37.165784289952285],[126.76174207380825,37.16581192092134],[126.76563002297213,37.16576026256769],[126.77192155153656,37.16519368491451],[126.77750148902473,37.16520457014015],[126.77916481183081,37.16862002483576],[126.7792536598777,37.16852748333016],[126.77945594984402,37.168520897541235],[126.78025365666903,37.16878788367407],[126.77995523766394,37.16989916445141],[126.77968073727729,37.17028724603793],[126.78002785998754,37.170297616956],[126.7811674174301,37.17004036635038],[126.78145255736139,37.170117016331034],[126.78199253506796,37.17042609407068],[126.78249093151315,37.17008558309415],[126.78284126422815,37.17002846402894],[126.78314528285337,37.17014602507035],[126.78329514267081,37.16987750105166],[126.78385215028655,37.169731375482236],[126.78402701212653,37.170017903970795],[126.7844942456328,37.1703328838527],[126.78458319514004,37.17062099567671],[126.78491336199023,37.170719011813574],[126.78540623944073,37.17122547174288],[126.78533965603161,37.17170452634649],[126.78588874984592,37.17249484509374],[126.78578683230799,37.17249487551158],[126.78550523861897,37.17221987502383],[126.78581961019322,37.1726214859756],[126.78604780231522,37.172681253652605],[126.78615830035952,37.17262759936052],[126.78623451728205,37.17299275903064]]],[[[126.97745007722368,37.07084696059786],[126.97745242522794,37.07084837214546],[126.97744861621715,37.07084648134118],[126.97745007722368,37.07084696059786]]],[[[126.69044542495499,37.11187129356409],[126.69018333736649,37.1118655418164],[126.69001033611517,37.11178511887431],[126.6899896458358,37.11168622783214],[126.69040131301884,37.11087060668381],[126.69066437319253,37.110732339593014],[126.6909930036358,37.11086798805824],[126.69098762785885,37.110986094453],[126.6907608636148,37.11123526267668],[126.69044542495499,37.11187129356409]]],[[[126.79613057256377,37.19072020227771],[126.79589664063217,37.190739925901994],[126.79578792236097,37.19036623061024],[126.79523146038287,37.189597401801585],[126.79531414590011,37.18934582081542],[126.79548241637593,37.189205036920725],[126.79633598734937,37.189181032987264],[126.79725495105635,37.19066902928464],[126.79613057256377,37.19072020227771]]],[[[126.65223469123569,37.14681734189771],[126.65230619531155,37.14684045668699],[126.65228373476839,37.14687340603036],[126.65223469123569,37.14681734189771]]],[[[126.65216831735789,37.14682388716462],[126.65222406233408,37.14686730042689],[126.6521612391958,37.14686765688043],[126.65216831735789,37.14682388716462]]],[[[126.65201456978933,37.147081777443766],[126.65208904528336,37.147044107415496],[126.65213922659493,37.14714673131602],[126.65209418863462,37.1471643666793],[126.65201456978933,37.147081777443766]]],[[[126.72158218284788,37.273498457631206],[126.72175122934961,37.2734633724462],[126.72184832278123,37.27366032474538],[126.72177804682472,37.273818712762775],[126.72169064822559,37.273823535618114],[126.72158218284788,37.273498457631206]]],[[[126.7265907424878,37.276775326985735],[126.72673650813717,37.27695802696568],[126.72665261493607,37.277021211789744],[126.72634744865158,37.27697441377621],[126.7265907424878,37.276775326985735]]],[[[126.68289612362692,37.28445211553952],[126.68316479905612,37.284436265180474],[126.68306979906701,37.28467957929797],[126.68275416604389,37.284531981598406],[126.68289612362692,37.28445211553952]]],[[[126.65360668203938,37.29517725249834],[126.6533199263828,37.29520087607323],[126.65336561878055,37.295163148841674],[126.65314334580538,37.295060842933154],[126.65349885503602,37.29503397086712],[126.65360668203938,37.29517725249834]]],[[[126.64762867945227,37.29860994041464],[126.64774100166929,37.29880606014179],[126.64763051647815,37.298714105225294],[126.64755303228513,37.298737777782875],[126.64741426987511,37.29858357583621],[126.64701564347229,37.29846377581245],[126.64707595459315,37.29829146279425],[126.6470088936127,37.29824811208254],[126.64709231791815,37.298210149089854],[126.64702850217789,37.29815239083146],[126.6471708786575,37.29815285084016],[126.64729464632731,37.29827494097013],[126.64748076459809,37.29825609652743],[126.64775764859141,37.2984168726075],[126.64762867945227,37.29860994041464]]],[[[126.64351573303726,37.30265923097053],[126.64356697163143,37.302686084035784],[126.64353551865231,37.302709279405754],[126.64351573303726,37.30265923097053]]],[[[126.64359056557515,37.30271552766698],[126.6436638908071,37.30271758700049],[126.64364287289403,37.30274774437299],[126.64359056557515,37.30271552766698]]],[[[126.64383688853361,37.302718701691916],[126.64380658187378,37.3027856020341],[126.6436995021641,37.3027672956334],[126.6437137747093,37.30269524785617],[126.64383688853361,37.302718701691916]]]]}}
