{"type":"Feature","bbox":[129.0766563168539,36.643516743488,129.47923417449903,37.14682968241831],"properties":{"regionCode":"47930","version":"vworld-20260909-3f8952dfda77-p2","name":"경상북도 울진군","attribution":"국토교통부/K-Geo플랫폼 · VWorld 법정구역정보, CC BY 2.0 KR; 두꺼비집 가공"},"geometry":{"type":"MultiPolygon","coordinates":[[[[129.4233778699109,36.64369825599649],[129.42333859447456,36.64356618011541],[129.42348307740104,36.643590953653444],[129.4233778699109,36.64369825599649]]],[[[129.4236551664358,36.64407296571268],[129.4237291354103,36.644155066324714],[129.4237279676216,36.64426922309274],[129.42358122869413,36.644159926196984],[129.4236551664358,36.64407296571268]]],[[[129.4235990491122,36.64430363885724],[129.42350493167172,36.64430758647789],[129.4235348682692,36.64420777598936],[129.42357525311792,36.64421485722947],[129.4235990491122,36.64430363885724]]],[[[129.42369355350107,36.64449302890836],[129.42370913748016,36.64446688679345],[129.423774789315,36.64455032773075],[129.42369355350107,36.64449302890836]]],[[[129.42611082014773,36.64714183566337],[129.42610674562815,36.647159723939964],[129.42605312326782,36.6471319067443],[129.42611082014773,36.64714183566337]]],[[[129.42723316553332,36.64817030977829],[129.42715340857265,36.648124762012394],[129.4271751882693,36.64809562946831],[129.42723316553332,36.64817030977829]]],[[[129.4278074923302,36.64831568450421],[129.42788203213487,36.64841427591731],[129.4278211364759,36.64846192191589],[129.4276901616123,36.64837139357509],[129.4278074923302,36.64831568450421]]],[[[129.42817483892074,36.648870237545445],[129.42811166035744,36.648889816617604],[129.42809793959236,36.648862539549576],[129.42817483892074,36.648870237545445]]],[[[129.4282390934031,36.648796337485734],[129.4283134914465,36.64892781929998],[129.42829033735933,36.64897328329864],[129.4281985078624,36.64887676852212],[129.4282390934031,36.648796337485734]]],[[[129.42902879075857,36.6495388642513],[129.42890180808152,36.64955028540598],[129.42880378319447,36.64947115843845],[129.42896668227272,36.64941227915785],[129.42902879075857,36.6495388642513]]],[[[129.42950655564212,36.65204125650338],[129.4294704400832,36.6520633821365],[129.4294407759271,36.65203590120604],[129.42950655564212,36.65204125650338]]],[[[129.42968495507452,36.6521360121076],[129.42972337460125,36.65222155831097],[129.4296188357404,36.65225706019718],[129.42956704083662,36.65219096817028],[129.42968495507452,36.6521360121076]]],[[[129.42986432519425,36.65236440803301],[129.4298403354633,36.6524748477781],[129.4296992373834,36.65246497533341],[129.42972193260147,36.65240560531628],[129.42986432519425,36.65236440803301]]],[[[129.43019515390898,36.65254337845403],[129.43017114815356,36.65261077556844],[129.4300918755455,36.65261575428083],[129.4300789039668,36.65256889707573],[129.43019515390898,36.65254337845403]]],[[[129.43027650786902,36.65363047543047],[129.4303338880389,36.653701242892026],[129.43032667138738,36.653752305839554],[129.4301701376083,36.653649817503236],[129.43027650786902,36.65363047543047]]],[[[129.4306039161541,36.65381784832444],[129.43058615479842,36.653842245541654],[129.43051558258185,36.65378140411068],[129.4306039161541,36.65381784832444]]],[[[129.4305386221288,36.65410112061226],[129.43036482703553,36.6540520576529],[129.4303309004515,36.65398048275567],[129.4305386221288,36.65410112061226]]],[[[129.43041049713295,36.65430204140374],[129.430283722317,36.65430425980315],[129.4303334445706,36.654251429768024],[129.43041049713295,36.65430204140374]]],[[[129.43056622167612,36.65476694446964],[129.4305979286583,36.654842162463964],[129.43058244404781,36.65485699282135],[129.4305136385775,36.654830201799385],[129.43056622167612,36.65476694446964]]],[[[129.43050371934692,36.65505457182311],[129.43039828806567,36.65502423827465],[129.43043347524468,36.65498926337995],[129.43050371934692,36.65505457182311]]],[[[129.4304091103735,36.655392772378384],[129.43044856235315,36.655433686657496],[129.4304144878607,36.655474162465566],[129.4303792075954,36.65545094789623],[129.4304091103735,36.655392772378384]]],[[[129.4310760942911,36.6568862851261],[129.4310183645926,36.65698363485791],[129.43090913142686,36.656990518785065],[129.43099957747594,36.6569033194821],[129.4310760942911,36.6568862851261]]],[[[129.43157492480012,36.657549417690866],[129.43157478717055,36.657625024878236],[129.43144048676206,36.65762938478144],[129.43144946493746,36.65757474192015],[129.43157492480012,36.657549417690866]]],[[[129.43113618240758,36.6580256475601],[129.43112898225127,36.6580426150153],[129.4310783501392,36.6580342487835],[129.43113618240758,36.6580256475601]]],[[[129.43104273391614,36.658046629558875],[129.43091649168218,36.6580482893517],[129.43089533714956,36.657943568746646],[129.43105248013242,36.65797077369576],[129.43104273391614,36.658046629558875]]],[[[129.43163816219996,36.65948284179246],[129.4315895038696,36.65943025796968],[129.4316196379899,36.65941784518402],[129.43163816219996,36.65948284179246]]],[[[129.43181054601115,36.65954814079856],[129.4317950755877,36.659560745658496],[129.43175418460027,36.65946425568672],[129.43181054601115,36.65954814079856]]],[[[129.43156599708203,36.65949817359998],[129.4316101013321,36.65960000786951],[129.43159872416018,36.65964595289754],[129.43153424007264,36.659595163495766],[129.43156599708203,36.65949817359998]]],[[[129.43190071107827,36.660093297476195],[129.43202318166212,36.66001393685658],[129.43202788675427,36.660055630694075],[129.43190071107827,36.660093297476195]]],[[[129.43246858662295,36.66035105875642],[129.43238911380172,36.660344178828645],[129.43247964867527,36.66028425170609],[129.43246858662295,36.66035105875642]]],[[[129.43208777030932,36.66051141793109],[129.4322243168075,36.66031461132268],[129.43235964623955,36.66031493519592],[129.4323737767233,36.660395587253724],[129.43208777030932,36.66051141793109]]],[[[129.43271233062575,36.66098212138086],[129.43269191311148,36.66104729924967],[129.4326441773956,36.661046262414224],[129.43263819076165,36.660988547258654],[129.43271233062575,36.66098212138086]]],[[[129.4664448381921,36.67935397579142],[129.46641237507967,36.67941013455098],[129.46639698170128,36.679325003256444],[129.4664448381921,36.67935397579142]]],[[[129.4653799839553,36.68092299599883],[129.46537217922824,36.680964748662184],[129.46524555011786,36.68091198930237],[129.4653799839553,36.68092299599883]]],[[[129.46915929170044,36.69458691011721],[129.46910311037615,36.694626540279074],[129.46907611575568,36.69457044518876],[129.46915929170044,36.69458691011721]]],[[[129.47147318829158,36.6957711179501],[129.4714271459445,36.69577281259584],[129.47143287055147,36.695757941280526],[129.47147318829158,36.6957711179501]]],[[[129.47163623117035,36.69582373654918],[129.47157622507044,36.69585632960792],[129.4715699182784,36.69581291761456],[129.47163623117035,36.69582373654918]]],[[[129.47153048103135,36.695856559189494],[129.4714619159015,36.69587070663553],[129.4714746827173,36.69581367407881],[129.47153048103135,36.695856559189494]]],[[[129.47192736082098,36.696023078388954],[129.47187196321948,36.69601157492933],[129.4718183466268,36.69601870047745],[129.4719122447354,36.69594368144978],[129.47192736082098,36.696023078388954]]],[[[129.47286829814075,36.69624615648761],[129.47286579232306,36.69627681637648],[129.47275875565484,36.696251951654865],[129.47286829814075,36.69624615648761]]],[[[129.47268453028195,36.69634685049782],[129.47262462453537,36.696314569729175],[129.47267786269114,36.69622541327435],[129.4725590509181,36.69626140158981],[129.47272941818636,36.69611886097819],[129.47268453028195,36.69634685049782]]],[[[129.4764622844088,36.699109414146385],[129.47635995739444,36.69912856959938],[129.47631649825888,36.69908255801328],[129.47639596663075,36.69903726405314],[129.4764622844088,36.699109414146385]]],[[[129.4767863463366,36.69950108852784],[129.47673780588653,36.699543336306306],[129.47672927451424,36.69948299128577],[129.4767863463366,36.69950108852784]]],[[[129.4770005749089,36.69942534668171],[129.4770572289421,36.699700247083975],[129.47693184891202,36.69961209010905],[129.476922136389,36.69943966581883],[129.4770005749089,36.69942534668171]]],[[[129.47702370416133,36.699925473197474],[129.4771080177311,36.6998673047391],[129.47713855514195,36.699910036215655],[129.47702370416133,36.699925473197474]]],[[[129.47632738788838,36.700030864532835],[129.47636156553017,36.70012903630381],[129.47622142197213,36.70021367152868],[129.47621911766066,36.70013042112324],[129.47632738788838,36.700030864532835]]],[[[129.47573067785748,36.70177175695765],[129.47569479347356,36.70179080659433],[129.47565666626923,36.70176265364372],[129.47573067785748,36.70177175695765]]],[[[129.47603688454961,36.701811005193505],[129.4760082696238,36.70190516494852],[129.47595799678794,36.70181308385955],[129.47603688454961,36.701811005193505]]],[[[129.47589078233418,36.702262911732106],[129.47587648776232,36.702342150065334],[129.4758034902824,36.702356805396334],[129.47579765014095,36.702317224741165],[129.47589078233418,36.702262911732106]]],[[[129.47521608842897,36.70364616972664],[129.47525953357047,36.70372019534108],[129.47522051616815,36.70377024774098],[129.47516070361783,36.70371035086749],[129.47521608842897,36.70364616972664]]],[[[129.47531846865894,36.703985994766064],[129.47526620196393,36.70399506803718],[129.4752623162944,36.70395858886021],[129.47531846865894,36.703985994766064]]],[[[129.47506847891762,36.70402974491789],[129.47504434642082,36.704073354459005],[129.47500710186006,36.704021601474984],[129.47506847891762,36.70402974491789]]],[[[129.47505099677286,36.704115689693545],[129.47499996336202,36.70423338643544],[129.47491953768065,36.70424912534346],[129.4749234851649,36.7042073370998],[129.47505099677286,36.704115689693545]]],[[[129.4750742386139,36.70441769238512],[129.47516867234555,36.704518177683774],[129.4750700150929,36.704599955349074],[129.4749759799389,36.70452527394749],[129.4750742386139,36.70441769238512]]],[[[129.4753259474399,36.70903266554683],[129.47529002518903,36.709118004247536],[129.4751678961099,36.70910777958557],[129.47523302435962,36.70904086431075],[129.4753259474399,36.70903266554683]]],[[[129.4756142864202,36.709700334582365],[129.47566531489605,36.70973805543661],[129.47562579293594,36.70985663115138],[129.47555378547338,36.709805878277],[129.4756142864202,36.709700334582365]]],[[[129.47576229261492,36.70969385106457],[129.47589028990927,36.709757488890055],[129.4759042523507,36.70990685035041],[129.47572797297425,36.70980849264747],[129.47576229261492,36.70969385106457]]],[[[129.47567329631545,36.7100204574048],[129.47550998471465,36.71002351115883],[129.4755038535973,36.70992581743159],[129.4756902264526,36.709938866192985],[129.47567329631545,36.7100204574048]]],[[[129.47601411105023,36.710662248372714],[129.47596957327067,36.710674772853785],[129.4759800591874,36.7106069798595],[129.47601411105023,36.710662248372714]]],[[[129.47606852284667,36.7107406756233],[129.47604526543162,36.710762604580076],[129.4760249509873,36.71072164104944],[129.47606852284667,36.7107406756233]]],[[[129.47650818870906,36.71080671612929],[129.47649777013677,36.710841030751226],[129.47643035192326,36.710808227058436],[129.47650818870906,36.71080671612929]]],[[[129.47614113158195,36.71081319076757],[129.47617647105454,36.710869770016764],[129.47615441434448,36.71089495720131],[129.4761154310411,36.71087657473899],[129.47614113158195,36.71081319076757]]],[[[129.47618577000566,36.71095727559093],[129.47623219207705,36.711005886865564],[129.47621103676354,36.71108041786332],[129.47617867804726,36.711047030888174],[129.47618577000566,36.71095727559093]]],[[[129.47610551039338,36.7109220305439],[129.47616444108374,36.71095415155266],[129.47615457638298,36.711104264660925],[129.47609956349123,36.71099810442409],[129.47610551039338,36.7109220305439]]],[[[129.47598045991705,36.71118691763919],[129.47576887359156,36.711103122390796],[129.47589465334687,36.710989887030614],[129.47598045991705,36.71118691763919]]],[[[129.47596194198658,36.711232435972],[129.47592476558978,36.711342156882196],[129.47586293910763,36.711356777374604],[129.47585074635458,36.711314410789335],[129.47596194198658,36.711232435972]]],[[[129.47261717657875,36.718748527079924],[129.4725020224138,36.7187459744739],[129.47254595255708,36.71864348403195],[129.4726370725773,36.718645043388534],[129.47261717657875,36.718748527079924]]],[[[129.47674238114487,36.72563944109518],[129.47667891767597,36.725661180096],[129.47669038922592,36.725604504030734],[129.47674238114487,36.72563944109518]]],[[[129.47659544954354,36.72568230229741],[129.47665196263708,36.72573033453283],[129.47661545566928,36.72578757613044],[129.47657731759415,36.725746869286084],[129.47659544954354,36.72568230229741]]],[[[129.47667638249467,36.72579712482789],[129.47669430862337,36.72587686065161],[129.4766196435885,36.725907120324415],[129.47661190397133,36.7258356165628],[129.47667638249467,36.72579712482789]]],[[[129.4769972989793,36.73253469933925],[129.4770447014675,36.732579115105146],[129.47704031487564,36.73272033259845],[129.4769663765039,36.73264016219409],[129.4769972989793,36.73253469933925]]],[[[129.47623658527715,36.73544573951588],[129.47623328372407,36.735454070364796],[129.47618195626444,36.73542696193844],[129.47623658527715,36.73544573951588]]],[[[129.47599074918963,36.73548385985241],[129.47596747870878,36.73542558424123],[129.4760471109721,36.73543189674893],[129.47599074918963,36.73548385985241]]],[[[129.47621393929856,36.73554546381373],[129.47621149329314,36.7355642322644],[129.4761317047784,36.7355404763349],[129.47621393929856,36.73554546381373]]],[[[129.47620234205482,36.735685689675506],[129.47628137235375,36.73559100005342],[129.47637281423147,36.735713018986495],[129.47620234205482,36.735685689675506]]],[[[129.47639920816047,36.73588233505023],[129.47637921999333,36.73569674092091],[129.47647400691395,36.73568307939326],[129.47639365090222,36.73554414409665],[129.47661021119242,36.735551004353766],[129.4766552562312,36.735648221409384],[129.47653708491143,36.73567974385801],[129.476628281032,36.73582957988448],[129.47639920816047,36.73588233505023]]],[[[129.47633853053372,36.73591176918539],[129.47632561324843,36.735949854019054],[129.47623899861463,36.73587363973683],[129.47633853053372,36.73591176918539]]],[[[129.47651351792894,36.73597348559825],[129.4764312123975,36.735938455507664],[129.47661185085914,36.7359356013109],[129.47651351792894,36.73597348559825]]],[[[129.46947775256706,36.752080671088365],[129.46945218570488,36.752786465629676],[129.46936539553414,36.75278568263867],[129.46938750298554,36.752072211085185],[129.46947775256706,36.752080671088365]]],[[[129.4694293188031,36.75308336853209],[129.46941255456736,36.75376314550657],[129.46931621497646,36.75376514527186],[129.4693473964267,36.75313415373266],[129.4694293188031,36.75308336853209]]],[[[129.469388984862,36.754028280983185],[129.4693641962047,36.75479414584532],[129.46927967727504,36.75478068950316],[129.46929258650442,36.75414220048801],[129.4693010371075,36.75403971119458],[129.469388984862,36.754028280983185]]],[[[129.47642732398228,36.76356743586585],[129.47651134999396,36.76354904952141],[129.4765217811331,36.763576386426735],[129.47642732398228,36.76356743586585]]],[[[129.4762342250723,36.763747391819706],[129.476431869983,36.763727984632034],[129.4764204047911,36.76375178988588],[129.4762342250723,36.763747391819706]]],[[[129.4764309887922,36.76386022732466],[129.47637327723012,36.76385321863895],[129.47643552173926,36.76383231456014],[129.4764309887922,36.76386022732466]]],[[[129.478578260336,36.766707787488],[129.47854268439218,36.76663761182851],[129.47861799068,36.7666628597479],[129.478578260336,36.766707787488]]],[[[129.4788629639784,36.76713354948108],[129.47886278930392,36.76701392137124],[129.47895911644235,36.767080404616244],[129.4788629639784,36.76713354948108]]],[[[129.47843855518764,36.7673111257373],[129.47843483535965,36.76726442328866],[129.47850915181465,36.767302047598314],[129.47843855518764,36.7673111257373]]],[[[129.47910072288988,36.76803980207651],[129.47907538366164,36.76793399905064],[129.47923417449903,36.767963595103396],[129.4792235110008,36.76799294843962],[129.47910072288988,36.76803980207651]]],[[[129.47887541196974,36.76802392043257],[129.4787904899415,36.76803820975742],[129.47892322868327,36.76765609192596],[129.47886227661175,36.76771141363205],[129.4788180651873,36.767565472205156],[129.4789979092982,36.767644625528504],[129.47887541196974,36.76802392043257]]],[[[129.47888891101388,36.76816831693924],[129.4789489484236,36.76810224321623],[129.47910451933205,36.76813600485877],[129.47908060859052,36.768163026079925],[129.47888891101388,36.76816831693924]]],[[[129.47525277682368,36.772370305452576],[129.47510205410245,36.77229146964655],[129.47526260661397,36.77228097054769],[129.47532707508847,36.77232981509092],[129.47525277682368,36.772370305452576]]],[[[129.4750761472588,36.77267517913846],[129.47493404914016,36.7726797968368],[129.47486136964466,36.77259817206615],[129.47504747690567,36.77258118567039],[129.4750761472588,36.77267517913846]]],[[[129.4734757821554,36.77446353217189],[129.47345014321917,36.774567147578594],[129.47337800499676,36.7745818005374],[129.47339202912997,36.77446281831855],[129.4734757821554,36.77446353217189]]],[[[129.46270314855894,36.78990156704152],[129.46274778349883,36.78994144662074],[129.46254592926095,36.78989274054148],[129.46270314855894,36.78990156704152]]],[[[129.46245701515355,36.790490320382396],[129.46257714521983,36.79054352837234],[129.46265269822655,36.790599625319125],[129.46255049354858,36.79057565702647],[129.46245701515355,36.790490320382396]]],[[[129.46260323285105,36.79102593792417],[129.46248027672212,36.79100799405011],[129.46244407917382,36.790940683937556],[129.4625197900375,36.79093470327395],[129.46260323285105,36.79102593792417]]],[[[129.46241130599373,36.79136221704029],[129.46226515607157,36.79134545071961],[129.4622909528928,36.791302114752995],[129.46241130599373,36.79136221704029]]],[[[129.46304401476922,36.79409674311471],[129.46302746379376,36.7941080053115],[129.4630044374763,36.79408822737925],[129.46304401476922,36.79409674311471]]],[[[129.46236606403997,36.79697736492538],[129.46222916364775,36.79690972318452],[129.46239965028428,36.79684319842735],[129.46236606403997,36.79697736492538]]],[[[129.4622326673752,36.79728125837362],[129.46221975092334,36.79732803750616],[129.46215701007768,36.7972756163857],[129.4622326673752,36.79728125837362]]],[[[129.46160280542728,36.80098891589192],[129.46166604584567,36.80113206155282],[129.4614502185289,36.801115772660324],[129.46103199114316,36.80090438320956],[129.4609540576334,36.80078361512383],[129.461139794367,36.80076691895224],[129.46160280542728,36.80098891589192]]],[[[129.45875458285792,36.80501812218474],[129.4587645952708,36.80514537810224],[129.4586244242067,36.80519253731742],[129.4586531822478,36.80506413068927],[129.45875458285792,36.80501812218474]]],[[[129.45886890153503,36.80611223241983],[129.45860628768725,36.8060767568711],[129.4585874987207,36.805918301155394],[129.4587341444269,36.80574675012622],[129.4588628137919,36.80590073194889],[129.458717066257,36.80597833340299],[129.45888357676432,36.80605125409482],[129.45886890153503,36.80611223241983]]],[[[129.4587474170158,36.80632852711155],[129.4587933553406,36.80644062479788],[129.45878602779808,36.806470390026384],[129.45866797578512,36.80636757615186],[129.4587474170158,36.80632852711155]]],[[[129.45853607544996,36.806563954464124],[129.45859634451048,36.80636843091852],[129.45871847772733,36.80652865856202],[129.45853607544996,36.806563954464124]]],[[[129.45871152733974,36.80683791225035],[129.45867645752432,36.80681487450705],[129.45871242102604,36.806782367051845],[129.45871152733974,36.80683791225035]]],[[[129.45869058635085,36.80685394208513],[129.45866194562123,36.80686727312859],[129.45865276610334,36.80684868497185],[129.45869058635085,36.80685394208513]]],[[[129.45888702409974,36.806946260039894],[129.45874935193544,36.80691139036596],[129.45881358228743,36.80683456059782],[129.45888702409974,36.806946260039894]]],[[[129.45844758342685,36.80695798419245],[129.4584159151739,36.80695407137855],[129.45842301340443,36.806929552942826],[129.45844758342685,36.80695798419245]]],[[[129.45884719570813,36.807034186844454],[129.45874389365002,36.80695354771858],[129.45878884120495,36.80695381662169],[129.45884719570813,36.807034186844454]]],[[[129.45822732435465,36.807058619126856],[129.45815606492232,36.807011306246395],[129.4580952330566,36.80705551581167],[129.4580552055694,36.806972585542916],[129.4582086538181,36.80698082797556],[129.45822732435465,36.807058619126856]]],[[[129.45799202647686,36.80698924513549],[129.45801879327684,36.807043022437256],[129.45798063874017,36.80709029969149],[129.45795536555988,36.80704182640058],[129.45799202647686,36.80698924513549]]],[[[129.45749621664854,36.80879788821339],[129.4575083905007,36.808654430682125],[129.45761194810092,36.80861790915903],[129.45768951692287,36.80874368129725],[129.45749621664854,36.80879788821339]]],[[[129.45775796690538,36.808802364908544],[129.4577658684713,36.808844799728064],[129.45770939801287,36.80882565273769],[129.45775796690538,36.808802364908544]]],[[[129.4574292439661,36.809126360255334],[129.45756633419458,36.80907926752796],[129.4574822068166,36.80907713584255],[129.457499565496,36.80899840162331],[129.45769339789746,36.809024129614905],[129.45770283963216,36.809083421741555],[129.4576218153851,36.80902638097365],[129.4576299456017,36.809111111992024],[129.4574292439661,36.809126360255334]]],[[[129.45743129313445,36.809335968670815],[129.45744776447378,36.80923017785658],[129.4576256325368,36.80930010557044],[129.45743129313445,36.809335968670815]]],[[[129.45773909325786,36.809605008450774],[129.45742823786944,36.80959998832575],[129.45740977168077,36.80949650242154],[129.45746977410607,36.80946761040122],[129.45747551971013,36.80952693275908],[129.45773909325786,36.809605008450774]]],[[[129.45801764725132,36.809939083593115],[129.45804667678476,36.809909021357896],[129.4580812103413,36.80992591927413],[129.45801764725132,36.809939083593115]]],[[[129.4578582263654,36.809997464142945],[129.45779876180254,36.809980371962325],[129.4577833021858,36.80985636849029],[129.4578316614599,36.809865356819245],[129.4578582263654,36.809997464142945]]],[[[129.45779714268556,36.81001467771054],[129.4577926477298,36.81005269829998],[129.45773709133945,36.81003880000548],[129.45779714268556,36.81001467771054]]],[[[129.45727165996234,36.81044221020894],[129.4572067503174,36.810352114665],[129.45727608011734,36.810278915200605],[129.4573301680585,36.81030905087009],[129.45727165996234,36.81044221020894]]],[[[129.45723850498302,36.810461667625596],[129.45723422145355,36.81048388003045],[129.4571825162512,36.81043656554812],[129.45723850498302,36.810461667625596]]],[[[129.45698521756503,36.811398242657106],[129.4570524188928,36.81137382816536],[129.4570512910835,36.811394821397855],[129.45698521756503,36.811398242657106]]],[[[129.4572072747906,36.81143770884028],[129.45724904411594,36.811413035156335],[129.45725275761487,36.81143644444093],[129.4572072747906,36.81143770884028]]],[[[129.45715908137103,36.81141039907145],[129.45716836703485,36.81145339518436],[129.45712434265835,36.811422572811615],[129.45715908137103,36.81141039907145]]],[[[129.4573945739811,36.81169113400241],[129.45727322122335,36.81175770641446],[129.4572933685601,36.81167057107687],[129.4573945739811,36.81169113400241]]],[[[129.45803092074573,36.8119306585301],[129.45791367919335,36.8118756710981],[129.45792174190584,36.811872094353056],[129.45803092074573,36.8119306585301]]],[[[129.4581989254882,36.8119436489923],[129.45808610180862,36.812008129469596],[129.45814577095214,36.811929441851795],[129.4580390691147,36.81185344507601],[129.45813776483112,36.81185674872849],[129.4581989254882,36.8119436489923]]],[[[129.4581238928837,36.812107572631646],[129.45808299176733,36.812084094526455],[129.4580864550312,36.81206946761391],[129.4581238928837,36.812107572631646]]],[[[129.45832282661107,36.81212017512682],[129.45822894833023,36.81209456207572],[129.45818207852116,36.812035112329085],[129.45829969532193,36.81204181130263],[129.45832282661107,36.81212017512682]]],[[[129.4579125443548,36.81248987661449],[129.45788451286464,36.81245992950191],[129.4579375593663,36.81245602286706],[129.4579125443548,36.81248987661449]]],[[[129.45792673995643,36.81241651496754],[129.45778464477118,36.81250489091045],[129.457701299817,36.81242365104871],[129.45774376346233,36.81233561274569],[129.45762929768162,36.81231247079891],[129.45776896162928,36.812059834925066],[129.4579214972664,36.8121026096411],[129.4579957049074,36.81228178425557],[129.45792673995643,36.81241651496754]]],[[[129.4583126574128,36.81232760699465],[129.45832286020078,36.812467362806736],[129.45824655699744,36.81251297291752],[129.45816257773876,36.81233760708718],[129.4583126574128,36.81232760699465]]],[[[129.45799976101253,36.8125358568394],[129.45796810429127,36.81244382602628],[129.45802100910976,36.81233949641591],[129.4580744731342,36.812476055643465],[129.45799976101253,36.8125358568394]]],[[[129.4579903660604,36.8125860989343],[129.45798579638492,36.81261001055593],[129.45793826660295,36.81257464589389],[129.4579903660604,36.8125860989343]]],[[[129.4577423254508,36.81268643087271],[129.45756941473255,36.81263325312163],[129.45759606951495,36.812538035689414],[129.4577692973665,36.812591261360076],[129.4577423254508,36.81268643087271]]],[[[129.45741618651235,36.812758823841904],[129.45751133075984,36.81265750425969],[129.45765287878243,36.81273126651205],[129.4576441698157,36.81275233952487],[129.45741618651235,36.812758823841904]]],[[[129.4571289639115,36.81293951348713],[129.45714582035887,36.812905239007975],[129.4571689976496,36.81291814019833],[129.4571289639115,36.81293951348713]]],[[[129.4570619815673,36.81290681307129],[129.45707749002187,36.81299242488182],[129.4570266248466,36.812991898578694],[129.45702589232036,36.81294728439083],[129.4570619815673,36.81290681307129]]],[[[129.45700295368434,36.81300305185675],[129.45697087102485,36.813012499499266],[129.4569553427385,36.81297457333448],[129.45700295368434,36.81300305185675]]],[[[129.45707953864925,36.81305649767002],[129.4570310201976,36.81309173864565],[129.45701196897465,36.813047178172354],[129.45707953864925,36.81305649767002]]],[[[129.45717626511876,36.81309558364876],[129.45710674578467,36.81311425080132],[129.45708959447134,36.813083552937904],[129.45717626511876,36.81309558364876]]],[[[129.45718759773436,36.81320054797169],[129.4571050544938,36.81322109519492],[129.4570849263688,36.81316048460084],[129.45714776229187,36.81315012862289],[129.45718759773436,36.81320054797169]]],[[[129.45693671520075,36.81327505981544],[129.4569364113487,36.81330899868266],[129.4568855359346,36.813266652058935],[129.45693671520075,36.81327505981544]]],[[[129.45707463710124,36.813319049586404],[129.45700337910003,36.813307261700245],[129.45697563452669,36.813215812464875],[129.45707110790698,36.81325445857994],[129.45707463710124,36.813319049586404]]],[[[129.45789009931298,36.813373122459694],[129.45787523577235,36.813366678555965],[129.45790115149845,36.81334273623739],[129.45789009931298,36.813373122459694]]],[[[129.4573666676139,36.81370105176766],[129.45727408105665,36.813683924295034],[129.45729248912153,36.81358464436198],[129.4574183219265,36.81362770701977],[129.4573666676139,36.81370105176766]]],[[[129.45695773679725,36.81381718778697],[129.45701107005138,36.81376291818507],[129.4570451408009,36.81382206443549],[129.45695773679725,36.81381718778697]]],[[[129.45696117910074,36.8139370051066],[129.45701442351182,36.813891129172276],[129.4570250189226,36.81393237047373],[129.45696117910074,36.8139370051066]]],[[[129.45752943728522,36.81447118901177],[129.45752711542858,36.81450193977894],[129.4574826161151,36.81446068989736],[129.45752943728522,36.81447118901177]]],[[[129.45748058076938,36.81449036697859],[129.4574739402599,36.814548293402076],[129.4574258602084,36.81445593623927],[129.45748058076938,36.81449036697859]]],[[[129.4572542205189,36.81455004195645],[129.45727643155192,36.814595538195746],[129.4572377328702,36.81459079718597],[129.4572542205189,36.81455004195645]]],[[[129.4573259258379,36.814649369477024],[129.45735013846482,36.814557525414415],[129.45738955007243,36.81462357335794],[129.4573259258379,36.814649369477024]]],[[[129.45725135148567,36.81470918146918],[129.45715092767747,36.81468500032707],[129.45716058748584,36.81462096372257],[129.45722883553518,36.81464836868088],[129.45725135148567,36.81470918146918]]],[[[129.45778296480896,36.81473327771386],[129.45771510341137,36.81473232590441],[129.45769900631845,36.814664576382675],[129.45773670007503,36.81467488322799],[129.45778296480896,36.81473327771386]]],[[[129.45710870055424,36.814812991006406],[129.45713159769286,36.81473194124023],[129.45723411911754,36.81477774030898],[129.45710870055424,36.814812991006406]]],[[[129.45717514979387,36.81496879903608],[129.45711124518073,36.81497523656858],[129.45701120820672,36.81492285470386],[129.4570465889706,36.81488881877148],[129.45717514979387,36.81496879903608]]],[[[129.45679848130933,36.8151111780499],[129.4567439511943,36.815138207690445],[129.45668633762867,36.81504563581426],[129.45679848130933,36.8151111780499]]],[[[129.4571497607399,36.81521447204997],[129.45696402512024,36.81510826088889],[129.45697426678026,36.81501719039712],[129.4571072419681,36.815046627657466],[129.4571497607399,36.81521447204997]]],[[[129.45716815359668,36.81528183683824],[129.45710610406695,36.81536398638206],[129.45703321754343,36.81528172398374],[129.45716815359668,36.81528183683824]]],[[[129.45641679906154,36.81534764083901],[129.45641310931563,36.81526941907786],[129.45648566076474,36.815348233516225],[129.45641679906154,36.81534764083901]]],[[[129.45618935409672,36.815838676261485],[129.456188295237,36.815717021579744],[129.4562569685116,36.8158092791879],[129.45618935409672,36.815838676261485]]],[[[129.45563884403987,36.81606507453219],[129.45570205184592,36.81596439623705],[129.4557562124811,36.81600557525193],[129.45563884403987,36.81606507453219]]],[[[129.4553423717549,36.81610238028338],[129.45538875092043,36.816201475703735],[129.45538200963884,36.816228193610456],[129.45534159742007,36.81618521637101],[129.4553423717549,36.81610238028338]]],[[[129.45537651294345,36.81639964149812],[129.45536287898742,36.81643342828341],[129.4552808136617,36.81635849752791],[129.45537651294345,36.81639964149812]]],[[[129.4548323632417,36.81655828367033],[129.45491107395515,36.816658099514875],[129.45488532591548,36.81670144749898],[129.45480768679417,36.816649485014004],[129.4548323632417,36.81655828367033]]],[[[129.45357878133413,36.817835013006004],[129.45345834985457,36.81778478583435],[129.45344177613302,36.81771849919312],[129.45354789794357,36.81770489921084],[129.45357878133413,36.817835013006004]]],[[[129.4531618695487,36.81798649827105],[129.45315621082776,36.81809848854376],[129.45308415817175,36.81800098941144],[129.4531618695487,36.81798649827105]]],[[[129.45172101709215,36.821063025072625],[129.4516015954906,36.82099493875037],[129.45170160231365,36.82090821739483],[129.45189343738357,36.8209408724335],[129.45184235828478,36.82102582071604],[129.45172101709215,36.821063025072625]]],[[[129.45153550323562,36.82106014749272],[129.45157488895467,36.82100796148117],[129.45161135578448,36.82107438502597],[129.45153550323562,36.82106014749272]]],[[[129.45048928786497,36.821539247001226],[129.4504466433753,36.821585079539865],[129.4503915618413,36.82156883931372],[129.45043045047473,36.821542164726296],[129.45048928786497,36.821539247001226]]],[[[129.45084009173115,36.82164878622064],[129.45098871126368,36.82166237785853],[129.4509840117134,36.82166675249576],[129.45084009173115,36.82164878622064]]],[[[129.4502217372924,36.8216924821722],[129.45025819595716,36.82156773503428],[129.45032137539377,36.82160381394042],[129.4502217372924,36.8216924821722]]],[[[129.45075066805157,36.82180397513242],[129.45065943996664,36.8217820920025],[129.45068388040437,36.821730005527144],[129.45078620183065,36.82174001553554],[129.45075066805157,36.82180397513242]]],[[[129.45056894388566,36.82183937879755],[129.450667878956,36.82186666783089],[129.4506237640573,36.82189304880481],[129.45056894388566,36.82183937879755]]],[[[129.45128871322834,36.82328588168172],[129.45114832760666,36.82321177848982],[129.45133848951127,36.82317803172076],[129.45128871322834,36.82328588168172]]],[[[129.45030585386135,36.82361817533098],[129.45027838554813,36.823684746068665],[129.4501745340823,36.823598443169615],[129.45030446865036,36.82348729914523],[129.4503552617125,36.82364987169346],[129.45030585386135,36.82361817533098]]],[[[129.4466139652026,36.828527252697235],[129.44662547781172,36.82849120147087],[129.44668017332026,36.828510223963],[129.4466139652026,36.828527252697235]]],[[[129.44667007926373,36.82868868957209],[129.44661492625784,36.82864480711484],[129.44662720398915,36.82859952734711],[129.44668548478344,36.82861114624855],[129.44667007926373,36.82868868957209]]],[[[129.44684867623275,36.82873931452983],[129.44685931052362,36.82883161950967],[129.4467927393365,36.82888869909558],[129.4467352150084,36.82876511023671],[129.44684867623275,36.82873931452983]]],[[[129.44606072955233,36.82938087463392],[129.44599636999772,36.82929857599811],[129.44608467990113,36.82930034060043],[129.44606072955233,36.82938087463392]]],[[[129.44626430530357,36.83070436176817],[129.4461686453297,36.83065450330308],[129.44618058822846,36.83056448388397],[129.44637991809702,36.83050607066325],[129.4464194668763,36.83056481104823],[129.44626430530357,36.83070436176817]]],[[[129.4460419088491,36.83091234546062],[129.44596620776758,36.83086075758437],[129.44599155107556,36.83075897826624],[129.44606199411575,36.83077895185568],[129.4460419088491,36.83091234546062]]],[[[129.44609018100076,36.83108747041772],[129.44604246100423,36.8310337461749],[129.44605360376124,36.83102821078389],[129.44609018100076,36.83108747041772]]],[[[129.4460065536251,36.83106676813404],[129.44601956328358,36.83109601570632],[129.44595455246576,36.83105914171537],[129.4460065536251,36.83106676813404]]],[[[129.44649277625683,36.831578010329714],[129.44627361779993,36.83166407471784],[129.4460461438943,36.83162230890924],[129.44644960862058,36.83153555122588],[129.44649277625683,36.831578010329714]]],[[[129.4464570621295,36.83238388849579],[129.44626486042336,36.832329811182],[129.44632699177447,36.83225297191978],[129.4463819746758,36.83226398426665],[129.4464570621295,36.83238388849579]]],[[[129.4457870241218,36.83225526599223],[129.44577180177694,36.832424006339984],[129.44554518508838,36.832530395525986],[129.44548166385005,36.832461626203155],[129.44558822882817,36.83225393626967],[129.44567053724506,36.83225355418759],[129.44569796564377,36.83215526767749],[129.4457870241218,36.83225526599223]]],[[[129.44535871080274,36.83257001895754],[129.44535351119126,36.83259138605519],[129.44526912740554,36.832497275849406],[129.44535871080274,36.83257001895754]]],[[[129.44430347541433,36.83388979250133],[129.4444099484423,36.83384434288235],[129.44434585145322,36.83391271386475],[129.44430347541433,36.83388979250133]]],[[[129.44427537378888,36.834076639985554],[129.44430875307754,36.8340218055657],[129.44434479425905,36.834066173841514],[129.44427537378888,36.834076639985554]]],[[[129.44464564551697,36.83422288012654],[129.44464411087995,36.83428869535082],[129.44460173692158,36.83439343985656],[129.44454378394263,36.834256549957054],[129.44464564551697,36.83422288012654]]],[[[129.44430220034906,36.83456056197304],[129.44425636325136,36.83449284929483],[129.44413632336673,36.834512323818245],[129.44434723282797,36.834323911731836],[129.44445928253364,36.83433496657303],[129.44430220034906,36.83456056197304]]],[[[129.44425997951794,36.83464298985452],[129.44425748739195,36.834588004081986],[129.44435458672422,36.8345813213353],[129.44425997951794,36.83464298985452]]],[[[129.44411479888217,36.83470117275759],[129.44414389130708,36.834598837691885],[129.4442283851347,36.83463963282451],[129.44411479888217,36.83470117275759]]],[[[129.4439526312126,36.8347011826721],[129.44392985683257,36.834823400243785],[129.44386528197313,36.834693096112645],[129.44414193590575,36.83452842063365],[129.4440809876802,36.83480442593535],[129.4439526312126,36.8347011826721]]],[[[129.44402595989706,36.83484480840009],[129.44402906907126,36.83485326150575],[129.44394771354968,36.8348408128206],[129.44402595989706,36.83484480840009]]],[[[129.44394197349223,36.834912874476345],[129.44380040154743,36.834843965808034],[129.44386477433116,36.83479587663241],[129.44394197349223,36.834912874476345]]],[[[129.44373789847415,36.83481185187449],[129.44374340539787,36.83491264305681],[129.44371587089853,36.83492119354205],[129.4436679711225,36.83485862846528],[129.44373789847415,36.83481185187449]]],[[[129.44339814148648,36.834985777438],[129.44334964569686,36.83504157172897],[129.44333025651022,36.83504175987813],[129.4433196949955,36.83499177856575],[129.44339814148648,36.834985777438]]],[[[129.4432833145897,36.83505266187855],[129.443227660367,36.835078238308085],[129.44322358976194,36.83506289497906],[129.4432833145897,36.83505266187855]]],[[[129.44350073127143,36.83507124859166],[129.44349893889077,36.835124702798666],[129.44342045602053,36.83511287826396],[129.44350073127143,36.83507124859166]]],[[[129.44312696833776,36.83524695707637],[129.44318024453636,36.83519829798663],[129.44320447593051,36.83522147765412],[129.44312696833776,36.83524695707637]]],[[[129.44302176442403,36.83541428397621],[129.4429610570006,36.83531376877626],[129.4431137003561,36.83525663156172],[129.44312060373113,36.8353699661619],[129.44302176442403,36.83541428397621]]],[[[129.44319616661733,36.83537849833838],[129.44318868953619,36.83544003749925],[129.4431539066923,36.835435604766325],[129.44313610509096,36.83540410622762],[129.44319616661733,36.83537849833838]]],[[[129.4426510590386,36.83544098689069],[129.4426848882762,36.83549925323589],[129.44267604226076,36.83550674179466],[129.442650856196,36.835491165845546],[129.4426510590386,36.83544098689069]]],[[[129.44280092241965,36.83543873278395],[129.44287578845748,36.835365829585676],[129.44295163920887,36.83550933994172],[129.44280092241965,36.83543873278395]]],[[[129.4430721173613,36.83542792245697],[129.44316330741933,36.835507290850984],[129.44319739405327,36.835568401009894],[129.44310064797094,36.83552838862689],[129.4430721173613,36.83542792245697]]],[[[129.44296827133303,36.83562123202123],[129.44293440452668,36.83557806620539],[129.4430024999574,36.835572515761825],[129.44296827133303,36.83562123202123]]],[[[129.44217769591629,36.835710247041796],[129.4421331281704,36.83561673231043],[129.44223041981422,36.83566791114916],[129.44217769591629,36.835710247041796]]],[[[129.44224955937406,36.83572443477155],[129.44229755596555,36.83569216814909],[129.4423073702598,36.835714934660515],[129.44224955937406,36.83572443477155]]],[[[129.44116846136046,36.837260282637594],[129.44124294630518,36.837188232109625],[129.4413241454976,36.83725251563373],[129.4412393432335,36.83723674597838],[129.44116846136046,36.837260282637594]]],[[[129.429075042735,36.84922504069402],[129.4290174160457,36.84924033420926],[129.42901355151847,36.849158502896614],[129.429075042735,36.84922504069402]]],[[[129.42747317014818,36.85309304519074],[129.42745761313316,36.85300829756297],[129.42757174616924,36.85298929948534],[129.42761426920748,36.85300921929648],[129.4275348168195,36.85300645939773],[129.42747317014818,36.85309304519074]]],[[[129.42750927987242,36.85321387279662],[129.4275703368662,36.85315511401804],[129.4275696464219,36.85319268416103],[129.42750927987242,36.85321387279662]]],[[[129.42755920641318,36.853354307122444],[129.4275657249168,36.853328942766865],[129.42758234963352,36.853340318154316],[129.42755920641318,36.853354307122444]]],[[[129.42693089719157,36.853607464801875],[129.4269338217787,36.85353463931602],[129.42704363655955,36.85353381929885],[129.42704713205947,36.85357743882116],[129.42693089719157,36.853607464801875]]],[[[129.4273904753001,36.85367287410289],[129.4273876274418,36.853680770799855],[129.4273663505406,36.853675563772995],[129.4273904753001,36.85367287410289]]],[[[129.4267673744408,36.8540505090139],[129.42673101470933,36.85399233065011],[129.42688834435438,36.85401695975214],[129.4267673744408,36.8540505090139]]],[[[129.42701480231958,36.85409119685767],[129.42689275780901,36.854135195561994],[129.42687768633908,36.854084554987615],[129.42701480231958,36.85409119685767]]],[[[129.4270462101313,36.85416164129451],[129.4269434031913,36.854200650214956],[129.42696043699294,36.85416274384214],[129.4270462101313,36.85416164129451]]],[[[129.42641132330652,36.85449963254143],[129.42640311798445,36.85451840488114],[129.42634648686595,36.85449910092749],[129.42641132330652,36.85449963254143]]],[[[129.42605101199683,36.85481672288185],[129.42603956107394,36.85478984182187],[129.42611128182685,36.854796351333626],[129.42605101199683,36.85481672288185]]],[[[129.42613715444637,36.855057296976604],[129.42604726918165,36.85509167199673],[129.42605678675136,36.855040987876144],[129.42613715444637,36.855057296976604]]],[[[129.42601536400673,36.85516798301592],[129.42611330138487,36.85516806298194],[129.42609903135357,36.85517481084116],[129.42601536400673,36.85516798301592]]],[[[129.42546053515863,36.85611815746539],[129.4256392999168,36.8562552573432],[129.42548086902406,36.85626097573953],[129.4253858224729,36.85615203557142],[129.42546053515863,36.85611815746539]]],[[[129.42585060357186,36.856306252773486],[129.42576112661487,36.85621229453051],[129.42589428443517,36.8562132459602],[129.42585060357186,36.856306252773486]]],[[[129.4251179467941,36.85665696038059],[129.42507177608,36.85662171145081],[129.4251397869637,36.856601707088245],[129.4251179467941,36.85665696038059]]],[[[129.42523236918453,36.85665301005262],[129.42521482862995,36.85666862751845],[129.42519409356206,36.856632204003624],[129.42523236918453,36.85665301005262]]],[[[129.42519971838823,36.85667998922708],[129.42521002729174,36.856704983471744],[129.4251737154319,36.85669440803775],[129.42519971838823,36.85667998922708]]],[[[129.42506880840176,36.85671568977565],[129.42511248861044,36.85676075117484],[129.42510657955538,36.85680338564472],[129.4250545217864,36.85677803305011],[129.42506880840176,36.85671568977565]]],[[[129.4251099455173,36.85684429073275],[129.4250465361468,36.85687514814523],[129.42500713931358,36.856854003278904],[129.42502799301383,36.85684114969679],[129.4251099455173,36.85684429073275]]],[[[129.4250910907799,36.856899892232384],[129.42509821852417,36.8569114650818],[129.42504780943196,36.85692250273924],[129.4250910907799,36.856899892232384]]],[[[129.42496618287376,36.85697438381703],[129.4249440147745,36.85699725973714],[129.4249517373885,36.856949833316555],[129.42496618287376,36.85697438381703]]],[[[129.4246249570281,36.857922877521844],[129.42464530923957,36.857945777604584],[129.4245244336295,36.85790341569728],[129.4246249570281,36.857922877521844]]],[[[129.42511684309065,36.85822136091874],[129.42508906864447,36.858235649782955],[129.42507735065513,36.85819920635623],[129.42511684309065,36.85822136091874]]],[[[129.4242958647078,36.85824049621996],[129.42429765415724,36.858277812562115],[129.42424324456118,36.85826193724556],[129.4242958647078,36.85824049621996]]],[[[129.4251534330703,36.85846999404613],[129.42513552415855,36.85847622210429],[129.42512310979274,36.85845574694567],[129.4251534330703,36.85846999404613]]],[[[129.42412088360103,36.85853928392224],[129.42413104755235,36.858560826741346],[129.42408814718158,36.85855341315468],[129.42412088360103,36.85853928392224]]],[[[129.42394460693268,36.85859648612692],[129.42396586756183,36.85863123569959],[129.42391736211056,36.8586219803773],[129.42394460693268,36.85859648612692]]],[[[129.42398197737256,36.85872797137561],[129.42396987692274,36.85875883023691],[129.42394374678753,36.85874173346314],[129.42398197737256,36.85872797137561]]],[[[129.42404065620224,36.858979295468316],[129.42397191810758,36.85899459348725],[129.42397550963918,36.85896207517086],[129.42404065620224,36.858979295468316]]],[[[129.42423473177269,36.859114262060494],[129.42424152494516,36.85913096167832],[129.42417802605664,36.85912765643854],[129.42423473177269,36.859114262060494]]],[[[129.4238924183584,36.859193628676394],[129.42381650774752,36.85921736373323],[129.42382332062422,36.85918202260558],[129.4238924183584,36.859193628676394]]],[[[129.42425173420034,36.86010734648498],[129.42423478910518,36.86011700364959],[129.4242160605503,36.86009960321136],[129.42425173420034,36.86010734648498]]],[[[129.42405530203234,36.86021329423075],[129.4240659485806,36.86027294607513],[129.4240290957168,36.86027834146209],[129.42401367819775,36.860247651486176],[129.42405530203234,36.86021329423075]]],[[[129.42398819711786,36.86061325299857],[129.42407052583897,36.860478362200894],[129.42409181642162,36.860611738235555],[129.42398819711786,36.86061325299857]]],[[[129.42365128096833,36.86064703113407],[129.4237146027446,36.860679010510545],[129.423698604563,36.86071583789715],[129.4236148978231,36.860704810746675],[129.42365128096833,36.86064703113407]]],[[[129.42357469621618,36.86076965001778],[129.42366241568186,36.86075640276313],[129.42367843587465,36.86077807072243],[129.42357469621618,36.86076965001778]]],[[[129.42382303615983,36.861071615029886],[129.42383708980853,36.86109653432245],[129.42373580845853,36.86109724038988],[129.42382303615983,36.861071615029886]]],[[[129.42232025806734,36.862869429573365],[129.4223651924446,36.8629256029335],[129.42235681599726,36.862947287224664],[129.4222746440888,36.86291680186167],[129.42232025806734,36.862869429573365]]],[[[129.42235357891028,36.86299371343141],[129.4222606681337,36.86298943283808],[129.42227306913608,36.862979380778114],[129.42235357891028,36.86299371343141]]],[[[129.42215395573243,36.86307463861233],[129.4220985528552,36.86308769278806],[129.42211438274362,36.86302368541532],[129.42215395573243,36.86307463861233]]],[[[129.42207464782294,36.86324956996888],[129.4221160495523,36.86328464026887],[129.42210855030015,36.863382480934],[129.42204591364708,36.863348049776356],[129.42207464782294,36.86324956996888]]],[[[129.4212876491113,36.86528262155396],[129.42127379887177,36.86529475556397],[129.4212626725261,36.86527129655608],[129.4212876491113,36.86528262155396]]],[[[129.4211516125727,36.865442946172095],[129.42110023176897,36.86544248356367],[129.42110523013446,36.86542957876124],[129.4211516125727,36.865442946172095]]],[[[129.42122672309776,36.8654627693701],[129.42118631269287,36.865496872596026],[129.4211351809879,36.865467570038355],[129.42114691865157,36.86545851125753],[129.42122672309776,36.8654627693701]]],[[[129.42119306484327,36.86555013959665],[129.42120035495108,36.86561350890731],[129.4211719574185,36.865624283697],[129.4211447533277,36.86560249341259],[129.42119306484327,36.86555013959665]]],[[[129.4217945635785,36.865937609304815],[129.42176899514823,36.86596038642173],[129.4217363957882,36.86591395132232],[129.4217945635785,36.865937609304815]]],[[[129.42148840841276,36.8661014735834],[129.42146802614695,36.866058798526595],[129.4215754900911,36.8660714203835],[129.42148840841276,36.8661014735834]]],[[[129.42133837575977,36.86616765835043],[129.42129905276764,36.866129508634195],[129.4213209702341,36.86610920078607],[129.42133837575977,36.86616765835043]]],[[[129.42103609030173,36.8661690833819],[129.42108687637958,36.86622326619444],[129.42108577614204,36.86627428968856],[129.4209789385768,36.86622818944534],[129.42103609030173,36.8661690833819]]],[[[129.42106828199218,36.866331472887545],[129.42107214584436,36.866349051050214],[129.42097759759287,36.866310318684754],[129.42106828199218,36.866331472887545]]],[[[129.42204281175682,36.866920506533354],[129.421954020186,36.86691740384827],[129.42196218239508,36.86684999188879],[129.4220032856921,36.866858300516384],[129.42204281175682,36.866920506533354]]],[[[129.4202777949805,36.86918394405293],[129.4202078910924,36.869185511906366],[129.42021868312187,36.86916997629042],[129.4202777949805,36.86918394405293]]],[[[129.4200817447361,36.869317840013984],[129.42006031289867,36.86932757181603],[129.420020101739,36.86929834921206],[129.4200817447361,36.869317840013984]]],[[[129.42003465047344,36.86969340322462],[129.4200045036635,36.86964915610988],[129.42001523528825,36.86964280954241],[129.42003465047344,36.86969340322462]]],[[[129.42015679342475,36.87009431466693],[129.4200976498352,36.870091160500245],[129.42011217656565,36.870064469290746],[129.42015679342475,36.87009431466693]]],[[[129.42057141085914,36.87007059787247],[129.42049577410222,36.87009664197967],[129.42049379726774,36.87006146658553],[129.42057141085914,36.87007059787247]]],[[[129.4202803148672,36.870116209556855],[129.42020515417016,36.870083311194215],[129.4204321412671,36.87003839347314],[129.4202803148672,36.870116209556855]]],[[[129.4203398809824,36.87022199007476],[129.42016734739838,36.87021977183899],[129.42017708417143,36.87019819641386],[129.4203398809824,36.87022199007476]]],[[[129.42153993696306,36.87196375614142],[129.42164320261432,36.872121534685114],[129.42165769213858,36.87222745229058],[129.42145893499173,36.87200053853987],[129.42153993696306,36.87196375614142]]],[[[129.42112152505374,36.87642186513737],[129.4210972843287,36.87635327650396],[129.42114982658404,36.87635641337862],[129.42112152505374,36.87642186513737]]],[[[129.4215675295079,36.87672707246073],[129.42146429106145,36.87676829663962],[129.42137360005796,36.87666920961912],[129.421478402916,36.876647929832565],[129.4215675295079,36.87672707246073]]],[[[129.4187431035976,36.88141653988818],[129.41845002005587,36.882090455370964],[129.41832404855407,36.88206148701495],[129.41859564361854,36.88138514191667],[129.4187431035976,36.88141653988818]]],[[[129.41828828465157,36.88231072294968],[129.41792607595153,36.88317239024563],[129.41779299631457,36.88314356675678],[129.4182015267535,36.882278088303245],[129.41828828465157,36.88231072294968]]],[[[129.41786056918545,36.88333206273495],[129.41762712831417,36.884266988599165],[129.41749148300687,36.884257451162775],[129.4176930308436,36.883362109847035],[129.41775482175512,36.88329733324395],[129.41786056918545,36.88333206273495]]],[[[129.4175001800332,36.88447150544002],[129.41732677800726,36.88534076849089],[129.41724568889902,36.885383586578996],[129.41719068181334,36.88531520807072],[129.417387774124,36.884572913670546],[129.4174233323308,36.88446925416434],[129.4175001800332,36.88447150544002]]],[[[129.41715779550984,36.885774341182426],[129.41704647590296,36.88626992570918],[129.41695340808732,36.88635582703878],[129.41709084833008,36.88584004793573],[129.41715779550984,36.885774341182426]]],[[[129.42002210967286,36.894829892132265],[129.42001816266034,36.89476633020673],[129.42009955430032,36.894764235776016],[129.42002210967286,36.894829892132265]]],[[[129.420173504333,36.89584647931856],[129.42022490620036,36.89570613900604],[129.42027655351026,36.89577459092073],[129.420173504333,36.89584647931856]]],[[[129.42039876497526,36.8959984822051],[129.42035439041084,36.89594409317401],[129.4204355230092,36.89589431765121],[129.42045685706904,36.89593000463056],[129.42039876497526,36.8959984822051]]],[[[129.42033769258586,36.89617967426073],[129.42025441647712,36.896084604105305],[129.42032858981048,36.89599620169168],[129.42043692526406,36.89606806423248],[129.42033769258586,36.89617967426073]]],[[[129.42038747638466,36.896319362925105],[129.4204560907091,36.89625980590198],[129.4205080334244,36.89632161833863],[129.42038747638466,36.896319362925105]]],[[[129.42090185927503,36.89644437785948],[129.42088500357679,36.89641831580193],[129.42096140049588,36.89640720815658],[129.42090185927503,36.89644437785948]]],[[[129.42070386357236,36.89676627969932],[129.42063183567168,36.89667225372869],[129.42077741178457,36.896645729967325],[129.42081378802976,36.89671784636726],[129.42070386357236,36.89676627969932]]],[[[129.42109793673137,36.89728974967928],[129.4210729893683,36.89733318560537],[129.42101797192245,36.89730665020027],[129.42109793673137,36.89728974967928]]],[[[129.42090717509083,36.89738879983984],[129.4208676565057,36.897289121584336],[129.42092959895018,36.89726650536559],[129.42096161378853,36.89736320172753],[129.42090717509083,36.89738879983984]]],[[[129.42044728237775,36.89827269782593],[129.42043624919015,36.898334637987524],[129.4203733269025,36.89838052555221],[129.42035268176008,36.89830246108775],[129.42044728237775,36.89827269782593]]],[[[129.42066020775314,36.89839270270652],[129.42061100651352,36.898406068061654],[129.42060067019938,36.89836450067323],[129.42066020775314,36.89839270270652]]],[[[129.4204045237133,36.89851045237162],[129.42044538214253,36.8985233123844],[129.42044426579818,36.898540022803694],[129.4204045237133,36.89851045237162]]],[[[129.42044495739066,36.89858399943936],[129.42045746938896,36.89856914534406],[129.42047864901232,36.89857665695614],[129.42044495739066,36.89858399943936]]],[[[129.41960536188543,36.91905281131852],[129.41965456085742,36.91912392817618],[129.41964241893407,36.919171894955355],[129.41956412796884,36.91911325205058],[129.41960536188543,36.91905281131852]]],[[[129.41988359660218,36.9194284799708],[129.4197215517511,36.91937969062017],[129.4197823907316,36.91922636262282],[129.41988450874592,36.919304828499634],[129.41988359660218,36.9194284799708]]],[[[129.42076204281418,36.922263121348415],[129.4207001691843,36.92221719982599],[129.42071871344638,36.92220674658802],[129.42076204281418,36.922263121348415]]],[[[129.42063930054545,36.92230398930955],[129.4206673942034,36.92224936061538],[129.42072678451456,36.9223310215113],[129.42063930054545,36.92230398930955]]],[[[129.42060269181354,36.92253157970458],[129.42044128642567,36.92233119023825],[129.42048098390697,36.922256588306645],[129.42049664262373,36.922345400967984],[129.42060269181354,36.92253157970458]]],[[[129.41981097803873,36.922720781790744],[129.41979198608274,36.92275211202187],[129.41974852823304,36.92272864500734],[129.41981097803873,36.922720781790744]]],[[[129.41998275310476,36.92311084521661],[129.41996463363571,36.92312195574114],[129.4199386196812,36.92309164970424],[129.41998275310476,36.92311084521661]]],[[[129.41984623959146,36.92301565567166],[129.41991760151677,36.923121954574064],[129.4199049971269,36.92312808900272],[129.4198529499119,36.923086667055074],[129.41984623959146,36.92301565567166]]],[[[129.4198343637228,36.92315472282572],[129.4198101439005,36.923117262877135],[129.41983532538836,36.923099921892394],[129.4198343637228,36.92315472282572]]],[[[129.41766113347222,36.93160267046466],[129.41769657882102,36.93161732294992],[129.4176409112707,36.9316156695098],[129.41766113347222,36.93160267046466]]],[[[129.41784659336628,36.93179545524118],[129.41775717737403,36.931711531740746],[129.4178501265484,36.931680775654634],[129.41784659336628,36.93179545524118]]],[[[129.41850963766342,36.93215885470167],[129.41851307458947,36.9321263546548],[129.4185621266693,36.93214391907469],[129.41850963766342,36.93215885470167]]],[[[129.4185302869822,36.932234047353575],[129.41856415990065,36.93220038493681],[129.41861358566743,36.93223732870523],[129.4185302869822,36.932234047353575]]],[[[129.41872258262816,36.932493465063246],[129.41853900107046,36.93245667200909],[129.41853656858285,36.9323608171734],[129.41869349748745,36.93243258099273],[129.41870763579215,36.93234248365261],[129.4188684396187,36.932332146347555],[129.41884784013595,36.932434642913066],[129.41871584386158,36.93244375847313],[129.41872258262816,36.932493465063246]]],[[[129.41866140788923,36.93259808461428],[129.41864651034223,36.9326237405292],[129.41863681682025,36.93261582051592],[129.41866140788923,36.93259808461428]]],[[[129.41878143070198,36.9326268103878],[129.41872772849013,36.93257819531902],[129.4187720291053,36.93255611833632],[129.41878143070198,36.9326268103878]]],[[[129.41917202141528,36.93270574640787],[129.41914232402664,36.93273967859498],[129.4191097861309,36.93271537158106],[129.41917202141528,36.93270574640787]]],[[[129.41924784677494,36.93270303631032],[129.41927350142433,36.93275872915425],[129.41921111797936,36.93276867043223],[129.41919867315988,36.93275168718619],[129.41924784677494,36.93270303631032]]],[[[129.41898693474363,36.93267902890929],[129.41905074504356,36.93275423140735],[129.41903793783607,36.932794290790476],[129.41898444849338,36.932763800478995],[129.41898693474363,36.93267902890929]]],[[[129.41893460011195,36.93270308620746],[129.41895880830876,36.932781471383215],[129.41893038586701,36.93280025710444],[129.4188550801129,36.93271538898514],[129.41893460011195,36.93270308620746]]],[[[129.4195321041899,36.93280560076572],[129.4194913410769,36.932825069229686],[129.41949017829597,36.93277468759819],[129.4195321041899,36.93280560076572]]],[[[129.41974619089368,36.93418035070944],[129.41971180929036,36.93422641831614],[129.4196402532941,36.934251052595094],[129.41966506972233,36.93419480702824],[129.41974619089368,36.93418035070944]]],[[[129.41970097834871,36.93455870134024],[129.41963974488417,36.93456477116043],[129.41961588263632,36.93452810946863],[129.41970097834871,36.93455870134024]]],[[[129.42097626662556,36.93724059401353],[129.42100693419056,36.93730035854168],[129.4209053067558,36.93721040352521],[129.42097626662556,36.93724059401353]]],[[[129.4209615022162,36.93748660314757],[129.42100734617404,36.93754732627569],[129.42097587002,36.93757077841059],[129.42092130178253,36.93753241012078],[129.4209615022162,36.93748660314757]]],[[[129.42113973377585,36.938492164887144],[129.4211367920676,36.938512199044084],[129.42109227530122,36.938508828319804],[129.42113973377585,36.938492164887144]]],[[[129.42079752347553,36.94173230295815],[129.42080554803718,36.94176416422546],[129.42074360831933,36.941726501929125],[129.42079752347553,36.94173230295815]]],[[[129.42075029207285,36.941784385882045],[129.42084874084713,36.941760211678044],[129.42087452811307,36.9418309781129],[129.42075029207285,36.941784385882045]]],[[[129.42065420774676,36.94261306432605],[129.42056274185836,36.94253271317636],[129.4206252927507,36.94252792569063],[129.42065420774676,36.94261306432605]]],[[[129.4205916090197,36.94262301530457],[129.42055129745626,36.94264357736091],[129.4205435652201,36.94260081902177],[129.4205916090197,36.94262301530457]]],[[[129.42063152030983,36.94281427203002],[129.4205878512236,36.94289704003773],[129.4205822891908,36.942789648818206],[129.42063152030983,36.94281427203002]]],[[[129.42066852449216,36.943243917222524],[129.42080288150464,36.94316746298364],[129.4207922835249,36.943249240836245],[129.42066852449216,36.943243917222524]]],[[[129.42075636309323,36.943324929931094],[129.4207344617531,36.943334433459576],[129.42073322867216,36.94331560161436],[129.42075636309323,36.943324929931094]]],[[[129.42070285069022,36.94339321184664],[129.42065148075005,36.94333382460473],[129.42066746863352,36.94330163525383],[129.4207159826791,36.94331445655809],[129.42070285069022,36.94339321184664]]],[[[129.42070688996372,36.943406681466485],[129.4206898633233,36.94340729672114],[129.4207030002494,36.94339961503536],[129.42070688996372,36.943406681466485]]],[[[129.42064503266366,36.94338800570315],[129.42068584525308,36.94345280486173],[129.4206758654851,36.94347719532356],[129.42062776555872,36.943466202371575],[129.42064503266366,36.94338800570315]]],[[[129.4205555190903,36.94366003419569],[129.42058033103203,36.94362226540882],[129.42063471089068,36.94365483778904],[129.4205555190903,36.94366003419569]]],[[[129.42050552712894,36.94382753202972],[129.42046273054856,36.94380715170691],[129.420492961847,36.94376786940076],[129.42050552712894,36.94382753202972]]],[[[129.42066366015752,36.94384462060716],[129.4206000117834,36.943767776234424],[129.42078768536675,36.94361381028961],[129.42086163455843,36.943661296281604],[129.42066366015752,36.94384462060716]]],[[[129.41879970467846,36.95483643867038],[129.41876957171652,36.95476764846361],[129.41882467205164,36.95476441892458],[129.41879970467846,36.95483643867038]]],[[[129.41879604338882,36.95491165886635],[129.41881762164377,36.954975553536805],[129.41875014082234,36.95498125538769],[129.4187375236905,36.954957554823],[129.41879604338882,36.95491165886635]]],[[[129.41506153986722,36.965163521205106],[129.41503937875888,36.96521860705548],[129.4150114979073,36.965235666179645],[129.41499628823118,36.96520544106139],[129.41506153986722,36.965163521205106]]],[[[129.40915216168344,36.981283722060404],[129.40913352468215,36.981244386926214],[129.40920217688668,36.98123020545907],[129.40915216168344,36.981283722060404]]],[[[129.4091548298199,36.981392136029925],[129.40916311217308,36.98131874641777],[129.40936094439778,36.981388842618564],[129.4091548298199,36.981392136029925]]],[[[129.40934276057462,36.981528677210086],[129.4092930149736,36.98153379028746],[129.40928741964026,36.98151489158577],[129.40934276057462,36.981528677210086]]],[[[129.4092233619038,36.981539132577154],[129.4091791244807,36.981520869041844],[129.40920194817502,36.98150422427841],[129.4092233619038,36.981539132577154]]],[[[129.40933952530307,36.981678711126484],[129.40923219375108,36.98164486243351],[129.40921345439637,36.981615101736054],[129.40925306066273,36.98163676738574],[129.40933952530307,36.981678711126484]]],[[[129.40945331835408,36.98183131100753],[129.4094438976783,36.981784552298095],[129.40945186629313,36.98180468364761],[129.40945331835408,36.98183131100753]]],[[[129.4094891643996,36.98187674232974],[129.40949035991792,36.98188304034901],[129.40945336844453,36.9818894011883],[129.4094891643996,36.98187674232974]]],[[[129.40993807760645,36.98241706105791],[129.40988781309395,36.98223461644334],[129.410034738456,36.98229873036814],[129.40993807760645,36.98241706105791]]],[[[129.40986970299298,36.98223089167361],[129.4099295830773,36.98238933929788],[129.40991260627055,36.98246216494913],[129.40980023140492,36.98234897216113],[129.40986970299298,36.98223089167361]]],[[[129.4099172233276,36.98264757311609],[129.40993015866633,36.98278495470861],[129.40990456873084,36.98280528180147],[129.40985994575811,36.98267979726435],[129.4099172233276,36.98264757311609]]],[[[129.41098358268064,36.98325329287675],[129.4108900522775,36.98325473764472],[129.4108831759289,36.98312017254991],[129.41094472876605,36.98312551129008],[129.41098358268064,36.98325329287675]]],[[[129.41070468248446,36.98424932898634],[129.41064085502242,36.98428015198838],[129.41062346715097,36.984230587022715],[129.41070468248446,36.98424932898634]]],[[[129.4117762993491,36.98520202665346],[129.41181230334936,36.98527720946368],[129.411760028603,36.985335369214724],[129.41171851377595,36.98525937656284],[129.4117762993491,36.98520202665346]]],[[[129.4119142512647,36.98567532569892],[129.4119242268983,36.98568829429607],[129.41188376087865,36.98569927159248],[129.4119142512647,36.98567532569892]]],[[[129.4118405120984,36.98569508688303],[129.41180813533762,36.985703146095474],[129.4117773063437,36.98566424128444],[129.4118405120984,36.98569508688303]]],[[[129.41170113478515,36.98574684181984],[129.41171470815925,36.98565358141284],[129.41179455849237,36.98572220840903],[129.41170113478515,36.98574684181984]]],[[[129.41179639002843,36.98583159376366],[129.41179629051607,36.98575212727693],[129.4118269822156,36.98573972208082],[129.41184277174415,36.985784544689615],[129.41179639002843,36.98583159376366]]],[[[129.41261614408003,36.985845700563544],[129.41256838289917,36.98587120573585],[129.41250937396435,36.98581993872021],[129.41261614408003,36.985845700563544]]],[[[129.41241373336624,36.98601635573102],[129.41236898421056,36.985966170245604],[129.412428239784,36.98594764709611],[129.41241373336624,36.98601635573102]]],[[[129.4124419337182,36.98614745758013],[129.4124372406098,36.986186215427175],[129.4123850637639,36.98616322035194],[129.4124419337182,36.98614745758013]]],[[[129.4125293885761,36.98634329339526],[129.4124919556907,36.986316624074604],[129.41254687962112,36.986252222135924],[129.41255538439066,36.98628877449797],[129.4125293885761,36.98634329339526]]],[[[129.4125120212673,36.986474301289746],[129.41247796665988,36.98650662562516],[129.41240253884908,36.986421738602424],[129.4125120212673,36.986474301289746]]],[[[129.41247197315022,36.98658399290575],[129.4125418280497,36.98665944019596],[129.41252854922277,36.98669268973765],[129.4124378251345,36.9866486170039],[129.41247197315022,36.98658399290575]]],[[[129.41244633964817,36.98668026431226],[129.41250561846678,36.98671352432764],[129.41251489337048,36.986778180490106],[129.41246902853237,36.98676413193528],[129.41244633964817,36.98668026431226]]],[[[129.41305364362316,36.98680474219526],[129.4130280881061,36.986852879167316],[129.41297136406908,36.98679002444365],[129.41305364362316,36.98680474219526]]],[[[129.4131290553723,36.98683135697332],[129.41311756550934,36.986895017509745],[129.41308512288873,36.98686763161357],[129.4131290553723,36.98683135697332]]],[[[129.41304681667313,36.986945066465026],[129.4130735999101,36.98690162622637],[129.41311706510004,36.986945545523284],[129.41304681667313,36.986945066465026]]],[[[129.41326047661414,36.98708598393554],[129.41317177252066,36.987011534975956],[129.4131876771788,36.986959598638926],[129.4132880976175,36.987030064194805],[129.41326047661414,36.98708598393554]]],[[[129.41297694967878,36.986928327983506],[129.41303215836763,36.98703204976502],[129.41313516761554,36.987113064050156],[129.41299421487602,36.987037404998745],[129.41297694967878,36.986928327983506]]],[[[129.41340071049663,36.987399975490355],[129.41320427579333,36.98738679652874],[129.41315693109976,36.987280015212164],[129.41343726062988,36.987305507145415],[129.41340071049663,36.987399975490355]]],[[[129.41369075399157,36.98760088256512],[129.41374885585216,36.987655857127265],[129.41362555351566,36.98768260887717],[129.41362348572025,36.98765299740573],[129.41369075399157,36.98760088256512]]],[[[129.41404542079616,36.98775109191677],[129.41404350251702,36.987729424847224],[129.41412229740695,36.98772842791628],[129.41404542079616,36.98775109191677]]],[[[129.41374995951364,36.98771841421548],[129.4138139059418,36.98773311973071],[129.41384062791923,36.987775023058624],[129.41374183199108,36.98779073889641],[129.41374995951364,36.98771841421548]]],[[[129.414069661587,36.98782036276987],[129.4140451701739,36.98778793678963],[129.4141036677987,36.98778050926573],[129.414069661587,36.98782036276987]]],[[[129.4140875021823,36.987952547872595],[129.41409930913474,36.98790837916894],[129.41415239443086,36.987925413803275],[129.4140875021823,36.987952547872595]]],[[[129.41426190604327,36.98805793719784],[129.41423411092762,36.98794916636357],[129.41430697546414,36.98800112738815],[129.41426190604327,36.98805793719784]]],[[[129.41408079829134,36.98806794188588],[129.4140639773266,36.98809043126178],[129.4140428693427,36.988074701458004],[129.41408079829134,36.98806794188588]]],[[[129.4143348085979,36.98814363522461],[129.41427379074457,36.98810158584287],[129.41440130858544,36.988117033892095],[129.4143348085979,36.98814363522461]]],[[[129.41411028138222,36.98824356954517],[129.414016045781,36.98823437660963],[129.4139787023165,36.98817461944709],[129.41409258033104,36.988146810686],[129.41411028138222,36.98824356954517]]],[[[129.4139723921527,36.988268566867006],[129.4140955730406,36.98844873642321],[129.41390610845684,36.98837544728515],[129.41390250108552,36.98827392212031],[129.4139723921527,36.988268566867006]]],[[[129.4141291651842,36.98857980849098],[129.4141100145853,36.98853580655209],[129.41418395466968,36.988552887831645],[129.4141291651842,36.98857980849098]]],[[[129.41454063826103,36.98909070152716],[129.4145089193999,36.98905432918068],[129.41454375353058,36.98900074524367],[129.41457779951045,36.98905119806885],[129.41454063826103,36.98909070152716]]],[[[129.41516963182372,36.98962079642686],[129.41504776384335,36.98957631087224],[129.4150973642131,36.98952104278794],[129.41516963182372,36.98962079642686]]],[[[129.41521549160694,36.98974426412847],[129.41530432382862,36.989831092415386],[129.4152169060744,36.989799360562934],[129.41521549160694,36.98974426412847]]],[[[129.41558073570653,36.98992145155722],[129.4154544631816,36.98985477261364],[129.4154549470344,36.98981838546068],[129.41560454457027,36.989826961145276],[129.41558073570653,36.98992145155722]]],[[[129.41536049314692,36.989987050610274],[129.41532108267714,36.98995274044726],[129.4154305902461,36.989960243719715],[129.41536049314692,36.989987050610274]]],[[[129.4181441718664,36.99178795559274],[129.41810291538366,36.991802354736066],[129.41810364357832,36.99174613587121],[129.4181441718664,36.99178795559274]]],[[[129.41785633325748,36.99181546776516],[129.41778311640542,36.991747397609466],[129.41781143966224,36.99168488420543],[129.41791526201064,36.991698013737285],[129.41785633325748,36.99181546776516]]],[[[129.41801575334088,36.991765998981236],[129.41799086503244,36.99182605043137],[129.41797168557375,36.99177771347032],[129.41801575334088,36.991765998981236]]],[[[129.41802462990265,36.99198920394147],[129.41795663311686,36.99198944314388],[129.41794521360526,36.99195986306648],[129.4179758112428,36.99195542080882],[129.41802462990265,36.99198920394147]]],[[[129.41785705686615,36.992082615976294],[129.417860608803,36.992021698045],[129.41792046482675,36.992017198421294],[129.41785705686615,36.992082615976294]]],[[[129.41787549905322,36.99229404042667],[129.4177455653995,36.9922951786891],[129.4177588547439,36.992258378202315],[129.41787549905322,36.99229404042667]]],[[[129.41785706974667,36.992372238851736],[129.41798177646137,36.99245156860514],[129.41779985645036,36.99252777223504],[129.4177865991483,36.992494766249],[129.41785706974667,36.992372238851736]]],[[[129.41841937031936,36.99271470114084],[129.41839074320728,36.9926286289072],[129.41859914578214,36.992676128208224],[129.41858387438705,36.99270535833516],[129.41841937031936,36.99271470114084]]],[[[129.41958361567248,36.992929507165464],[129.41951151754998,36.99292843281998],[129.41950563323488,36.99277938124764],[129.41961000625403,36.9928239522405],[129.41958361567248,36.992929507165464]]],[[[129.4196540888705,36.99294876360582],[129.41963902376256,36.99299060877073],[129.41959337828587,36.99294955375139],[129.4196540888705,36.99294876360582]]],[[[129.4195805789846,36.9929985744838],[129.41965124332026,36.99302976559363],[129.41963561012238,36.99314755924752],[129.41951516446235,36.9932629051279],[129.41949632409793,36.99310126914351],[129.4195805789846,36.9929985744838]]],[[[129.41913109966788,36.99341304725369],[129.41902196891604,36.99318541968925],[129.4190511369979,36.99289765665623],[129.4191806386252,36.9926629358673],[129.41919487532925,36.99272576169155],[129.41935240104885,36.99268944201417],[129.4194019241988,36.99279134358244],[129.41934005150605,36.99286618183886],[129.41945100726088,36.99282098214638],[129.41948960810967,36.99288436379546],[129.41943256877022,36.993258374606604],[129.41913964336095,36.99304441935886],[129.41924912285387,36.99329212852209],[129.41940154422312,36.99341587534526],[129.41913109966788,36.99341304725369]]],[[[129.41894503448418,36.993633556140175],[129.41897813808774,36.99379236489592],[129.41895408158302,36.99381531625369],[129.41888823899222,36.99369147481385],[129.41894503448418,36.993633556140175]]],[[[129.41877710086123,36.993998992227105],[129.41867718282705,36.99398544435054],[129.4187593102722,36.99383373934627],[129.41881594976996,36.99388057361522],[129.41877710086123,36.993998992227105]]],[[[129.4185378113399,36.99386849595135],[129.41856179196972,36.994042842080596],[129.4185354927525,36.994070364973794],[129.4184382723878,36.99394014374024],[129.4185378113399,36.99386849595135]]],[[[129.41842278008056,36.99412922534706],[129.41831455768744,36.99408828562337],[129.41835792854798,36.99401291960845],[129.41843633645988,36.99403995741908],[129.41842278008056,36.99412922534706]]],[[[129.41874747004613,36.99407309881566],[129.41873689723184,36.99414966693801],[129.418672066547,36.99409179973706],[129.41874747004613,36.99407309881566]]],[[[129.4182735294441,36.994266149612805],[129.41824528892127,36.99427728027862],[129.4182411678094,36.99426513153662],[129.4182735294441,36.994266149612805]]],[[[129.4183279199013,36.99430285016411],[129.41834216655826,36.99426721034655],[129.4183628849204,36.99428280142831],[129.4183279199013,36.99430285016411]]],[[[129.4182538283206,36.99433102574461],[129.4182836198755,36.99428010901108],[129.41831672520243,36.994328345143764],[129.4182538283206,36.99433102574461]]],[[[129.4182221423469,36.99435600654931],[129.41821712666766,36.994373771199534],[129.41817000587614,36.99433388414565],[129.4182221423469,36.99435600654931]]],[[[129.4179872912283,36.994483913169375],[129.41805342976298,36.99438412437249],[129.41813715634422,36.994418012833975],[129.4180995525094,36.994483173827184],[129.4179872912283,36.994483913169375]]],[[[129.4177047640563,36.9945776345995],[129.41776624321434,36.9945514279487],[129.41776276848586,36.994581605661146],[129.4177047640563,36.9945776345995]]],[[[129.4181492690557,36.99460410378854],[129.4181197380238,36.994630021336995],[129.41809219264863,36.994599324768686],[129.4181492690557,36.99460410378854]]],[[[129.41791567117116,36.9946705571871],[129.41795875418578,36.994568005452514],[129.4180048964135,36.99460458620215],[129.41791567117116,36.9946705571871]]],[[[129.4175881669124,36.994980260852806],[129.41754991520256,36.994907499402196],[129.41762991425446,36.99489662213549],[129.4175881669124,36.994980260852806]]],[[[129.4177573934988,36.99498815775394],[129.41772086356374,36.99500783593413],[129.41772306374654,36.9949824304934],[129.4177573934988,36.99498815775394]]],[[[129.41788606015933,36.99502290816168],[129.41786545701822,36.99506303460119],[129.4178366643135,36.99503233740634],[129.41788606015933,36.99502290816168]]],[[[129.41791165013947,36.99519497964325],[129.417872875963,36.99507987721694],[129.41790382050073,36.99505672100764],[129.41797665097442,36.99518244911538],[129.41791165013947,36.99519497964325]]],[[[129.4178294936398,36.995333750837794],[129.4177856881578,36.99525757947401],[129.4177882337535,36.99513221753413],[129.41786034086505,36.995207192405516],[129.4178294936398,36.995333750837794]]],[[[129.41749171516693,36.99545444487901],[129.41750840472827,36.99538518673267],[129.41753252258147,36.9954050393615],[129.41749171516693,36.99545444487901]]],[[[129.41765892444525,36.99547400672452],[129.41758090551264,36.99546657539246],[129.4175621428408,36.995315281209855],[129.41761231401443,36.99535214489965],[129.41765892444525,36.99547400672452]]],[[[129.4175268323365,36.995652479547275],[129.41751079054944,36.995501382940105],[129.41764413197276,36.99555758928629],[129.4175268323365,36.995652479547275]]],[[[129.41753627315885,36.995710631383226],[129.417476205703,36.995709692194886],[129.41738339392498,36.995503537103716],[129.4174501613947,36.995518919614184],[129.41753627315885,36.995710631383226]]],[[[129.41714863137415,36.995833479497335],[129.41709130657443,36.995815755898676],[129.41709331158583,36.99580874651726],[129.41714863137415,36.995833479497335]]],[[[129.41721093866286,36.99584628707324],[129.4171851798555,36.995846242695926],[129.41718481711786,36.99582074618344],[129.41721093866286,36.99584628707324]]],[[[129.41711225967737,36.99585657267949],[129.4171834183409,36.995871897008435],[129.4171734726688,36.99591985831381],[129.41715482089285,36.995917482797616],[129.41711225967737,36.99585657267949]]],[[[129.41765497836704,36.99587268622457],[129.4175758992112,36.99592219562925],[129.4175630641241,36.9958536354233],[129.41765497836704,36.99587268622457]]],[[[129.41732841110402,36.996023075935945],[129.4172876727797,36.99601981442234],[129.41728188438603,36.995974608455015],[129.41732841110402,36.996023075935945]]],[[[129.4173604966295,36.99603960202843],[129.41734494088752,36.99601670521742],[129.4173933635007,36.99599860784116],[129.4173604966295,36.99603960202843]]],[[[129.4173369457255,36.99605065220066],[129.41731992182815,36.99606696776906],[129.41730534091667,36.9960357731269],[129.4173369457255,36.99605065220066]]],[[[129.41728192164138,36.99607667322228],[129.4172765336874,36.99607958226017],[129.41726291845316,36.996060485523486],[129.41728192164138,36.99607667322228]]],[[[129.41740601784082,36.99612283546599],[129.417396791365,36.996123951653885],[129.4173986810442,36.99609883965605],[129.41740601784082,36.99612283546599]]],[[[129.41764042258524,36.996154114501266],[129.41762522439274,36.99617475750664],[129.4176128562501,36.99613651140143],[129.41764042258524,36.996154114501266]]],[[[129.41724187338502,36.99629919319715],[129.41725685867496,36.99628053744786],[129.4172651969513,36.99628177179956],[129.41724187338502,36.99629919319715]]],[[[129.41722966329638,36.99710312477103],[129.41720956495513,36.99712589105367],[129.41718806588855,36.99711051158561],[129.41722966329638,36.99710312477103]]],[[[129.4176657211508,36.99783755045521],[129.41763619877074,36.997858767454055],[129.4176023839732,36.99784178629917],[129.4176657211508,36.99783755045521]]],[[[129.41760934110056,36.997898432510425],[129.4175971236325,36.99788775844073],[129.41767206345713,36.99784449163611],[129.41760934110056,36.997898432510425]]],[[[129.41761953351286,36.99811017309581],[129.41754093511625,36.99807374180608],[129.41758250582944,36.99794798178695],[129.4176908242654,36.9980101173795],[129.41761953351286,36.99811017309581]]],[[[129.4176696130265,36.99821734162381],[129.41764601232384,36.998156115393435],[129.41767067716725,36.99814756088637],[129.4176696130265,36.99821734162381]]],[[[129.41751292329178,36.99823763583492],[129.41750589793662,36.99830625919375],[129.41745916624348,36.998196815685986],[129.41751292329178,36.99823763583492]]],[[[129.4176034738183,36.99833335095348],[129.417583323747,36.99820926436513],[129.41770221252105,36.998290920777706],[129.4176034738183,36.99833335095348]]],[[[129.41799182775506,36.99843851662169],[129.41796143306888,36.998442373389366],[129.41796865375173,36.998422060283026],[129.41799182775506,36.99843851662169]]],[[[129.41765715466417,36.998486269091345],[129.4176924554318,36.99843647302453],[129.41772393295398,36.99846525212186],[129.41765715466417,36.998486269091345]]],[[[129.41748747145687,36.9985230877487],[129.41749380623597,36.99848593192046],[129.4175406831029,36.998505951209665],[129.41748747145687,36.9985230877487]]],[[[129.41786535363482,36.99858389778716],[129.41787148565055,36.99853250643846],[129.41792342929534,36.998491829269696],[129.41795284112035,36.998520635384764],[129.41786535363482,36.99858389778716]]],[[[129.41779757540658,36.99860523653998],[129.417766037756,36.99855948600421],[129.4178709247842,36.9985120162751],[129.41780872800678,36.99855598575936],[129.41779757540658,36.99860523653998]]],[[[129.41818669649774,36.998663502481115],[129.4181685756746,36.99871363294921],[129.41813793460815,36.998694272584835],[129.41818669649774,36.998663502481115]]],[[[129.41818615362874,36.999001077929904],[129.41818081152456,36.9990065784148],[129.41815385283064,36.99898346589107],[129.41818615362874,36.999001077929904]]],[[[129.41809248305222,36.999152166941],[129.4179965322272,36.99908528296173],[129.4180781307645,36.998992950405686],[129.41815112867954,36.99904713468201],[129.41809248305222,36.999152166941]]],[[[129.41850460866013,36.99943225262027],[129.41848237219335,36.9994529374262],[129.41844213980892,36.99938899787733],[129.41850460866013,36.99943225262027]]],[[[129.41821782979804,36.99953772955462],[129.41811893011507,36.99947501952085],[129.41822442949785,36.99940756310415],[129.41824629386738,36.99944920492487],[129.41821782979804,36.99953772955462]]],[[[129.41799749601668,36.99947672472733],[129.4180469661231,36.99940350359623],[129.41816741514856,36.999556187560685],[129.41799749601668,36.99947672472733]]],[[[129.4180151719119,36.99965184960487],[129.41800955185758,36.999616147924506],[129.41806498211926,36.999622614644714],[129.4180151719119,36.99965184960487]]],[[[129.41799741197465,36.99970660600375],[129.41789477005497,36.999695454901364],[129.41791205526582,36.999611649097226],[129.41794468750902,36.999639626227264],[129.41799741197465,36.99970660600375]]],[[[129.41815840701867,36.99971281913026],[129.418178240692,36.99966184259556],[129.418285909676,36.999690951749876],[129.41815840701867,36.99971281913026]]],[[[129.41802861064315,36.99979975062571],[129.41797918445332,36.999784703779085],[129.41799178034466,36.99977451193941],[129.41802861064315,36.99979975062571]]],[[[129.41788406067568,36.999872729445],[129.4179283809717,36.99983948505468],[129.41793843052835,36.99985196788819],[129.41788406067568,36.999872729445]]],[[[129.41811668598748,36.99998535254862],[129.41813359775242,36.999953010817435],[129.41817185235422,36.99996409040417],[129.41811668598748,36.99998535254862]]],[[[129.41791342003833,37.00208672146272],[129.4179906135742,37.00202163623502],[129.41799143173515,37.00208894217316],[129.41791342003833,37.00208672146272]]],[[[129.41804086228117,37.002183343170856],[129.41805577742377,37.00220765173165],[129.41800190437024,37.00220804490815],[129.41804086228117,37.002183343170856]]],[[[129.41807685494393,37.00360649866916],[129.41800715437964,37.003708609091426],[129.41783705711887,37.00357122058571],[129.41785450304403,37.00346712662428],[129.41792342620164,37.003552133748826],[129.41800335268184,37.00350778294889],[129.41807685494393,37.00360649866916]]],[[[129.41812388106106,37.003722647225985],[129.4181516939045,37.00370232118232],[129.41816503073133,37.00375248384569],[129.41812388106106,37.003722647225985]]],[[[129.4185637770932,37.00395153905681],[129.41850565435684,37.003883107481],[129.41860125549888,37.00384985112033],[129.41862286947676,37.00392147868111],[129.4185637770932,37.00395153905681]]],[[[129.41806381676327,37.00410489959203],[129.41798832545595,37.00399520482402],[129.4180311204377,37.00383758824873],[129.41809517451017,37.00391864875849],[129.41806381676327,37.00410489959203]]],[[[129.41870247008717,37.0044051828895],[129.41903263827984,37.004487754384186],[129.41915651997624,37.004586732500876],[129.418620482521,37.00448611798203],[129.41870247008717,37.0044051828895]]],[[[129.41765012972655,37.00475909527015],[129.41763885154515,37.004656011787326],[129.41771588871254,37.00469662673256],[129.41765012972655,37.00475909527015]]],[[[129.41799940654036,37.006116619845734],[129.4180755531724,37.00609517537772],[129.41807227214056,37.006183504606774],[129.41799940654036,37.006116619845734]]],[[[129.41781603059871,37.0062448289565],[129.4177759439571,37.006255868017796],[129.41778268340983,37.00623167179593],[129.41781603059871,37.0062448289565]]],[[[129.4179583184004,37.00627825202007],[129.41794682926908,37.00625900928547],[129.41796356358665,37.006253805948134],[129.4179583184004,37.00627825202007]]],[[[129.4179671447473,37.00636964733697],[129.4179295382321,37.006345311729014],[129.41797796963544,37.006307951301785],[129.4179671447473,37.00636964733697]]],[[[129.41774308032615,37.00641901386024],[129.41771057978357,37.00641647475024],[129.41771149203234,37.00639598062899],[129.41774308032615,37.00641901386024]]],[[[129.41809312479896,37.00639398014501],[129.4180759542001,37.006463248763055],[129.4180246712716,37.00640893076349],[129.41809312479896,37.00639398014501]]],[[[129.4173326215012,37.00647885141099],[129.41732945521778,37.006394783187446],[129.41741257059064,37.00630962436763],[129.4174411271303,37.00643045014255],[129.4173326215012,37.00647885141099]]],[[[129.41720697130532,37.00651501774984],[129.4171766227528,37.006563203230485],[129.41715514479404,37.00650479893057],[129.41720697130532,37.00651501774984]]],[[[129.4169964139436,37.00675679081836],[129.41696746127712,37.00679402811344],[129.41694901043357,37.00678163859689],[129.4169964139436,37.00675679081836]]],[[[129.41721212561706,37.00675292768399],[129.41712888193504,37.0068196306822],[129.41699752236585,37.00666008035862],[129.4171719111673,37.00663748533639],[129.41721212561706,37.00675292768399]]],[[[129.4170000331927,37.00679524225999],[129.41701605021657,37.00676353524885],[129.41708484233408,37.006787094161005],[129.4170000331927,37.00679524225999]]],[[[129.4171683569845,37.006876786092214],[129.41716670131976,37.006854408288284],[129.41719791564876,37.006865238673186],[129.4171683569845,37.006876786092214]]],[[[129.4171860482649,37.00690353837266],[129.4171798236118,37.00693866263718],[129.41715111514492,37.0069194574204],[129.4171860482649,37.00690353837266]]],[[[129.41676287049478,37.007799180792674],[129.41675368712583,37.007825514668944],[129.41668785251605,37.00781588789034],[129.41676287049478,37.007799180792674]]],[[[129.41682289429446,37.0082432629733],[129.4167609408819,37.008248751454175],[129.41689102156886,37.00812178986596],[129.41682289429446,37.0082432629733]]],[[[129.41692307807395,37.00828879865967],[129.41690129834757,37.008340666239825],[129.4168358045059,37.008337554960804],[129.41683767698288,37.00829563942399],[129.41692307807395,37.00828879865967]]],[[[129.41633657916282,37.010243106898784],[129.41634552410278,37.010316049845294],[129.41630651663817,37.010328534714134],[129.41626919634913,37.01026316224426],[129.41633657916282,37.010243106898784]]],[[[129.41636050790333,37.01114883642936],[129.41637735960768,37.011219185687324],[129.41637033901628,37.011265647601725],[129.41633216624967,37.011211595760706],[129.41636050790333,37.01114883642936]]],[[[129.4163225467808,37.01124998613696],[129.4162892283651,37.011301329746686],[129.41625853582806,37.011221977409036],[129.4163225467808,37.01124998613696]]],[[[129.41330557183068,37.01670288107291],[129.41329059631255,37.01670970298965],[129.4132930856475,37.01667603710817],[129.41330557183068,37.01670288107291]]],[[[129.41191427006896,37.019337490541275],[129.41190219987965,37.01928755562031],[129.4119357317715,37.0193010727966],[129.41191427006896,37.019337490541275]]],[[[129.41058150736626,37.02989792186432],[129.41056223136215,37.02990030172031],[129.4105999676138,37.02986231341536],[129.41058150736626,37.02989792186432]]],[[[129.41030537623234,37.02995390993438],[129.41029968413028,37.02990709166396],[129.41034446384165,37.02990972784698],[129.41030537623234,37.02995390993438]]],[[[129.41184559475664,37.0310989369585],[129.41180687151146,37.031060527613036],[129.41184825213662,37.03104665392588],[129.41184559475664,37.0310989369585]]],[[[129.41158465750306,37.03122202462303],[129.41152010635543,37.0312779215497],[129.41151597274614,37.03123859688047],[129.41158465750306,37.03122202462303]]],[[[129.411971461875,37.031438940422404],[129.4119319315317,37.03143667721398],[129.41192048570625,37.031399896720636],[129.411971461875,37.031438940422404]]],[[[129.41177926148876,37.03144273860119],[129.41172472019102,37.031460888330734],[129.41170882108486,37.031436374165324],[129.41177926148876,37.03144273860119]]],[[[129.4118446783922,37.03148265731063],[129.4118699444997,37.031573307426015],[129.41183258061952,37.03159831141931],[129.41179867150635,37.03153652319855],[129.4118446783922,37.03148265731063]]],[[[129.4126372114574,37.03171218249925],[129.4126807882811,37.03172077854327],[129.41268230265456,37.031735525513234],[129.4126372114574,37.03171218249925]]],[[[129.41222374182846,37.031936796345924],[129.41216148394764,37.0319051954925],[129.4122081429279,37.03184021765472],[129.41224920703726,37.03187758327013],[129.41222374182846,37.031936796345924]]],[[[129.4120328791227,37.032054547155454],[129.41202767635258,37.032069968426036],[129.41198488998884,37.0320514315936],[129.4120328791227,37.032054547155454]]],[[[129.412327729448,37.032110820949704],[129.41239924441678,37.03208501654747],[129.4123959252413,37.03212618371416],[129.412327729448,37.032110820949704]]],[[[129.41254233401474,37.032212635355116],[129.41248314448904,37.032203743001496],[129.41248878983987,37.032187504308666],[129.41254233401474,37.032212635355116]]],[[[129.41235437013754,37.03223903024533],[129.41232341384747,37.032218667855474],[129.41243913335694,37.03219455993477],[129.41235437013754,37.03223903024533]]],[[[129.41674639530882,37.033830360430606],[129.4166965671641,37.0338316865629],[129.41668650099513,37.03379327907013],[129.41674639530882,37.033830360430606]]],[[[129.41671183762827,37.03468912313778],[129.41670850945874,37.03471369943397],[129.41666203728784,37.03468849209504],[129.41671183762827,37.03468912313778]]],[[[129.41428608400454,37.04095131800362],[129.41425084546285,37.04100280464078],[129.41417588679252,37.040963957144456],[129.41428608400454,37.04095131800362]]],[[[129.41408078787504,37.04114049052036],[129.41406111757556,37.04113945511171],[129.41405312760205,37.04108320338741],[129.41408078787504,37.04114049052036]]],[[[129.41369842704478,37.046274327732014],[129.4136717596011,37.04630406189038],[129.41363752940217,37.0461509340747],[129.41369842704478,37.046274327732014]]],[[[129.4138012146802,37.04654551061793],[129.41377704115408,37.04670615847417],[129.4137107851466,37.04648596282585],[129.4138012146802,37.04654551061793]]],[[[129.42856917853487,37.05566309424675],[129.42850543526168,37.055633521135505],[129.4285803772794,37.05560279585381],[129.42856917853487,37.05566309424675]]],[[[129.42974927336107,37.0559242667164],[129.4297229485636,37.05598112054889],[129.42969474577825,37.055928104845215],[129.42974927336107,37.0559242667164]]],[[[129.42900620379865,37.0559738688147],[129.42896792444006,37.05599776917729],[129.4289614571291,37.055967746842896],[129.42900620379865,37.0559738688147]]],[[[129.42982385853912,37.056002335251826],[129.4298081733343,37.056021998948054],[129.42978754982204,37.05599530297014],[129.42982385853912,37.056002335251826]]],[[[129.42983580602754,37.05602769338966],[129.42982212320072,37.0560255889157],[129.42982507339127,37.05600838569187],[129.42983580602754,37.05602769338966]]],[[[129.43063587415367,37.05594552006724],[129.43074076201788,37.05594500123955],[129.43070392177376,37.05602907608981],[129.43063587415367,37.05594552006724]]],[[[129.42905536976113,37.0560026756366],[129.42908892505335,37.05604983254528],[129.42902652381227,37.05607309874384],[129.42900763872018,37.05605757832609],[129.42905536976113,37.0560026756366]]],[[[129.42957392008032,37.0560675947077],[129.42955326874176,37.056071895516325],[129.4295415505402,37.055975451325054],[129.42957392008032,37.0560675947077]]],[[[129.42951376717468,37.05611453309638],[129.4294995737336,37.05613160559758],[129.4294437920176,37.05606653401291],[129.42951376717468,37.05611453309638]]],[[[129.42987891980744,37.05601343542416],[129.4298851077913,37.05611187220389],[129.4298202251115,37.05613758925836],[129.42981579503046,37.05610751850114],[129.42987891980744,37.05601343542416]]],[[[129.42935640343458,37.05618233081366],[129.42934435008536,37.05620819934986],[129.42929057322115,37.05617965873989],[129.42935640343458,37.05618233081366]]],[[[129.43027245823586,37.056179983169216],[129.43020345240666,37.05625103228761],[129.43019994066947,37.056108002855645],[129.4301215912504,37.05612056767913],[129.43015410945833,37.05597307265428],[129.43027245823586,37.056179983169216]]],[[[129.4297469475158,37.05623947687924],[129.42970973475428,37.05628350312407],[129.42964649796184,37.056214386272856],[129.4297469475158,37.05623947687924]]],[[[129.4299916413538,37.05633133651497],[129.4300037790394,37.05624604428733],[129.43004086172175,37.05626830567242],[129.4299916413538,37.05633133651497]]],[[[129.42999514347102,37.056365301531564],[129.430014819311,37.056417968332035],[129.4300090814185,37.05643930068789],[129.42997883399116,37.05642939023301],[129.42999514347102,37.056365301531564]]],[[[129.4300661550347,37.056410196482716],[129.4301270456638,37.05633845394052],[129.4301744846508,37.05643870145269],[129.4300661550347,37.056410196482716]]],[[[129.43071039768148,37.05641888624637],[129.430581314108,37.05641673095594],[129.4306302184676,37.05629244142802],[129.4307488431008,37.05631308212698],[129.4306703990539,37.05635927699916],[129.43071039768148,37.05641888624637]]],[[[129.43002856966322,37.056656817043454],[129.4299345780616,37.056695963999026],[129.4300021941988,37.05663102498447],[129.43002856966322,37.056656817043454]]],[[[129.4302744124227,37.05678045859276],[129.43025474986746,37.05673050181356],[129.4302844596907,37.05672407239213],[129.4302744124227,37.05678045859276]]],[[[129.4306858782891,37.0568486136472],[129.4306652610532,37.05678908723238],[129.43073473370632,37.0567209261039],[129.43078189567154,37.056772047484756],[129.4306858782891,37.0568486136472]]],[[[129.43026809545373,37.05685584461829],[129.43025882575725,37.0568672517507],[129.43022770176674,37.056828659361955],[129.43026809545373,37.05685584461829]]],[[[129.4300073603821,37.05689954967149],[129.42992058124875,37.0568813876846],[129.43007016596323,37.05671971095557],[129.4300073603821,37.05689954967149]]],[[[129.43020737391586,37.05703044093759],[129.43018168339867,37.057030533724244],[129.43018247427338,37.05701066356418],[129.43020737391586,37.05703044093759]]],[[[129.43043320008263,37.05703485863406],[129.43041124973146,37.05705859819599],[129.43039456480687,37.05701693804462],[129.43043320008263,37.05703485863406]]],[[[129.43063022067602,37.05704624498959],[129.43061868675545,37.05707879639071],[129.43059924699247,37.057068391090716],[129.43063022067602,37.05704624498959]]],[[[129.43020133020255,37.05708794446239],[129.43018058749013,37.05710107503483],[129.4301695252436,37.057092645937864],[129.43020133020255,37.05708794446239]]],[[[129.43066754110433,37.0571476114816],[129.4306649624437,37.057170016343406],[129.4306258011098,37.0570989993155],[129.43066754110433,37.0571476114816]]],[[[129.43032137650596,37.05717582412447],[129.43028864410223,37.05712573310344],[129.4303726128316,37.057070523041396],[129.43040210584977,37.057105455649854],[129.43032137650596,37.05717582412447]]],[[[129.43016776368137,37.05723948081619],[129.43014751367681,37.0572884342658],[129.4301127766154,37.057246701968964],[129.43016776368137,37.05723948081619]]],[[[129.43008459996025,37.05730579237871],[129.42999654585418,37.057248957795956],[129.43004172166093,37.05723243821002],[129.43008459996025,37.05730579237871]]],[[[129.431092483926,37.05755995039357],[129.43108616359598,37.05752538508759],[129.43112421000424,37.05753283660425],[129.431092483926,37.05755995039357]]],[[[129.43112624628617,37.05759652214083],[129.43119581608235,37.057565182382184],[129.4312129040227,37.05761788119005],[129.43112624628617,37.05759652214083]]],[[[129.43034631217654,37.057725758499956],[129.43027929776005,37.057784246373984],[129.43028068578352,37.0577114353668],[129.43034631217654,37.057725758499956]]],[[[129.4306869247883,37.057828866185176],[129.43069100574877,37.057854594744015],[129.43059478335536,37.05783776049664],[129.4306869247883,37.057828866185176]]],[[[129.43040884793695,37.05779913053843],[129.43049556104197,37.05787507601122],[129.4303611131442,37.05796047740904],[129.43040884793695,37.05779913053843]]],[[[129.43019276820584,37.05805769385106],[129.43019522286932,37.0579855225279],[129.43028817278736,37.05799809407458],[129.43019276820584,37.05805769385106]]],[[[129.43078221744221,37.058052276480595],[129.43077601786285,37.05807180568712],[129.43071003545944,37.058040257678215],[129.43078221744221,37.058052276480595]]],[[[129.43024102626305,37.05822358534514],[129.4302514581391,37.058254172161206],[129.43020083616565,37.05822993659062],[129.43024102626305,37.05822358534514]]],[[[129.43019967427063,37.05863057564978],[129.43017743777958,37.05867055841881],[129.43015802564733,37.05863751483252],[129.43019967427063,37.05863057564978]]],[[[129.4304587958027,37.0586262324003],[129.43040880182096,37.058712384246796],[129.43035418738936,37.05861866548394],[129.4304587958027,37.0586262324003]]],[[[129.4299336336976,37.05875309218459],[129.42988641493508,37.05879789330372],[129.42986035738085,37.058773492158814],[129.4299336336976,37.05875309218459]]],[[[129.42999664751483,37.05876014132276],[129.43005015862818,37.05879825943255],[129.42999552615933,37.058880279369085],[129.42995828321608,37.058847350197],[129.42999664751483,37.05876014132276]]],[[[129.42979241579798,37.05890959886773],[129.42980305336798,37.058876977413476],[129.42988386351706,37.058917166850314],[129.42979241579798,37.05890959886773]]],[[[129.42975207385572,37.05890513421864],[129.4297353198188,37.05894619756814],[129.42969431376147,37.058917961293254],[129.42975207385572,37.05890513421864]]],[[[129.42965806524137,37.05905474280022],[129.42958432400278,37.058932374574205],[129.42963659001794,37.05892121511731],[129.42965806524137,37.05905474280022]]],[[[129.42995365302863,37.059119099528516],[129.42985350428717,37.05910727850051],[129.42994232448623,37.05905498927831],[129.42995365302863,37.059119099528516]]],[[[129.4295777359237,37.05920453250282],[129.42947424602914,37.059198885299416],[129.42946494246766,37.05916874963201],[129.42950009205575,37.05914035390612],[129.4295777359237,37.05920453250282]]],[[[129.4295105936857,37.05927425123922],[129.42949827657833,37.059292653260165],[129.42946972953885,37.05926001145993],[129.4295105936857,37.05927425123922]]],[[[129.42895693439183,37.059409348592574],[129.4288585157819,37.05939169515869],[129.4288612822435,37.05929035385328],[129.4289733256203,37.059326318943846],[129.42895693439183,37.059409348592574]]],[[[129.4292547024858,37.05959660161448],[129.4292286746727,37.05962097421137],[129.4292006941687,37.0595657673775],[129.4292547024858,37.05959660161448]]],[[[129.4288928871967,37.05963346218283],[129.42873376154353,37.0595213140289],[129.42892537328024,37.05952643249132],[129.42908387314452,37.0593994397234],[129.42911679438805,37.05954946603806],[129.4288928871967,37.05963346218283]]],[[[129.42844489599707,37.059875991211435],[129.42831617976216,37.05984460042575],[129.42836642802627,37.05976908146108],[129.42844489599707,37.059875991211435]]],[[[129.4287979222969,37.05993929862537],[129.42868285813753,37.059827596403665],[129.42869797217432,37.05982339661244],[129.4287979222969,37.05993929862537]]],[[[129.42812628817802,37.06040385974701],[129.4280935629392,37.06036400491074],[129.42812853335056,37.06032644634877],[129.42812628817802,37.06040385974701]]],[[[129.42841809475416,37.06040848185058],[129.428339341818,37.06045566625789],[129.4283107371696,37.06037543956311],[129.42841809475416,37.06040848185058]]],[[[129.42808138601504,37.06049582860815],[129.42804582237792,37.06049578495014],[129.42805129750604,37.06047488057172],[129.42808138601504,37.06049582860815]]],[[[129.4281968672117,37.06051374059638],[129.4281246852864,37.06054578174845],[129.42812286835579,37.060502663699474],[129.4281968672117,37.06051374059638]]],[[[129.42771027286412,37.06055062921828],[129.4276478212985,37.06037730914026],[129.42801694510408,37.060354397274956],[129.4280330239579,37.06047866838769],[129.42771027286412,37.06055062921828]]],[[[129.4280557148623,37.0605849620566],[129.42803693480053,37.060591043787504],[129.4280042930329,37.06052943126297],[129.4280557148623,37.0605849620566]]],[[[129.42752905352052,37.06060088477731],[129.42751336139918,37.060629310657184],[129.42748831838864,37.0605918462897],[129.42752905352052,37.06060088477731]]],[[[129.42759824964224,37.06064664074868],[129.4275860496085,37.06061152820945],[129.42764619118017,37.06060488325571],[129.42759824964224,37.06064664074868]]],[[[129.4279152703432,37.060629776581024],[129.42791413338406,37.06066514286964],[129.42785652282814,37.06061969714968],[129.4279152703432,37.060629776581024]]],[[[129.4279464729161,37.0614340967085],[129.427921722839,37.06136121949374],[129.42798492137322,37.06137832960521],[129.4279464729161,37.0614340967085]]],[[[129.42792092748337,37.06152603650521],[129.42790763764975,37.06149604394353],[129.42795088482885,37.06149234042033],[129.42792092748337,37.06152603650521]]],[[[129.42781714936032,37.061623575275455],[129.42802936162246,37.061680000677704],[129.4280645183993,37.06191388051592],[129.4278930326053,37.061907867520105],[129.4277618877631,37.061679577799715],[129.42781714936032,37.061623575275455]]],[[[129.42830219145105,37.06199528084804],[129.42827133745203,37.06205290739957],[129.42819657259162,37.06200377242579],[129.42830219145105,37.06199528084804]]],[[[129.42830171725242,37.06210838545816],[129.4282892566363,37.06213660566606],[129.4282349563748,37.06209887366657],[129.42830171725242,37.06210838545816]]],[[[129.42788675718728,37.06217390315474],[129.42778119703254,37.062174995601],[129.42776137900083,37.062147773376495],[129.42786316324322,37.062111075482015],[129.42788675718728,37.06217390315474]]],[[[129.428664579084,37.06220257189399],[129.4286165712835,37.062161566981814],[129.42866103985222,37.062134314187894],[129.428664579084,37.06220257189399]]],[[[129.42791659307431,37.06248530498382],[129.42791778948688,37.06255411364222],[129.42789731084352,37.062560244602274],[129.4278233351081,37.06248875803295],[129.42791659307431,37.06248530498382]]],[[[129.4281781455752,37.062328095759504],[129.428179659663,37.06242743323807],[129.42806427161565,37.062606468409285],[129.4280710876097,37.062368652484146],[129.4281781455752,37.062328095759504]]],[[[129.42769374823024,37.062623746788525],[129.42778036147163,37.06266923569873],[129.42763373767679,37.06261470265621],[129.42769374823024,37.062623746788525]]],[[[129.42866433261446,37.06280302506689],[129.42865202114314,37.062811509085954],[129.42861836377753,37.06279298875741],[129.42866433261446,37.06280302506689]]],[[[129.42767318857923,37.06299364251763],[129.42766715794272,37.063113109541504],[129.4276507118035,37.06312975788429],[129.4276057018076,37.06307540526432],[129.42767318857923,37.06299364251763]]],[[[129.42843379650787,37.06324214012582],[129.42837280386357,37.06323546201667],[129.4283509048344,37.06316556059279],[129.42840675725128,37.063180479904666],[129.42843379650787,37.06324214012582]]],[[[129.4276361225736,37.063507689790576],[129.4276446995586,37.06342963632981],[129.4276864795255,37.06345998594122],[129.4276361225736,37.063507689790576]]],[[[129.42776601589014,37.06352203216778],[129.42779630921171,37.06345834736265],[129.42784559276194,37.063485623195355],[129.42776601589014,37.06352203216778]]],[[[129.427354093768,37.06394778767152],[129.4273278427526,37.063955022708186],[129.42730887925023,37.063897675249045],[129.427354093768,37.06394778767152]]],[[[129.4271995928543,37.06411990670712],[129.42718310849892,37.06415554493874],[129.4271595793663,37.06413234772481],[129.4271995928543,37.06411990670712]]],[[[129.42751012613076,37.06419256701253],[129.4274045679753,37.064170520244076],[129.42743333695068,37.06413963580772],[129.42751012613076,37.06419256701253]]],[[[129.42641555488783,37.06438258587778],[129.42641074617237,37.06441345575824],[129.42633294885496,37.06437907168975],[129.42641555488783,37.06438258587778]]],[[[129.4276304748815,37.06424273962571],[129.42761693399672,37.064426203304855],[129.42740413947013,37.06431262857916],[129.42747258089975,37.064240851169295],[129.4276304748815,37.06424273962571]]],[[[129.42640216207369,37.06502923838727],[129.4263569794727,37.06506664239361],[129.42631901861202,37.06503834111003],[129.42640216207369,37.06502923838727]]],[[[129.42666004373382,37.06512379780649],[129.42655296909922,37.065041762377454],[129.4265821953294,37.06502630264377],[129.42666004373382,37.06512379780649]]],[[[129.42636199863256,37.06515519485743],[129.42632588514348,37.06511713952103],[129.42633021272772,37.065115442385526],[129.42636199863256,37.06515519485743]]],[[[129.42528447777406,37.0657826761413],[129.425245387921,37.06582795994922],[129.42519556970225,37.065760387732084],[129.42528447777406,37.0657826761413]]],[[[129.4254305205887,37.06580359782702],[129.4254243021702,37.06585786467713],[129.42535291197777,37.06581946523962],[129.4254305205887,37.06580359782702]]],[[[129.42566256952932,37.06581049644088],[129.42564284242957,37.06586195523553],[129.4255832953014,37.06580577128357],[129.42566256952932,37.06581049644088]]],[[[129.42523187237109,37.066089794864816],[129.4250519828087,37.066002198629825],[129.4248738149143,37.066025543111],[129.42477552732464,37.06579908812351],[129.42481287959006,37.06561968788499],[129.42509967866644,37.065683608714714],[129.42523187237109,37.066089794864816]]],[[[129.42415617644605,37.066125589218395],[129.42421176439407,37.0661977729966],[129.42416774816155,37.06631167159231],[129.42412845466612,37.06620756818863],[129.42415617644605,37.066125589218395]]],[[[129.42358124880892,37.06640750057188],[129.42355968733133,37.06625875490028],[129.42366921442408,37.06633855499974],[129.42358124880892,37.06640750057188]]],[[[129.42296434816373,37.066785776507956],[129.42292387065677,37.066639988178835],[129.42310085411657,37.06669137307065],[129.42296434816373,37.066785776507956]]],[[[129.42232560587453,37.0667806292979],[129.42227247690695,37.06684888296653],[129.42222419345987,37.06672949000911],[129.42232560587453,37.0667806292979]]],[[[129.42425774982996,37.066824650861534],[129.42418018563848,37.06681842611784],[129.42416339848037,37.06671806741077],[129.42421932853915,37.06672436924777],[129.42425774982996,37.066824650861534]]],[[[129.4218140707106,37.06731622875613],[129.4217992853634,37.06734894467304],[129.42174690280916,37.06729488688459],[129.4218140707106,37.06731622875613]]],[[[129.4216922498082,37.06749308185394],[129.4216738121873,37.067570755748974],[129.4216449688662,37.067493258656654],[129.4216922498082,37.06749308185394]]],[[[129.42173395512236,37.06763513918605],[129.42171616158438,37.06767696724585],[129.42168735512567,37.06765075853722],[129.42173395512236,37.06763513918605]]],[[[129.4221126763041,37.067754760781156],[129.42215690319514,37.067850620070296],[129.42207675477562,37.06787523482721],[129.42204041840486,37.0678113877055],[129.4221126763041,37.067754760781156]]],[[[129.42142972375672,37.068337708809324],[129.4213397263334,37.068350373803504],[129.42133578097489,37.06830803731581],[129.42142972375672,37.068337708809324]]],[[[129.4205911853811,37.068521785114356],[129.42052309769377,37.068504139240964],[129.4205277256241,37.0684850848583],[129.4205911853811,37.068521785114356]]],[[[129.42085177280208,37.068876856258925],[129.42083295676784,37.06888433536018],[129.4208109408164,37.06883113358291],[129.42085177280208,37.068876856258925]]],[[[129.42085769332323,37.069064548297646],[129.4208570062688,37.069090502237714],[129.42083443152507,37.06908408030373],[129.42085769332323,37.069064548297646]]],[[[129.42035904798084,37.06907533533447],[129.42031882897976,37.06914296807114],[129.4202903970983,37.06906467626438],[129.42035904798084,37.06907533533447]]],[[[129.4207023895465,37.069201986691404],[129.42060287628843,37.06919372043638],[129.4205205289368,37.06904651036873],[129.42035306516115,37.06901485183271],[129.42029939059776,37.06891862572752],[129.42025653426728,37.06895201417369],[129.420303657683,37.068879641501375],[129.42042742104016,37.06892264765488],[129.42040587432135,37.06898712721323],[129.42078179997253,37.06903172237538],[129.42068826759638,37.06907202821238],[129.4207023895465,37.069201986691404]]],[[[129.4209435248999,37.06921515542998],[129.42088434976398,37.06918367565214],[129.4208921463245,37.06916659422963],[129.4209435248999,37.06921515542998]]],[[[129.4201599916664,37.069223157894044],[129.42013480731873,37.06926056920006],[129.4200899515526,37.06920741177725],[129.4201599916664,37.069223157894044]]],[[[129.4203081905737,37.06927312030166],[129.42030537518266,37.06932778874619],[129.4202329892586,37.06931148405047],[129.4203081905737,37.06927312030166]]],[[[129.41954135750035,37.06933678335801],[129.4196133945035,37.06930097596458],[129.41963330024535,37.06935754331075],[129.41954135750035,37.06933678335801]]],[[[129.41991626214025,37.06938820704598],[129.41976257368833,37.0694143147182],[129.419695401634,37.069355254469286],[129.4198007358457,37.06929635212396],[129.41991626214025,37.06938820704598]]],[[[129.42108282658796,37.069431577437285],[129.42105433465485,37.06933306539889],[129.4211469727929,37.06937463907466],[129.42108282658796,37.069431577437285]]],[[[129.42004229349166,37.06947696975279],[129.4200624640935,37.06942694674759],[129.4200949506007,37.06945970092447],[129.42004229349166,37.06947696975279]]],[[[129.4199609502918,37.069543327798684],[129.42003889934975,37.069517838856555],[129.42002530208245,37.06952858072634],[129.4199609502918,37.069543327798684]]],[[[129.41867443371754,37.06957628915377],[129.41865344694463,37.069523975209655],[129.41873996346396,37.06951548386762],[129.41867443371754,37.06957628915377]]],[[[129.4179952002297,37.06987416690764],[129.41804233168463,37.069924207700325],[129.4180438925219,37.06994223264753],[129.4179953817516,37.0699379430718],[129.4179952002297,37.06987416690764]]],[[[129.41815769453368,37.06984657433028],[129.41821439032307,37.0699430184233],[129.4181580228317,37.07001064039881],[129.41811144643438,37.06991571259235],[129.41815769453368,37.06984657433028]]],[[[129.4184813154814,37.0699812049124],[129.4183767399798,37.0698252679424],[129.41862977410184,37.06984332494349],[129.41860324598505,37.06995050603291],[129.4184813154814,37.0699812049124]]],[[[129.41861196867737,37.07001862701684],[129.41871992037338,37.06992056444691],[129.41876799351724,37.070005006477246],[129.41861196867737,37.07001862701684]]],[[[129.4176166404858,37.070342576486766],[129.41754367469545,37.07036123257817],[129.4175248001156,37.070312957218434],[129.4176166404858,37.070342576486766]]],[[[129.4173255465779,37.072089934686915],[129.4170438719942,37.072020125257076],[129.41719617193579,37.07184331578317],[129.41742237766803,37.071991341977146],[129.4173255465779,37.072089934686915]]],[[[129.41731820638995,37.072201642445584],[129.41727702410975,37.07222458382095],[129.41723756861225,37.07217013208646],[129.41731820638995,37.072201642445584]]],[[[129.37818521572922,37.105985885669256],[129.37794268098966,37.10590032640339],[129.3778549459449,37.10573358540267],[129.3782705509358,37.10583197777955],[129.37818521572922,37.105985885669256]]],[[[129.37730289559136,37.10602652415599],[129.37723706039438,37.10599444607267],[129.37724214036564,37.105990359368],[129.37730289559136,37.10602652415599]]],[[[129.37843785751886,37.10611627684692],[129.378350261019,37.106079470865055],[129.37842683058375,37.10605213346673],[129.37843785751886,37.10611627684692]]],[[[129.37681246744907,37.10608382106749],[129.37688937177646,37.10614223658039],[129.37679030357606,37.10621959323061],[129.37676185098826,37.10619832615127],[129.37681246744907,37.10608382106749]]],[[[129.37579803430117,37.108312570179464],[129.37576551737706,37.10833357839059],[129.3757475072906,37.108309755593865],[129.37579803430117,37.108312570179464]]],[[[129.37666298684712,37.1136806385185],[129.3766682557436,37.11370168861135],[129.3765966316994,37.113699609549975],[129.37666298684712,37.1136806385185]]],[[[129.37764310854462,37.11554221909465],[129.3775879244036,37.115531762267],[129.37761755614937,37.11549463366971],[129.37764310854462,37.11554221909465]]],[[[129.37771738891604,37.115637043491596],[129.37768172251108,37.115659864160364],[129.3776465209174,37.11561780691947],[129.37771738891604,37.115637043491596]]],[[[129.37794133930475,37.115623805481235],[129.37791848317914,37.115665777601436],[129.37787655234513,37.11565059363878],[129.37794133930475,37.115623805481235]]],[[[129.37793777547398,37.11595021637559],[129.37796984094112,37.11606079170418],[129.37780137439012,37.116032007630395],[129.37780510061498,37.115993962718385],[129.37793777547398,37.11595021637559]]],[[[129.37845344327843,37.11630961693342],[129.378240399283,37.11626070301909],[129.37818563293823,37.11620541678108],[129.3783613175726,37.116221724681026],[129.37845344327843,37.11630961693342]]],[[[129.3795061410893,37.11801829129198],[129.37956153976089,37.11809837130641],[129.37939416494257,37.11806169316036],[129.3795061410893,37.11801829129198]]],[[[129.37824961019473,37.119441512931196],[129.37821208811388,37.11945370539651],[129.37820657026003,37.11940767913632],[129.37824961019473,37.119441512931196]]],[[[129.38004937025488,37.119248970607735],[129.3798746187045,37.11953305466487],[129.37972586860036,37.11924886448305],[129.37964803943535,37.1193665845127],[129.37969539023024,37.11945978960036],[129.37956702723082,37.119384094368336],[129.37952446584057,37.11892106909728],[129.3796033020439,37.11877813485419],[129.3796882089998,37.11888814287884],[129.37978483958602,37.118886264187346],[129.37974679776204,37.118838876465155],[129.38000841994037,37.11897395108667],[129.38004937025488,37.119248970607735]]],[[[129.3769592314803,37.11952037293086],[129.37698572727678,37.119590255905756],[129.3768957673535,37.119551561369384],[129.3769592314803,37.11952037293086]]],[[[129.3763675635219,37.119822345324955],[129.37626238304205,37.11980501486604],[129.37636144386502,37.11979055809782],[129.3763675635219,37.119822345324955]]],[[[129.37369173058022,37.123976115894365],[129.37365787434837,37.12402695226834],[129.3735829527652,37.124001634248884],[129.37369173058022,37.123976115894365]]],[[[129.37357664569961,37.124057763679346],[129.37349081322128,37.12407450564114],[129.37348534480367,37.124033263341026],[129.37357664569961,37.124057763679346]]],[[[129.37370742534344,37.124188284259986],[129.3737138862436,37.12420006744886],[129.37359612145363,37.12420823292571],[129.37370742534344,37.124188284259986]]],[[[129.37370968505297,37.12429553923363],[129.3737153843457,37.12432637335525],[129.3736413882446,37.12431075667318],[129.37370968505297,37.12429553923363]]],[[[129.37342104613282,37.1243333194673],[129.3732465699722,37.124323795528184],[129.3731889477382,37.124287637072776],[129.3733657232558,37.12428190823766],[129.37342104613282,37.1243333194673]]],[[[129.37336975659088,37.12435401634182],[129.37347840275433,37.12439526706973],[129.37349344190017,37.12446513271749],[129.37335006039805,37.12443122682331],[129.37336975659088,37.12435401634182]]],[[[129.37294471454356,37.12469184477424],[129.37293367969292,37.124713958418255],[129.37289815565663,37.124698211849825],[129.37294471454356,37.12469184477424]]],[[[129.37311289995978,37.12473576814436],[129.37300485983295,37.1247287061333],[129.37299658556879,37.12469719073714],[129.37311289995978,37.12473576814436]]],[[[129.37288651726365,37.12521644400495],[129.37289553183757,37.12524182613159],[129.37281894335297,37.12522773975077],[129.37288651726365,37.12521644400495]]],[[[129.37313069529228,37.12526036868302],[129.37308001077437,37.12525070667113],[129.37316135405965,37.12520179313091],[129.37313069529228,37.12526036868302]]],[[[129.3727240199002,37.125972131471336],[129.37267073066278,37.12598239565393],[129.37269746965518,37.12595113272079],[129.3727240199002,37.125972131471336]]],[[[129.37279663016471,37.12601590262961],[129.37273174251993,37.12597742620073],[129.37279236291286,37.12595177915486],[129.37279663016471,37.12601590262961]]],[[[129.37199900286447,37.12822867618765],[129.37196505923936,37.12823734202296],[129.3719590025864,37.128218259108706],[129.37199900286447,37.12822867618765]]],[[[129.37227121428495,37.12863366324153],[129.372106077057,37.12862840202128],[129.37204294860965,37.12845015940216],[129.37220718072646,37.128454701363054],[129.37227121428495,37.12863366324153]]],[[[129.37149139330538,37.129131866365746],[129.37144387044808,37.12912489638771],[129.37148933730947,37.1291021399872],[129.37149139330538,37.129131866365746]]],[[[129.37175916685553,37.129948736432034],[129.3716785935981,37.13006414408338],[129.37156988412707,37.130064394593404],[129.3715928196557,37.129990796123934],[129.37175916685553,37.129948736432034]]],[[[129.37135073687355,37.1300792279055],[129.37114607058976,37.130063739843294],[129.37113221291435,37.13003765265185],[129.37122701669807,37.12997833606135],[129.37135073687355,37.1300792279055]]],[[[129.37122877817444,37.13031053782812],[129.37117968379664,37.13030679215338],[129.37119986624032,37.13027637574457],[129.37122877817444,37.13031053782812]]],[[[129.373024357205,37.13078652960132],[129.3729236185204,37.130805768165494],[129.37293782962746,37.130766347309375],[129.373024357205,37.13078652960132]]],[[[129.37311239690032,37.1308395048418],[129.37299031646205,37.13084412386721],[129.37301160934922,37.13082603549491],[129.37311239690032,37.1308395048418]]],[[[129.3731040309478,37.130923419301034],[129.37297737986393,37.13093688372755],[129.37300023878308,37.130894011235654],[129.3731040309478,37.130923419301034]]],[[[129.37409496568463,37.131835104938304],[129.37404473743243,37.13186762291052],[129.3740369033617,37.131782865926],[129.37409496568463,37.131835104938304]]],[[[129.37357663789024,37.13190007152521],[129.3735808705675,37.13191504715132],[129.37353592468259,37.131923001430025],[129.37357663789024,37.13190007152521]]],[[[129.37399559370397,37.13218586807435],[129.37388776936368,37.13216562671841],[129.3739451876207,37.132154419697905],[129.37399559370397,37.13218586807435]]],[[[129.3738541822934,37.13226132423007],[129.3739243742872,37.13230092829367],[129.3738742579799,37.132326819036365],[129.3738214051621,37.13224368691833],[129.3739613879295,37.132270990638894],[129.37392211371974,37.132279700786604],[129.3738541822934,37.13226132423007]]],[[[129.37491102466402,37.134457712547764],[129.37475164369567,37.13452113256068],[129.37491514882512,37.13426591307454],[129.37491102466402,37.134457712547764]]],[[[129.36663564445,37.1419637936207],[129.36664898675014,37.14204646881942],[129.36647683477997,37.14203456714709],[129.36649582685234,37.142005314023486],[129.36663564445,37.1419637936207]]],[[[129.36637773144605,37.1426207854477],[129.36633273373036,37.14259709807489],[129.36636856018794,37.14255605230969],[129.36637773144605,37.1426207854477]]],[[[129.366121311422,37.142679855991474],[129.36607530906488,37.142685472680505],[129.36607303368055,37.14263026300869],[129.366121311422,37.142679855991474]]],[[[129.3664048753636,37.14268669738363],[129.36638380453712,37.14269225766371],[129.36638827831163,37.14265591926588],[129.3664048753636,37.14268669738363]]],[[[129.3660464597542,37.143967763051464],[129.36596678524617,37.14394624668495],[129.36599607034256,37.14393077451028],[129.3660464597542,37.143967763051464]]],[[[129.36599718222405,37.14500333394267],[129.36586864934017,37.144923541626],[129.3660957427526,37.144856375679986],[129.36611604865143,37.14495022899143],[129.3659835941495,37.144939931260204],[129.36599718222405,37.14500333394267]]],[[[129.3650178844803,37.14539029293902],[129.36490110312366,37.145418242318144],[129.3649150705826,37.145357080833215],[129.3650178844803,37.14539029293902]]],[[[129.36505582200357,37.145463944989395],[129.36498653703921,37.14545357113363],[129.3649954376309,37.14543190912733],[129.36505582200357,37.145463944989395]]],[[[129.33995603684838,37.145331350493066],[129.33974641250748,37.14660372801534],[129.33950572789226,37.14682968241831],[129.3390128716135,37.14605601215064],[129.33897580863882,37.14520274659302],[129.3386527264736,37.14453046679234],[129.33861939138322,37.14394290584596],[129.33834563689317,37.1434570007046],[129.3373446684337,37.14289334343401],[129.33643506198047,37.14197636004144],[129.33633041811675,37.14209370443258],[129.33583852583186,37.14216663606645],[129.3345760929891,37.14265486546368],[129.33407917456384,37.14260354483104],[129.33375184456955,37.14213333099455],[129.33324106286395,37.140707347652494],[129.33251480465083,37.140522884920834],[129.3319061876172,37.140632616964844],[129.33097890283403,37.14048185320428],[129.33056894977162,37.140496949454025],[129.32961807190145,37.14101555516404],[129.3291212715799,37.141031109507644],[129.32871986184628,37.14152372551033],[129.32789276177758,37.14194791084163],[129.32707940736017,37.14215775042243],[129.32482956005381,37.14228621068669],[129.3240614587839,37.141773650257576],[129.32367542046492,37.14111980342389],[129.32359462444947,37.140720903598],[129.32298712928676,37.139946544704316],[129.3229925093964,37.1396418163687],[129.3228104219491,37.13918391416295],[129.32295072179,37.138197919833466],[129.32156136899923,37.13758724860432],[129.32161594859423,37.136765783669674],[129.32063341251165,37.13576847733728],[129.32036118686187,37.1358780337909],[129.31946320253812,37.13578398093017],[129.3191560067092,37.13545157570094],[129.31941462433343,37.135067527919745],[129.3194014084757,37.1344431889337],[129.31888487189414,37.133832342826324],[129.31896878127486,37.13361309933049],[129.31839888096457,37.13323668837026],[129.31814697196089,37.13295232369648],[129.31707602433355,37.13289752196671],[129.3166137508873,37.13270535015433],[129.31640660447064,37.13234738760036],[129.31558500957573,37.132298485845396],[129.3149631142668,37.13200306836613],[129.31498138326927,37.13152421316362],[129.31445334139698,37.131339605037844],[129.313133399108,37.131567019660835],[129.31180089098567,37.132212841775946],[129.31104452611467,37.131669966962235],[129.3110197998065,37.13132338411374],[129.31119960802405,37.13065330121114],[129.3111639518157,37.13021513486852],[129.31087919861113,37.12994055393784],[129.31098320331998,37.12958232025634],[129.31076615541608,37.129285673406955],[129.31026653638523,37.12884752147362],[129.3088852500174,37.12793996890844],[129.30846213562663,37.127978647844685],[129.30617840580342,37.127683132371715],[129.30523079260678,37.12796779701746],[129.30456625785692,37.12799989508873],[129.30386541542828,37.12824057500044],[129.3022898133493,37.127536223379025],[129.30112862604014,37.12658401847468],[129.30095359476203,37.12568165607648],[129.3005538106886,37.12494108845017],[129.2997818051051,37.12440162164863],[129.29931303603476,37.12411430387081],[129.29881096509868,37.12436745807513],[129.29800363766984,37.1245369374514],[129.29777567372327,37.12443201047191],[129.29782587069622,37.12398823721994],[129.29762802404437,37.12350795985977],[129.29759440115598,37.122484243907685],[129.29702638495974,37.12182019208173],[129.29651245399492,37.12160371219417],[129.29601025956833,37.12090994736757],[129.29523028926448,37.120297950604964],[129.29526748500214,37.11983001632238],[129.2951838240091,37.11930530986783],[129.29527956556612,37.118907113080596],[129.29508025683808,37.1180981889192],[129.2947641411195,37.11757189739743],[129.2951243061707,37.11702012308969],[129.29479165581796,37.11629204563858],[129.2949075887927,37.11587676636172],[129.29459133170784,37.11436510738728],[129.2934385362701,37.11436865969751],[129.2932159302003,37.114747967234294],[129.29254976069518,37.114319135735734],[129.29126832238092,37.11487484266057],[129.29044986291052,37.11512505796485],[129.28954881731465,37.1151274588501],[129.28911337891623,37.11529028986658],[129.28864979870303,37.115253320897786],[129.28791624394862,37.11561455092837],[129.28753553194792,37.11560966141696],[129.2867329743056,37.116255446577114],[129.2862566714463,37.11643007201855],[129.28538516976732,37.11724843080792],[129.28460888630556,37.1169947342802],[129.2838919335034,37.11694359309727],[129.2830921690734,37.11643540300667],[129.28199651430927,37.116098325797175],[129.28117478427183,37.11636101691149],[129.28111715636385,37.11670648095844],[129.28039376178864,37.11675885100068],[129.27951445503118,37.117107004765984],[129.27848704377627,37.11705722167925],[129.2782415227285,37.117580140728734],[129.27747508948073,37.11799354042145],[129.27673854122747,37.11855350827944],[129.27628620308047,37.11798463843387],[129.27505393374886,37.11756001753716],[129.27451581540996,37.11726529763522],[129.27348676524824,37.117064698064496],[129.2727544232214,37.11709547357759],[129.27201885870903,37.11700813140935],[129.27123799203147,37.116380556633295],[129.27131322462287,37.11591378282164],[129.2709795832478,37.11536661861587],[129.2710710073301,37.114453201633616],[129.2708298984204,37.113967875435605],[129.26977760405015,37.112979385766444],[129.26992610365016,37.11244854598014],[129.27036682337416,37.111815061361206],[129.27053138233347,37.111171595044986],[129.26976007062666,37.11051600699315],[129.26919199856664,37.11021210647354],[129.269427906849,37.109211406493436],[129.26923666525295,37.10882180259818],[129.269355000109,37.10866739970059],[129.26914087566382,37.108510647718326],[129.2692296516163,37.1083400822013],[129.26942881033736,37.108348449694255],[129.26995029083642,37.10763760571446],[129.2702428653982,37.10692279108163],[129.26954861411767,37.1065183189644],[129.2688616436806,37.10627713951173],[129.26853769899122,37.10570070996963],[129.26798355587516,37.1052318070151],[129.26718195734847,37.10436134399753],[129.26696624612651,37.10393148406134],[129.2668952020303,37.103185690966285],[129.26635299684517,37.10276539343995],[129.2659924293684,37.102324011607365],[129.2656579971768,37.1021495155485],[129.26444332132525,37.102132344168695],[129.26328911036748,37.101998300179176],[129.26242583837393,37.10150300445758],[129.2612751036003,37.10129704012995],[129.2602297160202,37.10095563584808],[129.25907491266176,37.10104517630684],[129.25853592782912,37.100785287252435],[129.2583132822726,37.100483168010356],[129.25695144781278,37.10014935519894],[129.2565099769,37.09971696058013],[129.25525999288377,37.09935292794847],[129.25515629498884,37.09868487888985],[129.25520686700716,37.09799892230419],[129.25394468783153,37.097596777149064],[129.25316355150864,37.096789366976054],[129.25178769076092,37.09712382589559],[129.25137383087906,37.096899285893144],[129.2504250930407,37.09670343116464],[129.24902988392103,37.096151363830465],[129.24881439709213,37.09564634114127],[129.24807834123024,37.09495652509215],[129.2477016898309,37.094867819004314],[129.24679180101342,37.09369717739105],[129.24624191917164,37.093167257102344],[129.2461671200816,37.09261339476551],[129.24525919607345,37.09149044145688],[129.24493650376073,37.09088481968206],[129.24449726523335,37.0904506780267],[129.2443843239431,37.090216381173164],[129.2438393779789,37.08983221624248],[129.24360600267528,37.08933496128192],[129.24370319746834,37.08900238706339],[129.2434045258498,37.08816124172398],[129.24195292378118,37.08759902033506],[129.24160667897925,37.08685114484102],[129.24111925853546,37.08623303080104],[129.24083044734178,37.085462735396455],[129.240459150675,37.0850351224159],[129.2398579580479,37.08494452382842],[129.23882240742955,37.08461241689382],[129.23817982566817,37.084352531289426],[129.23725242367658,37.08381250102628],[129.2367279653682,37.082868203378546],[129.23617893430963,37.08228286793796],[129.23577655257284,37.081545302980665],[129.23592370083534,37.081064264754765],[129.23534842070003,37.08084083296612],[129.23418332051625,37.08065871366906],[129.233940399816,37.08037911764133],[129.2332356891541,37.080097322312],[129.23288383977268,37.07976841349895],[129.23243582382966,37.07858218397516],[129.23213972913163,37.07806641896481],[129.23131651312784,37.07704795996087],[129.23099264374378,37.07690047025926],[129.230859089042,37.07662278239518],[129.23049844750358,37.07659088041498],[129.2301475702744,37.07644939952532],[129.22909735099378,37.07585190098663],[129.2285088256089,37.075354312037646],[129.22711670907728,37.07503211237674],[129.2253774275052,37.07372010931033],[129.2258849016881,37.073259969042525],[129.22587225307478,37.07273017570894],[129.22649412804685,37.07216328745742],[129.22763578467908,37.07209465886324],[129.22854216260944,37.071614784834004],[129.22994463662948,37.06983658766575],[129.23086140800615,37.06890212476587],[129.2304704131406,37.067218942917684],[129.23092599230912,37.06695016862299],[129.23163293640175,37.065915612709496],[129.23189959862626,37.0657719166773],[129.23261616832366,37.06450536801804],[129.23292574249024,37.06426805182791],[129.2330747068996,37.06388193448367],[129.23222517809225,37.062182243119196],[129.23197892134436,37.06124398046696],[129.2316293207603,37.06067110345931],[129.2316651455196,37.060405065885824],[129.23080077239467,37.05884472882429],[129.2293757884779,37.058208454193725],[129.2287989593786,37.0582644071027],[129.22852054527888,37.05723470616889],[129.22884678241005,37.056106641745636],[129.22950084245224,37.055001290110745],[129.22953903137943,37.05473829102319],[129.230694547521,37.054678332320584],[129.23137947761685,37.054502566128825],[129.23177083157424,37.05425522976532],[129.23205986725395,37.05442787154549],[129.2317138128241,37.05398344519217],[129.23112985603413,37.05221943210111],[129.23201038101786,37.0509661367764],[129.23281770491607,37.05024301978761],[129.23292771963938,37.04969708190594],[129.23282782550308,37.04919126147867],[129.23306470211313,37.04876488510286],[129.232717521814,37.046805481894424],[129.23311941243475,37.046348346197725],[129.23311609761066,37.04544124027939],[129.23251634721927,37.04467476613072],[129.2326667897855,37.04421927200945],[129.23325681906175,37.044090874713525],[129.2336930551034,37.04359136066091],[129.23433912150762,37.043458292113804],[129.23447337032573,37.04308261027407],[129.23470533278999,37.042892842666205],[129.23537066203178,37.042952111982274],[129.23558949740786,37.04243622730785],[129.23680913310625,37.041552301816886],[129.23749918631285,37.04135954189033],[129.2382089671866,37.040787962526],[129.23820744962273,37.040360595915],[129.23869630939495,37.040050725707],[129.23890598522127,37.039369641587676],[129.23801216040476,37.03866529273629],[129.2378588657607,37.03868483152005],[129.23721751151842,37.039796788558526],[129.23644814477683,37.04035715934929],[129.23553655293748,37.04036097575063],[129.23454229021291,37.04014829946687],[129.23359180338883,37.04040180783524],[129.23260170142228,37.04118993359502],[129.2319529171215,37.0412790909383],[129.23172473320486,37.04170445428475],[129.23086113948298,37.04181640852053],[129.23033973436662,37.04247859258152],[129.22835283240056,37.0429273287767],[129.22768441420294,37.04314684600223],[129.2264167131752,37.04373782112708],[129.22595413294692,37.044275576680405],[129.2253138559993,37.04455997566522],[129.2241864923488,37.04439795198562],[129.22344254156198,37.04390847007989],[129.2232909066056,37.0439202020473],[129.22276645300846,37.04426353294784],[129.2213115798682,37.04413678590511],[129.2211421935775,37.04443508542209],[129.22073572106444,37.04424116489365],[129.21959426187118,37.043945372322646],[129.2193287403439,37.04369635321466],[129.21824369476474,37.04361982947189],[129.21741772904744,37.043755298370684],[129.21664864502915,37.044024904426095],[129.21612220723605,37.04404110470458],[129.2151128796252,37.04392452677132],[129.2146522782768,37.04372361464953],[129.21380199082859,37.04303481683313],[129.21340919790092,37.04298720698955],[129.21185383116338,37.0432765811894],[129.2114520425451,37.04322765256879],[129.2111570321715,37.0434687320425],[129.21054782935585,37.04371688581406],[129.20932233538622,37.043674266657774],[129.20849506109008,37.043909543038296],[129.20806178059775,37.043945289015156],[129.20749816393524,37.0444138118343],[129.20678104773967,37.04448557099271],[129.2050458181566,37.044972475080016],[129.20366655321715,37.0447860238544],[129.20296332651222,37.04456587697007],[129.2021490046978,37.044432010595685],[129.20113068980106,37.043772697918236],[129.20052577082396,37.043267834073994],[129.20003215330817,37.04313646612768],[129.1996140911013,37.04268052013898],[129.1988910138258,37.04258547048517],[129.19855682942085,37.04246738579256],[129.19726589020902,37.04267020078074],[129.19593843698976,37.04249087982103],[129.19560426913523,37.042136979462285],[129.19541658578248,37.04158521612929],[129.19475193744154,37.04062977467411],[129.194018071593,37.04073387490323],[129.193371585594,37.04094166840253],[129.19304303675466,37.040763462679884],[129.1925918497957,37.04063796353411],[129.1922181065955,37.04074325330478],[129.191416561804,37.04057561699727],[129.1906091035672,37.04065068443359],[129.18997670048927,37.040921523016664],[129.1885686703266,37.041108261656156],[129.18756935931572,37.04134768909486],[129.18693367531856,37.04186131667284],[129.18649947725774,37.041742364943346],[129.1854092126947,37.04171906650081],[129.18536241730578,37.0412256554532],[129.18512750985732,37.04091991283655],[129.18489564439793,37.04006001291793],[129.184360399118,37.03979158973428],[129.18386762490582,37.038809689084964],[129.183721498539,37.03826638518525],[129.18391914627543,37.037930349080355],[129.18209164757323,37.03624367570322],[129.18152301861485,37.03591510530294],[129.18018315004474,37.03582136691201],[129.1794710551462,37.03615208112761],[129.17892412845427,37.035882251431715],[129.17832440546013,37.03495771322331],[129.1778864323073,37.034584214442496],[129.17796550355337,37.03431045068546],[129.17787006943013,37.03403266387057],[129.17807144197917,37.03337078042652],[129.177879144734,37.03277528721161],[129.17805782714933,37.032109825470606],[129.17780377599433,37.03167776236563],[129.1776136712495,37.030956060137605],[129.17760357765897,37.03058158439632],[129.17681957889624,37.02972081994598],[129.17653857385386,37.02925358086841],[129.1764143646343,37.02874182774034],[129.1761779841367,37.02847035363827],[129.17575846021637,37.02853016206565],[129.1742169166059,37.027248727535934],[129.17371466556278,37.02736097834196],[129.17281062671162,37.02690571796972],[129.172849673145,37.026617274618225],[129.17252370202277,37.02623326117863],[129.17236508871483,37.025698658158475],[129.17205115883837,37.02557593393017],[129.17136706872796,37.02503729283931],[129.17093027302462,37.02448980017384],[129.17062133286288,37.02440363014954],[129.16981939979433,37.023704884132385],[129.16923400402206,37.023786465396206],[129.168729146584,37.02348500703654],[129.16840571326554,37.02309651506865],[129.1677412965653,37.022604787518304],[129.1667223261571,37.0220598006551],[129.1659526003801,37.022149757861875],[129.1653133055071,37.02243494338018],[129.1650594074841,37.02274748969712],[129.16442521345718,37.02258208513754],[129.16308461925846,37.02161773320894],[129.16248442254397,37.02151846995915],[129.1618079404059,37.021229225348186],[129.16165843210695,37.02033509898495],[129.1605272932424,37.020131738521044],[129.15990765685967,37.01977855585909],[129.1594761750597,37.019723847285896],[129.15913213540088,37.02002611211741],[129.15906780508092,37.02029950872835],[129.15831881734158,37.02049836811235],[129.15799876127056,37.02082822143602],[129.15783444421325,37.02115841431474],[129.15729106152693,37.021341739346774],[129.1566487990659,37.02141428232437],[129.1562614610217,37.021851766959074],[129.15607492322334,37.022479502737745],[129.15532813018433,37.02291147741766],[129.15501684630038,37.02346244032669],[129.15442387142275,37.023131659245706],[129.15297206709056,37.02378418255917],[129.15207805024767,37.02364743196179],[129.15172657412128,37.023817549661246],[129.15078330297217,37.02374938523417],[129.15049801324733,37.023526327917985],[129.14951268357234,37.02402916317474],[129.14873861990745,37.02453683123025],[129.14729608779868,37.0249925105917],[129.14735377905546,37.02599774083601],[129.14724862299624,37.0263660013203],[129.14685814656426,37.0265941082249],[129.14624382238438,37.02753331225634],[129.14599254813427,37.0281618354131],[129.14537476529972,37.028343423887],[129.14469107057275,37.02897569485723],[129.1440531895776,37.029361740129275],[129.1436224405956,37.029508212659266],[129.1425921325525,37.03023159798467],[129.14219295135953,37.03031765520623],[129.14189739037437,37.03060858192813],[129.1411012507781,37.03091154803308],[129.1406348593495,37.03149593917229],[129.14032705519534,37.03174856234789],[129.1402418088126,37.0321942672148],[129.13996090891348,37.03233380001627],[129.13975626534503,37.03271818413771],[129.13946167100315,37.032833852022506],[129.13852076483363,37.032655655007886],[129.1376348048441,37.03283821782685],[129.136158352426,37.03293930175823],[129.13540023230988,37.032770386061564],[129.13427978955602,37.03339875381782],[129.13385692016126,37.03425675793954],[129.13273133203765,37.03418182435113],[129.13244488089035,37.03432856532551],[129.13167317778655,37.03405331088224],[129.13115953357857,37.03373874181243],[129.1300570184582,37.033388660484896],[129.12975449460944,37.03319918826752],[129.12908781729308,37.03236885276456],[129.12873643807774,37.03222517509702],[129.12865917837559,37.031898767407526],[129.128205806092,37.031321645367846],[129.12752352676677,37.03101782179647],[129.12725869455647,37.03028628243952],[129.12694121543,37.03003198899464],[129.12638296297453,37.029798838664114],[129.1258287522694,37.03008814302027],[129.1253750464542,37.029977934296895],[129.12439326012998,37.0294410318779],[129.12382412569283,37.029456315378376],[129.12279558470487,37.028953489924554],[129.12221734380694,37.02886470273612],[129.12167438597163,37.028890210459345],[129.12146005698116,37.028484328957816],[129.1200646933134,37.02855237639378],[129.11797665740585,37.0293038938607],[129.11770418711185,37.0289190892863],[129.11658320992436,37.028278362542466],[129.11627780883333,37.0280005631794],[129.11613029336988,37.027795381972034],[129.11560900630485,37.02628823004123],[129.11509318738467,37.026089484766295],[129.11461107878762,37.025511641809885],[129.11425764896566,37.025701070958085],[129.11277358701062,37.02590837114987],[129.11244917082647,37.02566087976105],[129.11090957640894,37.025381223241276],[129.11037375081662,37.02475582881045],[129.1098388569924,37.02465190416532],[129.10918939853167,37.02474422965441],[129.1088759420013,37.02490456424389],[129.10807372364096,37.02507521037936],[129.10629208351182,37.024996448988574],[129.1063066091688,37.024000611245626],[129.10672477137155,37.02354668492722],[129.106123875944,37.023116480990616],[129.10600761001336,37.02279973182958],[129.10553467828487,37.02252478812712],[129.10526118551968,37.022154311429325],[129.10489449528035,37.021841578252975],[129.1046622836866,37.02138084734819],[129.10481742397704,37.020923800370305],[129.1037629321595,37.020174710938825],[129.10325596909053,37.01909400698379],[129.1021434056571,37.01879346867051],[129.1011117234219,37.01835065650077],[129.1006537305694,37.01798087533938],[129.10002540986832,37.017796082577725],[129.09878522311507,37.01707779163686],[129.09813246580813,37.016874923365464],[129.0980904511083,37.0167168997649],[129.09761600554435,37.01629326375684],[129.09732670892228,37.01619170704514],[129.09657418716,37.0164723881655],[129.09603662367547,37.016455022892224],[129.09458847167252,37.015684686496364],[129.09388069914377,37.014853471632485],[129.09328601901626,37.01483361617601],[129.092808668004,37.01465586985139],[129.0926013973862,37.01442530497317],[129.0922361352169,37.01424673133915],[129.09146590089728,37.013665065616365],[129.09083751636578,37.012973297368724],[129.09056255930204,37.012353386486645],[129.089814247644,37.01140629350169],[129.088463471504,37.010467413666916],[129.08470415571813,37.00876264677304],[129.0860736774532,37.008066342017365],[129.08734274378935,37.00713811343695],[129.08873561642756,37.008095876654345],[129.08975939944992,37.00861117327796],[129.09039971695333,37.00922189612558],[129.0908156812628,37.00849301955219],[129.0911609498828,37.0088175974145],[129.09087226043954,37.00845547890949],[129.09196688343303,37.00815208828193],[129.09288410220483,37.007618107614405],[129.09394896593466,37.00738128589625],[129.0946505265873,37.00686855605445],[129.093852088381,37.00612719390773],[129.09330772827394,37.00519982752558],[129.0931553854683,37.004213740671766],[129.09241003114633,37.0033443024437],[129.09206401952196,37.00256122131823],[129.09133666744856,37.00168321667959],[129.09055809526134,37.001015173796596],[129.09004906672448,37.0000539260829],[129.08944599985855,36.99918781974378],[129.08962363726363,36.99778713260482],[129.09039671490305,36.997840200522646],[129.09051299135376,36.997506205679926],[129.0907775150472,36.99749184390514],[129.09084128591908,36.99737388428568],[129.0913281941171,36.997228377448685],[129.09186333110327,36.99678751560788],[129.09233364235692,36.996223647353425],[129.09258000324965,36.995035431088674],[129.09187263407722,36.993514598571615],[129.09184459896622,36.991702523999116],[129.09254273087356,36.99100932544903],[129.0926178510679,36.99083034275243],[129.09257252188524,36.988860138465384],[129.09250691418572,36.98876832062852],[129.0917107514611,36.98844383853835],[129.09191331892345,36.98817351145554],[129.09125446640067,36.987484467485395],[129.09083802990617,36.987785398476035],[129.09035511699867,36.986723149215386],[129.0902384921039,36.98605195997824],[129.09024847072936,36.9854149028654],[129.0903650117546,36.98494081838808],[129.09076957621795,36.98398144184141],[129.09191150546167,36.981853074344436],[129.09193564540203,36.9814824819119],[129.09232490882445,36.98151819412089],[129.09175005975092,36.980212177983425],[129.0918996709658,36.979663571823636],[129.09217257568423,36.97947352856746],[129.0917582006773,36.97918906648634],[129.091537080365,36.9788412716347],[129.09257819708074,36.978936510779],[129.09287782253136,36.97886824919979],[129.0938358459503,36.97846991766325],[129.09427385478477,36.978187640168706],[129.0947451129516,36.97756458301509],[129.09511869473755,36.97757695733328],[129.09507165389604,36.97558218651657],[129.0949393195642,36.97464979013641],[129.09460792779225,36.9738676511124],[129.09343080532744,36.97244836033647],[129.0931123359778,36.97260946088249],[129.0916768715683,36.97001098414978],[129.09160734280425,36.96947218416656],[129.09201555654468,36.96858006419305],[129.09162693840375,36.96755395905023],[129.09156099719783,36.96755637907746],[129.09153390378114,36.96732066593803],[129.09208289577958,36.96737853675223],[129.09207615310723,36.96694245092963],[129.09193021670586,36.96686604646745],[129.09200353403662,36.96624715295541],[129.09190202384613,36.96610210062994],[129.09226842313785,36.96606335888197],[129.09202302614403,36.963902253889025],[129.09153661337223,36.96277921702027],[129.0909523748161,36.961912447006625],[129.09059757143987,36.9615614685453],[129.08949276587097,36.961191145614976],[129.08805295881683,36.96117945334126],[129.08718185517768,36.96178890676968],[129.0848321210813,36.96277483478004],[129.08407684408976,36.96337384822931],[129.08429209689086,36.96365522616612],[129.0837675639421,36.96386879358306],[129.0829442401007,36.963931397214346],[129.08242981146208,36.96386024544969],[129.08168671623267,36.96343409049791],[129.081199783629,36.9629774532586],[129.08055963275507,36.96173567368538],[129.08106774608243,36.961718502353044],[129.0807870726793,36.96117922183487],[129.08029081716134,36.96118737198046],[129.07992857289383,36.960869602834634],[129.07956368224623,36.961178807551356],[129.07939749275653,36.96117621266171],[129.07936618224855,36.961050730010285],[129.0795364162448,36.96076384482808],[129.07942403549225,36.96060889936351],[129.0785218838919,36.95970042010983],[129.07788649318692,36.95933470965286],[129.0770684952193,36.95855818158847],[129.0766563168539,36.95757365063958],[129.07681375312518,36.95567666640042],[129.077211998252,36.95516962133097],[129.07764629778939,36.954967031189724],[129.0782443418057,36.95484569398499],[129.07915273193828,36.954814879199105],[129.08030134464258,36.95467247231428],[129.0802305088289,36.95478426369079],[129.08097940016356,36.9548611496063],[129.08221354600485,36.95466413311566],[129.08288115088362,36.95414340217535],[129.082985613399,36.95396514394704],[129.08284054242984,36.953609204651066],[129.08518833378514,36.95210389313147],[129.08601285538631,36.95127012402627],[129.08642950245965,36.95040444968173],[129.08611449571853,36.94956571400708],[129.0862338110376,36.94931140917954],[129.08474698093156,36.947861634898],[129.08462358915875,36.94761273231724],[129.08358511484963,36.946651888012894],[129.0834704425146,36.94618259475825],[129.08397031021715,36.94591336981155],[129.08503859350685,36.94577090292142],[129.08502583928575,36.94590305673935],[129.08725407924942,36.946541799071355],[129.08871177352867,36.9466119823872],[129.08955521607308,36.94599535680662],[129.08942693094994,36.945883483741135],[129.08980527458698,36.94559214834415],[129.0905330496812,36.94461130233708],[129.09155200329224,36.94444452626278],[129.09148787500754,36.94453550321828],[129.09201808794515,36.94487781401888],[129.0928834706588,36.94520528059024],[129.09313733340366,36.94525345905345],[129.0940386702003,36.94515029430089],[129.09621997531704,36.946006237283385],[129.09652830104287,36.94606336577495],[129.09710105832622,36.945762288592995],[129.09807293713718,36.94478720283635],[129.09858216489155,36.94443714865383],[129.09852618223692,36.94437175926959],[129.09861519802072,36.94431388912822],[129.10048155356054,36.94373107723288],[129.10113954051988,36.94362474638669],[129.10179258071614,36.94364618772793],[129.1017590126375,36.943906677269325],[129.1025414113069,36.94447481538787],[129.10271986981851,36.94475159878016],[129.1030294083836,36.94492353534739],[129.10345895463405,36.94498914936906],[129.10403894717786,36.944918714566484],[129.10498241408575,36.94437446448899],[129.1072632724909,36.94345460199905],[129.10725676916076,36.943272597049585],[129.1073590074436,36.94314043946176],[129.10773451497968,36.943137625087886],[129.10801326466972,36.94279574591869],[129.1080451017478,36.942582898476374],[129.10786279606356,36.942036422125234],[129.10748931666282,36.94176825203874],[129.1072609502563,36.94177612428171],[129.10692100688553,36.94147759693134],[129.10618027925963,36.94045421113315],[129.10428145964957,36.9386453880215],[129.10413097737614,36.938460002675015],[129.10407142863616,36.93816196343557],[129.10412539393963,36.93794849878621],[129.1047712516714,36.937469591710034],[129.1059383498943,36.93686153543999],[129.10725339952134,36.936314965650965],[129.1072532445462,36.9362029205278],[129.10791382761917,36.93592540653953],[129.10816311531084,36.93594393894552],[129.10887465649543,36.93528708547661],[129.10996283262307,36.93464141297913],[129.11088337823054,36.93379977020504],[129.11137648641744,36.93357597806423],[129.11176879433128,36.93349912244653],[129.11343294862206,36.933783511000165],[129.11546566206022,36.934890704364825],[129.11706866306733,36.93525953866233],[129.1184771591589,36.93547434381477],[129.11907619067424,36.935272183131],[129.12028021660774,36.93447361024741],[129.12041677579282,36.93452063252768],[129.120640171107,36.93447763590089],[129.12083746568368,36.93380266435674],[129.12180008265057,36.933090028762635],[129.12216803643742,36.933023409817245],[129.12265208445245,36.93362668338801],[129.12309350281936,36.93360741696579],[129.12378308842952,36.93279042327617],[129.1243375697136,36.93161550465179],[129.12441198086623,36.930740838902985],[129.1247727336014,36.930207253400624],[129.12545287040288,36.929793004254655],[129.12553667515135,36.929895298046354],[129.1283874140694,36.9291404396756],[129.12945337441255,36.92912634052836],[129.12947023066482,36.928997224984194],[129.13070096869603,36.92892978293248],[129.13069212278026,36.929042185740975],[129.13088170263234,36.92907361549028],[129.13128658210047,36.929114237757716],[129.13168609887546,36.92904885590826],[129.13261514046062,36.92874454121717],[129.13254290037915,36.928655709318434],[129.13496222023485,36.9274131489791],[129.13503826201904,36.92751673986328],[129.13598566829285,36.92710118449053],[129.13672858193416,36.926946906221765],[129.136957010599,36.92676728397501],[129.13724117107415,36.92599801877282],[129.137316321189,36.92341351031996],[129.1371993995973,36.92337537808757],[129.13726234187118,36.92286957513166],[129.13744127937167,36.92258082084427],[129.13822479431698,36.92168188480525],[129.13862652820922,36.92147808476081],[129.14090031679802,36.92081472702614],[129.14168063757475,36.92037109238051],[129.14215701697282,36.91911276197898],[129.14303632624654,36.91868302769257],[129.14346388343964,36.918168419854915],[129.14389603482869,36.91698619531879],[129.14422197886685,36.915656081996744],[129.14427265030034,36.91490487913841],[129.14476180047302,36.914232863550325],[129.14527418265334,36.91383714174701],[129.14610713209515,36.91335405086228],[129.1459471441039,36.91365451276615],[129.14597992594898,36.9139212947617],[129.14640888064255,36.91379500435927],[129.1472184813257,36.913398652796275],[129.1473251389119,36.91327551629629],[129.14718834392363,36.91228107582738],[129.1467234049441,36.91196152576365],[129.1465317588202,36.9116824436215],[129.14632207862346,36.91154530001841],[129.1460551939039,36.911618942193286],[129.1459061974944,36.911398331684055],[129.14561198130573,36.91130483175645],[129.14526283078698,36.9108091300402],[129.14473376239297,36.910290933326266],[129.14456071130397,36.90964154554318],[129.14472498397413,36.90919552973017],[129.14516126110402,36.90872335862508],[129.14588720691154,36.9086095050978],[129.14687420074355,36.90828836914396],[129.1473122202434,36.90791779536699],[129.14751810388893,36.90740405694103],[129.14753020465895,36.907137663892804],[129.14707299818156,36.906368573233586],[129.14745648362816,36.90593791926684],[129.1475562049113,36.905566029748876],[129.14790657724393,36.905253452936776],[129.1480955497781,36.90479230039358],[129.14801052318964,36.90437229971947],[129.14647669632635,36.90231742530636],[129.14526567141039,36.90107920088718],[129.1451288762748,36.90111701268466],[129.14492951390986,36.900872013221914],[129.14469567775657,36.900432001572945],[129.14449930226587,36.89978712310143],[129.1440163889878,36.90003502621214],[129.14361761668957,36.89990742373699],[129.1437955568254,36.89974441052558],[129.1444420356855,36.89962312501638],[129.14425207572788,36.899329818572156],[129.1444842421542,36.899345430326825],[129.14446924070705,36.898811497566165],[129.144582868164,36.89848693693769],[129.1449767532883,36.89819030245354],[129.14646739632906,36.89740039736385],[129.14818265364198,36.8966629782269],[129.14924952303403,36.8959113087589],[129.1493398157424,36.89527058797665],[129.14911371271253,36.89365121809364],[129.1491593219335,36.8929745568188],[129.14895438925538,36.89262763480536],[129.1486771665175,36.89176266906758],[129.14829638393957,36.8911657150112],[129.14789391951356,36.890766729225284],[129.14777933000377,36.89082577285752],[129.14756104335078,36.89036727987408],[129.14762004608005,36.889875628903056],[129.1477980530907,36.88959085747252],[129.1481775240692,36.889250473283774],[129.14864285397297,36.88898995162349],[129.14945977993233,36.88874523120452],[129.15057318777926,36.88866758774643],[129.15057898891533,36.888814107036296],[129.1511777888554,36.88878399104057],[129.15151008237837,36.888724850888856],[129.1514849350962,36.888594843011205],[129.15218505946032,36.88845687962562],[129.1522036769082,36.8885443999881],[129.1525635393933,36.88848255880459],[129.15354701021732,36.888169874987554],[129.15441760955463,36.88852990863251],[129.1550404505197,36.88848098406606],[129.15560859274717,36.88761761606553],[129.15593387782647,36.886050659102324],[129.15593042683034,36.88507754572861],[129.15639209599044,36.88410023770467],[129.1562201010259,36.88361397351516],[129.15603131715807,36.88347985527031],[129.155773328954,36.88276806585877],[129.15566890365037,36.88277196565383],[129.15533056888583,36.882297709349885],[129.15515582363312,36.88176939021789],[129.15521007087128,36.88162809701427],[129.15531454373556,36.88165110422028],[129.15542029868087,36.881416390718584],[129.15543560043898,36.881077657465234],[129.15506627091875,36.880335684347905],[129.15501095266478,36.87960042461018],[129.15547756482448,36.87775545837853],[129.15588185814303,36.87768956877594],[129.15640448111247,36.877290776503436],[129.15662154404757,36.8769759965757],[129.15759172911868,36.8764123932266],[129.15805796560983,36.87561943359684],[129.15911138459748,36.8747118331815],[129.1596168568268,36.8746644236724],[129.15980163814532,36.87452737289449],[129.1606719818948,36.87459701646142],[129.16127568367097,36.874520510242895],[129.16294394419,36.874161794820694],[129.16430214021943,36.87462231812381],[129.16482594743047,36.875052030279264],[129.1650731150735,36.87503589004122],[129.16580476890917,36.87536357546579],[129.16579660064883,36.87607176147314],[129.16604809741122,36.876977497755675],[129.16610275147372,36.87834335885356],[129.16597500767392,36.878609005299765],[129.1652218445138,36.87913561612134],[129.16607827111287,36.879756597655295],[129.16633071714202,36.8800607145009],[129.1671670211552,36.88030842940702],[129.16783076518738,36.88036911084494],[129.16819160465698,36.880838879509895],[129.16887087423677,36.88140959308237],[129.16901328664713,36.88136303323326],[129.17103004916376,36.88148727959603],[129.17165436373773,36.88134114508909],[129.17266807469323,36.88096973441339],[129.1733359295037,36.88104055382404],[129.17411631061418,36.88131065569175],[129.17512381538492,36.88027706999057],[129.17520326649583,36.88000518886843],[129.17577958063742,36.879467816031685],[129.1768377650184,36.879233090911214],[129.17744776153364,36.879487561256646],[129.17823762242767,36.87947945856459],[129.17904635291808,36.87993710277281],[129.17929466542765,36.87992093644638],[129.17966887399135,36.879325448514415],[129.18002705290473,36.87913409633713],[129.18067848963508,36.87896535252572],[129.18180018169284,36.87846090909041],[129.1822745556618,36.878400542878474],[129.18258557704786,36.878468565783756],[129.18312147809178,36.87893643986783],[129.18365058632716,36.87920686930138],[129.18484572416926,36.879386414133094],[129.18588605270463,36.879154980565225],[129.18765543766162,36.87910869426057],[129.18909915598252,36.87930336968709],[129.18976999107076,36.87963816985113],[129.19028741651118,36.87979615323395],[129.1910636414759,36.87977392866041],[129.1911313925926,36.87961035526238],[129.19168739296722,36.87928220072435],[129.19213772712394,36.87929316023808],[129.19268647378811,36.878606635545026],[129.19300733349553,36.87841113972135],[129.19380331361512,36.87711317086232],[129.1948139075819,36.87599176022514],[129.19481729151872,36.875743126698175],[129.1953033094,36.87544206950555],[129.19583853815132,36.87478476665757],[129.19588760459325,36.87451224242896],[129.19541592530402,36.87341373062951],[129.19533119872165,36.87269028959695],[129.19513463057424,36.87230110388823],[129.1950908874475,36.87170920325067],[129.1953946091331,36.870946829987844],[129.1955546333247,36.869790640356115],[129.1967513083643,36.868771056873534],[129.1969164937782,36.86838474751943],[129.19762545390913,36.868011920371245],[129.19928364728054,36.86731739621736],[129.1993587556024,36.86694473285269],[129.20095647238972,36.86513222146113],[129.20073303304164,36.86477159835603],[129.2008512225921,36.86352616620782],[129.20077425128318,36.86318791091791],[129.2008915969126,36.862213764925485],[129.20131965901683,36.861512869687225],[129.20202645529727,36.86075957826798],[129.2021633376191,36.86011032450149],[129.20278104397875,36.85968346200104],[129.20368695873017,36.858679396049006],[129.2051468099299,36.85806736889847],[129.20520979657704,36.857362833929066],[129.20540992455548,36.8571832826518],[129.205458413855,36.85683594672217],[129.20542603378163,36.85638897680239],[129.2053193204852,36.85614632300415],[129.20560232042348,36.85580372999369],[129.20640068433448,36.85600929611282],[129.20666787944825,36.85617175301559],[129.20748869351573,36.85696738173961],[129.2083773998326,36.85676515558873],[129.20867365562674,36.859249726793124],[129.2091932948971,36.859386579845285],[129.20974518761153,36.859876137400015],[129.2099501714166,36.86049128730316],[129.21049441374063,36.86114880613096],[129.21069412571174,36.8630027200292],[129.21133659584504,36.86367179430423],[129.21268549228142,36.86338890233507],[129.21276773670948,36.8623793388661],[129.21363499028513,36.86182741505751],[129.2148661459694,36.86153331270062],[129.21522788058425,36.860087554383945],[129.21570895960878,36.858979754537245],[129.2159002667891,36.859231407301586],[129.21579845284887,36.85864198478597],[129.2161249315716,36.85846312408295],[129.21610970760094,36.85864646222346],[129.2169725173734,36.85883627970991],[129.21737041215434,36.858719588165364],[129.21763688867273,36.85880750312162],[129.21773526620893,36.858360314909554],[129.21884616189493,36.85888807720964],[129.2199679675569,36.85967438350982],[129.2199537359845,36.85974246111001],[129.2207120477689,36.86039366624669],[129.22128716585414,36.86103101462271],[129.22254749885724,36.861623463866],[129.22352076643506,36.861684229816305],[129.2253318728221,36.861164271196024],[129.22672402320157,36.861521359368446],[129.22863156759777,36.86180890731827],[129.2303904887948,36.862473800034614],[129.23236631424948,36.86300805189189],[129.23261531554598,36.86320837646539],[129.23215392979893,36.86225552334223],[129.23155735275776,36.86151240427952],[129.22981119683456,36.860661679535106],[129.2286305513287,36.86018165894987],[129.22851640603875,36.85963819299633],[129.2283507581205,36.85946985461012],[129.2280130731244,36.85933629153153],[129.22783186987195,36.85889640581611],[129.2278406277802,36.85864653644175],[129.2281011211208,36.858224232556225],[129.22706220654018,36.85724006876851],[129.22635288653143,36.856058716566814],[129.2278867386161,36.85522298876585],[129.22795024245414,36.85454200297369],[129.22889954517788,36.85452903212845],[129.22905802334523,36.85430750029273],[129.2297558747512,36.854321415948085],[129.23017665491412,36.854573804426956],[129.23118600439759,36.8546647516576],[129.23166866190223,36.854062755381555],[129.23165948192246,36.85373067187214],[129.23207300722822,36.85378393786242],[129.23241868624353,36.85350367400715],[129.2331016260117,36.85350305581956],[129.23382694944385,36.85306189600653],[129.23474730539033,36.85310893776441],[129.23564641056947,36.85383910806062],[129.23621376239126,36.854750126747966],[129.236218105056,36.85503627190064],[129.23668568843067,36.8551419384374],[129.2373525820378,36.85475176754724],[129.237201806109,36.853844385620405],[129.23746602214268,36.85345601689436],[129.23850176268974,36.85274000274908],[129.2388746606018,36.85238496278576],[129.24030396529554,36.8518953555206],[129.24207946997004,36.852758098649026],[129.2423315578143,36.85222901834961],[129.24337595032034,36.852282173221035],[129.2439135997381,36.85204366045477],[129.24487343135948,36.85184102752367],[129.2454773474082,36.852331642082056],[129.2458532061338,36.85225462425813],[129.24635993512558,36.85234619714123],[129.2469640677024,36.85223423963718],[129.24841514720072,36.853218802010794],[129.24869653980272,36.85384353458434],[129.24919723200702,36.854369993431206],[129.2500377461887,36.85485580504658],[129.25016565141928,36.855734175804216],[129.2499975021019,36.85608316017659],[129.25030013502467,36.856408858806574],[129.25041090057618,36.85641470483741],[129.25103104870385,36.857260669564106],[129.25177022114516,36.85753537555814],[129.25253259857965,36.858640906536486],[129.25351515203667,36.858542404343474],[129.2540021046107,36.8586632176114],[129.25452418800316,36.85911409460535],[129.25515967049193,36.86007097846189],[129.25517973528446,36.860968886348296],[129.25554402304152,36.86189194911358],[129.25544172798706,36.86290810360751],[129.25596000318234,36.86387273822104],[129.25517431674592,36.86460328006105],[129.25586313118902,36.865806490530254],[129.25577132813558,36.866030917055376],[129.25583420660308,36.86724517034695],[129.2562106606642,36.86744253161512],[129.2562128674523,36.868286118553385],[129.25647262577817,36.86899104291056],[129.25608519968566,36.86945286368721],[129.25633034558936,36.869700002900764],[129.25620258129968,36.87039011915848],[129.25577420147192,36.87073756352527],[129.25591683855262,36.87092436992467],[129.25573425888277,36.871414238539515],[129.25600303640394,36.87213693991829],[129.25663062601143,36.87235688146082],[129.25711517191746,36.87352142763205],[129.2586684386932,36.87405963618673],[129.2591821822233,36.87437755563009],[129.25953294479987,36.87484378680997],[129.26033223017382,36.875283138885244],[129.26057653634473,36.875265818491776],[129.2623818189209,36.87608720832033],[129.26277261722663,36.87641414801202],[129.26273218649766,36.87671739485656],[129.26230399544323,36.877166864511295],[129.26199633274024,36.87734378225855],[129.26228258649778,36.877536019930155],[129.26309685513812,36.87729992501109],[129.263472297434,36.876752589135734],[129.26342775730794,36.87583700081291],[129.26149519884189,36.87423389831636],[129.2608632279189,36.873517273218454],[129.26096342982137,36.87262790493406],[129.2606046136807,36.87132499279884],[129.26099088712672,36.87079159369176],[129.2613025314612,36.870582333546665],[129.26186494022548,36.87035870952021],[129.26336940543123,36.87139063471505],[129.26470862350706,36.87162453482503],[129.2655525255654,36.87160719340996],[129.26649182485545,36.871342568776655],[129.26719562936344,36.87167108279363],[129.26731152587092,36.87257188637914],[129.26760752776195,36.8726411586655],[129.2699242709761,36.87185266682758],[129.27114704795727,36.871348269143915],[129.27172542145593,36.871310550680214],[129.27231570737055,36.87175466347108],[129.27327249212752,36.872992812569535],[129.27373644670084,36.873795979255306],[129.27416708371268,36.87425667615759],[129.27509902020432,36.87478373126398],[129.2758609843253,36.87507944177883],[129.27670229018304,36.875038835580746],[129.27766402143322,36.87471473863031],[129.27845601881592,36.87424377961388],[129.27935847336053,36.87384499710894],[129.27992063060876,36.872787799768055],[129.27998023603737,36.871789545777496],[129.28052022096026,36.87075254684147],[129.28162127772737,36.870104370162466],[129.28262510171479,36.86916287179277],[129.28275854520243,36.868954084302075],[129.28271623737075,36.86774096065451],[129.28284285067454,36.86731400168144],[129.284963462567,36.86512077064211],[129.28551002082474,36.86360040256467],[129.28545445537665,36.863352617307605],[129.2847042457771,36.86282859987522],[129.28168355590017,36.86372399314746],[129.27933666908228,36.86480008634106],[129.27848376848792,36.86445080843574],[129.2782526614243,36.86381567274207],[129.27882134416726,36.86311784040052],[129.28018397652266,36.86234002423586],[129.28049107861565,36.86175520097926],[129.28049188537742,36.86123662221365],[129.28037024782896,36.860999883253044],[129.27950592840259,36.86019714170618],[129.27861469778748,36.85980763058142],[129.2771170693321,36.859502470384],[129.2761105529173,36.85918334110948],[129.27569849055828,36.85894110403654],[129.27546587846263,36.85831543227642],[129.2755334666457,36.857663979688354],[129.27572420504762,36.857266646351],[129.27731667645756,36.856355328778335],[129.27742850545897,36.85547551816803],[129.2762639272178,36.854727956872175],[129.27572938269955,36.85426005674743],[129.27542891187937,36.85318361285689],[129.2757993284244,36.852216552711276],[129.2757404300838,36.851763024412534],[129.27493265757732,36.85081473790619],[129.27581385864846,36.84867190119216],[129.2770926728151,36.84767827454608],[129.277241647055,36.84737918214841],[129.27717746346678,36.84710104100552],[129.2765211266451,36.846225961897666],[129.27565880840015,36.845458552160146],[129.27323217941517,36.84354951332737],[129.27259856090188,36.84265363512618],[129.27248769256252,36.84180673753283],[129.2709821855158,36.84077103238357],[129.2713283732922,36.8399684479334],[129.27380509878952,36.840234087485506],[129.27467783013506,36.83922312985999],[129.2718544559323,36.83835428284164],[129.27259892963187,36.8347398534032],[129.27264024579753,36.83327464945162],[129.27351719658466,36.833032196695164],[129.27351217152435,36.8329441380808],[129.2742570393184,36.83298012945598],[129.27496026659674,36.83259718322379],[129.27594269199156,36.8326630075706],[129.27610213992537,36.832811000148205],[129.27677498228437,36.8328697798067],[129.27706829189748,36.83272532402861],[129.27755636628476,36.83274510405472],[129.27826170529644,36.83221639542258],[129.27928366045202,36.83176994856902],[129.2800157212581,36.83209035644119],[129.28086852914075,36.83189403932273],[129.28151200341242,36.83189552631492],[129.28216140514695,36.83246221912152],[129.28304835702252,36.83292103768571],[129.28418266784308,36.832826734816436],[129.2855879386454,36.833428794438944],[129.28647046151985,36.83319230994956],[129.28728254250407,36.83334490675461],[129.2884729420459,36.83300132176492],[129.28915188372568,36.83237404027726],[129.28941804577968,36.83192040542952],[129.28923371460363,36.83023777904083],[129.2894119359764,36.82951237685819],[129.28975163755152,36.829092207847104],[129.29079821132257,36.828397424479675],[129.29095986114652,36.8280735011807],[129.29170804848275,36.82762164517713],[129.29231251329486,36.82739855502137],[129.29279770157925,36.826896969947875],[129.29316103738367,36.8269131252377],[129.2929591016123,36.826415930880096],[129.2935511668628,36.82601584978897],[129.29363089071617,36.825420691770155],[129.2941048584037,36.82498135354197],[129.29395734451387,36.823910616232936],[129.29285872701033,36.82293317421326],[129.2923044645362,36.82223020216883],[129.2920356942313,36.8217232684263],[129.2916973165104,36.82147640985442],[129.2908821727535,36.821143753917504],[129.29073394791553,36.81939334285767],[129.2903937747141,36.81845040820756],[129.28994350638683,36.81813568248406],[129.29008248513858,36.8171308644083],[129.28969547643186,36.81598866977577],[129.28883128216722,36.814656420472275],[129.28849497091835,36.81439278382417],[129.28826942101452,36.81344963697666],[129.28924618927016,36.812217067875686],[129.28840801211368,36.81060626063361],[129.28826296953108,36.8096843022675],[129.28784829342422,36.80935911727663],[129.28752671367243,36.80862026658935],[129.28797518364465,36.80812321611155],[129.28868993877035,36.80815105320062],[129.28907661506938,36.80796175498803],[129.28967567250052,36.807451937653425],[129.2914142094116,36.806600783936574],[129.292371252573,36.80575136266165],[129.29251933768623,36.80549604989496],[129.29254260788127,36.80456613267317],[129.2924030151611,36.803936084622755],[129.29269689162243,36.80330106958616],[129.2926304632059,36.802996016916715],[129.293067593446,36.802780256866946],[129.29411742300022,36.80110589031829],[129.29393865285678,36.80053121167028],[129.29533525456867,36.8003044340772],[129.29616680903257,36.800063692523715],[129.29699519880722,36.799554331202906],[129.29773950564203,36.798591496907974],[129.297352559106,36.79781168296784],[129.29749699051104,36.797593749500216],[129.2980787130526,36.79726383716225],[129.2985859664812,36.796788994196575],[129.29894305184774,36.79625950740211],[129.2991946460482,36.79491468052874],[129.300154841937,36.79386424516106],[129.30093405790942,36.79347745641716],[129.30261957049177,36.79357840377411],[129.30610757512247,36.79280470691036],[129.30727405378875,36.79173287627872],[129.30779806078266,36.78994654271275],[129.307995208887,36.788753540141265],[129.30848131725725,36.788443189130355],[129.30952677670552,36.788085412689824],[129.30990980748348,36.78781552657811],[129.31038191443875,36.787685837874335],[129.31068953092256,36.786948972084275],[129.31210084213274,36.78613723056961],[129.31238038420653,36.78511003362822],[129.31289828091244,36.784622949030556],[129.31291391718275,36.78406795412917],[129.31319481054382,36.7832786640629],[129.31349758931114,36.78295052477011],[129.31374518958611,36.78226045123077],[129.31387161491222,36.78130465876079],[129.31400225826377,36.781158551398654],[129.3141052406464,36.78080906223072],[129.31357070062606,36.78014418640591],[129.31301356145897,36.77984850559709],[129.31277824083395,36.77904821520232],[129.31156081083424,36.77771828155413],[129.31153389146087,36.77696635256058],[129.3121374444928,36.77620314002784],[129.3121411568029,36.77531381508315],[129.31075881634547,36.773851297334254],[129.30912009485178,36.7738430379126],[129.30761428212216,36.7754574319442],[129.30628372389052,36.776622231526616],[129.30563483556057,36.77686387797208],[129.30505784038914,36.77698345427122],[129.30327782245246,36.776681121259664],[129.30239522053395,36.7756766789094],[129.3007048904487,36.77339745859758],[129.3004889083767,36.77258232593487],[129.29944261998574,36.77179110613498],[129.2986505395748,36.77092208217925],[129.2983840343,36.7700643901643],[129.29838542986977,36.76975466666277],[129.29856348488764,36.769342425536436],[129.29833949484586,36.76890359707337],[129.2974319485213,36.768642553413],[129.2965108365594,36.767921881372494],[129.29663299933188,36.76664329136154],[129.29620086543542,36.76589266284752],[129.29617380366153,36.76523239860787],[129.29683475609897,36.764027565270254],[129.29679752576988,36.763341802175056],[129.2976214899833,36.76294104791923],[129.29729443173738,36.76201957522824],[129.29650754382192,36.761011577147606],[129.2969364170603,36.760667152964594],[129.2969238528908,36.76078123406434],[129.2973390298114,36.760649357771186],[129.29723396773,36.76058995976546],[129.2969500813337,36.76063045978751],[129.29701721892587,36.760400691257665],[129.29676682259472,36.76043212021803],[129.2967082022741,36.7603767811365],[129.2965194490133,36.75901697620953],[129.29671337189924,36.75831751959062],[129.2975238893004,36.75644692604039],[129.29731328244503,36.75605542216896],[129.2964452491767,36.75522452913419],[129.29606353699756,36.75439725159411],[129.2950263869482,36.75350165453191],[129.29392458457417,36.753295417673975],[129.29282943844856,36.752297872359215],[129.2920128465775,36.75261768631233],[129.2905584543112,36.753612961539204],[129.290103006555,36.75323768705468],[129.28872829450535,36.75317905812273],[129.2869487650902,36.75239251997088],[129.28662759212298,36.75207953537241],[129.28582523995698,36.75224572584753],[129.28529782066533,36.75212970615899],[129.28465147312284,36.75181012340516],[129.28399005775682,36.75118550454312],[129.28306534499248,36.75098745093586],[129.2824722133518,36.750759229234575],[129.28211180646133,36.750207071858156],[129.28171689309042,36.750165552578075],[129.28135552303576,36.74989640597708],[129.2809091802798,36.749885923446094],[129.27968688929528,36.749041458962566],[129.27898125909783,36.748809005750026],[129.27821951708893,36.74828662738603],[129.27799862340603,36.747893725036796],[129.27727271483542,36.74761433342185],[129.2771991960277,36.74686023693372],[129.27704866015554,36.74651768953607],[129.27514981305222,36.74604562493053],[129.27455280119648,36.74550592050355],[129.27267265340313,36.74486941216291],[129.27168912524436,36.74472376034679],[129.27280178377237,36.742605601738255],[129.27253546003686,36.741480627594235],[129.2729136898586,36.74080526255198],[129.27237590072633,36.73986608631028],[129.27220989423728,36.738354984786],[129.2718320721363,36.73742213685305],[129.27135126769724,36.73558859240458],[129.27089870155243,36.7348043863385],[129.27121433646678,36.73355135703393],[129.27200415210402,36.73130494719412],[129.27145559792186,36.73026008350637],[129.27136352144663,36.729100193983236],[129.2704097558916,36.72777720439339],[129.27118520457324,36.7263263459741],[129.27192007583074,36.72535807687803],[129.27387780051828,36.724357091267535],[129.274850128357,36.7236766146908],[129.27532896934355,36.72313024870947],[129.2771724097727,36.72358683895609],[129.27883218793968,36.723138013165276],[129.2797242904694,36.723088083864134],[129.28098105174632,36.72339207171456],[129.28318513311928,36.72234928538687],[129.2846131780873,36.72132024868984],[129.28551627776534,36.720228314509654],[129.28682531509799,36.719885731701496],[129.28774886526975,36.71897298857957],[129.28978846093966,36.718803559653054],[129.29164716000514,36.719038106393924],[129.29420876256964,36.719112991722085],[129.2944599888399,36.71910444794897],[129.29509253675755,36.71881099942036],[129.29443735928572,36.71782821124141],[129.29339296384194,36.71756502293874],[129.29234197280454,36.717402467702506],[129.2916806154998,36.71558363589002],[129.29062920154288,36.71503106939467],[129.29016953043367,36.71356002018403],[129.28956634848643,36.71304985487063],[129.28954862308464,36.711972487728445],[129.29005175781776,36.71134111104146],[129.289284746155,36.71057470500012],[129.28907095032488,36.7098168663321],[129.28742587972008,36.7089473617157],[129.28653741079563,36.70861751828498],[129.2862515870802,36.70830866135785],[129.28615812435444,36.70699241639212],[129.2859074675328,36.7058807702895],[129.28619801630703,36.70502936086839],[129.2861595179246,36.704487587551135],[129.28679212005116,36.70390043082591],[129.28636730440923,36.70335159785471],[129.285797267014,36.70290475914651],[129.28552403957752,36.70243626717425],[129.28530068121776,36.7018294533589],[129.28531930548522,36.70118707780245],[129.2851977570767,36.70110007715712],[129.2852240863629,36.70070780595834],[129.28488554894938,36.69968560956744],[129.28393428550774,36.699459622093286],[129.2833560522528,36.69959297297567],[129.28274132404454,36.69955043314574],[129.28235213679685,36.699004586317535],[129.28228960642357,36.698499930151165],[129.28199342517786,36.697665671747465],[129.28259865972586,36.69729937331553],[129.2830228587397,36.69664880614857],[129.2829132317939,36.695518312608804],[129.28280672703593,36.695323423313546],[129.28253634728506,36.69504921290741],[129.28232501349697,36.6946663038065],[129.2820995610956,36.694557412900934],[129.28189882207386,36.694145242916335],[129.280727889902,36.69299088703897],[129.28015846247467,36.69292620296874],[129.27976324189578,36.69276949616847],[129.27915991368468,36.69236181144671],[129.27769048115272,36.69159569411647],[129.27689239299545,36.69189484311708],[129.27629683054758,36.69169383677244],[129.27655778521898,36.690356984048854],[129.2770779482844,36.68888595797646],[129.27650128252242,36.68815395893944],[129.2765674047375,36.68764569452355],[129.2770843272794,36.68720562243464],[129.27750291385334,36.68632382062722],[129.2780173241472,36.6860604532969],[129.278336167435,36.685518622717815],[129.27826539326708,36.684167849899616],[129.27867019735098,36.68331724418195],[129.27860337805598,36.68156354839688],[129.27722545614344,36.68020755944696],[129.277266616437,36.67943748458545],[129.27647926551217,36.679210396040226],[129.27578619607044,36.67859670044493],[129.27525898443832,36.6778920727064],[129.2732565908835,36.67755964011065],[129.2727667953573,36.677171212852784],[129.27147093183936,36.67696693459899],[129.27029832793275,36.67597750267759],[129.26979477266815,36.67529228107029],[129.2690612814695,36.67366894810206],[129.2704029947671,36.673564822935475],[129.27162027967915,36.673165841851926],[129.2727841701418,36.67241156712974],[129.27386924593924,36.67142073776497],[129.2754365963277,36.670572879252],[129.27652905132348,36.67038419103257],[129.27714375431597,36.67067113255209],[129.27786997512706,36.670630925395024],[129.27846265054907,36.67121154074664],[129.2799688545611,36.671138545935186],[129.2804802500291,36.67010948793054],[129.2822424784966,36.66891698651086],[129.28310980583825,36.66844743952609],[129.2842908062721,36.668319651478306],[129.2854807034351,36.66805720917084],[129.2862194023078,36.66814384792964],[129.28711118786117,36.6688200756188],[129.28803399971804,36.669191260560225],[129.2889492564859,36.66935687261397],[129.28991395132581,36.669658130826654],[129.29055553432937,36.67006090164208],[129.29178793533706,36.66991660926921],[129.29273936762053,36.669988006440995],[129.29326758915542,36.67025704819399],[129.29348053599185,36.67083891494203],[129.29424285666062,36.67145089759319],[129.29460616521888,36.67142552319404],[129.29603346236243,36.670146055077666],[129.29755277800635,36.669721564064986],[129.29824701755098,36.669027411287615],[129.29882676980077,36.66919772203914],[129.3014398115579,36.66858462461952],[129.303110412837,36.66851957990421],[129.3038301869838,36.668234141239715],[129.30460222565824,36.66781886862212],[129.3067240617834,36.66843774545733],[129.3085147993744,36.668584871994845],[129.30983404648606,36.66822752591858],[129.3105114397876,36.66838967738344],[129.31601869720132,36.66617760516523],[129.3176226861707,36.66564989822873],[129.3195092537479,36.66614418434403],[129.32013360373395,36.66613377414284],[129.32094091764137,36.66666039717962],[129.32293797648504,36.66683948082591],[129.32436777731107,36.667276622042365],[129.3251317528888,36.66724526334016],[129.3273613271524,36.666694546202635],[129.32792779694608,36.66611263724701],[129.32824960538971,36.665418154971576],[129.3289777719064,36.664501556062305],[129.32939052295524,36.663158829928065],[129.3298494469599,36.662816038789785],[129.32964338713836,36.66219955750204],[129.329708431706,36.66187357757137],[129.3301573235556,36.66156739771676],[129.33145414673012,36.66126049628242],[129.33280863323662,36.66107542792898],[129.33363439533352,36.66072054836659],[129.33496353243348,36.6605098165288],[129.3391130994624,36.659559879893514],[129.3401244889897,36.65909202695817],[129.34064821095816,36.65841532653446],[129.3413527122351,36.658131994125355],[129.34190399073225,36.658031289104215],[129.34371616131668,36.658271923490716],[129.34497532276578,36.65731707499725],[129.34632384980364,36.65732524999797],[129.34669925032244,36.65688631074933],[129.34798893964154,36.65701629682629],[129.34902675524856,36.656773033764075],[129.3498161457653,36.65591669514519],[129.3505638558037,36.65588967086656],[129.35117120926625,36.65488881269056],[129.3517940466952,36.65465181437664],[129.3523150117029,36.653930258652935],[129.35267605121635,36.652556964583],[129.35434599528318,36.650986861402046],[129.35631358453836,36.65239578460073],[129.357093954478,36.65262185105717],[129.3572919988971,36.65282288384329],[129.35759582905104,36.653301820540776],[129.35763157060782,36.65358412542299],[129.35793445610352,36.65413059120699],[129.3584849397246,36.654636160484145],[129.35887596363125,36.65587937755423],[129.35941336539287,36.65674570296618],[129.35953793794403,36.657275497228895],[129.3601042655407,36.65755292433335],[129.36010582624493,36.65789056104305],[129.36076251714513,36.65852667080828],[129.36121346409024,36.65917213488459],[129.36116566498666,36.65966880506047],[129.36148717225578,36.660449825321805],[129.36222489860967,36.660350180813126],[129.36366205839985,36.66057046677183],[129.3648030216053,36.66087959919905],[129.3654273891956,36.661836576268044],[129.36623575991678,36.662340083365976],[129.36654407366876,36.6630149798477],[129.36688742970986,36.66303140935283],[129.368349295004,36.66286020906636],[129.36910853307964,36.662552390191344],[129.36950967813027,36.662701186538484],[129.3706828313817,36.66290084467769],[129.37159395903237,36.662548833079995],[129.37194535638056,36.662282808199706],[129.37287166644685,36.662344992120595],[129.37387134865025,36.66338182599135],[129.3739815749894,36.66452981201358],[129.3746931069828,36.66488298117428],[129.375333379257,36.665072738856345],[129.37612032286302,36.66542791846948],[129.37697068619835,36.66597690615564],[129.3785893929862,36.66592863122365],[129.37931059802457,36.66688126474855],[129.38001109047173,36.6675067599429],[129.38347460392987,36.66885072169174],[129.3841629587209,36.66818476019856],[129.3842946188766,36.66762346122482],[129.38605245044974,36.666563486805394],[129.38628002243686,36.66596827889009],[129.38706123572672,36.665790850832806],[129.3873904109086,36.66538373983301],[129.38820783185704,36.66502369686374],[129.38885966364444,36.66456489683891],[129.3899242886408,36.66538793578009],[129.3904762081782,36.665548609473],[129.39129865948544,36.665589533707646],[129.39170712168394,36.66576084588472],[129.39191030629857,36.66605917257783],[129.39234064675864,36.6663081864772],[129.39276290617605,36.666196686663994],[129.39289151804178,36.66623816638478],[129.3928823373909,36.66632524227522],[129.39345084252213,36.666444478077445],[129.39429920304775,36.66623217642637],[129.39513235801084,36.666242938307384],[129.39592335700596,36.666121733689714],[129.396927746997,36.66554531389849],[129.3968090145131,36.665288060904494],[129.39618166027205,36.66485760355841],[129.3960820561679,36.66451502157256],[129.39627143110997,36.66381876196512],[129.39602207474047,36.663372176580594],[129.39593654226306,36.662824696824025],[129.39622289175134,36.662286201345175],[129.39639064768522,36.66147265574166],[129.3966398131839,36.661235876799765],[129.39737460673106,36.66119256810951],[129.39782149694332,36.66091876287829],[129.3982859998638,36.6607654670778],[129.398947052052,36.66087869571551],[129.39987042980962,36.661479086704524],[129.40045482484464,36.661431267048606],[129.40083532034257,36.66123282315362],[129.40146439982828,36.66113438639726],[129.40228424011673,36.6604617398074],[129.40267007706478,36.659980589894666],[129.40293096477183,36.6599065442664],[129.40393246971394,36.65989018391339],[129.40426531205944,36.659478782809046],[129.40478569612318,36.65930012529997],[129.4055369203791,36.659439776981664],[129.40587966844575,36.659300386482826],[129.40634590705386,36.65931259173151],[129.4067613202215,36.659229532385226],[129.40719312463858,36.65834973816368],[129.40776579418645,36.65788569743596],[129.40828770395785,36.65729926559037],[129.409165148178,36.65690174903715],[129.40966953174393,36.656411162437465],[129.41000330108292,36.65628891454694],[129.41018744295368,36.65583383973477],[129.41016767172906,36.65549905115537],[129.4103262626932,36.65516059167954],[129.41070429800186,36.65478387997908],[129.4105822182952,36.65392571460625],[129.41067420745532,36.65332389955125],[129.41088722610596,36.652980201590594],[129.41121571462284,36.652773798599476],[129.41213773364944,36.65273682626404],[129.41227143285622,36.65276171607423],[129.41274058722286,36.65321036298879],[129.41336694020225,36.65315863218665],[129.4137765355746,36.65270665844079],[129.41459896917985,36.652746072408085],[129.4153681128025,36.652313924253725],[129.41620064736674,36.65229895033125],[129.41617324586355,36.65206926409173],[129.41627623382098,36.651920762437776],[129.4166289321002,36.65181955001595],[129.41693726910435,36.651575155661725],[129.41749065579268,36.650716047517456],[129.41795144036885,36.650470327696354],[129.41927702760685,36.65057859389892],[129.41892139593352,36.64946833575508],[129.41810323060375,36.64819329224937],[129.41825600159788,36.6474285091755],[129.41879983563746,36.64610340124941],[129.41934482063286,36.6455320678079],[129.41947267024636,36.64549584049206],[129.41953172230362,36.64539543545043],[129.41943449548086,36.64517657928256],[129.4195791717815,36.64482214919689],[129.4200195746016,36.6444565479882],[129.42099231315424,36.644533874059334],[129.42143633942865,36.64429832272072],[129.4214497701079,36.64392755111774],[129.42196473708648,36.643745654354674],[129.42230088916068,36.6437350150979],[129.42269852777576,36.64357369588906],[129.42313261755547,36.643516743488],[129.42312377237732,36.64382524079928],[129.4232183115351,36.64388266228513],[129.42316667179406,36.643956109903286],[129.42328827475362,36.64404041957019],[129.42338859684068,36.644010679837855],[129.423435715705,36.64412278939442],[129.42325144932374,36.644443366012055],[129.42333424280588,36.64454167572866],[129.4232532542009,36.64461959758981],[129.42341769282305,36.64470054817692],[129.42336170842285,36.64489330288452],[129.4235272458174,36.64487630393124],[129.423507528153,36.64499024294859],[129.42336637983556,36.64504315882392],[129.42354913319286,36.64536556795443],[129.4242503279537,36.64582586317111],[129.424948522672,36.64592196199639],[129.42505765570118,36.64554188801564],[129.4251245214629,36.64552505507007],[129.4251119282312,36.64529279257376],[129.42531551765407,36.64526604619189],[129.42534562079817,36.64557821228322],[129.4250534136695,36.64615277210251],[129.42518421835027,36.64632717855653],[129.42562234263718,36.64668618555646],[129.42577183538486,36.64693030500243],[129.4258961713738,36.647007587622],[129.42601083202672,36.646977141445376],[129.4260029989489,36.647204239506436],[129.42613407090818,36.64736761611648],[129.4262477954108,36.64745389600043],[129.42642927801384,36.647457402993645],[129.4264759923209,36.64761935962927],[129.42659064362306,36.647546807434075],[129.42675567191384,36.647620774475165],[129.4267604947428,36.64769055637107],[129.4268128467413,36.647642144200894],[129.42684597963017,36.647751470757996],[129.4269614543211,36.64770321155466],[129.4269204174681,36.64775596095193],[129.42701122568894,36.64777077522673],[129.42687397897794,36.6479174219725],[129.42728835591086,36.64831371341524],[129.42737469482663,36.64828562253956],[129.42741216483063,36.648347803986134],[129.4274650136269,36.64827951957362],[129.42745943308972,36.64841839684092],[129.42757104985216,36.64835154157567],[129.42763555485152,36.64847208388083],[129.4277986898712,36.648507414029424],[129.42778485543067,36.64858301686784],[129.4276902717691,36.64856164301342],[129.42774491708232,36.64864132630127],[129.42804706971927,36.64866289433937],[129.42817403027868,36.64876573299202],[129.4280382199735,36.64886553274834],[129.42821840408584,36.648965794296274],[129.42811485035165,36.6490806191598],[129.42831236841687,36.649079458687915],[129.42821359003267,36.64917396833133],[129.42835770497294,36.64932137105701],[129.42834307023486,36.64945165187275],[129.4286061348438,36.649694845780395],[129.42853287569858,36.65072801275416],[129.42872729891454,36.651433348428604],[129.4290381302791,36.651836484099476],[129.4291615286595,36.65180347856368],[129.4292249097777,36.65190686650695],[129.42916496407045,36.65198875262262],[129.42924560308214,36.651952396311465],[129.42940243389305,36.652038873203715],[129.42949713829887,36.652370874210575],[129.42972458182456,36.65257998575991],[129.42984647917064,36.65294056731952],[129.42985598052957,36.6534314394906],[129.4302360075836,36.65417908355097],[129.43023440197146,36.654376682197515],[129.4302886644014,36.65445544648494],[129.43049215829643,36.65444737475773],[129.43055595806146,36.65452745168119],[129.430304666633,36.65463592250706],[129.4304512718793,36.654756720217826],[129.43035787006113,36.65483049008293],[129.43047417073348,36.6548737485275],[129.43036446209047,36.6549544275114],[129.430324883953,36.65514735083462],[129.43032471917908,36.655812698188505],[129.43043035664542,36.65624269381621],[129.4306477314718,36.65650710914031],[129.43089116421197,36.65709876987293],[129.43091855866325,36.65754369006343],[129.43071173942084,36.65854928465118],[129.43088931521095,36.65916360567409],[129.43121274536102,36.6594755457091],[129.431405308502,36.659472118424695],[129.43141441802806,36.659733853237036],[129.43171319304562,36.660083831092],[129.43215925425085,36.660917542859686],[129.4323110845865,36.66103139573504],[129.43255146842918,36.66092398450826],[129.43242098006027,36.661128627700634],[129.4325970277569,36.66107514884573],[129.43265746901744,36.66112310182685],[129.43318245612707,36.66089031047158],[129.43353366878893,36.66098516333248],[129.43341726625098,36.66118167763353],[129.43316750850119,36.661098957868894],[129.43246696199196,36.66140832437348],[129.43307373921843,36.662009723786866],[129.43318807700211,36.662013195190376],[129.43380442119644,36.661000813802644],[129.43366987736437,36.660545097263736],[129.43383508520293,36.660457495535894],[129.43396600094826,36.66052499716947],[129.4340710196588,36.66100193293664],[129.4335598603806,36.66192736091185],[129.43338464897164,36.662439005087435],[129.4335011710485,36.66247233744551],[129.43365981930592,36.662702594733275],[129.43368619269464,36.66303658904504],[129.43447171705662,36.66550967743082],[129.4349432193735,36.66640057335479],[129.4347545578421,36.666597580018234],[129.4348128272543,36.666729115447524],[129.43517683987173,36.66683922566089],[129.4352739246572,36.66706895966531],[129.43515496235148,36.667220522030284],[129.43539754402482,36.667266947700035],[129.4355296002788,36.66753416501394],[129.43546151754626,36.6676437225525],[129.4363997232686,36.66871367607347],[129.43777593561364,36.67064818104673],[129.44046283339674,36.6732210588941],[129.4403798843836,36.673301699393804],[129.44044646860138,36.673370135591114],[129.4406256058382,36.67330381595361],[129.44134225208543,36.67390218197401],[129.4412825777154,36.67397873451095],[129.44136877075042,36.67406809595566],[129.44313684360552,36.67509783747131],[129.44717990680036,36.6771268170801],[129.4474833273329,36.677189839973536],[129.4475155655952,36.67730592992827],[129.4473989953577,36.677385385687344],[129.44752172416335,36.677495050499715],[129.44824609203104,36.67766911992801],[129.44841420762296,36.67761685770752],[129.44849993772473,36.677326283441694],[129.44969455591362,36.675600178913555],[129.45015925660897,36.67512674937378],[129.4508587701816,36.674957831737466],[129.45317142484853,36.67507777990432],[129.4532594731638,36.67513734971479],[129.45317452851077,36.67535738893138],[129.45287180525563,36.67533346924113],[129.45284718850795,36.675238248004455],[129.45094287872246,36.67512593165908],[129.45000412905335,36.67673265598301],[129.45185691370168,36.67756337020059],[129.45180017743323,36.67764189780066],[129.45211062697243,36.67778272978674],[129.4521652728314,36.67770230294819],[129.45271175726555,36.67794580890206],[129.45490915289034,36.6746345625888],[129.45508062637975,36.67446377451621],[129.45531398117765,36.67453148577956],[129.45531175579546,36.67470061654593],[129.45510114976543,36.67476503236484],[129.45488089844216,36.675081790515854],[129.45514489931548,36.6752103431621],[129.4550108656027,36.67538901971825],[129.45475439462157,36.67526372496838],[129.45394439419528,36.676458566983094],[129.45402628882937,36.67654311329047],[129.45394318579113,36.67666606461326],[129.4540113611734,36.676708211715784],[129.45336552270948,36.6776439291125],[129.45323017300805,36.677578371017795],[129.45316917064775,36.677633594785384],[129.45235372526403,36.67878408395516],[129.45309082438618,36.679176919717214],[129.4528613397006,36.67955393968641],[129.4558050504854,36.681008527182286],[129.456682182781,36.67986324561132],[129.4568818047454,36.67996052121271],[129.4560075967203,36.68111028359247],[129.45671837375843,36.68146804387908],[129.4590173321404,36.68177582256614],[129.46185129133377,36.6777694676803],[129.4591351788752,36.67651497463044],[129.45931502542075,36.676172754850214],[129.45769477801537,36.67468528262148],[129.45657942789583,36.67202436373575],[129.4554953409755,36.67143394491303],[129.45537338781648,36.67150858174012],[129.45500104909763,36.6713698360235],[129.4549858773815,36.671260921039476],[129.4551563210057,36.671064761709275],[129.45533525139925,36.671025608875595],[129.4565990867868,36.67163867595993],[129.45700402754272,36.67192708370839],[129.45792696030267,36.674528413833464],[129.45955690880072,36.67603470724694],[129.46120282199826,36.676848267321375],[129.46290220707624,36.67741831971191],[129.46401495038137,36.67887852135547],[129.4641160885001,36.67911933888541],[129.4646904190789,36.679434826100504],[129.46535930546605,36.67968047385528],[129.46585803069522,36.67950112854733],[129.46594690160597,36.67937303181582],[129.46600209542913,36.67945286395102],[129.46609777974345,36.67926454612755],[129.4662123557902,36.6793381795093],[129.46631636585983,36.67988910081862],[129.4660441271081,36.67969053408741],[129.46599396935235,36.67976563457456],[129.465938511582,36.67970929117177],[129.46549807276725,36.67986645062046],[129.46538038707703,36.680541080592945],[129.4652470847806,36.680681191616515],[129.46509273608692,36.680650100918065],[129.46492505048082,36.680859968632355],[129.46515575559155,36.681032617857106],[129.46501082380973,36.68114919288266],[129.46491182254198,36.68099447377858],[129.4648190209681,36.680958806476774],[129.46478404098346,36.681015867125105],[129.464743436659,36.68148717112997],[129.4648580090529,36.681607900749846],[129.46467150017293,36.681719538212114],[129.46489454381748,36.68174159076814],[129.46480825664588,36.6818144767724],[129.46464447918837,36.68180108120035],[129.46458123300457,36.682003676903086],[129.46473787730224,36.68359329174588],[129.46546597847475,36.68488483134719],[129.46952303086476,36.684599451933586],[129.4695112646783,36.684741780272624],[129.46909728442472,36.684856422082966],[129.46666131318545,36.685008302996856],[129.4665661694807,36.685120853037695],[129.4664453014388,36.68509480298265],[129.46642509832978,36.68496122412569],[129.46502358921202,36.68509761784638],[129.46490347201103,36.68539534138446],[129.46490806344383,36.685873522587826],[129.465143343948,36.68691213355049],[129.46553328270176,36.68761710714955],[129.46599468650234,36.68810926404036],[129.46635941269005,36.68830010025275],[129.4665834202323,36.68832671403008],[129.46691709986908,36.68823121905139],[129.46694031400463,36.68799043261781],[129.4668453072095,36.687968164921976],[129.46685633632168,36.687885572520386],[129.4672590809786,36.687908627476254],[129.46718372420682,36.68813592646199],[129.4672578366849,36.68826913597642],[129.46752384277758,36.68837558016708],[129.46775948892378,36.68835626189219],[129.46956512966247,36.68671737404743],[129.47007310928592,36.68606221138592],[129.47032468038125,36.68594166941409],[129.4704994131062,36.686058971047],[129.4703925961254,36.686328789676146],[129.46801687992019,36.68843918639734],[129.4679073463265,36.6886665939096],[129.46801921516888,36.68899524465456],[129.46787457045858,36.68944626844462],[129.46814801725893,36.69126694199166],[129.46826606749931,36.6915679083033],[129.468287769203,36.6924064664065],[129.46842838362093,36.69324329756195],[129.46855629126773,36.69328363771686],[129.46843089468354,36.69328251553054],[129.46842180391533,36.69333670278255],[129.4688154221894,36.69427570724504],[129.46873563245705,36.69430931475759],[129.46876701596295,36.69440111135587],[129.46925971907518,36.695137672708285],[129.46956510251923,36.695383280928915],[129.46991188096356,36.695462090643964],[129.46998572625708,36.695611625765906],[129.47019467562066,36.69574098423463],[129.47089094739403,36.69584000049193],[129.47124188721511,36.69569495652684],[129.4713447258514,36.69585818314772],[129.47181666399848,36.69610674554262],[129.47184574146743,36.69618424641789],[129.4723723942636,36.6963954013656],[129.4725180907808,36.696522575300435],[129.4727922992894,36.69644874836273],[129.4727608922542,36.69638524352305],[129.47288428985948,36.69639505964463],[129.47283331716187,36.69649340830598],[129.47322666429605,36.69679723420688],[129.4732005847593,36.69708011971078],[129.47337619649264,36.6972132348005],[129.4734565838049,36.697453082852306],[129.47369011864646,36.69770335329226],[129.47406424779797,36.69791207334917],[129.47458191416968,36.698022319558234],[129.4750403928209,36.697953562755],[129.4749015629532,36.69753735079486],[129.47495302473496,36.697500009014675],[129.4748415432457,36.69741386071003],[129.4748989016705,36.69732920289429],[129.47507990014827,36.69731976018978],[129.47527363875506,36.697738652462526],[129.4751861430206,36.6982571740232],[129.47542440351123,36.69861941998019],[129.47562241305238,36.698639328124415],[129.47593473823684,36.69896332659924],[129.4759149844007,36.69908851999577],[129.47627154911433,36.69931561608437],[129.47593776928937,36.699640791133824],[129.47588125867276,36.69984303962462],[129.47575670130462,36.70043965540337],[129.47577413088777,36.70078898359222],[129.47591119442012,36.70085525177698],[129.47569718205273,36.70093023460684],[129.4754123065101,36.70137505964002],[129.4754380272691,36.70150935779524],[129.47562223645258,36.70147082797957],[129.47555915073747,36.70159773027348],[129.47564352147782,36.70168582673877],[129.47557807531558,36.70172879905989],[129.4756067344931,36.70184835123782],[129.47569849778088,36.70186330698057],[129.47561059213007,36.701970389094484],[129.47578528705523,36.70204767791439],[129.47562975729969,36.70203787828713],[129.47561185561568,36.70213559793537],[129.47550671039198,36.70217080176648],[129.47512462164656,36.70305270027759],[129.47533735443602,36.703405838925605],[129.47506410883258,36.70350720614191],[129.47479390392695,36.703989741383594],[129.47494612090122,36.70416804727667],[129.474748428767,36.70428276966182],[129.47453848768623,36.70460438879689],[129.47453466527895,36.70470933681035],[129.47463652678343,36.70476371324933],[129.4743348006893,36.705797217591524],[129.47440663101509,36.70591826202425],[129.47446973089964,36.7058615253243],[129.47446822289768,36.70598141508121],[129.47456326044986,36.70592681367595],[129.47460586805556,36.7059788878955],[129.47458887034063,36.70607172245809],[129.47439812247745,36.706024211630634],[129.4744486994698,36.70616129004127],[129.47437446939065,36.706155969806915],[129.474485656522,36.70626586067771],[129.47440999465346,36.706332498744906],[129.47459699998768,36.70642921594268],[129.4745949561175,36.706492774933274],[129.47444085422094,36.70653321123844],[129.4745231382341,36.70665284189928],[129.47444185992444,36.70678483061517],[129.4746957713214,36.70703476654269],[129.4745641476759,36.70701996405716],[129.4744205261976,36.70712038143771],[129.4741982353739,36.707727201945616],[129.47421491969303,36.708186798911626],[129.47440995167491,36.70867190011719],[129.4750255295918,36.709118588886156],[129.4749614672474,36.70925600935629],[129.4750880422535,36.70942890240949],[129.4752896727005,36.70948600089488],[129.47538506833342,36.70941184205557],[129.47550476584016,36.70947716747544],[129.47552159858506,36.70961025555417],[129.4753984694927,36.70970829331122],[129.4754998212411,36.70984074717925],[129.47532647358497,36.70984719495609],[129.4754184643418,36.71036128887076],[129.47575836288047,36.71060568647621],[129.47577465083654,36.710702569789575],[129.47595989807783,36.7107791113371],[129.47591464350876,36.7108509770189],[129.4757604228225,36.71082580457877],[129.47576269951375,36.71098335847956],[129.4756116543857,36.711007746980435],[129.47512252618165,36.71133145010779],[129.47507529970034,36.71162046482446],[129.47501385955718,36.71163077640669],[129.4750253057701,36.71148222437249],[129.47444610636632,36.71220159948973],[129.47402495724384,36.713254321791126],[129.4740568741296,36.71347249255151],[129.47361465892206,36.714474788075975],[129.4734290549478,36.71529381015509],[129.4733451706276,36.71528794196488],[129.47321032251526,36.71505439590568],[129.47300285503954,36.71522395974795],[129.47318677713656,36.7150934192575],[129.47337264471204,36.71547803612244],[129.47275296415123,36.716942272171146],[129.4726064055901,36.7175320847953],[129.47263010388298,36.71779020572284],[129.4724288810649,36.71837760199999],[129.47245157894739,36.71861736586338],[129.47223522866034,36.71888038788433],[129.47211463648844,36.719517642787274],[129.47199437581057,36.71962319087562],[129.4720445620998,36.719792967758266],[129.47179350209132,36.72078759315511],[129.47180262473023,36.72166184745772],[129.47212863022466,36.72265121906508],[129.47262963107784,36.72338970326647],[129.47338236969486,36.723905840282825],[129.4736735101951,36.72401100608048],[129.47402430379933,36.72368297514898],[129.47430780470663,36.723734791067784],[129.47426025228535,36.72392552753128],[129.47406498116143,36.72398743241721],[129.47368399633038,36.72428746059156],[129.47370489590554,36.72436364323061],[129.47325164155387,36.724794271166864],[129.47330984549419,36.724837690118136],[129.47339347533935,36.72477625099772],[129.4741438046881,36.72536512234858],[129.4753094435388,36.725054237165054],[129.47508265454636,36.72451033810516],[129.47517178820254,36.72443373794111],[129.47474063209523,36.723295760717136],[129.47454796008495,36.72307174803052],[129.4746015686563,36.72292669856461],[129.47482141310945,36.72293950462209],[129.4757202352876,36.72525832523025],[129.47600889166665,36.72524348270011],[129.4760107825302,36.7253437342485],[129.4761780019647,36.725451687250676],[129.4762841353327,36.725224584542424],[129.47626759851266,36.72544408085356],[129.4761504041721,36.72550578381131],[129.47614991233868,36.72561092047865],[129.47626533977564,36.725732017782576],[129.47650159872873,36.72571688883986],[129.47666076766652,36.726339641775716],[129.4769519540704,36.7266331711956],[129.47719108317034,36.72671374418075],[129.47731132785185,36.72661765602766],[129.47736728531598,36.72680825783898],[129.4772546782949,36.726893574412024],[129.4773584643694,36.72702658764695],[129.47744156270636,36.72703963145842],[129.47764694745177,36.726889686704936],[129.4776977712494,36.7270170534232],[129.47761423690244,36.72708967855762],[129.47773559169457,36.727157722678264],[129.47747307588648,36.72727068466395],[129.47756057728247,36.72730830568555],[129.47753995454138,36.72742006368116],[129.47741596952872,36.72738398459022],[129.47729700675455,36.7274613768885],[129.47723638446493,36.727376614675194],[129.47708547202527,36.727386836999834],[129.4771340868649,36.72755252556582],[129.47707651242615,36.72748007076106],[129.4768441513667,36.727761034875044],[129.47665223503535,36.728181593423784],[129.47641998841348,36.729238326964385],[129.47605759989966,36.730295995767115],[129.4758262609373,36.73152237566405],[129.4758522978095,36.73201604235474],[129.47596513217067,36.732183736460385],[129.47611749644597,36.732195265647455],[129.4761716691436,36.732324134777905],[129.47632211779285,36.73218245865461],[129.47615006758696,36.732486278660616],[129.47625782058012,36.73260545085756],[129.47646780323262,36.73256621498743],[129.47649807282315,36.732663568572725],[129.47617717224162,36.73269714878901],[129.47615995273932,36.73281121776515],[129.4763168606239,36.73316489703977],[129.47647911904343,36.7330822238614],[129.47640497247787,36.73334599941824],[129.4764309259815,36.7334497484352],[129.47646861024927,36.733400114401],[129.47655016162759,36.73348064534087],[129.47649900005158,36.73356764348665],[129.4764295303914,36.733473973218445],[129.47642929947037,36.73360296451677],[129.47625977800337,36.73355496906318],[129.476118998296,36.73366357426854],[129.47573859051747,36.734417188217044],[129.47558540190474,36.73513483251032],[129.47581796957772,36.73544875197757],[129.47573294459553,36.73547417004128],[129.4755546783091,36.73536769280214],[129.4755322227731,36.73544866797174],[129.47520574747873,36.735580107286985],[129.47477962259367,36.73592349444823],[129.4730730764415,36.7383463186251],[129.47250699880217,36.73961439431192],[129.47253873076204,36.740150616949784],[129.47280815111787,36.74093627429077],[129.47190680530642,36.741466915664084],[129.47147032013712,36.741969172660816],[129.47103848368275,36.74304896692291],[129.46995874300367,36.74484512501103],[129.46976513502727,36.74575606484929],[129.46945141843585,36.74650906834205],[129.46885407667494,36.747211061793614],[129.46873943183107,36.74751830694207],[129.46866900916805,36.748728131769795],[129.46842592579773,36.74992615721192],[129.46854569020354,36.75000047633251],[129.4686262932754,36.750364526534035],[129.46892328646678,36.750822437657405],[129.4691489640437,36.75107797800813],[129.46960633252118,36.75137129692865],[129.46980638504664,36.75049759591038],[129.4699744116905,36.750520543504145],[129.46967619822556,36.75186945239489],[129.4695179048851,36.751839251611344],[129.4696002488796,36.75144280628915],[129.46901336639766,36.75142872305976],[129.46870408344606,36.751630627540656],[129.46841282535834,36.75225087559491],[129.46838957068894,36.7532517653424],[129.46878060360262,36.754529420168254],[129.46883844423283,36.75519486040677],[129.46913770261023,36.75561931438156],[129.46980477145436,36.75608100907797],[129.4698259225209,36.75617369832816],[129.4713564360642,36.756161230581945],[129.47136956596106,36.755306073363876],[129.4714303824168,36.755282802598515],[129.47145621276442,36.75617086417193],[129.47350422259998,36.75736088422837],[129.47341348006734,36.7574094606995],[129.47320950216707,36.75732375946843],[129.47137236789987,36.756258115184636],[129.4699329778174,36.75625462573543],[129.4698839157937,36.756495837643605],[129.46944014194818,36.756498899692644],[129.46936399587307,36.75624178773231],[129.46823202922172,36.75626264170483],[129.46813925946367,36.756421062794914],[129.4680439692965,36.757371406764946],[129.46829098579911,36.75825187041993],[129.468750058091,36.75881932214381],[129.46924916729472,36.75913346527472],[129.46956208532328,36.75958999780636],[129.46951462571636,36.759827267586104],[129.46983613887332,36.75995454192808],[129.4699029060621,36.75987656194939],[129.47136233061977,36.76064515879573],[129.4721278566542,36.760737218325836],[129.47230101492215,36.75966556389769],[129.4724200779746,36.7596755843365],[129.4724975050506,36.758877787112546],[129.47341859576645,36.758820675840695],[129.47483977413498,36.756919668655875],[129.4750254492377,36.756342344179735],[129.47520465964658,36.75631430329843],[129.47506821989742,36.756976663642384],[129.47355075526858,36.758976436889206],[129.47265098830343,36.758997146087445],[129.47245677867625,36.76037513790539],[129.4726026410023,36.76040381281512],[129.47351224603398,36.761459358463156],[129.47378770479375,36.7619819424876],[129.47457708824322,36.7628339972949],[129.47501366208118,36.76311163858866],[129.47534337839235,36.76315871741036],[129.4754794210402,36.76329111500445],[129.47585120977212,36.76339317567205],[129.47603493898464,36.76357876888213],[129.47601310755115,36.763688803989176],[129.47620464528023,36.763939047244456],[129.4766660172768,36.76403775911435],[129.47655787568425,36.764072096919946],[129.4766765817218,36.76408236949044],[129.47657869504565,36.764174966197416],[129.47671726816182,36.76415270058795],[129.47656103580536,36.76429419677212],[129.47660344041662,36.76445802357337],[129.4767980153722,36.76488429731701],[129.4773205968412,36.76558988157009],[129.47733977259648,36.76589846848486],[129.47770562835765,36.76654765928054],[129.4776957323406,36.766861747180805],[129.47781665327133,36.76690651507647],[129.47769928985102,36.76690960695789],[129.47774479558151,36.76714945888944],[129.47807734865668,36.76740717363378],[129.47818011341303,36.76767827371728],[129.47841362563588,36.76770586367125],[129.478658644218,36.767518950175706],[129.47874267614793,36.76753041759115],[129.47878595459497,36.76783749985656],[129.4787095070402,36.76786600802224],[129.47869369735386,36.768076264354676],[129.4784590005672,36.76795686322077],[129.47794628886194,36.76828978987027],[129.47774244161346,36.76867525146921],[129.47797212515292,36.768808131053476],[129.47759603527882,36.768727650109746],[129.4771140338533,36.76911238356779],[129.47680717993336,36.76948993526089],[129.47649132165117,36.770152766263074],[129.47608406164014,36.77059123335912],[129.4762040335461,36.77077482706464],[129.4758633599674,36.7707035505381],[129.47575124354483,36.771175257510585],[129.47613007288413,36.77131495438852],[129.47603518873683,36.77141865377596],[129.47609395666382,36.77148884225754],[129.4759751475554,36.77147390842731],[129.4760945431598,36.771655343193444],[129.47594307610754,36.77178241215897],[129.47580374867135,36.77177692515795],[129.47577557144993,36.771703383733595],[129.4756504717484,36.77178576194106],[129.47563110726608,36.77185411290487],[129.47577303797775,36.77188039547838],[129.47562847497102,36.771987523815866],[129.47553322611034,36.771995401853914],[129.47557953454535,36.77188026171395],[129.47546877168458,36.77186939839836],[129.47518788080657,36.7720165291533],[129.47517098583262,36.7720986148745],[129.47533603011763,36.772211026807454],[129.47520448560525,36.77219944487253],[129.4752247225941,36.77226015906904],[129.47504862128267,36.77229776049547],[129.47508766599577,36.77237253578295],[129.47490470567166,36.77235102668152],[129.474842080055,36.77260397875329],[129.47468328736898,36.7725501719142],[129.47460857324492,36.772612642175424],[129.47422871099897,36.77318575128662],[129.47374048623766,36.773445086892714],[129.47327914901362,36.774124063745326],[129.4732103509622,36.77457596581314],[129.4731112217585,36.774546120108646],[129.47287753708443,36.774661197139245],[129.47288101070396,36.774770519751975],[129.4726818039286,36.77483346775166],[129.47281196037972,36.77497330328301],[129.47280175817573,36.775124367772754],[129.47256853558784,36.77523071893846],[129.472628855603,36.775374050171465],[129.47245619151158,36.775523355971885],[129.4724041292234,36.77579043018213],[129.4721931789659,36.77582156884135],[129.4721204735104,36.77595881780205],[129.47194900473642,36.77598704165882],[129.47163809312153,36.77668201837089],[129.47151763408652,36.777263221001405],[129.4715586599419,36.77741119446327],[129.47169791967787,36.77746096318705],[129.47161061118456,36.77763419867867],[129.47144077814303,36.77768417522988],[129.47132448405884,36.77799414604888],[129.4714360986431,36.77805437263508],[129.47126178189873,36.77801627104834],[129.47116517986126,36.778093845893345],[129.47125055444502,36.77814467055062],[129.4711065168016,36.77810179723238],[129.471036852356,36.778171356145826],[129.47076733496525,36.779255828643684],[129.47070152068534,36.77936377134682],[129.4705375324585,36.77942102262209],[129.47032959877112,36.77977232699302],[129.46998001402488,36.78002930800306],[129.46982852652928,36.780294687827535],[129.4697670119873,36.780509483796806],[129.4699876721692,36.780560070125716],[129.46994674272779,36.780736708291975],[129.46976472622788,36.78075091701861],[129.4695768229387,36.7808852108578],[129.46984838889432,36.780831647187284],[129.46939031719617,36.78116833946249],[129.46938505778243,36.78125388922685],[129.46949171881934,36.78126903605488],[129.46944129720583,36.78136845348277],[129.46900588886777,36.78153934261685],[129.46909187737157,36.781677060676486],[129.46871575816974,36.781695057790586],[129.46828790813515,36.78203407570696],[129.46755082645495,36.78325658662119],[129.46744852337355,36.78331848688764],[129.467473263909,36.7832014578998],[129.46737195647296,36.78317013298207],[129.46741850940484,36.78339791514946],[129.46690364468904,36.783441139051895],[129.46650817358383,36.78368043879503],[129.4652377362889,36.785186159639444],[129.4646518911538,36.78611447131258],[129.46349673729713,36.787315566586116],[129.46256020430494,36.78895412011806],[129.4624053396608,36.788912765406636],[129.46247246994147,36.78904038999787],[129.46217938428666,36.78951718102393],[129.4624841131045,36.78959653748014],[129.46229883811085,36.78958756890804],[129.4624730087912,36.78972518738612],[129.46240496895922,36.78989334554149],[129.46268238932734,36.790044627163056],[129.46249479364084,36.79023717649803],[129.46228116281205,36.790730464667725],[129.46223913069278,36.79100535641937],[129.4623543531791,36.79110908460263],[129.46225327250278,36.79122847021642],[129.46220224044524,36.791740272938696],[129.4623955096905,36.7919247055647],[129.4623218520748,36.79212013127768],[129.46259300838048,36.79227054380812],[129.46248171389797,36.792396997835645],[129.4628820079221,36.792472418747366],[129.46276374178711,36.79254028671555],[129.46280556286666,36.79284937768206],[129.46294978515613,36.793068838637296],[129.46316762684197,36.79308001109488],[129.46309714081463,36.79323922197297],[129.46325104110824,36.7933179063543],[129.46321190364137,36.79340857137034],[129.46308950008114,36.7934297734574],[129.4631382292264,36.79367750345118],[129.46282591025138,36.79365928934201],[129.46301389539457,36.79381918480191],[129.4627857312765,36.79378166916191],[129.4628273284372,36.793916625345105],[129.46274198451906,36.794009331076],[129.46292768640788,36.79393427489351],[129.46297014422208,36.794146141163196],[129.46289056011904,36.794175423116066],[129.46280081886212,36.79407595008614],[129.46289581690024,36.79429101849395],[129.46283333391364,36.79448502787494],[129.46265844758213,36.794795238234784],[129.46254506863377,36.79480580031212],[129.46231959098384,36.79500754626149],[129.46248391235534,36.79508777210052],[129.4625825898877,36.795022038484056],[129.46266538216855,36.79509370156237],[129.462463033815,36.79518690446515],[129.46246811537497,36.79525485428329],[129.46269365181425,36.79529094468968],[129.46262632096617,36.79543974067634],[129.4627347908828,36.79545143751031],[129.46275817963925,36.79552558002949],[129.46267493234785,36.79559700510983],[129.46284113077127,36.79555952988314],[129.46292519143995,36.79562570529854],[129.46290865475868,36.79576530936835],[129.46277814247014,36.79571371447494],[129.46289569784858,36.795912255099026],[129.46282654220153,36.79601867315447],[129.46296639099577,36.79621038136074],[129.4627361177864,36.796172754538176],[129.46285726274903,36.79633512981612],[129.46273779022658,36.796478248456815],[129.46264784508574,36.79644703324636],[129.462647127543,36.796310544197034],[129.46254199249552,36.79649609731564],[129.4623824564183,36.79654005356062],[129.46230545535292,36.79666069480068],[129.46204550614075,36.79668574143672],[129.46215274702095,36.796963558519835],[129.46179708985065,36.797077812536],[129.46142831051583,36.79730544852576],[129.46127374848743,36.79717553800265],[129.4613194348657,36.79734785014381],[129.4609889828801,36.797606578204714],[129.46047054828492,36.798276091782704],[129.45936176049113,36.79998844041665],[129.45897276735923,36.80088654220991],[129.45880171156327,36.801730987316844],[129.4589431826578,36.8025471829429],[129.45925259174481,36.80281187370684],[129.45936519525748,36.80264431515906],[129.45942344718904,36.802665625892445],[129.45928386298553,36.80299805476674],[129.4580516797787,36.802620153164725],[129.45798452933315,36.80279452674152],[129.4580944516216,36.802842619910216],[129.457821881117,36.803439717960394],[129.45826035728143,36.80410674896449],[129.45951793155766,36.80359760289062],[129.4602099246203,36.80315229674279],[129.46048599341978,36.80260876445517],[129.46061714847056,36.802711657072514],[129.46044095874427,36.803112963396586],[129.46000327606356,36.803424813504655],[129.4581220549039,36.80436952729773],[129.45840113502481,36.804773419735206],[129.45816622999794,36.80462647977745],[129.4582533024865,36.80488135472454],[129.45840481118088,36.80499208226147],[129.45837192179047,36.805356518662194],[129.45856789421123,36.80582628994684],[129.4581862366858,36.806222439586186],[129.45812576868258,36.80657216537984],[129.45828073201838,36.806647700750695],[129.45798491929267,36.80662128189865],[129.45737761457463,36.80718428094283],[129.45736448911032,36.80742163771951],[129.45757772703286,36.807580121307964],[129.45770023198298,36.80785648105018],[129.45750681675625,36.80792052418385],[129.45743162370502,36.80816249109716],[129.45720297995214,36.80840782353734],[129.45726530791046,36.808545388319914],[129.45741567637413,36.808497626498315],[129.4573391044443,36.80853559181146],[129.45749619051702,36.808657731216265],[129.45746081768002,36.808761903542496],[129.45724902954058,36.80879615094548],[129.45725641335306,36.809039596422494],[129.45734463082348,36.80893013941196],[129.457399001173,36.80896400730075],[129.4573663947731,36.80930205422492],[129.45724798244927,36.809375316456915],[129.4572879884627,36.809640589318],[129.45740824563157,36.80965436890296],[129.45746516587138,36.80974767031464],[129.45754878510115,36.80970064053968],[129.45777154305097,36.80975371858506],[129.4576509199032,36.809804092497565],[129.4576814089804,36.80997317327583],[129.45752930637397,36.81016306646571],[129.45773360345913,36.81034031634304],[129.45746422571125,36.81025485798323],[129.45734533745468,36.81013491352627],[129.4570360393299,36.81038171601698],[129.45683741465598,36.8104358392101],[129.45673483968457,36.810713870322296],[129.45668374887546,36.810649470861534],[129.45677431314311,36.81082326661246],[129.4566489860424,36.811109766024394],[129.45675557336256,36.811357255125436],[129.45696943566276,36.81154153776554],[129.45727788196095,36.81153444612871],[129.45714318261784,36.81172820918836],[129.45727182691937,36.81185085215427],[129.4575694883014,36.81178415984229],[129.45778307532197,36.811908666225726],[129.45767499072127,36.81192627794531],[129.45773019344202,36.81196188319863],[129.45761470073907,36.81204961622692],[129.45766423052766,36.81208597649941],[129.4575418508823,36.81231143669586],[129.45762910147138,36.812355157027184],[129.4576129710983,36.81246536499412],[129.4575223891627,36.81252164708903],[129.45738805479516,36.81244928281846],[129.45747809431532,36.81264994326447],[129.45737976230666,36.81266566900541],[129.45726818045495,36.81254904009444],[129.45695338128252,36.812728319422014],[129.456911960012,36.812952561574335],[129.4569572106582,36.813004083408124],[129.4568416493461,36.813086971325944],[129.45695249508705,36.81313568101949],[129.45683946013318,36.81311285997813],[129.456761526482,36.81331880960068],[129.45685113783148,36.81399882660723],[129.45699399035354,36.81401474564066],[129.4568903981139,36.814086563022876],[129.4569363772813,36.814365249183844],[129.45707117369693,36.814361262553426],[129.45692273793097,36.814489469441696],[129.45704432486343,36.81467014585276],[129.4569175411282,36.814747970216985],[129.45691450389808,36.81468720263819],[129.45677498967862,36.81468357037243],[129.4567728960493,36.815015532751424],[129.45668856763734,36.81500527668208],[129.4567298623046,36.81484745783338],[129.45658369921622,36.814958303496255],[129.45662172747794,36.81502727311608],[129.4564726030331,36.815082539619716],[129.4565559515051,36.81521452734447],[129.45637460003377,36.81515755439873],[129.45602711919426,36.81531509216295],[129.45595287809195,36.815509091150005],[129.4561462872595,36.81564905919846],[129.45611154365838,36.81589787382968],[129.4560244670636,36.81559004702385],[129.45588155153763,36.81558801366159],[129.4555575356058,36.81611582351933],[129.45520030747022,36.81605382931896],[129.45521455832917,36.816423190890696],[129.45513157232517,36.81634506917214],[129.4550465758454,36.816444844577745],[129.45504492465307,36.81630010324667],[129.45495811232038,36.816296338478864],[129.4549410413664,36.81642086281904],[129.45466194743918,36.81654317136119],[129.45456613317174,36.81646669238468],[129.45439033946838,36.81652115370922],[129.45408023381984,36.81675201491417],[129.4536077014459,36.817389648000926],[129.4535888363654,36.817632462268925],[129.45348971768317,36.8175908052342],[129.45334015926215,36.8176445869263],[129.45296502674748,36.818033712458295],[129.45290242795875,36.81835219454994],[129.45302028840374,36.818687612962215],[129.4529699836126,36.81878219134022],[129.45277253218623,36.81880624765697],[129.45272070871093,36.81891086817111],[129.45282666816067,36.81889076573999],[129.45280222365105,36.818997343018694],[129.45289232613078,36.81898951564766],[129.4528280201027,36.8190997104544],[129.45294068179194,36.81920629483838],[129.4529001691854,36.8193408824062],[129.45269734035557,36.819093807553976],[129.45271612304018,36.81896214939118],[129.4525516892665,36.81895138297373],[129.45232314798085,36.81909293178349],[129.45247798162808,36.81923257936297],[129.45245932592587,36.81939064953647],[129.4521671009781,36.81947276628867],[129.45214367989027,36.819324650064594],[129.45198629910402,36.81941784807505],[129.45183945713026,36.819349393824965],[129.45172581614972,36.81965874210265],[129.45097368335675,36.82008475450942],[129.45103707897582,36.82030690558651],[129.45089212762088,36.82035890875246],[129.45104395425884,36.82048529771035],[129.4508772063074,36.82075761267704],[129.4506557304481,36.820757010301975],[129.4507161794084,36.82091636613219],[129.45081070498566,36.82082770028266],[129.45097577892335,36.82088122987258],[129.45090057736138,36.82105416683566],[129.45081226294667,36.82107432590995],[129.45089895009605,36.82129260394367],[129.45069776091609,36.821273182599185],[129.45072791043185,36.82140679186124],[129.45044096597582,36.82150015192485],[129.45033463459845,36.82142866065478],[129.45020646904456,36.82158268580173],[129.44999878286114,36.821618890395726],[129.44959002615605,36.82209128583115],[129.44954590080036,36.822544322545355],[129.44976528071538,36.82296780553584],[129.44994982206796,36.82294685100401],[129.44988420139526,36.8230558931964],[129.45058350949614,36.82335126708979],[129.45067601366145,36.82347790701994],[129.45080319514054,36.8233680514646],[129.45095723713212,36.82347831004838],[129.45091315262624,36.823590418915124],[129.45068657876095,36.82360690741118],[129.45094117818542,36.82412145007634],[129.45083779422288,36.824121070277045],[129.4504410465405,36.82342521215449],[129.44899478334244,36.82285518782199],[129.44851063568026,36.82307723073318],[129.44807081717053,36.82343710358936],[129.44826876663893,36.823562613007034],[129.448069235082,36.82379238910435],[129.44798861264337,36.82374571323026],[129.44716722292884,36.82467150236223],[129.44730182080627,36.8249586801956],[129.44788573107613,36.825227259524226],[129.44783080411156,36.82525991230947],[129.44726329724577,36.825019814342795],[129.4464108361374,36.82633843018856],[129.44622783158252,36.82627158525894],[129.44550399419268,36.827416476011926],[129.4452653015084,36.82766731244407],[129.44610252205635,36.827492775497355],[129.44638058609385,36.82773249940268],[129.44801497370702,36.82771901123972],[129.44802537220468,36.82781916868261],[129.4482847273873,36.82763198012994],[129.44949767793986,36.825814435439135],[129.4521275122296,36.824286456493724],[129.45232231392478,36.82428096675365],[129.45244774909725,36.8241919929126],[129.45247779670396,36.82430655297082],[129.44960658520085,36.825916081156755],[129.44851479553617,36.827620949460645],[129.4482890907251,36.82784228688882],[129.4479257552492,36.82803380244975],[129.44664970419157,36.828102134187624],[129.4463647868079,36.82854028714912],[129.4465623823551,36.82867892280856],[129.44654601784558,36.82874212287272],[129.4464581816906,36.82871894266247],[129.44631317772956,36.828818064163016],[129.4463772363431,36.82887933162344],[129.44629998585003,36.82893630190375],[129.4462481039588,36.828853944185546],[129.44610503313058,36.828857863258705],[129.44579723700892,36.82938531926363],[129.44591100256932,36.829886399442685],[129.4460479568329,36.8298948269789],[129.44587301739182,36.830028000596876],[129.4460836481593,36.8300399510825],[129.44619833899944,36.83018472439755],[129.44591339963316,36.83021224461087],[129.44599946567493,36.83035375078554],[129.44588847100286,36.83054259308746],[129.44591632641502,36.831006580611714],[129.44574484699763,36.831294447030224],[129.44571321678242,36.83169343348321],[129.44613736379196,36.831743230899306],[129.44631734634376,36.8319933791026],[129.44621640604933,36.832016534856145],[129.44617899446746,36.83194561142426],[129.44593272815803,36.83205844125374],[129.44603374222106,36.83223413035363],[129.44596632931666,36.83229463477478],[129.4457566140858,36.832177577854544],[129.44573636243211,36.83205048964693],[129.44545010722095,36.832337869507946],[129.4453631871075,36.83220085743876],[129.44520691959113,36.83218259999023],[129.4448962805369,36.832300774228635],[129.4446445007227,36.83252167171336],[129.44419070033794,36.83349489387377],[129.44418094017377,36.83368244177957],[129.44436870340755,36.83383172496616],[129.44424114855158,36.83393840094916],[129.44429009750272,36.8340082213999],[129.44420193652581,36.834113179413784],[129.44428834846119,36.83411128541848],[129.44420262332335,36.8341296335101],[129.44419016006853,36.834237250509815],[129.44434964359132,36.83423595925343],[129.44433776168492,36.83431511295408],[129.44383294445456,36.83469630643908],[129.44371631685638,36.83468430829032],[129.443608628517,36.83480172962861],[129.44347523092262,36.83478225142744],[129.4432508391546,36.83499406621745],[129.4430029243268,36.8350180558155],[129.4430088849398,36.83508527533101],[129.44290467950057,36.83499531273677],[129.44289908285413,36.83515502637928],[129.44303278134007,36.835144586358645],[129.44295680620135,36.83521795754449],[129.44264280084715,36.83513316391169],[129.44260600220838,36.835248502664236],[129.44243486180267,36.83526145593987],[129.44237960491526,36.835442176186795],[129.44267576172663,36.83560189523226],[129.44260526867853,36.83574156338619],[129.44244046279712,36.835635061116854],[129.44234640527299,36.83571001724446],[129.44228241161062,36.8356057211808],[129.4420989930872,36.835609094401725],[129.4416738127531,36.83583568442541],[129.44128958333795,36.83631370808165],[129.44122935618333,36.83666632512729],[129.4412997346848,36.83686480284741],[129.44118149605137,36.83693636750554],[129.44099478202983,36.83686525904373],[129.44111939202384,36.836999819974075],[129.44108171884315,36.83706759902028],[129.43968657420623,36.83789631333436],[129.43919796834288,36.83833239999734],[129.4383742189263,36.83938258112239],[129.43723066042114,36.8400439468356],[129.43516991058917,36.8425661571262],[129.43465220130102,36.84300011981553],[129.4337902100487,36.84348621915334],[129.43333421077932,36.843855545960835],[129.43253019237554,36.84506250641029],[129.43073815551165,36.84658306307748],[129.43021826085717,36.84729336492259],[129.42962348051572,36.847783599860904],[129.42908307938038,36.848371153498974],[129.4288411332661,36.84894196420064],[129.42890057541575,36.84924904481514],[129.42867087063016,36.84934036266496],[129.42850443717367,36.84956307089162],[129.42852209981822,36.84995178546978],[129.4283062932717,36.84997474350789],[129.42830810895163,36.850046564667515],[129.42803858533654,36.85018084900144],[129.4275164226898,36.85081316760953],[129.42730036169206,36.85160507393418],[129.4273269303572,36.85173643599452],[129.42748638955595,36.851831655547215],[129.42741073492792,36.85202351659825],[129.42754145070526,36.852361388137865],[129.42797614654097,36.85235455241948],[129.4279857352004,36.852436180904675],[129.4281911768377,36.852422962682354],[129.42838178374228,36.85237015908253],[129.42850349430032,36.852233214685505],[129.4285712407523,36.8522666988792],[129.42843844450485,36.85243130272101],[129.42818486964222,36.85250248131197],[129.42756008459241,36.8525253714547],[129.4273299800634,36.85260354392258],[129.42675134229995,36.85371408234403],[129.42669801478146,36.85405161922872],[129.42631871288427,36.85433279419111],[129.4262539521785,36.85441297548761],[129.42632101563413,36.85444691276038],[129.4261184900075,36.85445057161227],[129.42619323194353,36.85455748161968],[129.42601008174194,36.85478659989254],[129.42599627184185,36.8553384474287],[129.4258683890538,36.85534928460006],[129.4255264820182,36.85566804538529],[129.42536815053504,36.85601297771779],[129.42546044945163,36.85605404159523],[129.42536026169225,36.85609283458201],[129.4253415272973,36.856210078208065],[129.42548552110142,36.85634727212354],[129.42533538810187,36.85637692203193],[129.42520067256052,36.856294315721485],[129.42502598599202,36.856414932278796],[129.42484973540127,36.85688501870712],[129.4249244384278,36.8569374551706],[129.4248392976392,36.856948823741924],[129.42470010282597,36.85722232196884],[129.4248781374661,36.85733621135134],[129.42480291734867,36.85743017665925],[129.42462357869678,36.85741616110984],[129.42467380602392,36.857574128719044],[129.42427620118792,36.857966382332656],[129.4237482931556,36.85871001964695],[129.42373201249688,36.85892851010083],[129.4238984214133,36.85899349868325],[129.42369211927382,36.859057728463576],[129.42362035688666,36.85928154260335],[129.4235983819947,36.859505703484906],[129.42372324147317,36.85967161972347],[129.42366928751034,36.859884122405184],[129.42372504544622,36.85989834925443],[129.42381920086697,36.85958668041609],[129.4239004958705,36.85958482155229],[129.42387303999615,36.859688871101305],[129.42397756641117,36.8595966382731],[129.4240393163826,36.85977113541018],[129.4237986270294,36.85985595947142],[129.42407352459108,36.86002821403168],[129.42396415588965,36.86015472505678],[129.4234419069565,36.8603581440339],[129.42308263168974,36.86070635034655],[129.42316831005525,36.86079764460736],[129.42284036419395,36.86132672845886],[129.42280639901563,36.86180222082332],[129.42329404824847,36.86192554704036],[129.42328422793742,36.86197830345056],[129.42276868223192,36.861896568504655],[129.42260800393746,36.861963384942875],[129.42193086118218,36.86334794329586],[129.4217941311793,36.86330223891661],[129.42165748107155,36.86350555529358],[129.42131369303192,36.86453713664447],[129.42136543647368,36.86461981624679],[129.421272569348,36.86468126658661],[129.4213647962202,36.86474634312384],[129.4211489886188,36.86477190610583],[129.4211989007747,36.86486056320114],[129.42134678966403,36.864880679557594],[129.4212563111217,36.86496746342577],[129.421177245026,36.86487222854105],[129.42111177393903,36.864917431123025],[129.4210115631776,36.86519799919517],[129.4212103265279,36.86534121566997],[129.42102263717928,36.86543871780969],[129.4211472947786,36.86550658339755],[129.42110400478268,36.865693105840485],[129.42091577965644,36.86576284680674],[129.42099292379476,36.86592746770365],[129.42118488119027,36.86598756091431],[129.4211217482055,36.86609018936379],[129.420998542492,36.865966430160476],[129.4209063138875,36.86609354369348],[129.4209326906742,36.866366327204005],[129.42061013549846,36.866629930399824],[129.42011175706264,36.86819444737822],[129.4199290548888,36.86982646081207],[129.42019199193282,36.87047594770045],[129.42045819803985,36.87075856741781],[129.42049330088284,36.87123225991944],[129.42081778717417,36.87122711696878],[129.42068501183172,36.871299145548306],[129.420529780509,36.871282699332916],[129.42051053314222,36.87139222515358],[129.42074694663722,36.871564343559065],[129.42090233482358,36.87154810690656],[129.42104917801095,36.871633759067024],[129.42101391957382,36.871701196257],[129.42085680981833,36.87165744473829],[129.42089179896297,36.87175598630851],[129.4210634900305,36.871791743445904],[129.4213569543239,36.87235599169766],[129.42149920910487,36.87253034418631],[129.4216301553629,36.872527817958556],[129.42175400028802,36.87278717927549],[129.42170851735298,36.87291916958022],[129.42191162866663,36.873274298945766],[129.42169977691057,36.87328550338283],[129.4217302866752,36.87353058866696],[129.42160731591187,36.873544605831626],[129.42167680016323,36.87369088184308],[129.42128692570685,36.87397050888579],[129.42101773268084,36.87536394591174],[129.42110112057728,36.8755824246703],[129.42098668444012,36.87572184792183],[129.4208310941877,36.875687449251096],[129.42077200963115,36.87574410784638],[129.42092639457564,36.876173697597125],[129.4208442711274,36.87638928424057],[129.42097598025427,36.87675969938655],[129.42089720727256,36.8768626463576],[129.42074240789603,36.87678010169359],[129.42070182230614,36.876899890570634],[129.42044585813304,36.87685444073722],[129.4199154874873,36.87735228236178],[129.4199277141907,36.87747168796366],[129.41864523231087,36.88004224081066],[129.4184696041823,36.88078355994959],[129.417992852978,36.88108268513646],[129.41790644891222,36.881546024806816],[129.41753964714746,36.88204437520941],[129.41756186799304,36.882702346729324],[129.4171138157839,36.88318128603894],[129.41711104113583,36.88368973746981],[129.4167061076091,36.884185770524965],[129.41653013770141,36.884708362990864],[129.41642212355248,36.88539815843466],[129.4165263885492,36.88608101391317],[129.41639905823158,36.88660356493847],[129.4165421955774,36.887110058664184],[129.41672392786268,36.8871721817636],[129.41630459892104,36.88727751800233],[129.4162572437764,36.88764470463384],[129.416769936679,36.88878740395689],[129.41794795635897,36.88878757649289],[129.42008681345607,36.8898442014718],[129.420020410989,36.88987878848229],[129.41978701048714,36.88978312399539],[129.417903383376,36.88888092276872],[129.4170251248868,36.88887006295278],[129.41690395703515,36.889106846752085],[129.41645252919633,36.88910842906188],[129.4164046676851,36.88887737690746],[129.41563979919792,36.888880052113855],[129.4153738839951,36.889268965855145],[129.4152007898707,36.88931900208333],[129.41548052658334,36.89019174859572],[129.4155679632228,36.890946028532746],[129.41603945418052,36.891883446426114],[129.4162620521804,36.892064710348855],[129.41634665904175,36.891993945763744],[129.4181429808776,36.89343663103158],[129.41861673906203,36.893502496354834],[129.41879407050288,36.89300712712274],[129.41891482916222,36.893030190567984],[129.4190668762935,36.892591433711694],[129.41898376856702,36.892099918291436],[129.41932924820503,36.89118702390683],[129.42012940231064,36.891198877440104],[129.4213817740774,36.889604513433326],[129.4215983297934,36.88898394269045],[129.4217697331379,36.8889917115775],[129.42155101408224,36.88966942594931],[129.42021204466562,36.89137878279759],[129.41942925893747,36.891336006215575],[129.41909070452476,36.89212620988029],[129.41915358444865,36.8925924239942],[129.41874573455755,36.8937739055209],[129.4188351847167,36.89376119677714],[129.41886415295164,36.894062680715024],[129.41902285765374,36.894324998404166],[129.41935698287043,36.89459278969771],[129.41953338143506,36.89467744254833],[129.41959275129642,36.89463838623996],[129.41961108087375,36.89486871706975],[129.41973242833924,36.89491533413732],[129.4196037938657,36.894979329923814],[129.41972981595248,36.89533341411754],[129.42002319983317,36.89536185846727],[129.41998480137266,36.89544078642703],[129.4198834219086,36.8954032052483],[129.4197962589504,36.89549262401924],[129.41992144159087,36.89564594791666],[129.41993074032806,36.89591301535746],[129.42011849675896,36.89625541785141],[129.42013191850683,36.89644928219234],[129.42054381955546,36.896421515723475],[129.42047563403767,36.89652549443842],[129.42057629137392,36.89656732474719],[129.42057938925598,36.89671746095265],[129.4204776612146,36.89666744057773],[129.42041297629703,36.896861711480575],[129.4202620643931,36.89675371491382],[129.42034157582214,36.89700937390836],[129.420288564746,36.897187215187394],[129.42043898457828,36.89732407619145],[129.42046938473132,36.89763579420465],[129.42063610238614,36.89780304066267],[129.42073995576783,36.89781337311113],[129.42081180953826,36.89764171821359],[129.42106937185832,36.89778395432876],[129.42095781448432,36.8978751826549],[129.42095526458277,36.897991906440794],[129.42085273617744,36.89800162325806],[129.42078702855778,36.897854516757434],[129.42053832934147,36.897937675701954],[129.42027166978664,36.8981409769872],[129.42019681031655,36.89845184783885],[129.42030770623563,36.89847658609659],[129.42030617049815,36.898575425788685],[129.42045467099314,36.89869980297079],[129.42026018093173,36.898745369742585],[129.42030630309122,36.89900825893704],[129.42013210121314,36.89900847045757],[129.4201126312733,36.899172168532],[129.41980484407406,36.89926816594691],[129.41951357604688,36.89960780519224],[129.41897518146368,36.90130215576585],[129.41805440024027,36.90325197818152],[129.41726168468398,36.90442017752134],[129.41667877843895,36.906369499824216],[129.41563010121672,36.90851857612022],[129.41565136895676,36.90939886392962],[129.41582706054035,36.909836512425606],[129.41610629465353,36.91014693060421],[129.41633665288518,36.91024022316608],[129.41638732968943,36.91017362837144],[129.41657177082175,36.910181304628786],[129.416451192147,36.91056679869247],[129.41652107026874,36.91069517375043],[129.41666896337136,36.910697098887795],[129.41673577531344,36.910808378487],[129.41658333711644,36.911030100609956],[129.41665003312934,36.91111987855467],[129.4165329720338,36.9112219155149],[129.41649381862578,36.91142476542671],[129.41676477300282,36.91154014121891],[129.4167856995018,36.911626061977564],[129.41671512901328,36.91162730282125],[129.41687993164535,36.91192954857863],[129.41671704390163,36.911834124519366],[129.41637562726805,36.912057651540145],[129.41627494737017,36.91248895714671],[129.41641315774447,36.91251269648594],[129.41651039312748,36.912630371258224],[129.4164550150684,36.91274319828272],[129.4162719905043,36.91265499004631],[129.41615172778083,36.913050254289566],[129.41622693965496,36.91321913949597],[129.416144129802,36.91345372593084],[129.4160362373122,36.91352593419718],[129.41608906028486,36.91359328079309],[129.41577030111767,36.91378002295189],[129.4155915886066,36.91406185090507],[129.4155817521628,36.91454035336099],[129.4157187325688,36.914450185358014],[129.41576389161665,36.914537132218165],[129.41556049060745,36.91465603121072],[129.4154859159586,36.91585667884844],[129.4155103338201,36.91612742824431],[129.41578070455498,36.91658245582108],[129.41569541040712,36.916567824455605],[129.41601785239587,36.916945256414955],[129.41637852936552,36.91709689877122],[129.4169011043804,36.91679687687199],[129.41710998288093,36.91683096719597],[129.41711679337783,36.91695448325951],[129.41639406508753,36.91727947688546],[129.4163796098419,36.917445870981346],[129.4171181856338,36.91780736229986],[129.41764204778835,36.91778784844193],[129.417647685048,36.917847632576326],[129.4166808330411,36.91799860464849],[129.4167819033334,36.91828662939912],[129.41710136859956,36.91866422608067],[129.41808297825995,36.91878849859577],[129.41874881932966,36.91867751407573],[129.41855528692554,36.917980210470695],[129.41864518675789,36.917910593473664],[129.4185192833591,36.9171806086754],[129.41837688842892,36.916904837586614],[129.41767576723228,36.91643782545028],[129.41753000636314,36.91618255211594],[129.4179151031131,36.916125447809755],[129.41797300834955,36.916243318384744],[129.41788982897594,36.91628985545251],[129.41796261724903,36.91636048845855],[129.41874343892545,36.91686466931214],[129.4187490117017,36.91731533700825],[129.41920988236603,36.91724372865514],[129.41927103875474,36.917398977545886],[129.41920640998742,36.91747611725029],[129.41885455505454,36.9175305309321],[129.41883152149865,36.917595487638344],[129.41914337359907,36.918822366043386],[129.41909760081913,36.91888844017329],[129.4193090128693,36.91892548876213],[129.4194008573591,36.918835726059825],[129.41966494401407,36.91940778573268],[129.41956848468809,36.91939351525749],[129.4196405292101,36.91956283042136],[129.41950394399646,36.919486799818365],[129.41956393407804,36.91967816401741],[129.41927404544603,36.919555242648585],[129.41916521781536,36.919627168742466],[129.41933190841408,36.92020390993481],[129.41914926395827,36.92023188953207],[129.4192496803309,36.92041403173447],[129.4190686455581,36.9203796071211],[129.4190202629626,36.92053416564243],[129.41913947942896,36.92136421489318],[129.4194230814588,36.92202700912096],[129.41926425340023,36.92208085290409],[129.41952654903852,36.922188387712076],[129.4197139174619,36.922461310081914],[129.41966804119073,36.922721039432645],[129.41976796183542,36.92306584987853],[129.41959848064081,36.92303620290956],[129.4194235104991,36.923237622917185],[129.41931788029225,36.923242779624225],[129.41911198626923,36.923662987022055],[129.41900768895923,36.925334335153316],[129.4191861100901,36.92565437374506],[129.4188807483156,36.925794306466464],[129.418803053041,36.926167719288394],[129.4187174049366,36.926128358558756],[129.41880963782123,36.92604114704112],[129.41862746052976,36.926075246461444],[129.41852370192495,36.92619889484725],[129.41833032075786,36.92741633384219],[129.41818359929815,36.927415907365514],[129.41796805272318,36.92773194898304],[129.41770198818244,36.92917695333639],[129.41753643729456,36.92956527409266],[129.41740224780273,36.931033049204245],[129.41757410545173,36.93164068187531],[129.41773068021752,36.931783707728655],[129.41787145231413,36.932098486603635],[129.41836156932408,36.93240310324089],[129.41866709221048,36.93295593419086],[129.4187521786388,36.93300052429366],[129.41887759671613,36.93295425207574],[129.41888002896616,36.93310998191199],[129.41914469833236,36.933035877837845],[129.41911405065937,36.93317387726813],[129.4190111290282,36.933204985709764],[129.41910454303158,36.93330937185364],[129.41920412380853,36.93323816841851],[129.41937028411604,36.93327707980782],[129.4193273930109,36.93336368434278],[129.41914857216508,36.93331097205895],[129.41916141121075,36.933421067013576],[129.41925339198986,36.933428903395885],[129.4190481522867,36.93361933844026],[129.41909710929355,36.93366391195098],[129.41931106657267,36.93352721358903],[129.4194750469627,36.933630967943344],[129.41937315884567,36.93377473111071],[129.41919655581955,36.933780534946486],[129.41914560477096,36.933917035596934],[129.41920951238578,36.93404682882882],[129.4193571202988,36.93399677693492],[129.4196837538583,36.93404333973993],[129.4195802713061,36.93432950807695],[129.41933726781022,36.934373335790426],[129.41944144432352,36.93501094896144],[129.4196660908225,36.93561727475388],[129.42007744854212,36.93598342600008],[129.4202256696899,36.93597875579956],[129.42021026215755,36.93590137598561],[129.4204510758425,36.93597174008082],[129.4205366191972,36.93581214029704],[129.42062514064676,36.93582508788518],[129.42085847325131,36.93610241937312],[129.4207900729573,36.936235767168334],[129.42089026797757,36.93614596915969],[129.42107671157328,36.93633954467998],[129.42099799472615,36.93647117036561],[129.42080923876054,36.93649430361669],[129.42093985226,36.93649621122035],[129.420822602203,36.93654640580095],[129.42088080374268,36.93662786922104],[129.420764786486,36.93666908297105],[129.420855066726,36.93680128046553],[129.42103086140656,36.936742353094274],[129.42106258777108,36.936820011326894],[129.42123118190204,36.93683736451364],[129.42113008450164,36.93694387328518],[129.42117925661185,36.93699151135418],[129.4209235846819,36.93683162766903],[129.42083955542213,36.93684797234424],[129.42104146883722,36.937153851459705],[129.42093299256393,36.937186964964724],[129.4208471746737,36.937086066366575],[129.42062512932034,36.937273109466204],[129.42067187162252,36.937359435247494],[129.42079930258046,36.9373579983331],[129.4206987553332,36.93742104025516],[129.42083019420144,36.93755289276849],[129.42075710985137,36.93761277748738],[129.42080647444376,36.9376839494121],[129.42067930960098,36.93768496112394],[129.42065796635927,36.93779400624495],[129.42078654222001,36.93803581090444],[129.4210254634048,36.938125222887926],[129.42110500529952,36.93795726464162],[129.4213095323703,36.93793346106318],[129.4211768283247,36.93806378111958],[129.42128876545218,36.93813735897209],[129.4212401551391,36.9382623975341],[129.4213482578171,36.93831293498639],[129.42120380976533,36.93830733644679],[129.42111207817527,36.938201994771674],[129.42120407940294,36.938380267018324],[129.42137998202486,36.93849677920999],[129.42126574584958,36.93854346985047],[129.42111815870396,36.938437519642726],[129.4210313659743,36.938179192487794],[129.42092475521275,36.93870924213092],[129.42102211230423,36.938882541845025],[129.42076673999716,36.939052893202785],[129.4207625987357,36.93931977508864],[129.42097539707285,36.93953475754842],[129.4207631404031,36.93949281699607],[129.42095759984664,36.939891887733026],[129.42082740613097,36.93987616355617],[129.4208306453174,36.93996988526502],[129.42103769935494,36.940176340372844],[129.42104369947884,36.940426182889446],[129.42122728883047,36.94076823273355],[129.42108803147022,36.940802826056064],[129.42096547497223,36.94064513570399],[129.42084886726454,36.94072196449424],[129.421069650452,36.94094469855468],[129.42104661056206,36.941007695281215],[129.42084068826196,36.940965487493756],[129.42076401397688,36.9411331729114],[129.42077422878296,36.94164319057251],[129.4207296000442,36.94171749193439],[129.42074934691632,36.94179857337082],[129.42066278292998,36.941963142452785],[129.42059281037416,36.94232668754267],[129.42072749698823,36.942393236200914],[129.42078733169947,36.94254943586961],[129.42057451351158,36.94244964189493],[129.42044377942372,36.94269178184496],[129.42050711812692,36.9429900128618],[129.42059379358233,36.94300701096027],[129.42070489281005,36.94288300863411],[129.42068458987578,36.943098681639384],[129.42055071183,36.94311577043752],[129.42050435714648,36.94321278379718],[129.4205749080592,36.9433562017772],[129.42048401206569,36.943659583912606],[129.4201480738372,36.94377127223731],[129.4198460765338,36.94417729048146],[129.41871923791564,36.94708935609548],[129.41833624566672,36.948511155661905],[129.41832235482423,36.949086338886545],[129.41840830383475,36.949427897278035],[129.41857076955085,36.94971781327719],[129.41875089650162,36.949852687889134],[129.41883987907394,36.94973456255591],[129.41918354321487,36.94970995354062],[129.41929188142143,36.95000046052544],[129.4192013987075,36.95050464019586],[129.41924341315104,36.950561907909],[129.41934544534243,36.95046183085177],[129.4194790719938,36.95053943074146],[129.41938829963274,36.95063657866957],[129.41950109875398,36.95084549799207],[129.41943866897995,36.95090929530653],[129.41948703718154,36.95105682091477],[129.41962624499078,36.95107200576734],[129.4197144619275,36.951192048621735],[129.41952954581856,36.951297983584105],[129.41929127388823,36.95118033607427],[129.41908939671305,36.951291829852046],[129.418799778541,36.95174072605676],[129.41826452059635,36.95407618544697],[129.41827691985313,36.95443844003814],[129.41847277708317,36.95443290446201],[129.41850690244175,36.95453957351723],[129.41836269147015,36.954603190381206],[129.4183202001757,36.95455634834204],[129.41784439090054,36.95505163991134],[129.41769699873998,36.955108036518745],[129.41750583015684,36.95566447495501],[129.41745709943325,36.95610611554314],[129.4176862145969,36.95628130704017],[129.41728405159543,36.95622731284599],[129.4172940529784,36.956368441329865],[129.41741982752785,36.95645301833403],[129.41716957356255,36.95647957953769],[129.41697910642463,36.95672255862783],[129.4173373462182,36.95680375634014],[129.41692309926952,36.95682378862448],[129.41686930507245,36.95690546863005],[129.4170837584668,36.95701299163689],[129.41755333374036,36.95701922234646],[129.41762895805002,36.9571096204904],[129.41737914999595,36.95744785008846],[129.4170369201277,36.95731639661615],[129.41673032884017,36.95775396116529],[129.41659616733133,36.957801791295815],[129.41642153631724,36.95770609503781],[129.41605965724384,36.95842179564578],[129.4156630179495,36.959667125018385],[129.41485711901638,36.961661989708375],[129.41492033802737,36.96217572762699],[129.41508798703654,36.96246100433362],[129.41536357094608,36.96246586825495],[129.41568607764975,36.96226507902597],[129.41608172163274,36.96238746021576],[129.41606450856517,36.96263154364766],[129.41513769211687,36.96258375458018],[129.41504737193515,36.962722177274074],[129.4147551261634,36.96388767377714],[129.41482461439298,36.96434899942714],[129.4147356316658,36.96454180684588],[129.4147603080163,36.9646311916506],[129.41490612420282,36.96468829858558],[129.4148483062121,36.96485565780806],[129.41494322063645,36.96502539035733],[129.41460574377868,36.96559361457286],[129.4145425197575,36.96604242924754],[129.41460151105062,36.96610415373237],[129.41441752052674,36.96621245726293],[129.41427797410026,36.96642464949399],[129.4138292291528,36.9681164612248],[129.4134934478921,36.96863050439542],[129.41271698077358,36.97024827701214],[129.41218474816193,36.97159408192243],[129.41177110061798,36.97205116022822],[129.4114475760886,36.9726968596935],[129.41093299202996,36.973453081253076],[129.41040421094812,36.97457611145416],[129.41013654385532,36.974865437267916],[129.40962783843062,36.975834954793996],[129.40907961455474,36.97727941949877],[129.40864679715168,36.97815181483911],[129.40823959434167,36.979739767762716],[129.40835413333988,36.98035125886388],[129.4085352323425,36.98053512438879],[129.4084977584491,36.98063672472734],[129.40871910281228,36.98077362280291],[129.4087592463633,36.98100069312796],[129.40891010289175,36.981059915171244],[129.40892206509918,36.98110809677436],[129.40884169765934,36.98109606904963],[129.40893357951248,36.98115620626363],[129.40887615017678,36.98123582757143],[129.4090353746926,36.98121445072699],[129.4090059390439,36.98158039762772],[129.40939352710296,36.98181639920403],[129.4093861230856,36.98189903110785],[129.40922134115752,36.98188582008659],[129.40921618961258,36.98211260040139],[129.40940460349057,36.982277333739795],[129.40949683812522,36.98230265726633],[129.40955343432728,36.982230420857015],[129.4096181632357,36.98235685284494],[129.40971861107013,36.98230967276354],[129.40959810952916,36.98263483819033],[129.40968421818047,36.98271555796609],[129.4098328615283,36.98267689108912],[129.40990332911147,36.982885059219996],[129.4102331094621,36.982907915433316],[129.41032188845105,36.982808776709284],[129.41049335754482,36.98286952245027],[129.4105958273611,36.98282883993918],[129.4106908450459,36.98315592989651],[129.4108655776605,36.983386236571974],[129.41079000520608,36.98343830957519],[129.41102763715733,36.98343715106299],[129.41096964541939,36.983382774465994],[129.4110904971977,36.98327852476321],[129.41127768269286,36.98329606092292],[129.41131555493251,36.98344658822826],[129.41146017301543,36.983541684722674],[129.41136602971764,36.983701595588805],[129.41108378563027,36.98369229071541],[129.41090478236137,36.98359485695316],[129.41082808082263,36.983633959444695],[129.4108424542262,36.98408480087878],[129.41075881769532,36.984217748982864],[129.4106806887506,36.98414467172188],[129.410553050446,36.98420248684847],[129.4106450564108,36.98457972972525],[129.41051322588257,36.98470910297297],[129.4105537264243,36.98476324852893],[129.4110764451652,36.985003572456066],[129.41114900701814,36.98456673083762],[129.4113430028548,36.98425016217292],[129.41123070230395,36.98420536791401],[129.4112600813391,36.98415669023425],[129.41138308789272,36.984174740643105],[129.41181836515662,36.98372186592285],[129.41195779788032,36.9837185650757],[129.41158516482744,36.984064012293345],[129.41129206458007,36.984579546307046],[129.41123338586058,36.98515750804284],[129.4113203338401,36.98512872784492],[129.41138237430303,36.98524708489077],[129.41133028480982,36.98538516202918],[129.4114750049895,36.9856445764784],[129.4119065124329,36.98594473246159],[129.41203456779402,36.98628894266268],[129.4122667935582,36.98648509316047],[129.41256055223909,36.987021865947156],[129.41278887665987,36.98708848589758],[129.41324585769848,36.98747769059811],[129.41334270081504,36.987419291120816],[129.41329050342983,36.98751395673688],[129.4137494183982,36.98789296962171],[129.41388758660645,36.987836000589695],[129.41398100902597,36.98791421514536],[129.41397203973534,36.988075999793594],[129.41383161687398,36.988087894987984],[129.41401506252222,36.988845315668755],[129.41484340758586,36.98969682773519],[129.41498928070652,36.989816400438606],[129.4150971782958,36.98979255650203],[129.4151162415087,36.989913677069296],[129.4157192660271,36.99035713549921],[129.41585234600763,36.99036907980046],[129.4160533109819,36.99021411134082],[129.41616862116163,36.99028707568371],[129.41589357547,36.990525530377326],[129.41652252247096,36.990946817570084],[129.41690258914255,36.99079201126274],[129.41692795147375,36.99068238696246],[129.41640148251088,36.989896485521385],[129.41649171999794,36.98982261472583],[129.41708354251915,36.99073507289213],[129.41738214563475,36.99069318956724],[129.4174749910209,36.99077078056029],[129.4175135574067,36.99110793088072],[129.41740441052357,36.99148968960933],[129.41755733484544,36.991550019571044],[129.4174806467301,36.991716494792996],[129.41764863723847,36.99169904112003],[129.4177528340505,36.99191063180258],[129.4177201536237,36.99203238799277],[129.41749218922703,36.992138132810155],[129.41768355262593,36.99219918618653],[129.41754354706558,36.992222156135064],[129.41770845088817,36.99231170813721],[129.41754604740012,36.992422157359634],[129.41757932550658,36.99250407986016],[129.41779654880006,36.99264646247205],[129.41807410537757,36.99250947213833],[129.4183024555536,36.992671082623986],[129.41829269164072,36.99277905438271],[129.41863832177046,36.992742038916795],[129.41879070342694,36.99296663223073],[129.4189202429906,36.99289848998454],[129.41899063192804,36.9929797614565],[129.41893970123112,36.99330574736892],[129.41881803675443,36.993335226175],[129.41862954845612,36.99320746510346],[129.41859141116882,36.99330850404498],[129.41870159586514,36.993495038978764],[129.41882334413876,36.993463964528715],[129.4188223941793,36.9936219918678],[129.41872985738368,36.993618936614865],[129.4188636043089,36.99382469552955],[129.41866385151965,36.993839839863405],[129.41854117240703,36.99370538503562],[129.41801699187357,36.99391026280127],[129.41792419140728,36.99425174338505],[129.4174520215199,36.99462061199512],[129.41740162002765,36.99490912874385],[129.41750755354767,36.99496985923688],[129.41752845204545,36.99512186880809],[129.41769347784657,36.99507256036873],[129.41772065771562,36.99532346482019],[129.41767560451666,36.99536921573424],[129.41747622849547,36.995198387038855],[129.41729428522544,36.99548119065346],[129.41735386599598,36.99570615129772],[129.41721681541043,36.99568100127482],[129.41707514332896,36.99580074535345],[129.4168857084917,36.99627018326135],[129.41680010781212,36.99700728178284],[129.4168456193744,36.99735653607144],[129.41693620865652,36.997394444239596],[129.41699100122236,36.99770725483739],[129.41726089139965,36.99813038402641],[129.41734328482016,36.998496599462904],[129.41775266442218,36.99872551300488],[129.41795971445552,36.99861507904821],[129.4177894876382,36.9988465243142],[129.41805976052186,36.99873661225106],[129.41810167421852,36.99894458897727],[129.4179238858056,36.999066732216704],[129.41791343271123,36.99919123136757],[129.41799466673754,36.99914162830588],[129.41810583803175,36.999228849289274],[129.41804623374054,36.999313982741796],[129.41782356788192,36.999334512861715],[129.41782906922327,37.000000513573816],[129.4179740577895,37.00026876715761],[129.4181477034649,37.00019666531874],[129.41822990768705,37.000403221791665],[129.4182146702135,37.00050813727692],[129.41806638674294,37.00046590010468],[129.41796811184196,37.00078234066814],[129.41750299975783,37.00133032401978],[129.41732694832163,37.00313666674527],[129.41744076950877,37.003415665942235],[129.41768529473916,37.003635718271475],[129.4177820807464,37.003640713604945],[129.41788534580454,37.003853185698105],[129.41766627164455,37.00407712113495],[129.41732659597633,37.00487211240436],[129.4172793948363,37.00551861379151],[129.41744949121693,37.00575588529561],[129.41769021818422,37.005759534089606],[129.41770291864367,37.005655074336985],[129.41854707282303,37.00569318634753],[129.41871833960175,37.005202649497384],[129.41865721000724,37.005041883222695],[129.4188468790524,37.005020036426885],[129.4189423585124,37.00512258898288],[129.41933484177508,37.00505767038687],[129.41894589831588,37.00522940177307],[129.41896226725504,37.005622915706354],[129.41876485857733,37.00589007795456],[129.41848684369444,37.005974471358535],[129.41754203169108,37.00591598231862],[129.41702820635234,37.00632858692698],[129.416937691971,37.00665004213942],[129.4167179037508,37.0066731169805],[129.41632055071491,37.0071300890414],[129.41649792539002,37.00793614230164],[129.41621949466597,37.00845393350099],[129.41612589638135,37.009957515515104],[129.41621423979882,37.01012795516367],[129.4159440492243,37.01085933996805],[129.41612763648956,37.0113290255765],[129.41599139399943,37.01162920599515],[129.4154621532602,37.01183581453574],[129.41465250686795,37.01293441264604],[129.41443631084644,37.013409381191856],[129.41439455708326,37.013772504206045],[129.41400509952757,37.01491480866931],[129.413993441033,37.01499514134903],[129.4144092625218,37.015133240525564],[129.4146227544908,37.015498573362045],[129.4143845522272,37.01556970758822],[129.41421080875202,37.01525245100037],[129.41377612759948,37.015057109997805],[129.41346751231154,37.01531988172019],[129.41332141119676,37.015719135003856],[129.41355714062894,37.01579401389061],[129.41349660236443,37.015946380060406],[129.41408064855864,37.0159970121462],[129.4142482095619,37.01590760795011],[129.4143799057278,37.01594737265896],[129.41438638864477,37.01608370877215],[129.41398486933872,37.01616536928476],[129.41344085672853,37.01600994122606],[129.4131505851077,37.01641639371109],[129.41301659278028,37.01680378488908],[129.41284039290764,37.01677982763706],[129.4123031970989,37.01796470651392],[129.41216525142943,37.01851408906311],[129.41191044086028,37.01879587227624],[129.41179465892102,37.01917138776465],[129.4111690259128,37.020044035797184],[129.4110568080826,37.02041437195321],[129.4109716609721,37.021386540858934],[129.41085710776446,37.021591531155096],[129.41088048438195,37.021811280152875],[129.41073459563825,37.021810382651665],[129.41071004243798,37.021960444492784],[129.41058282194018,37.021923483418576],[129.41062325787328,37.02203958935344],[129.41055027571423,37.0220743246988],[129.4103598695811,37.02281753550439],[129.41010625695887,37.02297027715748],[129.409937202303,37.02369549960859],[129.40989468744857,37.02458765582883],[129.4096044007603,37.02643453728685],[129.40959930135256,37.02898604635767],[129.40995422474396,37.02987841059131],[129.41014528061623,37.030113984767674],[129.41058749971594,37.03002320422139],[129.41018479041296,37.030206459984356],[129.41020901426214,37.03062548872015],[129.41034954197875,37.030915526039074],[129.41154216352047,37.03165675618105],[129.4116657115918,37.03192840313832],[129.41216080201824,37.0323974347066],[129.41411165478962,37.033297674810925],[129.41407514224974,37.03266291969951],[129.4146381212891,37.032093476588024],[129.4148018061986,37.03227511029071],[129.41426457031355,37.03270677990986],[129.4143175385255,37.033318836946194],[129.414664254475,37.033419076727334],[129.415595666871,37.033367196964775],[129.4155192982828,37.03203509623462],[129.41503559926343,37.03147918825609],[129.4153010697876,37.031352154187],[129.41586011711064,37.03205419378908],[129.41600700658654,37.03383137435032],[129.4166900699895,37.03390979529577],[129.41670208578444,37.03385850924758],[129.41686714104654,37.033993107894254],[129.41690065081207,37.033839925220974],[129.41707577839205,37.03404257283448],[129.4169937380426,37.03384660822182],[129.41716815971293,37.03377006210027],[129.41734137661803,37.034011733053596],[129.41725223845216,37.03436535607243],[129.41716669163932,37.03436881088233],[129.4170913203831,37.034239447231286],[129.4168847730178,37.034274377643634],[129.41684618151774,37.034641330266396],[129.41673238290417,37.03462499726846],[129.41658598840763,37.0347298998941],[129.4170465510384,37.035044621577434],[129.41713665261568,37.03569702173789],[129.4170120565623,37.035774320921306],[129.41679199501002,37.03573507740892],[129.41679992230004,37.035400590331335],[129.41668552589917,37.035108642851604],[129.41633971176014,37.035131319896806],[129.4159831944218,37.03530245488288],[129.41544198584663,37.03607000141059],[129.41491161422627,37.037401891298096],[129.41488962127318,37.038035761403464],[129.41502449403347,37.03827398343506],[129.41535638591503,37.038561993176614],[129.41583967427593,37.03861344546269],[129.41583201967364,37.0382485030136],[129.41619365039125,37.03820008216523],[129.41631814637788,37.038782899347886],[129.4160724765743,37.03968192875991],[129.4156535856745,37.04013149076235],[129.41536980381943,37.03998119487772],[129.41559006286542,37.0397078767324],[129.4156918800008,37.03973112792225],[129.41582687496918,37.03959712552198],[129.4158095967502,37.03950811487124],[129.41555985637567,37.039383453141895],[129.41531788463948,37.03930841254375],[129.41499596008174,37.03932190164856],[129.41445530721447,37.03959280259537],[129.41396113567902,37.0409722384159],[129.41378673712455,37.04124288935009],[129.41384494123955,37.04131353392995],[129.41353399189705,37.041883912429725],[129.41353231944342,37.04243623375269],[129.41371912651255,37.042538407439224],[129.41342475277327,37.042541784186675],[129.41320708052356,37.04300050941139],[129.41323040999578,37.04335465658956],[129.41358175423017,37.043626151776714],[129.41403906048183,37.04378254280261],[129.41455100655833,37.04376949576001],[129.41491671795671,37.04293262014945],[129.41485086663062,37.04288652655927],[129.41493358229485,37.04262963099538],[129.41523667139214,37.04266805522693],[129.41471834928362,37.04400644199123],[129.4132643225809,37.04442199444684],[129.41320367826683,37.04532302785832],[129.41375195806205,37.049285515334766],[129.4137219428985,37.049345320301036],[129.41363410136498,37.04924330853275],[129.41358889452914,37.04930413280591],[129.41460511862647,37.05076981575298],[129.41557711986127,37.05163124472987],[129.41986421495545,37.05063691754787],[129.42009285420414,37.05064761692685],[129.4201796330223,37.05090676377445],[129.42001572416007,37.05099966602375],[129.4195080220586,37.05100522115799],[129.41537303199195,37.05188738428859],[129.41537164154727,37.05239753747561],[129.415734215063,37.053037161122944],[129.41613966601298,37.05358701300434],[129.4166071563921,37.05352545122185],[129.41705666307465,37.05482887459859],[129.41865508008877,37.05609603873596],[129.4193534311358,37.05544426536243],[129.41944653117798,37.055501767188154],[129.41978115625633,37.05509515816884],[129.42003807478167,37.055153043925266],[129.42002790275333,37.055294277463645],[129.41982475427582,37.055364441532504],[129.41956954238137,37.05559007953637],[129.41967211515106,37.05566477596771],[129.4191396620498,37.0561669122513],[129.419068789829,37.05612219948602],[129.41845018219945,37.056651994233114],[129.41863333879485,37.056922371250366],[129.41876171057268,37.05687757649291],[129.41887119405175,37.056955636266665],[129.41880992374166,37.057005294873655],[129.41899672815777,37.05707934184361],[129.41941852019866,37.0567071938858],[129.42034455660695,37.05746223174381],[129.4215105239383,37.05798406733004],[129.42425102073437,37.0577338630215],[129.42587457654662,37.05560044123984],[129.42484498389499,37.05520744430244],[129.42464702906008,37.05553497070147],[129.42422073592004,37.055378088179644],[129.4244147221897,37.05504417900949],[129.4216745977265,37.054018291079316],[129.42186341322773,37.05365333989515],[129.42127438846427,37.053521844892614],[129.42126877453407,37.05335176417602],[129.42143814297367,37.053291368854445],[129.42171643312594,37.053487259828444],[129.4219870972888,37.05348948635281],[129.423940712016,37.05413409293902],[129.42447528814742,37.05313946265708],[129.4240843960598,37.052242257571486],[129.4235983712148,37.05155134297639],[129.423134472361,37.05104957186669],[129.42210745736182,37.05026211944144],[129.42129671124175,37.04984334693595],[129.42116212559986,37.04988020993587],[129.42085885183658,37.049746774408774],[129.4208640210892,37.04953477992185],[129.42108616697814,37.04942872875181],[129.42218015008035,37.049946217131534],[129.4229296265127,37.05045672384847],[129.42343016026646,37.050880107347574],[129.4240423318221,37.05159018733274],[129.42478713851887,37.05290575678585],[129.42500405916738,37.05386657388542],[129.42475557056855,37.05441034267221],[129.4275820590505,37.05546116274211],[129.42790009297977,37.055670121322336],[129.42818453530586,37.055613144272684],[129.42843395346839,37.055654565189336],[129.42866572791718,37.05585890911623],[129.42871332710644,37.056032905675444],[129.42936678257882,37.05630410151697],[129.4298568051672,37.05665997923083],[129.4297987485602,37.05758769660854],[129.4299935534214,37.057778149287195],[129.42998707184438,37.058406771368595],[129.42933228814258,37.05891179616222],[129.42884354113008,37.05900495870801],[129.42845930848313,37.059289178281915],[129.42815522588202,37.05927106158579],[129.42756591517102,37.05988843000673],[129.4275484143171,37.060349702398824],[129.4274175568807,37.06059555071135],[129.42729731617277,37.060599275146245],[129.42723424520668,37.06070348562595],[129.42743244430991,37.06084142659062],[129.4272679907331,37.06085144862532],[129.42722901355708,37.060998153734715],[129.42764551702135,37.061705856735166],[129.42768934604612,37.061950586987706],[129.4274306059896,37.06268044881818],[129.42717663181384,37.063916901423134],[129.42705917813493,37.06396039407983],[129.42706724252548,37.06415459430596],[129.4271877170915,37.064320411967266],[129.4270258966068,37.0643888758282],[129.4270203906623,37.06423311200711],[129.42683556491244,37.06430797009743],[129.42682588624567,37.0642123677436],[129.42666287985432,37.064108735049786],[129.4267240798266,37.06401556547369],[129.4263704536934,37.06383462245618],[129.4262234247141,37.06383170770074],[129.42600978514972,37.063896290951014],[129.42564638457742,37.064161503799745],[129.42566635714758,37.064307282606805],[129.42549227330412,37.06453833575143],[129.42550018967344,37.06474369291724],[129.42624199120849,37.06480312299379],[129.42632807281458,37.06486554243283],[129.4263212125504,37.06503486072931],[129.42598876138518,37.064982612511145],[129.4261125487031,37.06509317418674],[129.42594608955673,37.065122722931115],[129.4258435616999,37.06496495399875],[129.42581771169048,37.06515612699005],[129.42573274008757,37.06502120900946],[129.4257062611631,37.065186144750534],[129.4256709616483,37.065082730478125],[129.42553921617156,37.065110965033114],[129.42554364635413,37.06535653407409],[129.4253625360112,37.0651766044581],[129.4247194680577,37.065545494669436],[129.42296520289483,37.066208084450416],[129.42294567881626,37.06639508134322],[129.42282926957864,37.0663917713256],[129.42280304007048,37.06625354717784],[129.42206016756018,37.06649543603371],[129.4218652635331,37.06665792391658],[129.42151054621382,37.067193493117294],[129.42168043199683,37.067418819380194],[129.42158301305298,37.06746069585207],[129.4213194202102,37.067380393507314],[129.42106779332033,37.06747848339387],[129.42075234802584,37.06778581962499],[129.42051299950873,37.068166831704396],[129.42033246515254,37.068585780703394],[129.42059304509337,37.068588155939445],[129.42043086064078,37.068653264017215],[129.42046205850775,37.06871890281104],[129.4206747896022,37.06866805457094],[129.42067930638058,37.068767256106526],[129.42053241404693,37.06878516106731],[129.4206259859384,37.06881420739377],[129.42058818946475,37.06886398332323],[129.42034932630906,37.06875975818677],[129.4203309232001,37.06884345826491],[129.42012449806725,37.06884677324254],[129.42016836346355,37.0689612391158],[129.42009524949978,37.069038969892034],[129.41995921211318,37.06892996037057],[129.41980005806417,37.06891430324235],[129.41983935699878,37.06898694477361],[129.41899378357334,37.069235154349755],[129.41905118139758,37.06927236632642],[129.41899203728948,37.069327995058345],[129.418842324326,37.069304017241414],[129.41846355389782,37.06959698087412],[129.4185230408088,37.069720358064295],[129.41785052646807,37.06985425138272],[129.41728590754758,37.07029245022609],[129.416707310341,37.070456056395386],[129.41596567165882,37.070788355879905],[129.41541391215898,37.0712270754211],[129.41447038122422,37.07168577059468],[129.4128656265449,37.07269223534275],[129.41248825746533,37.07284286680007],[129.41232626961926,37.07298920605871],[129.41228806639018,37.073233143491606],[129.41188620584114,37.07317472368431],[129.41142322306675,37.07333846799267],[129.41109311095403,37.073552444950536],[129.4110193101186,37.073743111586545],[129.41066268721514,37.07391417865322],[129.4101333445499,37.07431570397273],[129.40863518096404,37.07500061073012],[129.40823252018953,37.07538623098738],[129.40720499844707,37.07609578192733],[129.40337145978071,37.07828775284616],[129.4011105113076,37.07994487181391],[129.39999994426356,37.0804707401268],[129.39764453743732,37.08233677582108],[129.39667903993742,37.08319362434853],[129.39589967179776,37.08375222932158],[129.39544283167072,37.084257352161586],[129.39532840817313,37.08442879333919],[129.39535870793753,37.084581087344574],[129.39508292189478,37.084948195753725],[129.39507145755783,37.0852360117547],[129.39493594791585,37.08538665065223],[129.39501139736083,37.08562110338433],[129.39487289911673,37.08603314637204],[129.39500161814703,37.086751603326164],[129.39514511863933,37.08710361808837],[129.39529480454306,37.08721010150129],[129.39489455110316,37.08730622701378],[129.39481091898588,37.087435588920314],[129.39422675076796,37.08753676054326],[129.39419378328344,37.08767148186205],[129.39345293849647,37.08825265041643],[129.39323388658008,37.088612801666606],[129.392731737557,37.08886667833923],[129.39240619928162,37.08924215300664],[129.39195358763425,37.089501614134356],[129.39100015006971,37.08953402734801],[129.39093747216717,37.08963410457567],[129.39112106498513,37.08971603921889],[129.3911675604483,37.089886377577],[129.39088927695673,37.090195018645936],[129.3907050789687,37.09032617999292],[129.39021713091333,37.09029888086443],[129.38989581573713,37.0904074947258],[129.3898645445291,37.090519545531954],[129.38897902523402,37.09131919260887],[129.3841859401433,37.09535807629868],[129.38208989465107,37.09724228681496],[129.37994001226411,37.09899436299226],[129.378642761755,37.101087913747435],[129.3791157852123,37.101247258359216],[129.37903907945483,37.101424361897735],[129.379253746105,37.10158975866282],[129.37927637107254,37.101894394349],[129.37923349119086,37.10193148463737],[129.37821418934442,37.10163809287869],[129.3781245120511,37.10292564008741],[129.37986821750417,37.103524673717715],[129.37989983361393,37.10370095750928],[129.3797967645895,37.10375450840858],[129.3783191730205,37.103235957297464],[129.37770411902147,37.10351929330841],[129.3772481524962,37.10389489231671],[129.37704662790014,37.10426721777613],[129.37698322448523,37.104712301155836],[129.37705514827923,37.10485008861129],[129.377189110262,37.10484351478117],[129.37740775055664,37.10498178775168],[129.37710174222894,37.105025710591505],[129.3770807853192,37.105081293595354],[129.3776784424877,37.10511754404644],[129.37773507147946,37.105171873772846],[129.37767876012012,37.10520427865108],[129.37793051525173,37.10530200769906],[129.37804195057598,37.10546013082131],[129.3778098443206,37.10552270133084],[129.37811720469298,37.10551874112768],[129.37811622436305,37.105597552281104],[129.377683755806,37.10568284160338],[129.37784759378036,37.1059810773148],[129.37768563302583,37.105970583304284],[129.37766640715125,37.10587360039139],[129.37755163167458,37.105953173107494],[129.37735993862225,37.105784255079875],[129.37720238103998,37.105913265053246],[129.37691569821433,37.10590139322621],[129.37647289408136,37.106223756878876],[129.37661706369386,37.10632592182443],[129.37644435288146,37.10646757161801],[129.37635159903311,37.107056764739234],[129.37675543515223,37.1074196720065],[129.37612670009793,37.107312768093664],[129.3752909047659,37.108405676804004],[129.37494749983733,37.109020516573864],[129.37503281812695,37.10914474782478],[129.37500597598444,37.10937507988447],[129.374851905697,37.10953119031841],[129.3748374579369,37.11004753573039],[129.37466219221065,37.11021633791973],[129.37468592890508,37.11053514936407],[129.37458190050012,37.110578882389085],[129.37456724721392,37.110782035011106],[129.37490277062977,37.111960110324354],[129.37550186369702,37.1125200160506],[129.37591000091328,37.112629697791455],[129.3759121180816,37.11232072527961],[129.37621575413215,37.11221544485613],[129.37699329141594,37.11247692993673],[129.37694689424384,37.11256369130964],[129.37633675624983,37.11235977232108],[129.37615678901008,37.11238748065211],[129.3761584921575,37.11327373856037],[129.3767722345615,37.113294295404046],[129.37698616606713,37.113201815805816],[129.3773206644137,37.112526641999516],[129.37719767459714,37.11219890325452],[129.37731633341704,37.112150192699325],[129.37746219576388,37.11225317047236],[129.3776189968179,37.11265134472726],[129.37730720515526,37.113503361096306],[129.37690558780596,37.11368126473285],[129.376509422529,37.11353374997206],[129.37629529336084,37.11354496405699],[129.3761140624071,37.113969513674306],[129.37616165393592,37.11425272802823],[129.37632516001227,37.114480503877225],[129.37658544351305,37.1144242198476],[129.37683650709403,37.11449569891452],[129.37690416788962,37.11459859070407],[129.3766648078819,37.11468172262811],[129.37664553221694,37.11476129564014],[129.3770662370396,37.115103994526216],[129.37725701969674,37.11511336567996],[129.37735529157302,37.11499704301718],[129.37754002764208,37.115154339522284],[129.3775335622522,37.115014738869306],[129.37771851001546,37.11504386341272],[129.37785734358502,37.11516082823777],[129.3779755405323,37.11508514772162],[129.37809499888215,37.11532631905088],[129.37784903165905,37.11519715764608],[129.3777716045842,37.115354123225565],[129.37764917681747,37.11533773682877],[129.37757990496402,37.11522167789583],[129.37761894130503,37.11538308757736],[129.3774475395437,37.115383715394984],[129.37712151955176,37.11518216326736],[129.3769700714009,37.11529374346507],[129.376968808516,37.11546046116229],[129.37715971370636,37.11578916572807],[129.37733361638797,37.1157865942714],[129.37740311185652,37.11567037767263],[129.37751505332787,37.11565733198248],[129.37771446241132,37.11577420800394],[129.37769151723947,37.11601732746046],[129.37777060820108,37.11611078044096],[129.37873850293198,37.11663465258467],[129.3786737030289,37.116703924701305],[129.37846409115494,37.116594791033016],[129.37842124645513,37.11664612271295],[129.37860921388267,37.116849434878276],[129.3788890688856,37.11696663169575],[129.37900250002505,37.11717690208097],[129.37906600029825,37.117480167971976],[129.37898982135516,37.11750773040901],[129.3791153290603,37.11765423294998],[129.37888373780518,37.117669339277995],[129.3790806229554,37.11792637406667],[129.37897041191962,37.11794853473985],[129.37898186564072,37.118065892460166],[129.3792433515996,37.118273278049976],[129.37950108850066,37.11822445363785],[129.3795976475543,37.118507344846826],[129.37919897031696,37.1184940394118],[129.3793217709079,37.118875584770095],[129.3790240248094,37.118988266969815],[129.3789647195105,37.11976702212464],[129.37854631248175,37.119650398622326],[129.37843588658333,37.119190333164724],[129.37819700514333,37.11899429539567],[129.3778983707833,37.118951771040805],[129.37737089472958,37.119084940387346],[129.37707510445475,37.11931456365728],[129.37714527550526,37.119479019642455],[129.37731317457082,37.11953483066859],[129.37741218772035,37.11966827671804],[129.37724574675948,37.11970386530842],[129.37694452714027,37.11945484842607],[129.37678723796844,37.119422805377056],[129.3765050772412,37.119559003378015],[129.3763445593958,37.119742519753004],[129.37612379038575,37.11977626119548],[129.37541045393488,37.12069906050337],[129.37506235577416,37.120964185572014],[129.37499997651548,37.12133955754761],[129.37480910453485,37.12124917531354],[129.3745330512979,37.12166000038264],[129.37438503737457,37.12174560368246],[129.3742064357456,37.12212511882589],[129.37367861901856,37.1226070450375],[129.37330397399677,37.12338410771564],[129.37338506985142,37.12361908784526],[129.37355878559515,37.1236626609177],[129.37352605631222,37.12357873897464],[129.37370119332036,37.12356272838419],[129.37373001595006,37.12368033744708],[129.37346904338608,37.123811070438585],[129.3736647277594,37.12387242374905],[129.37348336123378,37.1239520324033],[129.37336179263602,37.124160137316814],[129.37305515133676,37.1242223774827],[129.37330269386882,37.124488058446076],[129.37313505633986,37.124512004785444],[129.3729654630481,37.124436652201624],[129.3725582025476,37.125000242297304],[129.3726530680215,37.125273662622554],[129.37282807655833,37.125368589930424],[129.37250861862617,37.125309061228315],[129.3726267609626,37.1254019148644],[129.37253918330742,37.125481920178395],[129.3728445812693,37.12574266358657],[129.3726934221158,37.125737807706464],[129.3725994600997,37.12559087400093],[129.37233294244695,37.125692558807735],[129.37181251403328,37.12628564357083],[129.37164803805246,37.126526267093276],[129.3713972081701,37.12751625875061],[129.37139908567545,37.12799967753929],[129.3715788717828,37.12811210724512],[129.3717595505895,37.12808826708797],[129.37171807817248,37.12814913290841],[129.371893973231,37.128164817639004],[129.3719538033823,37.12826390243241],[129.37189880117094,37.12830526717642],[129.37199025632782,37.12828987776487],[129.3717936635936,37.128609631163954],[129.3723695856359,37.12914970906977],[129.3724485359633,37.12937835677338],[129.3723484072612,37.129448358548004],[129.3719412309287,37.12942504664682],[129.3719049513631,37.12923005477325],[129.37202522414657,37.129270540844146],[129.3721454672286,37.12920639542509],[129.37182293367718,37.12884740816855],[129.3715898285005,37.128787201791134],[129.37136580662832,37.128885080482696],[129.37142169928876,37.129026347776936],[129.37126973143594,37.12899486254884],[129.3711050516834,37.1291048760382],[129.37086129017385,37.12955108122004],[129.3710401366966,37.13027217323415],[129.3714143441443,37.13063933778444],[129.3715675977606,37.13062267260977],[129.37160844211593,37.13073593184788],[129.37185111668467,37.13080457715392],[129.37272755989713,37.13082976758745],[129.3729058930269,37.13099312662032],[129.37310504340456,37.131049949984686],[129.373154263329,37.130956088445295],[129.3733791153588,37.13094678023571],[129.37321858114962,37.1310269200058],[129.37322718111054,37.131111234142146],[129.37369280585364,37.131688801830265],[129.3736054573483,37.13170891261909],[129.37362914442386,37.13178533981941],[129.3734934803596,37.13176783294627],[129.37339981732563,37.132088786192554],[129.37352187843356,37.13212064047007],[129.37349847528145,37.13219480546846],[129.37371051965016,37.13221306947552],[129.37381014269246,37.13243394725132],[129.37395380933577,37.13243725894663],[129.37395077769423,37.13251409866992],[129.373803189965,37.13252351301211],[129.37381626127188,37.13259506259404],[129.3739629269011,37.13258545371637],[129.37385553875885,37.13262289526487],[129.3739389014374,37.132633876953015],[129.37393908211058,37.13274154860538],[129.3740176072066,37.13267520568432],[129.37427635735352,37.13266597702203],[129.37409304192806,37.132771614401875],[129.37427987899616,37.132878653880034],[129.37412576780616,37.13295502955766],[129.37427536436655,37.13298849438473],[129.37424374797234,37.133080882830185],[129.374454659246,37.13312697902466],[129.37456821451562,37.13308055715398],[129.3745243401883,37.13319500398603],[129.3747426296411,37.133167155529264],[129.3749627398633,37.13340655017936],[129.37488341231744,37.13381254784456],[129.37495996926594,37.1338733318285],[129.37486391220733,37.1338641542189],[129.37482433484107,37.133974635983904],[129.37469633894878,37.13396376890373],[129.37464091969224,37.134039377937206],[129.37471127877595,37.134101221804464],[129.37462435771877,37.13410641204956],[129.37485320802395,37.13414799034036],[129.37469584219374,37.134199713889835],[129.37486895948803,37.13427576042687],[129.37464169829468,37.13457615260647],[129.37446288827454,37.1345669579865],[129.37455418605484,37.1347177958172],[129.37442819495843,37.13485277241204],[129.37452435568957,37.13497585560628],[129.37489300925958,37.13503754894279],[129.3748234755869,37.13516973365137],[129.37460726549372,37.135139979499115],[129.37483340327296,37.13541273209474],[129.3749862690129,37.13540654062983],[129.37479005083608,37.13561043013445],[129.3745621180105,37.135491530892665],[129.37446805963492,37.13558837890957],[129.37420659536187,37.1355672144557],[129.37410801883576,37.13567072298596],[129.37401153979823,37.13565064487162],[129.37405931638295,37.13555137374764],[129.37394402121353,37.13543767688575],[129.37364549659947,37.13565895404019],[129.37345521045324,37.13561218973223],[129.37340030551687,37.135494042350295],[129.37339636209535,37.13561335534051],[129.37330865688236,37.13564324248249],[129.37316587238172,37.13546641860705],[129.37302325700972,37.13564585130318],[129.37168506472688,37.13564845148611],[129.37182592195495,37.13575436432924],[129.37210321250248,37.13575970249787],[129.37193668107068,37.135879706607874],[129.37202725389702,37.13590470342884],[129.37201462056794,37.13597695308298],[129.3717942052515,37.135947182732835],[129.37189677921677,37.13587879302411],[129.37171631497958,37.13591263542036],[129.37163925465867,37.135842050357475],[129.371202889297,37.13580373302071],[129.37087343373912,37.136005558761376],[129.37036235166195,37.13651741762693],[129.3678378160214,37.13953933819583],[129.36718868935887,37.14017354125713],[129.3665687060632,37.141078587379745],[129.3664638064799,37.14154255232274],[129.36650693813075,37.141620291510705],[129.3666840671233,37.141601076098794],[129.36666482116135,37.14172836032242],[129.36647698739196,37.14175696182899],[129.36652052840844,37.141854694198145],[129.3663740722697,37.1418772639419],[129.36617668488708,37.14204938015236],[129.36612563616816,37.142418731772416],[129.36577371093884,37.14276237577926],[129.36560053712614,37.143234297217425],[129.36567603234096,37.14347699054602],[129.36573523792342,37.143393101735576],[129.36588283163667,37.14346371187807],[129.36575959786825,37.143654648500686],[129.36595644960443,37.14368498926284],[129.36586295087446,37.143845597971],[129.36595213042494,37.14396757216883],[129.36582497082676,37.14402547441901],[129.36594119582102,37.14421969287994],[129.3658756127998,37.144230861558434],[129.36598405268128,37.14426393828427],[129.36601067321706,37.1443666329819],[129.36607492477194,37.14428235990706],[129.3661343437412,37.144306789122965],[129.36613124245292,37.14434309146828],[129.3657314660377,37.14446656828956],[129.36574299585314,37.14461268418954],[129.3658125236716,37.144660964762394],[129.3660394802611,37.14462165906661],[129.36610527714737,37.14477466686409],[129.36567521110166,37.14491160814276],[129.3654842730613,37.14485218024074],[129.3654422132524,37.144724847475146],[129.3650853601604,37.1448666699036],[129.36508922950446,37.14498808040945],[129.36495674936504,37.14500644116394],[129.36510509643915,37.14515231073594],[129.3649645588188,37.1451397587941],[129.36498576605152,37.14523529525407],[129.36434971575903,37.145765416136996],[129.3643692998065,37.14586493310763],[129.36429633333987,37.14585081693889],[129.36396836100286,37.14624342174746],[129.36277388807312,37.14576643716014],[129.36201122892527,37.144936876852015],[129.36150761679497,37.14483341375917],[129.36107982385704,37.14483511539714],[129.36065936530287,37.14501281077585],[129.35914579068375,37.144955288923384],[129.3588035609103,37.14522464998555],[129.35829053471755,37.14522784989152],[129.35791927341467,37.14493797263235],[129.3575036169527,37.14503128020277],[129.35721252243218,37.14488523020501],[129.3568217318419,37.144922566590644],[129.35663734761508,37.1448300397692],[129.35637815088702,37.14486476645446],[129.3560142642649,37.145136477758285],[129.3550139544798,37.14559682355565],[129.3548490556026,37.14573715306166],[129.35424803946034,37.145890099753814],[129.35396384817204,37.14580366773754],[129.35357665008092,37.145923034140466],[129.35347141889864,37.14609882429424],[129.35325532080486,37.14617260617032],[129.35300813017776,37.1461057964925],[129.35271791044536,37.14622807239737],[129.35207199056524,37.14630849829997],[129.35152361980974,37.146116433746634],[129.3507441110144,37.14629613698591],[129.35052556007372,37.14622672607619],[129.3498514069689,37.145661918412365],[129.34974023485788,37.14540062440761],[129.34899484435755,37.14523341674876],[129.3490858258908,37.14645429739424],[129.3478355644041,37.146447626709076],[129.34684757110267,37.14617853205986],[129.34605647256825,37.14573673106461],[129.34461083495066,37.146021550474835],[129.34433572993944,37.145953165297044],[129.3437560348828,37.14553265422302],[129.34347839341496,37.14551662115588],[129.34329510555438,37.14529641155893],[129.3427923456044,37.14508047844678],[129.34224364287235,37.14499055169869],[129.34160052317722,37.14513599541135],[129.34099451977795,37.144603013987116],[129.33995603684838,37.145331350493066]]]]}}
