{"type":"Feature","bbox":[128.34814418337692,35.05213477752534,128.6400034252339,35.22250908718323],"properties":{"regionCode":"48125","version":"vworld-20260909-3f8952dfda77-p2","name":"경상남도 창원시 마산합포구","attribution":"국토교통부/K-Geo플랫폼 · VWorld 법정구역정보, CC BY 2.0 KR; 두꺼비집 가공"},"geometry":{"type":"MultiPolygon","coordinates":[[[[128.57451388994605,35.06326416781801],[128.57417833503206,35.06333222343788],[128.5736227783725,35.06318639053683],[128.57356222364228,35.06309861235706],[128.57364472294887,35.06300361139372],[128.57352055669637,35.062818611721596],[128.57336555653396,35.062647501067765],[128.5731258347266,35.06254222314212],[128.57272416759528,35.0625538896723],[128.57223889001403,35.06269250140447],[128.57183638931957,35.062636945760175],[128.5710747233431,35.06267527916354],[128.57055805708973,35.06227194550788],[128.56992027872346,35.062231112329364],[128.56965639010315,35.062007778886546],[128.56956750144582,35.0617044455854],[128.5696644451023,35.06153694556768],[128.5707105561429,35.061065834543335],[128.5710944446655,35.06070777874688],[128.57139250116586,35.060310001684584],[128.57142388991429,35.0601408341311],[128.57139444617547,35.059975834999555],[128.57115611190937,35.05977055605909],[128.57057888950794,35.05968166733928],[128.56998250030944,35.05947944489756],[128.56970333390714,35.05914277855879],[128.5698300018684,35.05869888979389],[128.56979194557175,35.058589167108174],[128.57004472300952,35.058255000459205],[128.57002250175472,35.05810833420602],[128.57011777941344,35.058017500425095],[128.5700691682393,35.057851112783474],[128.57028000011343,35.057447501170515],[128.5702038906576,35.05730777908227],[128.57041222324273,35.05713694577822],[128.5705655563061,35.057112500475846],[128.5709194453056,35.05721750165334],[128.57170527788463,35.05760222346554],[128.57265000106887,35.057743889879454],[128.57310333368815,35.0585919453892],[128.57304805699724,35.059004445905394],[128.57324639065192,35.05929055732789],[128.57325611143548,35.059466389288346],[128.5730622231462,35.059904446247764],[128.57342833409112,35.06030444474259],[128.57398333418584,35.06044388989378],[128.57466027830154,35.06037639025933],[128.57486250108155,35.060465834017066],[128.57501166723213,35.06044555599627],[128.57538361204047,35.06066000119021],[128.57537888945808,35.06087444558693],[128.57515166750582,35.06114805609466],[128.5750527786404,35.06143111178185],[128.57533861159615,35.06210861185505],[128.5752272230772,35.06233138932249],[128.5748530559687,35.06264250071228],[128.57451388994605,35.06326416781801]]],[[[128.6377270082392,35.06537683358603],[128.63729228313028,35.065470448906424],[128.63716468062816,35.0658889110541],[128.63593333189564,35.06589086013108],[128.63498397338623,35.06560578730696],[128.63467204705978,35.065418250863274],[128.63333942416963,35.06433188973423],[128.63249072869434,35.06342392381799],[128.63245725873892,35.063042063466],[128.6325250878692,35.062883974323164],[128.63262333519958,35.06287211956778],[128.63273774315374,35.06251158869305],[128.63269153144796,35.0620750760419],[128.63228085388158,35.06166728720205],[128.63148476476385,35.061170221402286],[128.63140983860066,35.06103200924627],[128.63166437768942,35.060991330517275],[128.63167443868412,35.06086972785353],[128.63210353360662,35.060774827413795],[128.63245467365186,35.06086085844422],[128.63290250697284,35.06072797751584],[128.63333015239192,35.06047297863075],[128.63344870453588,35.06007331527868],[128.6336787714336,35.06011951017632],[128.63393227701272,35.059956482733966],[128.63399786138268,35.0600733803188],[128.634220271713,35.06006603039483],[128.63425744150936,35.06016215927927],[128.63503169927165,35.06067030792258],[128.63530978047544,35.06126460560736],[128.63616329125367,35.062124199715775],[128.63673424937107,35.06234922846832],[128.63721122276186,35.06243818681604],[128.6376802759556,35.0627081997482],[128.63926168741466,35.06261877262762],[128.63954707276625,35.06272568732975],[128.6400034252339,35.063100449719755],[128.6396190995217,35.0634312861043],[128.6398819111176,35.06389976043715],[128.6396339723438,35.06426501400794],[128.639566588106,35.064235561027324],[128.63980055468133,35.0638695967367],[128.63953656089132,35.06345197509322],[128.63822325220437,35.063703407728575],[128.6383583344468,35.06512344976463],[128.6382341479641,35.06512589660359],[128.63810375413132,35.063895012207006],[128.6376162189079,35.06395745920402],[128.63755781197176,35.0636629956228],[128.63735897452864,35.06368117349943],[128.63720452127555,35.063792627817044],[128.6370556487165,35.06410084426237],[128.63729137848344,35.06420543636422],[128.63720405881628,35.064353153118766],[128.63697465140427,35.06426955115659],[128.63683865210493,35.06461076061291],[128.6368692835441,35.06483098950395],[128.6372458470353,35.065201737496274],[128.63764966766922,35.065102656864795],[128.6377270082392,35.06537683358603]]],[[[128.63198771513837,35.06590098417245],[128.63197526402092,35.06595622693235],[128.63035968920937,35.06568099397052],[128.6303725738276,35.06562689064657],[128.63198771513837,35.06590098417245]]],[[[128.63794664316697,35.06618223687598],[128.63786265744812,35.06624870726439],[128.63773974036977,35.066158068273545],[128.63780356345526,35.06613852176171],[128.63794664316697,35.06618223687598]]],[[[128.57262860518972,35.06469831704875],[128.57288139869252,35.06475047766462],[128.57298618150986,35.06484344538241],[128.5733377201327,35.06573231747389],[128.57335291603627,35.066132245830715],[128.57293161663148,35.06680564150196],[128.5721421231734,35.06724279955857],[128.57168990471843,35.06737336615696],[128.57152951086618,35.067355431512816],[128.57129585098355,35.067191741659734],[128.57119047614907,35.066992953865395],[128.57051938104487,35.066519389220254],[128.57039175668987,35.066213468257295],[128.57038109373212,35.065850262710704],[128.57072106982062,35.06540021131721],[128.57113940091588,35.065111526019635],[128.57172519558398,35.06485820408064],[128.57262860518972,35.06469831704875]]],[[[128.57617768183485,35.066576822786665],[128.57580730940722,35.066706831666494],[128.57561648036395,35.067593230727255],[128.5752936241466,35.067782368072855],[128.57521457735896,35.067972824671884],[128.57493885528723,35.067970158088954],[128.57468562271836,35.067242681925606],[128.57485445661482,35.06692773479348],[128.5749359883351,35.06647756085597],[128.57463132240028,35.065815379118206],[128.57435971093284,35.065655090813394],[128.57416694861726,35.06563468540974],[128.57412221658987,35.06537296588373],[128.5742989295914,35.06528616490548],[128.5754515040912,35.06529984739683],[128.57629375160357,35.06512567704239],[128.57650467081228,35.0652044639896],[128.57699274205441,35.06570007087999],[128.57713198404517,35.06572834089306],[128.57715330589005,35.06582117422026],[128.57700076312022,35.06584432702325],[128.57706138672262,35.06595268632789],[128.57697847282117,35.06618910637844],[128.57665572739933,35.06651061922158],[128.57647106112188,35.0666129562151],[128.57617768183485,35.066576822786665]]],[[[128.63953520039618,35.067660937373574],[128.63942027124477,35.06801297626863],[128.63883469993135,35.067805731165535],[128.63830193741822,35.067318949473595],[128.63808831856568,35.067308590542766],[128.63808571404286,35.067220516104314],[128.6382735218556,35.06722818144991],[128.6381933769517,35.066654492056685],[128.6385525126668,35.06675884487135],[128.63885786086408,35.0671679136011],[128.63953520039618,35.067660937373574]]],[[[128.63779717092225,35.068454168690636],[128.6375557130974,35.06895788569987],[128.63750370910495,35.068941931474484],[128.637745464014,35.068437948489276],[128.63779717092225,35.068454168690636]]],[[[128.5517543828778,35.070115917287175],[128.55148675370012,35.070059517757066],[128.55128633642258,35.06984789390061],[128.5511676574017,35.069421645364514],[128.55049047259058,35.06916159072556],[128.5498320989526,35.06950932759717],[128.54982044463955,35.069737522450616],[128.54971179833544,35.06950070288463],[128.54932116308115,35.06944116041002],[128.54915474268262,35.06948394863737],[128.54916649202596,35.06957521172735],[128.5490804507908,35.06953055905357],[128.54849898378023,35.069758174030206],[128.54760969151556,35.069808455505324],[128.54693064289538,35.06969666153359],[128.54637802902226,35.06972886803199],[128.545883282777,35.06960916068671],[128.54561950044427,35.06961883804561],[128.5451353698235,35.06945747034912],[128.54388549004454,35.06929811457592],[128.54246044008158,35.06921625182466],[128.5422272417688,35.069097119519554],[128.54212624550664,35.068903918225104],[128.54224694164748,35.06840886075072],[128.5423253918313,35.0673377527636],[128.5426932607665,35.066370623839184],[128.54363570577127,35.065902422251106],[128.5440640754828,35.06546450736527],[128.54467866127092,35.065298445086654],[128.54559479282105,35.064683256192886],[128.5469300716342,35.064129719549506],[128.54701061313747,35.064039397002304],[128.5470207865285,35.063640028601675],[128.5473706831549,35.063244193847915],[128.54796443504515,35.062912153555956],[128.5483412747495,35.06248532320739],[128.5491918079287,35.06196523566757],[128.54943176148998,35.06158469900334],[128.54936268734753,35.060793089507584],[128.54952486711423,35.060477840092815],[128.54961754823984,35.0598415010378],[128.55029384140406,35.05895228650435],[128.55045970674828,35.05847124291918],[128.5507650835406,35.058048198738724],[128.55113644883778,35.05769083315176],[128.55259854885992,35.05659759626061],[128.55332376745338,35.055695644066574],[128.55360450422404,35.05546859290624],[128.55369301268692,35.05528069318017],[128.55493919475614,35.054501937297346],[128.5554981448691,35.05392604043872],[128.55602885244977,35.05377279862631],[128.55622707443064,35.053583586605825],[128.55671905060436,35.05339171729502],[128.55774902488372,35.053238368145756],[128.55852939200807,35.05323684200855],[128.55895333216884,35.05304517416442],[128.5598394118676,35.05294254419921],[128.5607667203769,35.0525534999488],[128.56104786238734,35.0525401649917],[128.56240879634768,35.05213477752534],[128.56308263252086,35.0522613222381],[128.563087413669,35.052775076481396],[128.56382451138975,35.05275626219951],[128.56409751493183,35.05291736439841],[128.56432738716464,35.05319923260589],[128.5643932626902,35.05364438795254],[128.56461140014486,35.05397435780705],[128.5650360169683,35.054293333551975],[128.5654888140678,35.05432838368984],[128.56577431636228,35.0541805107717],[128.56603710873722,35.054188732275236],[128.5662926708147,35.05403164548836],[128.5663565538403,35.05385962266074],[128.5667125872513,35.05371937788658],[128.56688950684008,35.05345240086223],[128.56709569944056,35.05338875787241],[128.5673749630609,35.05348466719767],[128.5675032475897,35.053644874547146],[128.56767744048122,35.053702540503984],[128.5677516264445,35.05385329170394],[128.5680772112736,35.054034880654825],[128.56810749029947,35.05426287041063],[128.56826461859123,35.0543519443836],[128.56833983970174,35.054604683470735],[128.56820850068814,35.05496987903399],[128.56714235871218,35.05612228341954],[128.5670460164789,35.05632135767971],[128.5670498609849,35.056638764650145],[128.56725711872957,35.05692366348098],[128.56730979798715,35.057191212304545],[128.567253564792,35.05744678391137],[128.56704801081952,35.05756230167692],[128.5668378223632,35.057541022408515],[128.5666250106917,35.05743371832897],[128.56634644970896,35.057142599731655],[128.56588748722936,35.056893330489714],[128.5650742397554,35.05684108396565],[128.56465613625681,35.057053704058085],[128.56463850606266,35.05737675752444],[128.56481639900875,35.05766496597825],[128.56493307381373,35.05856265720912],[128.56483698594673,35.058793177244716],[128.56445401856058,35.059121004486464],[128.56411670863963,35.05926572396057],[128.56339311489972,35.058918674637326],[128.56245124440082,35.05869956932113],[128.56226610209382,35.05873820406179],[128.56202504596374,35.05901548944169],[128.56200622780852,35.05918090280699],[128.56211429599117,35.059411688865566],[128.56263032379417,35.059431580331506],[128.56249440903903,35.05961515693998],[128.56299951437114,35.05991476672212],[128.5631811109477,35.05984116133762],[128.56321221563607,35.05988823330234],[128.56293235753554,35.06001615069213],[128.5628346784176,35.06069598851007],[128.56256785065318,35.06115627076322],[128.56245400335365,35.061181296999294],[128.56244813772815,35.06131707224118],[128.56252264068056,35.0613346272629],[128.5624397125901,35.06132648476094],[128.56217502758156,35.06184152093653],[128.56105941959078,35.06249719464968],[128.560819722196,35.062876919313915],[128.5608738523876,35.06293479188559],[128.5607128535814,35.06326963200983],[128.56084395328412,35.06333307737577],[128.5608140604808,35.06338739014438],[128.56054792935848,35.0632780271136],[128.56012401214298,35.06372399185761],[128.56011927035962,35.06383308089112],[128.56048582861294,35.06418657532657],[128.56206202597008,35.06425935455546],[128.5623260428031,35.06418321265981],[128.5624694995571,35.06421317767036],[128.56317531978638,35.0639291818107],[128.56344317648836,35.06392629340324],[128.56358896028104,35.06397984450877],[128.56360243376486,35.0640721559079],[128.563449746143,35.06450839914986],[128.5627359642972,35.064397345096964],[128.56226332081792,35.06478804907808],[128.56215953425408,35.06514572270674],[128.56227816451457,35.06538954340252],[128.56228092439648,35.065781654102295],[128.56176778872424,35.06640183792928],[128.5616810460072,35.06681131765119],[128.56130079244383,35.06689003802199],[128.56109863409768,35.06678069542295],[128.56086190234765,35.06631186874261],[128.56085604054974,35.06612117293916],[128.5606456506884,35.06599953138279],[128.5597874452453,35.06630976861188],[128.55953285040064,35.066192912489484],[128.55931501659566,35.06596973577492],[128.5590068859902,35.06584884401409],[128.55865659138797,35.06587474538779],[128.55821947192717,35.06613515619351],[128.55814455442598,35.06590229865127],[128.55821003396522,35.066314531613216],[128.5581274258997,35.06659224171956],[128.55881896709664,35.06764026920292],[128.55880807068075,35.067962984097406],[128.55871221612813,35.068054904234884],[128.55826195473102,35.068170403511076],[128.55742019349668,35.06808042087973],[128.55715341202492,35.0682529903862],[128.55661852932317,35.06835296115433],[128.55633419889807,35.06863354450452],[128.5559658252839,35.068847364523364],[128.55524536198752,35.06832877292856],[128.55505812789733,35.06858552909933],[128.55494878271153,35.06915041085773],[128.55453640295374,35.06944212781473],[128.554140051576,35.06952218401115],[128.5540255690748,35.069706186121394],[128.55390095564155,35.06975174903008],[128.5531796874115,35.06955956814615],[128.55291426012968,35.069823100829524],[128.55264148241034,35.069966762264116],[128.5517543828778,35.070115917287175]]],[[[128.63751988586392,35.06899205252163],[128.6372704595177,35.06949823402861],[128.63722337307976,35.06948228947579],[128.63746824844253,35.068973905580904],[128.63751988586392,35.06899205252163]]],[[[128.6369919093428,35.070031743659406],[128.63694175402566,35.070014457230066],[128.63719729315525,35.06952183074115],[128.6369919093428,35.070031743659406]]],[[[128.63695225020322,35.07005948214697],[128.63670058504383,35.07056010119386],[128.63664978555812,35.070542569118814],[128.63690108174313,35.070041739034345],[128.63695225020322,35.07005948214697]]],[[[128.49546915831405,35.07285741031922],[128.4951636795352,35.072536036074446],[128.4952088214945,35.07248558775575],[128.49484327940192,35.07238347370468],[128.4946067892025,35.072493552763675],[128.49469936361072,35.07258171424351],[128.4945514320091,35.07249731594314],[128.49464359056708,35.07241075561087],[128.49419796969147,35.0717777014125],[128.49406328745374,35.0712480282831],[128.49409284567065,35.07104792255272],[128.49436041071326,35.07076401405239],[128.4953197862858,35.07020659754423],[128.49531764489166,35.069942885164735],[128.49540884029776,35.06988252796565],[128.49546875077462,35.06964415042022],[128.4956828565298,35.06946468291085],[128.4962927243915,35.069608489779576],[128.49650168768662,35.069799102831304],[128.49671706945065,35.06968946770925],[128.49686005380642,35.06971468760281],[128.49724780001057,35.070090071325005],[128.49731326493205,35.070505463127596],[128.49711155608776,35.07112947226115],[128.49671715604725,35.071450083716904],[128.49677657043384,35.071963390927806],[128.4964953450468,35.072639452237894],[128.49629484366886,35.072800838769155],[128.49546915831405,35.07285741031922]]],[[[128.55538321234073,35.07381471719904],[128.5552285696307,35.07375811819869],[128.55471544591995,35.07377623076641],[128.55419912706947,35.07352769771108],[128.55382267253702,35.07345985403553],[128.5533493085505,35.07321107206881],[128.55303405003306,35.07316234470203],[128.552916699473,35.072538210953276],[128.553068111767,35.072424515226565],[128.55366947288587,35.07230709565019],[128.5542549027816,35.07239706119749],[128.55464550025692,35.07235990516564],[128.5548114279775,35.07231133931372],[128.55514022892058,35.07198787549912],[128.5553989270983,35.07193464968298],[128.555887588494,35.07206065198874],[128.55650494870153,35.07249842977229],[128.55726001584642,35.07272827371361],[128.55801929859393,35.072742197549054],[128.55852866088296,35.07258541729539],[128.55908536874296,35.07224850117546],[128.55945257698954,35.07232634673149],[128.55987145195593,35.072177154525846],[128.55993990147456,35.07225782024796],[128.56039263315824,35.07228281813682],[128.56067355796517,35.07221051547079],[128.56179060551838,35.07240617477936],[128.5626135565636,35.07236730150886],[128.56312642390193,35.072590124669],[128.5633097655292,35.07275830545152],[128.5630227493759,35.073051553095695],[128.56260394895557,35.07326974846164],[128.5616926001201,35.07345866792834],[128.56115234377847,35.073329577244955],[128.56067704669832,35.07283049304685],[128.56045066631387,35.0727162399013],[128.56019462743538,35.0726416616711],[128.5597126321169,35.07268378830764],[128.5592788375683,35.07289073399528],[128.5591167911615,35.073104083916725],[128.5586594603335,35.07298759276114],[128.55827716468872,35.07304353621483],[128.55755303580546,35.07347506771651],[128.55734048909164,35.073507191379406],[128.55667432670214,35.073402763629204],[128.55538321234073,35.07381471719904]]],[[[128.5488887729553,35.07522647347173],[128.5484682095727,35.07522085907142],[128.54828915805746,35.07513800871882],[128.54721622185292,35.074240270213096],[128.5471518450313,35.074007525033004],[128.5473936286812,35.07371351041068],[128.54771709522444,35.07356623261258],[128.54845422433553,35.07371246074844],[128.5489450590835,35.07409215486228],[128.5493259147747,35.0742817828326],[128.54953623203866,35.07429697754218],[128.55017889602684,35.07464755901495],[128.55018926904688,35.07484319080177],[128.54952575001977,35.07511624114343],[128.5488887729553,35.07522647347173]]],[[[128.50026305564603,35.07531423063177],[128.500288402305,35.07547394637335],[128.50014214504623,35.0758093363962],[128.49991389778637,35.075999835953546],[128.4997635809583,35.07538088762571],[128.49981311696706,35.07526160276456],[128.49989663367828,35.07515547282948],[128.50038191072065,35.075154228002454],[128.50026305564603,35.07531423063177]]],[[[128.55524270175064,35.078818292534656],[128.5547693512111,35.078939841061676],[128.5544668125501,35.07889081587488],[128.55398230957468,35.07867848228925],[128.55346438050498,35.0786491013222],[128.55335968971474,35.07855224157555],[128.55335048153825,35.07838216907862],[128.55346322814205,35.07819154645098],[128.5538567765899,35.07795607949025],[128.55442581262926,35.07785940316803],[128.55548476868188,35.07835663283004],[128.55556666789624,35.07853080621141],[128.55524270175064,35.078818292534656]]],[[[128.56242631245294,35.08142502450021],[128.56214433231816,35.08164812210309],[128.5619855441251,35.08159215617558],[128.56191074820637,35.08146158536124],[128.5621398324967,35.08132383299328],[128.56239082033966,35.081377654679315],[128.56268229359318,35.08131483241135],[128.56296557445793,35.08143732578834],[128.56283509476367,35.081505163098015],[128.56242631245294,35.08142502450021]]],[[[128.53402761563027,35.08221523714214],[128.53411032656874,35.08230377754335],[128.53397491279463,35.08236954951023],[128.53390731621872,35.08232951414914],[128.53402761563027,35.08221523714214]]],[[[128.5531843042994,35.08265269498671],[128.55324229498765,35.082819369922866],[128.55317779563683,35.08285429316217],[128.55302607970458,35.08270240549402],[128.5531843042994,35.08265269498671]]],[[[128.55686868921399,35.083189618541255],[128.55639792793454,35.08313744877201],[128.556136008683,35.082955889653014],[128.55615166920822,35.08268203854935],[128.55650827826375,35.082394838922376],[128.55782386266463,35.082164399981544],[128.55821304597808,35.08227944520199],[128.558555446066,35.08254662945154],[128.55849250330843,35.08276773866186],[128.558327508314,35.08287824866511],[128.55686868921399,35.083189618541255]]],[[[128.48864152311648,35.08381874810613],[128.4884724962794,35.0837653595187],[128.48857996525115,35.08355445553484],[128.4884721660558,35.083103158737245],[128.48880094508226,35.08229336829046],[128.4889859517635,35.0811132927822],[128.48885964794573,35.08080985858593],[128.48890337807762,35.08070062967708],[128.48873959329882,35.07988901484883],[128.48835358574468,35.07931429696098],[128.48828956239373,35.0790313591997],[128.4880590313164,35.07863684376215],[128.48813285864466,35.07801350227749],[128.48870559670252,35.07733545981872],[128.48998508802217,35.076983430769666],[128.49101638624398,35.077057497115334],[128.4911520280443,35.07728817878205],[128.49137627706676,35.07717101551452],[128.4916846698531,35.07747434960107],[128.49224878621237,35.07734808769948],[128.49266349246005,35.07753094062601],[128.4926218266777,35.07759770170107],[128.49222132332991,35.077418568200464],[128.4918259159155,35.07746985189704],[128.4915828101534,35.07770009648158],[128.49238359263148,35.07825110721281],[128.49295731802061,35.07832532811303],[128.4932072227462,35.07855053170404],[128.49332141516058,35.07890617172341],[128.49379874867134,35.079288629592924],[128.49454674930658,35.07942971180648],[128.4947054529907,35.079584513543445],[128.49468687249038,35.0797633025317],[128.49521081171827,35.079801186337264],[128.49520488954403,35.07984787012554],[128.49471540006846,35.07981335734303],[128.49454209965822,35.080128596093104],[128.49462604444753,35.08082028856839],[128.494274586411,35.0811025004158],[128.4938693247287,35.08121194745491],[128.4939477207281,35.08135614084389],[128.4938403509231,35.08139171053196],[128.49378310815584,35.08124357647287],[128.4925738493302,35.08150096289166],[128.49202965112315,35.08184774478213],[128.4918712657257,35.082136930643955],[128.49240912560225,35.082700086882944],[128.4918532098053,35.08305842791753],[128.49181557854334,35.08301491560833],[128.49229740627834,35.082673613370304],[128.49174084773102,35.08210306966082],[128.4913390329119,35.08234996192772],[128.4909692263451,35.082732388767816],[128.49135747690715,35.08302469760592],[128.49087808511072,35.08276537424547],[128.49050453501422,35.083303224970095],[128.49027902787037,35.08349810510776],[128.48986816051018,35.08345696166934],[128.48927396283486,35.08357981266171],[128.48912862623928,35.0835454836007],[128.48864152311648,35.08381874810613]]],[[[128.56295585299569,35.08289910360274],[128.5633476642168,35.08306605670096],[128.56320779475575,35.08342661475408],[128.5626274760618,35.08363445864658],[128.56231456141091,35.08355478614924],[128.56219642224943,35.08340074589059],[128.56230788174256,35.0831427342172],[128.56245456919345,35.083037846135525],[128.56295585299569,35.08289910360274]]],[[[128.5478332364222,35.083504023360966],[128.54773439012448,35.083647762240574],[128.54735828024664,35.08377789503267],[128.54719544144638,35.083702201494525],[128.54706542757194,35.08350412777496],[128.5467679793291,35.083507999750786],[128.54664585247463,35.08322885863582],[128.54696329738786,35.08184999703638],[128.5470578604348,35.08164374976995],[128.54738249174633,35.08132597206283],[128.54742761609597,35.081046258804676],[128.5475266110714,35.08100906863836],[128.54771684260098,35.08112197011904],[128.54768129027772,35.081454837787554],[128.54802441176173,35.082365539101126],[128.5478332364222,35.083504023360966]]],[[[128.62786855016475,35.08298481366881],[128.62792930286906,35.083060548038596],[128.62774579636448,35.083117334442164],[128.62773726677855,35.083017716799084],[128.62786855016475,35.08298481366881]]],[[[128.54616439255557,35.085760510393065],[128.54524062908263,35.0855778907587],[128.54438374919565,35.085686437416115],[128.54382966522675,35.085224718942136],[128.5433250747186,35.085238210181956],[128.54325396344083,35.08515658608581],[128.5431930401045,35.08461228881244],[128.5429319850861,35.0843616969595],[128.54283146663278,35.0841246386625],[128.54299867397643,35.08346827836653],[128.54261807448745,35.082782553874495],[128.54259097384482,35.08243452531978],[128.54269043300718,35.08216836316325],[128.542427520941,35.082004192286746],[128.5421905368685,35.08169242454796],[128.54211574627803,35.081359634724485],[128.5425756208905,35.08078127208219],[128.54287590445477,35.08077245299727],[128.54303742687836,35.080680357345],[128.5431807347148,35.0804084101859],[128.54307157180324,35.08036902516301],[128.54308641609725,35.08030880854669],[128.54320918868655,35.08034101450802],[128.54329097665206,35.08019740703731],[128.5432260730923,35.07996468881338],[128.542911475092,35.07987336941978],[128.5428536179129,35.079630466293835],[128.54279343094223,35.0789798293796],[128.54307173831043,35.07868289618018],[128.54379568063428,35.07874858588527],[128.54429608191577,35.078946850150906],[128.54427080817428,35.081297632852234],[128.5447636558651,35.081446285515696],[128.54473539162134,35.08157881641688],[128.5449969918985,35.081649342315885],[128.54485643395066,35.08209997733355],[128.5453964808312,35.0834358203651],[128.54527760655628,35.08346843373589],[128.5453591459823,35.08396464503682],[128.5450489326612,35.0839511068162],[128.54498952276745,35.08433148412224],[128.54532789217689,35.08467066411947],[128.545639717333,35.08475209052846],[128.54673646895756,35.08425282425563],[128.54687636741625,35.08426853021417],[128.54702960760102,35.08447974210271],[128.54705299354234,35.08522882542993],[128.54665050583256,35.08561199957516],[128.54616439255557,35.085760510393065]]],[[[128.54441639015366,35.085966090976925],[128.54448308713694,35.086085673447],[128.54443590026082,35.08629621464914],[128.54404503297263,35.086079108348116],[128.5439749027818,35.085876082150286],[128.54441639015366,35.085966090976925]]],[[[128.48973559081233,35.08921807699653],[128.48953257870903,35.088984682762174],[128.48952085261647,35.08875771796352],[128.48930676058754,35.08855222351046],[128.48940340256226,35.088430041997924],[128.4893749664019,35.08818245492111],[128.48919029420225,35.08780934216333],[128.48889217461652,35.087514454051714],[128.48893313156373,35.08740249589367],[128.48930884404348,35.08724038273963],[128.48972496406753,35.08726274709688],[128.49018433400795,35.087557304678576],[128.49017449369268,35.08777418528864],[128.4898638164928,35.0880403250903],[128.48983061554497,35.088316731753174],[128.49021032809094,35.08915010279457],[128.49018583783075,35.08926684375776],[128.48973559081233,35.08921807699653]]],[[[128.51083339538548,35.09048133544192],[128.51095617138537,35.09076475570712],[128.51084847745338,35.091381579482984],[128.5104697852995,35.0921104454154],[128.51015244841108,35.09238266846671],[128.50972197486524,35.09208588033017],[128.50974943119348,35.09179422875918],[128.5098936275036,35.09141513529421],[128.51056325954926,35.09045725001519],[128.51083339538548,35.09048133544192]]],[[[128.49283957855866,35.0941353171301],[128.49261662724012,35.0941643807279],[128.49198157313103,35.093908098991044],[128.490787440771,35.09388743508297],[128.49051531587344,35.09357645588946],[128.49033717020455,35.093514498414315],[128.49005149788928,35.09359244945975],[128.48950057894947,35.09356528250501],[128.48928598330056,35.0933332323765],[128.48931347904465,35.0930390598313],[128.48916723905705,35.092686790940434],[128.48898290828717,35.09256454027731],[128.4886632906158,35.09251896816227],[128.4884056804092,35.092300456079094],[128.4884510272783,35.09194950061697],[128.48878333627889,35.09186292081653],[128.48866489663425,35.09163136745354],[128.48853594279228,35.09154163459316],[128.48811273123545,35.09145864527315],[128.4878125372838,35.09151561626022],[128.4875593556175,35.091370609429504],[128.48743462952268,35.091171249274],[128.487650008222,35.09104245124744],[128.487905924354,35.09109198778369],[128.488190598018,35.09144893249754],[128.4885795226803,35.091543638979445],[128.48870205632142,35.09163388580956],[128.48880599472363,35.091813405767944],[128.4888538701533,35.09182626286329],[128.48940700180904,35.09162854640953],[128.48968555678616,35.091412393405555],[128.48988532530575,35.091200377955566],[128.489707560991,35.09107517852479],[128.489892332354,35.09093778806883],[128.49002944812594,35.090907491826265],[128.4902064452393,35.091034011708985],[128.49040480275522,35.091027212303366],[128.49079233879235,35.09059542131923],[128.4908327831441,35.090311132305025],[128.489649027303,35.090292633351645],[128.4896372584185,35.09056230788862],[128.4895416327976,35.09056120384186],[128.48955636060703,35.08994018534016],[128.48965677054278,35.089943093374444],[128.48965288746916,35.09020934929374],[128.49088364744037,35.09023684431683],[128.49095145000598,35.089776285852054],[128.49148138507312,35.08964817391545],[128.4920387492445,35.08916443535647],[128.4924556006214,35.08895194049783],[128.492961509465,35.088312618425],[128.49294504501427,35.08809951113502],[128.4940025145654,35.08635910432065],[128.49423015878517,35.08568571982634],[128.49413325677537,35.08562190049765],[128.49427866882075,35.08547541430464],[128.49461693946867,35.0854227471031],[128.49469787258673,35.08516793969002],[128.49504608064336,35.084831356480976],[128.495091528556,35.0849239535523],[128.49521148381493,35.084930689297245],[128.49528607203536,35.08509973452012],[128.49503211904332,35.08552251428439],[128.4952773224526,35.08597784813648],[128.49435095038498,35.086647177844455],[128.4941892841283,35.086924047558995],[128.4941644328439,35.08742317242557],[128.493647742677,35.088186074452715],[128.4936167974542,35.088393534272434],[128.49322460506545,35.08875714820624],[128.49310953009456,35.08896366677018],[128.49311699434494,35.0892553213279],[128.49327357667966,35.08965239389712],[128.4931101057146,35.090003949901394],[128.49316813325493,35.090154846673265],[128.49352810556493,35.09064595110381],[128.4940234849255,35.091060431899514],[128.49398579896595,35.09114164086574],[128.49416735424248,35.09137011604594],[128.4941161426425,35.09156383538747],[128.4934312786265,35.09180444482381],[128.49326122249542,35.09199510338019],[128.49326306844938,35.0923455349995],[128.4933681768945,35.092616016758925],[128.49387667235771,35.09325546249184],[128.49366659064356,35.09344606737573],[128.49363575198277,35.09361451661962],[128.49283957855866,35.0941353171301]]],[[[128.51376058700856,35.0963791812965],[128.51239201692846,35.096249398557724],[128.51136428707701,35.09538963403718],[128.51119054239126,35.095329025012454],[128.5106896792345,35.095359382645455],[128.51057723347338,35.095112495375936],[128.5105764776357,35.09466760001326],[128.51085943659726,35.09458126837616],[128.511055808337,35.0943791437268],[128.51143348821282,35.09442891599787],[128.51176964424477,35.09435684668417],[128.51293566689597,35.09529973014233],[128.51402899531885,35.09584601840031],[128.51376058700856,35.0963791812965]]],[[[128.52005771090097,35.09669898679048],[128.51986139325757,35.096695305859285],[128.5195020154606,35.096359837414845],[128.5193280164104,35.096369336253126],[128.5192247346714,35.09628111848304],[128.51835122404395,35.096594046647596],[128.51811817885982,35.09649637176756],[128.5178304629545,35.096593463207434],[128.51740650758086,35.09647875541929],[128.51716907109395,35.09629708336691],[128.51652634176392,35.096013123644404],[128.5161655586133,35.09566031486959],[128.51548620898689,35.09548250034421],[128.51510236758077,35.09560039242354],[128.51510598569462,35.095795904394976],[128.51485566164192,35.095643670040076],[128.51475855125702,35.095685076590456],[128.51471234461005,35.0960392137397],[128.51453361508166,35.09604376620091],[128.51436506072315,35.09466836998834],[128.51465067753543,35.093980622515176],[128.51487906510746,35.09377088862375],[128.5147854366575,35.09251175125254],[128.51489695901083,35.09239380199387],[128.51485710729642,35.0922846885068],[128.51500549764108,35.091926039396704],[128.51495152942482,35.091605429231166],[128.51559535656475,35.09080930241823],[128.5156221162263,35.09018403213904],[128.51576885510227,35.08964340030658],[128.5160030969625,35.08931506113693],[128.51670817204175,35.08880069131034],[128.51698037485332,35.08877862649417],[128.51704618381999,35.08887449950924],[128.51700554492984,35.08935680761189],[128.5168552013384,35.08962067722046],[128.5174072692073,35.09062280744694],[128.517387628156,35.090744518997944],[128.51763568369935,35.09090185376],[128.51844175346375,35.09100863801025],[128.51862347048421,35.09074222258752],[128.51885785092307,35.09062573424871],[128.51918098738196,35.090703658546055],[128.5193288272165,35.09086414769708],[128.51941262346392,35.091233654792894],[128.519306674372,35.091471752776926],[128.51898036917993,35.091622171226085],[128.51848386905723,35.09168203714317],[128.51813951901775,35.092249234202335],[128.5180972296098,35.09276743504507],[128.51841245492838,35.093580971773285],[128.51881270799277,35.09380621054489],[128.51886393880037,35.09396698264026],[128.51905691543215,35.09409768072637],[128.5198589539714,35.09433768274595],[128.519919236031,35.09448252396092],[128.51971931693862,35.09465342591727],[128.5197064271781,35.094938893896085],[128.52007979554045,35.09531809920946],[128.52101484110034,35.095726070074434],[128.5213693936054,35.09578187056572],[128.5217540708562,35.09570043277654],[128.5219612201954,35.0959708727118],[128.52184366185418,35.09635199780902],[128.5214718557932,35.096514505779766],[128.52118293770772,35.096603728270594],[128.52068673131356,35.09648372642338],[128.52005771090097,35.09669898679048]]],[[[128.52532899622713,35.102345596887055],[128.52511438134843,35.10255063873668],[128.52440408085062,35.10227321444086],[128.52405086564005,35.102474471724214],[128.52392860823412,35.10241001270538],[128.52400574963323,35.10210830648709],[128.52374314207515,35.10159613501761],[128.5237456099224,35.10141574574225],[128.52385223797702,35.10123481945574],[128.52410880187418,35.10108340180027],[128.52413623130067,35.10079562976758],[128.5243610241018,35.100597032676184],[128.52456409376506,35.10055367074366],[128.52481495827308,35.100785542586344],[128.52484676469635,35.1009524280227],[128.52473582546608,35.1012210448092],[128.52490962445938,35.10160640703532],[128.52477810048467,35.10182689217895],[128.52492993822747,35.10206478180745],[128.52532899622713,35.102345596887055]]],[[[128.60031861192476,35.137822778796455],[128.60001166806813,35.13783277806872],[128.59979777894813,35.13757916728134],[128.59974194589938,35.13735666739428],[128.59983305658434,35.13735944532646],[128.5998588900282,35.13744638943497],[128.59994166723746,35.137354167536195],[128.60006583386112,35.137386111707976],[128.60030666820546,35.13764861214385],[128.60031861192476,35.137822778796455]]],[[[128.57998250113377,35.179996945157654],[128.57968304120035,35.18030769360456],[128.57982061366195,35.18009635975799],[128.57951819202415,35.17997682182653],[128.57961222271098,35.17979888980141],[128.57953055571943,35.17955500107798],[128.57931500032294,35.179370834303796],[128.57860277903134,35.1790413900399],[128.5784780568764,35.178713889526236],[128.57856027858156,35.17854444529345],[128.57899888962376,35.17839416784997],[128.58061750105915,35.178242223169406],[128.58089916702244,35.178105001219556],[128.5810563897235,35.17784361237611],[128.5812625008315,35.177966112712994],[128.58186972329125,35.17775333461122],[128.58259000181644,35.177751945047106],[128.58300194476928,35.17759222393043],[128.58380055612434,35.17706500085073],[128.58402138988552,35.17715694533283],[128.58409388973547,35.177433056459535],[128.58397305653492,35.177945278994855],[128.58378000026946,35.17819111211389],[128.58358527879207,35.17885444506068],[128.58369972296592,35.17965611192913],[128.5835794460354,35.17983194567146],[128.5834208341443,35.17992277895974],[128.5828600012687,35.180028056923135],[128.58208472265744,35.18007666747318],[128.58137805654567,35.180231667096365],[128.5805022233467,35.18020527867962],[128.58040750182553,35.18010833476132],[128.57998250113377,35.179996945157654]]],[[[128.57098209854993,35.19111301894844],[128.56984743556805,35.191091096649586],[128.5692208593118,35.19087930572947],[128.56781897870312,35.189404654377405],[128.56749934078277,35.18876226772004],[128.56752480188942,35.18792767040651],[128.56805660619412,35.186864431356284],[128.56808174034057,35.18651532550738],[128.56738280862209,35.184093545163165],[128.56721378469882,35.18384414864648],[128.566582125135,35.18327121036071],[128.56646201626336,35.18272035959796],[128.56655038340196,35.182446462869706],[128.56774725066427,35.1804000212934],[128.56873267234556,35.179466438417876],[128.56901286462028,35.179542226414156],[128.56980697188106,35.1794511559142],[128.57043493854363,35.17953976716935],[128.5722333601198,35.18025710599555],[128.57301031130586,35.18064401203429],[128.5736330888491,35.181120060398996],[128.57409144097494,35.18135235917862],[128.57408001173903,35.181519555905844],[128.57450191186896,35.18231600535676],[128.57471129846704,35.182989887175545],[128.57476631772005,35.1840328701227],[128.57468603384874,35.18454744301303],[128.57443746687102,35.1852690276795],[128.57403353699573,35.18597648659767],[128.57318566220042,35.186948007983354],[128.57267822132667,35.18767988508354],[128.57219948132314,35.18872464523914],[128.5718365908156,35.19021380293097],[128.57140827756243,35.190710955867914],[128.57100075641907,35.1909545048927],[128.57098209854993,35.19111301894844]]],[[[128.58244419780428,35.201998995449664],[128.58332865926948,35.202048536071814],[128.58332221721628,35.20211352131203],[128.58242363945257,35.202045623729056],[128.58057972739718,35.20088001084473],[128.5803879350929,35.20064011083967],[128.58244419780428,35.201998995449664]]],[[[128.58461450725196,35.22250908718323],[128.58291242778915,35.22084280686907],[128.58186689262428,35.220847523057074],[128.5818628540903,35.22076576804355],[128.58130990788794,35.22058040132513],[128.58000775202748,35.220497766957365],[128.57945751017277,35.220269243118565],[128.5787641004635,35.220154887412015],[128.57921441416056,35.22017078931921],[128.57714455885593,35.21815174939759],[128.57735839276577,35.21741706193562],[128.57737369741784,35.216501805994554],[128.57680611462072,35.214699323431404],[128.57631553953524,35.21512344230573],[128.57586090136041,35.21531604201116],[128.57439196484637,35.21566707990344],[128.57381909190795,35.21561421866179],[128.57217646740824,35.21586451682672],[128.57162419926922,35.216128118021565],[128.57132117058018,35.216399696392266],[128.5709984356777,35.216525583427114],[128.56997068039345,35.21615725361477],[128.56845647342433,35.21579033851512],[128.5672584140691,35.21632757302957],[128.5663379413936,35.2166009166718],[128.56599696987604,35.216804169167354],[128.5658925545198,35.216653801001996],[128.56589538294307,35.216379192023396],[128.5656087480851,35.21607448051229],[128.56561589099445,35.21587216463771],[128.5652685324452,35.21567479284094],[128.56525221102996,35.21556621167096],[128.56512367498078,35.21554756927269],[128.56490865173623,35.21562548167123],[128.56494424968534,35.2158279589309],[128.564407483483,35.21583242362479],[128.56443107327914,35.21677954551314],[128.56274557941117,35.21627104271902],[128.5629749123673,35.21641338489057],[128.56268411545867,35.21699838114717],[128.56088211396528,35.21693451234456],[128.5612843483449,35.215830213495366],[128.5601709437958,35.215494289208856],[128.56008024685246,35.215652502456855],[128.55945149440305,35.21605692990438],[128.55917043390107,35.21594198238914],[128.55860041308287,35.21552319175782],[128.55808943574007,35.215010471225334],[128.55750971677296,35.21391416862049],[128.5570662470892,35.21376173886049],[128.55551011204477,35.213473384728545],[128.55515975919744,35.21324147873852],[128.5539325634541,35.213234472664276],[128.55269375498793,35.21251085183897],[128.55233825421126,35.21247596099094],[128.5514692879311,35.2121653250648],[128.55082708421347,35.21211262943868],[128.5488606426158,35.21259809531201],[128.54839785048827,35.213287139426335],[128.54412915356073,35.214279805356036],[128.54263066129275,35.21368291390512],[128.54198074196754,35.21318260416118],[128.5410938568955,35.212828275626826],[128.53997497914253,35.211426346333596],[128.536207877239,35.209738270760816],[128.5362166804851,35.20676998665156],[128.53911849043686,35.20473655995903],[128.53920028908635,35.20442817243511],[128.53848896467713,35.203971579828135],[128.53856268156753,35.20300356151917],[128.53807691957138,35.200304785526356],[128.53794470829553,35.19909856876796],[128.5384532087254,35.19770425146699],[128.5385518896228,35.196994914025524],[128.53902416564017,35.195956854058736],[128.5391746019506,35.19390568834805],[128.53905283633006,35.193654111043834],[128.53967059354858,35.19332270252577],[128.54016802510935,35.1929422415408],[128.5411383609609,35.19105072351116],[128.54049122089063,35.190417890391146],[128.54020144667598,35.18996734977027],[128.53913402116325,35.18973607505078],[128.53756588893134,35.18964751653417],[128.53677563787687,35.18980803604642],[128.53391173425223,35.18806328290362],[128.5332159262197,35.18740555348285],[128.53075827865163,35.18700447179312],[128.52983441972356,35.186502202834355],[128.52873806822595,35.18637095481197],[128.5288649482813,35.18519289824134],[128.52723822858061,35.18338330660328],[128.52559754850236,35.182330044614574],[128.52491810117616,35.181497636513654],[128.52398159061997,35.180674934238155],[128.5237966425534,35.18022082522995],[128.52280811044196,35.179558621062114],[128.5224596152846,35.1791922094659],[128.5219083918493,35.17900211931569],[128.52118491935002,35.178362645498574],[128.51961547160673,35.17762227477517],[128.51792982270277,35.177050473203586],[128.5154073416708,35.17729249148119],[128.51276675643817,35.17824540811779],[128.50965703468535,35.177064392516925],[128.5086352254192,35.177272431500434],[128.50807534064143,35.177567679566884],[128.5067471626863,35.17854079676404],[128.5049775782601,35.1781055948481],[128.50314765121732,35.17742457709825],[128.5020708094354,35.178031144024125],[128.5015256413748,35.178181484201566],[128.5011309267202,35.178380512922],[128.4993305970072,35.17942736513267],[128.49767255121142,35.18074430451397],[128.49616981760983,35.18057515880378],[128.49477651649252,35.1800470203011],[128.49454558908457,35.18001986679792],[128.49371420313418,35.18051820114527],[128.49215853080517,35.18093296555899],[128.49171890842445,35.180805133173706],[128.4914794181204,35.1804003644235],[128.49093918467779,35.17992910537147],[128.49000158198803,35.18019372256402],[128.48856004003883,35.18005613738172],[128.48706356422377,35.180431868147515],[128.48490173013295,35.181650224467326],[128.4844153468989,35.18215715855841],[128.4836853598561,35.1835717466451],[128.48308863984263,35.183982376760305],[128.4823385910778,35.18427273126073],[128.48207164032115,35.18452233308022],[128.48012935753985,35.1858102475141],[128.47989636411742,35.186087893054086],[128.4797678653819,35.18674969037644],[128.47957097139994,35.186989571545084],[128.47956835237594,35.18734678633777],[128.47904516662663,35.188015498630904],[128.47867687348594,35.18782226820952],[128.47814146491615,35.18791737422769],[128.47706905539545,35.188271045278185],[128.47642139613214,35.18875522983018],[128.47328738673613,35.1885713482966],[128.47228249183763,35.18828100131714],[128.47028195611978,35.18844182986519],[128.46953568616738,35.18833386070345],[128.46876302512115,35.18857196335892],[128.46829751690623,35.18851348901786],[128.46755233221418,35.18864847984465],[128.46703432949093,35.18865817532917],[128.46548944359532,35.188964335510796],[128.46420880184894,35.18854933886252],[128.46242437655437,35.18682346304483],[128.4617123527121,35.186595995493754],[128.46151150093118,35.18648744733705],[128.46151397274087,35.18636181920217],[128.46140171310904,35.18631213378278],[128.46129066808476,35.186287418576605],[128.4609169759069,35.186410761282914],[128.45895568111635,35.18611530236629],[128.45792974798317,35.18562150331046],[128.4575777884442,35.18394483788251],[128.45578830656643,35.18330418157476],[128.45376459601863,35.18243238850812],[128.4524154843428,35.18210200115222],[128.44983876828536,35.18131925580025],[128.44704455418443,35.180913361245416],[128.44535910495222,35.18058232154969],[128.44581790795476,35.17884248527384],[128.44585433761466,35.17795629878022],[128.44577178751402,35.176773448489804],[128.44525317675854,35.17558381106966],[128.4451597266019,35.174801273852125],[128.44444122559668,35.17236439668791],[128.4440006385456,35.170183909768184],[128.44467058295754,35.16996034202279],[128.44399361826055,35.17018475254578],[128.44305385147874,35.1697835516533],[128.44096441889505,35.168170647899075],[128.4401443858727,35.16740101136093],[128.43888067594514,35.166842048627046],[128.4379806652216,35.16563363077415],[128.43759244246567,35.16528499426003],[128.43631479441783,35.164701359157554],[128.43472121401027,35.164347232822344],[128.4342858539121,35.16415011206862],[128.43311238540878,35.16429076596571],[128.43230595615287,35.16417096548773],[128.43183861219364,35.1640128434158],[128.43111280792274,35.16422209572519],[128.43027071484096,35.16431332513562],[128.42984645926995,35.16502231963421],[128.4292910385404,35.1651486078528],[128.42787276775363,35.165292495504545],[128.42537393872226,35.16686704155902],[128.42512819077353,35.16726077046863],[128.42244330689812,35.16814313073265],[128.4211561984968,35.16886872376075],[128.41960850584434,35.169197652917305],[128.41819031774736,35.169722857444924],[128.41727330252428,35.17020111671147],[128.41681350707708,35.17019715346878],[128.4161556337606,35.171182446160465],[128.4161770155341,35.17187677781653],[128.41602021640134,35.17257987965181],[128.4154278328598,35.173472528530375],[128.41539484495385,35.17387989503712],[128.4142157906171,35.17473305856572],[128.41405253583915,35.17526343569335],[128.41164745747804,35.17760672650824],[128.41026799295057,35.17832383334122],[128.4096564716638,35.17905740637944],[128.40783277462754,35.17915091632823],[128.40579879199962,35.179608528806924],[128.40560208882428,35.1806109366389],[128.40529779423784,35.1814794942764],[128.40509922095197,35.181801227738866],[128.40485426060246,35.18280570883185],[128.40404575473136,35.18348646129093],[128.4037180467074,35.18431198830844],[128.4031400060042,35.18502646515298],[128.4035594267457,35.18577088947559],[128.40371840637172,35.18639236990265],[128.40397695642594,35.18689484632403],[128.40399753064298,35.1871977296804],[128.40421458483735,35.187419582080175],[128.4040292199552,35.18801959730725],[128.40433808701408,35.18870058104325],[128.40446588934515,35.18951489131962],[128.4049308058409,35.19004973776195],[128.40718629299687,35.19200061100937],[128.4070468656408,35.192811594225326],[128.4068542906343,35.19327987987412],[128.40704105334532,35.19347925032333],[128.40716047925773,35.19403547309926],[128.40684049330739,35.19470915659833],[128.40635118858995,35.19629280931765],[128.40488379373838,35.19835538319294],[128.4040529199891,35.201026917917446],[128.4030513507079,35.20294527992572],[128.4019086608922,35.204074151172314],[128.4018362582042,35.20423223851194],[128.4008714587968,35.204824354292754],[128.3996119695901,35.20527702431993],[128.39909691929915,35.205370438821426],[128.39869185776618,35.20558532370522],[128.39829300587536,35.205285336605556],[128.3976856659229,35.20537506928907],[128.39737542791107,35.20528002229318],[128.395711381328,35.2055084335619],[128.39405606093297,35.206249761825866],[128.39039300247617,35.207215105904666],[128.39000269213895,35.206439002860115],[128.38743440771557,35.20558925484508],[128.3865388787477,35.204794732960465],[128.38598472500794,35.20455243299369],[128.38523848181165,35.20455934119461],[128.38471418224165,35.204126292657556],[128.38455423461366,35.203714054800464],[128.3828073713867,35.20279128098433],[128.379953641746,35.201764501632375],[128.37913557720842,35.20099366448824],[128.37880284990447,35.20037213551886],[128.3781632724384,35.19988597769335],[128.37796816954346,35.199860699214874],[128.37744525614758,35.198986121169256],[128.37727853791648,35.198852096287744],[128.3763048369419,35.19864157266218],[128.3759179464628,35.198211169332595],[128.3760418802145,35.19700711913738],[128.3764479071864,35.19594144658735],[128.37636863825384,35.19551945551722],[128.37608702988342,35.19540163211356],[128.3754273947672,35.19437501120662],[128.37408633968755,35.193063256371516],[128.37320353244743,35.19384017937366],[128.37149323702664,35.19389668513634],[128.36967846368333,35.194281376685375],[128.36949897149233,35.19422737281411],[128.36862076147884,35.19461369579404],[128.3676571366783,35.19447809723781],[128.36722548605,35.194267528977406],[128.36772273493588,35.19302430613582],[128.36796826387206,35.19173431565443],[128.36819406115737,35.19126145172482],[128.36819764223668,35.19095154005978],[128.36776235459513,35.19009833289086],[128.36742522068704,35.189660065208884],[128.3672018596692,35.18909059788889],[128.36681764166667,35.18750558912926],[128.36676383171445,35.18689102040056],[128.3672963717234,35.18573631786589],[128.36726860552517,35.18524213374736],[128.36743046517853,35.184231929690405],[128.36710296920657,35.18331236839778],[128.36669947005805,35.182686230685825],[128.3662090468222,35.18157875061379],[128.36603508082698,35.180820557344475],[128.3654603690357,35.17962667218494],[128.36467203135086,35.178991287662775],[128.3643747958447,35.17883643356214],[128.36466600972784,35.17810413254127],[128.36463343392037,35.17738705473962],[128.36478042940232,35.17672124855564],[128.3647094123516,35.176501914445325],[128.36486052347428,35.17596110427961],[128.36492959421264,35.17514304051806],[128.36479655448778,35.17515274762172],[128.36479289642986,35.174986937961705],[128.36492353826674,35.17462915316147],[128.36501586065393,35.1746908957592],[128.36507309610772,35.17457801642978],[128.3649804384899,35.17444045371836],[128.36506495233633,35.174342102268454],[128.36493171270806,35.17442591488247],[128.3648684105553,35.173836803934],[128.36504746654015,35.17319651034167],[128.3649386088129,35.17263346320522],[128.3652458447905,35.17225605131542],[128.3652453089123,35.172018908741954],[128.36498659464084,35.17109439732053],[128.3645168393698,35.17038879298218],[128.3638048340753,35.16972203498267],[128.36370468143386,35.16947683644329],[128.3632814765458,35.16907619722822],[128.3631617712183,35.168829720997095],[128.36329823789308,35.168531201688175],[128.3633064707826,35.168171277186964],[128.36319413380158,35.16788085353004],[128.36286328431416,35.16713813437695],[128.3620383745529,35.16617582090907],[128.36213816192827,35.165253288609556],[128.36209847820882,35.16471387563572],[128.36221634592377,35.1640046324374],[128.3619287498013,35.16364064902551],[128.3613039803206,35.16333332065739],[128.36135850158877,35.162747064800584],[128.3611824615267,35.1622380400117],[128.36137754717066,35.1617722922395],[128.36216510332602,35.16089855426947],[128.36245780507505,35.159970720151215],[128.3622055978391,35.15943766791317],[128.36119052010986,35.15864906279952],[128.360928073536,35.15826696862101],[128.36105635673232,35.15778970340609],[128.36086567279358,35.157517687143475],[128.36045325439224,35.157200687946634],[128.36114388257192,35.156336003227295],[128.36130530674006,35.15579031113079],[128.36132768263244,35.15509059310124],[128.3615451501421,35.1547614334944],[128.36159824278906,35.154367857504546],[128.36155147825525,35.153468231115156],[128.36139015341013,35.153269093763974],[128.36149174761687,35.15295464574877],[128.36219249752452,35.15218438591479],[128.36185067039392,35.1516477868801],[128.36183630328313,35.150855867100454],[128.3616466723723,35.150600756215525],[128.36088043645498,35.15038831031805],[128.36044263923011,35.149941334029705],[128.36018075901083,35.149533832910876],[128.35918409840974,35.14860533439531],[128.3591632562881,35.14784801320475],[128.35906298748688,35.14762891073927],[128.35862855361174,35.14726250914752],[128.35855049941682,35.14689620515104],[128.3588654399676,35.14647251341534],[128.358879125709,35.145993632744464],[128.35979661748215,35.14584277809019],[128.36079513386065,35.14497164249488],[128.3612875357817,35.14321492101566],[128.36181297266737,35.14211517761892],[128.36202541574872,35.141895658084266],[128.3632668701325,35.14157463928138],[128.36340083011214,35.14138301114066],[128.36342118441013,35.14106289390541],[128.36310240422083,35.14078241351536],[128.36284302478256,35.14022040251386],[128.3610764844855,35.14018074452508],[128.36037653372242,35.14043715948624],[128.35973796761883,35.14027627701972],[128.35864866961265,35.13974558426442],[128.35811150087915,35.139591703880164],[128.3575963182406,35.13903484313087],[128.35683538625065,35.138404564916186],[128.35695872311547,35.13691636433151],[128.35550830328748,35.13635736163578],[128.35533213009228,35.13634582830569],[128.35527228301575,35.136155788605855],[128.35481555511453,35.13578007612313],[128.35490198307295,35.135387958134224],[128.35427990899308,35.13500467070783],[128.35215209332142,35.13416031069281],[128.35209735827428,35.133689320759125],[128.3508580053752,35.13261994962159],[128.35018489739392,35.131762094753476],[128.34814418337692,35.130805592083675],[128.3482242740817,35.12999237344297],[128.34871600613306,35.12915033635148],[128.34828689498605,35.1270796262882],[128.34870781714855,35.126156106363446],[128.35061341620306,35.12474641167728],[128.351270991142,35.12381933892051],[128.35168370788085,35.123588755034696],[128.35194622588335,35.123160889492205],[128.3524969695877,35.12022740880205],[128.35295890248648,35.119462025194714],[128.35311148783626,35.11887396223915],[128.3534298693452,35.11854551926864],[128.35368410636195,35.11844907645511],[128.35360028052588,35.118054676852],[128.352981491886,35.11679993745776],[128.35296510621777,35.11512509075641],[128.35273312430215,35.11464563910907],[128.35092671508573,35.112958827573756],[128.3501188767601,35.11182996697054],[128.35137689690507,35.11152628217425],[128.35212993863442,35.11036929909206],[128.35249674679883,35.11016965126183],[128.35310502802605,35.11025605345322],[128.35489627019615,35.10956015418433],[128.35691270396748,35.10796952836673],[128.35747136659467,35.10893051178743],[128.35853288938657,35.10922729106041],[128.35879347670456,35.10916003187189],[128.36070728165225,35.10988586033959],[128.36289555491652,35.10878034026264],[128.36600626760696,35.10894600344823],[128.36899557439492,35.11089640855143],[128.37192366022293,35.111147960187104],[128.37315771149673,35.10965474992185],[128.37424723597746,35.10923889772801],[128.37605631721567,35.10819712562047],[128.37724607411826,35.10680510237126],[128.37777775250873,35.10656169935384],[128.37918086551852,35.10523602034035],[128.37955557557333,35.10430851401971],[128.3802588635963,35.104438762413096],[128.38146074841285,35.104009779505326],[128.38259756008284,35.103707389024414],[128.38601414982864,35.10297257734844],[128.3863252306967,35.10250531887876],[128.3874492385589,35.10133418379876],[128.38776628054896,35.100472474208914],[128.38926304834197,35.099438125407445],[128.38939504023153,35.09907647486334],[128.3899380123167,35.09869056960543],[128.38991947175163,35.098122890197544],[128.39014688994942,35.09772454454809],[128.3903693018708,35.09704999813124],[128.38980852052217,35.096264977229836],[128.39009397000825,35.09568643340233],[128.38989288911856,35.094985373568214],[128.39003974306934,35.09405529764612],[128.39047349486535,35.09303255764649],[128.39032791768787,35.09238153127623],[128.39048724810303,35.091706652084724],[128.39046900476578,35.09135573342627],[128.39104068608881,35.09125949770779],[128.39131212188104,35.09108050206304],[128.39180439982454,35.09038221053813],[128.39240635784245,35.089234122377135],[128.39230395867924,35.08827340196789],[128.39252188415554,35.08779664157337],[128.3928268264302,35.08758675996637],[128.39304305043646,35.08721539569858],[128.3936253654415,35.08707718778386],[128.39460595310953,35.08661013297252],[128.39562098420626,35.08636050275369],[128.3972513631297,35.08511758001069],[128.3995645169571,35.083561548242685],[128.4008658996436,35.083993424640816],[128.4010429415535,35.08581489137616],[128.3993972228537,35.088068404910096],[128.39911510979863,35.08889703586615],[128.39974755501956,35.09044394313218],[128.40052232814324,35.09034019177934],[128.40169176878322,35.090634070803574],[128.40311232125418,35.09065413054957],[128.4040259670864,35.09101016645722],[128.40537349747473,35.09105335130314],[128.40649516605058,35.091433385133115],[128.40699223224206,35.091348914124346],[128.40768436722294,35.09153869123797],[128.40809601014428,35.09144253626179],[128.40867921985983,35.09173452226832],[128.40912312643667,35.091763671754244],[128.4101120347545,35.09232955728956],[128.41107365283688,35.09265260859819],[128.4127954794864,35.092442157040026],[128.41350036044219,35.09202736688355],[128.41480126661315,35.09144540844664],[128.41625858674,35.091535788674086],[128.41699501795765,35.09149637899775],[128.41761964473878,35.09109664412903],[128.41826597125123,35.09034930211798],[128.41815292298392,35.09021762225294],[128.41848463545819,35.08989845583685],[128.41887753276416,35.089180867050736],[128.41996879751528,35.08812113367171],[128.42066018865347,35.08799019200321],[128.4232814380158,35.08833824803688],[128.42426149382948,35.087794208546924],[128.42477326813702,35.087419484210386],[128.42633920247368,35.08702417897527],[128.4270996384394,35.08647473949246],[128.42740259558312,35.085679392775454],[128.42828358809876,35.084610479316616],[128.4280007215338,35.084160522109215],[128.4280043960947,35.083471133025796],[128.42813020237614,35.08313440737801],[128.42773585342226,35.082456081860094],[128.42737911960677,35.08205123524612],[128.4265975615323,35.081461474873095],[128.42618638514892,35.08131747983589],[128.42575879395966,35.081022416632685],[128.42555392033736,35.08003764320672],[128.42528827077234,35.07924785142445],[128.4254895255647,35.07863182145826],[128.4254592341743,35.0763826476316],[128.42509261683384,35.07581942179112],[128.4258458722754,35.07475176979913],[128.42590068763565,35.07454988068791],[128.4261391138643,35.0743324599593],[128.426332068511,35.073833908273556],[128.42623292820252,35.073622526034434],[128.42647965772898,35.072559902483135],[128.4270105808866,35.07240335645975],[128.42769214650912,35.071499324620866],[128.42704143763433,35.07106308209906],[128.4266792749588,35.07022383794687],[128.4266310121247,35.06982244642503],[128.4264962965009,35.069597386840655],[128.42610270631434,35.06933203455845],[128.42623134568208,35.06841352312426],[128.42576816198337,35.067984675823006],[128.42542390838895,35.06647587845131],[128.42544639746237,35.0660023193178],[128.42530713653468,35.065432925089176],[128.4247340793634,35.06442040276283],[128.42450760988632,35.064166520512124],[128.42454907402993,35.063519631851875],[128.42446503768488,35.06289528810505],[128.4235745423245,35.06090357926748],[128.42344459217713,35.06040585022016],[128.4234768490598,35.06006877465677],[128.4231200114336,35.059443669454424],[128.423138318736,35.058895037948204],[128.42336182917327,35.059041308486805],[128.42296194925282,35.05848990126954],[128.42263392314212,35.05832483656438],[128.42285385083952,35.05814631219544],[128.42269455560663,35.05798947486668],[128.4227086522468,35.05769540410218],[128.42301980213418,35.05636427393042],[128.42325725801163,35.056349113596696],[128.42348174314273,35.056424200367196],[128.42382954160308,35.057093497299824],[128.42428798827274,35.057054579939944],[128.42468800386595,35.056883262218314],[128.4251816035036,35.05649004896266],[128.42538434691204,35.056227417419215],[128.4258885565911,35.0560330749493],[128.4262642050392,35.056032486529475],[128.42684236946803,35.05537130056005],[128.42724327159397,35.05507357885139],[128.4274094676426,35.05504087431773],[128.4279228849891,35.055139928753576],[128.42818662791538,35.055294584989745],[128.42880438102318,35.05605151839825],[128.42939091076568,35.05647595593585],[128.42975216779138,35.05697385992734],[128.43035685054306,35.057398447447],[128.43127441198556,35.05769055705786],[128.43178730043485,35.05762701712225],[128.43202199566963,35.05775262797758],[128.43218194476884,35.05856777869516],[128.43197916691926,35.05886666705503],[128.4314722222883,35.05916000052622],[128.43124972313387,35.05920972329873],[128.43159000080414,35.059460833627746],[128.43153972297094,35.05949305679497],[128.43110305622272,35.059193056108874],[128.43086361169964,35.05916750134187],[128.43084583430738,35.05942389033424],[128.43052388982403,35.06032583415869],[128.43125697320366,35.06058585525735],[128.431434445712,35.06027694536028],[128.4313322226229,35.06057000008517],[128.4316092230194,35.060672272835575],[128.433252734411,35.06068726282419],[128.43372818606593,35.060925214409814],[128.433986225189,35.06133759758011],[128.43407549798394,35.06134027163688],[128.434094259909,35.061398280997814],[128.43400388582543,35.06142254813185],[128.43403239312156,35.06178562018079],[128.43415845626262,35.06238759216037],[128.43429066256897,35.062668762525696],[128.4350325945876,35.063585703183435],[128.43514871475486,35.06424431646367],[128.4357177900049,35.065459074500964],[128.43567062153087,35.0660236855107],[128.4354848199473,35.06647529264344],[128.43562466867584,35.06687832294904],[128.43598194115876,35.06709182113052],[128.43640215829566,35.06711586179006],[128.43769418729997,35.06661305655036],[128.43837913374864,35.06673050287721],[128.43868707410718,35.06671386147676],[128.43909805454413,35.067104123656165],[128.43958765340855,35.06803020665589],[128.43964585221826,35.068494841515964],[128.4404349013043,35.069371246171976],[128.44046944204192,35.06961271298904],[128.4404258133127,35.07091968247548],[128.44036206932395,35.07101157044548],[128.44007723183555,35.07105038376992],[128.43998800936345,35.07094619864059],[128.44000166738155,35.0707838892045],[128.4394813899813,35.07082500093677],[128.43920861155058,35.07095694565103],[128.43874472350657,35.071443056122995],[128.4390711115262,35.07175305663036],[128.4392061122578,35.07177166810025],[128.4393086112764,35.07218194570342],[128.4394550010511,35.07217389040753],[128.43937561408788,35.07229155036385],[128.43942953422044,35.072344946570915],[128.4401674632127,35.071896492958494],[128.44026689641674,35.07198093827632],[128.44046901807963,35.07193363903195],[128.4400936747135,35.071399168725975],[128.44011734400817,35.07131911067042],[128.44033507715724,35.07124909784531],[128.44044547922718,35.07128790630889],[128.44072724528777,35.07173467431034],[128.44115998296007,35.07197287015766],[128.441544177135,35.072073843161],[128.44159987316053,35.071483142580846],[128.44139262139964,35.07130696403583],[128.44106173443896,35.071299454726265],[128.44108001193376,35.071146487846704],[128.44148865541734,35.071167984682695],[128.44179584743677,35.07142533005439],[128.44169483480894,35.07207635592384],[128.44214988958953,35.072054483016245],[128.44220077016095,35.07217048891211],[128.443070437464,35.072046384950404],[128.44404098385218,35.07220387588006],[128.44443440936365,35.072189533461874],[128.44547056574734,35.0719904889581],[128.44623134777186,35.07175714083272],[128.44721157065604,35.07202126766639],[128.4481369459188,35.072598832875755],[128.44879473933653,35.072878626374965],[128.44955979849146,35.07298072238955],[128.45035325714147,35.073261082505546],[128.45097931874966,35.07365564813057],[128.45108246146714,35.07364850760988],[128.45136300049782,35.07399029221107],[128.45164655848305,35.0741450670715],[128.45174268696655,35.07415383004087],[128.45186981865115,35.07387498533393],[128.45193204487347,35.0738855678621],[128.45184343724935,35.07419657834256],[128.45239168546328,35.0742735253428],[128.45298243612473,35.07421312401594],[128.45394528488902,35.073757206461316],[128.45746249422388,35.07317459231236],[128.45866068700244,35.072645486240695],[128.45995932629305,35.07181193463757],[128.46078630243093,35.07162767450892],[128.4614173913905,35.07167130404197],[128.4617400683233,35.07183650590892],[128.4619795750285,35.07215978547504],[128.4620898803606,35.072132392665],[128.46221902457856,35.07238777891797],[128.4621169447493,35.072427778940195],[128.4625166565325,35.0729871164608],[128.46257807966515,35.072926644942285],[128.46267628992518,35.07299063556255],[128.46280890775458,35.072838368504534],[128.46294418296097,35.072931573336554],[128.46281045658557,35.07307041236087],[128.46305306624004,35.073261313238596],[128.464013617854,35.073482393292956],[128.46404930059484,35.073416048262544],[128.46436003757105,35.07352566491255],[128.4647590072873,35.073873062194785],[128.46487692786613,35.07425886852203],[128.4648978089307,35.07504873275062],[128.46480435995574,35.07583763731714],[128.4649277090002,35.077116670146744],[128.4648749339333,35.077571279763745],[128.46502609912338,35.07852585075085],[128.46539858849283,35.07920909349256],[128.46550807900428,35.079635509420434],[128.4657588081286,35.07986062111454],[128.46603808322894,35.07968734361635],[128.46582003778326,35.07990319358875],[128.4665516380045,35.080343906656154],[128.46853465280537,35.08188807675886],[128.46880064395575,35.081976687883554],[128.46909747643872,35.08193674988274],[128.4696615816197,35.082101077742415],[128.47029086653694,35.082158683351764],[128.47128083066409,35.08174949607466],[128.4712993518265,35.081370179039716],[128.4716320326293,35.081085895114654],[128.47222181709958,35.08028547179774],[128.4723499790388,35.079929978104154],[128.47346346000506,35.07823024551879],[128.4735940305014,35.07787609358024],[128.47352456840025,35.0770830070539],[128.47378562011076,35.07647026352726],[128.474166653372,35.07603182039605],[128.47444318465125,35.07590619543889],[128.47553989500514,35.0758374419135],[128.47609667667538,35.07592331892299],[128.47625996870326,35.07624203068245],[128.4760559051629,35.07669425128519],[128.47617497589462,35.07690475039518],[128.47657611280982,35.07727518553273],[128.4767402606078,35.077379002124616],[128.47735324214716,35.077253693445826],[128.47802349084446,35.077230265895174],[128.4782294146732,35.07756598940398],[128.47833392315667,35.07818584097898],[128.478791197796,35.07858827911313],[128.47924851458933,35.07875062103003],[128.47950825609152,35.07900737965933],[128.4795407099445,35.07962702027323],[128.47946762788195,35.07981062513793],[128.47967803953279,35.080121017370786],[128.47970391378382,35.0804476130923],[128.47900922701805,35.081648667664666],[128.47847734076464,35.08177959906155],[128.47777893283856,35.08179671293544],[128.47743550566804,35.08192605598154],[128.47639985860334,35.081958811814026],[128.47599521694724,35.08213120512816],[128.4759599438123,35.082524096229264],[128.47551548694688,35.08273003828072],[128.4749021195886,35.08279008592439],[128.4740825958743,35.082692933770524],[128.47376771247946,35.082716180907596],[128.47302992352445,35.082980664095196],[128.4724550605559,35.08294686558838],[128.47212548793195,35.08319838834363],[128.4717438725715,35.083321249835286],[128.47146309766777,35.08350587939231],[128.4705667928088,35.08369558364238],[128.47027109209242,35.08391205850511],[128.4699837892215,35.08394508569506],[128.46960949804142,35.08410447419955],[128.46911644117628,35.084481945275826],[128.46854320215448,35.08507029679871],[128.46807277871144,35.08535944563138],[128.46777194521388,35.08531361217099],[128.4674160319912,35.08538532227529],[128.46706850736967,35.08506966439971],[128.4665740626832,35.085005651120895],[128.46599377623525,35.085094916822264],[128.4658451593303,35.08522458938554],[128.46577445915082,35.08542761565412],[128.4652965931352,35.085657194389206],[128.46378203507933,35.087228918321415],[128.4628934633775,35.08757889511895],[128.46224033801894,35.08830056454155],[128.4613480890168,35.08886128546246],[128.461525021963,35.089015238743016],[128.46102104778913,35.08955147874563],[128.46108789720978,35.08966317469961],[128.46180343077117,35.090098147346716],[128.46184558988875,35.09038622750388],[128.46174230971428,35.090392800436184],[128.46169834318027,35.0901429471824],[128.4609554310307,35.08967753984733],[128.46089123110121,35.0894881316272],[128.46045313460297,35.09011099437632],[128.4609956108829,35.090655870475956],[128.46092334897483,35.09072492634481],[128.4603369493241,35.09024885303374],[128.45994260134003,35.09058371831989],[128.45952738767824,35.09075964291645],[128.4580720347804,35.0909131736502],[128.45700501213827,35.09128733927508],[128.45604994217214,35.09150702749593],[128.45611174743212,35.09173372753531],[128.4560260164176,35.091756164883755],[128.45591176594777,35.0915286898674],[128.45468149892884,35.09185221191094],[128.45442826292515,35.091967215932186],[128.45449462196478,35.09207762096636],[128.45422044756833,35.09225541520664],[128.4540852563011,35.09220743090632],[128.45146596089566,35.09409024991255],[128.4508592641342,35.09460823571427],[128.4506259353602,35.09494159791547],[128.4501057795177,35.09531720478909],[128.4484949320501,35.096051605897394],[128.44828382890535,35.09633653683283],[128.4483084363854,35.09684166089254],[128.4481864682933,35.09708614802293],[128.44733390762374,35.09776216429424],[128.447063044397,35.09783460670384],[128.44702101604727,35.09791755663312],[128.4477515177822,35.099076430639364],[128.44894833548793,35.10072610334865],[128.44891861097824,35.100937500264585],[128.448294846879,35.10135899284693],[128.44820311136644,35.1016027934405],[128.44822468681423,35.102105818225155],[128.44854838135635,35.10234183259541],[128.4485546983477,35.101949314999175],[128.44865680794513,35.10157292469385],[128.4487734671402,35.10144374500608],[128.44932311227268,35.10128778836639],[128.44978024290955,35.10096317942896],[128.4507891265773,35.10070041129076],[128.4525536411783,35.10313090735036],[128.4515545559291,35.10414128076758],[128.45109321277855,35.10441065059503],[128.45060320943767,35.10515731925488],[128.45070889234907,35.105263085112654],[128.45074744610687,35.10548034156598],[128.45047416487375,35.105925949981604],[128.4505405089781,35.10612069620078],[128.45063070781487,35.10602255722406],[128.4514620329444,35.105786233329646],[128.45190732753437,35.10553825709348],[128.4527706606668,35.10549159142348],[128.45404740586983,35.10520422763362],[128.45405435444192,35.10527897229349],[128.45311892859294,35.10551061319228],[128.45323481258018,35.105751391682254],[128.45369200252807,35.10574495275545],[128.4540645881174,35.10552394289624],[128.45433316095267,35.10512020992729],[128.45480184743477,35.105061855554965],[128.45605632622397,35.104683288173575],[128.4563418181906,35.104717694325984],[128.45634036626706,35.10481253696289],[128.45610175883272,35.104780351587785],[128.454909204378,35.10514249618252],[128.4553492409053,35.10531525281204],[128.4554408173049,35.10524546737343],[128.45549769481258,35.10535335300473],[128.45596535963412,35.10508258668836],[128.45670156008302,35.10498278178949],[128.4579412766905,35.104627105182075],[128.45826909870306,35.10440081510035],[128.45818309329977,35.10412966377349],[128.45828978737887,35.10410372199543],[128.45859084840475,35.10477045462622],[128.4591673927098,35.10419400837537],[128.4592189726889,35.10422754330398],[128.458465521352,35.104978748475915],[128.45883505947,35.10521956436585],[128.45959079748135,35.1044658519862],[128.45964297644343,35.10450019170222],[128.45860955979506,35.105583398769184],[128.45877841427838,35.105698137353656],[128.45909014252317,35.10539126611331],[128.45896194012286,35.10557315570701],[128.45922942136298,35.10574928281747],[128.4585926848908,35.10637712797058],[128.45805978124707,35.106553539244246],[128.45862832297195,35.10646312209934],[128.45924957073925,35.10596342600752],[128.45973103165565,35.10577950633434],[128.4610643905611,35.104513359756716],[128.46111855945782,35.104043842048426],[128.46091666082324,35.103793756044055],[128.46116698377995,35.10379543693972],[128.46129015083665,35.10396787245886],[128.46204389030078,35.10363972377909],[128.46236166697807,35.10368194586865],[128.46256389001266,35.10353222322637],[128.4624196125051,35.10319882453164],[128.46246282695586,35.10287198388451],[128.4629333337714,35.102336390197806],[128.4634905566364,35.10207250109788],[128.4637099760756,35.10206118204124],[128.46384555631533,35.10213000102759],[128.4638946877297,35.10234655949755],[128.4638104333147,35.1023823130478],[128.46393558951485,35.10262249172492],[128.46450603131416,35.10285021609565],[128.4649039675276,35.102424001281165],[128.4651949936482,35.10232912838133],[128.4653444449689,35.10138861137681],[128.46557472250726,35.101259168281885],[128.46601333174567,35.10115602613692],[128.46594539051785,35.101056316318456],[128.46666387287084,35.10065648899509],[128.4666391666526,35.10038777817333],[128.46670055606268,35.10038611197463],[128.4667494445747,35.10079222261615],[128.46722027773973,35.10072027895783],[128.46768027862112,35.10051583433871],[128.46814111237794,35.099877501201114],[128.4681075002982,35.09970083460906],[128.46782137079916,35.09953184130815],[128.4672276766203,35.099598411546175],[128.46794282710073,35.09930564146036],[128.46814436953363,35.099139562943385],[128.46898044280098,35.09885534466255],[128.46962813896448,35.099121138827286],[128.47024665002422,35.09912092787889],[128.4703606552471,35.09891688288491],[128.47029365327913,35.098708205625485],[128.47040465627992,35.098467885465055],[128.47077831173607,35.098290706476746],[128.47109553296605,35.09841099983378],[128.47136846343219,35.09862171385713],[128.47177855382805,35.09875697764525],[128.47197037577382,35.098769523333594],[128.47208051380483,35.098652590700524],[128.47202794471963,35.09876545593679],[128.4722614177403,35.09885214549642],[128.47222842827233,35.09891667675823],[128.47290527863836,35.099171389374504],[128.47304139021477,35.09914333391745],[128.4730428328848,35.0990804514522],[128.47311805642562,35.09917944509104],[128.47373606555695,35.099158780967244],[128.47385543638543,35.09861916097401],[128.47418381979176,35.09843610816199],[128.4747978551141,35.09853336139416],[128.47497280919663,35.09882203918298],[128.4756601503967,35.099067920070645],[128.4760978964524,35.09793748431327],[128.47618717163078,35.09795606877612],[128.47595726485642,35.098663810930546],[128.47637299189958,35.09879950424792],[128.47623752004475,35.09923731085571],[128.4764389012332,35.09938531822145],[128.477381029292,35.099608250260495],[128.47765211475254,35.09953401086827],[128.47771116429104,35.098846044394385],[128.47714393273887,35.09796295677689],[128.47726080917647,35.09788588997893],[128.4773645659058,35.09794155403996],[128.47786137815078,35.09875925941167],[128.4799288359418,35.09882819354285],[128.4798684597597,35.099028648987556],[128.47940993127168,35.09895159748664],[128.47790003623658,35.09889370976392],[128.47785983594625,35.099161059781565],[128.47787494057874,35.09950643369157],[128.47933540540578,35.100397476854056],[128.47937065634827,35.10061811733543],[128.47999727799024,35.10060806183967],[128.47999590845652,35.10068385044314],[128.47952511770865,35.100732927895336],[128.47968982389995,35.101947301516866],[128.47960283870108,35.10197143649586],[128.47965933831034,35.102360731007316],[128.48102035493872,35.102477449341734],[128.48109875162606,35.10241889885947],[128.48119059248643,35.10069368245923],[128.48137053550738,35.09998228233063],[128.48125425558905,35.09995853003086],[128.48132151357603,35.09961479744208],[128.48087080209797,35.0990530446901],[128.48054436942826,35.09895421067115],[128.4805769292326,35.09886470041363],[128.48097460264134,35.09895708074384],[128.4816613231866,35.099832440518306],[128.48196361832493,35.09984558608985],[128.4822988280828,35.09998403092907],[128.48231650895158,35.10027817387165],[128.48250198397645,35.10041686468766],[128.48271495434818,35.10050535921158],[128.48292202444662,35.1004947610545],[128.4830543648908,35.10013753909524],[128.48305137152101,35.10042766392654],[128.48377490834278,35.10060078797647],[128.48390091054878,35.10111201104581],[128.48389413883802,35.10146737444971],[128.48405037052163,35.10165734717063],[128.4847555269638,35.101946576326554],[128.48511641629605,35.10177843061151],[128.48533841080686,35.1018136892762],[128.48548475691635,35.10203651033199],[128.48561684172128,35.10254662968073],[128.48552910301885,35.103353400936385],[128.48542550168239,35.10356318747],[128.4852217406091,35.10368288927802],[128.48523594060444,35.10375273186431],[128.48661658604138,35.10594440019841],[128.48648380194297,35.1062262684369],[128.48580214957488,35.10677829828253],[128.4875590027151,35.107706138572894],[128.48756615217786,35.10778715600105],[128.48785016624322,35.10785301805737],[128.48777722358236,35.10809777901678],[128.48839583332366,35.10825388979468],[128.4895827789696,35.10779000070564],[128.49062000051603,35.10750222299078],[128.4909114254652,35.10749754363125],[128.4919569452887,35.107255000728635],[128.49377472254395,35.10718833404465],[128.49592888879772,35.1067941677808],[128.49613777929181,35.1064247230531],[128.49559583363512,35.106235556188594],[128.4956141675634,35.106180000868584],[128.49609166768462,35.10629611187362],[128.49674743702317,35.1043976937275],[128.4952007098986,35.103135199996444],[128.49504897717247,35.10263931826964],[128.4951371894839,35.10262015297837],[128.4953003870346,35.10303722269442],[128.4953567775292,35.10300097103261],[128.49679780797632,35.104172152996995],[128.49905702329244,35.10229767375711],[128.49825070225182,35.1017066549036],[128.49577081020908,35.10122807588624],[128.49491771959893,35.10137593549578],[128.49477883678694,35.101254754739664],[128.49487885797382,35.10112031089999],[128.49581631805057,35.10101928627093],[128.4983661445071,35.101512287097435],[128.49973694042546,35.1025044048001],[128.4996861117468,35.102623334729536],[128.49991132169632,35.10268654364442],[128.50073154839365,35.1021673415513],[128.50125517221733,35.10146793027804],[128.5006059980507,35.101272315131396],[128.50159888726066,35.10150993615827],[128.50189275305928,35.101496827470164],[128.50186640865633,35.10143726728057],[128.50155686160468,35.10138932452997],[128.50171666711773,35.10129055669652],[128.50177222281093,35.10105305625162],[128.50195906995714,35.1008923968066],[128.50217607498823,35.10087954666827],[128.5023234193921,35.100744836313964],[128.50265543156146,35.10062106706982],[128.5029263319915,35.100299677718375],[128.50370773031696,35.09986530955176],[128.50402023757547,35.099919361895786],[128.5045201869215,35.09984751940988],[128.50410922952764,35.09876634461584],[128.50418644106492,35.09875343770946],[128.50459703985373,35.09973769882525],[128.50505538812908,35.099568239237826],[128.5050678745445,35.099490637962155],[128.50515845230615,35.099642926772134],[128.50559671517397,35.09945109143427],[128.5056691997194,35.09931027593161],[128.50562742694012,35.099109246210844],[128.50516571772056,35.099322876746854],[128.50556917584362,35.09908729373679],[128.50576464644246,35.09862201927034],[128.50490432109555,35.098329827510405],[128.50404365746894,35.098436368879895],[128.50400129209368,35.098329277086926],[128.50494967240584,35.09826227987738],[128.50576484193448,35.09853664008422],[128.50633372795963,35.0983554231227],[128.50670548361546,35.09840197521179],[128.5069951843294,35.098502680188886],[128.50767828808003,35.09913331842015],[128.50864982875885,35.09928832004678],[128.5089510609436,35.09920198861707],[128.50953297162755,35.099218237371986],[128.51007291362998,35.09846796095349],[128.5105343228038,35.098073030355344],[128.51059927277683,35.098127905409115],[128.51012695271822,35.09851554689724],[128.50967708052093,35.09914828134114],[128.50971047667483,35.099209616904574],[128.51082751839598,35.09910699149002],[128.5110243714327,35.09920912180807],[128.51116186153098,35.09954070367785],[128.51138214097898,35.09979302672185],[128.51153462731762,35.099881890175546],[128.51182818256726,35.09988360893458],[128.51183035005573,35.09996738588523],[128.5120977803395,35.099938039102526],[128.5121008005731,35.10003219990027],[128.5121796388384,35.10002477908774],[128.51262494091074,35.099926396496784],[128.5126705454576,35.0990264271414],[128.5128701046382,35.09876229234691],[128.51313391418356,35.098680694078105],[128.5137569343399,35.099150844211486],[128.51461667802226,35.099337298790765],[128.51494922160353,35.099496678052354],[128.51521807879783,35.09985431122012],[128.5153616343834,35.10049237276118],[128.51552679854686,35.10059760947887],[128.51573653199546,35.10051703468577],[128.51551210455287,35.10046590412811],[128.51605901653076,35.10049740145902],[128.51605784470397,35.10039889995199],[128.5162035526938,35.10040221321735],[128.51633959237506,35.10024101185207],[128.51653071375085,35.09960212129714],[128.51628559644433,35.099161518655755],[128.51627953110335,35.098831400987166],[128.51641613019342,35.09849265384159],[128.51738156833238,35.09803696594393],[128.5177967451462,35.09798026844353],[128.5180466944315,35.0981193432786],[128.51830178020865,35.09852962619085],[128.51892021646916,35.098820546546726],[128.51928785979823,35.099363212736115],[128.5195888354524,35.10002243962483],[128.51953739822488,35.10033474996199],[128.51968930302326,35.10112358242272],[128.51957440225203,35.10159229366891],[128.51954897453203,35.10238742428168],[128.51983168035775,35.10310530568687],[128.52025722984618,35.103538424806175],[128.5215139922624,35.10376619576941],[128.52150502023514,35.103834504184235],[128.5209886063636,35.10376722607557],[128.52019897164197,35.10359007551696],[128.5200896234519,35.10421763075781],[128.52115988907786,35.10444335693836],[128.52114305373266,35.104503190849954],[128.5200870888216,35.104266848639384],[128.51982387520408,35.10503221075667],[128.52019335792977,35.105378496410474],[128.5204067397278,35.10548087329797],[128.52101920638614,35.10553392780838],[128.5225037208085,35.10597623041785],[128.5228992376695,35.10599320845793],[128.52333154670572,35.10588184067273],[128.52368966062116,35.10604523547043],[128.5240569289808,35.10605451169359],[128.52409474687758,35.105985110962756],[128.52474466282956,35.1059266171035],[128.5251285377413,35.10530460946235],[128.5253085580852,35.105243001791536],[128.52551336532372,35.10494585762209],[128.52574633351153,35.10478412705228],[128.52634382887504,35.104747041303376],[128.52675764459192,35.10451769887783],[128.52710023537193,35.104532553465816],[128.52737478346378,35.10469197830331],[128.52751631242083,35.10465927319969],[128.52735306682186,35.105068506048426],[128.52779425207447,35.10564118076227],[128.5285044462846,35.1057589559776],[128.52885419142027,35.1056173982637],[128.5291897490822,35.10578355508419],[128.5293189118757,35.10610598163386],[128.52927686724647,35.106549831980836],[128.53032464864893,35.10728129727012],[128.53034155774014,35.10749056294477],[128.53008263397055,35.10783247438781],[128.53003319935,35.10803171543127],[128.53018803933224,35.108315497669835],[128.53068143890582,35.10883017058423],[128.53060184777496,35.10903009832907],[128.53037080276343,35.10921472442249],[128.52982363839587,35.109322284507655],[128.52963931376962,35.109519380138735],[128.52918281098832,35.10956576650573],[128.52914169958126,35.109772442059764],[128.5301127290208,35.110548704414974],[128.53050785788164,35.110578676420126],[128.53106081910974,35.11089447107078],[128.53144739385243,35.11132720654305],[128.53180998915403,35.1119336059699],[128.53157858975382,35.112553083970276],[128.5315755958384,35.11271881072654],[128.53175621470962,35.112963097766844],[128.53223894132262,35.11312754560762],[128.53245287932387,35.11301261260673],[128.5331816825445,35.11301566828946],[128.53374902270193,35.11357741709474],[128.534274270155,35.11327718808392],[128.53431567738397,35.113325267443564],[128.5337588842891,35.11365194677485],[128.53458551811488,35.1145142025452],[128.53544600345722,35.114374329952405],[128.53546749549062,35.114465273424976],[128.53466759148043,35.11457209294727],[128.53446576290247,35.11549037649462],[128.53464069656732,35.11559410725484],[128.53459690159926,35.115642231181894],[128.534312995566,35.115460742775596],[128.53355967739563,35.11592988950506],[128.53382511499657,35.11617245537487],[128.53409563847245,35.11663838658884],[128.53456825595592,35.11687702618201],[128.5345907245444,35.11721370076921],[128.535367135674,35.117125198739465],[128.5355473903656,35.11723626559597],[128.53566107929294,35.118105279386654],[128.53562744578028,35.11854456320787],[128.53582836444778,35.11908645515105],[128.53587385124442,35.11962125446381],[128.53658609203225,35.119663131536385],[128.5366669985269,35.11929656646753],[128.53663620860644,35.119667728843005],[128.53740617623092,35.119715156681046],[128.53701388971655,35.120848334378685],[128.53684000084718,35.12110833434031],[128.53719490401502,35.12086950406874],[128.53752101880622,35.12078611925036],[128.53838318535728,35.120312890348906],[128.5384847688715,35.119918694598006],[128.53876050674998,35.119484825721216],[128.53909709446657,35.11858333127121],[128.53914191524663,35.11827577847298],[128.53881996300711,35.11800471552849],[128.53889080289522,35.11794855428806],[128.5392062242188,35.11820325803204],[128.5392935453507,35.118139985291826],[128.53927928779663,35.11783072808521],[128.53950458374055,35.117793811927996],[128.53945068527318,35.11707432371179],[128.53952776471044,35.11707094410632],[128.53957151948077,35.11789174233353],[128.5396371427688,35.117891541937894],[128.5396592401975,35.11806760389536],[128.54053674965624,35.118310010088116],[128.54093417555958,35.11832703220545],[128.54139919811917,35.118170520909445],[128.5413465426689,35.1180795911855],[128.5410632681076,35.118073779734694],[128.541085735825,35.117471286217516],[128.5411144596971,35.117289120066324],[128.54149751664986,35.11732403583681],[128.5415274222326,35.1172649652468],[128.54094941651275,35.116998586669965],[128.5411365130008,35.11677880836596],[128.54095596156364,35.11640182200975],[128.54079417027924,35.116280413045686],[128.54062265280132,35.11633662558721],[128.54031119590346,35.116194395341495],[128.5395434209787,35.11543689858268],[128.53890106705114,35.1149538669276],[128.53859736879178,35.114446475035024],[128.5388955336382,35.11325443792209],[128.53932815130324,35.11308941384224],[128.5397578909781,35.11269073528592],[128.53943300045876,35.11226360137178],[128.5393077738876,35.11169781616497],[128.5390990298214,35.11155616522376],[128.53874928774522,35.11149922478511],[128.5386399997374,35.11138956068167],[128.5386864755907,35.11108180959406],[128.53887734738535,35.110890987596626],[128.53909584542743,35.11082131314947],[128.53932930797805,35.11082855109089],[128.5396955938176,35.11098372544972],[128.54028103441925,35.11093390272059],[128.54054578974643,35.1105017918647],[128.54094893826513,35.11017782037902],[128.54096427166346,35.110000686807716],[128.54081714473344,35.1097787950526],[128.53934748199222,35.10919710532919],[128.53922430842755,35.10897700339171],[128.53936462426597,35.10868774691673],[128.53932671600282,35.108388645638435],[128.53908644619716,35.108190961379414],[128.53861935129711,35.10814193404677],[128.53827051331564,35.1083073461045],[128.5380212736413,35.108788097365796],[128.5376882904339,35.10902309510598],[128.53751293281553,35.10927577731854],[128.53743513425846,35.110274761414786],[128.53710844917964,35.11046071734706],[128.53673312308996,35.11044499459531],[128.5360620415309,35.109797155975365],[128.53605385009084,35.10907535196641],[128.53622357634896,35.10865677430884],[128.53691888686103,35.10797211684333],[128.53703969220084,35.107570848519],[128.53756828930963,35.10742753176765],[128.5380720000674,35.107173020860266],[128.53833794194065,35.10671230499833],[128.53916159614914,35.107188062968426],[128.5392433033515,35.107352795990884],[128.53924444208806,35.1077075674729],[128.53936105324303,35.107811265059865],[128.540092080933,35.10802190509177],[128.5409065439589,35.10804164247636],[128.54171889195058,35.108286601761165],[128.54196275331176,35.10882686371274],[128.5418440329875,35.10949319464951],[128.5418851993815,35.10974344840507],[128.54202795246383,35.10991296556839],[128.54256217035825,35.110185571824644],[128.54276062787656,35.11063490510487],[128.54323904644934,35.1106764954322],[128.54323935288025,35.11060755961374],[128.54339112305635,35.11060179271448],[128.5434548397569,35.110781639980345],[128.54401542296367,35.110762283401854],[128.54457503382915,35.11055618999101],[128.54572141177087,35.109969257941245],[128.54637055624713,35.10944722358375],[128.54697536663616,35.10925746591711],[128.54740090429118,35.108990042140846],[128.54790953967765,35.10841409954838],[128.54737631352063,35.10808155940378],[128.54741174337067,35.1080400205012],[128.54759361188263,35.108156199752074],[128.54763884078142,35.1081085393741],[128.5477428520848,35.10825191046455],[128.54797478776516,35.108033967516675],[128.5481816883705,35.10814086671433],[128.5485317511731,35.107747295150304],[128.54774401366052,35.10717686922875],[128.54779165822353,35.107127077989034],[128.54828244845453,35.107476004371186],[128.54833158493187,35.10741334752248],[128.54840508959307,35.10746143391536],[128.54853943574835,35.10732999406577],[128.5487144318451,35.10744383353486],[128.54878955963653,35.107338197743594],[128.5487516211315,35.10664736197218],[128.5486310450618,35.10609633275232],[128.54854144615715,35.106097747985345],[128.54857100972646,35.10578849933911],[128.54846448853894,35.10535571591968],[128.54799153983404,35.10515195819026],[128.54790808077905,35.104646939845914],[128.54779760417506,35.1045030043053],[128.54737765249638,35.10419255220332],[128.54714439980515,35.10414220507263],[128.54479034633877,35.104444268243924],[128.54477947259775,35.10461231740898],[128.5444316710672,35.10459682015413],[128.54442075238634,35.10441058709197],[128.54396100022998,35.10411987633582],[128.5435717984029,35.10341991436758],[128.543262969236,35.10320959353872],[128.54317297226063,35.10296321633246],[128.54281077946655,35.10267299687121],[128.5426060828009,35.102338865372126],[128.5422797720024,35.10213472000761],[128.54195134659622,35.1015902102493],[128.54212304270357,35.10132630100506],[128.54241994831884,35.1011644732287],[128.5428575833868,35.10139030992912],[128.54312250190472,35.101344203753264],[128.5433648358859,35.10115807954496],[128.54412732964656,35.101395902808875],[128.54447624722596,35.10125586824574],[128.5446838642328,35.10136009137229],[128.54509809960157,35.10131972264812],[128.5452952793899,35.101213840072504],[128.5455429018566,35.100878218261194],[128.54583995968974,35.10090566196764],[128.5462289319282,35.10112440337222],[128.5467115436574,35.101212697234416],[128.54715450016172,35.1009849122782],[128.54764963607056,35.100980168229476],[128.54795243716927,35.10058077055408],[128.54820993029816,35.10040998661523],[128.54794674393037,35.10011895791436],[128.54787770400176,35.09962301066459],[128.54753736420852,35.099024779861196],[128.54717035317344,35.09908768490531],[128.5462023118619,35.098984826110126],[128.54546779603396,35.09951521062733],[128.54539018463868,35.099457043602555],[128.5461178034292,35.09891837764184],[128.54605531252793,35.09874793975784],[128.54554722280116,35.09837089932938],[128.54550747578818,35.09823286065172],[128.54596097292767,35.097786043652484],[128.54695250020907,35.0971440633942],[128.54749088717418,35.096539270246936],[128.54741668684477,35.09609594835852],[128.5470378614684,35.095870311496306],[128.54675989111655,35.09556922756625],[128.54668070407044,35.095126336793456],[128.54647059690745,35.09483776491993],[128.54630104118408,35.094322400522984],[128.5461867306057,35.093867786725994],[128.54625824221105,35.09369410951604],[128.54619353377421,35.093473259766576],[128.5464197439643,35.092991833532835],[128.54707728682268,35.092764715091555],[128.54728251217054,35.09276348084307],[128.54775423149798,35.093011311751155],[128.5486146771327,35.09396784121981],[128.5486810843009,35.09433932283803],[128.54837827668152,35.09493253382281],[128.5483875847104,35.09549210617195],[128.54806917254686,35.09593281967587],[128.54832038229495,35.09622320990157],[128.54848470669404,35.09613679580524],[128.54853856479716,35.09620874379516],[128.5483422064723,35.09631471555355],[128.54850964878952,35.09657386697837],[128.54881605868508,35.096687470876596],[128.54895155284137,35.09666238523341],[128.54911292600082,35.09611204725024],[128.5491765943744,35.09612324425036],[128.54902786889537,35.09665310577182],[128.5491018570497,35.096692310702934],[128.54974781371615,35.09674748516312],[128.54979582932694,35.096246391016834],[128.54985599918842,35.09624756965116],[128.54979317602636,35.096764896909825],[128.55044330155877,35.09676610129442],[128.5509092868167,35.096667569752114],[128.55103528428435,35.09648814364446],[128.55142591870668,35.09633654768825],[128.55258970865134,35.09598987623022],[128.55324181741597,35.09588568558473],[128.55325875328472,35.09570212275867],[128.55366028231487,35.095683014922365],[128.55376795916104,35.09499998232847],[128.55382961877316,35.09500352557742],[128.55371560390324,35.095734596090615],[128.55396398862368,35.095770139795015],[128.55396225893926,35.09583794296501],[128.55533921545512,35.09580478342804],[128.5554994726193,35.09540940299214],[128.55544494771692,35.094824923282715],[128.55523944240625,35.094790161725825],[128.55524514723814,35.0947372908864],[128.5555020752525,35.094768284784024],[128.55589761447504,35.094406675255854],[128.55595263704095,35.094444724731495],[128.5555419422037,35.094822367473704],[128.55555013350696,35.095804763236906],[128.5572540148405,35.095548440024736],[128.55834200628723,35.09478961370594],[128.55818684894956,35.09446794748314],[128.55843898943507,35.09435980211527],[128.55860659586799,35.09468332406937],[128.5595689002549,35.09468198336348],[128.56055616082395,35.094475295952556],[128.5614536181962,35.09454938372051],[128.5620677023551,35.094421004445664],[128.5633434478416,35.09395875542824],[128.5638509781154,35.09384566718167],[128.56564947244934,35.0938184058828],[128.56620124000716,35.093720096919895],[128.56674024725334,35.093536618038705],[128.56679693182178,35.09345346617757],[128.5667408286965,35.09316693534102],[128.5668313180405,35.0931548248944],[128.56689308105192,35.09346576927433],[128.56706773325004,35.093517387892994],[128.56880842678115,35.09344589689545],[128.56954796017348,35.093306232747096],[128.56994560696202,35.09309565867216],[128.57003933115695,35.09317400233108],[128.5708836146293,35.09281281398595],[128.57285225753841,35.09149755650392],[128.5728485847725,35.0911618768061],[128.57320775692884,35.09111308586661],[128.57325465674873,35.09128245098936],[128.57339749649398,35.09135565864469],[128.57442183106983,35.09107760656948],[128.5755091732789,35.0911345638551],[128.57606321938317,35.09100709382372],[128.57665540188043,35.090651052148125],[128.57641024057253,35.089942212998565],[128.57648102451478,35.08991597334821],[128.57672933258576,35.09060086113401],[128.57722765354964,35.090613605322595],[128.5783429498213,35.09089705497161],[128.57888199035028,35.09113588698745],[128.57918835533016,35.09139913857904],[128.57949363255048,35.09154133284619],[128.5800700925626,35.09149472005061],[128.58081149645778,35.091662694680046],[128.58314900548257,35.091258461119395],[128.58242045934747,35.09014465629068],[128.58256952995276,35.08965487409862],[128.5825687779925,35.08921498835733],[128.5825257882862,35.08907772506102],[128.5822833619367,35.08896550897918],[128.58231661014642,35.08874852143875],[128.58225737950053,35.088727612802785],[128.5825558232676,35.08847544847908],[128.58332186914137,35.088106397832206],[128.58283989799105,35.08729099039734],[128.5825568539551,35.08734556709468],[128.58166618548057,35.08717312307395],[128.58128430205505,35.08726494311152],[128.5809940914375,35.08751328448154],[128.58073119368422,35.08744498081785],[128.57937696615386,35.0876421319028],[128.57939123961287,35.08833535155346],[128.57931921126777,35.08833740567987],[128.57929844051512,35.08763848484408],[128.57863917997153,35.08761336715165],[128.57861462178727,35.08777098045754],[128.57833300221,35.08778144989096],[128.57827229812273,35.08820084640863],[128.57821615180026,35.088195969915574],[128.57827944292424,35.08773049278208],[128.57817945865042,35.087715045336864],[128.5781388429471,35.0875518324599],[128.57777430073696,35.087411738379004],[128.57725114179593,35.08705913785967],[128.576629211857,35.086814584486945],[128.57605432485764,35.086687236851546],[128.57494815628718,35.086764466129665],[128.57413498087763,35.086606552111974],[128.57352071333074,35.0865810448614],[128.573024134559,35.08618869883939],[128.57259281528854,35.085455541729225],[128.57221941437282,35.08516476033798],[128.57204315701497,35.0847346641615],[128.57165582711053,35.084185760922274],[128.57095475102247,35.084028009305584],[128.57056609869326,35.08412019080454],[128.570276605518,35.084023755717865],[128.57001903961512,35.08301159796039],[128.56978069690854,35.082688340366815],[128.5694355934647,35.082500827485646],[128.5688600741377,35.082376001686015],[128.56813197214512,35.08241486898209],[128.56761496115027,35.082082041146975],[128.5670076649652,35.081932298781105],[128.56706810543974,35.08199632619545],[128.56696550573452,35.0821591542438],[128.5668605420377,35.08212579778009],[128.56663369771323,35.08223294174046],[128.5660049196633,35.082111640111265],[128.56562791199292,35.08213600898236],[128.56535068955296,35.08226441123039],[128.56501777341964,35.08262904859181],[128.56475487930527,35.082660365244955],[128.56426465262095,35.08246334482478],[128.56410865482945,35.082255570436686],[128.5642497356406,35.081029522509674],[128.56385825106787,35.080945993569756],[128.5637971264153,35.080857486327155],[128.56390499542215,35.08058006265492],[128.5625015171141,35.080590229504],[128.5624618408507,35.0802422143216],[128.562546832703,35.080531107877114],[128.56383175103883,35.08046794309187],[128.56373099340576,35.07991463794903],[128.5638710770504,35.07990760671711],[128.56391822284337,35.079768549104585],[128.56378535016017,35.07975444849642],[128.56382938399148,35.079449438025854],[128.56432676385518,35.07958953961311],[128.56448391470605,35.07944888593369],[128.56456022628373,35.07861421513902],[128.56395177960562,35.07840504833615],[128.56352078549926,35.077964131637096],[128.56355549420147,35.07782680081607],[128.5638663051076,35.07774712782188],[128.56406709650628,35.07743768153235],[128.56402815322326,35.077133562172605],[128.5635941603688,35.07699664880451],[128.56335441074123,35.076996457487056],[128.56311919246997,35.07635970239445],[128.56298527437198,35.076401134546145],[128.56294366681354,35.07632701240375],[128.5631973718957,35.0761648132246],[128.56295596022366,35.07571629075993],[128.563524916722,35.07542165663348],[128.56324715424464,35.075420726333014],[128.56318680276547,35.07492962988213],[128.56347156854127,35.074775594836176],[128.5640667538676,35.07474441722431],[128.56423174561434,35.074824454201796],[128.56484036328894,35.07467979934613],[128.56500845589449,35.074504560545144],[128.56546899627872,35.07351770043781],[128.5659395775598,35.07333859049297],[128.56608111923592,35.07275139147184],[128.5660798136605,35.07212414481513],[128.5658435554748,35.071611666052576],[128.56590603056986,35.071482558122234],[128.56571136430688,35.071488708808715],[128.56570910232128,35.071431394456525],[128.56581093629478,35.071395956171884],[128.56587398507645,35.07124155920128],[128.56578664126152,35.07120948403462],[128.5661765278516,35.07073024851681],[128.56615217353263,35.07055410480465],[128.56605215943745,35.07056055458502],[128.56593507667924,35.07009553768081],[128.56540010235153,35.069925657028904],[128.5652150815101,35.07027094961975],[128.56515749713145,35.0702539132032],[128.56541168241182,35.069794492454214],[128.56499953721757,35.06954673296168],[128.564509302532,35.06950704851327],[128.5640671918093,35.069667942475775],[128.56401398489504,35.07006617842606],[128.56393580332286,35.07006260208238],[128.5639687422065,35.069785397117194],[128.5638969988799,35.06973535296328],[128.5623273102636,35.06990139682008],[128.5613362560859,35.06987100684562],[128.56113309026136,35.06975397378781],[128.5610739590742,35.06950533240017],[128.56124076610135,35.06894842573525],[128.5619281499393,35.06807701339685],[128.56226544401,35.06794873582859],[128.56235282993566,35.06761992714793],[128.56257054346676,35.06733886396705],[128.56310504915592,35.066965906277346],[128.5636125782348,35.0668635681055],[128.56446345892516,35.0671443677071],[128.5646474768364,35.06739282281281],[128.56576037343893,35.06760038032002],[128.56646737920966,35.06755154021558],[128.5668527575537,35.06767439058103],[128.56783204909541,35.06739893606009],[128.56820393743016,35.06715425332659],[128.56852764252702,35.0671831409401],[128.56872329281006,35.06751979602829],[128.56868250400044,35.067789090629745],[128.5688851456323,35.06783091460205],[128.56883733428447,35.068184021897565],[128.5703594681863,35.06833967622484],[128.570349432245,35.06840864774439],[128.56865367127068,35.06820838798134],[128.5683598652422,35.06941681688193],[128.56852159858087,35.069787313410494],[128.56912932088477,35.070023309242956],[128.56972366451475,35.07000408950469],[128.5708298256668,35.06969136938476],[128.57095356746692,35.06960829238803],[128.570965278956,35.06949408318828],[128.57108580182063,35.06951134275778],[128.5714384629636,35.06928386264403],[128.5712120097235,35.06878697350675],[128.57129977794523,35.06875748875528],[128.57152334684278,35.06924788767265],[128.57161853667827,35.06925361443726],[128.57218400478652,35.06906283357666],[128.57243204532074,35.06917251456698],[128.5734932231731,35.068771674522296],[128.57368235227463,35.06877337347743],[128.57402422383686,35.068557568014384],[128.57444958376098,35.068449650924556],[128.57482313811556,35.068138726576386],[128.57517216307554,35.06820562394283],[128.5755280163075,35.068449956262654],[128.57549683852483,35.06836157511141],[128.57579805682593,35.06833821449564],[128.57621147401704,35.0683213306634],[128.5762444971036,35.068395667821605],[128.57646351418296,35.068449650694966],[128.57686504138897,35.068366410983515],[128.57689241057554,35.06820925049701],[128.5771739846641,35.067997510718534],[128.57721483107235,35.06771977960474],[128.5774361095942,35.06734836074253],[128.5777436412822,35.06707361502091],[128.57797778706336,35.0670307736629],[128.5783317440614,35.06709202230459],[128.57840053881986,35.06724842005117],[128.57897688624365,35.06766512923967],[128.57898173956153,35.06809170748696],[128.57910927987524,35.06845006771385],[128.57942151733576,35.06876471529452],[128.57994206681002,35.06861038160947],[128.5803992331233,35.06860095294657],[128.58050695075713,35.06833269145694],[128.58076723485485,35.068733022382276],[128.5806781131902,35.06843935615453],[128.5809050841919,35.068356413182244],[128.58090270798525,35.06793539534031],[128.57991843831755,35.06694190395127],[128.57972520280208,35.0662807584493],[128.57976527499108,35.06590606496864],[128.57996393226784,35.06545945080167],[128.58011900710463,35.06530022001819],[128.58027186208443,35.064713201537515],[128.5803702214533,35.06459912314823],[128.5807277078059,35.06454392122023],[128.58163880199274,35.064746162009946],[128.58284268473093,35.06539475172528],[128.58345807707317,35.06616345098594],[128.58414612875788,35.066820708145215],[128.58454108919133,35.067071136529336],[128.58526122506282,35.067355511242496],[128.58560832863984,35.068143562767496],[128.58661447098476,35.06869049287604],[128.58695786826127,35.069290565378296],[128.5873193545189,35.069491340481484],[128.5875418679067,35.06979016947308],[128.5878568908589,35.069889101169075],[128.58776858342023,35.07008453309725],[128.58791164803552,35.07038529030041],[128.5878399892677,35.07074083355138],[128.5873980431104,35.071183172118204],[128.58683922609927,35.07138465437367],[128.58667635645836,35.071550508710885],[128.58660889514945,35.07203990015911],[128.58675291058944,35.07237378768606],[128.58712449480785,35.07266633829237],[128.58754031562725,35.072702627359],[128.58834219199454,35.07252014839685],[128.58927921472454,35.072471334081946],[128.5903167303272,35.07253929691707],[128.5909807896477,35.072254227637806],[128.59137524836353,35.07200297498787],[128.59164224318667,35.07165015662816],[128.5921130431595,35.07125121932933],[128.5922713344397,35.07081080667909],[128.59271675842268,35.07056559898167],[128.59340384483988,35.069929121041895],[128.59333274587175,35.069390046721594],[128.59340928926537,35.069380299290614],[128.59347184272823,35.06982365459259],[128.5944308632066,35.06970829125128],[128.59451345504573,35.06944118406524],[128.5945848211668,35.06945693516828],[128.5944964846215,35.069709157057595],[128.59604344333732,35.07032766578226],[128.5969566884988,35.06968577767295],[128.59706558268343,35.06874349124157],[128.59691496918467,35.06840425760356],[128.5965646453737,35.068168287284514],[128.59624151431152,35.06815441207334],[128.59553269902455,35.068317360874325],[128.59488623019254,35.068242908081594],[128.59442402034554,35.068520735533866],[128.59420766513247,35.06854075737644],[128.5938642240773,35.068379197471785],[128.59337917918077,35.067846062317116],[128.5933566602384,35.06769317757388],[128.5934973949112,35.067428580943464],[128.59408613184442,35.06686859512442],[128.5941898828705,35.06660510405697],[128.59439147795504,35.06642149872798],[128.59486657518812,35.06616475442516],[128.59590633205224,35.06611252303926],[128.59512816601807,35.06611644492944],[128.5952016447612,35.06562918643973],[128.59482019310386,35.06573007115852],[128.59461998795905,35.06566955698423],[128.59426663595875,35.06585707114387],[128.5933816504749,35.066120976903306],[128.59294618202696,35.0664639374393],[128.59269080944915,35.066524939557226],[128.5922993900886,35.066993827816184],[128.5920390855186,35.06711631694383],[128.59178407756474,35.06713926938551],[128.59108304926912,35.067051615176595],[128.59006825054362,35.06657165394178],[128.58935411400572,35.06610750796112],[128.58899004267198,35.065757247405216],[128.58898117844245,35.06549610981616],[128.58937927326548,35.0651684326638],[128.58924856232315,35.06499998468056],[128.58937374521923,35.06502673754038],[128.59010866990158,35.064813564114814],[128.59055178935236,35.06489319404586],[128.59074702543467,35.06479159009931],[128.5909737267132,35.06423950283707],[128.59140546213487,35.0637116612383],[128.59135196632147,35.06335911289798],[128.59125920520194,35.063269709349434],[128.59070860298078,35.063362965305174],[128.59018278668077,35.06318401089445],[128.58987622912622,35.06323838171539],[128.58984766409014,35.06371017492308],[128.5896631400339,35.064087604795574],[128.58912326261023,35.06449319704709],[128.58851846439893,35.06481723658762],[128.5883664340943,35.06482820294154],[128.58816366940178,35.06474817424516],[128.58803846320305,35.0645041635337],[128.58844790407338,35.0633625142197],[128.58833406166346,35.062824709584554],[128.5879193112447,35.062728625484034],[128.58687251710884,35.06279858623768],[128.5858560686972,35.062585191291255],[128.585269773362,35.06261299526737],[128.58489886658973,35.06238503819737],[128.58483713725028,35.06225492707099],[128.58488766570082,35.06203527683461],[128.58524704491225,35.061587921479074],[128.58520906516557,35.06138099222686],[128.58488548367447,35.061215638078714],[128.58409458147293,35.06097096356316],[128.58316752051866,35.06110766791955],[128.58197808422352,35.06106867476968],[128.58098255955434,35.06132083278827],[128.5804153781112,35.061043461311336],[128.57974567830416,35.0608404046989],[128.57888413797133,35.06075386639995],[128.57822895909203,35.06051954256433],[128.57813559247938,35.060259229646675],[128.57845168984085,35.059598490310826],[128.57839137071795,35.05938646354928],[128.5781500653764,35.05909584386076],[128.57756058882472,35.058527535728444],[128.57687373712437,35.058146154616],[128.57654584484655,35.057775219344286],[128.57552504921972,35.05746500335462],[128.57544003286273,35.05736237762346],[128.57536399841158,35.05670735369764],[128.5748845443674,35.05586070205482],[128.57387692775055,35.05527429710424],[128.57311259301125,35.0549824957593],[128.57279792384043,35.05462184913711],[128.57286658887983,35.05437623504664],[128.57352447244773,35.0538476175327],[128.5738891691111,35.053760568129924],[128.5742979166247,35.05380947982463],[128.5746687048876,35.05394532485753],[128.5748636966367,35.05383680468276],[128.57538968045708,35.05384026235214],[128.57594181859565,35.053750100393025],[128.57630765582616,35.053850064922884],[128.5765373135488,35.05370058306817],[128.57684177821335,35.05364389149254],[128.5778505548683,35.05388454618646],[128.57873711880558,35.053889106508535],[128.5792746635445,35.0542633952562],[128.58034057547343,35.054057514069044],[128.58081937299946,35.05412406681107],[128.58105852005247,35.05408065313572],[128.5814425939835,35.05431247451159],[128.5816751894727,35.05422557405335],[128.5819884307215,35.05425504971307],[128.58223462640237,35.05433142136859],[128.58254827532107,35.05457185729869],[128.58328395594023,35.05468583599415],[128.58381089849485,35.05494691187612],[128.5840742650177,35.054975226350955],[128.58453218690894,35.055264913062686],[128.58509254052638,35.05534326647904],[128.58580194864186,35.05526816693602],[128.58599143511833,35.05517987411411],[128.58645660741087,35.05520432873136],[128.58699003480154,35.05533697568037],[128.58730316887497,35.05561151788848],[128.5877231835257,35.0556158591781],[128.58856000059876,35.05596711986674],[128.58881381626324,35.05594791723727],[128.58908317881816,35.056115599135794],[128.58953624077932,35.056590775025974],[128.58946933298833,35.05671367263931],[128.5895817415486,35.057052509647065],[128.59009139416344,35.05724747663637],[128.5904953575465,35.05724147588082],[128.59112176366057,35.05709164328819],[128.59130193951785,35.05682541547827],[128.5918144563045,35.05657514246145],[128.59255488965817,35.05649977550784],[128.59312518898463,35.056724463643626],[128.59377124101312,35.05680091788868],[128.59473661923275,35.05661373945323],[128.59538270178865,35.056665840395624],[128.59601554755335,35.05694556555799],[128.5966188789188,35.05681244275436],[128.5970175766209,35.056941925330754],[128.59735851658746,35.05683007900198],[128.5978651468903,35.056838906029576],[128.59848529960274,35.05705001794993],[128.59934584459404,35.05693071813016],[128.599820711091,35.05734508794346],[128.6001570639818,35.057365007904345],[128.60059863479637,35.05722313624036],[128.60073183897748,35.05681332283617],[128.60094781162223,35.05655599202026],[128.6012100885692,35.05640820827167],[128.60163167046804,35.05633184909071],[128.60262923465064,35.056734706810126],[128.60424223168428,35.05717216532459],[128.60454156939815,35.057317571136075],[128.60475240586197,35.05769721683912],[128.60526777976048,35.05797197242916],[128.6053282709259,35.0581066025601],[128.60525058454465,35.0584290129383],[128.60538929357406,35.058667081265106],[128.60557214366105,35.0587804859581],[128.60596571702044,35.05884481228497],[128.60624365569538,35.05880003225661],[128.60635503195329,35.05855719273453],[128.60659773220598,35.058370872358246],[128.60664120550499,35.05800124407753],[128.60710686451782,35.05772641918252],[128.6073899231416,35.057766754197],[128.60742942401924,35.058107099707506],[128.60769745285558,35.05832641266871],[128.6080817716242,35.058504119658565],[128.6078315253549,35.05904759425092],[128.60829093662855,35.05999650731337],[128.60861569561425,35.0604399156386],[128.608701720022,35.06039165421217],[128.60876580353028,35.060447940802476],[128.60867029086643,35.060514098933055],[128.60875803763378,35.06059094567121],[128.6092425417545,35.060708352062036],[128.610215803072,35.0605856195315],[128.6102132698292,35.06063477871027],[128.6108892298156,35.06080897806171],[128.6111759389539,35.061111638812626],[128.61152952229608,35.06133325282768],[128.6123489956036,35.06145756793923],[128.6128136457336,35.061757278909674],[128.61314466265168,35.06152550404463],[128.6131971836706,35.061571587296385],[128.61279731429792,35.06191416629767],[128.61296366740262,35.06216974307086],[128.61284529590867,35.06226281286005],[128.6130207362193,35.06251343259223],[128.61359955545873,35.06253703355337],[128.61432464215204,35.06271315996585],[128.61506929540255,35.0626178950299],[128.61584580111398,35.062250925241074],[128.61650052614843,35.0621965187103],[128.61677531750868,35.062251197461364],[128.61717929765413,35.06237194260769],[128.61785001609684,35.06298333951969],[128.6184583075815,35.063263078603406],[128.6189115312666,35.06370325938518],[128.61917061046825,35.06409051548227],[128.61917667372126,35.06422250361681],[128.61956318905803,35.06448230583632],[128.6200897020093,35.06455776390259],[128.62078800800552,35.06444076828899],[128.62173443397907,35.06440368794595],[128.62437637494435,35.06446342705688],[128.6253473201817,35.06481918991394],[128.62681600890588,35.065661065973714],[128.62735351779472,35.06609190691583],[128.6276282322139,35.06617764858439],[128.62756766569777,35.06631319687205],[128.6282855949332,35.06592327141324],[128.63043289812495,35.06629218141388],[128.63041356089823,35.06637287393831],[128.6283005579902,35.06598423056916],[128.62780657316614,35.06627074184608],[128.62788101891812,35.06633687984146],[128.6278365927988,35.06642309452026],[128.62813174439103,35.06680004447364],[128.6280608557264,35.06687139692379],[128.6287618937549,35.067547832973624],[128.62904042782165,35.067386084876645],[128.62995465967845,35.06754925363295],[128.63011616625727,35.06695019765727],[128.63000437092916,35.067578775629066],[128.63392183587885,35.06829490330575],[128.63412720238222,35.068318214511315],[128.63422893209727,35.06814740138384],[128.63517180388348,35.068766577959416],[128.63537738640625,35.06949664982386],[128.6357068788266,35.070155894026136],[128.63619306487243,35.07001969395649],[128.63622102838323,35.07007532757847],[128.6354964490608,35.070327658525144],[128.63505399452563,35.071012807938445],[128.6344495637132,35.07144538504045],[128.63368274202182,35.07157728434566],[128.6315258949052,35.07117512206468],[128.63073177399255,35.07124415022204],[128.6303344552517,35.071349645846475],[128.63034347122732,35.07146795964554],[128.63023408160487,35.071382325665446],[128.62969207474532,35.07168151706559],[128.62881045449927,35.07234177436834],[128.62695989098282,35.07332529114597],[128.62647915749878,35.0737167451166],[128.6242144486436,35.07387781536449],[128.62281146489406,35.07319494128739],[128.62190874783698,35.07319412867916],[128.62130448169293,35.073107741280296],[128.6209070127007,35.07292569793732],[128.62041637637205,35.07252970189956],[128.61928216205848,35.07226225695463],[128.6184658346476,35.07185021864524],[128.61809316174308,35.07150449877525],[128.61754970868077,35.071239083135396],[128.61676812245625,35.070437374258155],[128.61647462988145,35.070296014145434],[128.616101006378,35.07026887291001],[128.61571789975505,35.0699495677188],[128.6149622137931,35.0695222671896],[128.61454594576855,35.069495525793535],[128.61419693030336,35.06934217581298],[128.61367746101936,35.0693928920928],[128.61344383352582,35.06953131830815],[128.61311328652116,35.069368108928316],[128.61237071350286,35.06939449132532],[128.61198647484247,35.06950367970847],[128.61186861281752,35.06971278051004],[128.6117395973874,35.06959185475267],[128.61086964066524,35.06966126585883],[128.60974504617602,35.06992815259596],[128.60971448817247,35.070644250050854],[128.60964533554122,35.070643221924065],[128.6096489611288,35.06989151847799],[128.6092328182616,35.069976258931334],[128.60919611240087,35.07007155013581],[128.60868006435598,35.0702641537897],[128.60852793914012,35.070641599139904],[128.60840878553526,35.07020798758908],[128.6074648248492,35.070495884786226],[128.60755567625077,35.07059114220182],[128.60744813606482,35.070736116518425],[128.6077377907395,35.070955558381165],[128.6082079505935,35.071167564133866],[128.6084302662424,35.0707150668837],[128.60850082734143,35.07073857423051],[128.60828859410734,35.071229332243334],[128.60888349818796,35.07149871401135],[128.60893658968874,35.071404091803544],[128.60971571210615,35.07167333476295],[128.61019011379892,35.07089615403172],[128.60976695671948,35.07172418649954],[128.61007607577181,35.07183634982594],[128.61020616648275,35.07200977291967],[128.6105380934477,35.07204099744298],[128.61062097131452,35.07192184397685],[128.61061259760888,35.07205467794092],[128.61154652525235,35.07222917049251],[128.61178251835125,35.0723980090122],[128.6118615118877,35.07282547411162],[128.61158323082805,35.07335871962813],[128.61129431850048,35.07421505093568],[128.6114826864268,35.07459327330261],[128.61146046517757,35.074733178877686],[128.61133840681077,35.07507717744315],[128.6107851988598,35.075426177263914],[128.60983412801735,35.07566199008243],[128.6092585765201,35.07564577828632],[128.60814835566515,35.07536441803606],[128.60775872280448,35.07536118198743],[128.60756952970323,35.07542802186923],[128.606670178032,35.07503262108215],[128.60662715964784,35.07487571547962],[128.6063166913664,35.07470019234575],[128.60611791794815,35.0743775087894],[128.60611580414925,35.073634930597315],[128.605933369117,35.07324108345089],[128.6060116510487,35.0730187376336],[128.60589589495132,35.07269503583208],[128.60570072547864,35.07246746339863],[128.605397681339,35.072678795399185],[128.60536388705972,35.073144431275026],[128.60520853453863,35.07337856069934],[128.60499485317789,35.073510355547434],[128.60434553090883,35.073690688722415],[128.60312361490236,35.07435671883757],[128.60282806689105,35.07456812867364],[128.6026363669992,35.07486099955254],[128.60223633161925,35.07593551600682],[128.60230791853184,35.0760958333505],[128.60267404146194,35.076385289633095],[128.60327341832914,35.07666712532797],[128.6042735620577,35.07666538133339],[128.60436346291243,35.07678980174073],[128.60506852194055,35.07688157924313],[128.6056419359323,35.0768654971732],[128.6059825321423,35.076744770451306],[128.6063169067847,35.07674710156003],[128.6064338425582,35.07682654705913],[128.60655867362283,35.077116793351585],[128.60653993834708,35.077839077085386],[128.60628680489992,35.07814422776612],[128.6060521018733,35.0783129153328],[128.60500004519093,35.0787404736924],[128.6047535656503,35.07902073385411],[128.60393128443266,35.079435743532464],[128.60345026383305,35.07979679007302],[128.60328422456303,35.080021313981824],[128.60286187304848,35.08028189175309],[128.60285178846243,35.0804451352548],[128.60324066062526,35.081165561647005],[128.60426909328348,35.080830697528086],[128.60543382067175,35.08056485704348],[128.6054209320966,35.08035815379835],[128.60552080409653,35.08034103750694],[128.60555671328518,35.08045995569908],[128.60591567446411,35.080410129847756],[128.6058460919862,35.07985069999463],[128.6059247913,35.07984583726235],[128.60603874876716,35.08062234624614],[128.60700371256996,35.08061366241091],[128.60702774753045,35.08046777926604],[128.607213915318,35.08046693159841],[128.60723564118848,35.08013818013714],[128.6073039954585,35.08014057567539],[128.60731568250435,35.08066726779742],[128.60990705522462,35.08126090194456],[128.6103961555203,35.08119348452886],[128.61039548023695,35.08078419106488],[128.6109532742327,35.08080451363903],[128.6110975096397,35.080192660415236],[128.6112176735512,35.08021405606702],[128.61102729754603,35.08104973907985],[128.6117572416923,35.08108510825722],[128.6117463520303,35.08090387153925],[128.61180542042018,35.080906640006866],[128.6118132945163,35.081080493509525],[128.61195938878478,35.08118414570285],[128.61259336034507,35.081342949899906],[128.61306236647027,35.08129494512847],[128.61303135835584,35.081042826003106],[128.6131024504591,35.081031512034365],[128.61312850316696,35.08123164103403],[128.61382231426268,35.08120772970804],[128.61398723178237,35.08114301281546],[128.615296590226,35.081059273881216],[128.61561403415035,35.08090093944279],[128.61655990050693,35.08103032117505],[128.6167120991886,35.08125614042361],[128.61713986548048,35.081408751430686],[128.61848579660224,35.08141306638291],[128.6193779577692,35.08167567742022],[128.61981985179324,35.081666515461976],[128.62054420265983,35.08213820733131],[128.62179111614577,35.08267598788956],[128.6222559767553,35.08317031131092],[128.6226591556948,35.08340830304891],[128.62273981161047,35.08344671949476],[128.62280969216172,35.08336335930074],[128.6229636268803,35.08343863544514],[128.62305846094674,35.083278379304716],[128.62321309217873,35.08334764805133],[128.6230581628027,35.083554477781185],[128.62310086332232,35.08361624087294],[128.62396316708103,35.083883853271686],[128.62404336540735,35.084002131487445],[128.62538125565865,35.08410709855876],[128.62574861140035,35.084065581112384],[128.62661498034035,35.08367253667999],[128.62654028341237,35.08352596961237],[128.6266279316492,35.08349489063974],[128.62668888980537,35.083588889796104],[128.62702198256767,35.08361251980499],[128.62732431633825,35.08374357153774],[128.62739189924898,35.0844698305],[128.62714074396246,35.084938671531354],[128.62662824766144,35.08522994077485],[128.62608821720306,35.08605808725477],[128.62497721617652,35.087040457593886],[128.62484319456283,35.08741335296247],[128.62456196072011,35.08773057299161],[128.62416030240493,35.08792063444514],[128.6235713154732,35.088477029730264],[128.6233760848532,35.08880500043936],[128.62303013626615,35.08913329395264],[128.62182491965368,35.090020374782696],[128.62014487775397,35.090120776856224],[128.61823587341436,35.089809276629985],[128.61697582639283,35.089337389562246],[128.6162689188241,35.08936912057628],[128.61523288370427,35.08960984250845],[128.61471584362775,35.09020029387093],[128.6140859116334,35.09067405809872],[128.61475824583232,35.091313670362716],[128.61473337831174,35.091419565968366],[128.61429079218118,35.091139302884386],[128.61396543071803,35.09079009047445],[128.61318531468464,35.091231739929235],[128.61324255355564,35.09153350815053],[128.61310814787058,35.09126828447627],[128.61250688595655,35.09152376019122],[128.61217766916596,35.09148415494121],[128.61204044391638,35.0915469500957],[128.6116184012792,35.09189927348977],[128.61152479693845,35.09211216716394],[128.61171483518996,35.09292448432269],[128.61346422326727,35.09275870257568],[128.613374905861,35.0922634525516],[128.61345912583525,35.09225366510103],[128.61352557258147,35.09275399234167],[128.61419194051246,35.09268391739628],[128.6142376436671,35.092837493948316],[128.61437617226193,35.09282111503432],[128.61435130630363,35.09266748046592],[128.61538392463976,35.092128209446415],[128.6154413856686,35.091652918915365],[128.61552921591795,35.09162724632516],[128.61544502606245,35.0922521078081],[128.61610231918115,35.092781244330666],[128.61669809076736,35.09308734186815],[128.61718737042153,35.09298725528982],[128.617388606052,35.09302937352519],[128.61750374122383,35.09294185735939],[128.61750464295085,35.09329224767091],[128.61758652131357,35.09332226068374],[128.6174497974216,35.09373915457043],[128.6173201229664,35.09391086571528],[128.61643166905205,35.094291272117395],[128.61555787604436,35.09450055767447],[128.61480868010779,35.09456729026802],[128.61455778325399,35.094705329319815],[128.61398515568956,35.094851786826766],[128.6132499938316,35.095274638620175],[128.6117593751362,35.09562195274523],[128.6109475886649,35.09608830832677],[128.61061245749036,35.09612443324911],[128.6098472050348,35.09654839863158],[128.6094423569407,35.09659384615365],[128.6087208055339,35.0969650525845],[128.60842296464395,35.097243462283025],[128.60813064809034,35.09783807589771],[128.6073596166131,35.09885296400997],[128.6070750310828,35.09946677767079],[128.60675293673077,35.09957741068599],[128.60634937495985,35.100066350621034],[128.6058596731482,35.10035378134741],[128.60558834360205,35.10066012855641],[128.6044404418657,35.10106654030437],[128.6039172521035,35.101351859975715],[128.6035094275477,35.101450135844864],[128.60303346428122,35.101719777265416],[128.60212219759055,35.10198735647834],[128.60155350727115,35.10222626488037],[128.6012877153785,35.1024207422256],[128.60085751893521,35.1033345394432],[128.60096562146686,35.10348787794656],[128.60114487831885,35.10354146818177],[128.6011730338924,35.103624644123656],[128.60102284113458,35.10382052872005],[128.6012275500881,35.10407974112432],[128.6011619074643,35.10417935811479],[128.6013774688375,35.10464489226074],[128.60110149861288,35.10605980114652],[128.60089819029676,35.1063012894632],[128.60083160157586,35.1065655339153],[128.60109898218565,35.10662931158871],[128.601095255524,35.106693637317264],[128.60075838527413,35.10667303513771],[128.60069914340062,35.10700145688225],[128.60110260095107,35.108893230094175],[128.60094709967808,35.1093272994864],[128.6011223324249,35.109450535137626],[128.60098459720516,35.1094760691494],[128.60079606339247,35.10968325783336],[128.60071452158112,35.11035890265024],[128.60086699420717,35.1105721174674],[128.60078693351267,35.11110579154002],[128.6003411799594,35.11109979328256],[128.60032582061268,35.111609224345884],[128.6000517365246,35.11278451430757],[128.60005881970167,35.11326585106428],[128.59932211312562,35.114541732724234],[128.59943220075948,35.114967197274474],[128.59985025963564,35.11489903963733],[128.59986406797856,35.1149895457343],[128.59947276744344,35.115031006592154],[128.59981204928405,35.11567717709084],[128.5997967649535,35.11633843120041],[128.59919312582272,35.11703458908746],[128.59899446388496,35.11745929189788],[128.59901271645631,35.11765587441084],[128.59910052398794,35.11770570966042],[128.59959891970715,35.118894985587566],[128.59935816454362,35.11920098093522],[128.5990863083682,35.11915919165761],[128.59852928530364,35.11931607742744],[128.59753544485002,35.1194437725695],[128.59747384593038,35.119707569297844],[128.5974102746054,35.119706513802036],[128.59741478488465,35.11944067508933],[128.5966549896298,35.119071156441365],[128.59678149392423,35.11898953227038],[128.59657916592096,35.11832581412203],[128.596246061363,35.118114962967965],[128.59578418387107,35.11802698804096],[128.59545164774045,35.11818541583917],[128.59524995744175,35.11895417050389],[128.59560119692193,35.11910081299305],[128.59557149743185,35.11915772257759],[128.5952505860926,35.11902704232136],[128.59498170680394,35.11906203831244],[128.59432167113633,35.119574851870944],[128.59366092180173,35.11989515449176],[128.59348807258306,35.11985293619515],[128.5929250791763,35.119943437661505],[128.59206584990628,35.12024727328279],[128.59092857784134,35.120229311964735],[128.59024704747287,35.120106923146054],[128.58932551644943,35.11961289117313],[128.5886770385224,35.11896215174481],[128.58807499487915,35.118604302728045],[128.58751826396707,35.118103509706195],[128.58587587048777,35.12027329074314],[128.58596017563315,35.12028542928579],[128.58590237378334,35.12039448763407],[128.5860612145382,35.12044790039792],[128.5863521213459,35.120514430670866],[128.58645367592962,35.12044921048181],[128.58654089877268,35.12059724394446],[128.587163604844,35.120658232894804],[128.5879749975058,35.12096648799641],[128.58837593651288,35.120460337504284],[128.58858406719335,35.1205065778438],[128.5881638062766,35.121131495629726],[128.5886989770233,35.1214616655181],[128.58921208041298,35.12194127490154],[128.5906638161067,35.12257475472602],[128.59069063590897,35.12248432470564],[128.59111314686191,35.12257456312469],[128.59242909605445,35.12263523176936],[128.59247098867016,35.122591669568735],[128.59231636160717,35.12241044895846],[128.59230018148358,35.1223066718995],[128.59236287632885,35.12230407176739],[128.59253505731994,35.12258599849736],[128.59295765067475,35.122605000493465],[128.59359242037522,35.12252901088033],[128.59402054896262,35.12232666148138],[128.59498329511342,35.12206410105362],[128.59531170318405,35.12209235924616],[128.59539524305617,35.122221771982794],[128.5954213393106,35.12268357874219],[128.5958926238307,35.123098199590835],[128.59634561388938,35.123253769374315],[128.59639940044946,35.12318297421831],[128.5964327937726,35.123280347273],[128.59669340305925,35.12332782096195],[128.59698741381087,35.12328880117694],[128.59698870241317,35.123121197110315],[128.59673689962622,35.123016424409975],[128.59703079867512,35.12307277151478],[128.59706050797556,35.12332706912577],[128.59726036178694,35.123494256165856],[128.5975249412362,35.123660229169424],[128.59786531074667,35.123712340215874],[128.59813103683152,35.12393832831205],[128.59867000589446,35.12418301023916],[128.5989146562578,35.124446871982016],[128.59915348497051,35.12519819580439],[128.59883228094523,35.125625732416715],[128.5986547651914,35.126486417665156],[128.59848696353896,35.126726009992964],[128.59851828976247,35.12699360101882],[128.59889998023868,35.12773176397587],[128.59914062408578,35.12790748446309],[128.5993695232356,35.12844746876061],[128.59987604374612,35.128764057811956],[128.60010892956828,35.12916521239239],[128.60029190219223,35.129311352715064],[128.6002085186255,35.12937134305155],[128.6002748773729,35.12936773622278],[128.60024737938454,35.12967733743036],[128.60036285569728,35.13010450379257],[128.6001200865131,35.13057127618156],[128.60007706027474,35.13139190877431],[128.60016600936106,35.1316532991013],[128.60010316754787,35.13203077760852],[128.5992073457168,35.13266755318241],[128.59828714733518,35.13273700538573],[128.59660297150276,35.13259349293159],[128.59584363976393,35.1326852901151],[128.5953844097956,35.13253357429814],[128.59413844480108,35.132559828833394],[128.59394622737787,35.132468329885334],[128.59337513066197,35.13192236438739],[128.5929889597157,35.131746227528296],[128.5926323410677,35.13172346280423],[128.59238940304564,35.131883794868784],[128.59238944597823,35.13179440124331],[128.5922100096043,35.131732531232956],[128.59209518542391,35.131585712244515],[128.59203534839872,35.13120873718008],[128.59174006161143,35.13073563670181],[128.59166117547235,35.13031678636267],[128.59071021988217,35.129115721121615],[128.59054977411876,35.12900853826902],[128.5898151613121,35.12888903209353],[128.58873061000148,35.128583661402054],[128.58768344563086,35.128654539419344],[128.58696911902584,35.12859492020407],[128.58639948998368,35.128460377450864],[128.58581692922576,35.12846528110657],[128.58497587770148,35.128243546243084],[128.58462547023944,35.12803443877825],[128.58411329980896,35.1279219604687],[128.58399487343112,35.12797892516871],[128.58401030599214,35.12789597413746],[128.58368288532932,35.1279549295025],[128.58293472317868,35.12751694606641],[128.58250536849926,35.1273814135108],[128.58249156082374,35.12750548586042],[128.5823946066235,35.1275269486986],[128.58240973034205,35.127415481678014],[128.58234298714132,35.12743062623362],[128.58233456598853,35.12752128685321],[128.58228083747412,35.127466212975634],[128.58215008774383,35.12765857616223],[128.5825574337026,35.12846041455074],[128.58254398207166,35.12856238376946],[128.58235462011424,35.1287074713743],[128.58202993590396,35.12880412464759],[128.5816439403794,35.128808620881],[128.58045357288722,35.12840840337613],[128.5796536405129,35.128331949523286],[128.57959052273264,35.12838820890808],[128.5796194121492,35.128718104500386],[128.5797756185713,35.129090812247924],[128.57967781539864,35.12925535574635],[128.57968010587868,35.12947867728193],[128.57924197331923,35.12987747007412],[128.57858283142303,35.130158262213875],[128.5779505014493,35.130187397746376],[128.57745440872,35.130397442677236],[128.5769833997394,35.13039999568423],[128.5763255120314,35.129933816088],[128.5760187570192,35.12995412096414],[128.57526599306587,35.13021584907839],[128.57477034758043,35.13055251966184],[128.5746984667147,35.13095169286639],[128.57423134461973,35.13120130177131],[128.57408895923925,35.131356410514194],[128.5736929558984,35.13144062020728],[128.5735293269714,35.1317654828941],[128.57328062162435,35.1316864570585],[128.57250448129298,35.13244770328396],[128.5720269638452,35.13273078192933],[128.57136708163137,35.1328454566313],[128.5716449118226,35.13301283598186],[128.57039242305987,35.13324537227468],[128.57055277285033,35.13330347146871],[128.57041682249653,35.133369736085136],[128.5704851884981,35.13337865922396],[128.5722558597356,35.13325540183516],[128.57312011677737,35.13312191881903],[128.57499872819653,35.133163790139214],[128.57506071811605,35.13744501567721],[128.5752549625777,35.137517467127765],[128.5759704936425,35.137285388979365],[128.57605389547925,35.137327742777174],[128.5765572937629,35.1370647970497],[128.57730842213294,35.137255023505276],[128.57756825228364,35.13746749625266],[128.57806646707044,35.13738690252791],[128.57803663290142,35.13726499806616],[128.57842245229025,35.13719715422843],[128.57846260779735,35.13732818810311],[128.57964260545924,35.13712927286309],[128.57965544736197,35.13718410346127],[128.57884045561337,35.137321874366776],[128.57885159029044,35.13737313611757],[128.57874833223926,35.13733988845858],[128.5787102522659,35.13739600562253],[128.5786978048098,35.13734415503284],[128.5776367651655,35.13752872435433],[128.577419212156,35.13784461208861],[128.5774765507532,35.13798502324586],[128.57821275882517,35.13858798767973],[128.5790214024109,35.13957210157495],[128.57921140971592,35.1394164539543],[128.57986928100723,35.139235744800494],[128.58025016489194,35.138929846189896],[128.5803468457565,35.13866939645922],[128.58034557470546,35.13811445938549],[128.58016602169673,35.13790339514074],[128.57990820840132,35.13787216901617],[128.57973331532364,35.137620778704104],[128.57978897694753,35.137600001467135],[128.5799850610761,35.137813559046954],[128.58015355927714,35.137839021565476],[128.5805332044402,35.13767318666106],[128.58073700169678,35.1372253648829],[128.58071844040057,35.13681193118434],[128.58091393716586,35.1365136194473],[128.58175897297474,35.13614207564071],[128.5828197959492,35.1354605652098],[128.58414788777114,35.13505463115205],[128.58496329903176,35.13463031297956],[128.58537316540585,35.134036624593314],[128.58545057170707,35.133185246985136],[128.58558909371158,35.13265574876834],[128.58594513848098,35.1321286644532],[128.58673167009428,35.13134878289099],[128.58695288308147,35.13071822806689],[128.5871854271353,35.13043595008371],[128.58827382709848,35.13138809056727],[128.58859834073598,35.13190016868513],[128.58863936542144,35.13230731578394],[128.58883070516757,35.13253995131094],[128.58877654838352,35.132792047725296],[128.58855741020665,35.1330426498322],[128.5884047415249,35.13338693124881],[128.58792187129907,35.13375533235037],[128.58772440643727,35.13420009219836],[128.58686280330735,35.135118392297464],[128.58702282993687,35.13562144775548],[128.58724073924205,35.135761736430794],[128.58719962403487,35.135916320420804],[128.58731576941955,35.13645943800257],[128.5873599121877,35.13632765706669],[128.5874763158622,35.13631984184053],[128.58766696668127,35.13654608243547],[128.5876297500373,35.136708207373374],[128.5877010199837,35.13673887358384],[128.58810510276479,35.13648608409193],[128.5882936399156,35.13562487544487],[128.58866072483664,35.13500347434253],[128.58841842444838,35.13483442675915],[128.5884684407203,35.134784576878886],[128.58872159786256,35.1349532391894],[128.58922373218795,35.13460948291597],[128.58969761280733,35.13455101143131],[128.59064797018436,35.1349390622586],[128.59101517663922,35.135387722464934],[128.59111117609467,35.1353428043843],[128.5912921188695,35.13549398522278],[128.59123911008902,35.13561830763848],[128.59157742151248,35.13588682137238],[128.5917944740144,35.13593115035626],[128.5924629900594,35.13647150717982],[128.59328284288614,35.13660830138464],[128.59394305218217,35.136904176248834],[128.59426126348293,35.13723936265747],[128.59464934408342,35.13793141561517],[128.59456236229025,35.13846079495324],[128.59460966792454,35.13869865310146],[128.59448570996585,35.138873354629766],[128.59472716695095,35.13940740314499],[128.59491357418204,35.139618651237114],[128.5951710690325,35.139521714052165],[128.59526523341324,35.13962133571916],[128.59515830381832,35.13969246275072],[128.59537513232328,35.13991941629898],[128.59563238269428,35.139761694448175],[128.59569179005544,35.1398258473807],[128.59547520073414,35.13998987409123],[128.5955106902701,35.14009207459545],[128.59604265451654,35.140565554084034],[128.5964963029425,35.140830348461805],[128.59720620037072,35.14169371429616],[128.59752071579356,35.14173368149731],[128.59779732752804,35.141898115641105],[128.59774962549153,35.14203649110579],[128.59750256291838,35.14221094573802],[128.59668614101207,35.14341261174562],[128.59629158394196,35.14376328519944],[128.59388366306817,35.14482997801779],[128.59330677537326,35.144814719794404],[128.59231604041116,35.14502147500654],[128.59212698928474,35.14532211422391],[128.59235466279716,35.14539593886968],[128.59214054670113,35.145378413818555],[128.59211744169448,35.14580766938761],[128.59196983342062,35.146037764373254],[128.5908845116844,35.14670960701012],[128.59021823137726,35.146708288034915],[128.5894474063045,35.146591818582536],[128.58902104697236,35.14638890295284],[128.58858755304382,35.1463345120778],[128.58815829338755,35.14641426049374],[128.58727174459622,35.14632098029209],[128.58720441198608,35.1464204090263],[128.58722128518036,35.146308373348376],[128.58659610345774,35.146102235112984],[128.58633931101483,35.14611228042858],[128.58531308247476,35.146498639389534],[128.58527046046476,35.14687498397709],[128.58517772449858,35.14687864133807],[128.5852320874862,35.146978550559844],[128.58573076624904,35.14730013380779],[128.58660701640673,35.14808296190426],[128.58744766956275,35.14843175740109],[128.5875394754864,35.148356264529],[128.58769884422566,35.14843376940767],[128.587783156713,35.14858464034776],[128.58894751032523,35.14930320533463],[128.58931208759844,35.14940136995952],[128.58961258278538,35.149309334325],[128.59039064676404,35.14943554200785],[128.59063664775718,35.14956897265093],[128.59072479904484,35.149528320022604],[128.5911539615967,35.14993594907671],[128.5911128703826,35.149969894493886],[128.59139204127274,35.1502713632029],[128.59128402665195,35.15084658028549],[128.59150760373907,35.15167853153111],[128.59139505468428,35.151988668116324],[128.59136680289626,35.15261935657254],[128.5911011478046,35.15306497043519],[128.59058207434165,35.155646721842025],[128.59050149340163,35.1556014388375],[128.59096619242845,35.1530746064503],[128.59047445313644,35.153159299894114],[128.5892677189024,35.15359411363484],[128.58830815447553,35.15360501859774],[128.58711994386488,35.15378649019979],[128.58647481005445,35.15426453777553],[128.58602304836094,35.15438960730963],[128.58545915295474,35.15443854778309],[128.58481312511572,35.15499716298288],[128.58490089012628,35.15513820012537],[128.58476401854742,35.1550566573212],[128.58459657831307,35.15510972006235],[128.58460203079198,35.15525574116229],[128.58441614304198,35.15533524787172],[128.5849363011737,35.1560327180317],[128.58676181288504,35.15564018070679],[128.59034317923894,35.15610948618053],[128.5867677808371,35.15567492155381],[128.583127579131,35.15647162367195],[128.58318633025593,35.15665079231515],[128.58475605514815,35.15632873146465],[128.58418903653427,35.15649146091035],[128.58422826807634,35.156721006672655],[128.58404396487654,35.15717402638196],[128.58429218416916,35.157311280956925],[128.5845168008333,35.15670478720901],[128.5852185152167,35.15616348087343],[128.5857605706329,35.156123578900406],[128.5867953768866,35.15589066353618],[128.58905544150397,35.156130987642356],[128.58988211082217,35.15632623062517],[128.5901514309441,35.15649812185438],[128.59039333398596,35.1570084495608],[128.5908628563996,35.15751347767932],[128.59091928875378,35.15787518552597],[128.59060330230776,35.15818859656936],[128.58987378376094,35.158584829186275],[128.58914551335653,35.159690782879],[128.58856761270374,35.15995351446114],[128.58846848514762,35.160082346946936],[128.58856815707313,35.16017895197645],[128.58841310069323,35.16050474265503],[128.58804406391198,35.160396013318916],[128.58685120667985,35.16048934909864],[128.5865628140907,35.160382260343454],[128.5863946851671,35.16039556835685],[128.58585069042869,35.16100654782337],[128.58560432430258,35.161032690632396],[128.5852890938333,35.16091244873455],[128.58485459822546,35.16098324239349],[128.58419841270228,35.16160543597021],[128.58400033822508,35.161941127705994],[128.58376614330322,35.16287520595811],[128.5826913599095,35.16370573711803],[128.58559802687208,35.16530178769069],[128.58576543945208,35.16523877564806],[128.5797456484597,35.17274505719755],[128.57968091604863,35.17278371602764],[128.57917031329572,35.17232986133035],[128.57908610049583,35.17243359429831],[128.57953562271933,35.172874653640335],[128.57694865725458,35.17449473990177],[128.57654028520787,35.1741788304615],[128.5750366503303,35.17463569291845],[128.5745763938053,35.17461129006215],[128.57373683134972,35.17469887758891],[128.573622362584,35.17482287394085],[128.5735126049447,35.17539552637902],[128.57242069468805,35.175285701925304],[128.57243836490105,35.17517858461464],[128.57038404915843,35.17497492602486],[128.56848676207528,35.17786048434821],[128.56621176858,35.18174508520805],[128.56615944493666,35.18172833668229],[128.56456451544761,35.18456086711067],[128.56579174429086,35.18532904095864],[128.56448227876533,35.18674067688396],[128.56698152929215,35.189425557385775],[128.56714186149293,35.18931244748381],[128.5673540610331,35.18953817689004],[128.56721897522107,35.18962768085034],[128.5674112503903,35.189886978812304],[128.57128565241104,35.19405371870795],[128.57171478828133,35.19399250082251],[128.5727083622917,35.19351227906852],[128.57739288588968,35.198513269964764],[128.5763896540719,35.1975066339716],[128.57634405096596,35.19757117539646],[128.5763117133713,35.19742411162335],[128.57606435670363,35.198789425616255],[128.5780595978269,35.20008524602352],[128.5785991747985,35.19953090568047],[128.57817986790008,35.199286777329895],[128.57823577486172,35.199229354058225],[128.5792647340437,35.19990680377599],[128.57920897754173,35.199964369537255],[128.57865555234267,35.19956798555696],[128.57811550357692,35.200121359259576],[128.5796537365393,35.20116316680066],[128.5803601898333,35.202044876780036],[128.58132041395177,35.20271185817308],[128.58106686614326,35.20289193411062],[128.58132166395544,35.20271267833958],[128.5833194763417,35.204029401606086],[128.58413625913047,35.20319356498786],[128.58377122577807,35.20287859506927],[128.58462779408848,35.20344324393006],[128.58417546785878,35.203219194308076],[128.5833587572497,35.20405449856136],[128.58450224414653,35.20480557538772],[128.58482119312671,35.204930522754694],[128.58534431116232,35.20534994683289],[128.5854046861494,35.2055954087736],[128.58533619581806,35.20580075251334],[128.58471190589663,35.20630112085571],[128.58498927033133,35.206844906370705],[128.58724141971192,35.21272859140137],[128.5873232726329,35.212724130609026],[128.58732246647162,35.21287854580813],[128.58813652203324,35.2142467378288],[128.5894950733093,35.21504625009789],[128.58943988565164,35.218578218112086],[128.58754300334542,35.220161132144774],[128.58767669333142,35.220439221761794],[128.58574737971145,35.22184431403418],[128.58546983133974,35.22200938990315],[128.58534598400553,35.2219244373093],[128.58461450725196,35.22250908718323]]]]}}
