{"type":"Feature","bbox":[128.5803661589665,37.50314828699631,129.07475750049514,37.91747077057147],"properties":{"regionCode":"51150","version":"vworld-20260909-3f8952dfda77-p2","name":"강원특별자치도 강릉시","attribution":"국토교통부/K-Geo플랫폼 · VWorld 법정구역정보, CC BY 2.0 KR; 두꺼비집 가공"},"geometry":{"type":"MultiPolygon","coordinates":[[[[129.06297362881355,37.6167331394741],[129.06289754723355,37.61677339376427],[129.06288469048116,37.61672531229153],[129.06297362881355,37.6167331394741]]],[[[129.06191897179295,37.617915893963605],[129.06197168846,37.61785645984468],[129.06216070512494,37.617852939632634],[129.06191897179295,37.617915893963605]]],[[[129.06207827499895,37.61801838620695],[129.06202145376687,37.61803436086735],[129.0620095957283,37.61799906761378],[129.06207827499895,37.61801838620695]]],[[[129.06258413311863,37.61801147992445],[129.06247877278625,37.61812698239643],[129.06246870714745,37.61804195182131],[129.06258413311863,37.61801147992445]]],[[[129.06224599133938,37.618245123904366],[129.06237251910918,37.618288272621385],[129.06247080605297,37.61843555935973],[129.06232707346757,37.618430332989305],[129.06224599133938,37.618245123904366]]],[[[129.04462904925077,37.64272322915767],[129.04464574634056,37.64279304747461],[129.0445913786738,37.642823342434205],[129.04454317869536,37.642745152953445],[129.04462904925077,37.64272322915767]]],[[[129.04650257921082,37.644825461017916],[129.04654870359153,37.644872207551096],[129.04650400719424,37.64492443672615],[129.0464805395856,37.64490362249012],[129.04650257921082,37.644825461017916]]],[[[129.04681719383424,37.644919890954334],[129.04680770522654,37.64494521733262],[129.04679506283242,37.644922045895925],[129.04681719383424,37.644919890954334]]],[[[129.04668423812532,37.644842828322794],[129.04667072878965,37.64496945769914],[129.0466273070556,37.644867271701436],[129.04668423812532,37.644842828322794]]],[[[129.04641167323584,37.64542639116579],[129.0465322327939,37.645614381510136],[129.04639425480812,37.645847066437724],[129.04629712768076,37.64581079873795],[129.0462115440059,37.64557567157867],[129.04630947443354,37.645439043676866],[129.04641167323584,37.64542639116579]]],[[[129.05448338846526,37.652827226815816],[129.05447535610304,37.6529074175967],[129.05439050772077,37.65279175265025],[129.05448338846526,37.652827226815816]]],[[[129.05468542261167,37.652834583934876],[129.054743401146,37.65290086964925],[129.05464898613553,37.65295327868326],[129.05460028132129,37.65287617725252],[129.05468542261167,37.652834583934876]]],[[[129.0541257219733,37.65313430182374],[129.05406950653375,37.65315448272725],[129.05404714928798,37.653109128592384],[129.0541257219733,37.65313430182374]]],[[[129.05509125575173,37.65299862677008],[129.05518275909927,37.653254039055106],[129.05499515839088,37.65308928332689],[129.0549946645626,37.65300430299063],[129.05509125575173,37.65299862677008]]],[[[129.05488468220858,37.653137033010495],[129.0549130111126,37.65325812930059],[129.05484709788928,37.65326503491801],[129.05472765819343,37.65314465574265],[129.05488468220858,37.653137033010495]]],[[[129.05589816124154,37.65537417396077],[129.05593554353837,37.655504618213165],[129.05579140874457,37.65552486841269],[129.05576537088294,37.655409104658986],[129.05589816124154,37.65537417396077]]],[[[129.05616387286756,37.655478020613266],[129.05636894335558,37.65556432724716],[129.05636820371132,37.65563613570306],[129.05611422248035,37.65561030893905],[129.0560752844103,37.655520589681075],[129.05616387286756,37.655478020613266]]],[[[129.05605843715287,37.656324561688024],[129.05605177366982,37.65635426132805],[129.05600721188932,37.65633679438053],[129.05605843715287,37.656324561688024]]],[[[129.0558949057089,37.6564879154809],[129.05585959037768,37.656559938537136],[129.05583873271823,37.656492357112796],[129.0558949057089,37.6564879154809]]],[[[129.05616701292084,37.65659242573984],[129.05606946232587,37.65642778235748],[129.0561770171379,37.65627275284767],[129.05619597559152,37.65646655426464],[129.05616701292084,37.65659242573984]]],[[[129.0568138193126,37.6578921617342],[129.05678389818323,37.658038497311715],[129.05648084143107,37.65786673783918],[129.05649564051745,37.65780249015872],[129.0568138193126,37.6578921617342]]],[[[129.05733243905763,37.65834987735365],[129.05732035983155,37.65831790433897],[129.05741208097066,37.6583113693852],[129.05733243905763,37.65834987735365]]],[[[129.0564096667792,37.65939039189277],[129.05641781476822,37.65942238804019],[129.05634010446653,37.65941786186216],[129.0564096667792,37.65939039189277]]],[[[129.05683646156993,37.659432697239126],[129.05682011782812,37.659474064394246],[129.0567378224512,37.65943597040013],[129.05683646156993,37.659432697239126]]],[[[129.05641851037774,37.659510641676256],[129.05643129237777,37.65952834040608],[129.05633686080498,37.659526325904736],[129.05641851037774,37.659510641676256]]],[[[129.05656491274866,37.65947299980873],[129.0566279806384,37.65951741588129],[129.05657142620734,37.6595731291242],[129.0565308273659,37.659521056798354],[129.05656491274866,37.65947299980873]]],[[[129.05638803616912,37.659616437771255],[129.0563340811515,37.659615858323335],[129.05634332867828,37.65960604416465],[129.05638803616912,37.659616437771255]]],[[[129.05675566411813,37.660699557698656],[129.05683476615678,37.660842505489484],[129.05670045689078,37.66082914546963],[129.0566782799383,37.66072905711147],[129.05675566411813,37.660699557698656]]],[[[129.0567423348877,37.660905618586796],[129.0567847981166,37.661007229029074],[129.05670382045977,37.661079256640846],[129.0566616935262,37.66097431248781],[129.0567423348877,37.660905618586796]]],[[[129.05625471591273,37.66079709458852],[129.0562840720262,37.66116083392371],[129.05622821863943,37.6612027926803],[129.05620483249757,37.661030977434244],[129.05625471591273,37.66079709458852]]],[[[129.0556909420972,37.66110931742495],[129.05573686878742,37.6611949167972],[129.05573162660582,37.661235975119574],[129.05568432062603,37.66119042507271],[129.0556909420972,37.66110931742495]]],[[[129.05644933893183,37.661061313478186],[129.05648421017293,37.66120882340052],[129.05637861880788,37.66133194795755],[129.05634617295,37.66116827349838],[129.05644933893183,37.661061313478186]]],[[[129.05600477294033,37.6612371634334],[129.05602306038534,37.66135233620285],[129.0559861415048,37.66137441834089],[129.05592541114808,37.66126065363384],[129.05600477294033,37.6612371634334]]],[[[129.05569526421797,37.661509357216936],[129.05566626432363,37.66158028385688],[129.0556512229787,37.66150985978027],[129.05569526421797,37.661509357216936]]],[[[129.05574656484418,37.66193537423286],[129.05570575128746,37.66206900936075],[129.05560232146885,37.662129063598606],[129.05549916025439,37.6620940640491],[129.05566983118,37.661926761072806],[129.05574656484418,37.66193537423286]]],[[[129.05597595648018,37.66244596776984],[129.0560991906942,37.6624784732183],[129.05613015756484,37.66250588188705],[129.05598550925606,37.66251586307003],[129.05597595648018,37.66244596776984]]],[[[129.05602153217157,37.66271902853058],[129.05590485581303,37.66279750736421],[129.0558684889934,37.66273387446994],[129.055673415353,37.66272675587066],[129.0555703544411,37.66262555866144],[129.05557994066172,37.6624997997165],[129.0556808209599,37.66246780821627],[129.05602153217157,37.66271902853058]]],[[[129.0558315939607,37.6629426434678],[129.05571629915295,37.66292586719027],[129.05572153043053,37.662801024589974],[129.05582181839227,37.66284252204624],[129.0558315939607,37.6629426434678]]],[[[129.0559054104325,37.6630820150747],[129.0558430620619,37.66302152517147],[129.05600174059558,37.66300516920278],[129.056000018047,37.663054941300274],[129.0559054104325,37.6630820150747]]],[[[129.0561498309472,37.66319354070753],[129.05607416665637,37.663181095990105],[129.0560895401223,37.663090217700685],[129.0561774807354,37.66310600179326],[129.0561498309472,37.66319354070753]]],[[[129.05586934254836,37.663221253825725],[129.05576087152625,37.66311032610938],[129.05585740713738,37.6631170043121],[129.05586934254836,37.663221253825725]]],[[[129.05568082485314,37.663290705143226],[129.05560244634805,37.66323643525878],[129.05551381885837,37.66287884285784],[129.0557245293989,37.66320814577716],[129.05568082485314,37.663290705143226]]],[[[129.05547237980556,37.66371182709573],[129.0554461859171,37.66383549244128],[129.05538515074022,37.66369327975962],[129.05547237980556,37.66371182709573]]],[[[129.05512884326657,37.66452282304478],[129.05509063801077,37.66466279902034],[129.05498059284085,37.664471698467516],[129.05512884326657,37.66452282304478]]],[[[129.0551586012577,37.66692071535087],[129.0552250424748,37.667027729398804],[129.05510632324757,37.66708321361187],[129.05505684848254,37.66694352152473],[129.0551586012577,37.66692071535087]]],[[[129.05532210834482,37.66702741355795],[129.05535200037266,37.6671233987364],[129.05532994319987,37.66713683447891],[129.05526662961012,37.667076255224366],[129.05532210834482,37.66702741355795]]],[[[129.05611155464078,37.66757426066982],[129.05609462668798,37.66767130418242],[129.05597585982332,37.66769433566834],[129.05598948434027,37.66757422845673],[129.05611155464078,37.66757426066982]]],[[[129.0564209706972,37.668650370285306],[129.05632252970835,37.668568720656836],[129.05635224952113,37.66820436703708],[129.05640920674642,37.66826847778142],[129.0564209706972,37.668650370285306]]],[[[129.05695046454946,37.66913021175761],[129.05693274164653,37.66922509292864],[129.05681908007094,37.66925641161192],[129.0568373573276,37.669145132000345],[129.05695046454946,37.66913021175761]]],[[[129.0570664770747,37.66935621096376],[129.05698525471814,37.669565548285334],[129.05690547445508,37.66958612915557],[129.05688889866028,37.669402697332764],[129.0570664770747,37.66935621096376]]],[[[129.05734956876145,37.67027176860476],[129.0573206682974,37.67029545044351],[129.05731682796824,37.670277383221446],[129.05734956876145,37.67027176860476]]],[[[129.0573595165333,37.670473699610056],[129.05729999811155,37.670544951212435],[129.0572775568806,37.67048807463468],[129.0573595165333,37.670473699610056]]],[[[129.05712901075697,37.67020057913775],[129.05713037535565,37.67050159668706],[129.0570110828715,37.67058328268335],[129.05693151129023,37.67028563740634],[129.0569774273498,37.6701507386683],[129.05712901075697,37.67020057913775]]],[[[129.05736938484077,37.67103666196468],[129.05725191695677,37.670987165306336],[129.05732351946824,37.67094208161294],[129.05736938484077,37.67103666196468]]],[[[129.05723322725183,37.671150522228814],[129.05727603381513,37.67124717624027],[129.0572247077366,37.671274591601254],[129.05715900849708,37.67118371410375],[129.05723322725183,37.671150522228814]]],[[[129.05730542721997,37.671812066222955],[129.0572869267856,37.67182532647907],[129.0572697731971,37.671792633765065],[129.05730542721997,37.671812066222955]]],[[[129.05707013289992,37.671826771689275],[129.05710818962189,37.671688340140776],[129.0572578103657,37.67161228472869],[129.05732949126312,37.67168976981841],[129.05707013289992,37.671826771689275]]],[[[129.0576070163751,37.67173489191826],[129.0576763566,37.67180127089826],[129.05763602210905,37.67186492852096],[129.05757283738376,37.67178042958656],[129.0576070163751,37.67173489191826]]],[[[129.05720821211236,37.67194018012109],[129.05713391851128,37.67197172727953],[129.0571174925962,37.671914011494984],[129.05720821211236,37.67194018012109]]],[[[129.05743564642265,37.672099882759134],[129.05743573464596,37.672120862815994],[129.05736576904647,37.67209334957836],[129.05743564642265,37.672099882759134]]],[[[129.0575243062846,37.67302907743878],[129.05748110279353,37.67289945818327],[129.05783375778978,37.672878377028105],[129.05794716513336,37.672976066348355],[129.05786728877212,37.67301861815253],[129.0575243062846,37.67302907743878]]],[[[129.05763312256113,37.673141360440354],[129.05772650612536,37.67322669329603],[129.05776025591763,37.67347695856879],[129.05759407018965,37.67330704931562],[129.05763312256113,37.673141360440354]]],[[[129.05708129920393,37.67354663013839],[129.05713225008793,37.673601926165084],[129.05707207819572,37.67366059123159],[129.05702780251394,37.67358452143029],[129.05708129920393,37.67354663013839]]],[[[129.0567945231751,37.67363856841166],[129.05682632906525,37.673686460268655],[129.05676971966267,37.67373292472305],[129.05675067366968,37.673710554670016],[129.0567945231751,37.67363856841166]]],[[[129.05784145992666,37.67362220362695],[129.05781795981022,37.67376283048159],[129.05774768024125,37.6736013572968],[129.05784145992666,37.67362220362695]]],[[[129.05521555389228,37.67476557418303],[129.05516414278574,37.67475881418755],[129.05517256125162,37.67473982636919],[129.05521555389228,37.67476557418303]]],[[[129.0555520243298,37.67494991910217],[129.05556231725234,37.67508629551521],[129.05547363986162,37.67513332299344],[129.05541655508932,37.675011627897376],[129.0555520243298,37.67494991910217]]],[[[129.05573543334697,37.67619968859503],[129.0557202826282,37.67627708637524],[129.05564919848678,37.676194869938804],[129.05573543334697,37.67619968859503]]],[[[129.05407062514567,37.67667164317196],[129.0540521956576,37.67661202471174],[129.054139246496,37.67665430345316],[129.05407062514567,37.67667164317196]]],[[[129.0552953556427,37.67667620688446],[129.05517961629334,37.676674405113936],[129.05508575352886,37.67660883122406],[129.05527116128255,37.6765938241617],[129.0552953556427,37.67667620688446]]],[[[129.05409415070946,37.676785784375944],[129.0540456360348,37.676823891660334],[129.0539282055143,37.67670167895396],[129.05409415070946,37.676785784375944]]],[[[129.0553020024321,37.67686496814618],[129.05532636292665,37.676940746975276],[129.05528361620765,37.677002926001066],[129.05524006149363,37.67693821088292],[129.0553020024321,37.67686496814618]]],[[[129.0539799827602,37.67700639494338],[129.05398749019827,37.677182866259884],[129.05393205609604,37.677227012070844],[129.05389685892806,37.677055950883855],[129.0539799827602,37.67700639494338]]],[[[129.05327562943825,37.67799774419708],[129.05317594601374,37.67779099359911],[129.05324474792496,37.67763951013566],[129.05334637878903,37.67776330876115],[129.05327562943825,37.67799774419708]]],[[[129.0530787681549,37.67791708029614],[129.05311533971093,37.67810990964822],[129.05306808820683,37.6781854957034],[129.05301333127323,37.6780830881259],[129.0530787681549,37.67791708029614]]],[[[129.05244666304174,37.678298351776924],[129.05250399445686,37.678451132006984],[129.05246607935823,37.678505297340266],[129.0524119689676,37.67837039073134],[129.05244666304174,37.678298351776924]]],[[[129.05231985875497,37.6785248149396],[129.05239477175172,37.67857965060109],[129.05234567483777,37.678627568709274],[129.052274542411,37.67858073145306],[129.05231985875497,37.6785248149396]]],[[[129.05191039536933,37.67879109022716],[129.05178801893052,37.678834562332185],[129.05179299098253,37.678762211746566],[129.05191039536933,37.67879109022716]]],[[[129.05211581844546,37.67881801328508],[129.05215303435062,37.67866519509294],[129.05237187037898,37.678676108797845],[129.05233141224727,37.67879374509511],[129.05211581844546,37.67881801328508]]],[[[129.05188058084076,37.67882327800451],[129.05188476372015,37.678871757330214],[129.05183992006596,37.67895588394493],[129.05181588794895,37.67887504943892],[129.05188058084076,37.67882327800451]]],[[[129.0523507595308,37.67886092947904],[129.05237189175617,37.67894460224862],[129.05233525164437,37.678958215014404],[129.05227662924617,37.67887152180229],[129.0523507595308,37.67886092947904]]],[[[129.0526202957593,37.67889118126998],[129.05254840648323,37.678962282441844],[129.05251907202222,37.67882175209035],[129.0526202957593,37.67889118126998]]],[[[129.0497765117824,37.68011834078979],[129.0497592706514,37.68013620586192],[129.04972647347898,37.680066754522606],[129.0497765117824,37.68011834078979]]],[[[129.05094473000406,37.68011086892836],[129.05100827337873,37.680148610394596],[129.05100124579022,37.680201032394116],[129.05095308371614,37.68020838657206],[129.05094473000406,37.68011086892836]]],[[[129.049138336106,37.68076811508592],[129.04909693549155,37.680751211622436],[129.04910540564762,37.68071852087647],[129.049138336106,37.68076811508592]]],[[[129.04904498579214,37.68113604141373],[129.049094531778,37.68121481176784],[129.04903617928238,37.681226386241654],[129.04900614113532,37.68117857454611],[129.04904498579214,37.68113604141373]]],[[[129.04914750042172,37.68123443824523],[129.04915377000597,37.68124249510447],[129.04911474290702,37.681244090266084],[129.04914750042172,37.68123443824523]]],[[[129.0483535744197,37.68147997786735],[129.04832366050408,37.68150112748962],[129.04828990762584,37.68140781767092],[129.0483535744197,37.68147997786735]]],[[[129.04868425323102,37.681505312408206],[129.04851629968218,37.68145175495369],[129.04845644392472,37.681233249493985],[129.0487589109595,37.68133032650528],[129.04868425323102,37.681505312408206]]],[[[129.0480731120746,37.681481958045985],[129.04807940077416,37.68152940045354],[129.04803433245348,37.68150272289924],[129.0480731120746,37.681481958045985]]],[[[129.04782759105282,37.68215887209511],[129.04788132567901,37.68228151873194],[129.0478629762945,37.68232358415295],[129.04780696847678,37.682246140045294],[129.04782759105282,37.68215887209511]]],[[[129.04652731739523,37.68353042928808],[129.04658450342797,37.683591177211916],[129.04654046745515,37.68365683984263],[129.046473465469,37.68360085219425],[129.04652731739523,37.68353042928808]]],[[[129.04633833392865,37.68403984484663],[129.04631565218085,37.684056722700014],[129.04628805860463,37.68402241060759],[129.04633833392865,37.68403984484663]]],[[[129.04604768158688,37.6841374157395],[129.0459155087413,37.68410835291537],[129.0459078267872,37.68405241271209],[129.04605867647433,37.68406686284065],[129.04604768158688,37.6841374157395]]],[[[129.04628725439474,37.68417740002075],[129.04627440152828,37.68420062538047],[129.0462538534864,37.68417280364693],[129.04628725439474,37.68417740002075]]],[[[129.0463264925,37.68429566268388],[129.04632040896988,37.684261392947626],[129.04636926321197,37.68424113010101],[129.0463264925,37.68429566268388]]],[[[129.04352697690496,37.68520424875625],[129.04364650117577,37.68523991029916],[129.04366266114926,37.68528683615871],[129.04354941719586,37.68528947325503],[129.04352697690496,37.68520424875625]]],[[[129.04504542278025,37.68527866692307],[129.0450381569397,37.68533633248476],[129.04504621586452,37.68538958566417],[129.04497756584624,37.685289990841866],[129.04504542278025,37.68527866692307]]],[[[129.04562188739106,37.68561004082694],[129.04559124686565,37.68563421759041],[129.04553550760517,37.68553273426561],[129.04562188739106,37.68561004082694]]],[[[129.04292640426127,37.68561541658414],[129.04296318884107,37.68571712128779],[129.04291644590998,37.685852016355874],[129.0428532954662,37.68565238562593],[129.04292640426127,37.68561541658414]]],[[[129.04213930290942,37.686105802769724],[129.04213566127356,37.686121949517535],[129.04208795431185,37.68602101197987],[129.04213930290942,37.686105802769724]]],[[[129.042001679073,37.68628420005618],[129.04198080334194,37.686316191842664],[129.04190868886778,37.68625916804312],[129.042001679073,37.68628420005618]]],[[[129.04187547182048,37.68634076315024],[129.04186929489939,37.686384814352856],[129.04178653205102,37.68630125078301],[129.04187547182048,37.68634076315024]]],[[[129.04184819556835,37.686504651651376],[129.04181957735614,37.68663966436182],[129.04172031763744,37.6866167699535],[129.04165603678325,37.686456580563586],[129.04184819556835,37.686504651651376]]],[[[129.04169535024567,37.686671287983316],[129.0416518072975,37.6867178384633],[129.04160866572485,37.68671371783344],[129.04163419774156,37.68667239041557],[129.04169535024567,37.686671287983316]]],[[[129.0352238145514,37.691206871909614],[129.03536721663255,37.69137256401431],[129.0353500741145,37.69142332963107],[129.03520507382237,37.691352782170576],[129.0352238145514,37.691206871909614]]],[[[129.03562319258234,37.691417833087066],[129.03567476196073,37.69147494804489],[129.03547844253765,37.691375323448995],[129.03562319258234,37.691417833087066]]],[[[129.03539314190368,37.69143453374762],[129.03544767042564,37.691515695404256],[129.03554000757214,37.691587863072336],[129.03540653443298,37.69153624169326],[129.03539314190368,37.69143453374762]]],[[[129.03490867933806,37.69152759671725],[129.03489372249834,37.69162008625076],[129.0348389978897,37.69162874234782],[129.0348246642899,37.69157509338506],[129.03490867933806,37.69152759671725]]],[[[129.0309817745301,37.6941549238613],[129.0309544038216,37.694167255167564],[129.03094747204779,37.694144607419325],[129.0309817745301,37.6941549238613]]],[[[129.03100450600542,37.69418194931346],[129.03097476676965,37.694217041032594],[129.03096478293514,37.694179174672584],[129.03100450600542,37.69418194931346]]],[[[129.03092177998778,37.694334693066686],[129.0308945924355,37.69432113343241],[129.03090301642857,37.694315083873605],[129.03092177998778,37.694334693066686]]],[[[129.03037448145787,37.694995250000595],[129.03029854987082,37.69497565547622],[129.03037718666823,37.69493004604252],[129.03037448145787,37.694995250000595]]],[[[129.02888553152744,37.69589521443953],[129.0288482995605,37.69592325854722],[129.0288368152541,37.69588607479134],[129.02888553152744,37.69589521443953]]],[[[129.02805150064364,37.69634265036585],[129.02802953554928,37.696396479518945],[129.02791698480667,37.69630140843123],[129.02805150064364,37.69634265036585]]],[[[129.02387141453266,37.699543874675825],[129.02391159486285,37.6996822530982],[129.0237958403971,37.69973147440133],[129.0237403553033,37.69961940311167],[129.02387141453266,37.699543874675825]]],[[[129.02331380966893,37.699926989113585],[129.02334053066193,37.70001736055433],[129.02319278657788,37.700002856817946],[129.02323695496298,37.69993527512198],[129.02331380966893,37.699926989113585]]],[[[129.02378354754896,37.70027366241413],[129.02361379943036,37.70024245046226],[129.02363857006856,37.700186774345106],[129.02378354754896,37.70027366241413]]],[[[129.02207550183422,37.70094739247602],[129.02205165797585,37.700993877924354],[129.02202950963007,37.70091039763679],[129.02207550183422,37.70094739247602]]],[[[129.02190295323527,37.7011488110084],[129.02197426266162,37.70121152351017],[129.02196033147402,37.70126966577291],[129.02188645422362,37.70122804513598],[129.02190295323527,37.7011488110084]]],[[[129.0220337540224,37.70134312635883],[129.02201302391126,37.70141474905354],[129.02198842333146,37.70132057458969],[129.0220337540224,37.70134312635883]]],[[[129.02221759848032,37.701522890837744],[129.02217877549174,37.70153490836327],[129.02216741861736,37.70147727465266],[129.02221759848032,37.701522890837744]]],[[[129.02173891753617,37.70158099387508],[129.02167351272874,37.70150733318253],[129.02175719216058,37.7014099043817],[129.02168301725507,37.7013581654664],[129.02170351579127,37.701152487746064],[129.0219030366768,37.70135696286844],[129.02180107369117,37.701479964771664],[129.0219715133756,37.701503844983115],[129.02173891753617,37.70158099387508]]],[[[129.0209906388284,37.70195795337716],[129.02091782920385,37.701965362855134],[129.020900188016,37.70189535114621],[129.0209906388284,37.70195795337716]]],[[[129.0206280750024,37.70202695950082],[129.0207896216194,37.70191485040427],[129.02079890053648,37.702008451303556],[129.0206280750024,37.70202695950082]]],[[[129.0210272283891,37.70218706516435],[129.0209039367306,37.702201340114485],[129.02099570018717,37.702091548685566],[129.0210272283891,37.70218706516435]]],[[[129.0208182317765,37.70216022560218],[129.02078710084365,37.70222751564114],[129.0206278626247,37.702162791274276],[129.0207270474828,37.70210941751304],[129.0208182317765,37.70216022560218]]],[[[129.020221752654,37.702225929197844],[129.02037109722477,37.70215073570439],[129.0203350073323,37.70220628674713],[129.020221752654,37.702225929197844]]],[[[129.02064539866862,37.702219117020455],[129.02056120457718,37.702228348562265],[129.0205388561145,37.70219391687452],[129.02064539866862,37.702219117020455]]],[[[129.02050383847183,37.702108015692595],[129.02055221811798,37.70225042354937],[129.0205265758079,37.702360959741966],[129.02042813767744,37.70219983764859],[129.02050383847183,37.702108015692595]]],[[[129.02093385364424,37.70229255859156],[129.0208352959163,37.70235775250485],[129.02073485748275,37.70230554970227],[129.02087061793125,37.70227180197795],[129.02093385364424,37.70229255859156]]],[[[129.0151825012771,37.70676815535338],[129.01514025641902,37.70683002872393],[129.01515095828643,37.70675577197372],[129.0151825012771,37.70676815535338]]],[[[129.01561288650825,37.70691669401431],[129.01554169771745,37.706962789166624],[129.01555140607317,37.7069306112255],[129.01561288650825,37.70691669401431]]],[[[129.0142182927209,37.707944806429566],[129.01412752955108,37.707921185058225],[129.01414963796432,37.70789119752964],[129.0142182927209,37.707944806429566]]],[[[129.01373257315535,37.70803343822965],[129.0137182865881,37.708113348488666],[129.01357656524965,37.70806214472307],[129.01359067188665,37.707924252756044],[129.01385880917275,37.707834038579726],[129.01390058214295,37.707970572161145],[129.01373257315535,37.70803343822965]]],[[[129.01393805547363,37.70817504796048],[129.01384849047443,37.70824868612227],[129.01381941585242,37.70813785186697],[129.01393805547363,37.70817504796048]]],[[[129.01389745751337,37.708543586817825],[129.01385722251925,37.70855397137038],[129.01382214737006,37.70849686227292],[129.01389745751337,37.708543586817825]]],[[[129.01480266454237,37.70855676608039],[129.01474030180955,37.70861044495284],[129.01471887025596,37.7085047814618],[129.01480266454237,37.70855676608039]]],[[[129.01325346520937,37.70870061129159],[129.01329123663362,37.70887078260402],[129.0132398891397,37.708885375163625],[129.01317610754072,37.708813186869406],[129.01325346520937,37.70870061129159]]],[[[129.01367479268382,37.708893191341474],[129.01360434341163,37.708886288371076],[129.0136335572284,37.70883054197054],[129.01367479268382,37.708893191341474]]],[[[129.0132944672159,37.70930643019669],[129.01326726388015,37.70938418728195],[129.01318254611994,37.70937302494761],[129.01318775500715,37.70932743480697],[129.0132944672159,37.70930643019669]]],[[[129.01342810507856,37.709302612811875],[129.01348760346397,37.709328833381846],[129.0134909159084,37.70939597398041],[129.01342011062982,37.70936545719536],[129.01342810507856,37.709302612811875]]],[[[129.01324867475012,37.7097550759071],[129.01325037618273,37.709825900790584],[129.01317991880742,37.70983810788197],[129.01318468214467,37.70977518332465],[129.01324867475012,37.7097550759071]]],[[[129.01316456583177,37.70991872841813],[129.01311983278123,37.70995414242629],[129.0130758525485,37.70988751121213],[129.01316456583177,37.70991872841813]]],[[[129.01305634307283,37.709992350426646],[129.01299442020473,37.709982428409454],[129.01303766188374,37.70991595923238],[129.01305634307283,37.709992350426646]]],[[[129.01308620836127,37.71034311389805],[129.01311265693894,37.710482131790485],[129.0129486661867,37.71047719428233],[129.01297427777382,37.7103663717511],[129.01308620836127,37.71034311389805]]],[[[129.01201745493123,37.71201607496688],[129.01185915342353,37.71221298995544],[129.01178304325921,37.71221109650329],[129.01185987204767,37.71202137043875],[129.01201745493123,37.71201607496688]]],[[[129.011863185595,37.71253650209088],[129.01175639602187,37.71252949454212],[129.01174219200198,37.71249435744726],[129.01182723276497,37.71245476069637],[129.011863185595,37.71253650209088]]],[[[129.011608762594,37.712564051992636],[129.01158034288648,37.71264835926793],[129.01152718579306,37.71264371539777],[129.01150760476781,37.71260446179789],[129.011608762594,37.712564051992636]]],[[[129.01137831390795,37.71318847142223],[129.0113328023302,37.71314069183996],[129.0115284254537,37.712956378894305],[129.01172210241677,37.713074731794215],[129.0116812898921,37.71311662366783],[129.0115698867885,37.71304954343356],[129.01137831390795,37.71318847142223]]],[[[129.01169623063498,37.71324774751898],[129.01159185930922,37.713264272111836],[129.01154836962357,37.71321545277607],[129.01169623063498,37.71324774751898]]],[[[129.012076469436,37.71317428871063],[129.012121041504,37.713246370657814],[129.01207424528465,37.71330168609854],[129.01195935055617,37.713258208013485],[129.012076469436,37.71317428871063]]],[[[129.00984748170748,37.714071216275926],[129.01007326675537,37.71398201899518],[129.00993478214266,37.71411402336111],[129.00984748170748,37.714071216275926]]],[[[129.00922807516218,37.7148390222407],[129.00928898586938,37.71489617497186],[129.00927485848553,37.71493053953588],[129.00916274186307,37.71488496831103],[129.00922807516218,37.7148390222407]]],[[[129.00885216624002,37.71508853062186],[129.0088381365272,37.715179403432],[129.00877358263452,37.71510612319115],[129.00885216624002,37.71508853062186]]],[[[129.0094285405952,37.715252156209885],[129.0094181403738,37.715275352485016],[129.00938952807107,37.715246676854626],[129.0094285405952,37.715252156209885]]],[[[129.0078799760573,37.71635651218254],[129.00777937209716,37.71632665175887],[129.00775912082335,37.71626827880393],[129.0078799760573,37.71635651218254]]],[[[129.00747481833477,37.71658655106392],[129.00748526577587,37.71660337725394],[129.0073878412232,37.71658597623365],[129.00747481833477,37.71658655106392]]],[[[129.00783007325143,37.71673779797951],[129.00783049825833,37.71677107676191],[129.00778594140607,37.71672310247068],[129.00783007325143,37.71673779797951]]],[[[129.00753969842006,37.71667032473566],[129.00760934659667,37.71676465235708],[129.00746213259754,37.716785203735725],[129.00740087800008,37.7167053816227],[129.00753969842006,37.71667032473566]]],[[[129.00732435528147,37.71678961536441],[129.00737018574708,37.716829125187566],[129.00740148483942,37.716883402218464],[129.00729144325956,37.7168416726915],[129.00732435528147,37.71678961536441]]],[[[129.0034902852231,37.72055091378997],[129.0033598531438,37.72065912462501],[129.00335927715318,37.72046325249705],[129.00365191068676,37.72047459681743],[129.0036170943019,37.72057352460635],[129.0034902852231,37.72055091378997]]],[[[129.00226532297762,37.7211365578464],[129.0022693975502,37.72121228426565],[129.00216747450614,37.72122322398135],[129.00218228632338,37.72117663414088],[129.00226532297762,37.7211365578464]]],[[[129.00213150170518,37.72182888538931],[129.00215033310363,37.72193393800774],[129.00212084416472,37.72197493244264],[129.00195194866487,37.72184258339663],[129.00213150170518,37.72182888538931]]],[[[129.00059237458984,37.72267644732384],[129.00052114190737,37.722695530678294],[129.00050876619105,37.72261206446292],[129.00059237458984,37.72267644732384]]],[[[129.00053859861944,37.722768148700396],[129.000509732412,37.7228348926516],[129.00034373145928,37.72284693043516],[129.00027029728233,37.722699251966674],[129.00033522316045,37.7226802508459],[129.0003649530937,37.72276665326674],[129.0004361399009,37.72271947849881],[129.00053859861944,37.722768148700396]]],[[[128.99971205887886,37.72413675281922],[128.99968518756225,37.724183143397966],[128.99963645776864,37.72415225827701],[128.99971205887886,37.72413675281922]]],[[[128.99758430754,37.72467155382799],[128.9977810841836,37.72474696053616],[128.99778027685088,37.724810136992495],[128.9975399554664,37.72472060212517],[128.99758430754,37.72467155382799]]],[[[128.99538692568038,37.72689826474562],[128.99535989730887,37.726835637946415],[128.99553517773916,37.72680590499746],[128.99554575616375,37.72687104860029],[128.99538692568038,37.72689826474562]]],[[[128.9942609729739,37.728289051949886],[128.99425609143665,37.72831479867583],[128.99417793530966,37.728251710364944],[128.9942609729739,37.728289051949886]]],[[[128.99441057318484,37.728763756300985],[128.9942614959599,37.72876653686911],[128.99425216027308,37.72869041094988],[128.9944126304255,37.72869612265492],[128.99441057318484,37.728763756300985]]],[[[128.9940548327527,37.728921163198514],[128.99399525514153,37.728933020064204],[128.99398200982432,37.72891197244374],[128.9940548327527,37.728921163198514]]],[[[128.9936575867189,37.729567017679436],[128.99376452191783,37.72962316241585],[128.99361618869057,37.729669842741224],[128.99356876364337,37.72961324927125],[128.9936575867189,37.729567017679436]]],[[[128.99375643394723,37.72989840329475],[128.99365058950832,37.729714811047],[128.99383492564246,37.72971596263576],[128.99375643394723,37.72989840329475]]],[[[128.99277355774282,37.73024698698048],[128.99278619782342,37.73029927084495],[128.99273626626203,37.730280539822445],[128.99277355774282,37.73024698698048]]],[[[128.99301385838112,37.73033334121449],[128.99297030043857,37.730210458167164],[128.99305083612532,37.7301687319288],[128.99301385838112,37.73033334121449]]],[[[128.99280756067216,37.7304101005277],[128.99279204062555,37.73042874486931],[128.9927491008356,37.73035545351393],[128.99280756067216,37.7304101005277]]],[[[128.99290321395253,37.7304418468883],[128.99288913612568,37.73047201623278],[128.99283352797215,37.73035877417332],[128.99290321395253,37.7304418468883]]],[[[128.99282364212416,37.730430322854446],[128.99284930487542,37.73050618349047],[128.99281413487947,37.73053174780872],[128.9927774594517,37.73050516931721],[128.99282364212416,37.730430322854446]]],[[[128.99274139000664,37.73087889213575],[128.99273441988515,37.73092543824505],[128.99267345833525,37.73088767272719],[128.99274139000664,37.73087889213575]]],[[[128.99227340840392,37.73123602353972],[128.99216590283692,37.731195283517536],[128.99207961336674,37.73094898901215],[128.9921477233683,37.73087117767156],[128.99222798108042,37.73087467952501],[128.9923789403714,37.73112909188874],[128.99227340840392,37.73123602353972]]],[[[128.99272086182822,37.73119112021788],[128.9927574725201,37.731239437780886],[128.9927271059068,37.731340183301924],[128.99268040253205,37.731290561463524],[128.99272086182822,37.73119112021788]]],[[[128.99243681962287,37.731275710361054],[128.99243177287667,37.73134481931679],[128.99237723010526,37.731290981423506],[128.99243681962287,37.731275710361054]]],[[[128.99222168022018,37.73147018252378],[128.9922149975442,37.7315008782175],[128.9921494377163,37.731474703096],[128.99222168022018,37.73147018252378]]],[[[128.99152174761102,37.73211824495863],[128.99144347802897,37.73202662713454],[128.99147662368125,37.731837035422124],[128.99152962199628,37.73186288591412],[128.99152174761102,37.73211824495863]]],[[[128.99149301328083,37.732679971575706],[128.99141836556757,37.73270861896608],[128.99139554797804,37.73265615823516],[128.99149301328083,37.732679971575706]]],[[[128.99059848666573,37.73356388867587],[128.99054330728293,37.73358171938502],[128.99054680910453,37.73348957418735],[128.99059848666573,37.73356388867587]]],[[[128.9907839451522,37.73372708066121],[128.99070626791575,37.733833509862734],[128.9907785090421,37.73323815085177],[128.99085921982024,37.73351948093793],[128.99076619021693,37.73360559455683],[128.99101574733857,37.733735980862626],[128.9907839451522,37.73372708066121]]],[[[128.99071952769626,37.73387587680535],[128.99079024804504,37.73401675394751],[128.99071903274282,37.734238314959725],[128.99068541631954,37.73397732166481],[128.99071952769626,37.73387587680535]]],[[[128.99062483177687,37.7347671804407],[128.99069176717106,37.73491326696682],[128.99061643575743,37.73504885712546],[128.99048908652918,37.73507738640585],[128.99045931322584,37.735197248413904],[128.99044074037946,37.7349578228931],[128.99062483177687,37.7347671804407]]],[[[128.98953030854386,37.73915617345488],[128.98951118247393,37.7392119558044],[128.9894522742706,37.73922051329695],[128.98944532990285,37.73919151763205],[128.98953030854386,37.73915617345488]]],[[[128.9894839029165,37.739720910033284],[128.9894253388448,37.739810255075206],[128.98934981939132,37.73969985880701],[128.98930105936876,37.73975855805776],[128.98925945406364,37.73971046304234],[128.98941748041784,37.73963830342214],[128.9894839029165,37.739720910033284]]],[[[128.9894786533152,37.73989177641096],[128.98954531586438,37.739976435705294],[128.98952479168136,37.740006749195146],[128.98946819241235,37.739998434003],[128.9894786533152,37.73989177641096]]],[[[128.9895934016653,37.740087774327804],[128.9895065260011,37.740238543442096],[128.98949513986517,37.74013578050867],[128.9895934016653,37.740087774327804]]],[[[128.98869794558115,37.7400283617614],[128.98882634856122,37.740273262065024],[128.98880109549424,37.74035544369087],[128.98874749452662,37.74031631249216],[128.98869794558115,37.7400283617614]]],[[[128.91760157772669,37.797802118133426],[128.91749981826987,37.79783161051665],[128.9174639267408,37.797746357723646],[128.91754734573357,37.79769596435437],[128.9175860010749,37.79778171199373],[128.9176421738041,37.7976774325596],[128.9176597530969,37.797700169560514],[128.91760157772669,37.797802118133426]]],[[[128.91020024444805,37.80744937383314],[128.91011112817384,37.80737622186713],[128.91014918026187,37.80729956370734],[128.91033629091964,37.8072780428887],[128.91020024444805,37.80744937383314]]],[[[128.91255423541622,37.810107012604966],[128.9123595250004,37.8100989346261],[128.91226356255595,37.809973131589395],[128.91245322431206,37.809927665699256],[128.91261753576367,37.81000276011065],[128.91270718798074,37.809882516955845],[128.91295506089466,37.80980491911306],[128.91303328676145,37.809935170253006],[128.91299135859353,37.81004045805745],[128.91266460829107,37.81002886982907],[128.91255423541622,37.810107012604966]]],[[[128.91251535488902,37.81042064270536],[128.9127120388199,37.81049176084232],[128.91264188215436,37.81063885544157],[128.91236143568233,37.81050182834472],[128.91251535488902,37.81042064270536]]],[[[128.89014647344848,37.822971758490255],[128.89012682650642,37.82301747473163],[128.89008908225472,37.82298565548887],[128.89014647344848,37.822971758490255]]],[[[128.88977461557283,37.82301127640092],[128.8898062066689,37.82289428443417],[128.88983523304694,37.822971242157855],[128.88977461557283,37.82301127640092]]],[[[128.89032437268816,37.82299289441579],[128.89027240878315,37.8230325753009],[128.89021423699856,37.82295884215021],[128.89032437268816,37.82299289441579]]],[[[128.89045074304897,37.82333694195599],[128.89047200104216,37.82343339515839],[128.89042424855364,37.82345253915442],[128.89038917984584,37.82340153504393],[128.89045074304897,37.82333694195599]]],[[[128.89053863811134,37.8234990791848],[128.8904790927369,37.82342895568085],[128.89049834498888,37.82334192981274],[128.8905656509616,37.823397974261454],[128.89053863811134,37.8234990791848]]],[[[128.87798072929684,37.83790643600478],[128.87810100972544,37.83799594642907],[128.87798161019583,37.838121190806476],[128.8778507382391,37.838012982499365],[128.87798072929684,37.83790643600478]]],[[[128.8779110962621,37.84119847085057],[128.87785930815727,37.84121955867069],[128.8778460674088,37.841184140400394],[128.8779110962621,37.84119847085057]]],[[[128.8777949499662,37.841250253068075],[128.8777285057554,37.841163637290265],[128.87749319598612,37.84123337931671],[128.87735502591127,37.84107895063736],[128.87759537616893,37.84093728068819],[128.87777264857007,37.84094395496714],[128.8778512779695,37.841030584953856],[128.8777949499662,37.841250253068075]]],[[[128.87940235748061,37.84156267479996],[128.87938087388196,37.84166078410506],[128.8792927392986,37.8417005342153],[128.87933571511746,37.84162520457909],[128.87940235748061,37.84156267479996]]],[[[128.848782400198,37.86805332525372],[128.8487428824545,37.86798660169087],[128.84878371539608,37.86797056839681],[128.848782400198,37.86805332525372]]],[[[128.84467755378236,37.87067808952906],[128.84473665831837,37.87072898288415],[128.84470233532286,37.870779732202735],[128.84460085448643,37.87072008147344],[128.84467755378236,37.87067808952906]]],[[[128.83624325398821,37.8867329259036],[128.83591927710447,37.886689112321484],[128.83593878697948,37.88647776845598],[128.8360767217633,37.88637600038449],[128.8369059514852,37.88470986696952],[128.8368528412341,37.88455588383865],[128.83695351915105,37.88440614634604],[128.8370965190207,37.88437026648592],[128.8373267720147,37.884449082777216],[128.83734364417353,37.88452512213583],[128.83624325398821,37.8867329259036]]],[[[128.8307121051359,37.88779823815737],[128.83049115513754,37.88773787041464],[128.83061985260605,37.88741890534264],[128.8308372453097,37.887282974623474],[128.83110867523186,37.88731635349931],[128.83123450681938,37.88741310319922],[128.8312475589647,37.88765261605055],[128.8307121051359,37.88779823815737]]],[[[128.83449162925106,37.89458317496467],[128.83448423891826,37.89461056019359],[128.83436755225904,37.894578174818015],[128.83449162925106,37.89458317496467]]],[[[128.83446554745626,37.89478597246331],[128.83442621802564,37.894805197647635],[128.83443465827045,37.89473051576926],[128.83446554745626,37.89478597246331]]],[[[128.83532347935468,37.89517706246396],[128.83528581633365,37.89507065524247],[128.83530613116667,37.89511940654638],[128.83532347935468,37.89517706246396]]],[[[128.83459811751132,37.89520706235914],[128.8345014154281,37.895296046547074],[128.83449422017077,37.89520751046724],[128.83459811751132,37.89520706235914]]],[[[128.83454309083294,37.89531508775461],[128.8345680174508,37.89540429967876],[128.83455727046584,37.89541830793304],[128.8345076087227,37.89535938705188],[128.83454309083294,37.89531508775461]]],[[[128.8345250249162,37.895434129931886],[128.83454190275773,37.89550267564032],[128.83449691847247,37.895528081723135],[128.83446252752807,37.89547283238303],[128.8345250249162,37.895434129931886]]],[[[128.83468172740433,37.89544080484472],[128.83469780169042,37.89555773669399],[128.83461336653775,37.89568950276817],[128.83457525842593,37.89551683810175],[128.83468172740433,37.89544080484472]]],[[[128.83453270432378,37.89564980822144],[128.8345638584235,37.8957253884866],[128.83452447910616,37.89575264707037],[128.83449557080593,37.89571382836555],[128.83453270432378,37.89564980822144]]],[[[128.83471362584265,37.89581756022671],[128.83465486995237,37.895842847668995],[128.83460826728424,37.895797095391444],[128.83471362584265,37.89581756022671]]],[[[128.83505530194364,37.89666520665802],[128.83500817136047,37.89669258307096],[128.8349948379606,37.89665577875455],[128.83505530194364,37.89666520665802]]],[[[128.83517585980357,37.8977268225132],[128.83510663476093,37.8977708811217],[128.83509684131133,37.89774205504424],[128.83517585980357,37.8977268225132]]],[[[128.83505148359473,37.897845506187174],[128.835010136069,37.89790042033277],[128.83497088136932,37.89781066269568],[128.83505148359473,37.897845506187174]]],[[[128.83437071007168,37.89918831221726],[128.83420400901971,37.89904279185235],[128.83438069199377,37.898856779730934],[128.83435181170086,37.89897074876004],[128.83445059514585,37.898889746869514],[128.83451633084314,37.899021955845235],[128.83437071007168,37.89918831221726]]],[[[128.83461751538283,37.89906786333186],[128.83465189552982,37.899145711419735],[128.83461886562432,37.89919401329428],[128.83460254620775,37.89918635752882],[128.83461751538283,37.89906786333186]]],[[[128.83467541522563,37.899176397947585],[128.83466253911848,37.8992458506047],[128.834629263182,37.899268944748684],[128.83462365040808,37.89924892325581],[128.83467541522563,37.899176397947585]]],[[[128.8345204415491,37.89955364462032],[128.83444053907726,37.89954397453497],[128.83440699790714,37.89949091913626],[128.83443814636337,37.89948730615328],[128.8345204415491,37.89955364462032]]],[[[128.83382174323762,37.90003609336303],[128.8339513463594,37.90000837206596],[128.8339384372639,37.90008398051678],[128.83382174323762,37.90003609336303]]],[[[128.83384312974596,37.90177007022639],[128.83382999999444,37.901869893984774],[128.83375653742675,37.90186999746587],[128.83374962058355,37.90178547963051],[128.83384312974596,37.90177007022639]]],[[[128.83368894557003,37.9019238233516],[128.83368242400496,37.90199769206533],[128.83357064864157,37.90196991070006],[128.83359870773293,37.90192564264813],[128.83368894557003,37.9019238233516]]],[[[128.8319813860799,37.901513090780504],[128.83196926317498,37.901749165760876],[128.83156442705518,37.90213405606536],[128.8318856005689,37.901554604689906],[128.8319813860799,37.901513090780504]]],[[[128.83098212564744,37.90538118150594],[128.83094833576706,37.90545602266667],[128.8309051651951,37.9054043883392],[128.83098212564744,37.90538118150594]]],[[[128.83077860966222,37.90532928134909],[128.83081445135224,37.90544986268359],[128.8307724230679,37.90551032657954],[128.83069645826973,37.905452668684916],[128.83077860966222,37.90532928134909]]],[[[128.8310203692617,37.905498312682475],[128.83098028654808,37.905564543338336],[128.83096890729234,37.905500637727336],[128.8310203692617,37.905498312682475]]],[[[128.8307452959792,37.90596721000444],[128.8307296465055,37.90604309869539],[128.83070202842362,37.90605115268198],[128.83069039717245,37.90601347520414],[128.8307452959792,37.90596721000444]]],[[[128.83025218404296,37.90649499124338],[128.8301992977945,37.90641749533508],[128.83001045522306,37.90640964305849],[128.830054148553,37.90629375932843],[128.82985260076399,37.9063448601866],[128.8298097859579,37.90627803277215],[128.8299920395728,37.90619822641161],[128.83009650141673,37.906277991934395],[128.83017408312747,37.9061540303069],[128.8303409881073,37.90624135600286],[128.83039577518758,37.90616802065288],[128.83031967787412,37.906100435914944],[128.8304177120041,37.90610572468995],[128.83055825862326,37.90583506921488],[128.83060182081454,37.90550601814477],[128.83069566056082,37.90549578151812],[128.83077629280206,37.90565052094194],[128.83092733816613,37.905474194001485],[128.83088338559978,37.90572409691747],[128.83080367392284,37.90576110671389],[128.83072836868453,37.90566815496733],[128.830611607807,37.90569329330539],[128.83066988385752,37.90585248086498],[128.83076909052988,37.90579185080055],[128.83071640880578,37.90589147975146],[128.83059590899748,37.905882085919856],[128.830538744344,37.90601626781385],[128.83067007018056,37.906125917170414],[128.8304773365384,37.906183155137725],[128.83025218404296,37.90649499124338]]],[[[128.82932568117766,37.906678831213206],[128.82927001277082,37.90674087892734],[128.8292570494845,37.90671429084321],[128.82932568117766,37.906678831213206]]],[[[128.82907297577918,37.906767080201746],[128.82923104790214,37.906603397128414],[128.82919562226863,37.906771992880905],[128.82907297577918,37.906767080201746]]],[[[128.82948914525613,37.906915184368486],[128.82938889984737,37.90690527299219],[128.82937213301733,37.90680455007869],[128.82978085580493,37.90648569453568],[128.8298995933237,37.90659826823161],[128.82948914525613,37.906915184368486]]],[[[128.8279294256041,37.90688603826371],[128.82788554963784,37.90700721628972],[128.82783223246804,37.90702378344136],[128.8278077288042,37.906981436470204],[128.8279294256041,37.90688603826371]]],[[[128.82914515103684,37.90686591832695],[128.829113151687,37.90695652313038],[128.82895969495823,37.90699933491827],[128.8289172479499,37.9070907813519],[128.82898784015643,37.90690193143462],[128.82914515103684,37.90686591832695]]],[[[128.81221776298952,37.91578352023547],[128.81182968340187,37.916231969722624],[128.80996133257804,37.91747077057147],[128.80867091449417,37.91697931536925],[128.80817535182703,37.91664221570593],[128.80755974113157,37.91647079893348],[128.80720264442104,37.91621674362271],[128.80691711165807,37.9158498496301],[128.80648367618127,37.9156478143907],[128.80600191695083,37.91569291254492],[128.80574612700318,37.91552342770742],[128.80550993083833,37.91500478621822],[128.80436486203843,37.91382667971887],[128.8043480977124,37.913663914948906],[128.80387413882883,37.913259922717465],[128.80342863326982,37.91300920905253],[128.8026233778336,37.91294287707022],[128.80222488100696,37.91302784275425],[128.80201846901335,37.912963205670984],[128.80159693460553,37.91307058396247],[128.80079217919476,37.91314188840362],[128.79951416464863,37.91298772716571],[128.79839919477095,37.91268910658717],[128.79723016810416,37.91302169943411],[128.7965044436126,37.91282974421201],[128.7964350059771,37.912388424455195],[128.79603001532575,37.91213998225176],[128.79484098026353,37.91244079372859],[128.79314885808856,37.91220547892933],[128.79290318669015,37.91238670451646],[128.79215308041884,37.912702306485706],[128.79163757184526,37.9126301477909],[128.79126796723713,37.912669450024104],[128.7904479123994,37.91296183463964],[128.78970070665642,37.9133271579032],[128.78829840560132,37.91302417101128],[128.78666967953356,37.913284359574256],[128.7863095747394,37.91339500858742],[128.78540728992616,37.91420180839569],[128.78523906545448,37.91422039373121],[128.78498489202,37.91448114880923],[128.78401421516978,37.914547428880546],[128.783699091579,37.91469573973427],[128.7830119457131,37.914690609069865],[128.7828446068872,37.91453124899074],[128.78279643185783,37.91426152615408],[128.78247384840398,37.91411964492372],[128.78187998237684,37.91412585247466],[128.7810698956308,37.91354992595959],[128.78077751593338,37.91345627853199],[128.77977473140112,37.91327572295459],[128.77883763522127,37.91344436972248],[128.77831775439972,37.91341067889382],[128.7779390008341,37.91314613251089],[128.77791254351897,37.9127888055533],[128.77767544496567,37.912390394131215],[128.77679225444305,37.91125077054092],[128.7768194753124,37.91079967620058],[128.776596839434,37.91061683098794],[128.77553471742453,37.910115526135],[128.77384891280585,37.910261116836885],[128.7731428077931,37.91106321785382],[128.77143937412598,37.91081182062751],[128.7703522487025,37.90974958432334],[128.77007929953507,37.91001700112303],[128.76900225221297,37.9106328385463],[128.76880450824467,37.91065257757243],[128.76771459278822,37.91049770366045],[128.76709050323376,37.91059867323151],[128.76633005608878,37.91019626490719],[128.76581063426048,37.9102420272672],[128.76520379323316,37.91011443461124],[128.76511367962428,37.90999849243066],[128.76485088146543,37.90995362322065],[128.76463008838107,37.91002705066223],[128.76457829151892,37.910226892468],[128.76392192764612,37.91032797936536],[128.76370394030712,37.91022368999188],[128.76342903082372,37.91022863355276],[128.76298902348452,37.90999162084927],[128.76242479621322,37.90982207913199],[128.76135427401596,37.91008541175697],[128.75998762968422,37.9100657578801],[128.75958698005817,37.91024421887234],[128.75938099016884,37.910456284957505],[128.75823885122142,37.91074782224369],[128.75729683225734,37.91148228562894],[128.75735299808179,37.91179024465249],[128.75694950663814,37.91231609311133],[128.7561953307665,37.91250215393619],[128.7561070587511,37.912434787766614],[128.7555572655537,37.91255211173149],[128.75369925077726,37.912251828632634],[128.75263905240192,37.911687760697035],[128.75219077580792,37.910753560243336],[128.7503922527713,37.91013206516282],[128.7497329323498,37.91001375712011],[128.7493446599337,37.9097821829132],[128.74860882665814,37.909543228220976],[128.74737677081328,37.909771930982224],[128.74694380759465,37.90951331088992],[128.74660212999444,37.90919624942746],[128.7464480842519,37.90854186217955],[128.74628143711075,37.908291046050216],[128.74645906206317,37.907382597872505],[128.74621420867064,37.907183442276356],[128.74600940131512,37.9068484959825],[128.74610985610826,37.90646458428107],[128.74604510354595,37.90614905495367],[128.74560897911513,37.9055965342492],[128.7452471528371,37.90539965999078],[128.7450727395144,37.90518058509721],[128.7446602818162,37.90420857851183],[128.74380015574198,37.90389701563313],[128.74334605727458,37.90388421796021],[128.74220997315015,37.90405145037463],[128.74187834649874,37.90381207542223],[128.74094037811975,37.903450997772445],[128.73972523605957,37.90352655324849],[128.73888075244892,37.903783158961204],[128.7363802317387,37.90341455682559],[128.7356352099728,37.90280677153564],[128.73542711319865,37.902537460937275],[128.73544720434649,37.90179104848776],[128.7350388001204,37.90113569153617],[128.73463353472775,37.90105210755103],[128.73241054530854,37.899876984792215],[128.73157051564027,37.900245951672076],[128.72909915464157,37.901013951736616],[128.7277807751335,37.90182457452854],[128.72704798394577,37.90267345093635],[128.72516726013652,37.90257474259918],[128.7245201802905,37.9023068073085],[128.7237163516029,37.90219202442578],[128.72331051606184,37.90189099237698],[128.71920036154788,37.90279393385229],[128.71860800025667,37.903483026921165],[128.71759314495452,37.902609019963506],[128.71752609445474,37.90213730121745],[128.71567241588176,37.901538613574445],[128.7151137479751,37.90112706769582],[128.71404921809906,37.90011864411404],[128.7132589906177,37.899680460805286],[128.71336913664692,37.898754743590004],[128.71146472514505,37.89813049228634],[128.71059906577014,37.898050362806366],[128.7088118005552,37.89728591653915],[128.70750401449715,37.89796905203486],[128.70448223443142,37.89787040434654],[128.70402235139807,37.89816734587386],[128.70216486134944,37.89840517848389],[128.7002899686899,37.897655616377314],[128.69942106357763,37.89720150256668],[128.69811349641873,37.8967704540884],[128.6965806160283,37.89602461235792],[128.69613099961467,37.89604729247679],[128.6955077212017,37.89565671679591],[128.694412894039,37.895341762905176],[128.6934930764644,37.89418927532903],[128.69124225641653,37.89291397779916],[128.68980240489452,37.89281499227506],[128.68913041084693,37.8925110024997],[128.68828562996595,37.892568306848126],[128.68772973534064,37.8924046812732],[128.68712851436968,37.89238879029116],[128.68663876388533,37.89246471024062],[128.68578622403268,37.89203390631557],[128.6856057647619,37.89175887557297],[128.68416267311588,37.890552478350116],[128.6829580400483,37.89005077293121],[128.68282838908772,37.8899059331113],[128.68165786949675,37.89032855086285],[128.68134926637617,37.890175505461265],[128.6807658488793,37.89015037432437],[128.68012506917364,37.889979454507724],[128.67973072063063,37.89010598981484],[128.67867144080878,37.89026201680521],[128.6770447759329,37.88971698861177],[128.6763397796708,37.889819178934985],[128.6752784112056,37.88895389213192],[128.67402466233398,37.88834640208975],[128.67207573350646,37.88758594114753],[128.67133250174783,37.886467333522404],[128.66982052275205,37.88623289013531],[128.66958527517576,37.885901173739654],[128.66918403541013,37.88581681112217],[128.6678834171712,37.885808503649926],[128.66707538810718,37.885729315653236],[128.6666971114043,37.88588204594698],[128.6667145909255,37.886708541798455],[128.66618617028502,37.887395028930726],[128.66607768151502,37.888100554514736],[128.6652442700847,37.889177822315744],[128.66483141709725,37.890503701303736],[128.66418525576447,37.89078388636073],[128.65976473626563,37.891772952630376],[128.65774321007552,37.89174860053716],[128.65650473457168,37.891616455243444],[128.6562971577795,37.89144240264701],[128.65388674641844,37.890781050385506],[128.6521642985209,37.890888060599416],[128.65086411687875,37.890641062221256],[128.64777261765286,37.8909289778343],[128.64748517355585,37.891439463097804],[128.64679503795145,37.89198010036972],[128.6460376894336,37.89232317716759],[128.6451344159635,37.89297010897028],[128.64537621349967,37.89365652747223],[128.64341339816295,37.89432758285597],[128.6429379133111,37.89488582092873],[128.64199497188162,37.89438082014464],[128.6411078578892,37.89348674901008],[128.6403359749386,37.89291373237561],[128.63942451683047,37.89237784192003],[128.63903066489888,37.89199544323707],[128.63742545611322,37.89199529875336],[128.6373110253901,37.89175202175982],[128.63882566435953,37.89178908386388],[128.63797255103944,37.89081505977461],[128.6371534877773,37.89019199628141],[128.63683862560472,37.88974741656741],[128.6357017936857,37.88914474812333],[128.63508185127395,37.8883491302348],[128.63503632928067,37.887970063464174],[128.63479574150043,37.88761674647911],[128.63330236784427,37.887223826435395],[128.6320992749728,37.88649525547162],[128.63121050797346,37.88632708036173],[128.63061867658723,37.88566743729316],[128.6297580390322,37.885630601518464],[128.62848101050153,37.88498774768409],[128.6280774854536,37.88445677108942],[128.627679610255,37.884144656040476],[128.62676533179854,37.88251935732347],[128.62559199911323,37.88239464149791],[128.62435577103247,37.88164541172005],[128.62395610167258,37.88081549879473],[128.623561076079,37.880519646081524],[128.62501183808266,37.879126161792705],[128.62464531725703,37.87878666768375],[128.62354570419373,37.87844416945043],[128.6231985703272,37.87806419010447],[128.62349552049972,37.87757750466334],[128.6236994502301,37.87575388357344],[128.62351143090157,37.87495534850885],[128.62264427759462,37.87462897041768],[128.6219781761566,37.87422379362835],[128.62150643630102,37.874222657655395],[128.62127380163724,37.87322214805055],[128.62076600762097,37.872351424661176],[128.6190792896393,37.87176738568086],[128.6183525266059,37.87191852361843],[128.61763006386286,37.87189679830716],[128.61712826474985,37.87205833658021],[128.61552462798977,37.87200590681903],[128.61421056035695,37.87141085755017],[128.61330926344942,37.87158585223107],[128.6118035593496,37.87110034177438],[128.61029073323337,37.871440117631614],[128.60963350963834,37.871061009711],[128.6077337572511,37.87060439593569],[128.60698042290636,37.87035087498131],[128.6057369098134,37.87038211520957],[128.60517741986183,37.87091473876292],[128.60410040264424,37.870793674116705],[128.60342915775576,37.87085428522281],[128.60205109113016,37.87065904039718],[128.60117511907575,37.87070805397431],[128.60034944506833,37.869852712279595],[128.59979574278026,37.86912998920631],[128.59963954281636,37.86839024661567],[128.59896843998362,37.867801908174584],[128.5984701064809,37.86689175997396],[128.5976982674695,37.86595840162284],[128.59565170080515,37.86614491805014],[128.59486471736633,37.866120952813425],[128.5941287280685,37.86577581141634],[128.59197145189077,37.86559742040414],[128.59159954386894,37.8654151644685],[128.59082649845192,37.864295568969034],[128.58978728115034,37.86319582846987],[128.58797075477753,37.86209479027842],[128.58881198109427,37.86107926672112],[128.58881953404153,37.85991102182655],[128.58864514685902,37.85857199549128],[128.58830732366584,37.857580021419],[128.58829330754284,37.856751421995234],[128.58743396704605,37.85572151793151],[128.58761800516723,37.85497808221866],[128.58719716367432,37.85411883706576],[128.587413646714,37.853108040565544],[128.5874146136851,37.85215618009123],[128.58637593128046,37.85141740746415],[128.5858140353274,37.85079779231569],[128.58546468043005,37.84982082716861],[128.5850304905657,37.849243179995945],[128.58491474623472,37.848160643378364],[128.5861257945875,37.84623885288967],[128.58581430613398,37.84574585770998],[128.5860801920521,37.8451325784286],[128.58517294647967,37.84436175772436],[128.58456554046813,37.84318853654387],[128.5833789623069,37.84258640398328],[128.58302131660938,37.84207402276977],[128.58353436928422,37.84075205572969],[128.58255828434886,37.83873768738794],[128.58182572844964,37.83840258048017],[128.5815768628628,37.83777504669755],[128.58198239653606,37.836189313539364],[128.5815542408523,37.83538887845632],[128.5818671946295,37.83450066315872],[128.5817977954458,37.834042964361466],[128.58193209102123,37.833011927954495],[128.58230518468434,37.83245162857338],[128.58182271270806,37.831941911006325],[128.5812537452598,37.830981747419365],[128.5803661589665,37.82798359855488],[128.58063844916214,37.82703728375243],[128.58048173651284,37.826148341526235],[128.5811330812555,37.82542909553943],[128.5813699543366,37.824830628982376],[128.5815718125653,37.82334131534547],[128.58180578125277,37.82283612506406],[128.58272811256,37.82137975157365],[128.5834363953065,37.8207504259076],[128.58346402597795,37.8194779449773],[128.58312111828954,37.818597110713746],[128.5832120787032,37.81799779435504],[128.5843269404512,37.81632317342011],[128.58472534040445,37.814995205198116],[128.58565264836315,37.81462824669719],[128.58711175267527,37.81440641311474],[128.58896867414612,37.81296528570138],[128.59073081013233,37.811221763786605],[128.5918835890109,37.810652216000015],[128.59286752095747,37.810684419876516],[128.59411582459245,37.81038658524299],[128.59654390127739,37.80891842672435],[128.59676609509353,37.80823374271224],[128.59685810581806,37.80696535906557],[128.5998239875083,37.80592012654483],[128.60009872363807,37.80568035362306],[128.5999244003063,37.80463262871971],[128.5992885946767,37.80396445281537],[128.5984058184058,37.803530813494625],[128.59881933524113,37.80303098231153],[128.5997540691395,37.80285125509529],[128.60062667449014,37.80232148561071],[128.60094813593685,37.801731065140736],[128.60099042215782,37.8004832523634],[128.60068721058693,37.79954677663062],[128.6012848494502,37.797893699603634],[128.60102262326447,37.7964546437428],[128.60096169937015,37.79547149089618],[128.6016549848693,37.79382177846072],[128.60120266994562,37.792814097254016],[128.6005437902403,37.7921238803372],[128.5998382323887,37.791596478134096],[128.60004571245256,37.79044849902577],[128.60034521154043,37.78962260047497],[128.60005559953055,37.78871718742303],[128.60071446253423,37.78804907161953],[128.60112836737295,37.78713010817808],[128.60121086200803,37.78335358228102],[128.6013971672211,37.781308920422084],[128.6010012800547,37.78010372780928],[128.59999245693206,37.77932547721858],[128.59912659763376,37.77725004567793],[128.59878193146304,37.77455787920036],[128.60021737672542,37.77199673666527],[128.60165513478708,37.77004336741926],[128.60244953671798,37.769471288857424],[128.60396469236784,37.76928756251575],[128.6056167175965,37.76872000273571],[128.6067516129417,37.76846619576985],[128.6075767293389,37.767984696856836],[128.60800435337686,37.76712308849537],[128.6092927966574,37.766426186274906],[128.61042286839523,37.76631492478295],[128.61063400856642,37.76705783453382],[128.61071777813595,37.76696029850443],[128.6107834548708,37.766998183113195],[128.6106573727374,37.76711224468104],[128.61075988047392,37.76730952102855],[128.6117478602847,37.76775925937351],[128.61312195114036,37.7696207724859],[128.6141868879275,37.770555489143945],[128.61490633214592,37.770590872898495],[128.6153005139582,37.76991960777879],[128.61615486149586,37.76944754145093],[128.61803041483066,37.7697596131444],[128.6196095237645,37.76929697936064],[128.62263009358367,37.770465889545825],[128.6236336504897,37.76958676902952],[128.625667358259,37.77058415286472],[128.62709523496278,37.772737846110495],[128.6274614360468,37.77289217305181],[128.62963681349268,37.772570558003714],[128.63053639703077,37.77296350276737],[128.63072668580998,37.77382128032225],[128.63147279773705,37.774375793885525],[128.63176093424784,37.77646497531071],[128.63315652911945,37.7783191013828],[128.63321619545727,37.77936550250512],[128.6338497946593,37.78023348359714],[128.63497612549642,37.78127196372287],[128.63641766143837,37.781768593833135],[128.63672838467232,37.782287917993976],[128.6374052321349,37.78244559585132],[128.6390479239982,37.7824105022699],[128.63900525554277,37.78206481389058],[128.6395075969406,37.78024897647086],[128.64097844483075,37.77912691487752],[128.64237256460478,37.77857249332024],[128.64314170074806,37.77718506081968],[128.64359056085064,37.77703164062015],[128.64525554760013,37.776970000483665],[128.64783109361306,37.77599793301552],[128.65000696455493,37.77450183941425],[128.65055204862824,37.77378646697152],[128.65168291132227,37.773727769865125],[128.6529661096837,37.773121571235976],[128.65323581200548,37.7726563504088],[128.65386096664466,37.772726869279026],[128.6558045686898,37.77146392690122],[128.6576231492843,37.771377398073355],[128.65862229630443,37.772045583142095],[128.66073317210905,37.77054915300213],[128.66274917963617,37.770346985896325],[128.6660675643548,37.77030747440868],[128.6676237633549,37.76974501637777],[128.66947907784058,37.76823501915276],[128.66974028825365,37.76756143996747],[128.67080342552455,37.766961626216776],[128.67139232155094,37.76798617938888],[128.67240000029767,37.76861908217253],[128.673695888065,37.769606570397436],[128.67371836854062,37.76995619180412],[128.67520650655072,37.7705764914998],[128.6762466830216,37.77114534235037],[128.67703559112445,37.771021453522465],[128.67731440379734,37.77135957244579],[128.6786185443894,37.77201209307155],[128.6788314846117,37.77225215033401],[128.67884705429842,37.772613298418925],[128.6793486425965,37.772996184813636],[128.67994348071653,37.77310446345379],[128.68205195724323,37.77259691490714],[128.68277226718016,37.772866931593114],[128.68409957980822,37.7727694730153],[128.68496107334298,37.77312067188929],[128.6873674008673,37.77237909766282],[128.6882929981774,37.7710603166655],[128.68961956035068,37.77093015045127],[128.6909693649067,37.7698347452256],[128.6928962607288,37.77027185190704],[128.69532261976482,37.770462100968885],[128.69600386822287,37.77093040711731],[128.69682988456452,37.76994774247244],[128.69736537361285,37.77011149398329],[128.69842582818546,37.77153706737136],[128.69996012091573,37.77075119574175],[128.70256281861597,37.770183355680985],[128.703244061026,37.76996629372739],[128.70324898397502,37.768901670626256],[128.70408960207052,37.76843871886287],[128.7060015090605,37.76877994957155],[128.70884044685883,37.76807903865447],[128.70994419841335,37.76685171852144],[128.71058175504797,37.766566674197456],[128.71151264441008,37.765037998378155],[128.71051270400181,37.76470451442458],[128.71012214770116,37.76370336236597],[128.71202527847203,37.763141703069856],[128.7136444535229,37.762469604565474],[128.71366000768052,37.76161907832993],[128.7151382314085,37.760524342942965],[128.71516724555627,37.760028628761816],[128.7159706974657,37.75901513342733],[128.7176143634453,37.75756150042889],[128.71810968648316,37.75611784226195],[128.71873582446906,37.756188380486094],[128.72028565665065,37.75600719718971],[128.72081488870808,37.75564398932933],[128.72141622969076,37.755719154917756],[128.7224003623853,37.75518993808927],[128.72334821028608,37.75394518658652],[128.72273915129279,37.75315881753729],[128.72327974691837,37.752531930513804],[128.7230828846319,37.751382880184075],[128.72413046418689,37.750414283466355],[128.7248597079328,37.75009959089934],[128.72531942013097,37.74954031609816],[128.7269109297876,37.74912534215242],[128.72781249336703,37.748650410035204],[128.7303259243919,37.74791382183289],[128.73188944963886,37.74769169472407],[128.7336563178038,37.746331883731486],[128.73406356781706,37.745728654386895],[128.73582293153754,37.745049824503866],[128.73591654945375,37.74426778064706],[128.73794071412885,37.742533694852234],[128.73956387734438,37.74159235181634],[128.74166608716868,37.74200956864976],[128.7437825794997,37.741432017507606],[128.74430060023602,37.73911394090134],[128.74421880361473,37.73558619435504],[128.74482903208173,37.73408508780311],[128.74498997015502,37.73170818216225],[128.74483287286503,37.731127713647396],[128.7439815386961,37.73002705081071],[128.74401181262135,37.728763924119065],[128.74465424738526,37.72774214817687],[128.74565056873516,37.7267292021983],[128.74475025473046,37.724826261412524],[128.7444953158976,37.72340418809949],[128.74523041004488,37.7222292520121],[128.74846199917647,37.71984587796523],[128.7469969637825,37.718312608643345],[128.74759920527686,37.71527627800808],[128.748094056191,37.714425734296974],[128.74788157989886,37.7140051078422],[128.7489553225092,37.71285879677803],[128.7505561055514,37.71215120356334],[128.75205264265898,37.71137786067297],[128.7531185085258,37.71065607665625],[128.75323680746695,37.70860124058152],[128.75480131503386,37.70748001342217],[128.753927630266,37.70682068405082],[128.75381669382946,37.705311321009454],[128.75499469643336,37.70404715813214],[128.75516716200485,37.70355238839808],[128.75461622023224,37.70209455855589],[128.75433338542786,37.70083213549845],[128.75446848479714,37.69972763467785],[128.75484385762022,37.69885419938527],[128.75722477272836,37.694903911500546],[128.75774424095667,37.694451436509596],[128.75834930868646,37.69454381313775],[128.75856160055534,37.69415551394485],[128.75873292533822,37.69342834263401],[128.75909977657878,37.69262607305773],[128.75874114810077,37.69190989975199],[128.75865908792747,37.691339921843536],[128.7592922135883,37.68970563553392],[128.75926303440949,37.68812106758351],[128.75918099501584,37.687947704201505],[128.7592870017086,37.68696103055817],[128.75923203233202,37.686679538704134],[128.75933345782454,37.68639638920382],[128.76089066441557,37.686463238863055],[128.76106475606895,37.685948340077594],[128.76109318401038,37.68486075395988],[128.7607192739868,37.68390936554528],[128.76065682747387,37.682821965683694],[128.76181663630385,37.68178525678002],[128.76380104520968,37.680904505829304],[128.76330363783524,37.680277400015726],[128.76313638900166,37.679136667361746],[128.7631717193524,37.67822558350221],[128.76415726772942,37.67657469889626],[128.76422510057984,37.67592078259587],[128.7646879342385,37.67446612289237],[128.7646932338388,37.67384394221813],[128.76506020314088,37.673365204306634],[128.76495936361388,37.67282642949667],[128.76434324202438,37.67247826789971],[128.76231436410933,37.672317589994336],[128.76167611520899,37.671761234520936],[128.76055129737915,37.671218832518505],[128.75921641558296,37.67133917481336],[128.75828440139605,37.67133644366486],[128.75704537265383,37.6708007549769],[128.7560154883965,37.67025269173158],[128.75512205174962,37.67028398074098],[128.7529625305,37.669727414350525],[128.75239584335387,37.66967278626995],[128.75178990658753,37.66810795215123],[128.7518210349614,37.66737739983253],[128.75063009713335,37.66682403107332],[128.74994289172068,37.66680007794544],[128.74959338772243,37.66655022461617],[128.74799076127687,37.66640586072415],[128.74739991393594,37.666443465579846],[128.74587763678224,37.66494958971105],[128.7462389461706,37.664485622055786],[128.7460863475381,37.66357668761754],[128.74483863354777,37.66287985143549],[128.74472273455677,37.66172122956597],[128.74416208985977,37.661315377571526],[128.74367677907412,37.66024166738768],[128.7438044898967,37.659482665621766],[128.7437178227212,37.658782483898754],[128.74277702622587,37.65840244780943],[128.7414916723148,37.65754819724311],[128.7393662233165,37.657431173685026],[128.73745978078503,37.65672784211853],[128.73670661812537,37.6565941204257],[128.7358082220032,37.65615541434518],[128.73481466591937,37.655407661315905],[128.7343214705787,37.6551377087096],[128.73346944255135,37.6548566412795],[128.73351475950108,37.65450810377549],[128.73293524224573,37.65340465204214],[128.73315825773582,37.65269164463438],[128.73292130330117,37.65189549418062],[128.73178477043146,37.64980290839372],[128.7336962281403,37.64712879715232],[128.7322004134444,37.64545804513317],[128.73129496550385,37.643829470133454],[128.73099459481054,37.64346277824706],[128.72894001791025,37.63871438092422],[128.72848653096256,37.638024186415706],[128.728624171404,37.63680001096649],[128.72904904879826,37.63641402652092],[128.73003614855315,37.63451097509734],[128.73163177303044,37.63408114573114],[128.73233458447902,37.63324319462302],[128.73288334661555,37.632857108176125],[128.73335532298182,37.63208461039049],[128.73390948669703,37.63139468197381],[128.73455141329381,37.63090023150185],[128.7346197444371,37.63058447129003],[128.73519994247596,37.62998731563626],[128.73587336418984,37.62865779210488],[128.73599315382003,37.6275718362613],[128.73569577246982,37.626607418453915],[128.73633631786944,37.62645535606461],[128.7364054728625,37.62596454224102],[128.73623295907964,37.62399206824356],[128.7363422855193,37.623292066653455],[128.73610366684025,37.62279609373539],[128.73611282578355,37.61974750012533],[128.73656143642546,37.619280774112],[128.7366586179988,37.61866334586506],[128.7363536088057,37.6180535593563],[128.73643568001577,37.617485233411244],[128.7368867205075,37.61677927702225],[128.7368806058299,37.615385001964526],[128.73705365629226,37.614906244094946],[128.737077616244,37.61422070402051],[128.73719063953044,37.61393098736984],[128.73668452996526,37.61351214716464],[128.73629362009382,37.61294607347285],[128.73611621680365,37.612517522121756],[128.73628995672524,37.61137208225924],[128.73622255441103,37.61111367498221],[128.7364747877118,37.61033665506712],[128.73641225537435,37.609746934571184],[128.7354035367553,37.6090671686842],[128.73391519780807,37.609056427740676],[128.73113040277443,37.60940645512681],[128.72919051622816,37.60986596396515],[128.72847798368628,37.60996517788671],[128.72769811529525,37.60975920792386],[128.7269833732305,37.610088221378945],[128.72616288507024,37.610099758953744],[128.72516383941232,37.60998782143747],[128.7250244335308,37.610201969447296],[128.72432049871765,37.61073409165853],[128.72397501743248,37.61068310957715],[128.72346437880407,37.60974353443225],[128.72175856497006,37.608048091961365],[128.72112919901562,37.606887314816596],[128.71991680567876,37.60601544420472],[128.71826296865842,37.60416213868752],[128.7178920799704,37.60355532499555],[128.71771530907031,37.60033574780235],[128.71751794140894,37.598670255076],[128.71760700743522,37.598127745502666],[128.71718253573488,37.596653384331155],[128.71693258946559,37.59481770217414],[128.71698174529064,37.594256366936726],[128.7168157937184,37.593132724186034],[128.71685566388624,37.592718702932274],[128.71326766294413,37.59125000959681],[128.71265622174468,37.59081557057836],[128.71230992965295,37.59046812218444],[128.71210043485675,37.58941102924597],[128.71221267158444,37.58872165931106],[128.71217836734522,37.588272976285594],[128.711431256919,37.58826365437173],[128.71073140639413,37.588134370028634],[128.70982106527154,37.58817867054897],[128.7085380076962,37.58838320576889],[128.7055081387241,37.589226705757916],[128.70432828168725,37.58976480884694],[128.70339043408276,37.59007738586751],[128.70320007764295,37.59069916077411],[128.7033026815084,37.5908750834017],[128.70243974991953,37.59143723454946],[128.70179445185587,37.59199745000159],[128.70153338895705,37.592034687537186],[128.70053444512976,37.592475717249535],[128.69989709356912,37.59304440031231],[128.69897985033828,37.593540886933056],[128.6986003355187,37.593394897086],[128.69736636274558,37.59263183349915],[128.69690760384034,37.592617498494135],[128.69536325003736,37.59211970295996],[128.69486575431722,37.59237522719923],[128.6944787286629,37.592463263576896],[128.69319421409224,37.592554665521305],[128.69268920917625,37.592240316386366],[128.69199157407596,37.59209054178604],[128.69034447610576,37.5924393522071],[128.6896289667596,37.59284532108088],[128.68904028913016,37.59286748972813],[128.68807721794184,37.59271623266456],[128.68727596048407,37.59306634962697],[128.68643224187394,37.59318361475245],[128.68486503363428,37.59379008982464],[128.68401129020066,37.593918675794654],[128.68371118020445,37.59231591997452],[128.68414028240912,37.591997357987864],[128.68423674599921,37.59131180542952],[128.68410388176318,37.590107317650826],[128.68358350140795,37.58872729932341],[128.6833077566922,37.58848138753119],[128.6834521401773,37.58798120352205],[128.6828627590358,37.58562709148995],[128.6829022303759,37.58500854918826],[128.68277606434023,37.584671884101915],[128.68262676564407,37.58351257975764],[128.68238724147795,37.58272075380846],[128.68268039282324,37.58203247920087],[128.68202588985523,37.581322408527505],[128.68149250801793,37.57979534165527],[128.6815753779636,37.57803240491343],[128.6817957419357,37.57751913164745],[128.68157170021382,37.57728949586051],[128.68143214703667,37.576559735894264],[128.6817888817532,37.5762504545132],[128.68186283803965,37.576068991468304],[128.68139949958567,37.574821633643616],[128.68141707900884,37.57393905238586],[128.68074038426954,37.57342044688704],[128.68010505548608,37.571394658116546],[128.67965135474572,37.57077973075392],[128.67912589252313,37.57034701989071],[128.6789333797993,37.56986104033286],[128.67916342590502,37.56899144220577],[128.67884372117473,37.56707373967706],[128.67962535423982,37.56613033497337],[128.68192428372123,37.56490099752472],[128.6835957812356,37.56333174136648],[128.68415545070715,37.561841118588575],[128.68388810009677,37.55977509937436],[128.6833551096555,37.55864308128428],[128.68353266313176,37.5571460747712],[128.68475049678244,37.556173886917634],[128.68587221238005,37.55581036989661],[128.6858788321143,37.555598297721986],[128.68629974318685,37.5550173416699],[128.68672362752022,37.55491750854976],[128.6877597731617,37.55437288137661],[128.68819538701675,37.5533267875949],[128.6884869878734,37.552960778427675],[128.6889323456652,37.552608490162385],[128.68940019609798,37.55155947140657],[128.6904789310614,37.548268335048604],[128.69131751622308,37.54740012868478],[128.6916785692564,37.546136489409506],[128.6924803898395,37.544321725086256],[128.69272635818783,37.54303510563622],[128.69333909596696,37.542871428421584],[128.69355753160013,37.542660992777726],[128.69400325343298,37.541222162240324],[128.6947438545292,37.54100745406002],[128.6960135082393,37.540219679194124],[128.69665853123885,37.538972534389494],[128.69759176972875,37.537859460299835],[128.699051064229,37.53661322859976],[128.6997222648702,37.53654009953022],[128.6999796248776,37.53631062646977],[128.70080783711853,37.535994910508556],[128.7015985889212,37.53536242615799],[128.70232240975704,37.535246300612535],[128.70358947241354,37.53525948121269],[128.70419471309847,37.53506451478431],[128.70478078285154,37.53410605409305],[128.70578904753805,37.532915490080946],[128.70672084783752,37.532430079666504],[128.70703047922024,37.53214434898445],[128.70989743472498,37.53154400660338],[128.71414237163077,37.53157460929359],[128.71510983777952,37.53117980034963],[128.71614292328266,37.53118542450197],[128.7171539115138,37.530998794660036],[128.7188393245628,37.52981601012359],[128.7197451071773,37.52869017149288],[128.7208214213199,37.52916263530098],[128.7222830790367,37.53125227585233],[128.72264213706097,37.53289242605597],[128.72244175212353,37.53408330278501],[128.7228479916582,37.534871684946],[128.72374900301668,37.53542511245979],[128.72442245435533,37.536027566239454],[128.7271981958059,37.53781561378893],[128.72767906568018,37.53896478173425],[128.72879087503222,37.539935838862476],[128.73022673882832,37.54193133901807],[128.73141757919453,37.54259129931255],[128.73159502930835,37.543014322267204],[128.7323380586313,37.54387067813782],[128.73353923072486,37.54431628810639],[128.7341445251861,37.5444147465019],[128.73491204827013,37.544702033818496],[128.73498388302136,37.544884308725045],[128.73556223407238,37.54515913504906],[128.73571442337754,37.5455370278442],[128.73602189338325,37.545708967186016],[128.73616999704657,37.546212124030816],[128.736726230714,37.54677731694905],[128.73703073987093,37.54731306566078],[128.73764138195537,37.54752383893193],[128.73925906615884,37.54767918841269],[128.73974501482303,37.54741971499386],[128.74086838404935,37.546590192257966],[128.742374180203,37.54587657730831],[128.74306707837107,37.54583388977118],[128.74451031007732,37.54611598260446],[128.74520295424384,37.546835972467875],[128.74587477478806,37.54697891960607],[128.7466398011891,37.54674601378412],[128.74779331641497,37.54653142944608],[128.74867969349256,37.546864802385066],[128.74982553091655,37.54658087902516],[128.75126014122606,37.54561172548671],[128.75175879538682,37.54550314480891],[128.75192707892597,37.54520826009198],[128.7530723402242,37.54495696214989],[128.7534109411209,37.54504001749039],[128.75416701240317,37.54465371303492],[128.75580132401083,37.544070666603766],[128.75609972719738,37.54422191262498],[128.7564627634784,37.54413982558682],[128.75664382388595,37.54362935064596],[128.7573275613106,37.5431047806746],[128.7583109545342,37.54267734847098],[128.75891434213978,37.542257789343836],[128.75993968653077,37.54188228732041],[128.76080411127737,37.54186029355506],[128.76201083703006,37.54153056962079],[128.76240407191165,37.54182496216534],[128.7634029977948,37.54208252854039],[128.76466093097355,37.542778139704154],[128.7654176938724,37.54299213578138],[128.76584641681026,37.54324617430039],[128.76644882121298,37.5433868247416],[128.76702604392233,37.54363296401278],[128.76826400572529,37.54321072247094],[128.76962515013608,37.543240992551674],[128.7720699620808,37.54293834667544],[128.77324502416405,37.543002617459535],[128.77414597782294,37.542776233978564],[128.77737970893705,37.54415754002721],[128.78000446712906,37.543775916209796],[128.7809410906956,37.54348846730031],[128.78508145315567,37.541431944727236],[128.78549436660603,37.54092719502454],[128.7861520812977,37.54089142667676],[128.78693724897732,37.54097933548299],[128.78768069378765,37.54006340112162],[128.788065889777,37.53990862988836],[128.78892751465855,37.53991490236137],[128.79059834625386,37.53922142277393],[128.79163292618745,37.53835172464532],[128.7919933001186,37.538189118532344],[128.79221699021954,37.537819923907776],[128.79296208257784,37.53712341259108],[128.79266431494452,37.536342877840916],[128.79194534546457,37.5352368355215],[128.79202798087897,37.532719074777674],[128.79242095521946,37.532149326052185],[128.79266945466134,37.53202692914571],[128.7929869931102,37.531370336497275],[128.79325048028656,37.53124139303999],[128.79363012476236,37.529763205126216],[128.79425174642893,37.52979150623065],[128.79532340686742,37.529576226669704],[128.79597145086873,37.52962283715566],[128.79697698743564,37.52898256534841],[128.79723064353774,37.5286018431657],[128.79717717315538,37.528288618792594],[128.79784516908737,37.52719813155005],[128.79765967927193,37.527003606899264],[128.7974670657551,37.52695923066555],[128.7971460723487,37.526713190194435],[128.79768630791997,37.52592128089993],[128.79756318271743,37.52527780783346],[128.79749860792887,37.52352873189414],[128.79724568684307,37.522815549844445],[128.79760780231356,37.5218965053829],[128.7982645103111,37.52123007791474],[128.79806540282058,37.52058083542883],[128.7981383443375,37.5201266798895],[128.7979069962771,37.51973219328726],[128.79785706840812,37.51861750879513],[128.79765878580926,37.51842488725463],[128.79927110270964,37.51728723199919],[128.79960137524856,37.5167399207169],[128.80009832294047,37.5164421490906],[128.80554000689523,37.51387962966402],[128.80637285644607,37.513767732434914],[128.8073783434428,37.513502338917355],[128.8080979115331,37.51313711584968],[128.8081156947174,37.51220339745006],[128.80862961965835,37.511665969056736],[128.81032199469962,37.51086721976068],[128.81062168373293,37.51031541690103],[128.81097502896077,37.51002024430196],[128.8118060481853,37.50996572438992],[128.8120506543207,37.509747772304415],[128.81222850318417,37.50921162440764],[128.8120801857952,37.509090336262],[128.8121703268668,37.50882069764577],[128.8119610352689,37.50842178042141],[128.81196593781067,37.50823945711611],[128.8122881210435,37.507837409479194],[128.8126657818751,37.507543517313565],[128.81342202853858,37.50721421120966],[128.8139285831351,37.50689587667836],[128.81428129570014,37.50658317453425],[128.81442899702333,37.50627896854784],[128.81441065628104,37.50602469495033],[128.81409017696848,37.50571360337933],[128.8141978113021,37.50528263700958],[128.81411897188883,37.504839414744055],[128.8136017764926,37.503239911237436],[128.8138968343563,37.50314828699631],[128.81508092431235,37.50348698320373],[128.81645553826465,37.50414133650828],[128.8172409011428,37.50425930875658],[128.81808929453175,37.505276821452114],[128.81911451826622,37.50589893390361],[128.8194264035372,37.506258024553645],[128.82080100550908,37.50711313311819],[128.82201263224792,37.507584503017185],[128.82476096019548,37.50833218374743],[128.82608557944235,37.50845634209016],[128.82814883275722,37.50917647194097],[128.82893659090476,37.509586986114066],[128.83031133050352,37.51000891053385],[128.83126319280413,37.51096869900955],[128.83133672041052,37.511604967693906],[128.83180495314596,37.51208095980594],[128.83232097452665,37.51232561827102],[128.83270202600056,37.512343564740654],[128.83287622700007,37.51267409779566],[128.8334556729711,37.51298009355203],[128.83393916520734,37.51311912812956],[128.8348841087436,37.512914934438385],[128.83569951052684,37.51272914107772],[128.8362396047442,37.51240479640622],[128.83755929415392,37.51207124914762],[128.83797777633794,37.512043965410335],[128.83859480409873,37.51184788758843],[128.83940603690277,37.51197253835427],[128.8395928872604,37.51190522797889],[128.84018891407644,37.511950937625116],[128.84054301061067,37.51212074357466],[128.8408279830625,37.512415341384624],[128.84132119965818,37.512718353019835],[128.84164969215922,37.51307353919441],[128.84193029663928,37.51315119224374],[128.8421933849875,37.51283027065707],[128.8428583613947,37.51248568985408],[128.84559702228924,37.513791860648354],[128.84688779271283,37.51455199001722],[128.84789884260397,37.514668530984956],[128.84806676103412,37.514950979639636],[128.8492377272309,37.51560464054837],[128.84888525993105,37.5161435627832],[128.84876254869724,37.51654265173601],[128.84860062948897,37.51669319905177],[128.84865971123847,37.51706563326261],[128.84992083902335,37.51888154707518],[128.8499683018501,37.51992091547639],[128.84972803752217,37.52039356461218],[128.8488001666552,37.52108756863758],[128.84853475997937,37.52160944481989],[128.8487729187941,37.52194200419326],[128.84949577319816,37.52218326281209],[128.85108735273607,37.52297969619432],[128.8512582217164,37.52302485550176],[128.8518360898332,37.52288377870834],[128.85203009540444,37.52291272987409],[128.85237160853447,37.52310888206204],[128.85267532810286,37.52317948819619],[128.85279657715927,37.52332854562468],[128.8529576972088,37.52331239070625],[128.8542137660602,37.52438599745144],[128.85465122195484,37.52506904634829],[128.8544217407375,37.5253717277825],[128.85442695029408,37.52565857615109],[128.85479515138977,37.525958859076916],[128.85418238014776,37.526594627431926],[128.8539876977076,37.52670020985467],[128.85367950249355,37.527230513643225],[128.85368730345877,37.52743571803147],[128.85382081630075,37.52756616065886],[128.85368479658672,37.52858798271804],[128.8537932497127,37.5288242761036],[128.85371340879078,37.52920648684461],[128.85380433833328,37.52953236447782],[128.8536047999531,37.529859874150794],[128.85361311534547,37.530080374773036],[128.85444364129725,37.53099542244],[128.85488539800068,37.531673250248254],[128.85505085537173,37.532239200596436],[128.85518716831047,37.532267095936334],[128.8553141187779,37.53244965644193],[128.8551971106371,37.53293104414621],[128.85534144474713,37.53327922550353],[128.85550349755795,37.53433742255711],[128.85571365199004,37.53461659978227],[128.85552678737042,37.53474204247087],[128.85545285363304,37.53517903543754],[128.8555230875084,37.53664926245534],[128.8557044675953,37.537246287229294],[128.85709592640617,37.53784959994711],[128.85747592116144,37.53788796205347],[128.85800365220814,37.53889846578346],[128.8585181639793,37.53898869334655],[128.85893341999056,37.539596221781615],[128.85911876347114,37.540376585143186],[128.85949021463517,37.540663612403115],[128.85958280569545,37.540860111761944],[128.8593610103362,37.54120864552356],[128.85933679701367,37.54170993582503],[128.85994032636162,37.54234944968589],[128.85973427582866,37.54295397936537],[128.859782920444,37.54350377992911],[128.86010666214898,37.54392043415704],[128.8596473669905,37.54451585206393],[128.8598780975026,37.54504547897749],[128.85970589219437,37.54527590430976],[128.85915144889185,37.545680056508914],[128.85907097246198,37.546604111424216],[128.8592713719758,37.54697148431011],[128.85913946728124,37.5477212369929],[128.86004771106857,37.54805990963385],[128.86089954441613,37.54894391480721],[128.86077355598232,37.54925590401264],[128.86096410135653,37.549767010173824],[128.86157668612233,37.55077061143539],[128.86145531240848,37.551433940472705],[128.8617476307996,37.55170081977874],[128.86185156737557,37.55228497253167],[128.86178919045963,37.55280721600517],[128.86202364898486,37.55309226684225],[128.86206226140914,37.553641663788596],[128.861663358786,37.55424971325402],[128.86180648755254,37.55449673780183],[128.85997797718554,37.55528822354359],[128.8592062901013,37.55592018532192],[128.85944844105728,37.55708229732321],[128.85935627381704,37.558264278383504],[128.85946796715697,37.55972467299324],[128.8589370886166,37.56067275806154],[128.85886167607424,37.56112986541772],[128.86132159249988,37.562958627656805],[128.86124744570154,37.56313668016413],[128.86138871632122,37.563453019224866],[128.86132515273874,37.56372348705879],[128.86218054618567,37.56416386247813],[128.86259820501584,37.56460252210414],[128.86276225788725,37.56594531598179],[128.86262341394104,37.56839084155165],[128.86199333911966,37.57040336320816],[128.8626068881004,37.571629830351895],[128.86319274211434,37.573617303838525],[128.8638316967836,37.575198329331045],[128.86481523227044,37.57596985420512],[128.86582498686835,37.576357612138],[128.8659753531213,37.5772287592174],[128.86657470012756,37.578267950269925],[128.86719679593995,37.57862604674778],[128.86750545767262,37.5790309328231],[128.86849378716914,37.57897834789781],[128.868733695493,37.57941089524186],[128.86938728033013,37.58004311098546],[128.86999225384653,37.58111477647235],[128.87019328631374,37.58183278779307],[128.86994548095478,37.58225407998864],[128.87045292700225,37.58303019241868],[128.87097424881398,37.58443340827225],[128.87173729659514,37.58452141931537],[128.87188734358148,37.58489995159634],[128.87147985419847,37.585793120422196],[128.8721221306192,37.586280991116254],[128.87238768449257,37.586796507266115],[128.87225462231038,37.58708948736122],[128.87300863826954,37.58792542109793],[128.87350106610447,37.589613346580876],[128.8762189488052,37.589358676053],[128.8767128066053,37.58897830542294],[128.87768516891873,37.58842641555957],[128.8793213939774,37.589983406334945],[128.8805347409434,37.59037763057739],[128.88184646615704,37.59108829773984],[128.88248652040483,37.59235901973525],[128.8844654036336,37.59282013922899],[128.8856644837824,37.59279243286822],[128.8887780065746,37.59217498123875],[128.88931640960843,37.59151130038705],[128.88988478425506,37.590103857745916],[128.89028359422755,37.588602047302935],[128.8906665233921,37.588383350635254],[128.8912282040711,37.58829452342011],[128.89269705708176,37.58842657817547],[128.8943713590062,37.58789390205056],[128.89517012097986,37.586892141465256],[128.89593851700837,37.586542516466295],[128.8978358867169,37.586732030385946],[128.89755961134335,37.58504100974507],[128.8978075374104,37.58464363905919],[128.8987098843893,37.58405111772609],[128.89821648353427,37.58193870581553],[128.8995344105591,37.5807744603968],[128.8993181472248,37.57924022039877],[128.89976102585993,37.5779793596111],[128.90043055130076,37.57481389660235],[128.90115171404852,37.57411191828887],[128.9009715126839,37.57195209820663],[128.90133064243233,37.571574621488104],[128.90300099981684,37.57147721995909],[128.9039649439451,37.57150509724871],[128.90466540073746,37.570413627967454],[128.90566408831157,37.56704013158905],[128.9044395330346,37.56572041231632],[128.90417495906394,37.56355224333078],[128.90486764914633,37.56332302824725],[128.90551986813026,37.561277979917854],[128.90490973870013,37.55972017689032],[128.90525429799976,37.55775357191477],[128.90445674495498,37.55539841069916],[128.9049922657842,37.55463915098563],[128.90529051083615,37.55330337196233],[128.90583216385284,37.55247825486001],[128.9063905325801,37.5524058245353],[128.9077453218058,37.552419151541685],[128.90846988600276,37.5527210108363],[128.90882797625602,37.55261352604298],[128.91160449779227,37.55282183495367],[128.91297146683027,37.55268409874289],[128.91379359558184,37.55199833521097],[128.91447220008084,37.551788260217506],[128.91493515373176,37.55102400493742],[128.91462880589106,37.55010993208401],[128.9151825009618,37.54906420855694],[128.9163041506181,37.54783956917978],[128.91715479256078,37.54812548459518],[128.91756751578635,37.548624565604136],[128.91914129299695,37.54832124661996],[128.91983802365402,37.54751100638313],[128.92157486639525,37.54740885309146],[128.9219277659909,37.547206626366524],[128.92303770375338,37.54719301375523],[128.92373726921394,37.547020722533496],[128.9246544305522,37.5471805684224],[128.92543506502366,37.54654642742054],[128.9254018811309,37.546012602753336],[128.9255572131871,37.54595227243399],[128.9261691791239,37.545091542657026],[128.92629802622645,37.54456505117033],[128.9270570845524,37.54421128116881],[128.92787926622992,37.54298447976625],[128.92940210586679,37.54259811425149],[128.92954529416264,37.54240587636511],[128.93003185565954,37.542447915220315],[128.93070912012618,37.54270280188988],[128.93132264570752,37.54222229062227],[128.9313665884733,37.54179575279493],[128.93187945657607,37.54097515231511],[128.93173978727103,37.539585906517274],[128.93188958841245,37.539328143119036],[128.93244952253062,37.53907950127032],[128.93272235814567,37.53879002475898],[128.9336467261644,37.53883205834529],[128.93429306462338,37.53811351972227],[128.9353623630673,37.53820715614182],[128.93720549726729,37.53769670264485],[128.93797971162994,37.53799125192024],[128.9387782455689,37.53791214428012],[128.9392078918353,37.53800797897268],[128.94038349035978,37.53804002751059],[128.94096168030492,37.53843162041923],[128.94170078597787,37.53845188663312],[128.9428764592254,37.53914561761003],[128.9428744016684,37.53944101592084],[128.9440423898646,37.54060315152706],[128.94442929383277,37.54067024031973],[128.9447402797471,37.54091364260664],[128.9456081349746,37.54113124394685],[128.9459279752451,37.54077761305245],[128.9492113038614,37.53957787577865],[128.95026809653777,37.53986452974123],[128.95067396359434,37.54053338320211],[128.95094839850788,37.54059237887326],[128.95128837461962,37.54081350170558],[128.95177296205952,37.54082573906631],[128.95353267583192,37.54148007100267],[128.95423576841046,37.54133511591628],[128.95523275083775,37.54140098534951],[128.95720310628585,37.543123840231544],[128.9568501171157,37.54370493744725],[128.95836053758052,37.54458586537595],[128.95968982215672,37.54602374797736],[128.95980323450752,37.54717087110934],[128.95955310396562,37.54843806513943],[128.96123072040473,37.548745974979234],[128.96178585210095,37.54777313966783],[128.96209217902006,37.54593997465251],[128.96280585106976,37.54317611298717],[128.96505087096432,37.54195966494818],[128.96646519027297,37.54032028559639],[128.96834251910295,37.539640460006446],[128.96832380839894,37.538562304024836],[128.97335935328795,37.53368838437739],[128.9737911707335,37.53383553105846],[128.97584540549192,37.53418650887193],[128.97641729175064,37.534188791840435],[128.97756641700352,37.533868254416404],[128.9788905805974,37.533626993173186],[128.97971088535843,37.533157806396005],[128.98072945226812,37.53302136275688],[128.98134829101804,37.5331102980046],[128.98260134580767,37.53355700762838],[128.983707575454,37.53368909861596],[128.98434314947846,37.53350622691671],[128.984434091481,37.53363825983432],[128.98557119123126,37.534056169125535],[128.98676649279636,37.5340874242061],[128.98764553263396,37.533850720202466],[128.9879977737439,37.534278356285995],[128.98837757274504,37.53550180950067],[128.98866904937833,37.53558076157447],[128.98910392433496,37.53603314146341],[128.98910710034832,37.53655224250442],[128.98964059349353,37.53680506286811],[128.9897759519979,37.537106478559856],[128.99113295731865,37.53849688271711],[128.99120717210934,37.53882943930708],[128.9918067488821,37.53902894409542],[128.99254746515666,37.53955420790077],[128.99364385811953,37.53949502041896],[128.99355578505683,37.53960294092581],[128.99256168239705,37.53963533723997],[128.9941543617024,37.54078187268273],[128.99557028235373,37.541607817254814],[128.9970455448974,37.54197780400147],[128.9975769789015,37.54247835678553],[128.9984817814807,37.542795631364555],[128.9999277566696,37.542719398083015],[129.0007824420753,37.54282721141984],[129.00172107304485,37.54270063650965],[129.00258825539592,37.5428055631272],[129.00334593426612,37.54164741322186],[129.00446012116296,37.54166777346586],[129.00496456173946,37.541806350167136],[129.00699609716756,37.54123013536403],[129.00825749036179,37.541136621067935],[129.00946984716356,37.54039240010523],[129.00995232655316,37.54025315472497],[129.0104286052676,37.53981453492037],[129.01149113359497,37.53970856095379],[129.0123222677766,37.53942592583664],[129.01289140688945,37.53943989522849],[129.01325918874872,37.53924610787189],[129.01465017147532,37.53936662973113],[129.01486427453216,37.53953810083326],[129.01590552516208,37.53973263379398],[129.0173160402374,37.53849559114327],[129.0185117120667,37.53818293281477],[129.01931370808109,37.53837882744893],[129.01975565900776,37.53862294391819],[129.0203629159297,37.53900478050457],[129.0206620254168,37.53942511666141],[129.02116241208373,37.539466335508564],[129.02197457571566,37.540194950559126],[129.02243735631694,37.54043728127547],[129.02240375798976,37.54082128121495],[129.02341196838506,37.54177434988729],[129.0234141261579,37.54223142111741],[129.025392969932,37.54438393554614],[129.02544493960932,37.54487406515892],[129.0258879970598,37.54547993767909],[129.0262025899948,37.54569985544486],[129.02655031417964,37.5457662612133],[129.02706316567853,37.546027273357275],[129.02805893856276,37.54603143534286],[129.02843840188712,37.546565195185046],[129.0295970864928,37.54684718917935],[129.0305521925319,37.54691899928085],[129.03132465308147,37.54737270902299],[129.03264015911873,37.54779365575044],[129.0330261800746,37.5478080957525],[129.0334321066197,37.54745564515106],[129.03397535436875,37.54737091192112],[129.0345442682338,37.54752782421779],[129.03472689737205,37.54778028483189],[129.03623026224304,37.548120689422426],[129.03663836915504,37.54848448795683],[129.0369859233318,37.54862720204213],[129.0375656680232,37.54915193379899],[129.03798837650322,37.549733250145],[129.03867167848483,37.549758950368556],[129.03918372560827,37.54955403444388],[129.03923769620468,37.54886684874403],[129.0395446102406,37.54859723370056],[129.04011328850402,37.54769022395815],[129.04058428112046,37.54726614379995],[129.0409114670841,37.54712791260182],[129.04128348116137,37.54708545954111],[129.04267577020994,37.54748539217972],[129.04413993997133,37.54662512814311],[129.04447717294724,37.54614238953417],[129.04530093123606,37.5461413478426],[129.04599244827878,37.54624457925853],[129.0462667054007,37.54646545152678],[129.04713074638818,37.54663953584665],[129.0470868079078,37.54701623049871],[129.0478116866032,37.547671017213744],[129.04785623220224,37.5479178797174],[129.0478631147605,37.548068450026555],[129.04749012791885,37.54850057802861],[129.04764975683673,37.54933048909919],[129.04745875062457,37.549795935910126],[129.0478400910177,37.55026719469657],[129.04859378976343,37.551581145373795],[129.04893188615836,37.55195696851805],[129.04978320755106,37.552604056944105],[129.05032329740553,37.55394798937764],[129.04972610054065,37.55414787425663],[129.04949520555115,37.55449372333064],[129.04980262797477,37.55530684181939],[129.0494402135827,37.55591982687781],[129.0493607134282,37.5567769621376],[129.04829423075822,37.55803347857089],[129.04822779862803,37.55829498978954],[129.0483014054456,37.558718518210895],[129.04890052550155,37.55994177435487],[129.0486077517291,37.56057393849617],[129.04871922849284,37.561246923875316],[129.04896439313995,37.561483146915755],[129.0488306450632,37.561999512880085],[129.04908857016477,37.56254221055372],[129.04917809589608,37.56310751006672],[129.0487957842337,37.56370146942297],[129.0487192120521,37.56425388739511],[129.04877547645845,37.564736363130685],[129.049876637187,37.56570386937483],[129.05058472312152,37.567090703980696],[129.05063657750875,37.56830053939895],[129.05042835886834,37.5687300552508],[129.0504009708083,37.56963781247431],[129.05137260487444,37.57080982731025],[129.05106688403365,37.571611051370624],[129.05132143738314,37.57259126549256],[129.05170115236993,37.573538962178674],[129.05181572846996,37.57435503723208],[129.05160044161136,37.574490825733825],[129.05114247924124,37.57535104911395],[129.05100020579462,37.57639365006634],[129.0521280382437,37.577467537409916],[129.05214222422288,37.57780292402018],[129.05289265096263,37.57840284647474],[129.05311558874666,37.57869638076982],[129.05376798720874,37.578866722341054],[129.05420588976068,37.579705005334084],[129.05461742694607,37.579942338955924],[129.05478717930526,37.58042784943838],[129.05512263477848,37.58098280543557],[129.05599080937262,37.58123396373516],[129.05670444367829,37.58234552373808],[129.05639657174942,37.583521282401115],[129.05700591026033,37.5861206850388],[129.05792782418519,37.587552332729224],[129.0584909177173,37.58804427159251],[129.05959556940772,37.588481456626376],[129.05952126210954,37.5890255618782],[129.05964717445002,37.589896031993696],[129.05954806369624,37.59023811258987],[129.0588933221407,37.59101424367816],[129.0586697474203,37.59162183419258],[129.05703347434167,37.59354028010113],[129.05616760645955,37.59377670590476],[129.05571199704707,37.59375643701525],[129.05557302786642,37.59433259936242],[129.05500051317225,37.594689271563084],[129.05518552919105,37.59512428189769],[129.0551710297369,37.59568522380656],[129.05547673474817,37.59596187665289],[129.05572270831482,37.59709401481405],[129.05648721097018,37.597148583436926],[129.0571367232268,37.59694813547206],[129.05880446720224,37.597343463942565],[129.05966551206603,37.59747148747687],[129.06030859892982,37.597827760151695],[129.06101329845197,37.597904594293134],[129.0612984604285,37.5981001624395],[129.06260305657702,37.59785527330526],[129.0632869563613,37.59784903469873],[129.06406587943363,37.59837793401043],[129.06517112355414,37.59869948105656],[129.0658568580057,37.59863240922926],[129.0663755526909,37.598798303555206],[129.06756239463323,37.59891817919336],[129.06863772664934,37.59891700473222],[129.07000534730983,37.59998756168712],[129.07051478161063,37.600945605991875],[129.07143672231294,37.60191172868445],[129.0723135227265,37.603052950658636],[129.07314470542565,37.603868722107556],[129.07388765727163,37.60414049218683],[129.07475750049514,37.60473891663635],[129.07416994486275,37.60512834275027],[129.0719162846191,37.60704222135202],[129.0714998040805,37.607248403038],[129.0697139832754,37.60849028638356],[129.068792493757,37.609481993653255],[129.06764406337163,37.610468071663576],[129.0666150719477,37.611219147270816],[129.06517402959443,37.612705093841676],[129.06415994078554,37.61346052176785],[129.0631407141928,37.614693929875074],[129.06309144294906,37.61493141289424],[129.06323620941652,37.615325697997775],[129.06310947474654,37.61569684530323],[129.06253255211084,37.61626174192506],[129.06192474284455,37.61702520347349],[129.06222053506235,37.61732142457216],[129.06233708498328,37.61788985036349],[129.0622194002226,37.61787654156322],[129.06209684619625,37.61744347464569],[129.06184973934288,37.617494419454026],[129.06168656158397,37.617268447519145],[129.0614933021331,37.61737450477964],[129.06164681146916,37.617784238999604],[129.06149479014752,37.61764161029015],[129.06009106961145,37.61829429781789],[129.0599965212855,37.61845931649864],[129.0599746527958,37.619309869340775],[129.0600947360345,37.62251195405528],[129.05997643193314,37.62259641837777],[129.05999477404507,37.622868318191266],[129.0597583997641,37.62286536556183],[129.05972060039986,37.62052872764997],[129.05954802964612,37.620371115226895],[129.0587758266619,37.62046348443202],[129.05880283468184,37.620582860284294],[129.05418564389927,37.621367462160805],[129.05419158422313,37.62510118750529],[129.05392196606869,37.625104287788844],[129.05392117981344,37.62575498786198],[129.05600987830627,37.62575814139197],[129.05634905793863,37.625793566842134],[129.05645497117538,37.625844875275305],[129.05646774080552,37.62595338185499],[129.05748721705484,37.625867131508706],[129.05826369160897,37.62557256086626],[129.06347744081103,37.623015077953006],[129.0636673405297,37.62280792869697],[129.06413849151136,37.62258936448691],[129.06439271253552,37.622626707158204],[129.06453444260578,37.62291530598137],[129.06440790554743,37.62303637776997],[129.0579176245614,37.62615731258529],[129.05398617756376,37.626253197477716],[129.05387103924897,37.626183547780634],[129.05245922496945,37.62616544183662],[129.05201252035855,37.62655656784793],[129.05172428763234,37.62669899085293],[129.05167554465524,37.62708574628825],[129.05153274886183,37.627304188782205],[129.0510934883392,37.627697953275934],[129.05044633153852,37.628009772471444],[129.05004183823564,37.62846499645363],[129.04957765585954,37.6292926963006],[129.04861396629394,37.63048479449149],[129.04807861512506,37.6315864961024],[129.04724173476305,37.63283492136651],[129.04699734035034,37.63340013024282],[129.04664523404816,37.633878694043794],[129.04548617938042,37.635990190775345],[129.04522136848098,37.63686935110585],[129.0449521540247,37.637349089695206],[129.0448093894807,37.637901108458244],[129.04432414622065,37.63899201078546],[129.04409722477956,37.639849846867584],[129.04373509195386,37.64170240216744],[129.0438966274713,37.64246216525717],[129.04387472752214,37.64281633921706],[129.04416917431385,37.64326863629337],[129.04455926755756,37.64342619086461],[129.04485197861993,37.64344347665325],[129.04561607427945,37.644462906853235],[129.04570081054158,37.64510342533148],[129.04563828669475,37.64603347830602],[129.04604119895336,37.64674998892181],[129.04655878819707,37.648010265601414],[129.04738879739512,37.64889209482896],[129.0481165446569,37.64943661381499],[129.0497700615231,37.64866333524623],[129.049872866241,37.64870680938943],[129.04982215943002,37.648793685675194],[129.04830903657157,37.64952777292536],[129.04841268769678,37.6496706091843],[129.04838902284504,37.64982330661012],[129.04787556538878,37.65006505786333],[129.0479275334477,37.650339573573056],[129.04816147486233,37.65047424964601],[129.04816474397475,37.65067765610975],[129.04845831955927,37.65080731554981],[129.0487957896606,37.65084960567185],[129.04899523950857,37.65103795414343],[129.0491898760388,37.6510690678321],[129.04924956927044,37.65115140505336],[129.04913970621126,37.65115020294956],[129.0491554722879,37.651260011661535],[129.04937285090392,37.65126491151684],[129.04952870460295,37.65157567296935],[129.04963180084349,37.651569447114895],[129.04989271907908,37.65207969022407],[129.0521924473151,37.65207839187096],[129.05218985344365,37.65028702996747],[129.051402021612,37.65028624535669],[129.05139591326645,37.65019402416562],[129.05230014955734,37.65019432227515],[129.05071677622175,37.64812099081864],[129.05037550775268,37.64800193625798],[129.0503350463512,37.64782085622529],[129.05043442115138,37.647652420381036],[129.0507666741805,37.64767939719311],[129.05271509860873,37.65021747241756],[129.05268902693743,37.65281664463979],[129.05289966873775,37.65293189921619],[129.05409587752186,37.65323593343755],[129.05427607187337,37.65346820413361],[129.0546249511135,37.654447891456684],[129.05508797011476,37.65478899404582],[129.0557463523427,37.65509149362542],[129.05568260980488,37.65545698337857],[129.0555153814389,37.65551890379475],[129.0554579261083,37.6554764147319],[129.05528582269702,37.655722837928614],[129.05538804517116,37.6560382287492],[129.05575061090337,37.65624187766072],[129.05578222442767,37.65647975585296],[129.05572967792074,37.656631509722764],[129.05549068184732,37.65656345832603],[129.05538690261358,37.656965098120544],[129.05569832195405,37.65725453011548],[129.05582003812475,37.657595679000146],[129.05619419709728,37.65790036845892],[129.05630848559596,37.65811473307392],[129.05676602870236,37.65838344338218],[129.05698155773374,37.65877094792401],[129.05682000746867,37.659229423210306],[129.0566158687075,37.6591992111715],[129.05609128082668,37.659441173956054],[129.056285160121,37.65999302931674],[129.0564689951598,37.660192638876566],[129.05659177388418,37.66013771351284],[129.05658181823026,37.66045826612139],[129.0564412839291,37.66044030863728],[129.0562926082742,37.660521411037465],[129.05634742652657,37.660653639234695],[129.05623894155147,37.66073675540688],[129.05621320056403,37.66065641095757],[129.056096151586,37.66079784228616],[129.05615760054806,37.66095189533504],[129.0557745709308,37.66109511171778],[129.05567183438131,37.661028956553245],[129.05550468584374,37.661067862361875],[129.05509691925374,37.66140812922177],[129.05507220759873,37.6615536043275],[129.05519937007287,37.6618485590416],[129.05531822542875,37.661884199058136],[129.05538322475422,37.662227253310554],[129.05552113673272,37.66228932528263],[129.05543181529092,37.66240679260224],[129.05553984305152,37.66276260066936],[129.0554799269126,37.662886407125015],[129.05549450066326,37.66323626391441],[129.0553334982376,37.66363476737564],[129.0548512662264,37.66391573402608],[129.05483813024006,37.66439986672489],[129.05490677603225,37.66450302431544],[129.05473416827593,37.66454388288964],[129.0547159209894,37.66468344421194],[129.05506943561818,37.66485043813392],[129.05504050018513,37.6649730030446],[129.05453873242402,37.66475310847542],[129.05443177666558,37.664787782832505],[129.0543570100535,37.66468309599927],[129.0542701303654,37.664800822259444],[129.05417003528666,37.664714897128036],[129.0534379916603,37.664827880692414],[129.05329493729377,37.664992240916995],[129.05316074764502,37.66544988201773],[129.05461329638268,37.666110948148855],[129.0554553873005,37.665045797374994],[129.05542561374037,37.66495583011452],[129.05554402029543,37.66481949259197],[129.0558533290985,37.664933959805126],[129.05581183627294,37.665145791480775],[129.05561487338974,37.66540323184815],[129.0552934329231,37.66562191575126],[129.0547935123669,37.66631631810493],[129.05489068150445,37.666501441065165],[129.05469150955852,37.66662288781523],[129.0548007942938,37.6667139510179],[129.05504300273898,37.6666070560531],[129.0551223898919,37.666756765903095],[129.05494552917673,37.66684605042688],[129.05500899460756,37.66703263880155],[129.05528880618448,37.66735703299694],[129.055322106763,37.66730517802877],[129.0553992127167,37.66735705305155],[129.05525592941672,37.66775299997991],[129.05501768200457,37.66785248440464],[129.05517768912856,37.668166606151104],[129.05542670989948,37.668313348446034],[129.0558513041679,37.66827036847476],[129.0559094669717,37.66839413210808],[129.05598413856842,37.66830351423194],[129.0560531811693,37.66850316147681],[129.05622068808876,37.66838438797038],[129.0563231172691,37.669061068062945],[129.05652172216242,37.669055531151024],[129.05657679340607,37.669266495675004],[129.05673071140842,37.669297609315464],[129.05667271311276,37.669589271465156],[129.0563838077085,37.66974694642499],[129.0563719047483,37.669999767852026],[129.05664484798086,37.670338102373336],[129.0568886794167,37.670415940459336],[129.05686983606603,37.670549948184636],[129.05672304438477,37.670577905400414],[129.0566867836569,37.67078798007832],[129.05675778736475,37.670916798274625],[129.05689861310245,37.67093733071782],[129.0568607475381,37.67130412339913],[129.05703039611438,37.67139876298805],[129.05693779141902,37.671525746003475],[129.05703556320992,37.67160895042906],[129.05695948556064,37.671643336555746],[129.0569398634205,37.67184246484177],[129.0569831195235,37.67198292573806],[129.05708993015355,37.671986176662934],[129.05696584756245,37.67202724951299],[129.05713573520515,37.67213410859088],[129.05693899268974,37.67216843965656],[129.0569411577167,37.672731963274686],[129.05701853877514,37.67292112801141],[129.05727716412517,37.67291480620446],[129.05749948474272,37.67318141818948],[129.05750090422887,37.6735376826894],[129.05743442829146,37.673574812800766],[129.05730031212593,37.67344823458709],[129.0568460983632,37.67339016939983],[129.05683149658466,37.67330255109483],[129.056909674594,37.673278900100804],[129.05684269280633,37.67321700574278],[129.05662357142785,37.673256973505765],[129.05619577429425,37.673167282607764],[129.05557886150234,37.673303626191746],[129.0550385486628,37.67361076632304],[129.05477705805953,37.67409493773191],[129.05489492518788,37.67418045921698],[129.0548511126537,37.67423834776129],[129.0549941249414,37.67454875132873],[129.055060764077,37.67461982872764],[129.05512495713387,37.674576659195445],[129.05508617167,37.674767979941116],[129.05522982576653,37.675000401730756],[129.05521338661475,37.6752978740997],[129.05531920135337,37.675545055375466],[129.05539152869125,37.6755687993307],[129.05541511703814,37.67539034161119],[129.05551913760192,37.675363842438585],[129.05563954020394,37.6753929219421],[129.05565495853548,37.67549970290009],[129.05555858727107,37.67565902647413],[129.055519393995,37.67559881154962],[129.05542405873584,37.67565039614584],[129.05550212194422,37.675719775118424],[129.0554136136906,37.675786724365786],[129.05553875287728,37.67577744896451],[129.05554635964748,37.67587070780989],[129.05538938061946,37.67592171043695],[129.05532607385874,37.67586986804121],[129.05526813075417,37.67624230173338],[129.055090637855,37.67634347251975],[129.05529579424808,37.67653070522153],[129.055151613498,37.67654190424364],[129.05507594029774,37.67642512087199],[129.0549697599785,37.6764137458704],[129.05469395919593,37.67641691307963],[129.054651600857,37.67652786628405],[129.05460146564218,37.67643739329255],[129.0543539578143,37.67649922969729],[129.05415229212403,37.676441688585626],[129.05400388325185,37.676512961008534],[129.05401586100106,37.676638687743335],[129.05389268531607,37.67660404634978],[129.05368361819023,37.676709958951214],[129.05362331577234,37.67678446895899],[129.05372464398087,37.67698935537398],[129.05360482658926,37.677372958076106],[129.0533986331626,37.6773350812555],[129.05329945490624,37.677218594680106],[129.05317946967662,37.677335415988956],[129.0530139718317,37.677315308722854],[129.052882961424,37.67748704150579],[129.0528331453407,37.677657174053415],[129.05300030335772,37.67769775513875],[129.05303249399506,37.677797848119376],[129.05301516430976,37.67786230880673],[129.05294348852132,37.67784062771987],[129.05288984665827,37.678074569947455],[129.05283436394998,37.67786781913816],[129.05280432846723,37.67794621289051],[129.0526422357864,37.677884385342445],[129.05234171992575,37.67795731513255],[129.05223907661332,37.678060796626255],[129.05232728526315,37.67828188935481],[129.05242684831444,37.67832206421354],[129.05232422744655,37.678489156955585],[129.05216302780818,37.6784782766604],[129.0520455101038,37.678571282028955],[129.05188981005324,37.67853809140698],[129.05172316152678,37.67865413295836],[129.05178971791645,37.67871206033088],[129.05172868464524,37.67880407145232],[129.051635024289,37.678681030857575],[129.05155633972262,37.67879171204345],[129.0510137371579,37.67895650996851],[129.05056909388392,37.67936959728948],[129.0496824110913,37.679901362129556],[129.0494138638487,37.68036668265188],[129.04938660547867,37.680606972029146],[129.04906571437132,37.68069482111201],[129.04893311092027,37.68080691731339],[129.04891253221973,37.68119207756895],[129.048860052825,37.68112688522203],[129.0486718918935,37.68121116908521],[129.04846550576246,37.68116818695851],[129.04835614026166,37.68120521283287],[129.0483349103155,37.68130238914194],[129.04811758939692,37.68125604141264],[129.04792209109834,37.68134352524856],[129.04767277013366,37.681692366301036],[129.0476992565399,37.68201795747735],[129.04763001934626,37.682048864557245],[129.04779854661413,37.68225658078426],[129.04771650486572,37.68248358610189],[129.04714027865836,37.68292279284808],[129.04669391375214,37.683110493461356],[129.0463261099081,37.68345605874692],[129.04654646404686,37.683738469846865],[129.04642798755353,37.683799140721376],[129.04629295032913,37.68369502243188],[129.04620053566626,37.683725421514566],[129.04623563813473,37.68406420159562],[129.0458187370171,37.68391762918201],[129.04590571157402,37.68444889521044],[129.0457725424039,37.684442116201495],[129.04557447472192,37.68466784180692],[129.04516706324617,37.68473217423897],[129.04501052064282,37.68458178741365],[129.04484820845585,37.68455340313099],[129.04460857854798,37.6846432739857],[129.04490534510126,37.68494507885737],[129.04518141859756,37.68484342445931],[129.04537395371813,37.68489786848137],[129.04567431753765,37.684734198267265],[129.04600245371068,37.684880789584],[129.04597073648537,37.684962934843455],[129.0457915907912,37.68492260204944],[129.04548014257807,37.685114098992265],[129.0454907290721,37.68536873771286],[129.04526539564176,37.68535303068824],[129.04537604727764,37.68524509628522],[129.0452696531821,37.68523325311614],[129.0451643229795,37.68508762357042],[129.04499636938047,37.68507544319251],[129.04495559580107,37.68519782981888],[129.04482456110716,37.68502570281671],[129.04470177079077,37.68508277210429],[129.04453205756872,37.68489608161518],[129.04461896798924,37.684825851977536],[129.04437240286512,37.68456901304308],[129.04381460000985,37.68460430742701],[129.04375766513863,37.684707355250744],[129.04362259250016,37.68461067782558],[129.04360861958298,37.68474617427755],[129.04352172354933,37.68469972742434],[129.04335136319582,37.684771197338925],[129.04277483877772,37.68525776494216],[129.04263866637748,37.68547372630863],[129.0426151421647,37.68587562788053],[129.04360255525546,37.68648073120781],[129.04389173876942,37.68654199739519],[129.04414416463945,37.68638163998428],[129.04417408235065,37.68645885068951],[129.0438648018019,37.686737353688386],[129.04354371621662,37.686786169766734],[129.0423254556923,37.685897111118194],[129.04190924765658,37.68595053589426],[129.04187326664714,37.68618371407005],[129.0415446810466,37.686335777714355],[129.04140334680832,37.68649970450825],[129.04154227500248,37.68662295890653],[129.0414795458938,37.687507627065905],[129.04118616812679,37.687447144332005],[129.04128991483304,37.68696311479421],[129.04127972223617,37.68665878339944],[129.04115299554383,37.68665748473989],[129.0411550395898,37.68630161732401],[129.04059187788627,37.68639104822957],[129.03995206855382,37.68668260527327],[129.03958306891582,37.6870307213296],[129.0391227857691,37.687262417728256],[129.03686078585704,37.688898152414886],[129.0361406682853,37.68984271000791],[129.035403604685,37.6904135261724],[129.03509622995543,37.691110326141704],[129.03453952490216,37.691128041461276],[129.03378695861673,37.691445120790085],[129.03264618447986,37.69233530187896],[129.03223613106638,37.69255116497084],[129.0307671996941,37.693990010891184],[129.0300908731366,37.69445464792858],[129.02981854449186,37.69473944747107],[129.0285355737556,37.695427922749644],[129.0279083730291,37.6959492149473],[129.02703933797653,37.69640400463239],[129.02605184527272,37.69708233656947],[129.02547998463825,37.69767611848085],[129.0238670282964,37.69894455443475],[129.02303815906467,37.699868259470264],[129.0224218758248,37.70027711688681],[129.02168875286182,37.70098927086338],[129.02164454421867,37.701150017034735],[129.02110881194466,37.70131210795655],[129.02073906434092,37.70160476520197],[129.02067589615214,37.70180067561505],[129.02053045272936,37.70189548635911],[129.01985570640795,37.7020996876221],[129.01947960642062,37.702320764065966],[129.01834205958457,37.703307563992155],[129.01766131660958,37.704045457730814],[129.01669848519654,37.704772438188],[129.01575666640213,37.70566415595606],[129.0150266327878,37.7065884936264],[129.01431699697486,37.70692544137224],[129.01383053840857,37.70763775503379],[129.01365087092762,37.70757242839796],[129.01379881392037,37.70773237961682],[129.0133691268411,37.70806508829924],[129.01339577889604,37.70821184444624],[129.01330530714944,37.708252530444966],[129.01331427154113,37.70814679550577],[129.0132131460599,37.708276365668524],[129.0133289185237,37.70836161803758],[129.01310399318652,37.70850205126352],[129.01309195290966,37.70860827989756],[129.0131746634653,37.70856507914636],[129.01322646834092,37.70861431752393],[129.0130574314999,37.708891323158994],[129.01317461994105,37.709055028839444],[129.01328724436456,37.70906631871202],[129.0130176627823,37.70942967539668],[129.01318510965967,37.70953499347112],[129.01301966739007,37.709545209445544],[129.01301980502748,37.70966075754147],[129.01287299097382,37.709794830673076],[129.01283804492977,37.710391012982896],[129.0127405238372,37.710416837215696],[129.01266840394965,37.71068727387681],[129.01273875920933,37.71081333436206],[129.01283260645948,37.71081479679415],[129.01275729529476,37.71096310038867],[129.0128973356712,37.710935967976184],[129.01289305383938,37.71102598795713],[129.0127802924853,37.71110373442564],[129.0127250912471,37.7109962183886],[129.01274487075523,37.71120306202628],[129.01265670897166,37.711257288087175],[129.01245705216942,37.71123011219326],[129.01248347908174,37.711433113252234],[129.01233451115345,37.71142617513501],[129.01243136976677,37.71153097403465],[129.01238655034842,37.7116301742583],[129.01249987760121,37.7115738428187],[129.0125669420229,37.71161306197772],[129.01252050953718,37.711700488231465],[129.01229925973857,37.71165920782779],[129.01231974082918,37.71171767351055],[129.0121667269087,37.71179211359354],[129.01216817560893,37.71166206832347],[129.01195008046452,37.71164599093093],[129.01175940278154,37.711729891870306],[129.01173379598032,37.71204003371084],[129.011565799347,37.712124426654384],[129.0113840646383,37.7123910092538],[129.01134403999194,37.71292064890167],[129.01115269369282,37.71330619557059],[129.01047560862307,37.713716691705535],[129.01039046235263,37.7136468765626],[129.0099963872975,37.713887652942674],[129.00997063145775,37.71383033503835],[129.0093940683392,37.71397545263199],[129.00909198192358,37.714148589563024],[129.00871343980077,37.71448336825417],[129.00829864212596,37.715148875244424],[129.00806460447882,37.715380037587536],[129.00794892427692,37.71559240293989],[129.00799679051482,37.7157470712979],[129.00777377241917,37.715880920648814],[129.0077906195702,37.715964234300635],[129.00762828210512,37.71618491899446],[129.00753439304407,37.716202718222554],[129.0075419669248,37.716300557958476],[129.00731671465806,37.716324892072244],[129.00678732965423,37.716703017807845],[129.00547268805843,37.717923386005175],[129.00434972345823,37.71931739136068],[129.0040462591466,37.719401030426],[129.0039778603512,37.71953189108627],[129.004138612242,37.719751476267184],[129.00387895548553,37.71971093444222],[129.00384536959743,37.71964562096596],[129.00366142155198,37.71965529943391],[129.00348863680134,37.71989392323234],[129.00358621607432,37.719982165847455],[129.00338871671153,37.72008361122628],[129.0033924678588,37.720148561833774],[129.00351684925818,37.720179699853176],[129.00336804256082,37.72020565238361],[129.00331405851458,37.7203058907466],[129.00324160331655,37.720254126604644],[129.00315769089536,37.72044637889922],[129.00284302760036,37.72042034710497],[129.00248277434378,37.720559153705814],[129.0022748184645,37.720768760262494],[129.00233460157807,37.72080976060888],[129.00218309888095,37.72084612305808],[129.0016139050934,37.72147464640211],[129.00161124254458,37.72163251245966],[129.001506010678,37.721613180978885],[129.00151846247203,37.72186496975811],[129.00136042390366,37.72189311657876],[129.00127764666976,37.72202524664147],[129.0011968873599,37.72192971938236],[129.0009613926501,37.722104981502255],[129.00075807076135,37.72214994386362],[129.00075547916614,37.72222522257228],[129.00028485989978,37.72247826113701],[129.00022398394594,37.722574499535945],[129.0003059053872,37.722634915124004],[128.9999174112166,37.72269027391968],[128.9991066397345,37.72323236288584],[128.99886222506967,37.72350233715093],[128.99894689032396,37.72349510579463],[128.99895291741046,37.72367871916376],[128.99911087799842,37.723716825019835],[128.9990741505461,37.72379460442642],[128.99915280448064,37.72379962892272],[128.9991713777678,37.72391293808328],[128.99910049377888,37.72396144029675],[128.99928698678832,37.724002747468475],[128.99915807599322,37.72406370322469],[128.99913276634692,37.72429383681538],[128.99925332477753,37.724344169630676],[128.9992147667,37.724399816833014],[128.99897952192453,37.72437678424738],[128.9990531688899,37.7242900455099],[128.99887803236987,37.72422353689032],[128.9987364808386,37.72404657855741],[128.99855716737702,37.72433664607604],[128.99823299266254,37.7243219688896],[128.99821434189698,37.7244198253068],[128.99809580008608,37.72443532133278],[128.99804081309208,37.724367315814554],[128.99803643801485,37.72444758484182],[128.99791081157775,37.724466022294195],[128.99770042812017,37.724343485468694],[128.99736165579742,37.7245962222562],[128.99710039845093,37.72460230514465],[128.99669583851878,37.72494224733976],[128.99646892812981,37.724992858055494],[128.99592647889395,37.72545291539562],[128.9957932391159,37.72593130767743],[128.99591563633098,37.72598474880966],[128.99585285062435,37.7261283854335],[128.99592285862184,37.72613900953069],[128.99597630802597,37.72635407063779],[128.99577573129537,37.72647700040279],[128.99586742148134,37.72653699043674],[128.99584006803772,37.72663295704321],[128.99563308910467,37.72660208680059],[128.99548604319787,37.72678372761984],[128.9949605415371,37.72686867174655],[128.994906483032,37.72693744084849],[128.99502844454278,37.727021135399866],[128.99500427264564,37.72708623045864],[128.99479298635973,37.72700991176979],[128.99385103757308,37.72866358505753],[128.9940951188596,37.7287269162589],[128.99392387942302,37.728978573820605],[128.99399633216171,37.729281280656046],[128.99375710627567,37.72938345888716],[128.99355077005757,37.729165304459386],[128.99340617184583,37.72919418248335],[128.99255132106626,37.730076101103954],[128.99253709994568,37.73024078616874],[128.99212219417674,37.73079917255754],[128.99193015029616,37.73089759538062],[128.99119439405388,37.732130930262116],[128.99120632036582,37.732204239654195],[128.9913565608121,37.73225812982382],[128.99137033228646,37.73263286807962],[128.99123545730606,37.732470767363814],[128.99125063198125,37.732343561673964],[128.99109654659944,37.732328698338684],[128.99063825836367,37.73313488911672],[128.99062899382636,37.73333618323213],[128.99039845905972,37.733543371532754],[128.99042217357666,37.73368598162054],[128.99063166426018,37.733800534794604],[128.99061824708562,37.73437492105563],[128.9905542005538,37.73426970132402],[128.99046893287985,37.73437737726723],[128.99056141256594,37.734582057570364],[128.99041432204302,37.73471038349185],[128.99029109651866,37.73464582130592],[128.99028942664384,37.734560547791645],[128.99039062968248,37.73451427834616],[128.99027959037264,37.734496032468954],[128.99039543764312,37.73437797415166],[128.99042629131486,37.734178714270065],[128.99029341923801,37.73415024219441],[128.99007414894305,37.734375054733704],[128.9901002921323,37.73472556416272],[128.98990804409146,37.73512271849906],[128.99084382812697,37.73569127191759],[128.99086631139355,37.73579459017005],[128.99069526612985,37.73586157374079],[128.98991298103346,37.73531546754326],[128.9889824693542,37.73608615316496],[128.9889510109591,37.73678797988509],[128.98983935313555,37.736810971954306],[128.99130555121246,37.73596758826171],[128.9917853760177,37.73582557869169],[128.99183102080667,37.73573644828149],[128.99205235793067,37.73574549958444],[128.99216829240632,37.73586078370067],[128.9920910089692,37.73604105296841],[128.9911490042264,37.73624708387723],[128.98972320941968,37.73703597797433],[128.98870445598976,37.73702421910954],[128.98854674375553,37.73717959912927],[128.98855470131755,37.737275647926],[128.98870256095387,37.73732962911816],[128.98862194161785,37.737414147688376],[128.98863582538806,37.73767428489515],[128.9887255072258,37.73776463735831],[128.9887078089949,37.738292870004514],[128.98892331986139,37.73835691136783],[128.9889827292683,37.73857864050276],[128.98942255907681,37.7388369794302],[128.98939389243753,37.73890172723627],[128.98927626890367,37.738832615860076],[128.98911828451284,37.73889291516821],[128.98926344447622,37.73920091091791],[128.9891291836057,37.73929324830444],[128.9893256561613,37.73939821111229],[128.9894034930046,37.739553361371954],[128.98919087525127,37.73964472075671],[128.98925035214265,37.73978459525668],[128.98907086071054,37.73979482410807],[128.98907042296372,37.7398730646968],[128.98924464046289,37.73989142353832],[128.9892702901219,37.739998632384854],[128.98925489266128,37.74012145863162],[128.98919067297098,37.7400262831287],[128.98915207782463,37.74006504252958],[128.98925310526582,37.74018812255491],[128.9892102843248,37.74030694138833],[128.98910089491926,37.74030994861232],[128.98911680063986,37.740413607100834],[128.9888628650814,37.74017174505428],[128.9888234374325,37.73999146716248],[128.9881316029216,37.73974164754977],[128.98790703362087,37.73957155514761],[128.98765258512609,37.739587553491035],[128.9873384572436,37.73972780140107],[128.98698255633073,37.73999239331853],[128.9866858918559,37.74034376389751],[128.9866773809025,37.740662023494174],[128.98706192235423,37.74102737586412],[128.98732164235946,37.74086237027347],[128.98740482332903,37.740903263851735],[128.98708846461616,37.74113032361808],[128.98753051366128,37.74151354785746],[128.98737240088806,37.74157810670114],[128.98432695266987,37.739266280243434],[128.9839006292947,37.7388301447808],[128.98376367451954,37.738540047752494],[128.98292087115254,37.73868177650861],[128.98302800383038,37.739329440952794],[128.98332028135326,37.73986670751743],[128.9837644481175,37.740330128387654],[128.98371763969865,37.74055811204326],[128.9838204262107,37.740656194605805],[128.98406370133256,37.740644103439074],[128.9845955603489,37.74092257636972],[128.98713509320692,37.742760333990546],[128.98738454285802,37.742826942795986],[128.98813815352005,37.742754376206534],[128.98824873995704,37.74283657356397],[128.9882012609062,37.74295626286202],[128.98710645982612,37.74293750666837],[128.9863564619292,37.74247151359186],[128.98557967798283,37.741811244846694],[128.98477365310538,37.74197509441799],[128.98417401949987,37.74230035119573],[128.9828734207882,37.743359365576545],[128.98131014343014,37.7443203328204],[128.97978042064753,37.745520646446685],[128.97936935798063,37.745977438025506],[128.97835324647,37.74642538131918],[128.9769537275348,37.747423598126254],[128.97649142315046,37.74778033039017],[128.97578331247522,37.74869102316931],[128.97499998764442,37.74891957283744],[128.97423017844102,37.74933316745927],[128.97341287158488,37.75000019212843],[128.97281705816974,37.750604523214335],[128.97167319594115,37.751249817699495],[128.97064240134677,37.75229697198985],[128.97000548945672,37.75281701652233],[128.9688799299532,37.75341458501419],[128.96793098074593,37.75413010781143],[128.9671915880039,37.75481781943381],[128.9666751788993,37.75511547377469],[128.96520933389166,37.75656059362494],[128.9648809221008,37.75697718033356],[128.96479506769248,37.75731953678427],[128.96485973054646,37.75749051261633],[128.96509713185517,37.75748819822773],[128.96526343525082,37.7576216679197],[128.96504143009378,37.757804012935686],[128.9643672224347,37.757314625447826],[128.96417332587188,37.75735697488882],[128.96369403543923,37.75771539607866],[128.96303550282786,37.75844601434422],[128.96297243600395,37.75855489546539],[128.96318532124903,37.758637762972675],[128.9631510991161,37.758768635262896],[128.9626065770649,37.758644694999795],[128.96248755718145,37.75869292120295],[128.96224309500235,37.758961704008975],[128.961295368762,37.75965756451652],[128.96055054685456,37.760102325271305],[128.96011196440568,37.760264671758236],[128.95928991824826,37.76103003971667],[128.95898714348627,37.76143503146319],[128.95830174201743,37.76184249473977],[128.95781759936344,37.762342941069605],[128.9568217432525,37.76303997424031],[128.9565498887965,37.76337500524941],[128.95604597805666,37.76364393246585],[128.95541859824309,37.764231558854156],[128.95490032760395,37.76499147635499],[128.95475623117702,37.76499722470187],[128.95432829228693,37.76575264553895],[128.95405070369614,37.76664431556423],[128.95402413795222,37.7670334005123],[128.95497148557772,37.76702708877123],[128.95525066827037,37.766799232578926],[128.95558621989161,37.7666609902597],[128.95555529133173,37.76677093941215],[128.9550833673458,37.76715605343463],[128.95469087508474,37.76736109612735],[128.95162801799142,37.767337384168435],[128.9516010727014,37.76753390985465],[128.95149923054822,37.76752116448368],[128.9514075041153,37.76737234223668],[128.9513811916657,37.7689730675662],[128.95219938780826,37.76912174306444],[128.9526692939154,37.76935411158698],[128.9546098123,37.76924158923902],[128.95544120286888,37.77099552439148],[128.9554294842087,37.77113744327832],[128.95524914631676,37.7712603737582],[128.95501172959953,37.77125201334649],[128.9548759548929,37.77116525020499],[128.9548239199549,37.77099047849099],[128.95492347733963,37.77094743281753],[128.95492604959114,37.770847589207094],[128.95446846078926,37.76983207906063],[128.95411224750598,37.7698303294245],[128.9541190591649,37.769717386956486],[128.95377524722002,37.76971508127988],[128.95377357569507,37.769831954657654],[128.9533624026643,37.769829884107295],[128.95160727942357,37.77117675530457],[128.9520003406874,37.77150187824251],[128.95114769315626,37.772120263506615],[128.95194432382345,37.772821732978535],[128.95255056593817,37.77283040159409],[128.9525512637502,37.77273098130429],[128.9531254507496,37.7727396600382],[128.9531240652836,37.77282873702811],[128.9544906595291,37.77284731991581],[128.95659951943637,37.77119599320101],[128.9566557380668,37.77085028366834],[128.95686008480232,37.77080888603209],[128.95709824808742,37.770882188506306],[128.95720400772842,37.77099948520489],[128.95717969322857,37.77120323988634],[128.95464130192474,37.77319043034852],[128.95122794476714,37.773097367796005],[128.9503185452863,37.77220502119669],[128.95021112246116,37.77189733568222],[128.94927814580413,37.77203641353935],[128.94806372171334,37.77289504626968],[128.94739770380156,37.77354602244382],[128.94691951396587,37.77386805640479],[128.94557165902688,37.774468729013456],[128.9451467983517,37.77476588122782],[128.9447781721257,37.77520861917441],[128.94345768176524,37.77627789795464],[128.94203616888672,37.77711501935815],[128.94175236893594,37.77743727834167],[128.93989144023791,37.77872486304686],[128.93925016880956,37.77945241026478],[128.9387116859888,37.77987832943042],[128.93669266043796,37.78118928590844],[128.93580866884741,37.78199140766154],[128.93160919545727,37.78530143855881],[128.93106010785795,37.785619019560244],[128.93038733065583,37.78632771306741],[128.92915699381567,37.78720767568679],[128.9283230254817,37.78809340819952],[128.92727536999192,37.788785439505496],[128.92647730832374,37.78944758119047],[128.92499996059783,37.790462403404455],[128.92391328513847,37.79135568864956],[128.92273993678364,37.79218557129146],[128.92115953220957,37.79375429491972],[128.9202384098513,37.79451870505642],[128.92016870474174,37.794659213383305],[128.92040150332582,37.7948678266226],[128.92029618779978,37.79491472328847],[128.92002406314276,37.794726039255565],[128.9198135592851,37.7948104689841],[128.91884351480263,37.795575887863414],[128.91829155211124,37.796127022845326],[128.91802689992343,37.79655235911605],[128.91800042311678,37.796771644201655],[128.91812538238267,37.796940965826444],[128.91826833846156,37.79683919669002],[128.91839849108234,37.796960761242474],[128.91799855400467,37.797379397016876],[128.91780926423638,37.79742916253626],[128.91755458994442,37.79733371815686],[128.9171507776328,37.7980174630731],[128.91702451446693,37.798052798859636],[128.91688045628126,37.797950657121746],[128.91661720154576,37.798075879998926],[128.91631144734413,37.7983723049957],[128.91632799964665,37.798578106888144],[128.91598749840455,37.79863588190334],[128.91528950237884,37.799099240588276],[128.91428022624967,37.800000653529956],[128.9135606648063,37.80078579695922],[128.9127902390474,37.80139430055177],[128.91248087921443,37.801918932410686],[128.91199573841345,37.80234733704277],[128.9117959519311,37.802636611980304],[128.9109175061944,37.80322163531506],[128.90997513538622,37.80417189435922],[128.90972732595003,37.80460726665639],[128.90896145587757,37.805436569579165],[128.90755598237283,37.80648022750223],[128.90480209735344,37.80811561121387],[128.90425832491383,37.808552813706015],[128.90341460788986,37.80906615597818],[128.9023995639202,37.810025275260806],[128.90078523305078,37.81115445944358],[128.90042880539838,37.81164465105149],[128.9001563394211,37.811851646320676],[128.9001573138536,37.811966207221715],[128.90009121099519,37.81201361658727],[128.8999650395406,37.811947048493046],[128.89971279845662,37.81207081150195],[128.89954172999856,37.812361477412814],[128.89974952818662,37.81252516445478],[128.8997671044447,37.812635729265835],[128.89972220723394,37.81270181177128],[128.89958090723755,37.81269935784567],[128.89963168217594,37.81277658201303],[128.89953119635624,37.812756466943654],[128.89960922520808,37.81292302013366],[128.89931704895335,37.81273324739223],[128.89850461089978,37.81323125210842],[128.89819941300394,37.81361942257172],[128.89811417582146,37.814030514623866],[128.89837588602848,37.81415786366203],[128.89837883262928,37.81424070773998],[128.8985364215854,37.81410472312847],[128.89867403904123,37.814114949347804],[128.8981745747261,37.81459219820967],[128.8978840553263,37.81473410783203],[128.89830672139044,37.81430960929147],[128.89820984933405,37.814238817912155],[128.89774395766324,37.814182628538184],[128.8972399474384,37.81426357783307],[128.89674599257762,37.81451985593398],[128.89450954154552,37.81647410051401],[128.8932365585714,37.817406830724174],[128.89292828188826,37.81782649573],[128.89201093481827,37.81860041977164],[128.89175229320912,37.81892030602269],[128.8912524007612,37.819051590045234],[128.88978479293183,37.82029714619572],[128.88815771011338,37.82202550412133],[128.88761181651483,37.822291361738586],[128.88586240552192,37.8236359311425],[128.88483754777752,37.82427314459568],[128.88393367921458,37.82500060628493],[128.88262563686823,37.8262269639363],[128.88215852176785,37.826540859927825],[128.88107942913567,37.827577951478595],[128.8801576717546,37.828249776108024],[128.87845060121631,37.83040797325847],[128.87786699151985,37.83141734757503],[128.87785208589506,37.83194348827132],[128.87886429422207,37.83222579667776],[128.87900231734486,37.83233346785383],[128.87898491495588,37.83243774444455],[128.8788847741691,37.832483283860654],[128.878622392452,37.83233059014651],[128.87727594305,37.83198615657981],[128.87690167711193,37.83236642792278],[128.8766376082799,37.833045003590556],[128.87673002926465,37.83372820386894],[128.8770717883649,37.8342063820769],[128.87689133165654,37.83431252451472],[128.8766175438479,37.83424773885176],[128.87622396019992,37.83373832201849],[128.87545675460785,37.834397102073446],[128.87562106604025,37.83446968545055],[128.87681497070648,37.834408792195006],[128.877969322192,37.83356089394202],[128.87818602716771,37.83369410599041],[128.87689166494155,37.83457387240827],[128.87691530105937,37.83476232596],[128.87644486597688,37.83479783303263],[128.87587503697014,37.834693344882304],[128.87577391318544,37.83485526621826],[128.87566159083596,37.83488629360956],[128.87592313456747,37.83746082963453],[128.87723111312678,37.83732951709655],[128.87870606977702,37.83610319743702],[128.8787728066279,37.83582023195918],[128.87869052916514,37.834899103853616],[128.87878463731,37.83457961192654],[128.8789273047786,37.83450619101318],[128.8794794307349,37.833840657069935],[128.87947910468384,37.833692758518914],[128.87966780613473,37.833466804278395],[128.8797784785382,37.83342463854645],[128.88005519367061,37.833601796397495],[128.8792262572696,37.83457918433226],[128.87909987418507,37.83508947882547],[128.8791679144624,37.836120803325734],[128.87909508169705,37.836351745452426],[128.87767177199981,37.83749151618035],[128.8775110107416,37.83789725422051],[128.8770827067161,37.838361863535205],[128.87697373554607,37.83872386131496],[128.87700876713438,37.83905996747415],[128.8771936620381,37.83934661234313],[128.87745946582103,37.8394082408575],[128.87713180227493,37.83972700976706],[128.87693209847708,37.840704919010896],[128.87635398237606,37.840960924898134],[128.8758512472213,37.84131205728521],[128.87351040257695,37.843569348042465],[128.87195994441754,37.84465382755679],[128.87123872520073,37.845380538326324],[128.86825824800047,37.847692523551],[128.86792855494022,37.8480269651133],[128.86724307081585,37.848540996689955],[128.8666822060285,37.84884628329427],[128.8652897622902,37.85000063123281],[128.86469199484185,37.850603409708604],[128.86324157033147,37.851581271409906],[128.8618066042585,37.852983125697385],[128.8612631626272,37.853438581999676],[128.86065755565622,37.853816956648764],[128.86054864978266,37.85403878692247],[128.86040202490798,37.854002637793236],[128.86043657039127,37.85413356863462],[128.86030533144955,37.85415662219632],[128.86011358933254,37.854043105336224],[128.85988818969676,37.85417566374124],[128.8577801871481,37.85622040917737],[128.85690794801613,37.856716588218895],[128.85636271169002,37.85717907969275],[128.8555796464582,37.85800783600417],[128.85480466388316,37.858595962494626],[128.8541350229914,37.85939418634009],[128.85310168150522,37.8600556146675],[128.85075800221,37.86210124837057],[128.84924970598885,37.86363828431663],[128.848976108562,37.86404439865546],[128.848801833246,37.86449541561805],[128.84875007982964,37.865002070468165],[128.8484558994756,37.86547281719615],[128.8481193606096,37.86531805635538],[128.84787542460214,37.865323099982085],[128.84781109763597,37.865153394142816],[128.8478707804533,37.8649673906677],[128.84828302193628,37.864382447916775],[128.84900764432157,37.862923821128724],[128.84987602519934,37.86217099845524],[128.85027147175109,37.86217581757218],[128.85038837963072,37.86211239951067],[128.8504338734696,37.86200867655826],[128.8503359492166,37.86184747947383],[128.8505616578688,37.861365843223844],[128.84970438245918,37.86053931110465],[128.84945513525997,37.86043363182709],[128.84717253966443,37.8624905858041],[128.84815911534554,37.863329884426086],[128.84794092228455,37.86379129432518],[128.84755320657962,37.864051137016446],[128.8471247377633,37.86462441965325],[128.84693281196698,37.8652056382999],[128.84701375960717,37.86572645036373],[128.84708144283914,37.865818007913575],[128.84796599198899,37.86611839087532],[128.8481951185193,37.86607628156576],[128.8485950819657,37.86580061925783],[128.84906643257253,37.86624414400046],[128.8494703840969,37.866278447146605],[128.84939587554007,37.86643572999696],[128.84903924750918,37.866392612648795],[128.84901448754954,37.86646871119637],[128.8487347727632,37.866482947490404],[128.84833672051525,37.867371474175286],[128.84860560253696,37.867504629567776],[128.84929253503162,37.86740181159233],[128.84986443843468,37.86654459494652],[128.85013044308533,37.865825418019384],[128.8503238682064,37.86583717787577],[128.85041947627576,37.865928601520274],[128.8501552303117,37.86662172634575],[128.84968650724056,37.86748131956808],[128.84939874158263,37.86771355804923],[128.84887858990803,37.8677813998573],[128.84859564321684,37.86807831422248],[128.8486141080741,37.86819105521488],[128.84848570041981,37.868249199382745],[128.8484206948075,37.86940240232164],[128.84800730214957,37.86972094056718],[128.84782055516075,37.86957437656735],[128.8482502928735,37.869254399936224],[128.8482580214637,37.86880339269769],[128.84810578204716,37.8687137334415],[128.8473435104164,37.868633729802156],[128.8472338916048,37.868720788611014],[128.8471938689772,37.86863190320506],[128.84707166677066,37.868615684034296],[128.84644589001797,37.86878490832448],[128.8450788407502,37.86953300427004],[128.84455459077253,37.87007473580736],[128.84442239513228,37.870463167720146],[128.8436321933338,37.87059397270802],[128.84323676303904,37.87083407268296],[128.84264961921184,37.87147299295853],[128.84225863805918,37.871721876565246],[128.84171692175812,37.87224323452448],[128.84096739739104,37.87274856838261],[128.84038902193552,37.873451636545745],[128.83890480765365,37.87460572878216],[128.83788379228767,37.87567304972754],[128.83682045106707,37.87655191392902],[128.83597362936146,37.87759072796367],[128.8353647904427,37.87813807701184],[128.83473710869896,37.87887165054441],[128.83470407255834,37.879009339264115],[128.83501513876075,37.879177530925894],[128.8350138309627,37.879274516412515],[128.83467504024367,37.879117565845696],[128.83446866837446,37.87923430915883],[128.83403136287578,37.87976066317181],[128.83433067990242,37.879919751978626],[128.83433022521248,37.879986052013756],[128.8339216781691,37.87983228645568],[128.83347081942088,37.88040580286506],[128.833455131662,37.88047921958008],[128.83368436770223,37.880565396253225],[128.83367028004326,37.88067834611807],[128.8335616436446,37.88070472537244],[128.83336594515012,37.88059029657689],[128.83313558219461,37.880850739300605],[128.83300705582906,37.88131292532646],[128.83357306931973,37.88155793862476],[128.83356122447208,37.881689027695],[128.83327491109432,37.88163884518734],[128.832724174299,37.881351921609586],[128.83242975600527,37.88152522285954],[128.83218398762602,37.881987269663675],[128.83205732507633,37.88261961971159],[128.83209834752387,37.88335306381386],[128.83353652674504,37.88415751399109],[128.8335139917056,37.88430072332486],[128.8333885251708,37.884302392560016],[128.83123439635497,37.88307789077522],[128.83051607027008,37.88371824695185],[128.83036953457358,37.88407076884563],[128.8301860261908,37.88417009374458],[128.83012208970874,37.88435583607681],[128.83169273133478,37.884754817708995],[128.83161223264796,37.88485868512434],[128.83007373152142,37.88449625164042],[128.82974055073498,37.8854217173846],[128.82996622209126,37.88565476271963],[128.83129035000667,37.8858435023533],[128.83166757456127,37.885617613923614],[128.8318025541848,37.88582222806042],[128.83150527883532,37.88597354638784],[128.8320937749649,37.88708953486015],[128.8318737566958,37.887155942964405],[128.83176431108583,37.88708765017144],[128.83181570628895,37.88697628195548],[128.83137546556443,37.88602125511184],[128.83124961157858,37.88593677806024],[128.83028084361032,37.885853028976854],[128.83035495407452,37.88788669173203],[128.82898732010986,37.88791305881129],[128.82897222004476,37.889028516121684],[128.82890165007143,37.88909772657522],[128.82947477975287,37.889093492863594],[128.82957627538295,37.89155170155828],[128.8307755548599,37.8915219206811],[128.83079451707607,37.89198107333144],[128.8294968557851,37.8927012741785],[128.8300047708646,37.89317912543308],[128.82984071182545,37.8933025249248],[128.8304249705978,37.89378884854074],[128.8316535247139,37.894407813846215],[128.83249311150757,37.89455611581362],[128.83248832637665,37.89470338037211],[128.83301275102184,37.89460868895091],[128.83326202814442,37.89351693063455],[128.83267863630053,37.8928297516034],[128.83259113579115,37.89237021734101],[128.832709485931,37.89234990244603],[128.8323970491294,37.891415592291914],[128.83244800515413,37.890635427481726],[128.83304517167306,37.8876001266333],[128.83379124158498,37.886389236482614],[128.8339219025152,37.886005109787554],[128.83442910049646,37.88585426437256],[128.8343681621686,37.8857795614278],[128.83472796597937,37.88568500117924],[128.83489493526773,37.8857161599816],[128.83499570056148,37.8859216712225],[128.83493869615174,37.88602689843804],[128.83424113029676,37.88624875221112],[128.83334129511766,37.887676500333804],[128.832902449871,37.889552657059305],[128.83263289769397,37.89124298041762],[128.83267995826026,37.89160167979076],[128.83286851250287,37.891919296851185],[128.83303088111708,37.8925879102279],[128.83364624997625,37.89322588667621],[128.83410053379717,37.894349143747036],[128.834170990995,37.89422126943089],[128.8342738402873,37.894318762851725],[128.83414871811354,37.8945123872276],[128.8341641043419,37.89475513274826],[128.8343720415383,37.895105572471714],[128.83446010582284,37.89574705745567],[128.83436621840235,37.895831355585614],[128.8344071040822,37.89592852754491],[128.83430603198659,37.89589685191498],[128.83411488628184,37.89604295132689],[128.83396655564664,37.89626993048937],[128.83405799856524,37.89638849376754],[128.8340001900079,37.89669054619537],[128.83409177103445,37.896857364147294],[128.83418863264862,37.89678539490342],[128.83418273412343,37.89694494883868],[128.83468255701607,37.897209133362075],[128.83476339869782,37.897176172769115],[128.83484429951477,37.89739703543233],[128.8347565189836,37.897782074982686],[128.83424201592743,37.89881028408425],[128.8341298498435,37.89888773339191],[128.83421125753392,37.89936066889029],[128.83432941026797,37.8994256429559],[128.834405169812,37.89961132544943],[128.8342497258419,37.899471252629176],[128.83430589973585,37.899725712222725],[128.83415328023005,37.899718397576095],[128.8340410542479,37.89987495154129],[128.83333093611034,37.90017270224606],[128.83340051110582,37.90024738152329],[128.833270380982,37.90019266320804],[128.83314003570104,37.90032894440674],[128.83308170275163,37.90027570532491],[128.833232157398,37.90048882080615],[128.8334299638702,37.900366284315076],[128.83338670661726,37.90027850740428],[128.83345183354874,37.90035394542314],[128.83359916335212,37.9002132283607],[128.83377965778817,37.90018943677953],[128.83376863676733,37.90059039571533],[128.83334322878468,37.90048496868855],[128.83327166694323,37.90060559452111],[128.83310184189304,37.90046425555548],[128.8329766645144,37.90058530287286],[128.8327456363792,37.900415184073395],[128.83252929549167,37.90054266261998],[128.83244634208964,37.900781781035654],[128.83231711750793,37.90086580347554],[128.832139397392,37.90087938096009],[128.83219258205114,37.90069110459876],[128.8321105603537,37.90067194428847],[128.831562380529,37.9009198726098],[128.83134050378294,37.90128830176729],[128.8315674616226,37.901371051313035],[128.83162017657975,37.90127501392683],[128.83172433090346,37.90130810160841],[128.8316239300021,37.90177329495856],[128.8313873074251,37.90180794918414],[128.8311393483315,37.90171419291986],[128.8308678542105,37.901925531228784],[128.83032502491196,37.90209152063811],[128.82964241427655,37.90280664094456],[128.82929037246407,37.90369102049863],[128.8308675267042,37.903732871245396],[128.8308376427029,37.903857753082804],[128.83048487172928,37.90384915510781],[128.8304524029036,37.90395067156623],[128.82965744184295,37.903923396382545],[128.82956814652297,37.90456536952936],[128.83052355924073,37.904947478075826],[128.8308908987886,37.90444565898275],[128.83180304036387,37.90373353550793],[128.8319795914892,37.90371731845359],[128.83203249633183,37.90387358215083],[128.83118407561867,37.90449643304427],[128.83113247522198,37.904800319709956],[128.83039008382067,37.90562912016983],[128.83053051218698,37.90576563382419],[128.8303419523034,37.90569316596058],[128.83012582119835,37.905877598196795],[128.83009116989146,37.90621549502571],[128.82997984523746,37.906080093936],[128.82976192008107,37.90620180746212],[128.8295714033305,37.9061331925739],[128.8289772408049,37.90640870458349],[128.82908352983085,37.90663825700941],[128.82881285675137,37.90691710794314],[128.82885480517407,37.90699454503482],[128.82877014035583,37.90711633536915],[128.82847128415722,37.90722191778292],[128.8283021743496,37.90706061947188],[128.82837026690024,37.90686209623187],[128.82830061563993,37.90678970499015],[128.82823840609925,37.90685227487317],[128.82823648569882,37.90675710261173],[128.82801350259118,37.906735280147885],[128.82766190921836,37.90653313900436],[128.82729107333887,37.906474673020846],[128.82660776635487,37.90650734231291],[128.8258973995491,37.906700427638505],[128.82499996790156,37.90708955028123],[128.82399147953313,37.907676927722115],[128.82311734452023,37.90841471518234],[128.82199054174194,37.90910792402624],[128.8207393281704,37.91016570566735],[128.82013450887197,37.91080352562887],[128.81683071445704,37.91313656556191],[128.81519517398976,37.91378743922803],[128.81426124519166,37.914304692132],[128.81340967572547,37.914846255998974],[128.81221776298952,37.91578352023547]]]]}}
