regionCode,sortKey
11,00
11110,00.0001
1111010100,00.0001.0001.1111010100
1111010200,00.0001.0002.1111010200
1111010300,00.0001.0003.1111010300
1111010400,00.0001.0004.1111010400
1111010500,00.0001.0005.1111010500
1111010600,00.0001.0006.1111010600
1111010700,00.0001.0007.1111010700
1111010800,00.0001.0008.1111010800
1111010900,00.0001.0009.1111010900
1111011000,00.0001.0010.1111011000
1111011100,00.0001.0011.1111011100
1111011200,00.0001.0012.1111011200
1111011300,00.0001.0013.1111011300
1111011400,00.0001.0014.1111011400
1111011500,00.0001.0015.1111011500
1111011600,00.0001.0016.1111011600
1111011700,00.0001.0017.1111011700
1111011800,00.0001.0018.1111011800
1111011900,00.0001.0019.1111011900
1111012000,00.0001.0020.1111012000
1111012100,00.0001.0021.1111012100
1111012200,00.0001.0022.1111012200
1111012300,00.0001.0023.1111012300
1111012400,00.0001.0024.1111012400
1111012500,00.0001.0025.1111012500
1111012600,00.0001.0026.1111012600
1111012700,00.0001.0027.1111012700
1111012800,00.0001.0028.1111012800
1111012900,00.0001.0029.1111012900
1111013000,00.0001.0030.1111013000
1111013100,00.0001.0031.1111013100
1111013200,00.0001.0032.1111013200
1111013300,00.0001.0033.1111013300
1111013400,00.0001.0034.1111013400
1111013500,00.0001.0035.1111013500
1111013600,00.0001.0036.1111013600
1111013700,00.0001.0037.1111013700
1111013800,00.0001.0038.1111013800
1111013900,00.0001.0039.1111013900
1111014000,00.0001.0040.1111014000
1111014100,00.0001.0041.1111014100
1111014200,00.0001.0042.1111014200
1111014300,00.0001.0043.1111014300
1111014400,00.0001.0044.1111014400
1111014500,00.0001.0045.1111014500
1111014600,00.0001.0046.1111014600
1111014700,00.0001.0047.1111014700
1111014800,00.0001.0048.1111014800
1111014900,00.0001.0049.1111014900
1111015000,00.0001.0050.1111015000
1111015100,00.0001.0051.1111015100
1111015200,00.0001.0052.1111015200
1111015300,00.0001.0053.1111015300
1111015400,00.0001.0054.1111015400
1111015500,00.0001.0055.1111015500
1111015600,00.0001.0056.1111015600
1111015700,00.0001.0057.1111015700
1111015800,00.0001.0058.1111015800
1111015900,00.0001.0059.1111015900
1111016000,00.0001.0060.1111016000
1111016100,00.0001.0061.1111016100
1111016200,00.0001.0062.1111016200
1111016300,00.0001.0063.1111016300
1111016400,00.0001.0064.1111016400
1111016500,00.0001.0065.1111016500
1111016600,00.0001.0066.1111016600
1111016700,00.0001.0067.1111016700
1111016800,00.0001.0068.1111016800
1111016900,00.0001.0069.1111016900
1111017000,00.0001.0070.1111017000
1111017100,00.0001.0071.1111017100
1111017200,00.0001.0072.1111017200
1111017300,00.0001.0073.1111017300
1111017400,00.0001.0074.1111017400
1111017500,00.0001.0075.1111017500
1111017600,00.0001.0076.1111017600
1111017700,00.0001.0077.1111017700
1111017800,00.0001.0078.1111017800
1111017900,00.0001.0079.1111017900
1111018000,00.0001.0080.1111018000
1111018100,00.0001.0081.1111018100
1111018200,00.0001.0082.1111018200
1111018300,00.0001.0083.1111018300
1111018400,00.0001.0084.1111018400
1111018500,00.0001.0085.1111018500
1111018600,00.0001.0086.1111018600
1111018700,00.0001.0087.1111018700
11140,00.0002
1114010100,00.0002.0001.1114010100
1114010200,00.0002.0002.1114010200
1114010300,00.0002.0003.1114010300
1114010400,00.0002.0004.1114010400
1114010500,00.0002.0005.1114010500
1114010600,00.0002.0006.1114010600
1114010700,00.0002.0007.1114010700
1114010800,00.0002.0008.1114010800
1114010900,00.0002.0009.1114010900
1114011000,00.0002.0010.1114011000
1114011100,00.0002.0011.1114011100
1114011200,00.0002.0012.1114011200
1114011300,00.0002.0013.1114011300
1114011400,00.0002.0014.1114011400
1114011500,00.0002.0015.1114011500
1114011600,00.0002.0016.1114011600
1114011700,00.0002.0017.1114011700
1114011800,00.0002.0018.1114011800
1114011900,00.0002.0019.1114011900
1114012000,00.0002.0020.1114012000
1114012100,00.0002.0021.1114012100
1114012200,00.0002.0022.1114012200
1114012300,00.0002.0023.1114012300
1114012400,00.0002.0024.1114012400
1114012500,00.0002.0025.1114012500
1114012600,00.0002.0026.1114012600
1114012700,00.0002.0027.1114012700
1114012800,00.0002.0028.1114012800
1114012900,00.0002.0029.1114012900
1114013000,00.0002.0030.1114013000
1114013100,00.0002.0031.1114013100
1114013200,00.0002.0032.1114013200
1114013300,00.0002.0033.1114013300
1114013400,00.0002.0034.1114013400
1114013500,00.0002.0035.1114013500
1114013600,00.0002.0036.1114013600
1114013700,00.0002.0037.1114013700
1114013800,00.0002.0038.1114013800
1114013900,00.0002.0039.1114013900
1114014000,00.0002.0040.1114014000
1114014100,00.0002.0041.1114014100
1114014200,00.0002.0042.1114014200
1114014300,00.0002.0043.1114014300
1114014400,00.0002.0044.1114014400
1114014500,00.0002.0045.1114014500
1114014600,00.0002.0046.1114014600
1114014700,00.0002.0047.1114014700
1114014800,00.0002.0048.1114014800
1114014900,00.0002.0049.1114014900
1114015000,00.0002.0050.1114015000
1114015100,00.0002.0051.1114015100
1114015200,00.0002.0052.1114015200
1114015300,00.0002.0053.1114015300
1114015400,00.0002.0054.1114015400
1114015500,00.0002.0055.1114015500
1114015600,00.0002.0056.1114015600
1114015700,00.0002.0057.1114015700
1114015800,00.0002.0058.1114015800
1114015900,00.0002.0059.1114015900
1114016000,00.0002.0060.1114016000
1114016100,00.0002.0061.1114016100
1114016200,00.0002.0062.1114016200
1114016300,00.0002.0063.1114016300
1114016400,00.0002.0064.1114016400
1114016500,00.0002.0065.1114016500
1114016600,00.0002.0066.1114016600
1114016700,00.0002.0067.1114016700
1114016800,00.0002.0068.1114016800
1114016900,00.0002.0069.1114016900
1114017000,00.0002.0070.1114017000
1114017100,00.0002.0071.1114017100
1114017200,00.0002.0072.1114017200
1114017300,00.0002.0073.1114017300
1114017400,00.0002.0074.1114017400
11170,00.0003
1117010100,00.0003.0001.1117010100
1117010200,00.0003.0002.1117010200
1117010300,00.0003.0003.1117010300
1117010400,00.0003.0004.1117010400
1117010500,00.0003.0005.1117010500
1117010600,00.0003.0006.1117010600
1117010700,00.0003.0007.1117010700
1117010800,00.0003.0008.1117010800
1117010900,00.0003.0009.1117010900
1117011000,00.0003.0010.1117011000
1117011100,00.0003.0011.1117011100
1117011200,00.0003.0012.1117011200
1117011300,00.0003.0013.1117011300
1117011400,00.0003.0014.1117011400
1117011500,00.0003.0015.1117011500
1117011600,00.0003.0016.1117011600
1117011700,00.0003.0017.1117011700
1117011800,00.0003.0018.1117011800
1117011900,00.0003.0019.1117011900
1117012000,00.0003.0020.1117012000
1117012100,00.0003.0021.1117012100
1117012200,00.0003.0022.1117012200
1117012300,00.0003.0023.1117012300
1117012400,00.0003.0024.1117012400
1117012500,00.0003.0025.1117012500
1117012600,00.0003.0026.1117012600
1117012700,00.0003.0027.1117012700
1117012800,00.0003.0028.1117012800
1117012900,00.0003.0029.1117012900
1117013000,00.0003.0030.1117013000
1117013100,00.0003.0031.1117013100
1117013200,00.0003.0032.1117013200
1117013300,00.0003.0033.1117013300
1117013400,00.0003.0034.1117013400
1117013500,00.0003.0035.1117013500
1117013600,00.0003.0036.1117013600
11200,00.0004
1120010100,00.0004.0001.1120010100
1120010200,00.0004.0002.1120010200
1120010300,00.0004.0003.1120010300
1120010400,00.0004.0004.1120010400
1120010500,00.0004.0005.1120010500
1120010600,00.0004.0006.1120010600
1120010700,00.0004.0007.1120010700
1120010800,00.0004.0008.1120010800
1120010900,00.0004.0009.1120010900
1120011000,00.0004.0010.1120011000
1120011100,00.0004.0011.1120011100
1120011200,00.0004.0012.1120011200
1120011300,00.0004.0013.1120011300
1120011400,00.0004.0014.1120011400
1120011500,00.0004.0015.1120011500
1120011800,00.0004.0016.1120011800
1120012200,00.0004.0017.1120012200
11215,00.0005
1121510100,00.0005.0001.1121510100
1121510200,00.0005.0002.1121510200
1121510300,00.0005.0003.1121510300
1121510400,00.0005.0004.1121510400
1121510500,00.0005.0005.1121510500
1121510700,00.0005.0007.1121510700
1121510900,00.0005.0009.1121510900
11230,00.0006
1123010100,00.0006.0001.1123010100
1123010200,00.0006.0002.1123010200
1123010300,00.0006.0003.1123010300
1123010400,00.0006.0004.1123010400
1123010500,00.0006.0005.1123010500
1123010600,00.0006.0006.1123010600
1123010700,00.0006.0007.1123010700
1123010800,00.0006.0008.1123010800
1123010900,00.0006.0009.1123010900
1123011000,00.0006.0010.1123011000
11260,00.0007
1126010100,00.0007.0001.1126010100
1126010200,00.0007.0002.1126010200
1126010300,00.0007.0003.1126010300
1126010400,00.0007.0004.1126010400
1126010500,00.0007.0005.1126010500
1126010600,00.0007.0006.1126010600
11290,00.0008
1129010100,00.0008.0001.1129010100
1129010200,00.0008.0002.1129010200
1129010300,00.0008.0003.1129010300
1129010400,00.0008.0004.1129010400
1129010500,00.0008.0005.1129010500
1129010600,00.0008.0006.1129010600
1129010700,00.0008.0007.1129010700
1129010800,00.0008.0008.1129010800
1129010900,00.0008.0009.1129010900
1129011000,00.0008.0010.1129011000
1129011100,00.0008.0011.1129011100
1129011200,00.0008.0012.1129011200
1129011300,00.0008.0013.1129011300
1129011400,00.0008.0014.1129011400
1129011500,00.0008.0015.1129011500
1129011600,00.0008.0016.1129011600
1129011700,00.0008.0017.1129011700
1129011800,00.0008.0018.1129011800
1129011900,00.0008.0019.1129011900
1129012000,00.0008.0020.1129012000
1129012100,00.0008.0021.1129012100
1129012200,00.0008.0022.1129012200
1129012300,00.0008.0023.1129012300
1129012400,00.0008.0024.1129012400
1129012500,00.0008.0025.1129012500
1129012600,00.0008.0026.1129012600
1129012700,00.0008.0027.1129012700
1129012800,00.0008.0028.1129012800
1129012900,00.0008.0029.1129012900
1129013000,00.0008.0030.1129013000
1129013100,00.0008.0031.1129013100
1129013200,00.0008.0032.1129013200
1129013300,00.0008.0033.1129013300
1129013400,00.0008.0034.1129013400
1129013500,00.0008.0035.1129013500
1129013600,00.0008.0036.1129013600
1129013700,00.0008.0037.1129013700
1129013800,00.0008.0038.1129013800
1129013900,00.0008.0039.1129013900
11305,00.0009
1130510100,00.0009.0001.1130510100
1130510200,00.0009.0002.1130510200
1130510300,00.0009.0003.1130510300
1130510400,00.0009.0004.1130510400
11320,00.0010
1132010500,00.0010.0001.1132010500
1132010600,00.0010.0002.1132010600
1132010700,00.0010.0003.1132010700
1132010800,00.0010.0004.1132010800
11350,00.0011
1135010200,00.0011.0001.1135010200
1135010300,00.0011.0002.1135010300
1135010400,00.0011.0003.1135010400
1135010500,00.0011.0004.1135010500
1135010600,00.0011.0005.1135010600
11380,00.0012
1138010100,00.0012.0001.1138010100
1138011400,00.0012.0001.1138011400
1138010200,00.0012.0002.1138010200
1138010300,00.0012.0003.1138010300
1138010400,00.0012.0004.1138010400
1138010500,00.0012.0005.1138010500
1138010600,00.0012.0006.1138010600
1138010700,00.0012.0007.1138010700
1138010800,00.0012.0008.1138010800
1138010900,00.0012.0009.1138010900
1138011000,00.0012.0010.1138011000
11410,00.0013
1141010100,00.0013.0001.1141010100
1141010200,00.0013.0002.1141010200
1141010300,00.0013.0003.1141010300
1141010400,00.0013.0004.1141010400
1141010500,00.0013.0005.1141010500
1141010600,00.0013.0006.1141010600
1141010700,00.0013.0007.1141010700
1141010800,00.0013.0008.1141010800
1141010900,00.0013.0009.1141010900
1141011000,00.0013.0010.1141011000
1141011100,00.0013.0011.1141011100
1141011200,00.0013.0012.1141011200
1141011300,00.0013.0013.1141011300
1141011400,00.0013.0014.1141011400
1141011500,00.0013.0015.1141011500
1141011600,00.0013.0016.1141011600
1141011700,00.0013.0017.1141011700
1141011800,00.0013.0018.1141011800
1141011900,00.0013.0019.1141011900
1141012000,00.0013.0020.1141012000
11440,00.0014
1144010100,00.0014.0001.1144010100
1144010200,00.0014.0002.1144010200
1144010300,00.0014.0003.1144010300
1144010400,00.0014.0004.1144010400
1144010500,00.0014.0005.1144010500
1144010600,00.0014.0006.1144010600
1144010700,00.0014.0007.1144010700
1144010800,00.0014.0008.1144010800
1144010900,00.0014.0009.1144010900
1144011000,00.0014.0010.1144011000
1144011100,00.0014.0011.1144011100
1144011200,00.0014.0012.1144011200
1144011300,00.0014.0013.1144011300
1144011400,00.0014.0014.1144011400
1144011500,00.0014.0015.1144011500
1144011600,00.0014.0016.1144011600
1144011700,00.0014.0017.1144011700
1144011800,00.0014.0018.1144011800
1144012000,00.0014.0019.1144012000
1144012100,00.0014.0020.1144012100
1144012200,00.0014.0021.1144012200
1144012300,00.0014.0022.1144012300
1144012400,00.0014.0023.1144012400
1144012500,00.0014.0024.1144012500
1144012600,00.0014.0025.1144012600
1144012700,00.0014.0026.1144012700
11470,00.0015
1147010100,00.0015.0001.1147010100
1147010200,00.0015.0002.1147010200
1147010300,00.0015.0003.1147010300
11500,00.0016
1150010100,00.0016.0001.1150010100
1150010200,00.0016.0002.1150010200
1150010300,00.0016.0003.1150010300
1150010400,00.0016.0004.1150010400
1150010500,00.0016.0005.1150010500
1150010600,00.0016.0006.1150010600
1150010700,00.0016.0007.1150010700
1150010800,00.0016.0008.1150010800
1150010900,00.0016.0009.1150010900
1150011000,00.0016.0010.1150011000
1150011100,00.0016.0011.1150011100
1150011200,00.0016.0012.1150011200
1150011300,00.0016.0013.1150011300
11530,00.0017
1153010100,00.0017.0001.1153010100
1153010200,00.0017.0002.1153010200
1153010300,00.0017.0003.1153010300
1153010600,00.0017.0004.1153010600
1153010700,00.0017.0005.1153010700
1153010800,00.0017.0006.1153010800
1153010900,00.0017.0007.1153010900
1153011000,00.0017.0008.1153011000
1153011100,00.0017.0009.1153011100
1153011200,00.0017.0010.1153011200
11545,00.0018
1154510100,00.0018.0001.1154510100
1154510200,00.0018.0002.1154510200
1154510300,00.0018.0003.1154510300
11560,00.0019
1156010100,00.0019.0001.1156010100
1156010200,00.0019.0002.1156010200
1156010300,00.0019.0003.1156010300
1156010400,00.0019.0004.1156010400
1156010500,00.0019.0005.1156010500
1156010600,00.0019.0006.1156010600
1156010700,00.0019.0007.1156010700
1156010800,00.0019.0008.1156010800
1156010900,00.0019.0009.1156010900
1156011000,00.0019.0010.1156011000
1156011100,00.0019.0011.1156011100
1156011200,00.0019.0012.1156011200
1156011300,00.0019.0013.1156011300
1156011400,00.0019.0014.1156011400
1156011500,00.0019.0015.1156011500
1156011600,00.0019.0016.1156011600
1156011700,00.0019.0017.1156011700
1156011800,00.0019.0018.1156011800
1156011900,00.0019.0019.1156011900
1156012000,00.0019.0020.1156012000
1156012100,00.0019.0021.1156012100
1156012200,00.0019.0022.1156012200
1156012300,00.0019.0023.1156012300
1156012400,00.0019.0024.1156012400
1156012500,00.0019.0025.1156012500
1156012600,00.0019.0026.1156012600
1156012700,00.0019.0027.1156012700
1156012800,00.0019.0028.1156012800
1156012900,00.0019.0029.1156012900
1156013000,00.0019.0030.1156013000
1156013100,00.0019.0031.1156013100
1156013200,00.0019.0032.1156013200
1156013300,00.0019.0033.1156013300
1156013400,00.0019.0034.1156013400
11590,00.0020
1159010100,00.0020.0001.1159010100
1159010200,00.0020.0002.1159010200
1159010300,00.0020.0003.1159010300
1159010400,00.0020.0004.1159010400
1159010500,00.0020.0005.1159010500
1159010600,00.0020.0006.1159010600
1159010700,00.0020.0007.1159010700
1159010800,00.0020.0008.1159010800
1159010900,00.0020.0009.1159010900
11620,00.0021
1162010100,00.0021.0001.1162010100
1162010200,00.0021.0002.1162010200
1162010300,00.0021.0003.1162010300
11650,00.0022
1165010100,00.0022.0001.1165010100
1165010200,00.0022.0002.1165010200
1165010300,00.0022.0003.1165010300
1165010400,00.0022.0004.1165010400
1165010600,00.0022.0005.1165010600
1165010700,00.0022.0006.1165010700
1165010800,00.0022.0007.1165010800
1165010900,00.0022.0008.1165010900
1165011000,00.0022.0009.1165011000
1165011100,00.0022.0010.1165011100
11680,00.0023
1168010100,00.0023.0001.1168010100
1168010300,00.0023.0003.1168010300
1168010400,00.0023.0004.1168010400
1168010500,00.0023.0005.1168010500
1168010600,00.0023.0006.1168010600
1168010700,00.0023.0007.1168010700
1168010800,00.0023.0008.1168010800
1168011000,00.0023.0009.1168011000
1168011100,00.0023.0010.1168011100
1168011200,00.0023.0011.1168011200
1168011300,00.0023.0012.1168011300
1168011400,00.0023.0013.1168011400
1168011500,00.0023.0014.1168011500
1168011800,00.0023.0015.1168011800
11710,00.0024
1171010100,00.0024.0001.1171010100
1171010200,00.0024.0002.1171010200
1171010300,00.0024.0003.1171010300
1171010400,00.0024.0004.1171010400
1171010500,00.0024.0005.1171010500
1171010600,00.0024.0006.1171010600
1171010700,00.0024.0007.1171010700
1171010800,00.0024.0008.1171010800
1171010900,00.0024.0009.1171010900
1171011100,00.0024.0010.1171011100
1171011200,00.0024.0011.1171011200
1171011300,00.0024.0012.1171011300
1171011400,00.0024.0013.1171011400
11740,00.0025
1174011000,00.0025.0001.1174011000
1174010100,00.0025.0002.1174010100
1174010200,00.0025.0003.1174010200
1174010300,00.0025.0004.1174010300
1174010500,00.0025.0006.1174010500
1174010600,00.0025.0007.1174010600
1174010700,00.0025.0008.1174010700
1174010800,00.0025.0009.1174010800
1174010900,00.0025.0010.1174010900
12,01
12110,01.0001
1211010100,01.0001.0001.1211010100
1211010200,01.0001.0002.1211010200
1211010300,01.0001.0003.1211010300
1211010400,01.0001.0004.1211010400
1211010500,01.0001.0005.1211010500
1211010600,01.0001.0006.1211010600
1211010700,01.0001.0007.1211010700
1211010800,01.0001.0008.1211010800
1211010900,01.0001.0009.1211010900
1211011000,01.0001.0010.1211011000
1211011100,01.0001.0011.1211011100
1211011200,01.0001.0012.1211011200
1211011300,01.0001.0013.1211011300
1211011400,01.0001.0014.1211011400
1211011500,01.0001.0015.1211011500
1211011600,01.0001.0016.1211011600
1211011700,01.0001.0017.1211011700
1211011800,01.0001.0018.1211011800
1211011900,01.0001.0019.1211011900
1211012000,01.0001.0020.1211012000
1211012100,01.0001.0021.1211012100
1211012200,01.0001.0022.1211012200
1211012300,01.0001.0023.1211012300
1211012400,01.0001.0024.1211012400
1211012500,01.0001.0025.1211012500
1211012600,01.0001.0026.1211012600
1211012700,01.0001.0027.1211012700
1211012800,01.0001.0028.1211012800
1211012900,01.0001.0029.1211012900
1211013000,01.0001.0030.1211013000
1211013100,01.0001.0031.1211013100
1211013200,01.0001.0032.1211013200
1211013300,01.0001.0033.1211013300
1211013400,01.0001.0034.1211013400
1211013500,01.0001.0035.1211013500
1211013600,01.0001.0036.1211013600
1211013700,01.0001.0037.1211013700
1211013800,01.0001.0038.1211013800
1211013900,01.0001.0039.1211013900
1211014000,01.0001.0040.1211014000
1211014100,01.0001.0041.1211014100
1211014200,01.0001.0042.1211014200
1211014300,01.0001.0043.1211014300
1211014400,01.0001.0044.1211014400
1211014500,01.0001.0045.1211014500
1211014600,01.0001.0046.1211014600
1211014700,01.0001.0047.1211014700
1211014800,01.0001.0048.1211014800
1211014900,01.0001.0049.1211014900
1211015000,01.0001.0050.1211015000
1211015100,01.0001.0051.1211015100
1211015200,01.0001.0052.1211015200
1211015300,01.0001.0053.1211015300
1211015400,01.0001.0054.1211015400
1211015500,01.0001.0055.1211015500
1211015600,01.0001.0056.1211015600
1211015700,01.0001.0057.1211015700
1211015800,01.0001.0058.1211015800
1211015900,01.0001.0059.1211015900
1211016000,01.0001.0060.1211016000
1211016100,01.0001.0061.1211016100
1211016200,01.0001.0062.1211016200
1211016300,01.0001.0063.1211016300
1211016400,01.0001.0064.1211016400
12130,01.0002
1213010100,01.0002.0001.1213010100
1213010200,01.0002.0002.1213010200
1213010300,01.0002.0003.1213010300
1213010400,01.0002.0004.1213010400
1213010500,01.0002.0005.1213010500
1213010600,01.0002.0006.1213010600
1213010700,01.0002.0007.1213010700
1213010800,01.0002.0008.1213010800
1213010900,01.0002.0009.1213010900
1213011000,01.0002.0010.1213011000
1213011100,01.0002.0011.1213011100
1213011200,01.0002.0012.1213011200
1213011300,01.0002.0013.1213011300
1213011400,01.0002.0014.1213011400
1213011500,01.0002.0015.1213011500
1213011600,01.0002.0016.1213011600
1213011700,01.0002.0017.1213011700
1213011800,01.0002.0018.1213011800
1213011900,01.0002.0019.1213011900
1213012000,01.0002.0020.1213012000
1213012100,01.0002.0021.1213012100
1213012200,01.0002.0022.1213012200
1213012300,01.0002.0023.1213012300
1213012400,01.0002.0024.1213012400
1213012500,01.0002.0025.1213012500
1213012600,01.0002.0026.1213012600
1213012700,01.0002.0027.1213012700
1213012800,01.0002.0028.1213012800
1213012900,01.0002.0029.1213012900
1213013000,01.0002.0030.1213013000
1213013100,01.0002.0031.1213013100
1213013200,01.0002.0032.1213013200
1213013300,01.0002.0033.1213013300
1213013400,01.0002.0034.1213013400
1213013500,01.0002.0035.1213013500
1213013600,01.0002.0036.1213013600
1213013700,01.0002.0037.1213013700
1213013800,01.0002.0038.1213013800
1213013900,01.0002.0039.1213013900
1213014000,01.0002.0040.1213014000
1213014100,01.0002.0041.1213014100
1213014200,01.0002.0042.1213014200
1213014300,01.0002.0043.1213014300
1213014400,01.0002.0044.1213014400
1213014500,01.0002.0045.1213014500
1213014600,01.0002.0046.1213014600
1213014700,01.0002.0047.1213014700
1213014800,01.0002.0048.1213014800
1213014900,01.0002.0049.1213014900
1213015000,01.0002.0050.1213015000
1213015100,01.0002.0051.1213015100
1213025000,01.0002.0052.1213025000
1213031000,01.0002.0053.1213031000
1213032000,01.0002.0054.1213032000
1213033000,01.0002.0055.1213033000
1213034000,01.0002.0056.1213034000
1213035000,01.0002.0057.1213035000
1213036000,01.0002.0058.1213036000
12150,01.0003
1215010100,01.0003.0001.1215010100
1215010200,01.0003.0002.1215010200
1215010300,01.0003.0003.1215010300
1215010400,01.0003.0004.1215010400
1215010500,01.0003.0005.1215010500
1215010600,01.0003.0006.1215010600
1215010700,01.0003.0007.1215010700
1215010800,01.0003.0008.1215010800
1215010900,01.0003.0009.1215010900
1215011000,01.0003.0010.1215011000
1215011100,01.0003.0011.1215011100
1215011200,01.0003.0012.1215011200
1215011300,01.0003.0013.1215011300
1215011400,01.0003.0014.1215011400
1215011500,01.0003.0015.1215011500
1215011600,01.0003.0016.1215011600
1215011700,01.0003.0017.1215011700
1215011800,01.0003.0018.1215011800
1215011900,01.0003.0019.1215011900
1215012000,01.0003.0020.1215012000
1215012100,01.0003.0021.1215012100
1215012200,01.0003.0022.1215012200
1215012300,01.0003.0023.1215012300
1215012400,01.0003.0024.1215012400
1215012500,01.0003.0025.1215012500
1215012600,01.0003.0026.1215012600
1215012700,01.0003.0027.1215012700
1215012800,01.0003.0028.1215012800
1215012900,01.0003.0029.1215012900
1215013000,01.0003.0030.1215013000
1215013100,01.0003.0031.1215013100
1215013200,01.0003.0032.1215013200
1215013300,01.0003.0033.1215013300
1215025000,01.0003.0034.1215025000
1215031000,01.0003.0035.1215031000
1215032000,01.0003.0036.1215032000
1215033000,01.0003.0037.1215033000
1215034000,01.0003.0038.1215034000
1215035000,01.0003.0039.1215035000
1215036000,01.0003.0040.1215036000
1215037000,01.0003.0041.1215037000
1215038000,01.0003.0042.1215038000
1215039000,01.0003.0043.1215039000
1215040000,01.0003.0044.1215040000
12170,01.0004
1217010100,01.0004.0001.1217010100
1217010200,01.0004.0002.1217010200
1217010300,01.0004.0003.1217010300
1217010400,01.0004.0004.1217010400
1217010500,01.0004.0005.1217010500
1217010600,01.0004.0006.1217010600
1217010700,01.0004.0007.1217010700
1217010800,01.0004.0008.1217010800
1217010900,01.0004.0009.1217010900
1217011000,01.0004.0010.1217011000
1217011100,01.0004.0011.1217011100
1217011200,01.0004.0012.1217011200
1217011300,01.0004.0013.1217011300
1217011400,01.0004.0014.1217011400
1217011500,01.0004.0015.1217011500
1217011600,01.0004.0016.1217011600
1217011700,01.0004.0017.1217011700
1217011800,01.0004.0018.1217011800
1217011900,01.0004.0019.1217011900
1217012000,01.0004.0020.1217012000
1217012100,01.0004.0021.1217012100
1217012200,01.0004.0022.1217012200
1217012300,01.0004.0023.1217012300
1217012400,01.0004.0024.1217012400
1217012500,01.0004.0025.1217012500
1217012600,01.0004.0026.1217012600
1217012700,01.0004.0027.1217012700
1217012800,01.0004.0028.1217012800
1217012900,01.0004.0029.1217012900
1217013000,01.0004.0030.1217013000
1217013100,01.0004.0031.1217013100
1217013200,01.0004.0032.1217013200
1217013300,01.0004.0033.1217013300
1217013400,01.0004.0034.1217013400
1217025000,01.0004.0035.1217025000
1217031000,01.0004.0036.1217031000
1217032000,01.0004.0037.1217032000
1217033000,01.0004.0038.1217033000
1217034000,01.0004.0039.1217034000
1217035000,01.0004.0040.1217035000
1217036000,01.0004.0041.1217036000
1217037000,01.0004.0042.1217037000
1217038000,01.0004.0043.1217038000
1217039000,01.0004.0044.1217039000
1217040000,01.0004.0045.1217040000
1217042000,01.0004.0046.1217042000
1217043000,01.0004.0047.1217043000
12190,01.0005
1219010100,01.0005.0001.1219010100
1219010200,01.0005.0002.1219010200
1219010300,01.0005.0003.1219010300
1219010400,01.0005.0004.1219010400
1219010500,01.0005.0005.1219010500
1219010600,01.0005.0006.1219010600
1219010700,01.0005.0007.1219010700
1219010800,01.0005.0008.1219010800
1219010900,01.0005.0009.1219010900
1219011000,01.0005.0010.1219011000
1219025000,01.0005.0011.1219025000
1219031000,01.0005.0012.1219031000
1219032000,01.0005.0013.1219032000
1219033000,01.0005.0014.1219033000
1219034000,01.0005.0015.1219034000
1219035000,01.0005.0016.1219035000
1219036000,01.0005.0017.1219036000
12210,01.0006
1221010100,01.0006.0001.1221010100
1221010200,01.0006.0002.1221010200
1221010300,01.0006.0003.1221010300
1221010400,01.0006.0004.1221010400
1221010500,01.0006.0005.1221010500
1221010600,01.0006.0006.1221010600
1221010700,01.0006.0007.1221010700
1221010800,01.0006.0008.1221010800
1221010900,01.0006.0009.1221010900
1221011000,01.0006.0010.1221011000
1221011100,01.0006.0011.1221011100
1221011200,01.0006.0012.1221011200
1221011300,01.0006.0013.1221011300
1221011400,01.0006.0014.1221011400
1221011500,01.0006.0015.1221011500
1221011600,01.0006.0016.1221011600
1221011700,01.0006.0017.1221011700
1221011800,01.0006.0018.1221011800
1221011900,01.0006.0019.1221011900
1221012000,01.0006.0020.1221012000
1221012100,01.0006.0021.1221012100
1221012200,01.0006.0022.1221012200
1221012300,01.0006.0023.1221012300
1221012400,01.0006.0024.1221012400
1221012500,01.0006.0025.1221012500
1221012600,01.0006.0026.1221012600
1221012700,01.0006.0027.1221012700
1221012800,01.0006.0028.1221012800
1221012900,01.0006.0029.1221012900
1221013000,01.0006.0030.1221013000
1221013100,01.0006.0031.1221013100
1221013200,01.0006.0032.1221013200
1221013300,01.0006.0033.1221013300
1221013400,01.0006.0034.1221013400
12240,01.0007
1224010400,01.0007.0001.1224010400
1224010600,01.0007.0002.1224010600
1224011500,01.0007.0003.1224011500
1224011600,01.0007.0004.1224011600
1224011700,01.0007.0005.1224011700
1224011800,01.0007.0006.1224011800
1224011900,01.0007.0007.1224011900
1224012000,01.0007.0008.1224012000
1224012100,01.0007.0009.1224012100
1224012500,01.0007.0010.1224012500
1224012600,01.0007.0011.1224012600
1224012700,01.0007.0012.1224012700
1224012800,01.0007.0013.1224012800
1224012900,01.0007.0014.1224012900
1224013000,01.0007.0015.1224013000
1224013100,01.0007.0016.1224013100
1224013200,01.0007.0017.1224013200
1224013300,01.0007.0018.1224013300
12270,01.0008
1227010100,01.0008.0001.1227010100
1227010200,01.0008.0002.1227010200
1227010300,01.0008.0003.1227010300
1227010400,01.0008.0004.1227010400
1227010500,01.0008.0005.1227010500
1227010600,01.0008.0006.1227010600
1227010700,01.0008.0007.1227010700
1227010800,01.0008.0008.1227010800
1227010900,01.0008.0009.1227010900
1227011000,01.0008.0010.1227011000
1227011100,01.0008.0011.1227011100
1227011200,01.0008.0012.1227011200
1227011300,01.0008.0013.1227011300
1227011400,01.0008.0014.1227011400
1227011500,01.0008.0015.1227011500
1227011600,01.0008.0016.1227011600
1227011700,01.0008.0017.1227011700
1227011800,01.0008.0018.1227011800
1227011900,01.0008.0019.1227011900
1227012000,01.0008.0020.1227012000
1227012100,01.0008.0021.1227012100
1227012200,01.0008.0022.1227012200
1227012300,01.0008.0023.1227012300
1227012400,01.0008.0024.1227012400
1227012500,01.0008.0025.1227012500
1227012600,01.0008.0026.1227012600
1227012700,01.0008.0027.1227012700
1227012800,01.0008.0028.1227012800
1227012900,01.0008.0029.1227012900
1227013000,01.0008.0030.1227013000
12300,01.0009
1230010100,01.0009.0001.1230010100
1230010200,01.0009.0002.1230010200
1230010300,01.0009.0003.1230010300
1230010400,01.0009.0004.1230010400
1230010500,01.0009.0005.1230010500
1230010600,01.0009.0006.1230010600
1230010700,01.0009.0007.1230010700
1230010800,01.0009.0008.1230010800
1230010900,01.0009.0009.1230010900
1230011000,01.0009.0010.1230011000
1230011100,01.0009.0011.1230011100
1230011200,01.0009.0012.1230011200
1230011300,01.0009.0013.1230011300
1230011400,01.0009.0014.1230011400
1230011500,01.0009.0015.1230011500
1230011600,01.0009.0016.1230011600
1230011700,01.0009.0017.1230011700
1230011800,01.0009.0018.1230011800
1230011900,01.0009.0019.1230011900
1230012000,01.0009.0020.1230012000
1230012100,01.0009.0021.1230012100
1230012200,01.0009.0022.1230012200
1230012300,01.0009.0023.1230012300
1230012400,01.0009.0024.1230012400
1230012500,01.0009.0025.1230012500
1230012600,01.0009.0026.1230012600
1230012700,01.0009.0027.1230012700
1230012800,01.0009.0028.1230012800
1230012900,01.0009.0029.1230012900
1230013000,01.0009.0030.1230013000
1230013100,01.0009.0031.1230013100
1230013200,01.0009.0032.1230013200
1230013300,01.0009.0033.1230013300
1230013400,01.0009.0034.1230013400
1230013500,01.0009.0035.1230013500
1230013600,01.0009.0036.1230013600
1230013700,01.0009.0037.1230013700
1230013800,01.0009.0038.1230013800
1230013900,01.0009.0039.1230013900
1230014000,01.0009.0040.1230014000
1230014100,01.0009.0041.1230014100
12330,01.0010
1233010100,01.0010.0001.1233010100
1233010200,01.0010.0002.1233010200
1233010300,01.0010.0003.1233010300
1233010400,01.0010.0004.1233010400
1233010500,01.0010.0005.1233010500
1233010600,01.0010.0006.1233010600
1233010700,01.0010.0007.1233010700
1233010800,01.0010.0008.1233010800
1233010900,01.0010.0009.1233010900
1233011000,01.0010.0010.1233011000
1233011100,01.0010.0011.1233011100
1233011200,01.0010.0012.1233011200
1233011300,01.0010.0013.1233011300
1233011400,01.0010.0014.1233011400
1233011500,01.0010.0015.1233011500
1233011600,01.0010.0016.1233011600
1233011700,01.0010.0017.1233011700
1233011800,01.0010.0018.1233011800
1233011900,01.0010.0019.1233011900
1233012000,01.0010.0020.1233012000
1233012100,01.0010.0021.1233012100
1233012200,01.0010.0022.1233012200
1233012300,01.0010.0023.1233012300
1233012400,01.0010.0024.1233012400
1233012500,01.0010.0025.1233012500
1233012600,01.0010.0026.1233012600
1233012700,01.0010.0027.1233012700
1233012800,01.0010.0028.1233012800
1233012900,01.0010.0029.1233012900
1233013000,01.0010.0030.1233013000
1233013100,01.0010.0031.1233013100
1233013200,01.0010.0032.1233013200
1233013300,01.0010.0033.1233013300
1233013400,01.0010.0034.1233013400
1233013500,01.0010.0035.1233013500
1233013600,01.0010.0036.1233013600
1233013700,01.0010.0037.1233013700
1233013800,01.0010.0038.1233013800
1233013900,01.0010.0039.1233013900
1233014000,01.0010.0040.1233014000
1233014100,01.0010.0041.1233014100
1233014200,01.0010.0042.1233014200
1233014300,01.0010.0043.1233014300
1233014400,01.0010.0044.1233014400
1233014500,01.0010.0045.1233014500
1233014600,01.0010.0046.1233014600
1233014700,01.0010.0047.1233014700
1233014800,01.0010.0048.1233014800
1233014900,01.0010.0049.1233014900
1233015000,01.0010.0050.1233015000
1233015100,01.0010.0051.1233015100
1233015200,01.0010.0052.1233015200
1233015300,01.0010.0053.1233015300
1233015400,01.0010.0054.1233015400
1233015500,01.0010.0055.1233015500
1233015600,01.0010.0056.1233015600
1233015700,01.0010.0057.1233015700
1233015800,01.0010.0058.1233015800
1233015900,01.0010.0059.1233015900
1233016000,01.0010.0060.1233016000
1233016100,01.0010.0061.1233016100
1233016200,01.0010.0062.1233016200
1233016300,01.0010.0063.1233016300
1233016400,01.0010.0064.1233016400
1233016500,01.0010.0065.1233016500
1233016600,01.0010.0066.1233016600
1233016700,01.0010.0067.1233016700
1233016800,01.0010.0068.1233016800
1233016900,01.0010.0069.1233016900
1233017000,01.0010.0070.1233017000
1233017100,01.0010.0071.1233017100
1233017200,01.0010.0072.1233017200
1233017300,01.0010.0073.1233017300
1233017400,01.0010.0074.1233017400
1233017500,01.0010.0075.1233017500
1233017600,01.0010.0076.1233017600
1233017700,01.0010.0077.1233017700
1233017800,01.0010.0078.1233017800
1233020200,01.0010.0079.1233020200
12710,01.0011
1271025000,01.0011.0001.1271025000
1271031000,01.0011.0002.1271031000
1271032000,01.0011.0003.1271032000
1271033500,01.0011.0004.1271033500
1271034000,01.0011.0005.1271034000
1271035000,01.0011.0006.1271035000
1271036000,01.0011.0007.1271036000
1271037000,01.0011.0008.1271037000
1271038000,01.0011.0009.1271038000
1271039000,01.0011.0010.1271039000
1271040000,01.0011.0011.1271040000
1271041000,01.0011.0012.1271041000
12720,01.0012
1272025000,01.0012.0001.1272025000
1272031000,01.0012.0002.1272031000
1272032000,01.0012.0003.1272032000
1272033000,01.0012.0004.1272033000
1272034000,01.0012.0005.1272034000
1272035000,01.0012.0006.1272035000
1272036000,01.0012.0007.1272036000
1272037000,01.0012.0008.1272037000
1272038000,01.0012.0009.1272038000
1272039000,01.0012.0010.1272039000
1272040000,01.0012.0011.1272040000
12730,01.0013
1273025000,01.0013.0001.1273025000
1273031000,01.0013.0002.1273031000
1273032000,01.0013.0003.1273032000
1273033000,01.0013.0004.1273033000
1273034000,01.0013.0005.1273034000
1273035000,01.0013.0006.1273035000
1273036000,01.0013.0007.1273036000
1273037000,01.0013.0008.1273037000
12740,01.0014
1274025000,01.0014.0001.1274025000
1274025300,01.0014.0002.1274025300
1274031000,01.0014.0003.1274031000
1274032000,01.0014.0004.1274032000
1274033000,01.0014.0005.1274033000
1274034000,01.0014.0006.1274034000
1274035000,01.0014.0007.1274035000
1274036000,01.0014.0008.1274036000
1274037000,01.0014.0009.1274037000
1274038000,01.0014.0010.1274038000
1274039000,01.0014.0011.1274039000
1274040000,01.0014.0012.1274040000
1274041000,01.0014.0013.1274041000
1274042000,01.0014.0014.1274042000
1274044000,01.0014.0015.1274044000
1274045000,01.0014.0016.1274045000
12750,01.0015
1275025000,01.0015.0001.1275025000
1275025300,01.0015.0002.1275025300
1275031000,01.0015.0003.1275031000
1275032000,01.0015.0004.1275032000
1275033000,01.0015.0005.1275033000
1275034000,01.0015.0006.1275034000
1275035000,01.0015.0007.1275035000
1275036000,01.0015.0008.1275036000
1275037000,01.0015.0009.1275037000
1275038000,01.0015.0010.1275038000
1275039000,01.0015.0011.1275039000
1275040000,01.0015.0012.1275040000
12760,01.0016
1276025000,01.0016.0001.1276025000
1276031000,01.0016.0002.1276031000
1276032000,01.0016.0003.1276032000
1276033000,01.0016.0004.1276033000
1276034000,01.0016.0005.1276034000
1276035000,01.0016.0006.1276035000
1276036000,01.0016.0007.1276036000
1276037000,01.0016.0008.1276037000
1276038000,01.0016.0009.1276038000
1276039500,01.0016.0010.1276039500
1276040000,01.0016.0011.1276040000
1276041500,01.0016.0012.1276041500
1276042000,01.0016.0013.1276042000
12770,01.0017
1277025000,01.0017.0001.1277025000
1277025300,01.0017.0002.1277025300
1277025600,01.0017.0003.1277025600
1277031000,01.0017.0004.1277031000
1277032000,01.0017.0005.1277032000
1277033000,01.0017.0006.1277033000
1277034000,01.0017.0007.1277034000
1277035000,01.0017.0008.1277035000
1277036000,01.0017.0009.1277036000
1277037000,01.0017.0010.1277037000
12780,01.0018
1278025000,01.0018.0001.1278025000
1278031000,01.0018.0002.1278031000
1278032000,01.0018.0003.1278032000
1278033000,01.0018.0004.1278033000
1278034000,01.0018.0005.1278034000
1278035000,01.0018.0006.1278035000
1278036000,01.0018.0007.1278036000
1278037000,01.0018.0008.1278037000
1278038000,01.0018.0009.1278038000
1278039000,01.0018.0010.1278039000
1278040000,01.0018.0011.1278040000
12790,01.0019
1279025000,01.0019.0001.1279025000
1279031000,01.0019.0002.1279031000
1279032000,01.0019.0003.1279032000
1279033000,01.0019.0004.1279033000
1279034000,01.0019.0005.1279034000
1279035000,01.0019.0006.1279035000
1279036000,01.0019.0007.1279036000
1279037000,01.0019.0008.1279037000
1279038000,01.0019.0009.1279038000
1279039000,01.0019.0010.1279039000
1279040000,01.0019.0011.1279040000
1279041000,01.0019.0012.1279041000
1279042000,01.0019.0013.1279042000
1279043000,01.0019.0014.1279043000
12800,01.0020
1280025000,01.0020.0001.1280025000
1280025300,01.0020.0002.1280025300
1280031000,01.0020.0003.1280031000
1280032000,01.0020.0004.1280032000
1280033000,01.0020.0005.1280033000
1280034000,01.0020.0006.1280034000
1280035000,01.0020.0007.1280035000
1280036000,01.0020.0008.1280036000
1280037000,01.0020.0009.1280037000
1280038000,01.0020.0010.1280038000
1280039000,01.0020.0011.1280039000
12810,01.0021
1281025000,01.0021.0001.1281025000
1281025300,01.0021.0002.1281025300
1281025600,01.0021.0003.1281025600
1281032000,01.0021.0004.1281032000
1281033000,01.0021.0005.1281033000
1281034000,01.0021.0006.1281034000
1281035000,01.0021.0007.1281035000
1281036000,01.0021.0008.1281036000
1281037000,01.0021.0009.1281037000
12820,01.0022
1282025000,01.0022.0001.1282025000
1282031000,01.0022.0002.1282031000
1282032000,01.0022.0003.1282032000
1282033000,01.0022.0004.1282033000
1282034000,01.0022.0005.1282034000
1282035000,01.0022.0006.1282035000
1282036000,01.0022.0007.1282036000
1282037000,01.0022.0008.1282037000
1282038000,01.0022.0009.1282038000
12830,01.0023
1283025000,01.0023.0001.1283025000
1283025300,01.0023.0002.1283025300
1283025600,01.0023.0003.1283025600
1283031000,01.0023.0004.1283031000
1283032000,01.0023.0005.1283032000
1283033000,01.0023.0006.1283033000
1283034000,01.0023.0007.1283034000
1283035000,01.0023.0008.1283035000
1283036000,01.0023.0009.1283036000
1283037000,01.0023.0010.1283037000
1283038000,01.0023.0011.1283038000
12840,01.0024
1284025000,01.0024.0001.1284025000
1284031000,01.0024.0002.1284031000
1284032000,01.0024.0003.1284032000
1284033000,01.0024.0004.1284033000
1284034000,01.0024.0005.1284034000
1284035000,01.0024.0006.1284035000
1284036000,01.0024.0007.1284036000
1284037000,01.0024.0008.1284037000
1284038000,01.0024.0009.1284038000
1284039000,01.0024.0010.1284039000
1284040000,01.0024.0011.1284040000
12850,01.0025
1285025000,01.0025.0001.1285025000
1285025300,01.0025.0002.1285025300
1285025600,01.0025.0003.1285025600
1285031000,01.0025.0004.1285031000
1285032000,01.0025.0005.1285032000
1285033000,01.0025.0006.1285033000
1285034000,01.0025.0007.1285034000
1285035000,01.0025.0008.1285035000
1285036000,01.0025.0009.1285036000
1285037000,01.0025.0010.1285037000
1285038000,01.0025.0011.1285038000
1285039000,01.0025.0012.1285039000
12860,01.0026
1286025000,01.0026.0001.1286025000
1286031000,01.0026.0002.1286031000
1286032000,01.0026.0003.1286032000
1286033000,01.0026.0004.1286033000
1286034000,01.0026.0005.1286034000
1286035000,01.0026.0006.1286035000
1286036000,01.0026.0007.1286036000
12870,01.0027
1287025000,01.0027.0001.1287025000
1287025300,01.0027.0002.1287025300
1287031000,01.0027.0003.1287031000
1287032000,01.0027.0004.1287032000
1287033000,01.0027.0005.1287033000
1287034000,01.0027.0006.1287034000
1287035000,01.0027.0007.1287035000
1287036000,01.0027.0008.1287036000
1287037000,01.0027.0009.1287037000
1287038000,01.0027.0010.1287038000
1287039000,01.0027.0011.1287039000
1287040000,01.0027.0012.1287040000
1287041000,01.0027.0013.1287041000
1287042000,01.0027.0014.1287042000
26,02
26110,02.0001
2611010100,02.0001.0001.2611010100
2611010200,02.0001.0002.2611010200
2611010300,02.0001.0003.2611010300
2611010400,02.0001.0004.2611010400
2611010500,02.0001.0005.2611010500
2611010600,02.0001.0006.2611010600
2611010700,02.0001.0007.2611010700
2611010800,02.0001.0008.2611010800
2611010900,02.0001.0009.2611010900
2611011000,02.0001.0010.2611011000
2611011100,02.0001.0011.2611011100
2611011200,02.0001.0012.2611011200
2611011300,02.0001.0013.2611011300
2611011400,02.0001.0014.2611011400
2611011500,02.0001.0015.2611011500
2611011600,02.0001.0016.2611011600
2611011700,02.0001.0017.2611011700
2611011800,02.0001.0018.2611011800
2611011900,02.0001.0019.2611011900
2611012000,02.0001.0020.2611012000
2611012100,02.0001.0021.2611012100
2611012200,02.0001.0022.2611012200
2611012300,02.0001.0023.2611012300
2611012400,02.0001.0024.2611012400
2611012500,02.0001.0025.2611012500
2611012600,02.0001.0026.2611012600
2611012700,02.0001.0027.2611012700
2611012800,02.0001.0028.2611012800
2611012900,02.0001.0029.2611012900
2611013000,02.0001.0030.2611013000
2611013100,02.0001.0031.2611013100
2611013200,02.0001.0032.2611013200
2611013300,02.0001.0033.2611013300
2611013400,02.0001.0034.2611013400
2611013500,02.0001.0035.2611013500
2611013600,02.0001.0036.2611013600
2611013700,02.0001.0037.2611013700
2611013800,02.0001.0038.2611013800
2611013900,02.0001.0039.2611013900
2611014000,02.0001.0040.2611014000
2611014100,02.0001.0041.2611014100
26140,02.0002
2614010100,02.0002.0001.2614010100
2614010200,02.0002.0002.2614010200
2614010300,02.0002.0003.2614010300
2614010400,02.0002.0004.2614010400
2614010500,02.0002.0005.2614010500
2614010600,02.0002.0006.2614010600
2614010700,02.0002.0007.2614010700
2614010800,02.0002.0008.2614010800
2614010900,02.0002.0009.2614010900
2614011000,02.0002.0010.2614011000
2614011100,02.0002.0011.2614011100
2614011200,02.0002.0012.2614011200
2614011300,02.0002.0013.2614011300
2614011400,02.0002.0014.2614011400
2614011500,02.0002.0015.2614011500
2614011600,02.0002.0016.2614011600
2614011700,02.0002.0017.2614011700
2614011800,02.0002.0018.2614011800
2614011900,02.0002.0019.2614011900
2614012000,02.0002.0020.2614012000
2614012100,02.0002.0021.2614012100
2614012200,02.0002.0022.2614012200
2614012300,02.0002.0023.2614012300
2614012400,02.0002.0024.2614012400
26170,02.0003
2617010100,02.0003.0001.2617010100
2617010200,02.0003.0002.2617010200
2617010300,02.0003.0003.2617010300
2617010400,02.0003.0004.2617010400
26200,02.0004
2620010100,02.0004.0001.2620010100
2620010200,02.0004.0002.2620010200
2620010300,02.0004.0003.2620010300
2620010400,02.0004.0004.2620010400
2620010500,02.0004.0005.2620010500
2620010600,02.0004.0006.2620010600
2620010700,02.0004.0007.2620010700
2620010800,02.0004.0008.2620010800
2620010900,02.0004.0009.2620010900
2620011000,02.0004.0010.2620011000
2620011100,02.0004.0011.2620011100
2620011200,02.0004.0012.2620011200
2620011300,02.0004.0013.2620011300
2620011400,02.0004.0014.2620011400
2620011500,02.0004.0015.2620011500
2620011600,02.0004.0016.2620011600
2620011700,02.0004.0017.2620011700
2620011800,02.0004.0018.2620011800
2620011900,02.0004.0019.2620011900
2620012000,02.0004.0020.2620012000
2620012100,02.0004.0021.2620012100
26230,02.0005
2623010100,02.0005.0001.2623010100
2623010200,02.0005.0002.2623010200
2623010300,02.0005.0003.2623010300
2623010400,02.0005.0004.2623010400
2623010500,02.0005.0005.2623010500
2623010600,02.0005.0006.2623010600
2623010700,02.0005.0007.2623010700
2623010800,02.0005.0008.2623010800
2623010900,02.0005.0009.2623010900
2623011000,02.0005.0010.2623011000
2623011100,02.0005.0011.2623011100
26260,02.0006
2626010100,02.0006.0001.2626010100
2626010200,02.0006.0002.2626010200
2626010300,02.0006.0003.2626010300
2626010400,02.0006.0004.2626010400
2626010500,02.0006.0005.2626010500
2626010600,02.0006.0006.2626010600
2626010700,02.0006.0007.2626010700
2626010800,02.0006.0008.2626010800
2626010900,02.0006.0009.2626010900
26290,02.0007
2629010600,02.0007.0001.2629010600
2629010700,02.0007.0002.2629010700
2629010800,02.0007.0003.2629010800
2629010900,02.0007.0004.2629010900
2629011000,02.0007.0005.2629011000
2629011100,02.0007.0006.2629011100
26320,02.0008
2632010100,02.0008.0001.2632010100
2632010200,02.0008.0002.2632010200
2632010300,02.0008.0003.2632010300
2632010400,02.0008.0004.2632010400
2632010500,02.0008.0005.2632010500
26350,02.0009
2635010100,02.0009.0001.2635010100
2635010200,02.0009.0002.2635010200
2635010300,02.0009.0003.2635010300
2635010400,02.0009.0004.2635010400
2635010500,02.0009.0005.2635010500
2635010600,02.0009.0006.2635010600
2635010700,02.0009.0007.2635010700
2635010800,02.0009.0008.2635010800
26380,02.0010
2638010100,02.0010.0001.2638010100
2638010200,02.0010.0002.2638010200
2638010300,02.0010.0003.2638010300
2638010400,02.0010.0004.2638010400
2638010500,02.0010.0005.2638010500
2638010600,02.0010.0006.2638010600
2638010700,02.0010.0007.2638010700
2638010800,02.0010.0008.2638010800
26410,02.0011
2641010100,02.0011.0001.2641010100
2641010200,02.0011.0002.2641010200
2641010300,02.0011.0003.2641010300
2641010400,02.0011.0004.2641010400
2641010500,02.0011.0005.2641010500
2641010600,02.0011.0006.2641010600
2641010700,02.0011.0007.2641010700
2641010800,02.0011.0008.2641010800
2641010900,02.0011.0009.2641010900
2641011000,02.0011.0010.2641011000
2641011100,02.0011.0011.2641011100
2641011200,02.0011.0012.2641011200
2641011300,02.0011.0013.2641011300
26440,02.0012
2644010100,02.0012.0001.2644010100
2644010200,02.0012.0002.2644010200
2644010300,02.0012.0003.2644010300
2644010400,02.0012.0004.2644010400
2644010500,02.0012.0005.2644010500
2644010600,02.0012.0006.2644010600
2644010700,02.0012.0007.2644010700
2644010800,02.0012.0008.2644010800
2644010900,02.0012.0009.2644010900
2644011000,02.0012.0010.2644011000
2644011100,02.0012.0011.2644011100
2644011200,02.0012.0012.2644011200
2644011300,02.0012.0013.2644011300
2644011400,02.0012.0014.2644011400
2644011500,02.0012.0015.2644011500
2644011600,02.0012.0016.2644011600
2644011700,02.0012.0017.2644011700
2644011800,02.0012.0018.2644011800
2644011900,02.0012.0019.2644011900
2644012000,02.0012.0020.2644012000
2644012100,02.0012.0021.2644012100
2644012200,02.0012.0022.2644012200
26470,02.0013
2647010100,02.0013.0001.2647010100
2647010200,02.0013.0002.2647010200
26500,02.0014
2650010100,02.0014.0001.2650010100
2650010200,02.0014.0002.2650010200
2650010300,02.0014.0003.2650010300
2650010400,02.0014.0004.2650010400
2650010500,02.0014.0005.2650010500
26530,02.0015
2653010100,02.0015.0001.2653010100
2653010200,02.0015.0002.2653010200
2653010300,02.0015.0003.2653010300
2653010400,02.0015.0004.2653010400
2653010500,02.0015.0005.2653010500
2653010600,02.0015.0006.2653010600
2653010700,02.0015.0007.2653010700
2653010800,02.0015.0008.2653010800
26710,02.0016
2671025000,02.0016.0001.2671025000
2671025600,02.0016.0001.2671025600
2671025300,02.0016.0002.2671025300
2671033000,02.0016.0005.2671033000
2671025900,02.0016.0014.2671025900
27,03
27110,03.0001
2711010100,03.0001.0001.2711010100
2711010200,03.0001.0002.2711010200
2711010300,03.0001.0003.2711010300
2711010400,03.0001.0004.2711010400
2711010500,03.0001.0005.2711010500
2711010600,03.0001.0006.2711010600
2711010700,03.0001.0007.2711010700
2711010800,03.0001.0008.2711010800
2711010900,03.0001.0009.2711010900
2711011000,03.0001.0010.2711011000
2711011100,03.0001.0011.2711011100
2711011200,03.0001.0012.2711011200
2711011300,03.0001.0013.2711011300
2711011400,03.0001.0014.2711011400
2711011500,03.0001.0015.2711011500
2711011600,03.0001.0016.2711011600
2711011700,03.0001.0017.2711011700
2711011800,03.0001.0018.2711011800
2711011900,03.0001.0019.2711011900
2711012000,03.0001.0020.2711012000
2711012100,03.0001.0021.2711012100
2711012200,03.0001.0022.2711012200
2711012300,03.0001.0023.2711012300
2711012400,03.0001.0024.2711012400
2711012500,03.0001.0025.2711012500
2711012600,03.0001.0026.2711012600
2711012700,03.0001.0027.2711012700
2711012800,03.0001.0028.2711012800
2711012900,03.0001.0029.2711012900
2711013000,03.0001.0030.2711013000
2711013100,03.0001.0031.2711013100
2711013200,03.0001.0032.2711013200
2711013300,03.0001.0033.2711013300
2711013400,03.0001.0034.2711013400
2711013500,03.0001.0035.2711013500
2711013600,03.0001.0036.2711013600
2711013700,03.0001.0037.2711013700
2711013800,03.0001.0038.2711013800
2711013900,03.0001.0039.2711013900
2711014000,03.0001.0040.2711014000
2711014100,03.0001.0041.2711014100
2711014200,03.0001.0042.2711014200
2711014300,03.0001.0043.2711014300
2711014400,03.0001.0044.2711014400
2711014500,03.0001.0045.2711014500
2711014600,03.0001.0046.2711014600
2711014700,03.0001.0047.2711014700
2711014800,03.0001.0048.2711014800
2711014900,03.0001.0049.2711014900
2711015000,03.0001.0050.2711015000
2711015100,03.0001.0051.2711015100
2711015200,03.0001.0052.2711015200
2711015300,03.0001.0053.2711015300
2711015400,03.0001.0054.2711015400
2711015500,03.0001.0055.2711015500
2711015600,03.0001.0056.2711015600
2711015700,03.0001.0057.2711015700
27140,03.0002
2714010100,03.0002.0001.2714010100
2714010200,03.0002.0002.2714010200
2714010300,03.0002.0003.2714010300
2714010400,03.0002.0004.2714010400
2714010500,03.0002.0005.2714010500
2714010600,03.0002.0006.2714010600
2714010700,03.0002.0007.2714010700
2714010800,03.0002.0008.2714010800
2714010900,03.0002.0009.2714010900
2714011000,03.0002.0010.2714011000
2714011100,03.0002.0011.2714011100
2714011200,03.0002.0012.2714011200
2714011300,03.0002.0013.2714011300
2714011400,03.0002.0014.2714011400
2714011500,03.0002.0015.2714011500
2714011600,03.0002.0016.2714011600
2714011700,03.0002.0017.2714011700
2714011800,03.0002.0018.2714011800
2714011900,03.0002.0019.2714011900
2714012000,03.0002.0020.2714012000
2714012100,03.0002.0021.2714012100
2714012200,03.0002.0022.2714012200
2714012300,03.0002.0023.2714012300
2714012400,03.0002.0024.2714012400
2714012500,03.0002.0025.2714012500
2714012600,03.0002.0026.2714012600
2714012700,03.0002.0027.2714012700
2714012800,03.0002.0028.2714012800
2714012900,03.0002.0029.2714012900
2714013000,03.0002.0030.2714013000
2714013100,03.0002.0031.2714013100
2714013200,03.0002.0032.2714013200
2714013300,03.0002.0033.2714013300
2714013400,03.0002.0034.2714013400
2714013500,03.0002.0035.2714013500
2714013600,03.0002.0036.2714013600
2714013700,03.0002.0037.2714013700
2714013800,03.0002.0038.2714013800
2714013900,03.0002.0039.2714013900
2714014000,03.0002.0040.2714014000
2714014100,03.0002.0041.2714014100
2714014200,03.0002.0042.2714014200
2714014300,03.0002.0043.2714014300
2714014400,03.0002.0044.2714014400
2714014500,03.0002.0045.2714014500
27170,03.0003
2717010100,03.0003.0001.2717010100
2717010200,03.0003.0002.2717010200
2717010300,03.0003.0003.2717010300
2717010400,03.0003.0004.2717010400
2717010500,03.0003.0005.2717010500
2717010600,03.0003.0006.2717010600
2717010700,03.0003.0007.2717010700
2717010800,03.0003.0008.2717010800
2717010900,03.0003.0009.2717010900
27200,03.0004
2720010100,03.0004.0001.2720010100
2720010200,03.0004.0002.2720010200
2720010300,03.0004.0003.2720010300
27230,03.0005
2723010100,03.0005.0001.2723010100
2723010200,03.0005.0002.2723010200
2723010300,03.0005.0003.2723010300
2723010400,03.0005.0004.2723010400
2723010500,03.0005.0005.2723010500
2723010600,03.0005.0006.2723010600
2723010700,03.0005.0007.2723010700
2723010800,03.0005.0008.2723010800
2723010900,03.0005.0009.2723010900
2723011000,03.0005.0010.2723011000
2723011100,03.0005.0011.2723011100
2723011200,03.0005.0012.2723011200
2723011300,03.0005.0013.2723011300
2723011400,03.0005.0014.2723011400
2723011500,03.0005.0015.2723011500
2723011600,03.0005.0016.2723011600
2723011700,03.0005.0017.2723011700
2723011800,03.0005.0018.2723011800
2723011900,03.0005.0019.2723011900
2723012000,03.0005.0020.2723012000
2723012100,03.0005.0021.2723012100
2723012200,03.0005.0022.2723012200
2723012300,03.0005.0023.2723012300
2723012400,03.0005.0024.2723012400
2723012500,03.0005.0025.2723012500
2723012600,03.0005.0026.2723012600
2723012700,03.0005.0027.2723012700
2723012800,03.0005.0028.2723012800
2723012900,03.0005.0029.2723012900
2723013000,03.0005.0030.2723013000
2723013100,03.0005.0031.2723013100
27260,03.0006
2726010100,03.0006.0001.2726010100
2726012700,03.0006.0001.2726012700
2726010200,03.0006.0002.2726010200
2726010300,03.0006.0003.2726010300
2726010400,03.0006.0004.2726010400
2726010500,03.0006.0005.2726010500
2726010600,03.0006.0006.2726010600
2726010700,03.0006.0007.2726010700
2726010800,03.0006.0008.2726010800
2726010900,03.0006.0009.2726010900
2726011000,03.0006.0010.2726011000
2726011100,03.0006.0011.2726011100
2726011200,03.0006.0012.2726011200
2726011300,03.0006.0013.2726011300
2726011400,03.0006.0014.2726011400
2726011500,03.0006.0015.2726011500
2726011600,03.0006.0016.2726011600
2726011700,03.0006.0017.2726011700
2726011800,03.0006.0018.2726011800
2726011900,03.0006.0019.2726011900
2726012000,03.0006.0020.2726012000
2726012200,03.0006.0022.2726012200
2726012300,03.0006.0023.2726012300
2726012400,03.0006.0024.2726012400
2726012500,03.0006.0025.2726012500
2726012600,03.0006.0026.2726012600
27290,03.0007
2729010100,03.0007.0001.2729010100
2729012500,03.0007.0001.2729012500
2729010200,03.0007.0002.2729010200
2729010400,03.0007.0004.2729010400
2729010500,03.0007.0005.2729010500
2729010600,03.0007.0006.2729010600
2729010700,03.0007.0007.2729010700
2729010800,03.0007.0008.2729010800
2729010900,03.0007.0009.2729010900
2729011000,03.0007.0010.2729011000
2729011100,03.0007.0011.2729011100
2729011200,03.0007.0012.2729011200
2729011300,03.0007.0013.2729011300
2729011400,03.0007.0014.2729011400
2729011500,03.0007.0015.2729011500
2729011600,03.0007.0016.2729011600
2729011700,03.0007.0017.2729011700
2729011800,03.0007.0018.2729011800
2729011900,03.0007.0019.2729011900
2729012000,03.0007.0020.2729012000
2729012100,03.0007.0021.2729012100
2729012200,03.0007.0022.2729012200
2729012300,03.0007.0023.2729012300
2729012400,03.0007.0024.2729012400
27710,03.0008
2771025000,03.0008.0001.2771025000
2771025900,03.0008.0001.2771025900
2771026200,03.0008.0001.2771026200
2771026500,03.0008.0001.2771026500
2771026800,03.0008.0001.2771026800
2771025300,03.0008.0002.2771025300
2771025600,03.0008.0003.2771025600
2771031000,03.0008.0004.2771031000
2771033000,03.0008.0005.2771033000
27720,03.0009
2772025000,03.0009.0001.2772025000
2772031000,03.0009.0002.2772031000
2772032000,03.0009.0003.2772032000
2772033000,03.0009.0004.2772033000
2772034000,03.0009.0005.2772034000
2772035000,03.0009.0006.2772035000
2772036000,03.0009.0007.2772036000
2772037000,03.0009.0008.2772037000
28,04
28125,04.0001
2812510100,04.0001.0001.2812510100
2812510200,04.0001.0002.2812510200
2812510300,04.0001.0003.2812510300
2812510400,04.0001.0004.2812510400
2812510500,04.0001.0005.2812510500
2812510600,04.0001.0006.2812510600
2812510700,04.0001.0007.2812510700
2812510800,04.0001.0008.2812510800
2812510900,04.0001.0009.2812510900
2812511000,04.0001.0010.2812511000
2812511100,04.0001.0011.2812511100
2812511200,04.0001.0012.2812511200
2812511300,04.0001.0013.2812511300
2812511400,04.0001.0014.2812511400
2812511500,04.0001.0015.2812511500
2812511600,04.0001.0016.2812511600
2812511700,04.0001.0017.2812511700
2812511800,04.0001.0018.2812511800
2812511900,04.0001.0019.2812511900
2812512000,04.0001.0020.2812512000
2812512100,04.0001.0021.2812512100
2812512200,04.0001.0022.2812512200
2812512300,04.0001.0023.2812512300
2812512400,04.0001.0024.2812512400
2812512500,04.0001.0025.2812512500
2812512600,04.0001.0026.2812512600
2812512700,04.0001.0027.2812512700
2812512800,04.0001.0028.2812512800
2812512900,04.0001.0029.2812512900
2812513000,04.0001.0030.2812513000
2812513100,04.0001.0031.2812513100
2812513200,04.0001.0032.2812513200
2812513300,04.0001.0033.2812513300
2812513400,04.0001.0034.2812513400
2812513500,04.0001.0035.2812513500
2812513600,04.0001.0036.2812513600
2812513700,04.0001.0037.2812513700
2812513800,04.0001.0038.2812513800
2812513900,04.0001.0039.2812513900
2812514000,04.0001.0040.2812514000
2812514100,04.0001.0041.2812514100
2812514200,04.0001.0042.2812514200
2812514300,04.0001.0043.2812514300
2812514400,04.0001.0044.2812514400
2812514500,04.0001.0045.2812514500
2812514600,04.0001.0046.2812514600
2812514700,04.0001.0047.2812514700
2812514800,04.0001.0048.2812514800
2812514900,04.0001.0049.2812514900
2812515000,04.0001.0050.2812515000
2812515100,04.0001.0051.2812515100
28155,04.0002
2815510100,04.0002.0001.2815510100
2815510200,04.0002.0002.2815510200
2815510300,04.0002.0003.2815510300
2815510400,04.0002.0004.2815510400
2815510500,04.0002.0005.2815510500
2815510600,04.0002.0006.2815510600
2815510700,04.0002.0007.2815510700
2815510800,04.0002.0008.2815510800
28177,04.0003
2817710100,04.0003.0001.2817710100
2817710200,04.0003.0001.2817710200
2817710300,04.0003.0001.2817710300
2817710400,04.0003.0001.2817710400
2817710500,04.0003.0001.2817710500
2817710600,04.0003.0001.2817710600
2817710700,04.0003.0001.2817710700
28185,04.0004
2818510100,04.0004.0001.2818510100
2818510600,04.0004.0001.2818510600
2818510200,04.0004.0002.2818510200
2818510300,04.0004.0003.2818510300
2818510400,04.0004.0004.2818510400
2818510500,04.0004.0005.2818510500
28200,04.0005
2820010100,04.0005.0001.2820010100
2820010200,04.0005.0002.2820010200
2820010300,04.0005.0003.2820010300
2820010400,04.0005.0004.2820010400
2820010500,04.0005.0005.2820010500
2820010600,04.0005.0006.2820010600
2820010700,04.0005.0007.2820010700
2820010800,04.0005.0008.2820010800
2820010900,04.0005.0009.2820010900
2820011000,04.0005.0010.2820011000
2820011100,04.0005.0011.2820011100
28237,04.0006
2823710100,04.0006.0001.2823710100
2823710200,04.0006.0002.2823710200
2823710300,04.0006.0003.2823710300
2823710400,04.0006.0004.2823710400
2823710500,04.0006.0005.2823710500
2823710600,04.0006.0006.2823710600
2823710700,04.0006.0007.2823710700
2823710800,04.0006.0008.2823710800
2823710900,04.0006.0009.2823710900
28245,04.0007
2824510100,04.0007.0001.2824510100
2824510200,04.0007.0002.2824510200
2824510300,04.0007.0003.2824510300
2824510400,04.0007.0004.2824510400
2824510500,04.0007.0005.2824510500
2824510600,04.0007.0006.2824510600
2824510700,04.0007.0007.2824510700
2824510800,04.0007.0008.2824510800
2824510900,04.0007.0009.2824510900
2824511000,04.0007.0010.2824511000
2824511100,04.0007.0011.2824511100
2824511200,04.0007.0012.2824511200
2824511300,04.0007.0013.2824511300
2824511400,04.0007.0014.2824511400
2824511500,04.0007.0015.2824511500
2824511600,04.0007.0016.2824511600
2824511700,04.0007.0017.2824511700
2824511800,04.0007.0018.2824511800
2824511900,04.0007.0019.2824511900
2824512000,04.0007.0020.2824512000
2824512100,04.0007.0021.2824512100
2824512200,04.0007.0022.2824512200
2824512300,04.0007.0023.2824512300
28275,04.0008
2827510100,04.0008.0001.2827510100
2827510200,04.0008.0002.2827510200
2827510300,04.0008.0003.2827510300
2827510400,04.0008.0004.2827510400
2827510500,04.0008.0005.2827510500
2827510600,04.0008.0006.2827510600
2827510700,04.0008.0007.2827510700
2827510800,04.0008.0008.2827510800
2827510900,04.0008.0009.2827510900
2827511000,04.0008.0010.2827511000
2827511100,04.0008.0011.2827511100
28290,04.0009
2829010100,04.0009.0001.2829010100
2829010200,04.0009.0002.2829010200
2829010300,04.0009.0003.2829010300
2829010400,04.0009.0004.2829010400
2829010500,04.0009.0005.2829010500
2829010600,04.0009.0006.2829010600
2829010700,04.0009.0007.2829010700
2829010800,04.0009.0008.2829010800
2829010900,04.0009.0009.2829010900
2829011000,04.0009.0010.2829011000
28710,04.0010
2871025000,04.0010.0001.2871025000
2871031000,04.0010.0002.2871031000
2871032000,04.0010.0003.2871032000
2871033000,04.0010.0004.2871033000
2871034000,04.0010.0005.2871034000
2871035000,04.0010.0006.2871035000
2871036000,04.0010.0007.2871036000
2871037000,04.0010.0008.2871037000
2871038000,04.0010.0009.2871038000
2871039000,04.0010.0010.2871039000
2871040000,04.0010.0011.2871040000
2871041000,04.0010.0012.2871041000
2871042000,04.0010.0013.2871042000
28720,04.0011
2872031000,04.0011.0001.2872031000
2872038000,04.0011.0002.2872038000
2872033000,04.0011.0003.2872033000
2872034000,04.0011.0004.2872034000
2872035000,04.0011.0005.2872035000
2872036000,04.0011.0006.2872036000
2872037000,04.0011.0007.2872037000
30,05
30110,05.0001
3011010100,05.0001.0001.3011010100
3011010200,05.0001.0002.3011010200
3011010300,05.0001.0003.3011010300
3011010400,05.0001.0004.3011010400
3011010500,05.0001.0005.3011010500
3011010600,05.0001.0006.3011010600
3011010700,05.0001.0007.3011010700
3011010800,05.0001.0008.3011010800
3011010900,05.0001.0009.3011010900
3011011000,05.0001.0010.3011011000
3011011100,05.0001.0011.3011011100
3011011200,05.0001.0012.3011011200
3011011300,05.0001.0013.3011011300
3011011400,05.0001.0014.3011011400
3011011500,05.0001.0015.3011011500
3011011600,05.0001.0016.3011011600
3011011700,05.0001.0017.3011011700
3011011800,05.0001.0018.3011011800
3011011900,05.0001.0019.3011011900
3011012000,05.0001.0020.3011012000
3011012100,05.0001.0021.3011012100
3011012200,05.0001.0022.3011012200
3011012300,05.0001.0023.3011012300
3011012400,05.0001.0024.3011012400
3011012500,05.0001.0025.3011012500
3011012600,05.0001.0026.3011012600
3011012700,05.0001.0027.3011012700
3011012800,05.0001.0028.3011012800
3011012900,05.0001.0029.3011012900
3011013000,05.0001.0030.3011013000
3011013100,05.0001.0031.3011013100
3011013200,05.0001.0032.3011013200
3011013300,05.0001.0033.3011013300
3011013400,05.0001.0034.3011013400
3011013500,05.0001.0035.3011013500
3011013600,05.0001.0036.3011013600
3011013700,05.0001.0037.3011013700
3011013800,05.0001.0038.3011013800
3011013900,05.0001.0039.3011013900
3011014000,05.0001.0040.3011014000
3011014100,05.0001.0041.3011014100
3011014200,05.0001.0042.3011014200
3011014300,05.0001.0043.3011014300
3011014400,05.0001.0044.3011014400
3011014500,05.0001.0045.3011014500
30140,05.0002
3014010100,05.0002.0001.3014010100
3014010200,05.0002.0002.3014010200
3014010300,05.0002.0003.3014010300
3014010400,05.0002.0004.3014010400
3014010500,05.0002.0005.3014010500
3014010600,05.0002.0006.3014010600
3014010700,05.0002.0007.3014010700
3014010800,05.0002.0008.3014010800
3014010900,05.0002.0009.3014010900
3014011000,05.0002.0010.3014011000
3014011100,05.0002.0011.3014011100
3014011200,05.0002.0012.3014011200
3014011300,05.0002.0013.3014011300
3014011400,05.0002.0014.3014011400
3014011500,05.0002.0015.3014011500
3014011600,05.0002.0016.3014011600
3014011700,05.0002.0017.3014011700
3014011800,05.0002.0018.3014011800
3014011900,05.0002.0019.3014011900
3014012000,05.0002.0020.3014012000
3014012100,05.0002.0021.3014012100
3014012200,05.0002.0022.3014012200
3014012300,05.0002.0023.3014012300
3014012400,05.0002.0024.3014012400
3014012500,05.0002.0025.3014012500
3014012600,05.0002.0026.3014012600
30170,05.0003
3017010100,05.0003.0001.3017010100
3017010200,05.0003.0002.3017010200
3017010300,05.0003.0003.3017010300
3017010400,05.0003.0004.3017010400
3017010500,05.0003.0005.3017010500
3017010600,05.0003.0006.3017010600
3017010800,05.0003.0008.3017010800
3017010900,05.0003.0009.3017010900
3017011000,05.0003.0010.3017011000
3017011100,05.0003.0011.3017011100
3017011200,05.0003.0012.3017011200
3017011300,05.0003.0013.3017011300
3017011400,05.0003.0014.3017011400
3017011500,05.0003.0015.3017011500
3017011600,05.0003.0016.3017011600
3017011700,05.0003.0017.3017011700
3017011800,05.0003.0018.3017011800
3017011900,05.0003.0019.3017011900
3017012000,05.0003.0020.3017012000
3017012100,05.0003.0021.3017012100
3017012200,05.0003.0022.3017012200
3017012300,05.0003.0023.3017012300
3017012400,05.0003.0024.3017012400
3017012500,05.0003.0025.3017012500
3017012600,05.0003.0026.3017012600
3017012700,05.0003.0027.3017012700
3017012800,05.0003.0028.3017012800
30200,05.0004
3020010100,05.0004.0001.3020010100
3020010200,05.0004.0002.3020010200
3020010300,05.0004.0003.3020010300
3020010400,05.0004.0004.3020010400
3020010500,05.0004.0005.3020010500
3020010600,05.0004.0006.3020010600
3020010700,05.0004.0007.3020010700
3020010800,05.0004.0008.3020010800
3020010900,05.0004.0009.3020010900
3020011000,05.0004.0010.3020011000
3020011100,05.0004.0011.3020011100
3020011200,05.0004.0012.3020011200
3020011300,05.0004.0013.3020011300
3020011400,05.0004.0014.3020011400
3020011500,05.0004.0015.3020011500
3020011600,05.0004.0016.3020011600
3020011700,05.0004.0017.3020011700
3020011800,05.0004.0018.3020011800
3020011900,05.0004.0019.3020011900
3020012000,05.0004.0020.3020012000
3020012100,05.0004.0021.3020012100
3020012200,05.0004.0022.3020012200
3020012300,05.0004.0023.3020012300
3020012400,05.0004.0024.3020012400
3020012500,05.0004.0025.3020012500
3020012600,05.0004.0026.3020012600
3020012700,05.0004.0027.3020012700
3020012800,05.0004.0028.3020012800
3020012900,05.0004.0029.3020012900
3020013000,05.0004.0030.3020013000
3020013100,05.0004.0031.3020013100
3020013200,05.0004.0032.3020013200
3020013300,05.0004.0033.3020013300
3020013400,05.0004.0034.3020013400
3020013500,05.0004.0035.3020013500
3020013600,05.0004.0036.3020013600
3020013700,05.0004.0037.3020013700
3020013800,05.0004.0038.3020013800
3020013900,05.0004.0039.3020013900
3020014000,05.0004.0040.3020014000
3020014100,05.0004.0041.3020014100
3020014200,05.0004.0042.3020014200
3020014300,05.0004.0043.3020014300
3020014400,05.0004.0044.3020014400
3020014500,05.0004.0045.3020014500
3020014600,05.0004.0046.3020014600
3020014700,05.0004.0047.3020014700
3020014800,05.0004.0048.3020014800
3020014900,05.0004.0049.3020014900
3020015000,05.0004.0050.3020015000
3020015100,05.0004.0051.3020015100
3020015200,05.0004.0052.3020015200
3020015300,05.0004.0053.3020015300
30230,05.0005
3023010100,05.0005.0001.3023010100
3023010200,05.0005.0002.3023010200
3023010300,05.0005.0003.3023010300
3023010400,05.0005.0004.3023010400
3023010500,05.0005.0005.3023010500
3023010600,05.0005.0006.3023010600
3023010700,05.0005.0007.3023010700
3023010800,05.0005.0008.3023010800
3023010900,05.0005.0009.3023010900
3023011000,05.0005.0010.3023011000
3023011100,05.0005.0011.3023011100
3023011200,05.0005.0012.3023011200
3023011300,05.0005.0013.3023011300
3023011400,05.0005.0014.3023011400
3023011500,05.0005.0015.3023011500
3023011600,05.0005.0016.3023011600
3023011700,05.0005.0017.3023011700
3023011800,05.0005.0018.3023011800
3023011900,05.0005.0019.3023011900
3023012000,05.0005.0020.3023012000
3023012100,05.0005.0021.3023012100
3023012200,05.0005.0022.3023012200
3023012300,05.0005.0023.3023012300
3023012400,05.0005.0024.3023012400
3023012500,05.0005.0025.3023012500
3023012600,05.0005.0026.3023012600
31,06
31110,06.0001
3111010100,06.0001.0001.3111010100
3111010200,06.0001.0002.3111010200
3111010300,06.0001.0003.3111010300
3111010400,06.0001.0004.3111010400
3111010500,06.0001.0005.3111010500
3111010600,06.0001.0006.3111010600
3111010700,06.0001.0007.3111010700
3111010800,06.0001.0008.3111010800
3111010900,06.0001.0009.3111010900
3111011000,06.0001.0010.3111011000
3111011100,06.0001.0011.3111011100
3111011200,06.0001.0012.3111011200
3111011300,06.0001.0013.3111011300
3111011400,06.0001.0014.3111011400
3111011500,06.0001.0015.3111011500
3111011600,06.0001.0016.3111011600
3111011700,06.0001.0017.3111011700
3111011800,06.0001.0018.3111011800
31140,06.0002
3114010100,06.0002.0001.3114010100
3114010200,06.0002.0002.3114010200
3114010300,06.0002.0003.3114010300
3114010400,06.0002.0004.3114010400
3114010500,06.0002.0005.3114010500
3114010600,06.0002.0006.3114010600
3114010700,06.0002.0007.3114010700
3114010800,06.0002.0008.3114010800
3114010900,06.0002.0009.3114010900
3114011000,06.0002.0010.3114011000
3114011100,06.0002.0011.3114011100
3114011200,06.0002.0012.3114011200
3114011300,06.0002.0013.3114011300
3114011400,06.0002.0014.3114011400
3114011500,06.0002.0015.3114011500
3114011600,06.0002.0016.3114011600
3114011700,06.0002.0017.3114011700
3114011800,06.0002.0018.3114011800
3114011900,06.0002.0019.3114011900
31170,06.0003
3117010100,06.0003.0001.3117010100
3117010200,06.0003.0002.3117010200
3117010300,06.0003.0003.3117010300
3117010400,06.0003.0004.3117010400
3117010500,06.0003.0005.3117010500
3117010600,06.0003.0006.3117010600
3117010700,06.0003.0007.3117010700
3117010800,06.0003.0008.3117010800
31200,06.0004
3120010100,06.0004.0001.3120010100
3120010200,06.0004.0002.3120010200
3120010300,06.0004.0003.3120010300
3120010400,06.0004.0004.3120010400
3120010500,06.0004.0005.3120010500
3120010600,06.0004.0006.3120010600
3120010700,06.0004.0007.3120010700
3120010800,06.0004.0008.3120010800
3120010900,06.0004.0009.3120010900
3120011000,06.0004.0010.3120011000
3120011100,06.0004.0011.3120011100
3120011200,06.0004.0012.3120011200
3120011300,06.0004.0013.3120011300
3120011400,06.0004.0014.3120011400
3120011500,06.0004.0015.3120011500
3120011600,06.0004.0016.3120011600
3120011700,06.0004.0017.3120011700
3120011800,06.0004.0018.3120011800
3120011900,06.0004.0019.3120011900
3120012000,06.0004.0020.3120012000
3120012100,06.0004.0021.3120012100
3120012200,06.0004.0022.3120012200
3120012300,06.0004.0023.3120012300
3120012400,06.0004.0024.3120012400
3120012500,06.0004.0025.3120012500
3120012600,06.0004.0026.3120012600
3120012700,06.0004.0027.3120012700
31710,06.0005
3171025000,06.0005.0001.3171025000
3171025600,06.0005.0001.3171025600
3171025900,06.0005.0001.3171025900
3171026200,06.0005.0001.3171026200
3171026500,06.0005.0001.3171026500
3171025300,06.0005.0002.3171025300
3171031000,06.0005.0003.3171031000
3171034000,06.0005.0006.3171034000
3171036000,06.0005.0008.3171036000
3171037000,06.0005.0009.3171037000
3171038000,06.0005.0010.3171038000
3171040000,06.0005.0012.3171040000
36,07
36110,07.0000
3611010100,07.0000.0001.3611010100
3611010200,07.0000.0001.3611010200
3611010300,07.0000.0001.3611010300
3611010400,07.0000.0001.3611010400
3611010500,07.0000.0001.3611010500
3611010600,07.0000.0001.3611010600
3611010700,07.0000.0001.3611010700
3611010800,07.0000.0001.3611010800
3611010900,07.0000.0001.3611010900
3611011000,07.0000.0001.3611011000
3611011100,07.0000.0001.3611011100
3611011200,07.0000.0001.3611011200
3611011300,07.0000.0001.3611011300
3611011400,07.0000.0001.3611011400
3611011500,07.0000.0001.3611011500
3611011600,07.0000.0001.3611011600
3611011700,07.0000.0001.3611011700
3611011800,07.0000.0001.3611011800
3611011900,07.0000.0001.3611011900
3611012000,07.0000.0001.3611012000
3611012100,07.0000.0001.3611012100
3611012200,07.0000.0001.3611012200
3611012300,07.0000.0001.3611012300
3611025000,07.0000.0001.3611025000
3611031000,07.0000.0001.3611031000
3611032000,07.0000.0001.3611032000
3611033000,07.0000.0001.3611033000
3611034000,07.0000.0001.3611034000
3611035000,07.0000.0001.3611035000
3611036000,07.0000.0001.3611036000
3611037000,07.0000.0001.3611037000
3611038000,07.0000.0001.3611038000
3611039000,07.0000.0001.3611039000
41,08
41110,08.0001
41111,08.0001.41111
4111112900,08.0001.41111.0001.4111112900
4111113000,08.0001.41111.0001.4111113000
4111113100,08.0001.41111.0001.4111113100
4111113200,08.0001.41111.0001.4111113200
4111113300,08.0001.41111.0001.4111113300
4111113400,08.0001.41111.0001.4111113400
4111113500,08.0001.41111.0001.4111113500
4111113600,08.0001.41111.0001.4111113600
4111113700,08.0001.41111.0001.4111113700
4111113800,08.0001.41111.0001.4111113800
4111113900,08.0001.41111.0001.4111113900
41113,08.0001.41113
4111312600,08.0001.41113.0001.4111312600
4111312700,08.0001.41113.0001.4111312700
4111312800,08.0001.41113.0001.4111312800
4111312900,08.0001.41113.0001.4111312900
4111313000,08.0001.41113.0001.4111313000
4111313100,08.0001.41113.0001.4111313100
4111313200,08.0001.41113.0001.4111313200
4111313300,08.0001.41113.0001.4111313300
4111313400,08.0001.41113.0001.4111313400
4111313500,08.0001.41113.0001.4111313500
4111313600,08.0001.41113.0001.4111313600
4111313700,08.0001.41113.0001.4111313700
4111313800,08.0001.41113.0001.4111313800
4111313900,08.0001.41113.0001.4111313900
4111314000,08.0001.41113.0001.4111314000
4111314100,08.0001.41113.0001.4111314100
41115,08.0001.41115
4111512000,08.0001.41115.0001.4111512000
4111512100,08.0001.41115.0001.4111512100
4111512200,08.0001.41115.0001.4111512200
4111512300,08.0001.41115.0001.4111512300
4111512400,08.0001.41115.0001.4111512400
4111512500,08.0001.41115.0001.4111512500
4111512600,08.0001.41115.0001.4111512600
4111512700,08.0001.41115.0001.4111512700
4111512800,08.0001.41115.0001.4111512800
4111512900,08.0001.41115.0001.4111512900
4111513000,08.0001.41115.0001.4111513000
4111513100,08.0001.41115.0001.4111513100
4111513200,08.0001.41115.0001.4111513200
4111513300,08.0001.41115.0001.4111513300
4111513400,08.0001.41115.0001.4111513400
4111513500,08.0001.41115.0001.4111513500
4111513600,08.0001.41115.0001.4111513600
4111513700,08.0001.41115.0001.4111513700
4111513800,08.0001.41115.0001.4111513800
4111513900,08.0001.41115.0001.4111513900
4111514000,08.0001.41115.0001.4111514000
4111514100,08.0001.41115.0001.4111514100
41117,08.0001.41117
4111710100,08.0001.41117.0001.4111710100
4111710200,08.0001.41117.0001.4111710200
4111710300,08.0001.41117.0001.4111710300
4111710400,08.0001.41117.0001.4111710400
4111710500,08.0001.41117.0001.4111710500
4111710600,08.0001.41117.0001.4111710600
4111710700,08.0001.41117.0001.4111710700
41130,08.0002
41131,08.0002.41131
4113110100,08.0002.41131.0001.4113110100
4113110200,08.0002.41131.0002.4113110200
4113110300,08.0002.41131.0003.4113110300
4113110400,08.0002.41131.0004.4113110400
4113110500,08.0002.41131.0005.4113110500
4113110600,08.0002.41131.0006.4113110600
4113110700,08.0002.41131.0007.4113110700
4113110800,08.0002.41131.0008.4113110800
4113110900,08.0002.41131.0009.4113110900
4113111000,08.0002.41131.0010.4113111000
4113111100,08.0002.41131.0011.4113111100
4113111200,08.0002.41131.0012.4113111200
4113111300,08.0002.41131.0013.4113111300
4113111400,08.0002.41131.0014.4113111400
4113111500,08.0002.41131.0015.4113111500
4113111600,08.0002.41131.0016.4113111600
4113111700,08.0002.41131.0017.4113111700
41133,08.0002.41133
4113310100,08.0002.41133.0001.4113310100
4113313200,08.0002.41133.0001.4113313200
4113310300,08.0002.41133.0003.4113310300
4113310400,08.0002.41133.0004.4113310400
4113310500,08.0002.41133.0005.4113310500
4113310600,08.0002.41133.0006.4113310600
4113310700,08.0002.41133.0007.4113310700
4113310800,08.0002.41133.0008.4113310800
4113310900,08.0002.41133.0009.4113310900
41135,08.0002.41135
4113510100,08.0002.41135.0001.4113510100
4113510200,08.0002.41135.0002.4113510200
4113510300,08.0002.41135.0003.4113510300
4113510400,08.0002.41135.0004.4113510400
4113510500,08.0002.41135.0005.4113510500
4113510600,08.0002.41135.0006.4113510600
4113510700,08.0002.41135.0007.4113510700
4113510800,08.0002.41135.0008.4113510800
4113510900,08.0002.41135.0009.4113510900
4113511000,08.0002.41135.0010.4113511000
4113511100,08.0002.41135.0011.4113511100
4113511200,08.0002.41135.0012.4113511200
4113511300,08.0002.41135.0013.4113511300
4113511400,08.0002.41135.0014.4113511400
4113511500,08.0002.41135.0015.4113511500
4113511600,08.0002.41135.0016.4113511600
4113511700,08.0002.41135.0017.4113511700
4113511800,08.0002.41135.0018.4113511800
41150,08.0003
4115010100,08.0003.0001.4115010100
4115010200,08.0003.0002.4115010200
4115010300,08.0003.0003.4115010300
4115010400,08.0003.0004.4115010400
4115010500,08.0003.0005.4115010500
4115010600,08.0003.0006.4115010600
4115010700,08.0003.0007.4115010700
4115010800,08.0003.0008.4115010800
4115010900,08.0003.0009.4115010900
4115011000,08.0003.0010.4115011000
4115011100,08.0003.0011.4115011100
4115011200,08.0003.0012.4115011200
4115011300,08.0003.0013.4115011300
41170,08.0004
41171,08.0004.41171
4117110100,08.0004.41171.0001.4117110100
4117110200,08.0004.41171.0002.4117110200
4117110300,08.0004.41171.0003.4117110300
41173,08.0004.41173
4117310100,08.0004.41173.0001.4117310100
4117310200,08.0004.41173.0002.4117310200
4117310300,08.0004.41173.0003.4117310300
4117310400,08.0004.41173.0004.4117310400
41190,08.0005
41192,08.0005.41192
4119210100,08.0005.41192.0001.4119210100
4119210200,08.0005.41192.0002.4119210200
4119210300,08.0005.41192.0003.4119210300
4119210400,08.0005.41192.0004.4119210400
4119210500,08.0005.41192.0005.4119210500
4119210600,08.0005.41192.0006.4119210600
4119210700,08.0005.41192.0007.4119210700
4119210800,08.0005.41192.0008.4119210800
4119210900,08.0005.41192.0009.4119210900
41194,08.0005.41194
4119410100,08.0005.41194.0001.4119410100
4119410200,08.0005.41194.0002.4119410200
4119410300,08.0005.41194.0003.4119410300
4119410400,08.0005.41194.0004.4119410400
4119410500,08.0005.41194.0005.4119410500
4119410600,08.0005.41194.0006.4119410600
4119410700,08.0005.41194.0007.4119410700
41196,08.0005.41196
4119610100,08.0005.41196.0001.4119610100
4119610200,08.0005.41196.0002.4119610200
4119610300,08.0005.41196.0003.4119610300
4119610400,08.0005.41196.0004.4119610400
4119610500,08.0005.41196.0005.4119610500
4119610600,08.0005.41196.0006.4119610600
4119610700,08.0005.41196.0007.4119610700
4119610800,08.0005.41196.0008.4119610800
41210,08.0006
4121010100,08.0006.0001.4121010100
4121010200,08.0006.0002.4121010200
4121010300,08.0006.0003.4121010300
4121010400,08.0006.0004.4121010400
4121010500,08.0006.0005.4121010500
4121010600,08.0006.0006.4121010600
4121010700,08.0006.0007.4121010700
4121010800,08.0006.0008.4121010800
41220,08.0007
4122010100,08.0007.0001.4122010100
4122012800,08.0007.0001.4122012800
4122025300,08.0007.0001.4122025300
4122025600,08.0007.0001.4122025600
4122025900,08.0007.0001.4122025900
4122010200,08.0007.0002.4122010200
4122010300,08.0007.0003.4122010300
4122010400,08.0007.0004.4122010400
4122010500,08.0007.0005.4122010500
4122010600,08.0007.0006.4122010600
4122010700,08.0007.0007.4122010700
4122010800,08.0007.0008.4122010800
4122010900,08.0007.0009.4122010900
4122011000,08.0007.0010.4122011000
4122011100,08.0007.0011.4122011100
4122011200,08.0007.0012.4122011200
4122011300,08.0007.0013.4122011300
4122011400,08.0007.0014.4122011400
4122011500,08.0007.0015.4122011500
4122011600,08.0007.0016.4122011600
4122011700,08.0007.0017.4122011700
4122011800,08.0007.0018.4122011800
4122011900,08.0007.0019.4122011900
4122012000,08.0007.0020.4122012000
4122012100,08.0007.0021.4122012100
4122012200,08.0007.0022.4122012200
4122012300,08.0007.0023.4122012300
4122012400,08.0007.0024.4122012400
4122012500,08.0007.0025.4122012500
4122012600,08.0007.0026.4122012600
4122012700,08.0007.0027.4122012700
4122025000,08.0007.0028.4122025000
4122031000,08.0007.0029.4122031000
4122032000,08.0007.0030.4122032000
4122033000,08.0007.0031.4122033000
4122034000,08.0007.0032.4122034000
4122037000,08.0007.0035.4122037000
41250,08.0008
4125010100,08.0008.0001.4125010100
4125010200,08.0008.0002.4125010200
4125010300,08.0008.0003.4125010300
4125010400,08.0008.0004.4125010400
4125010500,08.0008.0005.4125010500
4125010600,08.0008.0006.4125010600
4125010700,08.0008.0007.4125010700
4125010800,08.0008.0008.4125010800
4125010900,08.0008.0009.4125010900
4125011000,08.0008.0010.4125011000
4125011100,08.0008.0011.4125011100
4125011200,08.0008.0012.4125011200
41270,08.0009
41271,08.0009.41271
4127110100,08.0009.41271.0001.4127110100
4127110200,08.0009.41271.0002.4127110200
4127110300,08.0009.41271.0003.4127110300
4127110400,08.0009.41271.0004.4127110400
4127110500,08.0009.41271.0005.4127110500
4127110600,08.0009.41271.0006.4127110600
4127110700,08.0009.41271.0007.4127110700
4127110800,08.0009.41271.0008.4127110800
4127110900,08.0009.41271.0009.4127110900
4127111000,08.0009.41271.0010.4127111000
4127111100,08.0009.41271.0011.4127111100
4127111200,08.0009.41271.0012.4127111200
4127111300,08.0009.41271.0013.4127111300
4127111400,08.0009.41271.0014.4127111400
4127111500,08.0009.41271.0015.4127111500
41273,08.0009.41273
4127310100,08.0009.41273.0001.4127310100
4127310200,08.0009.41273.0002.4127310200
4127310300,08.0009.41273.0003.4127310300
4127310400,08.0009.41273.0004.4127310400
4127310500,08.0009.41273.0005.4127310500
4127310600,08.0009.41273.0006.4127310600
4127310700,08.0009.41273.0007.4127310700
4127310800,08.0009.41273.0008.4127310800
4127310900,08.0009.41273.0009.4127310900
4127311000,08.0009.41273.0010.4127311000
4127311100,08.0009.41273.0011.4127311100
4127311200,08.0009.41273.0012.4127311200
4127311300,08.0009.41273.0013.4127311300
4127311400,08.0009.41273.0014.4127311400
4127311500,08.0009.41273.0015.4127311500
41280,08.0010
41281,08.0010.41281
4128110100,08.0010.41281.0001.4128110100
4128110200,08.0010.41281.0002.4128110200
4128110300,08.0010.41281.0003.4128110300
4128110400,08.0010.41281.0004.4128110400
4128110500,08.0010.41281.0005.4128110500
4128110600,08.0010.41281.0006.4128110600
4128110700,08.0010.41281.0007.4128110700
4128110800,08.0010.41281.0008.4128110800
4128110900,08.0010.41281.0009.4128110900
4128111000,08.0010.41281.0010.4128111000
4128111100,08.0010.41281.0011.4128111100
4128111200,08.0010.41281.0012.4128111200
4128111300,08.0010.41281.0013.4128111300
4128111400,08.0010.41281.0014.4128111400
4128111500,08.0010.41281.0015.4128111500
4128111600,08.0010.41281.0016.4128111600
4128111700,08.0010.41281.0017.4128111700
4128111800,08.0010.41281.0018.4128111800
4128111900,08.0010.41281.0019.4128111900
4128112000,08.0010.41281.0020.4128112000
4128112100,08.0010.41281.0021.4128112100
4128112200,08.0010.41281.0022.4128112200
4128112300,08.0010.41281.0023.4128112300
4128112400,08.0010.41281.0024.4128112400
4128112500,08.0010.41281.0025.4128112500
4128112600,08.0010.41281.0026.4128112600
4128112700,08.0010.41281.0027.4128112700
4128112800,08.0010.41281.0028.4128112800
4128112900,08.0010.41281.0029.4128112900
4128113000,08.0010.41281.0030.4128113000
4128113100,08.0010.41281.0031.4128113100
4128113200,08.0010.41281.0032.4128113200
41285,08.0010.41285
4128510100,08.0010.41285.0001.4128510100
4128510200,08.0010.41285.0001.4128510200
4128510300,08.0010.41285.0001.4128510300
4128510400,08.0010.41285.0001.4128510400
4128510500,08.0010.41285.0001.4128510500
4128510600,08.0010.41285.0001.4128510600
4128510700,08.0010.41285.0001.4128510700
4128510800,08.0010.41285.0001.4128510800
4128510900,08.0010.41285.0001.4128510900
4128511000,08.0010.41285.0001.4128511000
4128511100,08.0010.41285.0001.4128511100
4128511200,08.0010.41285.0001.4128511200
4128511300,08.0010.41285.0001.4128511300
41287,08.0010.41287
4128710100,08.0010.41287.0001.4128710100
4128710200,08.0010.41287.0001.4128710200
4128710300,08.0010.41287.0001.4128710300
4128710400,08.0010.41287.0001.4128710400
4128710500,08.0010.41287.0001.4128710500
4128710600,08.0010.41287.0001.4128710600
4128710700,08.0010.41287.0001.4128710700
4128710800,08.0010.41287.0001.4128710800
41290,08.0011
4129010100,08.0011.0001.4129010100
4129010200,08.0011.0002.4129010200
4129010300,08.0011.0003.4129010300
4129010400,08.0011.0004.4129010400
4129010500,08.0011.0005.4129010500
4129010600,08.0011.0006.4129010600
4129010700,08.0011.0007.4129010700
4129010800,08.0011.0008.4129010800
4129010900,08.0011.0009.4129010900
4129011000,08.0011.0010.4129011000
41310,08.0012
4131010100,08.0012.0001.4131010100
4131010200,08.0012.0002.4131010200
4131010300,08.0012.0003.4131010300
4131010400,08.0012.0004.4131010400
4131010500,08.0012.0005.4131010500
4131010600,08.0012.0006.4131010600
4131010700,08.0012.0007.4131010700
41360,08.0013
4136010100,08.0013.0001.4136010100
4136011100,08.0013.0001.4136011100
4136011200,08.0013.0001.4136011200
4136025900,08.0013.0001.4136025900
4136026200,08.0013.0001.4136026200
4136026500,08.0013.0001.4136026500
4136010200,08.0013.0002.4136010200
4136010300,08.0013.0003.4136010300
4136010400,08.0013.0004.4136010400
4136010500,08.0013.0005.4136010500
4136010600,08.0013.0006.4136010600
4136010800,08.0013.0008.4136010800
4136010900,08.0013.0009.4136010900
4136011000,08.0013.0010.4136011000
4136025000,08.0013.0011.4136025000
4136025300,08.0013.0012.4136025300
4136025600,08.0013.0013.4136025600
4136031000,08.0013.0014.4136031000
4136034000,08.0013.0016.4136034000
4136036000,08.0013.0017.4136036000
41370,08.0014
4137010100,08.0014.0001.4137010100
4137010200,08.0014.0002.4137010200
4137010300,08.0014.0003.4137010300
4137010400,08.0014.0004.4137010400
4137010500,08.0014.0005.4137010500
4137010600,08.0014.0006.4137010600
4137010700,08.0014.0007.4137010700
4137010800,08.0014.0008.4137010800
4137010900,08.0014.0009.4137010900
4137011000,08.0014.0010.4137011000
4137011100,08.0014.0011.4137011100
4137011200,08.0014.0012.4137011200
4137011300,08.0014.0013.4137011300
4137011400,08.0014.0014.4137011400
4137011500,08.0014.0015.4137011500
4137011600,08.0014.0016.4137011600
4137011700,08.0014.0017.4137011700
4137011800,08.0014.0018.4137011800
4137011900,08.0014.0019.4137011900
4137012000,08.0014.0020.4137012000
4137012100,08.0014.0021.4137012100
4137012200,08.0014.0022.4137012200
4137012300,08.0014.0023.4137012300
4137012400,08.0014.0024.4137012400
41390,08.0015
4139010100,08.0015.0001.4139010100
4139013500,08.0015.0001.4139013500
4139010200,08.0015.0002.4139010200
4139010300,08.0015.0003.4139010300
4139010400,08.0015.0004.4139010400
4139010500,08.0015.0005.4139010500
4139010600,08.0015.0006.4139010600
4139010700,08.0015.0007.4139010700
4139010800,08.0015.0008.4139010800
4139010900,08.0015.0009.4139010900
4139011000,08.0015.0010.4139011000
4139011200,08.0015.0011.4139011200
4139011300,08.0015.0012.4139011300
4139011700,08.0015.0013.4139011700
4139011800,08.0015.0014.4139011800
4139011900,08.0015.0015.4139011900
4139012000,08.0015.0016.4139012000
4139012100,08.0015.0017.4139012100
4139012200,08.0015.0018.4139012200
4139012300,08.0015.0019.4139012300
4139012400,08.0015.0020.4139012400
4139012500,08.0015.0021.4139012500
4139012600,08.0015.0022.4139012600
4139012700,08.0015.0023.4139012700
4139012800,08.0015.0024.4139012800
4139012900,08.0015.0025.4139012900
4139013000,08.0015.0026.4139013000
4139013100,08.0015.0027.4139013100
4139013200,08.0015.0028.4139013200
4139013300,08.0015.0029.4139013300
4139013400,08.0015.0030.4139013400
41410,08.0016
4141010100,08.0016.0001.4141010100
4141010200,08.0016.0002.4141010200
4141010300,08.0016.0003.4141010300
4141010400,08.0016.0004.4141010400
4141010500,08.0016.0005.4141010500
4141010600,08.0016.0006.4141010600
4141010700,08.0016.0007.4141010700
4141010800,08.0016.0008.4141010800
4141010900,08.0016.0009.4141010900
41430,08.0017
4143010100,08.0017.0001.4143010100
4143010200,08.0017.0002.4143010200
4143010300,08.0017.0003.4143010300
4143010400,08.0017.0004.4143010400
4143010500,08.0017.0005.4143010500
4143010600,08.0017.0006.4143010600
4143010700,08.0017.0007.4143010700
4143010800,08.0017.0008.4143010800
4143010900,08.0017.0009.4143010900
4143011000,08.0017.0010.4143011000
4143011100,08.0017.0011.4143011100
41450,08.0018
4145010100,08.0018.0001.4145010100
4145010200,08.0018.0002.4145010200
4145010300,08.0018.0003.4145010300
4145010400,08.0018.0004.4145010400
4145010500,08.0018.0005.4145010500
4145010600,08.0018.0006.4145010600
4145010700,08.0018.0007.4145010700
4145010800,08.0018.0008.4145010800
4145010900,08.0018.0009.4145010900
4145011000,08.0018.0010.4145011000
4145011100,08.0018.0011.4145011100
4145011200,08.0018.0012.4145011200
4145011300,08.0018.0013.4145011300
4145011400,08.0018.0014.4145011400
4145011500,08.0018.0015.4145011500
4145011600,08.0018.0016.4145011600
4145011700,08.0018.0017.4145011700
4145011800,08.0018.0018.4145011800
4145011900,08.0018.0019.4145011900
4145012000,08.0018.0020.4145012000
4145012100,08.0018.0021.4145012100
4145012200,08.0018.0022.4145012200
4145012300,08.0018.0023.4145012300
4145012400,08.0018.0024.4145012400
41460,08.0019
41461,08.0019.41461
4146110100,08.0019.41461.0001.4146110100
4146110200,08.0019.41461.0001.4146110200
4146110300,08.0019.41461.0001.4146110300
4146110400,08.0019.41461.0001.4146110400
4146110500,08.0019.41461.0001.4146110500
4146110600,08.0019.41461.0001.4146110600
4146110700,08.0019.41461.0001.4146110700
4146110800,08.0019.41461.0001.4146110800
4146110900,08.0019.41461.0001.4146110900
4146111000,08.0019.41461.0001.4146111000
4146125000,08.0019.41461.0001.4146125000
4146125300,08.0019.41461.0001.4146125300
4146125600,08.0019.41461.0001.4146125600
4146125900,08.0019.41461.0001.4146125900
4146134000,08.0019.41461.0001.4146134000
4146135000,08.0019.41461.0001.4146135000
4146126200,08.0019.41461.0011.4146126200
41463,08.0019.41463
4146310100,08.0019.41463.0001.4146310100
4146310200,08.0019.41463.0001.4146310200
4146310300,08.0019.41463.0001.4146310300
4146310400,08.0019.41463.0001.4146310400
4146310500,08.0019.41463.0001.4146310500
4146310600,08.0019.41463.0001.4146310600
4146310700,08.0019.41463.0001.4146310700
4146310800,08.0019.41463.0001.4146310800
4146310900,08.0019.41463.0001.4146310900
4146311000,08.0019.41463.0001.4146311000
4146311100,08.0019.41463.0001.4146311100
4146311200,08.0019.41463.0001.4146311200
4146311300,08.0019.41463.0001.4146311300
4146311400,08.0019.41463.0001.4146311400
4146311500,08.0019.41463.0001.4146311500
4146311600,08.0019.41463.0001.4146311600
4146311700,08.0019.41463.0001.4146311700
4146311800,08.0019.41463.0001.4146311800
41465,08.0019.41465
4146510100,08.0019.41465.0001.4146510100
4146510200,08.0019.41465.0001.4146510200
4146510300,08.0019.41465.0001.4146510300
4146510400,08.0019.41465.0001.4146510400
4146510500,08.0019.41465.0001.4146510500
4146510600,08.0019.41465.0001.4146510600
4146510700,08.0019.41465.0001.4146510700
41480,08.0020
4148010100,08.0020.0001.4148010100
4148010700,08.0020.0001.4148010700
4148010800,08.0020.0001.4148010800
4148010900,08.0020.0001.4148010900
4148011000,08.0020.0001.4148011000
4148011100,08.0020.0001.4148011100
4148011200,08.0020.0001.4148011200
4148011300,08.0020.0001.4148011300
4148011400,08.0020.0001.4148011400
4148011500,08.0020.0001.4148011500
4148011600,08.0020.0001.4148011600
4148011700,08.0020.0001.4148011700
4148011800,08.0020.0001.4148011800
4148011900,08.0020.0001.4148011900
4148012000,08.0020.0001.4148012000
4148012100,08.0020.0001.4148012100
4148012200,08.0020.0001.4148012200
4148012300,08.0020.0001.4148012300
4148026200,08.0020.0001.4148026200
4148010200,08.0020.0002.4148010200
4148010400,08.0020.0004.4148010400
4148010500,08.0020.0005.4148010500
4148010600,08.0020.0006.4148010600
4148025000,08.0020.0007.4148025000
4148025300,08.0020.0008.4148025300
4148025600,08.0020.0009.4148025600
4148031000,08.0020.0010.4148031000
4148032000,08.0020.0011.4148032000
4148035000,08.0020.0014.4148035000
4148036000,08.0020.0015.4148036000
4148037000,08.0020.0016.4148037000
4148038000,08.0020.0017.4148038000
4148039000,08.0020.0018.4148039000
4148040000,08.0020.0019.4148040000
4148041000,08.0020.0020.4148041000
41500,08.0021
4150010100,08.0021.0001.4150010100
4150010200,08.0021.0002.4150010200
4150010300,08.0021.0003.4150010300
4150010400,08.0021.0004.4150010400
4150010500,08.0021.0005.4150010500
4150010600,08.0021.0006.4150010600
4150010700,08.0021.0007.4150010700
4150010800,08.0021.0008.4150010800
4150010900,08.0021.0009.4150010900
4150011000,08.0021.0010.4150011000
4150011100,08.0021.0011.4150011100
4150011200,08.0021.0012.4150011200
4150011300,08.0021.0013.4150011300
4150011400,08.0021.0014.4150011400
4150011500,08.0021.0015.4150011500
4150025000,08.0021.0016.4150025000
4150025300,08.0021.0017.4150025300
4150031000,08.0021.0018.4150031000
4150032000,08.0021.0019.4150032000
4150033000,08.0021.0020.4150033000
4150034000,08.0021.0021.4150034000
4150035000,08.0021.0022.4150035000
4150036000,08.0021.0023.4150036000
4150037000,08.0021.0024.4150037000
4150038000,08.0021.0025.4150038000
41550,08.0022
4155010100,08.0022.0001.4155010100
4155025000,08.0022.0001.4155025000
4155010200,08.0022.0002.4155010200
4155010300,08.0022.0003.4155010300
4155010400,08.0022.0004.4155010400
4155010500,08.0022.0005.4155010500
4155010600,08.0022.0006.4155010600
4155010700,08.0022.0007.4155010700
4155010800,08.0022.0008.4155010800
4155010900,08.0022.0009.4155010900
4155011000,08.0022.0010.4155011000
4155011100,08.0022.0011.4155011100
4155011200,08.0022.0012.4155011200
4155011300,08.0022.0013.4155011300
4155011400,08.0022.0014.4155011400
4155011500,08.0022.0015.4155011500
4155011600,08.0022.0016.4155011600
4155011700,08.0022.0017.4155011700
4155011800,08.0022.0018.4155011800
4155011900,08.0022.0019.4155011900
4155012000,08.0022.0020.4155012000
4155012100,08.0022.0021.4155012100
4155012200,08.0022.0022.4155012200
4155012300,08.0022.0023.4155012300
4155012400,08.0022.0024.4155012400
4155012500,08.0022.0025.4155012500
4155012600,08.0022.0026.4155012600
4155012700,08.0022.0027.4155012700
4155012800,08.0022.0028.4155012800
4155012900,08.0022.0029.4155012900
4155013000,08.0022.0030.4155013000
4155013100,08.0022.0031.4155013100
4155013200,08.0022.0032.4155013200
4155013300,08.0022.0033.4155013300
4155031000,08.0022.0034.4155031000
4155032000,08.0022.0035.4155032000
4155033000,08.0022.0036.4155033000
4155034000,08.0022.0037.4155034000
4155035000,08.0022.0038.4155035000
4155036000,08.0022.0039.4155036000
4155038000,08.0022.0041.4155038000
4155039000,08.0022.0042.4155039000
4155040000,08.0022.0043.4155040000
4155041000,08.0022.0044.4155041000
4155042000,08.0022.0045.4155042000
41570,08.0023
4157010100,08.0023.0001.4157010100
4157010800,08.0023.0001.4157010800
4157010900,08.0023.0001.4157010900
4157025000,08.0023.0001.4157025000
4157025300,08.0023.0001.4157025300
4157025600,08.0023.0001.4157025600
4157010200,08.0023.0002.4157010200
4157010300,08.0023.0003.4157010300
4157010400,08.0023.0004.4157010400
4157010500,08.0023.0005.4157010500
4157010600,08.0023.0006.4157010600
4157010700,08.0023.0007.4157010700
4157034000,08.0023.0011.4157034000
4157035000,08.0023.0012.4157035000
4157036000,08.0023.0013.4157036000
41590,08.0024
41591,08.0024.41591
4159110100,08.0024.41591.0001.4159110100
4159125000,08.0024.41591.0002.4159125000
4159125300,08.0024.41591.0003.4159125300
4159125600,08.0024.41591.0004.4159125600
4159131000,08.0024.41591.0005.4159131000
4159132000,08.0024.41591.0006.4159132000
4159133000,08.0024.41591.0007.4159133000
4159134000,08.0024.41591.0008.4159134000
4159135000,08.0024.41591.0009.4159135000
4159136000,08.0024.41591.0010.4159136000
41593,08.0024.41593
4159310100,08.0024.41593.0001.4159310100
4159310200,08.0024.41593.0002.4159310200
4159325000,08.0024.41593.0003.4159325000
4159331000,08.0024.41593.0004.4159331000
4159332000,08.0024.41593.0005.4159332000
4159333000,08.0024.41593.0006.4159333000
41595,08.0024.41595
4159510100,08.0024.41595.0001.4159510100
4159510200,08.0024.41595.0002.4159510200
4159510300,08.0024.41595.0003.4159510300
4159510400,08.0024.41595.0004.4159510400
4159510500,08.0024.41595.0005.4159510500
4159510600,08.0024.41595.0006.4159510600
4159510700,08.0024.41595.0007.4159510700
4159510800,08.0024.41595.0008.4159510800
4159510900,08.0024.41595.0009.4159510900
41597,08.0024.41597
4159710100,08.0024.41597.0001.4159710100
4159710200,08.0024.41597.0002.4159710200
4159710300,08.0024.41597.0003.4159710300
4159710500,08.0024.41597.0005.4159710500
4159710600,08.0024.41597.0006.4159710600
4159710700,08.0024.41597.0007.4159710700
4159710800,08.0024.41597.0008.4159710800
4159710900,08.0024.41597.0009.4159710900
4159711000,08.0024.41597.0010.4159711000
4159711100,08.0024.41597.0011.4159711100
4159711200,08.0024.41597.0012.4159711200
4159711300,08.0024.41597.0013.4159711300
4159711400,08.0024.41597.0014.4159711400
4159711500,08.0024.41597.0015.4159711500
41610,08.0025
4161010100,08.0025.0001.4161010100
4161010200,08.0025.0001.4161010200
4161010300,08.0025.0001.4161010300
4161010400,08.0025.0001.4161010400
4161010500,08.0025.0001.4161010500
4161010600,08.0025.0001.4161010600
4161010700,08.0025.0001.4161010700
4161010800,08.0025.0001.4161010800
4161010900,08.0025.0001.4161010900
4161011000,08.0025.0001.4161011000
4161011100,08.0025.0001.4161011100
4161011200,08.0025.0001.4161011200
4161011300,08.0025.0001.4161011300
4161011400,08.0025.0001.4161011400
4161011500,08.0025.0001.4161011500
4161011600,08.0025.0001.4161011600
4161011700,08.0025.0001.4161011700
4161011800,08.0025.0001.4161011800
4161011900,08.0025.0001.4161011900
4161012000,08.0025.0001.4161012000
4161025300,08.0025.0001.4161025300
4161025900,08.0025.0001.4161025900
4161033000,08.0025.0001.4161033000
4161034000,08.0025.0001.4161034000
4161035000,08.0025.0001.4161035000
4161037000,08.0025.0001.4161037000
41630,08.0026
4163010100,08.0026.0001.4163010100
4163010200,08.0026.0001.4163010200
4163010300,08.0026.0001.4163010300
4163010400,08.0026.0001.4163010400
4163010500,08.0026.0001.4163010500
4163010600,08.0026.0001.4163010600
4163010700,08.0026.0001.4163010700
4163010800,08.0026.0001.4163010800
4163010900,08.0026.0001.4163010900
4163011000,08.0026.0001.4163011000
4163011100,08.0026.0001.4163011100
4163011200,08.0026.0001.4163011200
4163011300,08.0026.0001.4163011300
4163011400,08.0026.0001.4163011400
4163011500,08.0026.0001.4163011500
4163011600,08.0026.0001.4163011600
4163011700,08.0026.0001.4163011700
4163025000,08.0026.0001.4163025000
4163031000,08.0026.0001.4163031000
4163032000,08.0026.0001.4163032000
4163033000,08.0026.0001.4163033000
4163034000,08.0026.0001.4163034000
41650,08.0027
4165010100,08.0027.0001.4165010100
4165010200,08.0027.0001.4165010200
4165010300,08.0027.0001.4165010300
4165010400,08.0027.0001.4165010400
4165010500,08.0027.0001.4165010500
4165010600,08.0027.0001.4165010600
4165025000,08.0027.0001.4165025000
4165031000,08.0027.0001.4165031000
4165032000,08.0027.0001.4165032000
4165033000,08.0027.0001.4165033000
4165034000,08.0027.0001.4165034000
4165035000,08.0027.0001.4165035000
4165036000,08.0027.0001.4165036000
4165037000,08.0027.0001.4165037000
4165038000,08.0027.0001.4165038000
4165039000,08.0027.0001.4165039000
4165040000,08.0027.0001.4165040000
4165041000,08.0027.0001.4165041000
41670,08.0028
4167010100,08.0028.0001.4167010100
4167010200,08.0028.0001.4167010200
4167010300,08.0028.0001.4167010300
4167010400,08.0028.0001.4167010400
4167010500,08.0028.0001.4167010500
4167010600,08.0028.0001.4167010600
4167010700,08.0028.0001.4167010700
4167010800,08.0028.0001.4167010800
4167010900,08.0028.0001.4167010900
4167011000,08.0028.0001.4167011000
4167011100,08.0028.0001.4167011100
4167011200,08.0028.0001.4167011200
4167011300,08.0028.0001.4167011300
4167011400,08.0028.0001.4167011400
4167011500,08.0028.0001.4167011500
4167011600,08.0028.0001.4167011600
4167011700,08.0028.0001.4167011700
4167011800,08.0028.0001.4167011800
4167011900,08.0028.0001.4167011900
4167012000,08.0028.0001.4167012000
4167012100,08.0028.0001.4167012100
4167012200,08.0028.0001.4167012200
4167012300,08.0028.0001.4167012300
4167025000,08.0028.0001.4167025000
4167031000,08.0028.0001.4167031000
4167032000,08.0028.0001.4167032000
4167033000,08.0028.0001.4167033000
4167034500,08.0028.0001.4167034500
4167035000,08.0028.0001.4167035000
4167036000,08.0028.0001.4167036000
4167037000,08.0028.0001.4167037000
4167038000,08.0028.0001.4167038000
41800,08.0029
4180025000,08.0029.0001.4180025000
4180025300,08.0029.0002.4180025300
4180031000,08.0029.0003.4180031000
4180032000,08.0029.0004.4180032000
4180033000,08.0029.0005.4180033000
4180034000,08.0029.0006.4180034000
4180035000,08.0029.0007.4180035000
4180036000,08.0029.0008.4180036000
4180037000,08.0029.0009.4180037000
4180038000,08.0029.0010.4180038000
41820,08.0030
4182025000,08.0030.0001.4182025000
4182032500,08.0030.0001.4182032500
4182034500,08.0030.0001.4182034500
4182031000,08.0030.0002.4182031000
4182033000,08.0030.0004.4182033000
4182035000,08.0030.0006.4182035000
41830,08.0031
4183025000,08.0031.0001.4183025000
4183039500,08.0031.0001.4183039500
4183031000,08.0031.0002.4183031000
4183032000,08.0031.0003.4183032000
4183033000,08.0031.0004.4183033000
4183034000,08.0031.0005.4183034000
4183035000,08.0031.0006.4183035000
4183036000,08.0031.0007.4183036000
4183037000,08.0031.0008.4183037000
4183038000,08.0031.0009.4183038000
4183040000,08.0031.0011.4183040000
4183041000,08.0031.0012.4183041000
51,09
51110,09.0001
5111010100,09.0001.0001.5111010100
5111010200,09.0001.0002.5111010200
5111010300,09.0001.0003.5111010300
5111010400,09.0001.0004.5111010400
5111010500,09.0001.0005.5111010500
5111010600,09.0001.0006.5111010600
5111010700,09.0001.0007.5111010700
5111010800,09.0001.0008.5111010800
5111010900,09.0001.0009.5111010900
5111011000,09.0001.0010.5111011000
5111011100,09.0001.0011.5111011100
5111011200,09.0001.0012.5111011200
5111011300,09.0001.0013.5111011300
5111011400,09.0001.0014.5111011400
5111011500,09.0001.0015.5111011500
5111011600,09.0001.0016.5111011600
5111011700,09.0001.0017.5111011700
5111011800,09.0001.0018.5111011800
5111011900,09.0001.0019.5111011900
5111012000,09.0001.0020.5111012000
5111012100,09.0001.0021.5111012100
5111012200,09.0001.0022.5111012200
5111012300,09.0001.0023.5111012300
5111012400,09.0001.0024.5111012400
5111012500,09.0001.0025.5111012500
5111012600,09.0001.0026.5111012600
5111012700,09.0001.0027.5111012700
5111012800,09.0001.0028.5111012800
5111012900,09.0001.0029.5111012900
5111025000,09.0001.0030.5111025000
5111031000,09.0001.0031.5111031000
5111032000,09.0001.0032.5111032000
5111033000,09.0001.0033.5111033000
5111034000,09.0001.0034.5111034000
5111035000,09.0001.0035.5111035000
5111036000,09.0001.0036.5111036000
5111038000,09.0001.0037.5111038000
5111039000,09.0001.0038.5111039000
5111040000,09.0001.0039.5111040000
51130,09.0002
5113010100,09.0002.0001.5113010100
5113010200,09.0002.0002.5113010200
5113010300,09.0002.0003.5113010300
5113010400,09.0002.0004.5113010400
5113010500,09.0002.0005.5113010500
5113010600,09.0002.0006.5113010600
5113010700,09.0002.0007.5113010700
5113010800,09.0002.0008.5113010800
5113010900,09.0002.0009.5113010900
5113011000,09.0002.0010.5113011000
5113011100,09.0002.0011.5113011100
5113011200,09.0002.0012.5113011200
5113011300,09.0002.0013.5113011300
5113011400,09.0002.0014.5113011400
5113011500,09.0002.0015.5113011500
5113011600,09.0002.0016.5113011600
5113011700,09.0002.0017.5113011700
5113011800,09.0002.0018.5113011800
5113025000,09.0002.0019.5113025000
5113031000,09.0002.0020.5113031000
5113032000,09.0002.0021.5113032000
5113033000,09.0002.0022.5113033000
5113035000,09.0002.0023.5113035000
5113036000,09.0002.0024.5113036000
5113037000,09.0002.0025.5113037000
5113038000,09.0002.0026.5113038000
5113039000,09.0002.0027.5113039000
51150,09.0003
5115010100,09.0003.0001.5115010100
5115010200,09.0003.0002.5115010200
5115010300,09.0003.0003.5115010300
5115010400,09.0003.0004.5115010400
5115010500,09.0003.0005.5115010500
5115010600,09.0003.0006.5115010600
5115010700,09.0003.0007.5115010700
5115010800,09.0003.0008.5115010800
5115010900,09.0003.0009.5115010900
5115011000,09.0003.0010.5115011000
5115011100,09.0003.0011.5115011100
5115011200,09.0003.0012.5115011200
5115011300,09.0003.0013.5115011300
5115011400,09.0003.0014.5115011400
5115011500,09.0003.0015.5115011500
5115011600,09.0003.0016.5115011600
5115011700,09.0003.0017.5115011700
5115011800,09.0003.0018.5115011800
5115011900,09.0003.0019.5115011900
5115012000,09.0003.0020.5115012000
5115012100,09.0003.0021.5115012100
5115012200,09.0003.0022.5115012200
5115012300,09.0003.0023.5115012300
5115012400,09.0003.0024.5115012400
5115012500,09.0003.0025.5115012500
5115012600,09.0003.0026.5115012600
5115012700,09.0003.0027.5115012700
5115012800,09.0003.0028.5115012800
5115012900,09.0003.0029.5115012900
5115013000,09.0003.0030.5115013000
5115013100,09.0003.0031.5115013100
5115013200,09.0003.0032.5115013200
5115013300,09.0003.0033.5115013300
5115013400,09.0003.0034.5115013400
5115013500,09.0003.0035.5115013500
5115013600,09.0003.0036.5115013600
5115013700,09.0003.0037.5115013700
5115013800,09.0003.0038.5115013800
5115013900,09.0003.0039.5115013900
5115025000,09.0003.0040.5115025000
5115031000,09.0003.0041.5115031000
5115032000,09.0003.0042.5115032000
5115033000,09.0003.0043.5115033000
5115034000,09.0003.0044.5115034000
5115035000,09.0003.0045.5115035000
5115036000,09.0003.0046.5115036000
5115037000,09.0003.0047.5115037000
51170,09.0004
5117010100,09.0004.0001.5117010100
5117010200,09.0004.0002.5117010200
5117010300,09.0004.0003.5117010300
5117010400,09.0004.0004.5117010400
5117010500,09.0004.0005.5117010500
5117010600,09.0004.0006.5117010600
5117010700,09.0004.0007.5117010700
5117010800,09.0004.0008.5117010800
5117010900,09.0004.0009.5117010900
5117011000,09.0004.0010.5117011000
5117011100,09.0004.0011.5117011100
5117011200,09.0004.0012.5117011200
5117011300,09.0004.0013.5117011300
5117011400,09.0004.0014.5117011400
5117011500,09.0004.0015.5117011500
5117011600,09.0004.0016.5117011600
5117011700,09.0004.0017.5117011700
5117011800,09.0004.0018.5117011800
5117011900,09.0004.0019.5117011900
5117012000,09.0004.0020.5117012000
5117012100,09.0004.0021.5117012100
5117012200,09.0004.0022.5117012200
5117012300,09.0004.0023.5117012300
5117012400,09.0004.0024.5117012400
5117012500,09.0004.0025.5117012500
5117012600,09.0004.0026.5117012600
5117012700,09.0004.0027.5117012700
5117012800,09.0004.0028.5117012800
5117012900,09.0004.0029.5117012900
5117013000,09.0004.0030.5117013000
5117013100,09.0004.0031.5117013100
5117013200,09.0004.0032.5117013200
5117013300,09.0004.0033.5117013300
5117013400,09.0004.0034.5117013400
5117013500,09.0004.0035.5117013500
5117013600,09.0004.0036.5117013600
51190,09.0005
5119010100,09.0005.0001.5119010100
5119010200,09.0005.0002.5119010200
5119010300,09.0005.0003.5119010300
5119010400,09.0005.0004.5119010400
5119010500,09.0005.0005.5119010500
5119010600,09.0005.0006.5119010600
5119010700,09.0005.0007.5119010700
5119010800,09.0005.0008.5119010800
5119010900,09.0005.0009.5119010900
5119011000,09.0005.0010.5119011000
5119011100,09.0005.0011.5119011100
5119011200,09.0005.0012.5119011200
5119011300,09.0005.0013.5119011300
5119011400,09.0005.0014.5119011400
5119011500,09.0005.0015.5119011500
5119011600,09.0005.0016.5119011600
5119011700,09.0005.0017.5119011700
51210,09.0006
5121010100,09.0006.0001.5121010100
5121010200,09.0006.0002.5121010200
5121010300,09.0006.0003.5121010300
5121010400,09.0006.0004.5121010400
5121010500,09.0006.0005.5121010500
5121010600,09.0006.0006.5121010600
5121010700,09.0006.0007.5121010700
5121010800,09.0006.0008.5121010800
5121010900,09.0006.0009.5121010900
5121011000,09.0006.0010.5121011000
5121011100,09.0006.0011.5121011100
5121011200,09.0006.0012.5121011200
5121011300,09.0006.0013.5121011300
51230,09.0007
5123010100,09.0007.0001.5123010100
5123010200,09.0007.0002.5123010200
5123010300,09.0007.0003.5123010300
5123010400,09.0007.0004.5123010400
5123010500,09.0007.0005.5123010500
5123010600,09.0007.0006.5123010600
5123010700,09.0007.0007.5123010700
5123010800,09.0007.0008.5123010800
5123010900,09.0007.0009.5123010900
5123011000,09.0007.0010.5123011000
5123011100,09.0007.0011.5123011100
5123011200,09.0007.0012.5123011200
5123011300,09.0007.0013.5123011300
5123011400,09.0007.0014.5123011400
5123011500,09.0007.0015.5123011500
5123011600,09.0007.0016.5123011600
5123011700,09.0007.0017.5123011700
5123011800,09.0007.0018.5123011800
5123011900,09.0007.0019.5123011900
5123012000,09.0007.0020.5123012000
5123012100,09.0007.0021.5123012100
5123012200,09.0007.0022.5123012200
5123012300,09.0007.0023.5123012300
5123012400,09.0007.0024.5123012400
5123012500,09.0007.0025.5123012500
5123012600,09.0007.0026.5123012600
5123012700,09.0007.0027.5123012700
5123025000,09.0007.0028.5123025000
5123025300,09.0007.0029.5123025300
5123031000,09.0007.0030.5123031000
5123032000,09.0007.0031.5123032000
5123033000,09.0007.0032.5123033000
5123034000,09.0007.0033.5123034000
5123035000,09.0007.0034.5123035000
5123036000,09.0007.0035.5123036000
51720,09.0008
5172025000,09.0008.0001.5172025000
5172031000,09.0008.0002.5172031000
5172032000,09.0008.0003.5172032000
5172033000,09.0008.0004.5172033000
5172034000,09.0008.0005.5172034000
5172035200,09.0008.0006.5172035200
5172036000,09.0008.0007.5172036000
5172037000,09.0008.0008.5172037000
5172038000,09.0008.0009.5172038000
5172039000,09.0008.0010.5172039000
51730,09.0009
5173025000,09.0009.0001.5173025000
5173031000,09.0009.0002.5173031000
5173032000,09.0009.0003.5173032000
5173033000,09.0009.0004.5173033000
5173034000,09.0009.0005.5173034000
5173035000,09.0009.0006.5173035000
5173036000,09.0009.0007.5173036000
5173037000,09.0009.0008.5173037000
5173038000,09.0009.0009.5173038000
51750,09.0010
5175025000,09.0010.0001.5175025000
5175025300,09.0010.0002.5175025300
5175031200,09.0010.0003.5175031200
5175032500,09.0010.0004.5175032500
5175033000,09.0010.0005.5175033000
5175034000,09.0010.0006.5175034000
5175035500,09.0010.0007.5175035500
5175036000,09.0010.0008.5175036000
5175038000,09.0010.0009.5175038000
51760,09.0011
5176025000,09.0011.0001.5176025000
5176031000,09.0011.0002.5176031000
5176032000,09.0011.0003.5176032000
5176033000,09.0011.0004.5176033000
5176034000,09.0011.0005.5176034000
5176035000,09.0011.0006.5176035000
5176036000,09.0011.0007.5176036000
5176038000,09.0011.0008.5176038000
51770,09.0012
5177025000,09.0012.0001.5177025000
5177025300,09.0012.0002.5177025300
5177025600,09.0012.0003.5177025600
5177025900,09.0012.0004.5177025900
5177032000,09.0012.0005.5177032000
5177034000,09.0012.0006.5177034000
5177035000,09.0012.0007.5177035000
5177036000,09.0012.0008.5177036000
5177037000,09.0012.0009.5177037000
51780,09.0013
5178025000,09.0013.0001.5178025000
5178025300,09.0013.0002.5178025300
5178025600,09.0013.0003.5178025600
5178025900,09.0013.0004.5178025900
5178031000,09.0013.0005.5178031000
5178032000,09.0013.0006.5178032000
5178033000,09.0013.0007.5178033000
5178034000,09.0013.0008.5178034000
5178035000,09.0013.0009.5178035000
5178036000,09.0013.0010.5178036000
5178037000,09.0013.0011.5178037000
51790,09.0014
5179025000,09.0014.0001.5179025000
5179031000,09.0014.0002.5179031000
5179032000,09.0014.0003.5179032000
5179033000,09.0014.0004.5179033000
5179034000,09.0014.0005.5179034000
51800,09.0015
5180025000,09.0015.0001.5180025000
5180031500,09.0015.0002.5180031500
5180032000,09.0015.0003.5180032000
5180033000,09.0015.0004.5180033000
5180034000,09.0015.0005.5180034000
51810,09.0016
5181025000,09.0016.0001.5181025000
5181031000,09.0016.0002.5181031000
5181032000,09.0016.0003.5181032000
5181033000,09.0016.0004.5181033000
5181034000,09.0016.0005.5181034000
5181035000,09.0016.0006.5181035000
51820,09.0017
5182025000,09.0017.0001.5182025000
5182025300,09.0017.0002.5182025300
5182031000,09.0017.0003.5182031000
5182032000,09.0017.0004.5182032000
5182033000,09.0017.0005.5182033000
5182034000,09.0017.0006.5182034000
51830,09.0018
5183025000,09.0018.0001.5183025000
5183031000,09.0018.0002.5183031000
5183032000,09.0018.0003.5183032000
5183033000,09.0018.0004.5183033000
5183034000,09.0018.0005.5183034000
5183035000,09.0018.0006.5183035000
43,10
43110,10.0001
43111,10.0001.43111
4311110100,10.0001.43111.0001.4311110100
4311132000,10.0001.43111.0001.4311132000
4311133000,10.0001.43111.0001.4311133000
4311134000,10.0001.43111.0001.4311134000
4311135000,10.0001.43111.0001.4311135000
4311110200,10.0001.43111.0002.4311110200
4311110300,10.0001.43111.0003.4311110300
4311110400,10.0001.43111.0004.4311110400
4311110500,10.0001.43111.0005.4311110500
4311110600,10.0001.43111.0006.4311110600
4311110700,10.0001.43111.0007.4311110700
4311110800,10.0001.43111.0008.4311110800
4311110900,10.0001.43111.0009.4311110900
4311111000,10.0001.43111.0010.4311111000
4311111100,10.0001.43111.0011.4311111100
4311111200,10.0001.43111.0012.4311111200
4311131000,10.0001.43111.0013.4311131000
4311111700,10.0001.43111.0017.4311111700
4311111800,10.0001.43111.0018.4311111800
4311111900,10.0001.43111.0019.4311111900
4311112000,10.0001.43111.0020.4311112000
4311112100,10.0001.43111.0021.4311112100
4311112200,10.0001.43111.0022.4311112200
4311112300,10.0001.43111.0023.4311112300
4311112400,10.0001.43111.0024.4311112400
4311112500,10.0001.43111.0025.4311112500
4311112600,10.0001.43111.0026.4311112600
4311112700,10.0001.43111.0027.4311112700
4311112800,10.0001.43111.0028.4311112800
4311112900,10.0001.43111.0029.4311112900
4311113000,10.0001.43111.0030.4311113000
43112,10.0001.43112
4311210100,10.0001.43112.0001.4311210100
4311210200,10.0001.43112.0001.4311210200
4311210300,10.0001.43112.0001.4311210300
4311210400,10.0001.43112.0001.4311210400
4311210500,10.0001.43112.0001.4311210500
4311210600,10.0001.43112.0001.4311210600
4311210700,10.0001.43112.0001.4311210700
4311210800,10.0001.43112.0001.4311210800
4311210900,10.0001.43112.0001.4311210900
4311211000,10.0001.43112.0001.4311211000
4311211100,10.0001.43112.0001.4311211100
4311211200,10.0001.43112.0001.4311211200
4311231000,10.0001.43112.0001.4311231000
4311232000,10.0001.43112.0001.4311232000
43113,10.0001.43113
4311325000,10.0001.43113.0001.4311325000
4311331000,10.0001.43113.0001.4311331000
4311332000,10.0001.43113.0001.4311332000
4311310400,10.0001.43113.0004.4311310400
4311310500,10.0001.43113.0005.4311310500
4311311300,10.0001.43113.0013.4311311300
4311311400,10.0001.43113.0014.4311311400
4311311500,10.0001.43113.0015.4311311500
4311311600,10.0001.43113.0016.4311311600
4311311700,10.0001.43113.0017.4311311700
4311311800,10.0001.43113.0018.4311311800
4311311900,10.0001.43113.0019.4311311900
4311312000,10.0001.43113.0020.4311312000
4311312100,10.0001.43113.0021.4311312100
4311312200,10.0001.43113.0022.4311312200
4311312300,10.0001.43113.0023.4311312300
4311312400,10.0001.43113.0024.4311312400
4311312500,10.0001.43113.0025.4311312500
4311312600,10.0001.43113.0026.4311312600
4311312700,10.0001.43113.0027.4311312700
4311312800,10.0001.43113.0028.4311312800
4311312900,10.0001.43113.0029.4311312900
4311313000,10.0001.43113.0030.4311313000
4311313100,10.0001.43113.0031.4311313100
4311313200,10.0001.43113.0032.4311313200
4311313300,10.0001.43113.0033.4311313300
4311313400,10.0001.43113.0034.4311313400
4311313500,10.0001.43113.0035.4311313500
4311313600,10.0001.43113.0036.4311313600
4311313700,10.0001.43113.0037.4311313700
4311313800,10.0001.43113.0038.4311313800
4311313900,10.0001.43113.0039.4311313900
4311314000,10.0001.43113.0040.4311314000
4311314100,10.0001.43113.0041.4311314100
43114,10.0001.43114
4311410100,10.0001.43114.0001.4311410100
4311410200,10.0001.43114.0001.4311410200
4311410300,10.0001.43114.0001.4311410300
4311410400,10.0001.43114.0001.4311410400
4311410500,10.0001.43114.0001.4311410500
4311410600,10.0001.43114.0001.4311410600
4311410700,10.0001.43114.0001.4311410700
4311410800,10.0001.43114.0001.4311410800
4311410900,10.0001.43114.0001.4311410900
4311411000,10.0001.43114.0001.4311411000
4311411100,10.0001.43114.0001.4311411100
4311411200,10.0001.43114.0001.4311411200
4311411300,10.0001.43114.0001.4311411300
4311425000,10.0001.43114.0001.4311425000
4311425300,10.0001.43114.0001.4311425300
4311431000,10.0001.43114.0001.4311431000
43130,10.0002
4313010100,10.0002.0001.4313010100
4313012800,10.0002.0001.4313012800
4313032500,10.0002.0001.4313032500
4313033500,10.0002.0001.4313033500
4313038500,10.0002.0001.4313038500
4313010200,10.0002.0002.4313010200
4313010300,10.0002.0003.4313010300
4313010400,10.0002.0004.4313010400
4313010500,10.0002.0005.4313010500
4313010600,10.0002.0006.4313010600
4313010700,10.0002.0007.4313010700
4313010800,10.0002.0008.4313010800
4313010900,10.0002.0009.4313010900
4313011000,10.0002.0010.4313011000
4313011100,10.0002.0011.4313011100
4313011200,10.0002.0012.4313011200
4313011300,10.0002.0013.4313011300
4313011400,10.0002.0014.4313011400
4313011500,10.0002.0015.4313011500
4313011600,10.0002.0016.4313011600
4313011800,10.0002.0018.4313011800
4313011900,10.0002.0019.4313011900
4313012000,10.0002.0020.4313012000
4313012100,10.0002.0021.4313012100
4313012200,10.0002.0022.4313012200
4313012300,10.0002.0023.4313012300
4313012400,10.0002.0024.4313012400
4313012500,10.0002.0025.4313012500
4313012700,10.0002.0026.4313012700
4313025000,10.0002.0027.4313025000
4313031000,10.0002.0028.4313031000
4313035000,10.0002.0031.4313035000
4313036000,10.0002.0032.4313036000
4313037000,10.0002.0033.4313037000
4313039000,10.0002.0035.4313039000
4313040000,10.0002.0036.4313040000
4313041000,10.0002.0037.4313041000
4313042000,10.0002.0038.4313042000
4313043000,10.0002.0039.4313043000
43150,10.0003
4315010100,10.0003.0001.4315010100
4315010200,10.0003.0002.4315010200
4315010300,10.0003.0003.4315010300
4315010400,10.0003.0004.4315010400
4315010500,10.0003.0005.4315010500
4315010600,10.0003.0006.4315010600
4315010700,10.0003.0007.4315010700
4315010800,10.0003.0008.4315010800
4315010900,10.0003.0009.4315010900
4315011000,10.0003.0010.4315011000
4315011100,10.0003.0011.4315011100
4315011200,10.0003.0012.4315011200
4315011300,10.0003.0013.4315011300
4315011400,10.0003.0014.4315011400
4315011500,10.0003.0015.4315011500
4315011600,10.0003.0016.4315011600
4315011700,10.0003.0017.4315011700
4315011800,10.0003.0018.4315011800
4315011900,10.0003.0019.4315011900
4315012000,10.0003.0020.4315012000
4315012100,10.0003.0021.4315012100
4315012200,10.0003.0022.4315012200
4315012300,10.0003.0023.4315012300
4315012400,10.0003.0024.4315012400
4315012500,10.0003.0025.4315012500
4315012600,10.0003.0026.4315012600
4315012700,10.0003.0027.4315012700
4315012800,10.0003.0028.4315012800
4315025000,10.0003.0029.4315025000
4315031000,10.0003.0030.4315031000
4315032000,10.0003.0031.4315032000
4315033000,10.0003.0032.4315033000
4315034000,10.0003.0033.4315034000
4315035000,10.0003.0034.4315035000
4315036000,10.0003.0035.4315036000
4315038000,10.0003.0036.4315038000
43720,10.0004
4372025000,10.0004.0001.4372025000
4372031500,10.0004.0001.4372031500
4372032500,10.0004.0001.4372032500
4372038500,10.0004.0001.4372038500
4372033000,10.0004.0004.4372033000
4372034000,10.0004.0005.4372034000
4372035000,10.0004.0006.4372035000
4372036000,10.0004.0007.4372036000
4372037000,10.0004.0008.4372037000
4372039000,10.0004.0010.4372039000
4372040000,10.0004.0011.4372040000
43730,10.0005
4373025000,10.0005.0001.4373025000
4373031000,10.0005.0002.4373031000
4373032000,10.0005.0003.4373032000
4373033000,10.0005.0004.4373033000
4373034000,10.0005.0005.4373034000
4373035000,10.0005.0006.4373035000
4373036000,10.0005.0007.4373036000
4373037000,10.0005.0008.4373037000
4373038000,10.0005.0009.4373038000
43740,10.0006
4374025000,10.0006.0001.4374025000
4374031000,10.0006.0002.4374031000
4374032000,10.0006.0003.4374032000
4374033500,10.0006.0004.4374033500
4374034000,10.0006.0005.4374034000
4374035000,10.0006.0006.4374035000
4374036000,10.0006.0007.4374036000
4374037000,10.0006.0008.4374037000
4374038000,10.0006.0009.4374038000
4374039000,10.0006.0010.4374039000
4374040000,10.0006.0011.4374040000
43745,10.0007
4374525000,10.0007.0001.4374525000
4374531000,10.0007.0001.4374531000
43750,10.0008
4375025000,10.0008.0001.4375025000
4375025300,10.0008.0001.4375025300
4375032000,10.0008.0003.4375032000
4375033000,10.0008.0004.4375033000
4375034000,10.0008.0005.4375034000
4375035000,10.0008.0006.4375035000
4375037000,10.0008.0007.4375037000
43760,10.0009
4376025000,10.0009.0001.4376025000
4376031000,10.0009.0003.4376031000
4376032000,10.0009.0004.4376032000
4376033000,10.0009.0005.4376033000
4376034000,10.0009.0006.4376034000
4376035000,10.0009.0007.4376035000
4376036000,10.0009.0008.4376036000
4376037000,10.0009.0009.4376037000
4376039000,10.0009.0011.4376039000
4376040000,10.0009.0012.4376040000
4376041000,10.0009.0013.4376041000
43770,10.0010
4377025000,10.0010.0001.4377025000
4377025600,10.0010.0001.4377025600
4377025300,10.0010.0002.4377025300
4377031000,10.0010.0003.4377031000
4377032000,10.0010.0004.4377032000
4377033000,10.0010.0005.4377033000
4377035000,10.0010.0007.4377035000
4377036000,10.0010.0008.4377036000
4377037000,10.0010.0009.4377037000
43800,10.0011
4380025000,10.0011.0001.4380025000
4380025300,10.0011.0002.4380025300
4380031000,10.0011.0003.4380031000
4380032000,10.0011.0004.4380032000
4380033000,10.0011.0005.4380033000
4380034000,10.0011.0006.4380034000
4380035000,10.0011.0007.4380035000
4380036000,10.0011.0008.4380036000
44,11
44130,11.0001
44131,11.0001.44131
4413110100,11.0001.44131.0001.4413110100
4413110200,11.0001.44131.0002.4413110200
4413110300,11.0001.44131.0003.4413110300
4413110400,11.0001.44131.0004.4413110400
4413110500,11.0001.44131.0005.4413110500
4413110600,11.0001.44131.0006.4413110600
4413110700,11.0001.44131.0007.4413110700
4413110800,11.0001.44131.0008.4413110800
4413110900,11.0001.44131.0009.4413110900
4413111000,11.0001.44131.0010.4413111000
4413111100,11.0001.44131.0011.4413111100
4413111200,11.0001.44131.0012.4413111200
4413111300,11.0001.44131.0013.4413111300
4413111400,11.0001.44131.0014.4413111400
4413111500,11.0001.44131.0015.4413111500
4413111600,11.0001.44131.0016.4413111600
4413111700,11.0001.44131.0017.4413111700
4413111800,11.0001.44131.0018.4413111800
4413111900,11.0001.44131.0019.4413111900
4413112000,11.0001.44131.0020.4413112000
4413125000,11.0001.44131.0021.4413125000
4413131000,11.0001.44131.0022.4413131000
4413132000,11.0001.44131.0023.4413132000
4413133000,11.0001.44131.0024.4413133000
4413134000,11.0001.44131.0025.4413134000
4413135000,11.0001.44131.0026.4413135000
4413136000,11.0001.44131.0027.4413136000
4413137000,11.0001.44131.0028.4413137000
44133,11.0001.44133
4413310100,11.0001.44133.0001.4413310100
4413310200,11.0001.44133.0002.4413310200
4413310300,11.0001.44133.0003.4413310300
4413310400,11.0001.44133.0004.4413310400
4413310500,11.0001.44133.0005.4413310500
4413310600,11.0001.44133.0006.4413310600
4413310700,11.0001.44133.0007.4413310700
4413310800,11.0001.44133.0008.4413310800
4413310900,11.0001.44133.0009.4413310900
4413311000,11.0001.44133.0010.4413311000
4413311100,11.0001.44133.0011.4413311100
4413325000,11.0001.44133.0012.4413325000
4413325300,11.0001.44133.0013.4413325300
4413325600,11.0001.44133.0014.4413325600
4413331000,11.0001.44133.0015.4413331000
44150,11.0002
4415010100,11.0002.0001.4415010100
4415012500,11.0002.0001.4415012500
4415012600,11.0002.0001.4415012600
4415012700,11.0002.0001.4415012700
4415010200,11.0002.0002.4415010200
4415010300,11.0002.0003.4415010300
4415010400,11.0002.0004.4415010400
4415010500,11.0002.0005.4415010500
4415010600,11.0002.0006.4415010600
4415010700,11.0002.0007.4415010700
4415010800,11.0002.0008.4415010800
4415010900,11.0002.0009.4415010900
4415011000,11.0002.0010.4415011000
4415011100,11.0002.0011.4415011100
4415011200,11.0002.0012.4415011200
4415011300,11.0002.0013.4415011300
4415011400,11.0002.0014.4415011400
4415011500,11.0002.0015.4415011500
4415011600,11.0002.0016.4415011600
4415011700,11.0002.0017.4415011700
4415011800,11.0002.0018.4415011800
4415011900,11.0002.0019.4415011900
4415012000,11.0002.0020.4415012000
4415012100,11.0002.0021.4415012100
4415012200,11.0002.0022.4415012200
4415012300,11.0002.0023.4415012300
4415012400,11.0002.0024.4415012400
4415025000,11.0002.0025.4415025000
4415031000,11.0002.0026.4415031000
4415032000,11.0002.0027.4415032000
4415033000,11.0002.0028.4415033000
4415034000,11.0002.0029.4415034000
4415036000,11.0002.0031.4415036000
4415037000,11.0002.0032.4415037000
4415038000,11.0002.0033.4415038000
4415039000,11.0002.0034.4415039000
4415040000,11.0002.0035.4415040000
44270,11.0003
4427010100,11.0003.0001.4427010100
4427010200,11.0003.0002.4427010200
4427010300,11.0003.0003.4427010300
4427010400,11.0003.0004.4427010400
4427010500,11.0003.0005.4427010500
4427010600,11.0003.0006.4427010600
4427010700,11.0003.0007.4427010700
4427010800,11.0003.0008.4427010800
4427010900,11.0003.0009.4427010900
4427011000,11.0003.0010.4427011000
4427011100,11.0003.0011.4427011100
4427025000,11.0003.0012.4427025000
4427025300,11.0003.0013.4427025300
4427031000,11.0003.0014.4427031000
4427032000,11.0003.0015.4427032000
4427033000,11.0003.0016.4427033000
4427034000,11.0003.0017.4427034000
4427035000,11.0003.0018.4427035000
4427036000,11.0003.0019.4427036000
4427037000,11.0003.0020.4427037000
4427038000,11.0003.0021.4427038000
4427039000,11.0003.0022.4427039000
44180,11.0004
4418010100,11.0004.0001.4418010100
4418010200,11.0004.0002.4418010200
4418010300,11.0004.0003.4418010300
4418010400,11.0004.0004.4418010400
4418010500,11.0004.0005.4418010500
4418010600,11.0004.0006.4418010600
4418010700,11.0004.0007.4418010700
4418010800,11.0004.0008.4418010800
4418010900,11.0004.0009.4418010900
4418011000,11.0004.0010.4418011000
4418025000,11.0004.0011.4418025000
4418031000,11.0004.0012.4418031000
4418032000,11.0004.0013.4418032000
4418033000,11.0004.0014.4418033000
4418034000,11.0004.0015.4418034000
4418035000,11.0004.0016.4418035000
4418036000,11.0004.0017.4418036000
4418038000,11.0004.0018.4418038000
4418039000,11.0004.0019.4418039000
4418040000,11.0004.0020.4418040000
4418041000,11.0004.0021.4418041000
44200,11.0005
4420010100,11.0005.0001.4420010100
4420025300,11.0005.0001.4420025300
4420010200,11.0005.0002.4420010200
4420010300,11.0005.0003.4420010300
4420010400,11.0005.0004.4420010400
4420010500,11.0005.0005.4420010500
4420010600,11.0005.0006.4420010600
4420010700,11.0005.0007.4420010700
4420010800,11.0005.0008.4420010800
4420010900,11.0005.0009.4420010900
4420011000,11.0005.0010.4420011000
4420011100,11.0005.0011.4420011100
4420011200,11.0005.0012.4420011200
4420011300,11.0005.0013.4420011300
4420011400,11.0005.0014.4420011400
4420011500,11.0005.0015.4420011500
4420011600,11.0005.0016.4420011600
4420011700,11.0005.0017.4420011700
4420011800,11.0005.0018.4420011800
4420011900,11.0005.0019.4420011900
4420025000,11.0005.0020.4420025000
4420031000,11.0005.0021.4420031000
4420033000,11.0005.0023.4420033000
4420035000,11.0005.0024.4420035000
4420036000,11.0005.0025.4420036000
4420037000,11.0005.0026.4420037000
4420038000,11.0005.0027.4420038000
4420039000,11.0005.0028.4420039000
4420040000,11.0005.0029.4420040000
4420041000,11.0005.0030.4420041000
44210,11.0006
4421010100,11.0006.0001.4421010100
4421010200,11.0006.0002.4421010200
4421010300,11.0006.0003.4421010300
4421010400,11.0006.0004.4421010400
4421010500,11.0006.0005.4421010500
4421010600,11.0006.0006.4421010600
4421010700,11.0006.0007.4421010700
4421010800,11.0006.0008.4421010800
4421010900,11.0006.0009.4421010900
4421011000,11.0006.0010.4421011000
4421011100,11.0006.0011.4421011100
4421011200,11.0006.0012.4421011200
4421011300,11.0006.0013.4421011300
4421011400,11.0006.0014.4421011400
4421025000,11.0006.0015.4421025000
4421031000,11.0006.0016.4421031000
4421032000,11.0006.0017.4421032000
4421033000,11.0006.0018.4421033000
4421034000,11.0006.0019.4421034000
4421036000,11.0006.0020.4421036000
4421037000,11.0006.0021.4421037000
4421038000,11.0006.0022.4421038000
4421039000,11.0006.0023.4421039000
4421040000,11.0006.0024.4421040000
44230,11.0007
4423010100,11.0007.0001.4423010100
4423010200,11.0007.0002.4423010200
4423010300,11.0007.0003.4423010300
4423010400,11.0007.0004.4423010400
4423010500,11.0007.0005.4423010500
4423010600,11.0007.0006.4423010600
4423010700,11.0007.0007.4423010700
4423010800,11.0007.0008.4423010800
4423010900,11.0007.0009.4423010900
4423011000,11.0007.0010.4423011000
4423011100,11.0007.0011.4423011100
4423025000,11.0007.0012.4423025000
4423025300,11.0007.0013.4423025300
4423031000,11.0007.0014.4423031000
4423032000,11.0007.0015.4423032000
4423033000,11.0007.0016.4423033000
4423034000,11.0007.0017.4423034000
4423035000,11.0007.0018.4423035000
4423036000,11.0007.0019.4423036000
4423038000,11.0007.0021.4423038000
4423039000,11.0007.0022.4423039000
4423040000,11.0007.0023.4423040000
4423041000,11.0007.0024.4423041000
4423042000,11.0007.0025.4423042000
44250,11.0008
4425010100,11.0008.0001.4425010100
4425031000,11.0008.0001.4425031000
4425033000,11.0008.0001.4425033000
4425031500,11.0008.0002.4425031500
44710,11.0009
4471025000,11.0009.0001.4471025000
4471031000,11.0009.0002.4471031000
4471032000,11.0009.0003.4471032000
4471033000,11.0009.0004.4471033000
4471034000,11.0009.0005.4471034000
4471035000,11.0009.0006.4471035000
4471036000,11.0009.0007.4471036000
4471037000,11.0009.0008.4471037000
4471038000,11.0009.0009.4471038000
4471039000,11.0009.0010.4471039000
44760,11.0010
4476025000,11.0010.0001.4476025000
4476031000,11.0010.0002.4476031000
4476032000,11.0010.0003.4476032000
4476033000,11.0010.0004.4476033000
4476034000,11.0010.0005.4476034000
4476035000,11.0010.0006.4476035000
4476036000,11.0010.0007.4476036000
4476037000,11.0010.0008.4476037000
4476038000,11.0010.0009.4476038000
4476039000,11.0010.0010.4476039000
4476040000,11.0010.0011.4476040000
4476041000,11.0010.0012.4476041000
4476042000,11.0010.0013.4476042000
4476043000,11.0010.0014.4476043000
4476044000,11.0010.0015.4476044000
4476045000,11.0010.0016.4476045000
44770,11.0011
4477025000,11.0011.0001.4477025000
4477025300,11.0011.0002.4477025300
4477031000,11.0011.0003.4477031000
4477032000,11.0011.0004.4477032000
4477033000,11.0011.0005.4477033000
4477034000,11.0011.0006.4477034000
4477035000,11.0011.0007.4477035000
4477036000,11.0011.0008.4477036000
4477037000,11.0011.0009.4477037000
4477038000,11.0011.0010.4477038000
4477039000,11.0011.0011.4477039000
4477040000,11.0011.0012.4477040000
4477041000,11.0011.0013.4477041000
44790,11.0012
4479025000,11.0012.0001.4479025000
4479031000,11.0012.0002.4479031000
4479032000,11.0012.0003.4479032000
4479033000,11.0012.0004.4479033000
4479034000,11.0012.0005.4479034000
4479035000,11.0012.0006.4479035000
4479036000,11.0012.0007.4479036000
4479037000,11.0012.0008.4479037000
4479038000,11.0012.0009.4479038000
4479039000,11.0012.0010.4479039000
44800,11.0013
4480025000,11.0013.0001.4480025000
4480025600,11.0013.0001.4480025600
4480025300,11.0013.0002.4480025300
4480032000,11.0013.0004.4480032000
4480033000,11.0013.0005.4480033000
4480034000,11.0013.0006.4480034000
4480035000,11.0013.0007.4480035000
4480036000,11.0013.0008.4480036000
4480037000,11.0013.0009.4480037000
4480038000,11.0013.0010.4480038000
4480039000,11.0013.0011.4480039000
44810,11.0014
4481025000,11.0014.0001.4481025000
4481025300,11.0014.0002.4481025300
4481031000,11.0014.0003.4481031000
4481032000,11.0014.0004.4481032000
4481033000,11.0014.0005.4481033000
4481034000,11.0014.0006.4481034000
4481035000,11.0014.0007.4481035000
4481036000,11.0014.0008.4481036000
4481037000,11.0014.0009.4481037000
4481038000,11.0014.0010.4481038000
4481039000,11.0014.0011.4481039000
4481040000,11.0014.0012.4481040000
44825,11.0015
4482525000,11.0015.0001.4482525000
4482525300,11.0015.0002.4482525300
4482531000,11.0015.0003.4482531000
4482532000,11.0015.0004.4482532000
4482533000,11.0015.0005.4482533000
4482534000,11.0015.0006.4482534000
4482535000,11.0015.0007.4482535000
4482536000,11.0015.0008.4482536000
52,12
52110,12.0001
52111,12.0001.52111
5211110100,12.0001.52111.0000.5211110100
5211110200,12.0001.52111.0000.5211110200
5211110300,12.0001.52111.0000.5211110300
5211110400,12.0001.52111.0000.5211110400
5211110500,12.0001.52111.0000.5211110500
5211110600,12.0001.52111.0000.5211110600
5211110700,12.0001.52111.0000.5211110700
5211110800,12.0001.52111.0000.5211110800
5211110900,12.0001.52111.0000.5211110900
5211111000,12.0001.52111.0000.5211111000
5211111100,12.0001.52111.0000.5211111100
5211111200,12.0001.52111.0000.5211111200
5211111300,12.0001.52111.0000.5211111300
5211111400,12.0001.52111.0000.5211111400
5211111500,12.0001.52111.0000.5211111500
5211111600,12.0001.52111.0000.5211111600
5211111700,12.0001.52111.0000.5211111700
5211111800,12.0001.52111.0000.5211111800
5211111900,12.0001.52111.0000.5211111900
5211112000,12.0001.52111.0000.5211112000
5211112100,12.0001.52111.0000.5211112100
5211112200,12.0001.52111.0000.5211112200
5211112300,12.0001.52111.0000.5211112300
5211112400,12.0001.52111.0000.5211112400
5211112500,12.0001.52111.0000.5211112500
5211112600,12.0001.52111.0000.5211112600
5211112700,12.0001.52111.0000.5211112700
5211112800,12.0001.52111.0000.5211112800
5211112900,12.0001.52111.0000.5211112900
5211113000,12.0001.52111.0000.5211113000
5211113100,12.0001.52111.0000.5211113100
5211113200,12.0001.52111.0000.5211113200
5211113300,12.0001.52111.0000.5211113300
5211113400,12.0001.52111.0000.5211113400
5211113500,12.0001.52111.0000.5211113500
5211113600,12.0001.52111.0000.5211113600
5211113700,12.0001.52111.0000.5211113700
5211113800,12.0001.52111.0000.5211113800
5211113900,12.0001.52111.0000.5211113900
5211114000,12.0001.52111.0000.5211114000
5211114100,12.0001.52111.0000.5211114100
5211114200,12.0001.52111.0000.5211114200
5211114300,12.0001.52111.0000.5211114300
5211114400,12.0001.52111.0000.5211114400
5211114500,12.0001.52111.0000.5211114500
5211114700,12.0001.52111.0000.5211114700
52113,12.0001.52113
5211310200,12.0001.52113.0000.5211310200
5211310300,12.0001.52113.0000.5211310300
5211310400,12.0001.52113.0000.5211310400
5211310500,12.0001.52113.0000.5211310500
5211310600,12.0001.52113.0000.5211310600
5211310700,12.0001.52113.0000.5211310700
5211310800,12.0001.52113.0000.5211310800
5211310900,12.0001.52113.0000.5211310900
5211311000,12.0001.52113.0000.5211311000
5211311100,12.0001.52113.0000.5211311100
5211311200,12.0001.52113.0000.5211311200
5211311300,12.0001.52113.0000.5211311300
5211311400,12.0001.52113.0000.5211311400
5211311500,12.0001.52113.0000.5211311500
5211311600,12.0001.52113.0000.5211311600
5211311700,12.0001.52113.0000.5211311700
5211311800,12.0001.52113.0000.5211311800
5211311900,12.0001.52113.0000.5211311900
5211312000,12.0001.52113.0000.5211312000
5211312100,12.0001.52113.0000.5211312100
5211312200,12.0001.52113.0000.5211312200
5211312300,12.0001.52113.0000.5211312300
5211312400,12.0001.52113.0000.5211312400
5211312500,12.0001.52113.0000.5211312500
5211312600,12.0001.52113.0000.5211312600
5211312700,12.0001.52113.0000.5211312700
5211312900,12.0001.52113.0000.5211312900
5211313000,12.0001.52113.0000.5211313000
5211313100,12.0001.52113.0000.5211313100
5211313200,12.0001.52113.0000.5211313200
5211313300,12.0001.52113.0000.5211313300
5211313400,12.0001.52113.0000.5211313400
5211313500,12.0001.52113.0000.5211313500
5211313600,12.0001.52113.0000.5211313600
5211313700,12.0001.52113.0000.5211313700
5211313800,12.0001.52113.0000.5211313800
5211313900,12.0001.52113.0000.5211313900
52130,12.0002
5213010100,12.0002.0000.5213010100
5213010200,12.0002.0000.5213010200
5213010300,12.0002.0000.5213010300
5213010400,12.0002.0000.5213010400
5213010500,12.0002.0000.5213010500
5213010600,12.0002.0000.5213010600
5213010700,12.0002.0000.5213010700
5213010800,12.0002.0000.5213010800
5213010900,12.0002.0000.5213010900
5213011000,12.0002.0000.5213011000
5213011100,12.0002.0000.5213011100
5213011200,12.0002.0000.5213011200
5213011300,12.0002.0000.5213011300
5213011400,12.0002.0000.5213011400
5213011500,12.0002.0000.5213011500
5213011600,12.0002.0000.5213011600
5213011700,12.0002.0000.5213011700
5213011800,12.0002.0000.5213011800
5213011900,12.0002.0000.5213011900
5213012000,12.0002.0000.5213012000
5213012100,12.0002.0000.5213012100
5213012200,12.0002.0000.5213012200
5213012300,12.0002.0000.5213012300
5213012400,12.0002.0000.5213012400
5213012500,12.0002.0000.5213012500
5213012600,12.0002.0000.5213012600
5213012700,12.0002.0000.5213012700
5213012800,12.0002.0000.5213012800
5213012900,12.0002.0000.5213012900
5213013000,12.0002.0000.5213013000
5213013100,12.0002.0000.5213013100
5213013200,12.0002.0000.5213013200
5213013300,12.0002.0000.5213013300
5213013400,12.0002.0000.5213013400
5213013500,12.0002.0000.5213013500
5213013600,12.0002.0000.5213013600
5213013700,12.0002.0000.5213013700
5213013800,12.0002.0000.5213013800
5213013900,12.0002.0000.5213013900
5213014000,12.0002.0000.5213014000
5213014100,12.0002.0000.5213014100
5213014200,12.0002.0000.5213014200
5213014300,12.0002.0000.5213014300
5213014400,12.0002.0000.5213014400
5213014500,12.0002.0000.5213014500
5213014600,12.0002.0000.5213014600
5213014700,12.0002.0000.5213014700
5213014800,12.0002.0000.5213014800
5213014900,12.0002.0000.5213014900
5213015000,12.0002.0000.5213015000
5213015100,12.0002.0000.5213015100
5213015200,12.0002.0000.5213015200
5213025000,12.0002.0000.5213025000
5213031000,12.0002.0000.5213031000
5213032000,12.0002.0000.5213032000
5213033000,12.0002.0000.5213033000
5213034000,12.0002.0000.5213034000
5213035000,12.0002.0000.5213035000
5213036000,12.0002.0000.5213036000
5213037000,12.0002.0000.5213037000
5213038000,12.0002.0000.5213038000
5213039000,12.0002.0000.5213039000
5213040000,12.0002.0000.5213040000
52140,12.0003
5214010100,12.0003.0000.5214010100
5214010200,12.0003.0000.5214010200
5214010300,12.0003.0000.5214010300
5214010400,12.0003.0000.5214010400
5214010500,12.0003.0000.5214010500
5214010600,12.0003.0000.5214010600
5214010700,12.0003.0000.5214010700
5214010800,12.0003.0000.5214010800
5214010900,12.0003.0000.5214010900
5214011000,12.0003.0000.5214011000
5214011100,12.0003.0000.5214011100
5214011200,12.0003.0000.5214011200
5214011300,12.0003.0000.5214011300
5214011400,12.0003.0000.5214011400
5214011500,12.0003.0000.5214011500
5214011600,12.0003.0000.5214011600
5214011700,12.0003.0000.5214011700
5214011800,12.0003.0000.5214011800
5214011900,12.0003.0000.5214011900
5214012000,12.0003.0000.5214012000
5214012100,12.0003.0000.5214012100
5214012200,12.0003.0000.5214012200
5214012300,12.0003.0000.5214012300
5214012400,12.0003.0000.5214012400
5214012500,12.0003.0000.5214012500
5214012600,12.0003.0000.5214012600
5214012700,12.0003.0000.5214012700
5214012800,12.0003.0000.5214012800
5214012900,12.0003.0000.5214012900
5214013000,12.0003.0000.5214013000
5214013100,12.0003.0000.5214013100
5214013200,12.0003.0000.5214013200
5214013300,12.0003.0000.5214013300
5214013400,12.0003.0000.5214013400
5214013500,12.0003.0000.5214013500
5214013600,12.0003.0000.5214013600
5214025000,12.0003.0000.5214025000
5214031000,12.0003.0000.5214031000
5214032000,12.0003.0000.5214032000
5214033000,12.0003.0000.5214033000
5214034000,12.0003.0000.5214034000
5214035000,12.0003.0000.5214035000
5214036000,12.0003.0000.5214036000
5214037000,12.0003.0000.5214037000
5214038000,12.0003.0000.5214038000
5214039000,12.0003.0000.5214039000
5214040000,12.0003.0000.5214040000
5214041000,12.0003.0000.5214041000
5214042000,12.0003.0000.5214042000
5214043000,12.0003.0000.5214043000
5214044000,12.0003.0000.5214044000
52180,12.0004
5218010100,12.0004.0000.5218010100
5218010200,12.0004.0000.5218010200
5218010300,12.0004.0000.5218010300
5218010400,12.0004.0000.5218010400
5218010500,12.0004.0000.5218010500
5218010600,12.0004.0000.5218010600
5218010700,12.0004.0000.5218010700
5218010800,12.0004.0000.5218010800
5218010900,12.0004.0000.5218010900
5218011000,12.0004.0000.5218011000
5218011100,12.0004.0000.5218011100
5218011200,12.0004.0000.5218011200
5218011300,12.0004.0000.5218011300
5218011400,12.0004.0000.5218011400
5218011500,12.0004.0000.5218011500
5218011600,12.0004.0000.5218011600
5218011700,12.0004.0000.5218011700
5218011800,12.0004.0000.5218011800
5218011900,12.0004.0000.5218011900
5218012000,12.0004.0000.5218012000
5218012100,12.0004.0000.5218012100
5218012200,12.0004.0000.5218012200
5218012300,12.0004.0000.5218012300
5218012400,12.0004.0000.5218012400
5218012500,12.0004.0000.5218012500
5218012600,12.0004.0000.5218012600
5218012700,12.0004.0000.5218012700
5218025000,12.0004.0000.5218025000
5218031000,12.0004.0000.5218031000
5218032000,12.0004.0000.5218032000
5218033000,12.0004.0000.5218033000
5218034000,12.0004.0000.5218034000
5218035000,12.0004.0000.5218035000
5218036000,12.0004.0000.5218036000
5218037000,12.0004.0000.5218037000
5218038000,12.0004.0000.5218038000
5218039000,12.0004.0000.5218039000
5218040000,12.0004.0000.5218040000
5218041000,12.0004.0000.5218041000
5218042000,12.0004.0000.5218042000
5218043000,12.0004.0000.5218043000
5218044000,12.0004.0000.5218044000
52190,12.0005
5219010100,12.0005.0000.5219010100
5219010200,12.0005.0000.5219010200
5219010300,12.0005.0000.5219010300
5219010400,12.0005.0000.5219010400
5219010500,12.0005.0000.5219010500
5219010600,12.0005.0000.5219010600
5219010700,12.0005.0000.5219010700
5219010800,12.0005.0000.5219010800
5219010900,12.0005.0000.5219010900
5219011000,12.0005.0000.5219011000
5219011100,12.0005.0000.5219011100
5219011200,12.0005.0000.5219011200
5219011300,12.0005.0000.5219011300
5219011400,12.0005.0000.5219011400
5219011500,12.0005.0000.5219011500
5219011600,12.0005.0000.5219011600
5219011700,12.0005.0000.5219011700
5219011800,12.0005.0000.5219011800
5219011900,12.0005.0000.5219011900
5219012000,12.0005.0000.5219012000
5219012100,12.0005.0000.5219012100
5219012200,12.0005.0000.5219012200
5219012300,12.0005.0000.5219012300
5219025000,12.0005.0000.5219025000
5219031000,12.0005.0000.5219031000
5219032000,12.0005.0000.5219032000
5219033000,12.0005.0000.5219033000
5219034000,12.0005.0000.5219034000
5219035000,12.0005.0000.5219035000
5219036000,12.0005.0000.5219036000
5219037000,12.0005.0000.5219037000
5219038000,12.0005.0000.5219038000
5219039000,12.0005.0000.5219039000
5219040000,12.0005.0000.5219040000
5219041000,12.0005.0000.5219041000
5219042000,12.0005.0000.5219042000
5219045000,12.0005.0000.5219045000
5219046000,12.0005.0000.5219046000
5219047000,12.0005.0000.5219047000
52210,12.0006
5221010100,12.0006.0000.5221010100
5221010200,12.0006.0000.5221010200
5221010300,12.0006.0000.5221010300
5221010400,12.0006.0000.5221010400
5221010500,12.0006.0000.5221010500
5221010600,12.0006.0000.5221010600
5221010700,12.0006.0000.5221010700
5221010800,12.0006.0000.5221010800
5221010900,12.0006.0000.5221010900
5221011000,12.0006.0000.5221011000
5221011100,12.0006.0000.5221011100
5221011200,12.0006.0000.5221011200
5221011300,12.0006.0000.5221011300
5221011400,12.0006.0000.5221011400
5221011500,12.0006.0000.5221011500
5221011600,12.0006.0000.5221011600
5221011700,12.0006.0000.5221011700
5221011800,12.0006.0000.5221011800
5221011900,12.0006.0000.5221011900
5221012000,12.0006.0000.5221012000
5221012100,12.0006.0000.5221012100
5221012200,12.0006.0000.5221012200
5221012300,12.0006.0000.5221012300
5221012400,12.0006.0000.5221012400
5221012500,12.0006.0000.5221012500
5221012600,12.0006.0000.5221012600
5221012700,12.0006.0000.5221012700
5221012800,12.0006.0000.5221012800
5221012900,12.0006.0000.5221012900
5221013000,12.0006.0000.5221013000
5221025000,12.0006.0000.5221025000
5221032000,12.0006.0000.5221032000
5221033000,12.0006.0000.5221033000
5221034000,12.0006.0000.5221034000
5221035000,12.0006.0000.5221035000
5221036000,12.0006.0000.5221036000
5221038000,12.0006.0000.5221038000
5221039000,12.0006.0000.5221039000
5221040000,12.0006.0000.5221040000
5221041000,12.0006.0000.5221041000
5221042000,12.0006.0000.5221042000
5221043000,12.0006.0000.5221043000
5221044000,12.0006.0000.5221044000
5221045000,12.0006.0000.5221045000
5221046000,12.0006.0000.5221046000
52710,12.0007
5271025000,12.0007.0000.5271025000
5271025300,12.0007.0000.5271025300
5271025600,12.0007.0000.5271025600
5271032000,12.0007.0000.5271032000
5271033000,12.0007.0000.5271033000
5271034000,12.0007.0000.5271034000
5271035000,12.0007.0000.5271035000
5271036000,12.0007.0000.5271036000
5271037000,12.0007.0000.5271037000
5271038000,12.0007.0000.5271038000
5271039000,12.0007.0000.5271039000
5271040000,12.0007.0000.5271040000
5271041000,12.0007.0000.5271041000
52720,12.0008
5272025000,12.0008.0000.5272025000
5272031000,12.0008.0000.5272031000
5272032000,12.0008.0000.5272032000
5272033000,12.0008.0000.5272033000
5272034000,12.0008.0000.5272034000
5272035000,12.0008.0000.5272035000
5272036000,12.0008.0000.5272036000
5272037000,12.0008.0000.5272037000
5272038000,12.0008.0000.5272038000
5272039000,12.0008.0000.5272039000
5272040000,12.0008.0000.5272040000
52730,12.0009
5273025000,12.0009.0000.5273025000
5273031000,12.0009.0000.5273031000
5273032000,12.0009.0000.5273032000
5273033000,12.0009.0000.5273033000
5273034000,12.0009.0000.5273034000
5273035000,12.0009.0000.5273035000
52740,12.0010
5274025000,12.0010.0000.5274025000
5274031000,12.0010.0000.5274031000
5274032000,12.0010.0000.5274032000
5274033500,12.0010.0000.5274033500
5274034000,12.0010.0000.5274034000
5274035000,12.0010.0000.5274035000
5274036000,12.0010.0000.5274036000
52750,12.0011
5275025000,12.0011.0000.5275025000
5275031000,12.0011.0000.5275031000
5275032000,12.0011.0000.5275032000
5275033000,12.0011.0000.5275033000
5275034000,12.0011.0000.5275034000
5275035500,12.0011.0000.5275035500
5275036000,12.0011.0000.5275036000
5275037000,12.0011.0000.5275037000
5275038000,12.0011.0000.5275038000
5275039000,12.0011.0000.5275039000
5275040000,12.0011.0000.5275040000
5275041000,12.0011.0000.5275041000
52770,12.0012
5277025000,12.0012.0000.5277025000
5277031000,12.0012.0000.5277031000
5277032000,12.0012.0000.5277032000
5277033000,12.0012.0000.5277033000
5277034000,12.0012.0000.5277034000
5277035000,12.0012.0000.5277035000
5277036000,12.0012.0000.5277036000
5277037000,12.0012.0000.5277037000
5277038000,12.0012.0000.5277038000
5277039000,12.0012.0000.5277039000
5277040000,12.0012.0000.5277040000
52790,12.0013
5279025000,12.0013.0000.5279025000
5279031000,12.0013.0000.5279031000
5279032000,12.0013.0000.5279032000
5279033000,12.0013.0000.5279033000
5279034000,12.0013.0000.5279034000
5279035000,12.0013.0000.5279035000
5279036000,12.0013.0000.5279036000
5279037000,12.0013.0000.5279037000
5279038000,12.0013.0000.5279038000
5279039000,12.0013.0000.5279039000
5279040000,12.0013.0000.5279040000
5279041000,12.0013.0000.5279041000
5279042000,12.0013.0000.5279042000
5279043000,12.0013.0000.5279043000
52800,12.0014
5280025000,12.0014.0000.5280025000
5280031000,12.0014.0000.5280031000
5280032000,12.0014.0000.5280032000
5280033000,12.0014.0000.5280033000
5280034000,12.0014.0000.5280034000
5280035000,12.0014.0000.5280035000
5280036000,12.0014.0000.5280036000
5280037000,12.0014.0000.5280037000
5280038000,12.0014.0000.5280038000
5280039000,12.0014.0000.5280039000
5280040000,12.0014.0000.5280040000
5280041000,12.0014.0000.5280041000
5280042000,12.0014.0000.5280042000
47,13
47110,13.0001
47111,13.0001.47111
4711110100,13.0001.47111.0001.4711110100
4711135000,13.0001.47111.0001.4711135000
4711110200,13.0001.47111.0002.4711110200
4711110300,13.0001.47111.0003.4711110300
4711110400,13.0001.47111.0004.4711110400
4711110500,13.0001.47111.0005.4711110500
4711110600,13.0001.47111.0006.4711110600
4711110700,13.0001.47111.0007.4711110700
4711110800,13.0001.47111.0008.4711110800
4711110900,13.0001.47111.0009.4711110900
4711111000,13.0001.47111.0010.4711111000
4711111100,13.0001.47111.0011.4711111100
4711111200,13.0001.47111.0012.4711111200
4711111300,13.0001.47111.0013.4711111300
4711111400,13.0001.47111.0014.4711111400
4711111500,13.0001.47111.0015.4711111500
4711111600,13.0001.47111.0016.4711111600
4711111700,13.0001.47111.0017.4711111700
4711125000,13.0001.47111.0018.4711125000
4711125300,13.0001.47111.0019.4711125300
4711125600,13.0001.47111.0020.4711125600
4711131000,13.0001.47111.0021.4711131000
4711132000,13.0001.47111.0022.4711132000
4711133000,13.0001.47111.0023.4711133000
47113,13.0001.47113
4711310100,13.0001.47113.0001.4711310100
4711310200,13.0001.47113.0002.4711310200
4711310300,13.0001.47113.0003.4711310300
4711310400,13.0001.47113.0004.4711310400
4711310500,13.0001.47113.0005.4711310500
4711310600,13.0001.47113.0006.4711310600
4711310700,13.0001.47113.0007.4711310700
4711310800,13.0001.47113.0008.4711310800
4711310900,13.0001.47113.0009.4711310900
4711311000,13.0001.47113.0010.4711311000
4711311100,13.0001.47113.0011.4711311100
4711311200,13.0001.47113.0012.4711311200
4711311300,13.0001.47113.0013.4711311300
4711311400,13.0001.47113.0014.4711311400
4711311500,13.0001.47113.0015.4711311500
4711311600,13.0001.47113.0016.4711311600
4711311700,13.0001.47113.0017.4711311700
4711311800,13.0001.47113.0018.4711311800
4711311900,13.0001.47113.0019.4711311900
4711312000,13.0001.47113.0020.4711312000
4711312100,13.0001.47113.0021.4711312100
4711312200,13.0001.47113.0022.4711312200
4711312300,13.0001.47113.0023.4711312300
4711312400,13.0001.47113.0024.4711312400
4711325000,13.0001.47113.0025.4711325000
4711331000,13.0001.47113.0026.4711331000
4711332000,13.0001.47113.0027.4711332000
4711333000,13.0001.47113.0028.4711333000
4711334000,13.0001.47113.0029.4711334000
4711335000,13.0001.47113.0030.4711335000
4711336000,13.0001.47113.0031.4711336000
47130,13.0002
4713010100,13.0002.0001.4713010100
4713010200,13.0002.0002.4713010200
4713010300,13.0002.0003.4713010300
4713010400,13.0002.0004.4713010400
4713010500,13.0002.0005.4713010500
4713010600,13.0002.0006.4713010600
4713010700,13.0002.0007.4713010700
4713010800,13.0002.0008.4713010800
4713010900,13.0002.0009.4713010900
4713011000,13.0002.0010.4713011000
4713011100,13.0002.0011.4713011100
4713011200,13.0002.0012.4713011200
4713011300,13.0002.0013.4713011300
4713011400,13.0002.0014.4713011400
4713011500,13.0002.0015.4713011500
4713011600,13.0002.0016.4713011600
4713031500,13.0002.0016.4713031500
4713011700,13.0002.0017.4713011700
4713011800,13.0002.0018.4713011800
4713011900,13.0002.0019.4713011900
4713012000,13.0002.0020.4713012000
4713012100,13.0002.0021.4713012100
4713012200,13.0002.0022.4713012200
4713012300,13.0002.0023.4713012300
4713012400,13.0002.0024.4713012400
4713012500,13.0002.0025.4713012500
4713012600,13.0002.0026.4713012600
4713012700,13.0002.0027.4713012700
4713012800,13.0002.0028.4713012800
4713012900,13.0002.0029.4713012900
4713013000,13.0002.0030.4713013000
4713013100,13.0002.0031.4713013100
4713013200,13.0002.0032.4713013200
4713013300,13.0002.0033.4713013300
4713013400,13.0002.0034.4713013400
4713013500,13.0002.0035.4713013500
4713013600,13.0002.0036.4713013600
4713013700,13.0002.0037.4713013700
4713013800,13.0002.0038.4713013800
4713013900,13.0002.0039.4713013900
4713014000,13.0002.0040.4713014000
4713014100,13.0002.0041.4713014100
4713014200,13.0002.0042.4713014200
4713014300,13.0002.0043.4713014300
4713014400,13.0002.0044.4713014400
4713025000,13.0002.0045.4713025000
4713025300,13.0002.0046.4713025300
4713025600,13.0002.0047.4713025600
4713025900,13.0002.0048.4713025900
4713032000,13.0002.0050.4713032000
4713033000,13.0002.0051.4713033000
4713034000,13.0002.0052.4713034000
4713035000,13.0002.0053.4713035000
4713036000,13.0002.0054.4713036000
4713037000,13.0002.0055.4713037000
4713038000,13.0002.0056.4713038000
47150,13.0003
4715010100,13.0003.0001.4715010100
4715012000,13.0003.0001.4715012000
4715010200,13.0003.0002.4715010200
4715010300,13.0003.0003.4715010300
4715010400,13.0003.0004.4715010400
4715010500,13.0003.0005.4715010500
4715010600,13.0003.0006.4715010600
4715010700,13.0003.0007.4715010700
4715010800,13.0003.0008.4715010800
4715010900,13.0003.0009.4715010900
4715011000,13.0003.0010.4715011000
4715011100,13.0003.0011.4715011100
4715011200,13.0003.0012.4715011200
4715011300,13.0003.0013.4715011300
4715011400,13.0003.0014.4715011400
4715011500,13.0003.0015.4715011500
4715011600,13.0003.0016.4715011600
4715011700,13.0003.0017.4715011700
4715011800,13.0003.0018.4715011800
4715011900,13.0003.0019.4715011900
4715025000,13.0003.0020.4715025000
4715031000,13.0003.0021.4715031000
4715032000,13.0003.0022.4715032000
4715034000,13.0003.0023.4715034000
4715035000,13.0003.0024.4715035000
4715036000,13.0003.0025.4715036000
4715037000,13.0003.0026.4715037000
4715038000,13.0003.0027.4715038000
4715039000,13.0003.0028.4715039000
4715040000,13.0003.0029.4715040000
4715041000,13.0003.0030.4715041000
4715042000,13.0003.0031.4715042000
4715043000,13.0003.0032.4715043000
4715044000,13.0003.0033.4715044000
4715045000,13.0003.0034.4715045000
47170,13.0004
4717010100,13.0004.0001.4717010100
4717010200,13.0004.0002.4717010200
4717010300,13.0004.0003.4717010300
4717010400,13.0004.0004.4717010400
4717010500,13.0004.0005.4717010500
4717010600,13.0004.0006.4717010600
4717010700,13.0004.0007.4717010700
4717010800,13.0004.0008.4717010800
4717010900,13.0004.0009.4717010900
4717011000,13.0004.0010.4717011000
4717011100,13.0004.0011.4717011100
4717011200,13.0004.0012.4717011200
4717011300,13.0004.0013.4717011300
4717011400,13.0004.0014.4717011400
4717011500,13.0004.0015.4717011500
4717011600,13.0004.0016.4717011600
4717011700,13.0004.0017.4717011700
4717011800,13.0004.0018.4717011800
4717011900,13.0004.0019.4717011900
4717012000,13.0004.0020.4717012000
4717012100,13.0004.0021.4717012100
4717012200,13.0004.0022.4717012200
4717012300,13.0004.0023.4717012300
4717012400,13.0004.0024.4717012400
4717012500,13.0004.0025.4717012500
4717012600,13.0004.0026.4717012600
4717012700,13.0004.0027.4717012700
4717012800,13.0004.0028.4717012800
4717012900,13.0004.0029.4717012900
4717013000,13.0004.0030.4717013000
4717013100,13.0004.0031.4717013100
4717013200,13.0004.0032.4717013200
4717013300,13.0004.0033.4717013300
4717013400,13.0004.0034.4717013400
4717013500,13.0004.0035.4717013500
4717013600,13.0004.0036.4717013600
4717013700,13.0004.0037.4717013700
4717013800,13.0004.0038.4717013800
4717013900,13.0004.0039.4717013900
4717014000,13.0004.0040.4717014000
4717014100,13.0004.0041.4717014100
4717014200,13.0004.0042.4717014200
4717025000,13.0004.0043.4717025000
4717031000,13.0004.0044.4717031000
4717032000,13.0004.0045.4717032000
4717033000,13.0004.0046.4717033000
4717034000,13.0004.0047.4717034000
4717035000,13.0004.0048.4717035000
4717036000,13.0004.0049.4717036000
4717037000,13.0004.0050.4717037000
4717038000,13.0004.0051.4717038000
4717039000,13.0004.0052.4717039000
4717040000,13.0004.0053.4717040000
4717041000,13.0004.0054.4717041000
4717042000,13.0004.0055.4717042000
4717043000,13.0004.0056.4717043000
47190,13.0005
4719010100,13.0005.0001.4719010100
4719025600,13.0005.0001.4719025600
4719010200,13.0005.0002.4719010200
4719010300,13.0005.0003.4719010300
4719010400,13.0005.0004.4719010400
4719010500,13.0005.0005.4719010500
4719010600,13.0005.0006.4719010600
4719010700,13.0005.0007.4719010700
4719010800,13.0005.0008.4719010800
4719010900,13.0005.0009.4719010900
4719011000,13.0005.0010.4719011000
4719011100,13.0005.0011.4719011100
4719011200,13.0005.0012.4719011200
4719011300,13.0005.0013.4719011300
4719011400,13.0005.0014.4719011400
4719011500,13.0005.0015.4719011500
4719011600,13.0005.0016.4719011600
4719011700,13.0005.0017.4719011700
4719011800,13.0005.0018.4719011800
4719011900,13.0005.0019.4719011900
4719012000,13.0005.0020.4719012000
4719012100,13.0005.0021.4719012100
4719012200,13.0005.0022.4719012200
4719012300,13.0005.0023.4719012300
4719012400,13.0005.0024.4719012400
4719012500,13.0005.0025.4719012500
4719012600,13.0005.0026.4719012600
4719012700,13.0005.0027.4719012700
4719012800,13.0005.0028.4719012800
4719012900,13.0005.0029.4719012900
4719013000,13.0005.0030.4719013000
4719025000,13.0005.0031.4719025000
4719025300,13.0005.0032.4719025300
4719031000,13.0005.0033.4719031000
4719032000,13.0005.0034.4719032000
4719033000,13.0005.0035.4719033000
4719034000,13.0005.0036.4719034000
4719036000,13.0005.0038.4719036000
47210,13.0006
4721010100,13.0006.0001.4721010100
4721010200,13.0006.0002.4721010200
4721010300,13.0006.0003.4721010300
4721010400,13.0006.0004.4721010400
4721010500,13.0006.0005.4721010500
4721010600,13.0006.0006.4721010600
4721010700,13.0006.0007.4721010700
4721010800,13.0006.0008.4721010800
4721010900,13.0006.0009.4721010900
4721011000,13.0006.0010.4721011000
4721011100,13.0006.0011.4721011100
4721011200,13.0006.0012.4721011200
4721011300,13.0006.0013.4721011300
4721025000,13.0006.0014.4721025000
4721031000,13.0006.0015.4721031000
4721032000,13.0006.0016.4721032000
4721033000,13.0006.0017.4721033000
4721034000,13.0006.0018.4721034000
4721035000,13.0006.0019.4721035000
4721036000,13.0006.0020.4721036000
4721037000,13.0006.0021.4721037000
4721038000,13.0006.0022.4721038000
4721039000,13.0006.0023.4721039000
47230,13.0007
4723010100,13.0007.0001.4723010100
4723010200,13.0007.0002.4723010200
4723010300,13.0007.0003.4723010300
4723010400,13.0007.0004.4723010400
4723010500,13.0007.0005.4723010500
4723010600,13.0007.0006.4723010600
4723010700,13.0007.0007.4723010700
4723010800,13.0007.0008.4723010800
4723010900,13.0007.0009.4723010900
4723011000,13.0007.0010.4723011000
4723011100,13.0007.0011.4723011100
4723011200,13.0007.0012.4723011200
4723011300,13.0007.0013.4723011300
4723011400,13.0007.0014.4723011400
4723011500,13.0007.0015.4723011500
4723011600,13.0007.0016.4723011600
4723011700,13.0007.0017.4723011700
4723011800,13.0007.0018.4723011800
4723011900,13.0007.0019.4723011900
4723012000,13.0007.0020.4723012000
4723012100,13.0007.0021.4723012100
4723012200,13.0007.0022.4723012200
4723012300,13.0007.0023.4723012300
4723012400,13.0007.0024.4723012400
4723012500,13.0007.0025.4723012500
4723012600,13.0007.0026.4723012600
4723012700,13.0007.0027.4723012700
4723012800,13.0007.0028.4723012800
4723012900,13.0007.0029.4723012900
4723013000,13.0007.0030.4723013000
4723025000,13.0007.0031.4723025000
4723031000,13.0007.0032.4723031000
4723032000,13.0007.0033.4723032000
4723033000,13.0007.0034.4723033000
4723034000,13.0007.0035.4723034000
4723035000,13.0007.0036.4723035000
4723036000,13.0007.0037.4723036000
4723037000,13.0007.0038.4723037000
4723038000,13.0007.0039.4723038000
4723039000,13.0007.0040.4723039000
4723040000,13.0007.0041.4723040000
47250,13.0008
4725010100,13.0008.0001.4725010100
4725032500,13.0008.0001.4725032500
4725010200,13.0008.0002.4725010200
4725010300,13.0008.0003.4725010300
4725010400,13.0008.0004.4725010400
4725010500,13.0008.0005.4725010500
4725010600,13.0008.0006.4725010600
4725010700,13.0008.0007.4725010700
4725010800,13.0008.0008.4725010800
4725010900,13.0008.0009.4725010900
4725011000,13.0008.0010.4725011000
4725011100,13.0008.0011.4725011100
4725011200,13.0008.0012.4725011200
4725011300,13.0008.0013.4725011300
4725011400,13.0008.0014.4725011400
4725011500,13.0008.0015.4725011500
4725011600,13.0008.0016.4725011600
4725011700,13.0008.0017.4725011700
4725011800,13.0008.0018.4725011800
4725011900,13.0008.0019.4725011900
4725012000,13.0008.0020.4725012000
4725012100,13.0008.0021.4725012100
4725012200,13.0008.0022.4725012200
4725012300,13.0008.0023.4725012300
4725012400,13.0008.0024.4725012400
4725012500,13.0008.0025.4725012500
4725012600,13.0008.0026.4725012600
4725012700,13.0008.0027.4725012700
4725012800,13.0008.0028.4725012800
4725012900,13.0008.0029.4725012900
4725013000,13.0008.0030.4725013000
4725013100,13.0008.0031.4725013100
4725013200,13.0008.0032.4725013200
4725013300,13.0008.0033.4725013300
4725013400,13.0008.0034.4725013400
4725013500,13.0008.0035.4725013500
4725013600,13.0008.0036.4725013600
4725025000,13.0008.0037.4725025000
4725031000,13.0008.0038.4725031000
4725033000,13.0008.0040.4725033000
4725034000,13.0008.0041.4725034000
4725035000,13.0008.0042.4725035000
4725036000,13.0008.0043.4725036000
4725037000,13.0008.0044.4725037000
4725038000,13.0008.0045.4725038000
4725039000,13.0008.0046.4725039000
4725040000,13.0008.0047.4725040000
4725041000,13.0008.0048.4725041000
4725042000,13.0008.0049.4725042000
4725043000,13.0008.0050.4725043000
4725044000,13.0008.0051.4725044000
4725045000,13.0008.0052.4725045000
4725046000,13.0008.0053.4725046000
4725047000,13.0008.0054.4725047000
47280,13.0009
4728010100,13.0009.0001.4728010100
4728010200,13.0009.0002.4728010200
4728010300,13.0009.0003.4728010300
4728010400,13.0009.0004.4728010400
4728010500,13.0009.0005.4728010500
4728010600,13.0009.0006.4728010600
4728010700,13.0009.0007.4728010700
4728010800,13.0009.0008.4728010800
4728010900,13.0009.0009.4728010900
4728011000,13.0009.0010.4728011000
4728011100,13.0009.0011.4728011100
4728025000,13.0009.0012.4728025000
4728025300,13.0009.0013.4728025300
4728031000,13.0009.0014.4728031000
4728032000,13.0009.0015.4728032000
4728033000,13.0009.0016.4728033000
4728034000,13.0009.0017.4728034000
4728035000,13.0009.0018.4728035000
4728036000,13.0009.0019.4728036000
4728037000,13.0009.0020.4728037000
47290,13.0010
4729010100,13.0010.0001.4729010100
4729025600,13.0010.0001.4729025600
4729010200,13.0010.0002.4729010200
4729010300,13.0010.0003.4729010300
4729010400,13.0010.0004.4729010400
4729010500,13.0010.0005.4729010500
4729010600,13.0010.0006.4729010600
4729010700,13.0010.0007.4729010700
4729010800,13.0010.0008.4729010800
4729010900,13.0010.0009.4729010900
4729011000,13.0010.0010.4729011000
4729011100,13.0010.0011.4729011100
4729011200,13.0010.0012.4729011200
4729011300,13.0010.0013.4729011300
4729011400,13.0010.0014.4729011400
4729011500,13.0010.0015.4729011500
4729011600,13.0010.0016.4729011600
4729011700,13.0010.0017.4729011700
4729011800,13.0010.0018.4729011800
4729011900,13.0010.0019.4729011900
4729012000,13.0010.0020.4729012000
4729012100,13.0010.0021.4729012100
4729012200,13.0010.0022.4729012200
4729012300,13.0010.0023.4729012300
4729012400,13.0010.0024.4729012400
4729012500,13.0010.0025.4729012500
4729012600,13.0010.0026.4729012600
4729012700,13.0010.0027.4729012700
4729012800,13.0010.0028.4729012800
4729025000,13.0010.0029.4729025000
4729025300,13.0010.0030.4729025300
4729031000,13.0010.0031.4729031000
4729033000,13.0010.0032.4729033000
4729034000,13.0010.0033.4729034000
4729035000,13.0010.0034.4729035000
4729037000,13.0010.0036.4729037000
47730,13.0011
4773025000,13.0011.0001.4773025000
4773031000,13.0011.0002.4773031000
4773032000,13.0011.0003.4773032000
4773033000,13.0011.0004.4773033000
4773034000,13.0011.0005.4773034000
4773035000,13.0011.0006.4773035000
4773036000,13.0011.0007.4773036000
4773037000,13.0011.0008.4773037000
4773038000,13.0011.0009.4773038000
4773039000,13.0011.0010.4773039000
4773040000,13.0011.0011.4773040000
4773041000,13.0011.0012.4773041000
4773042000,13.0011.0013.4773042000
4773043000,13.0011.0014.4773043000
4773044000,13.0011.0015.4773044000
4773045000,13.0011.0016.4773045000
4773046000,13.0011.0017.4773046000
4773047000,13.0011.0018.4773047000
47750,13.0012
4775025000,13.0012.0001.4775025000
4775031500,13.0012.0001.4775031500
4775032000,13.0012.0003.4775032000
4775033000,13.0012.0004.4775033000
4775034000,13.0012.0005.4775034000
4775035000,13.0012.0006.4775035000
4775036000,13.0012.0007.4775036000
4775037000,13.0012.0008.4775037000
47760,13.0013
4776025000,13.0013.0001.4776025000
4776031000,13.0013.0002.4776031000
4776032000,13.0013.0003.4776032000
4776033000,13.0013.0004.4776033000
4776034000,13.0013.0005.4776034000
4776035000,13.0013.0006.4776035000
47770,13.0014
4777025000,13.0014.0001.4777025000
4777031000,13.0014.0002.4777031000
4777032000,13.0014.0003.4777032000
4777033000,13.0014.0004.4777033000
4777034000,13.0014.0005.4777034000
4777035000,13.0014.0006.4777035000
4777036000,13.0014.0007.4777036000
4777037000,13.0014.0008.4777037000
4777038000,13.0014.0009.4777038000
47820,13.0015
4782025000,13.0015.0001.4782025000
4782025300,13.0015.0002.4782025300
4782031000,13.0015.0003.4782031000
4782032000,13.0015.0004.4782032000
4782033000,13.0015.0005.4782033000
4782034000,13.0015.0006.4782034000
4782035000,13.0015.0007.4782035000
4782036000,13.0015.0008.4782036000
4782037000,13.0015.0009.4782037000
47830,13.0016
4783031000,13.0016.0002.4783031000
4783032000,13.0016.0003.4783032000
4783033000,13.0016.0004.4783033000
4783034000,13.0016.0005.4783034000
4783035000,13.0016.0006.4783035000
4783036000,13.0016.0007.4783036000
4783037000,13.0016.0008.4783037000
4783025300,13.0016.0014.4783025300
47840,13.0017
4784035500,13.0017.0000.4784035500
4784025000,13.0017.0001.4784025000
4784031000,13.0017.0002.4784031000
4784032000,13.0017.0003.4784032000
4784033000,13.0017.0004.4784033000
4784034000,13.0017.0005.4784034000
4784036000,13.0017.0007.4784036000
4784037000,13.0017.0008.4784037000
4784038000,13.0017.0009.4784038000
4784039000,13.0017.0010.4784039000
47850,13.0018
4785025000,13.0018.0001.4785025000
4785025300,13.0018.0001.4785025300
4785025600,13.0018.0001.4785025600
4785031000,13.0018.0002.4785031000
4785032000,13.0018.0003.4785032000
4785033000,13.0018.0004.4785033000
4785036000,13.0018.0007.4785036000
4785037000,13.0018.0008.4785037000
47900,13.0019
4790025300,13.0019.0000.4790025300
4790025000,13.0019.0001.4790025000
4790042000,13.0019.0001.4790042000
4790043000,13.0019.0001.4790043000
4790031000,13.0019.0002.4790031000
4790034000,13.0019.0005.4790034000
4790035000,13.0019.0006.4790035000
4790037000,13.0019.0008.4790037000
4790038000,13.0019.0009.4790038000
4790039000,13.0019.0010.4790039000
4790040000,13.0019.0011.4790040000
4790041000,13.0019.0012.4790041000
47920,13.0020
4792025000,13.0020.0001.4792025000
4792031000,13.0020.0002.4792031000
4792032000,13.0020.0003.4792032000
4792033000,13.0020.0004.4792033000
4792034000,13.0020.0005.4792034000
4792035000,13.0020.0006.4792035000
4792036000,13.0020.0007.4792036000
4792037000,13.0020.0008.4792037000
4792038000,13.0020.0009.4792038000
4792039000,13.0020.0010.4792039000
47930,13.0021
4793025000,13.0021.0001.4793025000
4793039000,13.0021.0001.4793039000
4793040000,13.0021.0001.4793040000
4793025300,13.0021.0002.4793025300
4793031000,13.0021.0003.4793031000
4793033000,13.0021.0005.4793033000
4793035000,13.0021.0007.4793035000
4793036000,13.0021.0008.4793036000
4793037000,13.0021.0009.4793037000
4793038000,13.0021.0010.4793038000
47940,13.0022
4794025000,13.0022.0001.4794025000
4794031000,13.0022.0002.4794031000
4794032000,13.0022.0003.4794032000
48,14
48120,14.0001
48121,14.0001.48121
4812110100,14.0001.48121.0001.4812110100
4812110200,14.0001.48121.0001.4812110200
4812110300,14.0001.48121.0001.4812110300
4812110400,14.0001.48121.0001.4812110400
4812110500,14.0001.48121.0001.4812110500
4812110600,14.0001.48121.0001.4812110600
4812110700,14.0001.48121.0001.4812110700
4812110800,14.0001.48121.0001.4812110800
4812111200,14.0001.48121.0001.4812111200
4812111300,14.0001.48121.0001.4812111300
4812111400,14.0001.48121.0001.4812111400
4812111600,14.0001.48121.0001.4812111600
4812111700,14.0001.48121.0001.4812111700
4812111800,14.0001.48121.0001.4812111800
4812111900,14.0001.48121.0001.4812111900
4812112000,14.0001.48121.0001.4812112000
4812112100,14.0001.48121.0001.4812112100
4812112200,14.0001.48121.0001.4812112200
4812112400,14.0001.48121.0001.4812112400
4812112500,14.0001.48121.0001.4812112500
4812112700,14.0001.48121.0001.4812112700
4812112900,14.0001.48121.0001.4812112900
4812125000,14.0001.48121.0001.4812125000
4812131000,14.0001.48121.0001.4812131000
4812132000,14.0001.48121.0001.4812132000
48123,14.0001.48123
4812310100,14.0001.48123.0001.4812310100
4812310200,14.0001.48123.0001.4812310200
4812310300,14.0001.48123.0001.4812310300
4812310400,14.0001.48123.0001.4812310400
4812310500,14.0001.48123.0001.4812310500
4812310600,14.0001.48123.0001.4812310600
4812310700,14.0001.48123.0001.4812310700
4812310800,14.0001.48123.0001.4812310800
4812310900,14.0001.48123.0001.4812310900
4812311000,14.0001.48123.0001.4812311000
4812311100,14.0001.48123.0001.4812311100
4812311200,14.0001.48123.0001.4812311200
4812311300,14.0001.48123.0001.4812311300
4812311400,14.0001.48123.0001.4812311400
4812311500,14.0001.48123.0001.4812311500
4812311600,14.0001.48123.0001.4812311600
4812311700,14.0001.48123.0001.4812311700
4812311800,14.0001.48123.0001.4812311800
4812311900,14.0001.48123.0001.4812311900
4812312000,14.0001.48123.0001.4812312000
4812312100,14.0001.48123.0001.4812312100
4812312200,14.0001.48123.0001.4812312200
4812312300,14.0001.48123.0001.4812312300
4812312400,14.0001.48123.0001.4812312400
4812312500,14.0001.48123.0001.4812312500
4812312600,14.0001.48123.0001.4812312600
4812312700,14.0001.48123.0001.4812312700
4812312800,14.0001.48123.0001.4812312800
4812312900,14.0001.48123.0001.4812312900
4812313000,14.0001.48123.0001.4812313000
4812313100,14.0001.48123.0001.4812313100
4812313200,14.0001.48123.0001.4812313200
4812313300,14.0001.48123.0001.4812313300
4812313400,14.0001.48123.0001.4812313400
4812313500,14.0001.48123.0001.4812313500
4812313600,14.0001.48123.0001.4812313600
4812313700,14.0001.48123.0001.4812313700
4812313800,14.0001.48123.0001.4812313800
4812313900,14.0001.48123.0001.4812313900
4812314000,14.0001.48123.0001.4812314000
4812314100,14.0001.48123.0001.4812314100
48125,14.0001.48125
4812510100,14.0001.48125.0001.4812510100
4812510200,14.0001.48125.0001.4812510200
4812510300,14.0001.48125.0001.4812510300
4812510400,14.0001.48125.0001.4812510400
4812510500,14.0001.48125.0001.4812510500
4812510600,14.0001.48125.0001.4812510600
4812510700,14.0001.48125.0001.4812510700
4812510800,14.0001.48125.0001.4812510800
4812510900,14.0001.48125.0001.4812510900
4812511000,14.0001.48125.0001.4812511000
4812511100,14.0001.48125.0001.4812511100
4812511200,14.0001.48125.0001.4812511200
4812511300,14.0001.48125.0001.4812511300
4812511400,14.0001.48125.0001.4812511400
4812511500,14.0001.48125.0001.4812511500
4812511600,14.0001.48125.0001.4812511600
4812511700,14.0001.48125.0001.4812511700
4812511800,14.0001.48125.0001.4812511800
4812511900,14.0001.48125.0001.4812511900
4812512000,14.0001.48125.0001.4812512000
4812512100,14.0001.48125.0001.4812512100
4812512200,14.0001.48125.0001.4812512200
4812512300,14.0001.48125.0001.4812512300
4812512400,14.0001.48125.0001.4812512400
4812512500,14.0001.48125.0001.4812512500
4812512600,14.0001.48125.0001.4812512600
4812512700,14.0001.48125.0001.4812512700
4812512800,14.0001.48125.0001.4812512800
4812512900,14.0001.48125.0001.4812512900
4812513000,14.0001.48125.0001.4812513000
4812513100,14.0001.48125.0001.4812513100
4812513200,14.0001.48125.0001.4812513200
4812513300,14.0001.48125.0001.4812513300
4812513400,14.0001.48125.0001.4812513400
4812513500,14.0001.48125.0001.4812513500
4812513600,14.0001.48125.0001.4812513600
4812513700,14.0001.48125.0001.4812513700
4812513800,14.0001.48125.0001.4812513800
4812513900,14.0001.48125.0001.4812513900
4812514000,14.0001.48125.0001.4812514000
4812514100,14.0001.48125.0001.4812514100
4812514200,14.0001.48125.0001.4812514200
4812514300,14.0001.48125.0001.4812514300
4812514400,14.0001.48125.0001.4812514400
4812514500,14.0001.48125.0001.4812514500
4812514600,14.0001.48125.0001.4812514600
4812514700,14.0001.48125.0001.4812514700
4812514800,14.0001.48125.0001.4812514800
4812514900,14.0001.48125.0001.4812514900
4812515000,14.0001.48125.0001.4812515000
4812515100,14.0001.48125.0001.4812515100
4812515200,14.0001.48125.0001.4812515200
4812515300,14.0001.48125.0001.4812515300
4812515400,14.0001.48125.0001.4812515400
4812515500,14.0001.48125.0001.4812515500
4812515600,14.0001.48125.0001.4812515600
4812515700,14.0001.48125.0001.4812515700
4812515800,14.0001.48125.0001.4812515800
4812515900,14.0001.48125.0001.4812515900
4812516000,14.0001.48125.0001.4812516000
4812531000,14.0001.48125.0001.4812531000
4812532000,14.0001.48125.0001.4812532000
4812533000,14.0001.48125.0001.4812533000
4812534000,14.0001.48125.0001.4812534000
48127,14.0001.48127
4812710100,14.0001.48127.0001.4812710100
4812710200,14.0001.48127.0001.4812710200
4812710300,14.0001.48127.0001.4812710300
4812710400,14.0001.48127.0001.4812710400
4812710500,14.0001.48127.0001.4812710500
4812710600,14.0001.48127.0001.4812710600
4812710700,14.0001.48127.0001.4812710700
4812710800,14.0001.48127.0001.4812710800
4812725000,14.0001.48127.0001.4812725000
48129,14.0001.48129
4812910100,14.0001.48129.0001.4812910100
4812910200,14.0001.48129.0001.4812910200
4812910300,14.0001.48129.0001.4812910300
4812910400,14.0001.48129.0001.4812910400
4812910500,14.0001.48129.0001.4812910500
4812910600,14.0001.48129.0001.4812910600
4812910700,14.0001.48129.0001.4812910700
4812910800,14.0001.48129.0001.4812910800
4812910900,14.0001.48129.0001.4812910900
4812911000,14.0001.48129.0001.4812911000
4812911100,14.0001.48129.0001.4812911100
4812911200,14.0001.48129.0001.4812911200
4812911300,14.0001.48129.0001.4812911300
4812911400,14.0001.48129.0001.4812911400
4812911500,14.0001.48129.0001.4812911500
4812911600,14.0001.48129.0001.4812911600
4812911700,14.0001.48129.0001.4812911700
4812911800,14.0001.48129.0001.4812911800
4812911900,14.0001.48129.0001.4812911900
4812912000,14.0001.48129.0001.4812912000
4812912100,14.0001.48129.0001.4812912100
4812912200,14.0001.48129.0001.4812912200
4812912300,14.0001.48129.0001.4812912300
4812912400,14.0001.48129.0001.4812912400
4812912500,14.0001.48129.0001.4812912500
4812912600,14.0001.48129.0001.4812912600
4812912700,14.0001.48129.0001.4812912700
4812912800,14.0001.48129.0001.4812912800
4812912900,14.0001.48129.0001.4812912900
4812913000,14.0001.48129.0001.4812913000
4812913100,14.0001.48129.0001.4812913100
4812913200,14.0001.48129.0001.4812913200
4812913300,14.0001.48129.0001.4812913300
4812913400,14.0001.48129.0001.4812913400
4812913500,14.0001.48129.0001.4812913500
4812913600,14.0001.48129.0001.4812913600
4812913700,14.0001.48129.0001.4812913700
4812913800,14.0001.48129.0001.4812913800
4812913900,14.0001.48129.0001.4812913900
4812914000,14.0001.48129.0001.4812914000
4812914100,14.0001.48129.0001.4812914100
4812914200,14.0001.48129.0001.4812914200
4812914300,14.0001.48129.0001.4812914300
4812914400,14.0001.48129.0001.4812914400
4812914500,14.0001.48129.0001.4812914500
4812914600,14.0001.48129.0001.4812914600
4812914700,14.0001.48129.0001.4812914700
4812914800,14.0001.48129.0001.4812914800
4812914900,14.0001.48129.0001.4812914900
4812915000,14.0001.48129.0001.4812915000
4812915100,14.0001.48129.0001.4812915100
4812915200,14.0001.48129.0001.4812915200
4812915300,14.0001.48129.0001.4812915300
4812915400,14.0001.48129.0001.4812915400
4812915500,14.0001.48129.0001.4812915500
4812915600,14.0001.48129.0001.4812915600
4812915700,14.0001.48129.0001.4812915700
4812915800,14.0001.48129.0001.4812915800
4812915900,14.0001.48129.0001.4812915900
4812916000,14.0001.48129.0001.4812916000
4812916100,14.0001.48129.0001.4812916100
4812916200,14.0001.48129.0001.4812916200
4812916300,14.0001.48129.0001.4812916300
4812916400,14.0001.48129.0001.4812916400
4812916500,14.0001.48129.0001.4812916500
48170,14.0002
4817010200,14.0002.0001.4817010200
4817013700,14.0002.0001.4817013700
4817010300,14.0002.0002.4817010300
4817010400,14.0002.0003.4817010400
4817010500,14.0002.0004.4817010500
4817010600,14.0002.0005.4817010600
4817010700,14.0002.0006.4817010700
4817010800,14.0002.0007.4817010800
4817010900,14.0002.0008.4817010900
4817011000,14.0002.0009.4817011000
4817011100,14.0002.0010.4817011100
4817011200,14.0002.0011.4817011200
4817011300,14.0002.0012.4817011300
4817011500,14.0002.0013.4817011500
4817011700,14.0002.0014.4817011700
4817011800,14.0002.0015.4817011800
4817011900,14.0002.0016.4817011900
4817012000,14.0002.0017.4817012000
4817012300,14.0002.0018.4817012300
4817012400,14.0002.0019.4817012400
4817012500,14.0002.0020.4817012500
4817012600,14.0002.0021.4817012600
4817012800,14.0002.0022.4817012800
4817013000,14.0002.0023.4817013000
4817013100,14.0002.0024.4817013100
4817013200,14.0002.0025.4817013200
4817010100,14.0002.0026.4817010100
4817011600,14.0002.0027.4817011600
4817012200,14.0002.0028.4817012200
4817012700,14.0002.0029.4817012700
4817012900,14.0002.0030.4817012900
4817011400,14.0002.0031.4817011400
4817012100,14.0002.0032.4817012100
4817025000,14.0002.0033.4817025000
4817031000,14.0002.0034.4817031000
4817032000,14.0002.0035.4817032000
4817033000,14.0002.0036.4817033000
4817035000,14.0002.0037.4817035000
4817036000,14.0002.0038.4817036000
4817037000,14.0002.0039.4817037000
4817038000,14.0002.0040.4817038000
4817039000,14.0002.0041.4817039000
4817040000,14.0002.0042.4817040000
4817041000,14.0002.0043.4817041000
4817042000,14.0002.0044.4817042000
4817043000,14.0002.0045.4817043000
4817044000,14.0002.0046.4817044000
4817045000,14.0002.0047.4817045000
4817046000,14.0002.0048.4817046000
48220,14.0003
4822010100,14.0003.0001.4822010100
4822010200,14.0003.0002.4822010200
4822010300,14.0003.0003.4822010300
4822010400,14.0003.0004.4822010400
4822010500,14.0003.0005.4822010500
4822010600,14.0003.0006.4822010600
4822010700,14.0003.0007.4822010700
4822010800,14.0003.0008.4822010800
4822010900,14.0003.0009.4822010900
4822011000,14.0003.0010.4822011000
4822011100,14.0003.0011.4822011100
4822011200,14.0003.0012.4822011200
4822011300,14.0003.0013.4822011300
4822011400,14.0003.0014.4822011400
4822011500,14.0003.0015.4822011500
4822011600,14.0003.0016.4822011600
4822011700,14.0003.0017.4822011700
4822025000,14.0003.0018.4822025000
4822031000,14.0003.0019.4822031000
4822033000,14.0003.0020.4822033000
4822034000,14.0003.0021.4822034000
4822035000,14.0003.0022.4822035000
4822036000,14.0003.0023.4822036000
4822037000,14.0003.0024.4822037000
48240,14.0004
4824010100,14.0004.0001.4824010100
4824010200,14.0004.0002.4824010200
4824010300,14.0004.0003.4824010300
4824010400,14.0004.0004.4824010400
4824010500,14.0004.0005.4824010500
4824010600,14.0004.0006.4824010600
4824010700,14.0004.0007.4824010700
4824010800,14.0004.0008.4824010800
4824010900,14.0004.0009.4824010900
4824011000,14.0004.0010.4824011000
4824011100,14.0004.0011.4824011100
4824011200,14.0004.0012.4824011200
4824011300,14.0004.0013.4824011300
4824011400,14.0004.0014.4824011400
4824011500,14.0004.0015.4824011500
4824011600,14.0004.0016.4824011600
4824011700,14.0004.0017.4824011700
4824011800,14.0004.0018.4824011800
4824011900,14.0004.0019.4824011900
4824012000,14.0004.0020.4824012000
4824012100,14.0004.0021.4824012100
4824012200,14.0004.0022.4824012200
4824012300,14.0004.0023.4824012300
4824012400,14.0004.0024.4824012400
4824012500,14.0004.0025.4824012500
4824012600,14.0004.0026.4824012600
4824012700,14.0004.0027.4824012700
4824025000,14.0004.0028.4824025000
4824031000,14.0004.0029.4824031000
4824032000,14.0004.0030.4824032000
4824033000,14.0004.0031.4824033000
4824034000,14.0004.0032.4824034000
4824035000,14.0004.0033.4824035000
4824036000,14.0004.0034.4824036000
4824037000,14.0004.0035.4824037000
48250,14.0005
4825010100,14.0005.0001.4825010100
4825012300,14.0005.0001.4825012300
4825012400,14.0005.0001.4825012400
4825012500,14.0005.0001.4825012500
4825012600,14.0005.0001.4825012600
4825012700,14.0005.0001.4825012700
4825012800,14.0005.0001.4825012800
4825012900,14.0005.0001.4825012900
4825013000,14.0005.0001.4825013000
4825013100,14.0005.0001.4825013100
4825013200,14.0005.0001.4825013200
4825013300,14.0005.0001.4825013300
4825013400,14.0005.0001.4825013400
4825010200,14.0005.0002.4825010200
4825010300,14.0005.0003.4825010300
4825010400,14.0005.0004.4825010400
4825010500,14.0005.0005.4825010500
4825010600,14.0005.0006.4825010600
4825010700,14.0005.0007.4825010700
4825010800,14.0005.0008.4825010800
4825010900,14.0005.0009.4825010900
4825011000,14.0005.0010.4825011000
4825011100,14.0005.0011.4825011100
4825011200,14.0005.0012.4825011200
4825011300,14.0005.0013.4825011300
4825011400,14.0005.0014.4825011400
4825011500,14.0005.0015.4825011500
4825011600,14.0005.0016.4825011600
4825011700,14.0005.0017.4825011700
4825011800,14.0005.0018.4825011800
4825011900,14.0005.0019.4825011900
4825012000,14.0005.0020.4825012000
4825012100,14.0005.0021.4825012100
4825012200,14.0005.0022.4825012200
4825025000,14.0005.0023.4825025000
4825032000,14.0005.0025.4825032000
4825033000,14.0005.0026.4825033000
4825034000,14.0005.0027.4825034000
4825035000,14.0005.0028.4825035000
4825036000,14.0005.0029.4825036000
4825037000,14.0005.0030.4825037000
48270,14.0006
4827010100,14.0006.0001.4827010100
4827010200,14.0006.0002.4827010200
4827010300,14.0006.0003.4827010300
4827010400,14.0006.0004.4827010400
4827010500,14.0006.0005.4827010500
4827010600,14.0006.0006.4827010600
4827010700,14.0006.0007.4827010700
4827010800,14.0006.0008.4827010800
4827025000,14.0006.0009.4827025000
4827025300,14.0006.0010.4827025300
4827031000,14.0006.0011.4827031000
4827032000,14.0006.0012.4827032000
4827033000,14.0006.0013.4827033000
4827034000,14.0006.0014.4827034000
4827035000,14.0006.0015.4827035000
4827036000,14.0006.0016.4827036000
4827037000,14.0006.0017.4827037000
4827038000,14.0006.0018.4827038000
4827039000,14.0006.0019.4827039000
48310,14.0007
4831010100,14.0007.0001.4831010100
4831010800,14.0007.0001.4831010800
4831010200,14.0007.0002.4831010200
4831010900,14.0007.0002.4831010900
4831010300,14.0007.0003.4831010300
4831011000,14.0007.0003.4831011000
4831010400,14.0007.0004.4831010400
4831011100,14.0007.0004.4831011100
4831010500,14.0007.0005.4831010500
4831011200,14.0007.0005.4831011200
4831010600,14.0007.0006.4831010600
4831011300,14.0007.0006.4831011300
4831010700,14.0007.0007.4831010700
4831011400,14.0007.0007.4831011400
4831031000,14.0007.0009.4831031000
4831032000,14.0007.0010.4831032000
4831033000,14.0007.0011.4831033000
4831034000,14.0007.0012.4831034000
4831035000,14.0007.0013.4831035000
4831036000,14.0007.0014.4831036000
4831037000,14.0007.0015.4831037000
4831038000,14.0007.0016.4831038000
4831039000,14.0007.0017.4831039000
48330,14.0008
4833010100,14.0008.0001.4833010100
4833011300,14.0008.0001.4833011300
4833011400,14.0008.0001.4833011400
4833011500,14.0008.0001.4833011500
4833011600,14.0008.0001.4833011600
4833011700,14.0008.0001.4833011700
4833011800,14.0008.0001.4833011800
4833011900,14.0008.0001.4833011900
4833012000,14.0008.0001.4833012000
4833012100,14.0008.0001.4833012100
4833010200,14.0008.0002.4833010200
4833010300,14.0008.0003.4833010300
4833010400,14.0008.0004.4833010400
4833010500,14.0008.0005.4833010500
4833010600,14.0008.0006.4833010600
4833010700,14.0008.0007.4833010700
4833010800,14.0008.0008.4833010800
4833010900,14.0008.0009.4833010900
4833011000,14.0008.0010.4833011000
4833011100,14.0008.0011.4833011100
4833011200,14.0008.0012.4833011200
4833025300,14.0008.0014.4833025300
4833031000,14.0008.0015.4833031000
4833032000,14.0008.0016.4833032000
4833033000,14.0008.0017.4833033000
4833034000,14.0008.0018.4833034000
48720,14.0009
4872025000,14.0009.0001.4872025000
4872041500,14.0009.0001.4872041500
4872031000,14.0009.0002.4872031000
4872032000,14.0009.0003.4872032000
4872033000,14.0009.0004.4872033000
4872034000,14.0009.0005.4872034000
4872035000,14.0009.0006.4872035000
4872036000,14.0009.0007.4872036000
4872037000,14.0009.0008.4872037000
4872038000,14.0009.0009.4872038000
4872039000,14.0009.0010.4872039000
4872040000,14.0009.0011.4872040000
4872042000,14.0009.0013.4872042000
48730,14.0010
4873025000,14.0010.0001.4873025000
4873031000,14.0010.0002.4873031000
4873032000,14.0010.0003.4873032000
4873033000,14.0010.0004.4873033000
4873034000,14.0010.0005.4873034000
4873035000,14.0010.0006.4873035000
4873036000,14.0010.0007.4873036000
4873038000,14.0010.0009.4873038000
4873039000,14.0010.0010.4873039000
4873025300,14.0010.0011.4873025300
48740,14.0011
4874025000,14.0011.0001.4874025000
4874025300,14.0011.0002.4874025300
4874031000,14.0011.0003.4874031000
4874032000,14.0011.0004.4874032000
4874033000,14.0011.0005.4874033000
4874034000,14.0011.0006.4874034000
4874035000,14.0011.0007.4874035000
4874036000,14.0011.0008.4874036000
4874037000,14.0011.0009.4874037000
4874038000,14.0011.0010.4874038000
4874039000,14.0011.0011.4874039000
4874040000,14.0011.0012.4874040000
4874041000,14.0011.0013.4874041000
4874042000,14.0011.0014.4874042000
48820,14.0012
4882025000,14.0012.0001.4882025000
4882031000,14.0012.0002.4882031000
4882032000,14.0012.0003.4882032000
4882033000,14.0012.0004.4882033000
4882034000,14.0012.0005.4882034000
4882035000,14.0012.0006.4882035000
4882036000,14.0012.0007.4882036000
4882037000,14.0012.0008.4882037000
4882038000,14.0012.0009.4882038000
4882039000,14.0012.0010.4882039000
4882040000,14.0012.0011.4882040000
4882041000,14.0012.0012.4882041000
4882042000,14.0012.0013.4882042000
4882043000,14.0012.0014.4882043000
48840,14.0013
4884025000,14.0013.0001.4884025000
4884031000,14.0013.0002.4884031000
4884032000,14.0013.0003.4884032000
4884033000,14.0013.0004.4884033000
4884034000,14.0013.0005.4884034000
4884035000,14.0013.0006.4884035000
4884036000,14.0013.0007.4884036000
4884037000,14.0013.0008.4884037000
4884038000,14.0013.0009.4884038000
4884039000,14.0013.0010.4884039000
48850,14.0014
4885025000,14.0014.0001.4885025000
4885031000,14.0014.0002.4885031000
4885032000,14.0014.0003.4885032000
4885033000,14.0014.0004.4885033000
4885034000,14.0014.0005.4885034000
4885035000,14.0014.0006.4885035000
4885036000,14.0014.0007.4885036000
4885037000,14.0014.0008.4885037000
4885038000,14.0014.0009.4885038000
4885039000,14.0014.0010.4885039000
4885040000,14.0014.0011.4885040000
4885041000,14.0014.0012.4885041000
4885042000,14.0014.0013.4885042000
48860,14.0015
4886025000,14.0015.0001.4886025000
4886031000,14.0015.0002.4886031000
4886032000,14.0015.0003.4886032000
4886033000,14.0015.0004.4886033000
4886034000,14.0015.0005.4886034000
4886035000,14.0015.0006.4886035000
4886036000,14.0015.0007.4886036000
4886037000,14.0015.0008.4886037000
4886038000,14.0015.0009.4886038000
4886039000,14.0015.0010.4886039000
4886040000,14.0015.0011.4886040000
48870,14.0016
4887025000,14.0016.0001.4887025000
4887031000,14.0016.0002.4887031000
4887032000,14.0016.0003.4887032000
4887033000,14.0016.0004.4887033000
4887034000,14.0016.0005.4887034000
4887035000,14.0016.0006.4887035000
4887036000,14.0016.0007.4887036000
4887037000,14.0016.0008.4887037000
4887038000,14.0016.0009.4887038000
4887039000,14.0016.0010.4887039000
4887040000,14.0016.0011.4887040000
48880,14.0017
4888025000,14.0017.0001.4888025000
4888031000,14.0017.0002.4888031000
4888032000,14.0017.0003.4888032000
4888033000,14.0017.0004.4888033000
4888034000,14.0017.0005.4888034000
4888035000,14.0017.0006.4888035000
4888036000,14.0017.0007.4888036000
4888037000,14.0017.0008.4888037000
4888038000,14.0017.0009.4888038000
4888039000,14.0017.0010.4888039000
4888040000,14.0017.0011.4888040000
4888041000,14.0017.0012.4888041000
48890,14.0018
4889025000,14.0018.0001.4889025000
4889031000,14.0018.0002.4889031000
4889032000,14.0018.0003.4889032000
4889033000,14.0018.0004.4889033000
4889034000,14.0018.0005.4889034000
4889035000,14.0018.0006.4889035000
4889036000,14.0018.0007.4889036000
4889037000,14.0018.0008.4889037000
4889038000,14.0018.0009.4889038000
4889039000,14.0018.0010.4889039000
4889040000,14.0018.0011.4889040000
4889041000,14.0018.0012.4889041000
4889042000,14.0018.0013.4889042000
4889043000,14.0018.0014.4889043000
4889044000,14.0018.0015.4889044000
4889045000,14.0018.0016.4889045000
4889046000,14.0018.0017.4889046000
50,15
50110,15.0001
5011010100,15.0001.0001.5011010100
5011010400,15.0001.0001.5011010400
5011010500,15.0001.0001.5011010500
5011010700,15.0001.0001.5011010700
5011010800,15.0001.0001.5011010800
5011010900,15.0001.0001.5011010900
5011011000,15.0001.0001.5011011000
5011011100,15.0001.0001.5011011100
5011011200,15.0001.0001.5011011200
5011011300,15.0001.0001.5011011300
5011011400,15.0001.0001.5011011400
5011011500,15.0001.0001.5011011500
5011011600,15.0001.0001.5011011600
5011011700,15.0001.0001.5011011700
5011011800,15.0001.0001.5011011800
5011011900,15.0001.0001.5011011900
5011012000,15.0001.0001.5011012000
5011012100,15.0001.0001.5011012100
5011012200,15.0001.0001.5011012200
5011012300,15.0001.0001.5011012300
5011012400,15.0001.0001.5011012400
5011012500,15.0001.0001.5011012500
5011012600,15.0001.0001.5011012600
5011012700,15.0001.0001.5011012700
5011012800,15.0001.0001.5011012800
5011012900,15.0001.0001.5011012900
5011013000,15.0001.0001.5011013000
5011013100,15.0001.0001.5011013100
5011013200,15.0001.0001.5011013200
5011013300,15.0001.0001.5011013300
5011013400,15.0001.0001.5011013400
5011013500,15.0001.0001.5011013500
5011013600,15.0001.0001.5011013600
5011013700,15.0001.0001.5011013700
5011013800,15.0001.0001.5011013800
5011013900,15.0001.0001.5011013900
5011014000,15.0001.0001.5011014000
5011025000,15.0001.0001.5011025000
5011025300,15.0001.0001.5011025300
5011025600,15.0001.0001.5011025600
5011025900,15.0001.0001.5011025900
5011031000,15.0001.0001.5011031000
5011032000,15.0001.0001.5011032000
5011033000,15.0001.0001.5011033000
5011010200,15.0001.0002.5011010200
5011010300,15.0001.0003.5011010300
5011010600,15.0001.0006.5011010600
50130,15.0002
5013010100,15.0002.0001.5013010100
5013010200,15.0002.0001.5013010200
5013010300,15.0002.0001.5013010300
5013010400,15.0002.0001.5013010400
5013010500,15.0002.0001.5013010500
5013010600,15.0002.0001.5013010600
5013010700,15.0002.0001.5013010700
5013010800,15.0002.0001.5013010800
5013010900,15.0002.0001.5013010900
5013011000,15.0002.0001.5013011000
5013011100,15.0002.0001.5013011100
5013011200,15.0002.0001.5013011200
5013011300,15.0002.0001.5013011300
5013011400,15.0002.0001.5013011400
5013011500,15.0002.0001.5013011500
5013011600,15.0002.0001.5013011600
5013011700,15.0002.0001.5013011700
5013011800,15.0002.0001.5013011800
5013011900,15.0002.0001.5013011900
5013012000,15.0002.0001.5013012000
5013012100,15.0002.0001.5013012100
5013012200,15.0002.0001.5013012200
5013025000,15.0002.0001.5013025000
5013025300,15.0002.0001.5013025300
5013025900,15.0002.0001.5013025900
5013031000,15.0002.0001.5013031000
5013032000,15.0002.0001.5013032000
