{"type":"Feature","bbox":[125.80065948381299,34.140718972790594,126.38529973780155,34.592913988591675],"properties":{"regionCode":"12860","version":"vworld-20260909-3f8952dfda77-p3","name":"전남광주통합특별시 진도군","attribution":"국토교통부/K-Geo플랫폼 · VWorld 법정구역정보, CC BY 2.0 KR; 공공주택 복덕방 가공"},"geometry":{"type":"MultiPolygon","coordinates":[[[[125.94354564775965,34.14933854303284],[125.94185733545378,34.149003031986055],[125.94180331754005,34.147692754018934],[125.94245580052345,34.147158272678176],[125.9423887276968,34.145380778785764],[125.94245330960004,34.14290109228042],[125.9441239669044,34.1426434605662],[125.94471411145992,34.140718972790594],[125.94588148026887,34.1415756998033],[125.94540357610651,34.14309697622977],[125.94505638313478,34.14549308541332],[125.94794504996943,34.143528373637345],[125.94831766947011,34.1446331133271],[125.9472246160899,34.145695338271985],[125.94778273117915,34.146961056895805],[125.94655651063914,34.147625206690655],[125.94464334137267,34.14733483039723],[125.94354564775965,34.14933854303284]]],[[[125.94117261569804,34.155198126231774],[125.9398167275982,34.15769616814948],[125.94126491192786,34.15965127237114],[125.94040787908169,34.16139623185704],[125.9385308899179,34.161004730227376],[125.93800021300362,34.15969447180217],[125.93591764931563,34.15815242902157],[125.93626996580905,34.1566207941684],[125.93797645451738,34.15619985805546],[125.9391771434744,34.1553125041293],[125.93790010649927,34.15384788346298],[125.93909237726422,34.153163444424415],[125.94010325098533,34.153787677591836],[125.94094154025366,34.15211970128278],[125.94226864101088,34.15232175123327],[125.94268998716282,34.153595614196234],[125.94117261569804,34.155198126231774]]],[[[125.85909205205317,34.19835264915888],[125.85859723641636,34.1985420195742],[125.85804432534032,34.19832861919894],[125.85758574546465,34.19797791561322],[125.8573249095044,34.198175600966046],[125.85641915339181,34.19751664242542],[125.85581811944004,34.197253510777614],[125.85555408252772,34.197027688480816],[125.85469021279876,34.19670557647705],[125.85477631065768,34.1963526508889],[125.85495389571129,34.19619585708007],[125.8556427202636,34.19612023491359],[125.85607025460823,34.19633060056121],[125.85639355281054,34.19632713710046],[125.85676962290897,34.19609048727717],[125.85729015804704,34.19592378249354],[125.8577867479996,34.19561089256913],[125.85858714312324,34.195393579191006],[125.85906476288604,34.19537507693544],[125.85938442649864,34.19523216537488],[125.86062648403853,34.19393836715113],[125.86086796178004,34.19390549248749],[125.8610618560748,34.19410817887094],[125.86105726805218,34.194311201704174],[125.86082214070845,34.19467724172834],[125.86058405527109,34.19486323790926],[125.8607478222125,34.194950946494366],[125.86118986757924,34.1946302157767],[125.86155779564253,34.19465124866655],[125.86185091009338,34.19521934944246],[125.86201659175754,34.19631978724411],[125.86181431815847,34.196753101487104],[125.86124209798155,34.19736997057742],[125.86061106876429,34.1977452563742],[125.86044118228868,34.19761213066796],[125.86057931281275,34.197770372411085],[125.86021731713906,34.19806573979244],[125.8595681739942,34.198349112965424],[125.85909205205317,34.19835264915888]]],[[[125.80107397645625,34.20659375662792],[125.80123073385506,34.206730693182806],[125.80130729532604,34.2070272801378],[125.80118226130931,34.20714449467659],[125.8009260029521,34.207161944465284],[125.80068014541753,34.2070526744039],[125.80065948381299,34.20670482954869],[125.80069509782275,34.20661800159649],[125.80107397645625,34.20659375662792]]],[[[125.88010807346654,34.20923221627153],[125.88039514141896,34.20941124130195],[125.88064591507555,34.209739562677],[125.8807528151121,34.209947481034476],[125.88073664368108,34.21031832644513],[125.8802761152453,34.2107762728536],[125.87945955707708,34.211026372529915],[125.8791395354697,34.21070394159937],[125.87911962501849,34.21020057146365],[125.87938289578231,34.20982315288158],[125.87963831986167,34.20968154851612],[125.8798186655383,34.20937406979851],[125.87997690042016,34.209224454668146],[125.88010807346654,34.20923221627153]]],[[[126.05852341712446,34.218352328388484],[126.05859588054311,34.21856303124173],[126.05854114930844,34.21862208811877],[126.05846003109203,34.21859798175236],[126.05839808661123,34.218379174541546],[126.05844616868244,34.21830232608785],[126.05852341712446,34.218352328388484]]],[[[126.1668929247847,34.21963774780421],[126.16678171945203,34.21979249274237],[126.16670731661516,34.21979826056845],[126.16669012527392,34.21969283516653],[126.1668929247847,34.21963774780421]]],[[[125.84985610137166,34.21780544368546],[125.84941733484477,34.21802456155454],[125.84915927487795,34.21804818859509],[125.84871335636386,34.21779946837422],[125.84841973494483,34.21773088622433],[125.84820104425678,34.217825354894515],[125.8478866520509,34.21767411365932],[125.84755874183331,34.21733492319692],[125.84741627383629,34.21677010998751],[125.84758201582831,34.21623897119575],[125.84731874408982,34.215800834583256],[125.84751426009841,34.215382672340766],[125.8472520778251,34.2148775788004],[125.84777539016561,34.21418100254936],[125.84815918135571,34.21414111793309],[125.8485175729388,34.214278727767876],[125.84935242613055,34.214277359719595],[125.85091958569946,34.21278861487762],[125.85123023524936,34.21230240463855],[125.85174737910062,34.21188785464176],[125.85228295171919,34.211675611254286],[125.85368983864743,34.211376267702974],[125.8543716498697,34.21021142874602],[125.85445889068055,34.20966644760866],[125.8550501873055,34.20914993082416],[125.85506845928425,34.20887263281637],[125.85564790934444,34.20804421604304],[125.8557679999318,34.207718416482386],[125.85620328260507,34.20750139664965],[125.85740662139291,34.20764838054986],[125.85783408854654,34.20730999467629],[125.85788297544603,34.20667633095514],[125.85823540812817,34.20625207698143],[125.85931546692046,34.205745248991825],[125.86040170237396,34.20574045700717],[125.86079602544729,34.205509085426165],[125.86141344905226,34.20529366813033],[125.8622460440374,34.20574560062216],[125.8636485027516,34.20764567943027],[125.86382986256952,34.20845377164257],[125.86387698303899,34.20929614402891],[125.86299084945489,34.2104954959915],[125.8623339682126,34.211070071307915],[125.8616822153047,34.21148146883697],[125.86095584190834,34.211789442160615],[125.86012414271,34.21250911425525],[125.85925015307038,34.21292013413578],[125.857928083397,34.21491234914979],[125.85801934864837,34.215537393925295],[125.85769512805132,34.21610800374313],[125.85733023277483,34.21646992221769],[125.85746184819897,34.21688637460651],[125.85745041366096,34.2171944841652],[125.85706831335877,34.21742959967468],[125.8566868346587,34.21750467127786],[125.85625636701411,34.21729547880206],[125.8560116684277,34.217351200679296],[125.85584145849347,34.21726853657205],[125.85561839323799,34.217270824781735],[125.85548766160062,34.21733392926506],[125.85521348706975,34.217268925388055],[125.8547265484437,34.21663492491656],[125.85455096077452,34.21656735274251],[125.8544231450844,34.21672598961596],[125.85436084068076,34.21709092677771],[125.85418162085743,34.21724004129158],[125.85405495447793,34.217202501833334],[125.85406764869708,34.21737952571712],[125.8539759385633,34.217438477455794],[125.85383158104578,34.21740680280241],[125.85395677420455,34.21762666042369],[125.85374526992402,34.21750771224115],[125.85275661044622,34.21771952289257],[125.85274663676769,34.217666858248116],[125.85375349971068,34.21744575302048],[125.85383244372636,34.21719831973346],[125.85361386165346,34.21669799229072],[125.85339460008665,34.2166847624437],[125.85331879390922,34.21652881803829],[125.8534184793999,34.216438634850945],[125.85338627836575,34.216377478076296],[125.85324143623819,34.21634888109079],[125.85303212844022,34.21612992987183],[125.85218620602137,34.215847900431704],[125.85212823217962,34.21611940798576],[125.8519446650188,34.21619139744454],[125.85185619766847,34.216474968607585],[125.85145550320544,34.216927704083446],[125.85093251701105,34.21722520114371],[125.85044632487974,34.21733108234016],[125.84985610137166,34.21780544368546]]],[[[126.17378341976601,34.21983755888909],[126.17377590291342,34.220069138125474],[126.17322587335988,34.22049851338329],[126.17300149080127,34.220913967957166],[126.17272018045735,34.22095881725007],[126.17263175444121,34.22091267805042],[126.1723168325458,34.22038952432678],[126.17232043386717,34.21999973972289],[126.17243670522112,34.219881848535444],[126.17263251392068,34.21971473415958],[126.17300225535519,34.21961740441566],[126.17343183526604,34.21978938281544],[126.1737471828493,34.219712426193766],[126.17378341976601,34.21983755888909]]],[[[126.0587081623475,34.22068977225775],[126.05874071250453,34.22085977425813],[126.05837227292915,34.22082739236813],[126.05851698293107,34.220727019868676],[126.0587081623475,34.22068977225775]]],[[[126.03632927844215,34.22097748542821],[126.03628885319084,34.22110994138049],[126.03606882170126,34.22106514761567],[126.03596124248091,34.22087911666005],[126.03553378288676,34.22096045093588],[126.03517431193697,34.22038476825586],[126.03528220330242,34.22026947582673],[126.03537294359276,34.21989698268584],[126.03515647958338,34.2198204304014],[126.03521108877202,34.21968039720556],[126.03578441571496,34.219839222070334],[126.03559121086906,34.22009607341339],[126.03577958481925,34.2202626295704],[126.03559234633357,34.22037599053038],[126.03627940548178,34.22080125681222],[126.03632927844215,34.22097748542821]]],[[[125.8386176955539,34.220066794905726],[125.83853307593007,34.22024368151217],[125.83778047368332,34.22049600026524],[125.83775904701633,34.220249401440014],[125.83786639645965,34.220141590897676],[125.8386176955539,34.220066794905726]]],[[[125.86073592498961,34.21967310201008],[125.86017679039182,34.22039351363627],[125.85949068790833,34.22085211965544],[125.8591215408985,34.220759458654015],[125.85900958833558,34.22032753350906],[125.85912330367877,34.220099855453796],[125.8590936900258,34.219604614726315],[125.85952174223043,34.21906288556336],[125.86050146302955,34.21902149641264],[125.86186429764872,34.21925116750211],[125.86192379973109,34.219568428076556],[125.86156100214072,34.219690995268294],[125.86073592498961,34.21967310201008]]],[[[126.16511438578839,34.224735675827624],[126.1647999470293,34.22492220639667],[126.1643457163898,34.22491337373161],[126.16374225873815,34.22476365906711],[126.16354095932053,34.224311771480124],[126.16335278398567,34.224239982757936],[126.16313021095063,34.224268570341],[126.16348896618233,34.223926998605606],[126.16348472491754,34.22378760424869],[126.16335235321587,34.22396569325582],[126.16314154166291,34.22404609589679],[126.16309413665155,34.22427851925135],[126.16223136032518,34.22438783410515],[126.16118622515566,34.22428980244328],[126.16023009455581,34.223870642192686],[126.16006674473734,34.22309565643459],[126.16111452289516,34.22263189110202],[126.16209637575653,34.22189983338026],[126.16263283408502,34.221971473290026],[126.16338260442743,34.222426507331534],[126.16403978162829,34.22209726716863],[126.16425608177316,34.22216793968861],[126.16469782093743,34.222970024583404],[126.1651629057663,34.22355636784402],[126.16511438578839,34.224735675827624]]],[[[126.03710263906828,34.22392183299105],[126.03739767423862,34.22423752219532],[126.03682645936325,34.22462265387238],[126.03589839522257,34.22462609620623],[126.0358035141535,34.224475772264505],[126.0362133390675,34.22401728668248],[126.03619120248673,34.22347290042165],[126.036541170205,34.22376447760655],[126.036797001219,34.223284558890484],[126.0368217952132,34.222939238554716],[126.03690923670666,34.22318721100184],[126.03723513704627,34.22327388751729],[126.03710263906828,34.22392183299105]]],[[[126.16514282216205,34.22577311407917],[126.16522001279925,34.22593714679912],[126.16499452256848,34.22599147248273],[126.16458109252477,34.22578835730091],[126.16460653461627,34.22570678672052],[126.16514282216205,34.22577311407917]]],[[[126.15007119445045,34.22675217436211],[126.14955217394123,34.2267802294538],[126.14920502373396,34.226889490024014],[126.14869996236672,34.226696421165876],[126.14868736960207,34.226588014637265],[126.1487470018063,34.22649034180597],[126.14905764034779,34.22638237926888],[126.14939034897873,34.22615619904412],[126.14969219485073,34.22614635139799],[126.15025831752202,34.2258490871312],[126.15031992451534,34.22568755902228],[126.15026910913612,34.225239083350566],[126.15035747415605,34.225138354838336],[126.1508378760198,34.22500832608624],[126.15058696024026,34.22443256511325],[126.15044450717916,34.22433909634113],[126.15044141435827,34.224195553969324],[126.15069457538144,34.22398107786641],[126.15124606916372,34.22385483987114],[126.15120112058341,34.22340855055784],[126.15138596191586,34.22331187949149],[126.15180654908893,34.22342789956326],[126.1521866512991,34.223424582463686],[126.15244610267608,34.22330069757067],[126.15249783909994,34.22315428947672],[126.15265384524676,34.22307264249578],[126.15291207493019,34.22306718156658],[126.15299210273903,34.223517147572814],[126.15286983695172,34.22398723182727],[126.15305968447183,34.22415864108846],[126.1530576441629,34.2244769043493],[126.15295692336075,34.22469548696635],[126.15278436910182,34.2248654076216],[126.15180110372762,34.22527383792619],[126.15153216282076,34.22613221645785],[126.15111945871999,34.22652749301821],[126.15007119445045,34.22675217436211]]],[[[126.1644575393855,34.22800976910721],[126.16434876301719,34.22811705734306],[126.16428858796202,34.228636562065184],[126.16421014817158,34.22876872110321],[126.16406074919223,34.228785937587006],[126.16365116713057,34.22876521933738],[126.16315277989011,34.22853590855732],[126.16240429074071,34.22835245486407],[126.16221714767329,34.228194392985955],[126.16208208288398,34.22792747572972],[126.16211347109248,34.227804767852334],[126.16232019296685,34.22767707572974],[126.16292904145728,34.22760112746875],[126.16360451629028,34.22762472855352],[126.16418173206772,34.227413393438376],[126.16449057202198,34.22747250059373],[126.16454498761692,34.22761080392419],[126.1644575393855,34.22800976910721]]],[[[125.84348341650393,34.22553995294963],[125.84323594381085,34.22564932960217],[125.84265839364782,34.22652388969412],[125.84190842443206,34.2270599182359],[125.84126341600663,34.22715946476253],[125.84077326712857,34.226769512813455],[125.84094107150669,34.22635924901729],[125.84286682676684,34.22493294206214],[125.84315079559754,34.224577641498385],[125.84356498880778,34.22374233492471],[125.84367100372037,34.22296170087926],[125.84394119231139,34.22215331988528],[125.8442873466917,34.22169025191023],[125.84458466387808,34.22147017027163],[125.84452814182752,34.22138095484076],[125.84428488953662,34.22140806446552],[125.84405278712326,34.22110707875425],[125.84359617364598,34.22091746276565],[125.84287256649002,34.220264415258086],[125.84183248898142,34.22004139857933],[125.84169914796949,34.21986704602945],[125.84199312735859,34.21967436943712],[125.84362149959276,34.21949538719836],[125.84483102510868,34.218931175901524],[125.84527967304406,34.21879458520669],[125.84547774718811,34.21886889985596],[125.84558156097874,34.21902469821456],[125.84558299521818,34.21924703947904],[125.84595087200702,34.219833295935295],[125.84614401106843,34.22050862492501],[125.84625158974761,34.220587584564974],[125.84617380244079,34.220618041201284],[125.84612431134397,34.22095884586747],[125.8459072667986,34.221213292826434],[125.84624104631231,34.22152693336645],[125.84664996268181,34.22166503372086],[125.84684312612583,34.22162183516413],[125.8469268167484,34.221671768769006],[125.847094769524,34.2219183031913],[125.84718553220384,34.22191122489523],[125.84786354938757,34.22238476824567],[125.84819126769236,34.223042907585636],[125.84821231803724,34.22364029115595],[125.8486101682485,34.22384767277546],[125.84885770056792,34.224180786607285],[125.84885273568597,34.22471339244472],[125.84865447801913,34.22499863308231],[125.84755015278185,34.225598070850516],[125.84690339114354,34.2262290210189],[125.8466511946742,34.2262433679147],[125.84605825512809,34.22600283560768],[125.84536220960976,34.22557741976091],[125.84376754939147,34.225404239681005],[125.84348341650393,34.22553995294963]]],[[[126.08698236622232,34.229491535042285],[126.08667069032406,34.22948647018592],[126.08647081267146,34.22940700366526],[126.08629180006886,34.22927186571621],[126.08633714308948,34.22918061673333],[126.08688723281395,34.22891284280444],[126.0874149202888,34.228486190055705],[126.08767337097346,34.2284760996825],[126.0877710793545,34.22829117394754],[126.08764391479139,34.22820592285375],[126.0878349021389,34.22780596593802],[126.08860064002783,34.22774277004797],[126.08876567701147,34.227953161925306],[126.0881516189899,34.228731978092064],[126.08793604109124,34.22894972240488],[126.08739320114954,34.22903493930587],[126.08714762977648,34.22915061279859],[126.08698236622232,34.229491535042285]]],[[[125.99027090493084,34.229602839455396],[125.9900238447132,34.22977210284766],[125.98988801036909,34.22977475951867],[125.98935676079216,34.22938185542986],[125.98855011339104,34.2292510762768],[125.98829583059745,34.229270150618866],[125.98826287290787,34.22921285320812],[125.98871741365471,34.22893616050139],[125.98919299498708,34.22822949026335],[125.98958446229663,34.22789835841487],[125.99021880755117,34.22806219918046],[125.99064364169755,34.22791732431792],[125.99098457476008,34.22798490241806],[125.99134527428589,34.22877128011208],[125.9918230255162,34.22889311367637],[125.99186857401205,34.229017779327904],[125.99175803872913,34.22922233473348],[125.99177923555658,34.22951143005591],[125.99154264250572,34.22964236331455],[125.99115801072111,34.22968639467922],[125.99027090493084,34.229602839455396]]],[[[126.1710064239834,34.23158705516598],[126.17100160565236,34.23169093352556],[126.17088168294075,34.231780871106736],[126.17070366801907,34.23185580243954],[126.17059462545694,34.231821394303154],[126.1707655838422,34.23157531873287],[126.170913653121,34.23150487208293],[126.1710064239834,34.23158705516598]]],[[[126.07709133641579,34.231657339132404],[126.07775374149517,34.233508407353135],[126.07721049072455,34.2338889172796],[126.07775554296745,34.23443183788391],[126.07711985796911,34.235648528676684],[126.0747223007437,34.23640257752195],[126.07351911827301,34.23506772819631],[126.07376247348029,34.234473513871336],[126.07300402608314,34.23398268660515],[126.07353465606869,34.23246981771606],[126.07341521548527,34.23165153446231],[126.07468308279537,34.23088070225526],[126.07461469241235,34.23025004561249],[126.07537037397134,34.2305382865363],[126.07519988273597,34.23098830934411],[126.07629564777307,34.23122590924097],[126.07728793579183,34.230966517032044],[126.07709133641579,34.231657339132404]]],[[[126.18291961692054,34.23692432377231],[126.18097764036546,34.237744734254434],[126.18100222303907,34.237554709266746],[126.18130585701527,34.23728935910582],[126.18132175687789,34.2369088881531],[126.18149458734615,34.23675646259623],[126.181629090833,34.23686617680993],[126.1822713364715,34.23656011498772],[126.18265383935446,34.23613771341561],[126.18276924426591,34.23614161197442],[126.1828723986006,34.23632460237663],[126.18318589981628,34.23648108731537],[126.18319316316013,34.23664020699766],[126.18291961692054,34.23692432377231]]],[[[125.99622931535711,34.237517561523006],[125.99610075540056,34.23775731826461],[125.99600176993401,34.23775071040266],[125.99608480105064,34.23753352213992],[125.99622931535711,34.237517561523006]]],[[[125.92624742906347,34.2381164556795],[125.9258088808084,34.23820149066075],[125.92567728801414,34.23801886883393],[125.92588391772337,34.237916980679444],[125.92624742906347,34.2381164556795]]],[[[125.96339173832038,34.23790499402073],[125.96258736467195,34.238255790736915],[125.96260687006338,34.238671049466404],[125.96240985487914,34.2389593722667],[125.96142425519028,34.23841889868837],[125.96147429042284,34.23804300040765],[125.96139646061961,34.23753163145737],[125.96152304789712,34.23738962908443],[125.96212194127803,34.237496587094085],[125.9628537635773,34.23706526648851],[125.96326697178792,34.23692794318446],[125.96339173832038,34.23790499402073]]],[[[125.92668194810288,34.238398816769376],[125.926799182496,34.238881371565],[125.92668435086912,34.239023710901606],[125.92642324027273,34.23898235384694],[125.92604279153625,34.23866516597725],[125.92607264904535,34.23838190025617],[125.92626540721432,34.23817590054645],[125.92668194810288,34.238398816769376]]],[[[126.17422681746383,34.24107801195237],[126.17352421289013,34.24113995978527],[126.17298433184962,34.241076357529074],[126.17262645967332,34.2407647937527],[126.17233051282767,34.24026633408433],[126.17167267351887,34.23978548274453],[126.17154190951925,34.23944708358591],[126.17178978877078,34.238964832170325],[126.17233023854249,34.23876078300694],[126.17339099957026,34.23816713888749],[126.17439528446175,34.23794072759853],[126.17497212831142,34.23756873632586],[126.17532381951675,34.236817920867736],[126.175916396259,34.23655648651198],[126.17698708966844,34.236945069157485],[126.17744877317172,34.23690652498896],[126.17755771646775,34.23671695938206],[126.17776050788821,34.236809999879824],[126.17778825020494,34.237113247095316],[126.1782678494203,34.23803435815392],[126.17819881830079,34.238343103497805],[126.17784910110724,34.23901128585144],[126.17732227924589,34.23953451262146],[126.17711277466378,34.24028776786254],[126.17636025539244,34.24069497882653],[126.17570277567258,34.24088165280974],[126.17459736274465,34.24109107621718],[126.17439327549869,34.24105549860866],[126.17425748738398,34.240895421553056],[126.17422681746383,34.24107801195237]]],[[[126.0687099328128,34.238850233516324],[126.068801563041,34.2398424771455],[126.06830807391097,34.24052798698159],[126.06657355996308,34.24035354215703],[126.06655931076884,34.23975924491258],[126.06667877799929,34.23913813937198],[126.06643037896012,34.23875330187286],[126.06659893538811,34.23861759414837],[126.06635862873105,34.238421851608365],[126.06733441008417,34.23804483966981],[126.06792522135498,34.23771026857579],[126.06749867630307,34.23831312657058],[126.06817318122938,34.23824936445077],[126.0687099328128,34.238850233516324]]],[[[126.08229938155975,34.242485904970096],[126.08210116073906,34.24282274129344],[126.08166644283196,34.243042102621864],[126.08161439974282,34.24301067537112],[126.08205697274013,34.242414252431395],[126.08229938155975,34.242485904970096]]],[[[126.32809748277481,34.24700488065151],[126.32812193830343,34.247131896447996],[126.32797470658146,34.24723666768541],[126.32769173197836,34.24728893970032],[126.32761175996593,34.24719351265113],[126.32769289789942,34.24698594498467],[126.32809748277481,34.24700488065151]]],[[[125.92992968966792,34.243494067308504],[125.93032853877772,34.24376597180426],[125.93066567079354,34.24419302240018],[125.93068721967121,34.24455028592248],[125.93046491190098,34.244612201711924],[125.92924912857137,34.24388007853849],[125.92923384318013,34.24375440241471],[125.92943945268138,34.24341355690304],[125.92992968966792,34.243494067308504]]],[[[125.92300720862906,34.244353943208324],[125.92307476212896,34.244401240540675],[125.92301726874412,34.244581354656894],[125.92292573558532,34.24468905480451],[125.92283013010102,34.244688808712326],[125.92275209328912,34.244574100124225],[125.92283620093885,34.24437542542964],[125.92300720862906,34.244353943208324]]],[[[125.95394378829114,34.24506077344284],[125.9538918970345,34.245158442239884],[125.95375645890134,34.24515423813492],[125.95391570774319,34.244904738584026],[125.95394378829114,34.24506077344284]]],[[[126.073872338578,34.245785932312735],[126.07355952161511,34.246141619939],[126.0734514943998,34.24591188903235],[126.07358220476667,34.24569288925146],[126.07384112340178,34.24557579431794],[126.073872338578,34.245785932312735]]],[[[125.9256565196634,34.24576656697495],[125.92540078301514,34.245959825217206],[125.92516751658243,34.24593720706288],[125.92517793055138,34.24570834391734],[125.92533410197396,34.24557852942],[125.92555659507302,34.24551874300189],[125.9256565196634,34.24576656697495]]],[[[125.93113958499019,34.24498038777313],[125.93148477349617,34.245185790197795],[125.93155473840744,34.24565373923748],[125.93139327180269,34.2459831196477],[125.93114968701056,34.24613577837991],[125.93039756361637,34.24554069241086],[125.93053658847917,34.24494452777486],[125.93113958499019,34.24498038777313]]],[[[125.93880469893946,34.24682213597282],[125.93812981435701,34.24682252262356],[125.93752704232054,34.24668986692053],[125.93702983004796,34.24623529469124],[125.93638528967803,34.24621846545443],[125.93594895354163,34.24680155187319],[125.93572112756091,34.24668274608257],[125.93568415090473,34.24647125509596],[125.93524125185951,34.24632785356015],[125.9351332284807,34.245949574487625],[125.93520578152757,34.24543750670825],[125.93594635525817,34.24522381499142],[125.93647635490419,34.24474796510728],[125.93641065611735,34.24452866175937],[125.93621340187961,34.244371126471115],[125.93590558552411,34.244292587156096],[125.93502135262516,34.24476485824468],[125.93443086216669,34.244721977819616],[125.93392241432367,34.24459900450303],[125.93294668988098,34.243949739898575],[125.93264353076606,34.2433021586537],[125.93235149205466,34.24304772526758],[125.93217700529709,34.24267945586019],[125.93242450117388,34.2422001587876],[125.93205420137615,34.24187060201726],[125.93165162017686,34.241759251750395],[125.93129570574729,34.24146327039478],[125.93031552996153,34.24016378788661],[125.92982754041533,34.23936945419251],[125.9298101686186,34.23910518254132],[125.92970680764297,34.23904249494217],[125.9297632668662,34.23853996180478],[125.92976247710128,34.239016867001425],[125.93028935041013,34.23907366376485],[125.93135199219027,34.23893134820388],[125.9314511826691,34.23863571443634],[125.93140713154094,34.23893899579268],[125.93159652811966,34.23895749623415],[125.93178056076746,34.23884486318687],[125.93191493001153,34.23844602433023],[125.93180676788668,34.23807117535756],[125.93068928394143,34.237385148906654],[125.93100379864754,34.23731969251561],[125.9311156778897,34.236900429953614],[125.93102607494968,34.23685795650213],[125.93091415823224,34.23713951570808],[125.93084729798571,34.23710014329361],[125.93081087928455,34.237196513047536],[125.93030163056939,34.237502429012615],[125.92997036870604,34.23745038868423],[125.9295985523405,34.23750152256428],[125.92937741848633,34.23722819491931],[125.92875855867881,34.236857467885315],[125.9286530541257,34.23670905240139],[125.92804291285258,34.23694072661155],[125.92757788207487,34.23689553153283],[125.92735503039007,34.23666324552325],[125.92740330227409,34.236117499108644],[125.92779757218264,34.235447121606725],[125.9284946990447,34.23458617982812],[125.92933951214916,34.234056846437156],[125.92961925575209,34.23362448540515],[125.9297195509532,34.23306941179364],[125.92893489362743,34.23191622535198],[125.92875597411484,34.23186704665743],[125.92852252158403,34.23202894807629],[125.92813096763503,34.232150000574464],[125.92774421280802,34.23186035558249],[125.92757587532567,34.23139228144007],[125.92777627130428,34.23096514296816],[125.92839486820799,34.230198632510266],[125.92913272575524,34.229975870034316],[125.92993455042885,34.22994385560931],[125.93016781555481,34.230055778399475],[125.93060258872529,34.2304316516806],[125.93119211583682,34.23114658744824],[125.93175057566569,34.23192025728197],[125.93189400411245,34.23243409981328],[125.9322178004857,34.23269924083056],[125.93249835244063,34.233201135281455],[125.93337093739366,34.23402184110701],[125.93407944322288,34.23381311732634],[125.93403473211227,34.2336527596445],[125.93414092664159,34.233363304998655],[125.93403093756253,34.23292047361089],[125.93411943250015,34.232600675839294],[125.9340321645865,34.23239488501873],[125.93423262543024,34.2323508098567],[125.9337549146624,34.232053919711056],[125.933760981606,34.23085602030153],[125.93485575515948,34.23041095358733],[125.93584045539677,34.23024615015513],[125.93680968343749,34.230200608517215],[125.93699692006138,34.23004343710202],[125.93627596779395,34.229343090236455],[125.93638756054034,34.22917291301077],[125.93673709012705,34.22905004470329],[125.93730841259539,34.22913972949415],[125.93826162134663,34.22962948972708],[125.93890621971887,34.23027459966342],[125.94026200985078,34.23058695000569],[125.94127795040092,34.23155473811797],[125.94179885838795,34.2319313889283],[125.94209842866451,34.232335106825204],[125.94245271788458,34.232543360599955],[125.94327920133931,34.23184747477742],[125.94380837625847,34.23186237934611],[125.94386305352887,34.23227915180743],[125.94410446860026,34.23271443639772],[125.94511748187014,34.23315821754235],[125.94585579285841,34.23360925334186],[125.94601606110324,34.234022706014834],[125.94603422338328,34.234622560209196],[125.94532436908167,34.23508532103417],[125.94542828868838,34.23531160184278],[125.94581071584497,34.23522277700085],[125.94663900455063,34.23522111573236],[125.94740593132346,34.23562239486103],[125.94768720671162,34.23590348202397],[125.94763889143904,34.23635519968592],[125.94737770906751,34.23659460253841],[125.94640565357501,34.23691349974528],[125.94594980293954,34.23721812887673],[125.94635257795575,34.23736686147735],[125.94743677865522,34.237050713627376],[125.94834038112855,34.23712378636432],[125.94962700218841,34.236862866502726],[125.95076580939738,34.237454695542944],[125.9511957721275,34.23777476475731],[125.95183905846972,34.23866268798623],[125.9533743206773,34.23972729950157],[125.95385306462705,34.239803541551915],[125.95411392413294,34.240040071057415],[125.95338647781375,34.240201098649834],[125.95284212223278,34.240090408723134],[125.95275806780637,34.240254931951476],[125.95337380614502,34.24052379429725],[125.95363815640188,34.240439227347025],[125.95421627361084,34.240452495547764],[125.95448001303112,34.24058727682923],[125.95453324151731,34.241008205813436],[125.95536054852467,34.24077640444364],[125.95582906269296,34.24099239124165],[125.95586356788202,34.241275132238755],[125.95565633781096,34.24142687935936],[125.9551687478006,34.241528710419225],[125.95499680718153,34.2417599846668],[125.9548602868164,34.24206204421263],[125.95470748790159,34.24301004114168],[125.95418193220507,34.244523560558996],[125.95249890858143,34.24473029527873],[125.95184743951405,34.244742298007445],[125.95077828308884,34.245248319425954],[125.94994359172442,34.24534753301489],[125.94951567531119,34.24554700053806],[125.9492888295614,34.245519101765744],[125.94902024129122,34.24540619060273],[125.94878864221212,34.24511754636642],[125.94886500369982,34.24362836562102],[125.9487554798749,34.24352115524237],[125.94788695976321,34.243718726522026],[125.94710055356326,34.244047570466904],[125.94667412789367,34.24381949078335],[125.94656526900214,34.24357217430343],[125.94683804790427,34.24259027196644],[125.94675162577335,34.24240913358241],[125.94691218647834,34.24224627328316],[125.94665416882036,34.241975327338864],[125.94654831118147,34.24197487636779],[125.94668079971214,34.24214375505469],[125.94664027266178,34.24218611637101],[125.94644540167548,34.242061772608835],[125.94648593234419,34.24197387994277],[125.9461229883171,34.24197075662465],[125.94598554792707,34.242167429392985],[125.94560089327963,34.24206353560766],[125.94601075397763,34.242249018831565],[125.94534471468006,34.24298939175174],[125.9446321058713,34.2433295465019],[125.94410263805048,34.242614399416944],[125.94316920356015,34.24187202929646],[125.94294558842607,34.24153323319416],[125.94320853682683,34.24140648967594],[125.94319184007986,34.241331247103325],[125.94290380735356,34.241263758400066],[125.94262469747815,34.240786202622765],[125.94216234017928,34.23934665731618],[125.94174057837172,34.239028241200465],[125.94097235878749,34.2387912831212],[125.94060184140609,34.2383892836374],[125.9404600841966,34.23836454772551],[125.93993952866276,34.23849510424535],[125.93974523558927,34.238732563524586],[125.93999925367267,34.23937325742099],[125.94024679952952,34.23973769540309],[125.94016272649532,34.239833457235484],[125.93999148286898,34.23986700466099],[125.9395405129069,34.239817865942804],[125.9395134496694,34.23987522416749],[125.93914691702336,34.23979217315635],[125.93903293575318,34.239836392514434],[125.93894254795288,34.240260148540216],[125.93899889185289,34.24038371852511],[125.93966351090015,34.240708420880246],[125.94003946313474,34.24017708957787],[125.93979371825621,34.24070758322093],[125.94003269584438,34.24083476215919],[125.94019346943578,34.24117727434947],[125.94085153105557,34.24157305472423],[125.94145721739851,34.242589556780565],[125.94132520802148,34.24300230870823],[125.9408237040386,34.24322313161183],[125.94038444736886,34.24317935251933],[125.94036187987842,34.24340173014588],[125.94131892984295,34.24380957827675],[125.94184296721346,34.24427245105766],[125.94158437979831,34.24460376440958],[125.94082385658307,34.24493135816339],[125.94015693728535,34.24506109956326],[125.93920696611332,34.24501192080283],[125.93918382565955,34.24618336682802],[125.93880469893946,34.24682213597282]]],[[[125.914415298621,34.24603774201358],[125.91512409508088,34.24665000172133],[125.91510263055481,34.24675170920088],[125.91493671147131,34.24668331676528],[125.91496863043042,34.24664235919636],[125.91368630743158,34.24548655126873],[125.91366918270728,34.24559084805136],[125.91306369117504,34.24585877910778],[125.91227198402603,34.24598480851557],[125.91128140196308,34.246005580454096],[125.91040240365386,34.24640017775114],[125.91019379832981,34.24606168228681],[125.91072155663387,34.245228364268236],[125.91088151296994,34.244531521486536],[125.91044559323765,34.2435880196647],[125.91034998926814,34.24289796247688],[125.91075057567551,34.2423887480084],[125.91110759680875,34.242292171127424],[125.9129430346948,34.24221138627779],[125.91344879997935,34.2427425901795],[125.91323588967555,34.243415637765644],[125.91289042266853,34.24394419866911],[125.91292620402932,34.244222950136226],[125.91376236933985,34.245023133728736],[125.91369748503331,34.24541843019904],[125.914415298621,34.24603774201358]]],[[[125.93574451495626,34.24695271203865],[125.93570836961244,34.24708775693583],[125.93549091247651,34.24709874795178],[125.93538224470589,34.247008164676956],[125.9355565439327,34.246901436121966],[125.93574451495626,34.24695271203865]]],[[[125.91018108306737,34.24645981173576],[125.90975382591705,34.246950397133276],[125.90964530261643,34.246844919020226],[125.90963611951,34.24656750342221],[125.90976008898238,34.24636361322552],[125.90997663010474,34.2463454392737],[125.91018108306737,34.24645981173576]]],[[[126.08772337970856,34.24789748748115],[126.08729192650712,34.24810896007404],[126.08678832822005,34.2484908163764],[126.08646155298321,34.24840500327856],[126.08641193823483,34.248068492278776],[126.08567073656886,34.24778250901899],[126.08550254719307,34.247831301022494],[126.08523248224486,34.24768455580917],[126.08499667059382,34.24797710695792],[126.08365697921167,34.24783090419302],[126.08327847427842,34.24769501665526],[126.08306278673258,34.247729269827765],[126.08296574138153,34.24784306272031],[126.0828251798315,34.247801696938865],[126.08234697838863,34.2479197003049],[126.08202768141048,34.247937435646385],[126.081717987658,34.247839748801404],[126.07993822155096,34.247917386112164],[126.07928885180547,34.24805395877119],[126.07869267612278,34.248089641776126],[126.07847666990189,34.24828906554029],[126.07824298425457,34.248294166154736],[126.0779294799241,34.24791754250053],[126.0778829638621,34.24799712339013],[126.07764943043313,34.24800922826677],[126.07725106507571,34.24772575898964],[126.07683485507856,34.24775409044175],[126.07706818009008,34.24768156157396],[126.07681432087934,34.24749563507768],[126.07653973125672,34.24786026342236],[126.07649417139251,34.24783446287377],[126.07673613233233,34.24751925825592],[126.07646040579561,34.24712550886264],[126.07643402594098,34.24689744215866],[126.07663415015072,34.246936388905404],[126.07680778176824,34.246733683037036],[126.07680286828608,34.246816705283166],[126.07727753076111,34.24651807397189],[126.07753840023625,34.245801992498464],[126.07795521984927,34.24555394446422],[126.07854348991505,34.24485556061259],[126.0793400674326,34.24421079910467],[126.07935890619748,34.243818081006346],[126.07959107002549,34.243566096317075],[126.07966114971495,34.24327322907264],[126.07994942107796,34.242955327924165],[126.08031174072134,34.243073913416545],[126.08013485742654,34.24341215975437],[126.08015157974889,34.24363877408848],[126.08031535078919,34.24370810888014],[126.08061157290956,34.24351226782976],[126.08054504612267,34.243709419578366],[126.0808329616075,34.243763045297065],[126.08091229851647,34.243389206676795],[126.08123644665415,34.24360939349666],[126.08160703797428,34.24341503661941],[126.08181128705006,34.24355027142367],[126.08169915056135,34.244276402731856],[126.08173840733785,34.24453438498961],[126.08218972576331,34.244628941878354],[126.0831277047358,34.24433771760803],[126.08327298114925,34.24456515909107],[126.08361289630179,34.24470780704731],[126.08423673438058,34.24471142061367],[126.0846021266764,34.24438068985667],[126.08525466513193,34.24458646418763],[126.08554801256446,34.24387858529102],[126.08675276142408,34.24380110269248],[126.0876210761736,34.24416636258816],[126.08713867531458,34.24492422849265],[126.08743323626447,34.24489910177146],[126.08770188789202,34.2450556393785],[126.0876229892482,34.24579230056052],[126.0877923609026,34.246363944894334],[126.08692392911138,34.24742548763238],[126.08703065631853,34.247456797658295],[126.08790821371008,34.24707166038326],[126.08834677483318,34.246800454443424],[126.08881257984395,34.246748474476554],[126.08903317343858,34.246814425548926],[126.0891917898349,34.24687782374916],[126.08928199452293,34.247133613630474],[126.08909048031533,34.24736853026206],[126.08836203274862,34.24758592737325],[126.08772337970856,34.24789748748115]]],[[[126.0994350139327,34.24848714481608],[126.0992578400014,34.24858805647412],[126.09888608295817,34.248631862145906],[126.09906307937584,34.24848050466376],[126.0992314122292,34.24848481742021],[126.09948180635847,34.248370634277514],[126.0994350139327,34.24848714481608]]],[[[125.89842821793545,34.245440788842814],[125.89843606412805,34.245899407076],[125.89788576139544,34.24686777224344],[125.89761055975048,34.24706526764028],[125.89723530353663,34.24704268806889],[125.8972949781503,34.245978395402986],[125.89752659060373,34.24571636254427],[125.89817401299301,34.24542717967823],[125.89842821793545,34.245440788842814]]],[[[126.15144493416337,34.24940308156973],[126.15151099317495,34.249475178001305],[126.15133036818908,34.24973841205508],[126.15087668074445,34.24971001576429],[126.15114530276716,34.249437071062296],[126.15144493416337,34.24940308156973]]],[[[126.33014338861835,34.25120851520966],[126.32929960042107,34.25074336916102],[126.3290438577367,34.25046328749405],[126.32904234568264,34.24996545320668],[126.32984926531795,34.24976686541789],[126.3305661857787,34.2494548170559],[126.33146083257093,34.24918509503497],[126.33198978193576,34.248522593292584],[126.33220889826192,34.248510952560466],[126.33234058005424,34.24862724833693],[126.33232365249876,34.248908900513634],[126.33204954945035,34.24936772051539],[126.33164669787485,34.24975193432612],[126.33139147694958,34.25018344229259],[126.33078137458438,34.25072827056248],[126.33050772416902,34.251137815195534],[126.33014338861835,34.25120851520966]]],[[[126.0634111063397,34.25089779430981],[126.06339243108368,34.251099638166686],[126.0627545857687,34.2513924222332],[126.06267011785143,34.25158491901412],[126.06238112604892,34.25162004363204],[126.06228453230256,34.25127401435913],[126.06235875439472,34.250682667242906],[126.06275216586714,34.25074806000046],[126.06278005483884,34.25065316208545],[126.06244620443111,34.25054419003152],[126.06291427976333,34.250054251056106],[126.06311891195233,34.250067590233286],[126.0634349970397,34.25069649515497],[126.0634111063397,34.25089779430981]]],[[[125.92596466550631,34.25138935075248],[125.92554527055337,34.25114534944525],[125.92508859528263,34.25110122716425],[125.92465844064745,34.25093694105229],[125.9246483485984,34.250213959099675],[125.92431147069533,34.24978714705733],[125.92405367280978,34.249760182605854],[125.9236151209095,34.249904432898596],[125.92354126302094,34.25021414611332],[125.92361312944799,34.24968770244346],[125.92304592178623,34.2496538687135],[125.923046141343,34.249331149457824],[125.92315289443829,34.24919229455433],[125.92345891568718,34.24901787259221],[125.92376619617426,34.248945538942486],[125.92381871572927,34.24854770337239],[125.9236647844848,34.247714374599404],[125.92405695446026,34.246901215089],[125.92490839941257,34.24617418104245],[125.92531227380493,34.24607141180569],[125.92600510305306,34.246500478673966],[125.92599546671902,34.246886837776714],[125.92648663624256,34.24759795754475],[125.9265457005645,34.248573724836334],[125.92685623643996,34.24869246125886],[125.92765372021191,34.2487419150175],[125.9280020716267,34.24890134584963],[125.9280180113231,34.24899677571072],[125.9278050315426,34.24945824641559],[125.92729868219598,34.250195616757814],[125.9273007407799,34.25074868974071],[125.927103955915,34.251099424911125],[125.92692550843839,34.25125855006305],[125.92626571678285,34.25135494257417],[125.9259156492793,34.25129147608558],[125.92596466550631,34.25138935075248]]],[[[126.05066635569676,34.25366242423303],[126.05056084478913,34.25375997139266],[126.04958478558753,34.2541292632456],[126.04931830288332,34.254101097137585],[126.04862319254293,34.25388959071211],[126.04920862809125,34.25342322549927],[126.0492926689912,34.25355101777593],[126.04932172499404,34.25324984592531],[126.04885940030401,34.25315158493598],[126.04842776540337,34.25316030967576],[126.04903764333518,34.25259576069235],[126.04897692231118,34.25253347700007],[126.04995589045856,34.25144136286988],[126.0505414721355,34.25149159130103],[126.05063840457854,34.25141041088427],[126.05040990715939,34.25123331683215],[126.05101296693834,34.25099180916408],[126.05119423076054,34.25098548886584],[126.05137731146696,34.2506523188898],[126.05125208580866,34.25042679878321],[126.05191968752979,34.25037836219458],[126.05180139947446,34.25026573909966],[126.05122869174315,34.25017666514233],[126.05151877888714,34.24995221800558],[126.05237303748346,34.249818767502546],[126.05263355913964,34.24946484877609],[126.05261936242721,34.249315685137105],[126.05319065997368,34.248781960953735],[126.05316023207395,34.24865905708754],[126.0534551331031,34.24842646635308],[126.05444114736059,34.24716776422715],[126.05456062191791,34.246785690224634],[126.0545521128445,34.24643370954347],[126.05432215075658,34.24582865051734],[126.05416451756408,34.24568295819778],[126.05414482318075,34.24540324098093],[126.05394939503852,34.244934872672836],[126.05400652625785,34.244489080924986],[126.05380145451352,34.244370055892446],[126.05348069954208,34.24440143468043],[126.05361907252167,34.24413653311718],[126.05310051302308,34.243516304695454],[126.0532827898095,34.24308614758928],[126.05311814550723,34.242769647989334],[126.05322599310128,34.24267903947417],[126.05323521588325,34.24249930856203],[126.05352190834415,34.24225818919242],[126.0538922537791,34.24214508080734],[126.05413615903078,34.241913247720724],[126.05342213302913,34.242203953088634],[126.05311765116181,34.242490439588224],[126.05340287466288,34.241881735856865],[126.05325166383555,34.24188622770486],[126.0530038680723,34.24238731761285],[126.05234926705795,34.24280536367819],[126.0521855097269,34.242775727531075],[126.05226115417378,34.2425960061129],[126.0521478785474,34.24261504208984],[126.05210857440564,34.24252410650844],[126.05244713206241,34.24199583025914],[126.05224248868917,34.241942845827325],[126.05195955853233,34.24232526578765],[126.05155877686327,34.24243323767002],[126.05130591169757,34.24212662615356],[126.05101725617955,34.241466947187504],[126.05053392780151,34.24072841397128],[126.05004438960638,34.23983441249809],[126.0500506862671,34.23968089115369],[126.04997325099876,34.23971281445642],[126.04972032378595,34.239404252058755],[126.04874263873505,34.23865953003475],[126.0481084144213,34.23835486126203],[126.04761792619189,34.23840033793583],[126.0466050749265,34.23874945441738],[126.04574577154587,34.23941729322072],[126.04562455248433,34.23961409831862],[126.04606453860455,34.24032240294635],[126.0460054896556,34.24061267678956],[126.04598098365177,34.24033569724774],[126.0456528873369,34.239765383298796],[126.04544703286018,34.239830007672715],[126.04545530891843,34.239774822649665],[126.0450097976586,34.239530833984595],[126.04485861282912,34.23931649001219],[126.04411130721999,34.239324522040626],[126.0441103733332,34.23926318946893],[126.04486334105844,34.2392516048481],[126.04506430487291,34.23849825747955],[126.04483742781912,34.23757257882331],[126.04434483877947,34.236571403320696],[126.04407087468046,34.23631361486411],[126.042980731499,34.23578835454659],[126.0426101107537,34.23566270737664],[126.0414160606627,34.23545594861215],[126.04082009100883,34.235573787730665],[126.0408319240182,34.23580772423921],[126.04077367153184,34.235591777499266],[126.04040525677887,34.23575667664871],[126.04012874313159,34.236127536102664],[126.04088444591792,34.236332388929426],[126.04010444526965,34.23616158248831],[126.03976801112486,34.237033075344776],[126.03891942882836,34.237884006531786],[126.03965077254374,34.238527345687245],[126.03874091815365,34.23780343131871],[126.03820433719642,34.238073337647556],[126.03813176207598,34.23800230162246],[126.03801765951559,34.238218085334076],[126.03783061414131,34.23825119498893],[126.03743133378507,34.2385514015781],[126.03725072850746,34.238851649832775],[126.03668749046008,34.23895016456009],[126.0365033161216,34.2385411725327],[126.03624259457551,34.23851126593552],[126.03613732728255,34.23842699962841],[126.03621187232733,34.237896365465296],[126.03608326063524,34.23781194239379],[126.03530104611689,34.2379657700684],[126.03519003334301,34.23772425486637],[126.03465726570379,34.237353861939454],[126.03430986478936,34.23720661196632],[126.03429379116122,34.23728245889156],[126.03459580252442,34.23738400840057],[126.03468900866517,34.2375090704297],[126.03427294030625,34.237411588544866],[126.03393980477425,34.23721379790765],[126.03369938756552,34.23687347165161],[126.03349454866334,34.23684255796118],[126.03348397181195,34.23675670207573],[126.03326036324775,34.23669956105819],[126.03298837721293,34.236469131602554],[126.03294564780008,34.23662819646436],[126.03286901935634,34.23640547542712],[126.03291440578397,34.23608640723099],[126.03269996722071,34.23621248401006],[126.03211884410385,34.23595959798749],[126.03105858625715,34.235792828586895],[126.03128249165748,34.2357556127934],[126.03177153917781,34.23582379899331],[126.03135764404252,34.23558138130952],[126.03069682099691,34.23563671077756],[126.03047297544941,34.23598830450959],[126.0302365930764,34.235753715822106],[126.0300701567989,34.236434646195676],[126.02960141399176,34.2367953947951],[126.02901246735048,34.23707431985841],[126.02885511726384,34.237311332452855],[126.02911043885881,34.237512990956766],[126.0288499002514,34.23774237033042],[126.02862167573593,34.23765063192817],[126.02839722781384,34.23774862281232],[126.02794861237025,34.23814926021664],[126.02714384179751,34.23836577731752],[126.02606205270759,34.23851044037455],[126.0256412124724,34.23847235948805],[126.0255031165818,34.2382333876852],[126.02566599979856,34.237780221461925],[126.02550857046698,34.237637505136284],[126.02553421430643,34.23670562603856],[126.02531852836437,34.23666032451402],[126.02565643690926,34.23590708161272],[126.02557439246809,34.23498802015949],[126.02582509542036,34.234842601962384],[126.02528130743485,34.23400837843151],[126.02539573383616,34.233369859231374],[126.0251310901783,34.23320662851248],[126.02505383530544,34.23303739838419],[126.02418463852307,34.23260931118296],[126.02414326614138,34.232091615893346],[126.0244018376424,34.231965391826954],[126.02441749893555,34.23157256823494],[126.02540409689217,34.23060838855028],[126.02567351908844,34.23122989676258],[126.02561335751663,34.231531212480995],[126.0254440586092,34.231754171480056],[126.02553987096451,34.23211073389785],[126.02572743381816,34.231967039834025],[126.02593370336274,34.23214273163538],[126.02704452053324,34.231593722350006],[126.02735025160158,34.23169488639525],[126.02773530187919,34.231672253176804],[126.02816637618109,34.231483009517966],[126.02874023692112,34.2314831365605],[126.02875257052355,34.23176405230363],[126.02961206747806,34.23194281715415],[126.03065254080146,34.23168795371324],[126.03141541409201,34.231827025652045],[126.03242775498532,34.2318938213974],[126.0332593556062,34.23222923675794],[126.03406824365675,34.23206094739635],[126.03460454152534,34.23139761183556],[126.03429969849248,34.231000672689],[126.03516491361775,34.2299075859307],[126.03512072467528,34.22828134601687],[126.03460964763521,34.22810259979359],[126.0350070786195,34.227353620364404],[126.03471638113403,34.22623447426301],[126.03570153148506,34.22614396921575],[126.03570443331272,34.225450401651244],[126.03588844130196,34.22519315353333],[126.03757036554731,34.22441576127931],[126.03843185366729,34.22463502668619],[126.03798077338169,34.22544743690205],[126.03809116316928,34.226030917640024],[126.03825663324673,34.226123218271674],[126.03871214243323,34.226054823395735],[126.0389341174487,34.226312603408886],[126.03947721946112,34.22620397647019],[126.04013311763104,34.22719228158134],[126.03976689918325,34.227421082049155],[126.03983789372693,34.227524538787314],[126.04033629287227,34.227634401648295],[126.03946807026365,34.228027268471955],[126.03951573437948,34.2284521692283],[126.03920963310676,34.228670504908564],[126.03913589251172,34.22894874345573],[126.03928069400163,34.22911553827059],[126.03955826840732,34.22904960247085],[126.03963978402403,34.22929881544873],[126.03952793681944,34.229743387564355],[126.03928906314331,34.22991418557509],[126.03942301281988,34.23006767988232],[126.0394896848227,34.23047891046796],[126.04009980933827,34.23089747633929],[126.04114104885113,34.23105223645183],[126.0414480090877,34.23205643420918],[126.0412589271286,34.23238600068618],[126.04137802231503,34.23255990246671],[126.04158303201885,34.23249668435984],[126.04168361187273,34.232559644269706],[126.04211433502229,34.232300495586244],[126.04312981238776,34.23277296825166],[126.04362991392449,34.23267231667666],[126.0438488370613,34.23208934875394],[126.0447890903846,34.23212190074929],[126.04505114620892,34.231948811887094],[126.04554080738718,34.23197620252991],[126.04608489927722,34.23169498157847],[126.0461597801821,34.23160423941898],[126.04609590644957,34.23137091637005],[126.04617120463674,34.23129221175128],[126.04609908949983,34.231056363548554],[126.04649996607651,34.231041538027426],[126.04680105431534,34.230425958909656],[126.04716134478929,34.23012566075272],[126.04710216323025,34.2299659417027],[126.04842021734179,34.22964037579643],[126.0484327506517,34.22914626415861],[126.04917458436088,34.22895973912668],[126.0494105135618,34.22863870872725],[126.04943754352088,34.228373857158594],[126.05038842914169,34.228067288036016],[126.0517224108729,34.22867139082244],[126.05206570032365,34.2286063321212],[126.05248856432402,34.22870075022357],[126.0526267680367,34.22856979361742],[126.05361933159797,34.22818366259679],[126.05436694756608,34.22779489289351],[126.0556560266045,34.22637143121365],[126.0558507987747,34.22554389867316],[126.0567153496622,34.225398991971666],[126.0576237801613,34.2250044452979],[126.05755407098081,34.225580799476454],[126.05701657204742,34.22603667042353],[126.05762894401767,34.22660420352789],[126.05765975457922,34.22812301942388],[126.05651876652762,34.230071564114695],[126.05613500550906,34.23025784737643],[126.0560787649783,34.23093287715503],[126.0562017351999,34.2315046573488],[126.05581017673563,34.23235776976085],[126.0563191013341,34.23155814333943],[126.05653093858582,34.23158985705879],[126.05652502769514,34.23178771518046],[126.05755214687159,34.23228484943015],[126.05938419155356,34.23192975823674],[126.06050406339709,34.23198557376286],[126.06080939043997,34.23300930092814],[126.0606691810974,34.23327226826249],[126.06065177505995,34.23387024487225],[126.06103763043258,34.233785169164115],[126.06143005559956,34.23412458896821],[126.06129947111769,34.23464752694561],[126.0607532902567,34.235419934850725],[126.06120562916911,34.23543761079127],[126.06097061459263,34.23638147134175],[126.06022866653366,34.23688481660653],[126.06036526202075,34.237124892555904],[126.06000359771949,34.23752762310895],[126.05954005708959,34.23787840393859],[126.05961105188392,34.23827525210705],[126.05945538895227,34.238557290812984],[126.05931341057722,34.2385968372359],[126.05936231771614,34.238683706758486],[126.05994534931048,34.238776237998906],[126.06037237020081,34.23907407256318],[126.0608931991056,34.23925942161421],[126.06279696812976,34.23935300333378],[126.06397086864098,34.24006356162777],[126.06438327281299,34.24043049266548],[126.06499641307872,34.240219893347344],[126.06506531587638,34.24028269147096],[126.06473576533956,34.24101487130404],[126.06408390185334,34.24105692727372],[126.06434722712426,34.24130510697573],[126.06413287014732,34.241466927826295],[126.06409958712854,34.24155142737702],[126.06419262100928,34.24151031143414],[126.06413400892232,34.241654067762695],[126.06399710141733,34.24175290137337],[126.06400801294627,34.241895620631155],[126.0637716326087,34.24234696117033],[126.06345935395697,34.24262409308738],[126.06308938300018,34.24274644611016],[126.06296917904801,34.242856908808726],[126.06264453069002,34.24351942019386],[126.06265454220622,34.24363839755366],[126.06247847186091,34.24373666811495],[126.06241849992398,34.24386269069436],[126.06253708097039,34.24406282731762],[126.06236621198804,34.244524438177386],[126.06182118521951,34.24544775995032],[126.06195815705445,34.246142093228066],[126.06187932481949,34.2462341397096],[126.06199830586044,34.24623431223361],[126.06202278328128,34.246313529498266],[126.06180141221662,34.246539385009385],[126.06163929008059,34.24699158743648],[126.06127213301582,34.24742122286426],[126.06158544812205,34.248776685084536],[126.06192811744695,34.249264541243164],[126.06216904253633,34.249462099941525],[126.06224270361824,34.24981429086629],[126.06197159363754,34.24995813961217],[126.06197308920406,34.24983430156288],[126.06117049081202,34.24954360777582],[126.06071538539679,34.24949656781192],[126.06059040877754,34.24934411199413],[126.05987186459254,34.2490805662538],[126.05975136855382,34.248965581001244],[126.05863508441311,34.248895027669285],[126.0582046267893,34.24862800812632],[126.05781974226242,34.249183860993334],[126.05735579284871,34.24963460831038],[126.0567317290643,34.24994546897855],[126.05647030115253,34.24989529009292],[126.05647793398433,34.249713554642256],[126.05566872112003,34.24964818918409],[126.05559386125408,34.249725811971906],[126.05477630041133,34.249862155491186],[126.0545979160329,34.25003711847767],[126.0546015073458,34.24988995841332],[126.0542150023574,34.24989990859274],[126.0539123944759,34.24981543968698],[126.05429481945067,34.2495301218357],[126.05422035533357,34.249469618542925],[126.05350164383337,34.24954027179015],[126.05326685123964,34.24980145249422],[126.05346300951342,34.24991488365813],[126.05285870437001,34.25025804073958],[126.05251418806277,34.250662493778464],[126.05258303286853,34.25071005494314],[126.05249558967945,34.251317447058504],[126.05170786428174,34.25194542280581],[126.05165997922882,34.25173961285087],[126.05133655206016,34.251900908117136],[126.05144472911604,34.252019844532754],[126.0508864419173,34.252768348638405],[126.05107126077809,34.252945373649396],[126.05107449962473,34.253185471151426],[126.05093428699412,34.2535481705991],[126.05066635569676,34.25366242423303]]],[[[126.01946387719865,34.25386056900992],[126.01949555526511,34.254003538747455],[126.01941192975703,34.25417090634787],[126.0191348984084,34.25418540860245],[126.01909072214501,34.253959595448315],[126.01926112447913,34.253838590277105],[126.01946387719865,34.25386056900992]]],[[[126.00227468377433,34.253118778429574],[126.00150800661177,34.25426487219037],[126.00130537137792,34.2542846914798],[126.00144541829565,34.25391367513535],[126.00137219827937,34.25377570767297],[126.00154841016361,34.25305369563104],[126.00204757175003,34.252862180700376],[126.00227468377433,34.253118778429574]]],[[[125.99350679984411,34.25413908780895],[125.9929648094722,34.254331242980925],[125.99287545344228,34.25417927373355],[125.99308080131604,34.2540841666005],[125.99296372153283,34.25381096942533],[125.99340708499813,34.25363312039122],[125.99350679984411,34.25413908780895]]],[[[126.15615280692447,34.25434254570279],[126.15646159973657,34.25506827952747],[126.15582736876779,34.25578258959941],[126.15548132411726,34.2549772513771],[126.15528428735927,34.254027716620186],[126.15615280692447,34.25434254570279]]],[[[125.92506816878692,34.25487759036517],[125.92461835645955,34.25468860349972],[125.92462425306195,34.254406408516545],[125.9244699802888,34.25433810409284],[125.92425231486595,34.25451636051139],[125.92403285700146,34.254518344162385],[125.92392935298098,34.2544257409886],[125.92340850918612,34.254669605015074],[125.9222841693968,34.25457966564253],[125.92193116346218,34.254425027276035],[125.92176391187294,34.25433186092932],[125.92123514927619,34.253536766106585],[125.92132334764248,34.2531727525726],[125.92190765554503,34.252620824568076],[125.92262642583137,34.25243801374715],[125.92297779035555,34.252520809688946],[125.92340758142052,34.25277865795446],[125.92462806372133,34.25274213133759],[125.92520958082177,34.252900309694084],[125.92532729887698,34.253024135924015],[125.92554734003227,34.253034017857615],[125.92585094519511,34.25261936473321],[125.92576818714065,34.25195175128083],[125.9258867681827,34.25166302680657],[125.92598307634341,34.25167010058936],[125.925952800784,34.251578736411744],[125.92602927829431,34.25167348962083],[125.92661163603807,34.251710552445715],[125.92682068271186,34.25183015697516],[125.92675367169436,34.252162233547],[125.92700170188151,34.252353635915334],[125.92706291586568,34.25257582517948],[125.92658699965781,34.25394343234757],[125.92664773302961,34.25427085954527],[125.92644170662412,34.25434524195909],[125.92565445100608,34.254314592285475],[125.92506816878692,34.25487759036517]]],[[[126.1162313845857,34.25730527077614],[126.11599082395968,34.25743584814753],[126.11592280120226,34.25758978400277],[126.11566063069411,34.25766168255966],[126.11546181250313,34.257855391446775],[126.11535233745659,34.25784986759847],[126.11542148060447,34.25778076649657],[126.11523937275378,34.257669806976565],[126.11536352583948,34.25750963355563],[126.11564669355623,34.25735686513529],[126.1162313845857,34.25730527077614]]],[[[126.18584484530388,34.25706342776296],[126.18614638346891,34.257608695261666],[126.1860324092136,34.25823442126052],[126.18522389227552,34.25942948984457],[126.18436588922756,34.25978101150962],[126.18435099514588,34.26060057760105],[126.18450073868907,34.261194453032324],[126.18403993304402,34.261461051269876],[126.18350353897776,34.261437974982414],[126.1830573394182,34.260991878214085],[126.18299353262529,34.26039316613642],[126.18212519388042,34.25967433346544],[126.18202208095327,34.259510165553216],[126.18191091387273,34.25896743208047],[126.18177821645843,34.258723864400025],[126.18151859113114,34.258487173172874],[126.18125884040435,34.25785184842366],[126.18123577996461,34.257600206387515],[126.18082287210156,34.25692091959933],[126.1804209558701,34.25693029005094],[126.17930767504993,34.25643021146822],[126.17929077460052,34.255740106836534],[126.17871996791588,34.25572847998279],[126.17850507143453,34.255637415050785],[126.17813516813297,34.25500232676832],[126.17694880816735,34.25348613934823],[126.17699094497482,34.251761497975046],[126.17648721906998,34.24921596123013],[126.1757211589803,34.24733971671383],[126.17569692079856,34.247027181125915],[126.17599409587687,34.24652799990677],[126.17573605989702,34.24628850356053],[126.17577965907492,34.24572553161193],[126.17538354455641,34.24536089305022],[126.1752652309205,34.2448524140545],[126.17510021510567,34.244728821264594],[126.17443706931357,34.24463337537238],[126.17424060723778,34.24433676927839],[126.17441606690075,34.24399941113596],[126.17476276190972,34.243645340449554],[126.17462943876664,34.24309943927606],[126.17474481921091,34.24258821725903],[126.17515561646997,34.241965141252905],[126.17592937038626,34.2417539853454],[126.17655605812617,34.24180695357314],[126.17735114234046,34.24270577815029],[126.17844096883633,34.242580295286544],[126.17934580107487,34.24222523263185],[126.17968195852703,34.242499193949264],[126.1796907962376,34.2435188725044],[126.17999673492533,34.24380897382889],[126.18011949995608,34.244061996647645],[126.17954602205938,34.245255783533295],[126.17955262135433,34.24620400624736],[126.18015579290925,34.246659983867374],[126.17971444406083,34.24812259556882],[126.1799840675202,34.2486393227905],[126.18101985735444,34.249067066621386],[126.18161137258559,34.249421554346576],[126.18277934149006,34.250828724281284],[126.18272216562872,34.25140358828386],[126.18224485130064,34.25252515477477],[126.1822705673958,34.25361987347432],[126.18213760888442,34.25376575992904],[126.18274538910515,34.25388846059792],[126.18309688431388,34.25403842059969],[126.18457899812294,34.253859035195745],[126.1848938319431,34.25361595468139],[126.18564811866291,34.25277809726907],[126.185952638288,34.252906867828976],[126.18619519555638,34.25327392202513],[126.18654386812973,34.254383741163274],[126.18583115503586,34.255875345226634],[126.18584484530388,34.25706342776296]]],[[[126.11024047609108,34.26125965173228],[126.1099331954208,34.26182904336775],[126.1094151061351,34.261650700045415],[126.10950283414806,34.26154865450367],[126.10938451272892,34.26142114914796],[126.10991132267111,34.26116484189374],[126.11024047609108,34.26125965173228]]],[[[126.05496884373107,34.25805402341594],[126.0545897676706,34.25941314922312],[126.05376513526771,34.26021611023129],[126.04939002048476,34.261643329392264],[126.04893791022467,34.26122043933979],[126.04918416669857,34.26067341945015],[126.04808028622642,34.25892372190303],[126.0481865643227,34.25798800392495],[126.04875887621576,34.25695792146811],[126.04913299123177,34.25686343639907],[126.0496378399046,34.25684694848411],[126.05009303616862,34.257095232544806],[126.05041643284333,34.257418159620094],[126.05093258296641,34.25754580461933],[126.0515632232998,34.257500969167126],[126.05157214735411,34.257448808720696],[126.051689068035,34.2574752795307],[126.05197447206517,34.25735965374759],[126.05217406804208,34.25745354328222],[126.05358009329682,34.25758093426556],[126.05393837765038,34.257400206272685],[126.05461026799695,34.257216031384004],[126.05489885974204,34.25737952818175],[126.05496884373107,34.25805402341594]]],[[[125.92428997626924,34.259344298311994],[125.92393306615239,34.25981928867135],[125.92348625725013,34.25987133908819],[125.92337550769135,34.26013348329119],[125.92384369697422,34.26036308350473],[125.92394043422914,34.26093328554662],[125.92315669676205,34.261418583046485],[125.92213056296963,34.26170032606514],[125.92128212093755,34.26161496005747],[125.91875179705262,34.260255737036225],[125.91828124396076,34.2598432508399],[125.91811635030409,34.25946909800429],[125.91789544394994,34.2592189551693],[125.91772393911158,34.259199716968766],[125.91772753608618,34.25985217576836],[125.91750843690521,34.26017130036133],[125.91684414029818,34.26030117955272],[125.91635259953064,34.260099227265066],[125.9155482902242,34.260044320121125],[125.9146107742598,34.2594488391088],[125.91451654661999,34.25915531887523],[125.91437215068815,34.2590390973173],[125.91369815689865,34.25915093510041],[125.9126641851519,34.25870184071746],[125.91129672797395,34.25900571900541],[125.90968224126115,34.25876667857977],[125.90893658138887,34.258948091081],[125.90821162974296,34.25894929900494],[125.90778708562013,34.25866981039665],[125.90743353313069,34.25820930723991],[125.90669097693062,34.25808494250958],[125.90630086900083,34.258281232346526],[125.90581088342405,34.25822599536681],[125.90458130022601,34.25707596467008],[125.90378198228156,34.25691882146075],[125.90219913000578,34.25693588146309],[125.90141655631429,34.25681977077967],[125.90123025434589,34.25646180073176],[125.90089536994202,34.25530226348119],[125.90097544854612,34.25512768178513],[125.90128503183399,34.254950787982075],[125.90136468670632,34.254734439071456],[125.90127395571403,34.25458904488868],[125.90061121553414,34.25442011730325],[125.90047735216852,34.254030778521944],[125.900245624069,34.25252568388164],[125.90033276308522,34.25213482327848],[125.89996257508231,34.25202475069338],[125.89905782178761,34.252331018238436],[125.89851496220552,34.252345894809814],[125.89833317663562,34.25221997940139],[125.8980867946076,34.25182670489112],[125.89790300029306,34.25072803122335],[125.8980777696549,34.25020935427255],[125.89981777078414,34.24919086559308],[125.90036025536402,34.24818387674232],[125.9001503220541,34.24793761391601],[125.89961395854583,34.248057588438606],[125.8987260107744,34.24763037788212],[125.89869581274695,34.24740727320837],[125.89879835684815,34.24707046638685],[125.89826037761995,34.246631543997196],[125.89831319389549,34.246295732373284],[125.89913301509327,34.24627051037098],[125.89969970667156,34.24647879511061],[125.90065717271861,34.24663929515265],[125.90110887885075,34.24693635932248],[125.90108359317193,34.24713269789817],[125.90070359944843,34.247478896865516],[125.90076983211716,34.24760685432486],[125.90093739785563,34.24766556321209],[125.90151688635389,34.247559617378656],[125.90314089854724,34.24695767141505],[125.9038390940336,34.246970973213855],[125.90460626097146,34.246883991150874],[125.90506972142384,34.246258217887515],[125.90525496836561,34.246236698562484],[125.90541361270176,34.24640838783826],[125.90480098971096,34.247301535238385],[125.9050117648879,34.247503907202194],[125.90579978611923,34.24750252362729],[125.90624260710342,34.24761911371593],[125.9068439640149,34.24758260378272],[125.90757298605324,34.24719632163357],[125.90788616585768,34.24677915756541],[125.90826220272103,34.24646363941093],[125.90896387992134,34.24628791324979],[125.90963601629542,34.24678312445649],[125.90937527598886,34.247392656499976],[125.90951157075658,34.248008852648944],[125.91008917096634,34.24851108886988],[125.91068430995873,34.248669997792916],[125.91082605757065,34.24913029371379],[125.9105033788542,34.249490707816605],[125.9087722349868,34.250673091831],[125.9089304517396,34.25104368208126],[125.90884654066758,34.2511921658235],[125.90895812999223,34.2513891759818],[125.90907549334094,34.251482987830336],[125.90914852959787,34.25137379047175],[125.90928269460748,34.251419101707064],[125.90976637624522,34.251719213611175],[125.91048917961142,34.25140105232755],[125.91100975541332,34.251291977483326],[125.91200481357407,34.250812456768976],[125.9121132944285,34.25072892976109],[125.91201320648706,34.25066492231112],[125.91255822586564,34.250167902533015],[125.91284662952779,34.24942633370393],[125.91261153547299,34.24922320016526],[125.91309005053803,34.248863848398905],[125.91354653222659,34.24925474842041],[125.91391679779099,34.24918882169227],[125.91439927896441,34.24966366497909],[125.9145241083311,34.25018265209135],[125.91399407399051,34.250642233055856],[125.91339540962927,34.25089060161194],[125.91296199972106,34.25128031834015],[125.91290676433093,34.25167839485373],[125.91325092665515,34.25182717529178],[125.91373685767867,34.251716699620985],[125.91439728328368,34.25169720018208],[125.9151007625683,34.25186603575199],[125.91569362802802,34.25232455363969],[125.91585170508486,34.252557314424664],[125.9157878280801,34.25283215347059],[125.91535882549108,34.25312899826758],[125.9150011294797,34.25374276694687],[125.91489280285545,34.25385389958769],[125.91484516790851,34.25382428009047],[125.91492147574601,34.25366369075415],[125.91468273240719,34.25397361325134],[125.91480889294506,34.253874519717876],[125.91501208318238,34.25387451774854],[125.91511238759409,34.253649319180155],[125.9154123684949,34.25334767258045],[125.9153980408285,34.253207256215354],[125.91566379103533,34.25303151482043],[125.91571513949438,34.25306105871832],[125.91562851945315,34.2532073777665],[125.91683225491573,34.254146686029515],[125.91777454146391,34.253477712165825],[125.91782648876766,34.251226679486884],[125.91730830504179,34.24948660225489],[125.91751365412742,34.24885766931902],[125.91693937147201,34.248383405259894],[125.91589687298988,34.24773467750975],[125.91586735231958,34.247653107125466],[125.91599755131747,34.24762330479337],[125.91701603000622,34.24831408729469],[125.91785595365225,34.249016885990265],[125.9181474563877,34.24890463789802],[125.91828238005469,34.2491594023296],[125.91880171288865,34.24935747250911],[125.91909861622135,34.24976285305114],[125.91918865142603,34.25029362571209],[125.9191162607862,34.25085796695209],[125.9191729640412,34.25128748511607],[125.91951073880824,34.25203278506853],[125.91947090633855,34.25251898930879],[125.91931372447205,34.252950729961995],[125.91901168908647,34.25343689080021],[125.91895359442547,34.25421714205306],[125.91922863812412,34.25475070169855],[125.91919206545084,34.25537291501028],[125.92079114885452,34.256254332179786],[125.9208829885732,34.25689149681701],[125.92139234652849,34.257447822627626],[125.92157544956049,34.25742239285972],[125.92181036830534,34.257574712307616],[125.92214590784057,34.2574828456582],[125.92217731632414,34.25710956081543],[125.92248561933614,34.25660321949107],[125.92247512323779,34.25638536876322],[125.92261593583416,34.25605907360541],[125.92420197241997,34.255603484403],[125.92479661027934,34.25555978771381],[125.92513071135463,34.25574965107474],[125.92519379420108,34.25645830518009],[125.92566072893077,34.25672472885233],[125.92581465830543,34.25705757142231],[125.92567895886577,34.25732927051],[125.92462777307142,34.257948373727096],[125.9242877920149,34.258459472037075],[125.9247333517343,34.25865823040189],[125.92479091365101,34.258935997671934],[125.92428997626924,34.259344298311994]]],[[[126.11200097839276,34.26381458370969],[126.11180551251341,34.26389703592886],[126.11163361496874,34.2638735585513],[126.11136643784297,34.26372589984219],[126.11132927317546,34.26359497418191],[126.11147518912463,34.2634132291172],[126.11161358846917,34.26346165900605],[126.11176580213123,34.2633674447851],[126.11177013895043,34.26352167787716],[126.11190259544185,34.263577726613356],[126.11190696126471,34.263729228522074],[126.11200097839276,34.26381458370969]]],[[[126.17493433439157,34.26370782546581],[126.17437517229389,34.26402635052483],[126.17401283900767,34.26436965754906],[126.17355843428308,34.264644949054414],[126.1730769961186,34.26463952407595],[126.17258194857345,34.2641497898565],[126.17271559957103,34.263844785489944],[126.17305502274448,34.26350851205597],[126.17333774340827,34.26340403282395],[126.17362384896023,34.26312685740069],[126.17362592922439,34.2628757176264],[126.17377247136046,34.26259192911297],[126.17416849558505,34.262357646400936],[126.17455956034676,34.262329283941995],[126.17479844959288,34.262239803267384],[126.17522325747426,34.26192055991728],[126.17606351715786,34.261702101008154],[126.17689877152439,34.26176919210702],[126.17784504133117,34.26167154360952],[126.17788586767402,34.26201435220995],[126.17776721881367,34.26223385224349],[126.17727063052459,34.26278460188668],[126.1766735301153,34.263263981226714],[126.17581258432782,34.263699068242296],[126.17493433439157,34.26370782546581]]],[[[126.01205313124717,34.262726057995245],[126.01212200192113,34.26320517832677],[126.0113381288129,34.26393735225648],[126.01078878648961,34.26403313562219],[126.01065199324603,34.26373049003648],[126.01091421974304,34.26352017647842],[126.01102438586668,34.263111913000856],[126.01100208451447,34.26273219135954],[126.01132065599842,34.26232726091324],[126.01166939740446,34.26219381593959],[126.01205313124717,34.262726057995245]]],[[[126.1462831784809,34.26523915219626],[126.14495072561076,34.26579094788477],[126.14471631053704,34.26565464209064],[126.14456936069085,34.26527579914599],[126.14489323209905,34.265019977502384],[126.14661261607743,34.26412030710017],[126.14701114553333,34.26368391693597],[126.14736183856718,34.26359825308559],[126.14838146607177,34.26267821987643],[126.14866483956952,34.262168527991356],[126.15014818635792,34.26135207222381],[126.15041497962034,34.261043699231564],[126.15090259565974,34.26019892582715],[126.15147144531073,34.2597545163558],[126.1523224969494,34.25959708017742],[126.15307604381617,34.25908122217789],[126.15412268264329,34.259034256553356],[126.15392550020776,34.258529748099654],[126.1549118100988,34.25833008529432],[126.15531165583778,34.25836896689946],[126.1557549593345,34.25854370737575],[126.15570802802979,34.258792977672485],[126.15525217041508,34.25887438811651],[126.1555868706847,34.25931859877],[126.15499673724143,34.25964662036408],[126.15472377137253,34.259956601579255],[126.15438193869548,34.26010938892383],[126.15443053219288,34.26023312442155],[126.15272927152435,34.26052054963366],[126.15208083023148,34.260910894287],[126.15166601144172,34.26136991412219],[126.15153402216335,34.26178648824065],[126.15156916787248,34.26198287869433],[126.15146435580891,34.26200949300857],[126.15158787249798,34.2626211456958],[126.15149111717243,34.26283544392353],[126.1515188099547,34.26320936855214],[126.1516528310242,34.26367495066528],[126.15145549648315,34.26417148091809],[126.15097897304825,34.26443770053383],[126.14945482728604,34.26459117154026],[126.14894312338107,34.26439504600093],[126.14804500230383,34.26469669609002],[126.14703237794407,34.26522522981421],[126.1462831784809,34.26523915219626]]],[[[126.0250259947187,34.265266445881416],[126.02502937285173,34.265378125030196],[126.0248724197249,34.265481162145456],[126.02492881318996,34.265269845371925],[126.0250259947187,34.265266445881416]]],[[[126.12775743725271,34.265779466403934],[126.12762488382636,34.2660862760948],[126.12802649811277,34.26617372135858],[126.1280290284202,34.26625665463002],[126.12789360272902,34.26634560908172],[126.12745360633053,34.26640294179795],[126.12734375855531,34.26631789110981],[126.12753644417764,34.26617792689029],[126.12741629603558,34.26605790775559],[126.12749055519406,34.26583822235734],[126.12758726296428,34.265759665478264],[126.12775743725271,34.265779466403934]]],[[[126.00938492992488,34.26506344697576],[126.0089274220373,34.26532741613281],[126.00840889557884,34.26541924653211],[126.0074273585975,34.26591167851472],[126.00724127804473,34.26580769396871],[126.00725308006336,34.265409093028715],[126.00764930472825,34.264921590693135],[126.00791186380354,34.26475319422744],[126.00858570669314,34.26491968696315],[126.0088590493087,34.26458459182704],[126.00917306749716,34.26469922800979],[126.00934345457176,34.26448457768645],[126.00948234809073,34.26454790998422],[126.00938492992488,34.26506344697576]]],[[[126.02546248096459,34.26595891898905],[126.02545210480852,34.2661108640533],[126.0257012374441,34.26636057195437],[126.02574516970991,34.26657286799197],[126.02554370894497,34.26655657071932],[126.02552013843737,34.2663270840348],[126.02517266595282,34.26609548671814],[126.02529085147579,34.265963898422534],[126.02546248096459,34.26595891898905]]],[[[126.16800930835758,34.26776452844244],[126.16794088708244,34.26783657598788],[126.16784077129631,34.267794157948124],[126.16759000705417,34.26758389241798],[126.1677516868283,34.26719280652776],[126.1678789455977,34.26718581133953],[126.1681106637929,34.26733120452924],[126.1682309030822,34.26722456884562],[126.16846019636806,34.2674265650917],[126.16846024677368,34.26770228351519],[126.16834408528081,34.26774770248789],[126.16809292199044,34.26766914639731],[126.16800930835758,34.26776452844244]]],[[[126.09227944953619,34.268688947256805],[126.09205239842174,34.26887039146048],[126.09177485855385,34.268833806659984],[126.09190343917584,34.268614997592316],[126.09226438974414,34.26859710450769],[126.09227944953619,34.268688947256805]]],[[[126.12648931132684,34.26938620222284],[126.12666062848741,34.269417948048805],[126.12682105452402,34.269552525226864],[126.12675169352842,34.26975167395845],[126.12650280408484,34.269941193844566],[126.12525690252082,34.27008308813083],[126.12514411149986,34.26995285192541],[126.12517457650196,34.26973646984522],[126.125392720381,34.26954985193692],[126.12575259701522,34.26940492863876],[126.12513274178545,34.26939084411465],[126.12503615024997,34.26930685070815],[126.12500232651401,34.26902850316676],[126.12482069434684,34.26891211643197],[126.12476054199465,34.26868386327873],[126.12524976094736,34.268655828718686],[126.12538240666669,34.268462821289994],[126.12563779533332,34.26846734168225],[126.12576847259096,34.268390804876866],[126.12583030774528,34.267980258393195],[126.12628334633541,34.26754000838306],[126.12656728717363,34.267053946152394],[126.12716923441876,34.26665331041032],[126.12762684086283,34.26659834887578],[126.12774896798011,34.266678294493325],[126.12779213753898,34.266869510950656],[126.12767645791052,34.26780287540508],[126.1277312612343,34.26819524282606],[126.12756281403935,34.26845938329985],[126.1264573783006,34.26926555884603],[126.12648931132684,34.26938620222284]]],[[[126.10019971297798,34.26825689941203],[126.09945850806764,34.269322238513276],[126.09847741263252,34.270439540904924],[126.09717789623342,34.27106021486262],[126.09676818352229,34.27088532193186],[126.0966671401785,34.27075414599863],[126.09694887383884,34.27005199837524],[126.0974177057555,34.26969624927265],[126.09853865740558,34.26805879676537],[126.09857922839845,34.26791907405802],[126.09836844015715,34.267440908853914],[126.09845267753634,34.267046560985115],[126.09878857418391,34.266590370358486],[126.09928825978908,34.266124657127975],[126.0998509809274,34.26608412177139],[126.09941271335988,34.26581424061589],[126.09946370101433,34.26560980726717],[126.10002157702048,34.26493413052957],[126.1000244258983,34.264524606404215],[126.1005534406002,34.26425435666527],[126.10073756191817,34.26369412660185],[126.10098087903619,34.26360320045111],[126.10112051929845,34.26331654751059],[126.10149677310346,34.263133792695065],[126.10189660229254,34.263228927408676],[126.1023868998697,34.26355533247914],[126.10413444200579,34.26368093525693],[126.1055159996502,34.26330756516369],[126.10715486904105,34.26302088302259],[126.10759098971239,34.262705438402385],[126.10786156971048,34.26277267592001],[126.10820592601073,34.263221951964546],[126.10853948308142,34.2633424085983],[126.10878805015756,34.26331788768048],[126.10919999710516,34.2629860712769],[126.10935874464006,34.2627215160224],[126.10933995494342,34.26261004150778],[126.10916755165294,34.26252064317724],[126.10908549738251,34.26237829326826],[126.10915144717332,34.2621086275616],[126.10967677522956,34.26193354905503],[126.11024124712722,34.26201836977711],[126.11074537144397,34.26220454991409],[126.11105499535435,34.26267155862343],[126.11087434568319,34.26313160717342],[126.1095472090495,34.26484839194911],[126.1089554074129,34.265255378734885],[126.10822641870743,34.26602031011544],[126.10788115707517,34.26627979020075],[126.10807413599795,34.26660901696919],[126.10792750052882,34.26705572377619],[126.10796336283974,34.26731559281273],[126.10859707961386,34.26754503131756],[126.10901618891738,34.267802579876715],[126.10900959610642,34.268330085481644],[126.10871555537716,34.2687375435353],[126.10806420910818,34.26896378449227],[126.10763270950058,34.268814883828426],[126.10722227120824,34.26857924489203],[126.10725060268321,34.268096817165905],[126.10693206840394,34.267738322478934],[126.1065898872957,34.26765568626166],[126.10615118821568,34.26737247544844],[126.1057955827187,34.26735598627252],[126.10511842285716,34.26703845085792],[126.1043914126527,34.26688931570703],[126.10419311811103,34.26677974487324],[126.10330381501328,34.26680169962415],[126.10268491191097,34.26693514757238],[126.10200297569472,34.26681476940729],[126.10169353462162,34.26733108228865],[126.101919164953,34.26681368563414],[126.10179189602768,34.26673457818774],[126.10191515677484,34.26666392601164],[126.10193757881784,34.26651802021483],[126.10172797691038,34.26647858510037],[126.10135568553409,34.266728319904296],[126.10104546148368,34.26734629045596],[126.10081651000857,34.26755734967147],[126.10075268096067,34.267775895964775],[126.10082655139162,34.26789266217607],[126.10074220995786,34.26808791761635],[126.10052412261365,34.26793158167259],[126.10019971297798,34.26825689941203]]],[[[126.05574787387386,34.26957861070039],[126.05600170079076,34.26981950493338],[126.05584542304742,34.27050015862747],[126.05593311131508,34.27069540219282],[126.05645935988443,34.2707310291342],[126.05634596278443,34.27168252747703],[126.0560542669396,34.2719082523402],[126.05466269544625,34.27228810511951],[126.0538772068725,34.27188820438917],[126.05359676010389,34.271582042983084],[126.05372224605202,34.27126206430799],[126.05425469000973,34.2712034308672],[126.0550105657833,34.270720211050495],[126.0552414395821,34.2698598461337],[126.05549322200635,34.26956957834036],[126.05574787387386,34.26957861070039]]],[[[126.09377731579875,34.273721573532214],[126.09347792729024,34.27361180465703],[126.0935083996533,34.27347515507715],[126.09386196551006,34.27352493730796],[126.09377731579875,34.273721573532214]]],[[[126.09419551663986,34.27454548007301],[126.09388105760065,34.274785928903505],[126.09365046323371,34.27475932325582],[126.09362241872121,34.2746973395572],[126.09377954237465,34.27458447959365],[126.0941557661896,34.27449864424862],[126.09419551663986,34.27454548007301]]],[[[126.12217665838398,34.27760905330403],[126.12258949438804,34.27766529892364],[126.12258764124337,34.27774424332914],[126.12230980915612,34.277863026477704],[126.12183758376547,34.27785051553914],[126.12175373341988,34.27761652924273],[126.12217665838398,34.27760905330403]]],[[[126.38330221494824,34.28041493553111],[126.38337650557003,34.28054867306092],[126.38322491273507,34.28088695880711],[126.3829786519464,34.28095695019178],[126.38280410422733,34.28075785495907],[126.38281203496923,34.280598813317084],[126.38296320835306,34.28046624046881],[126.38330221494824,34.28041493553111]]],[[[125.99199647073851,34.277866084737305],[125.99166237694192,34.278543806778515],[125.99131292773184,34.27893876570893],[125.99096878127877,34.27891842275747],[125.99083406401928,34.27880479495176],[125.99134175359578,34.277974144675724],[125.99115448674156,34.27784082945599],[125.99079346167329,34.277860181267805],[125.9906564561304,34.27767932349249],[125.99043070126235,34.27763624777068],[125.99012937092,34.27781505791113],[125.9897809047185,34.27777772005156],[125.98952212788608,34.277501710028076],[125.98925551899328,34.27741995683882],[125.98907488870054,34.27705769306666],[125.98869789940571,34.27692709759436],[125.9878876202003,34.27710207400734],[125.98650872454907,34.278324481320645],[125.98620568176628,34.27834947398242],[125.98585791050778,34.2781270033796],[125.98571643803412,34.27780195497631],[125.98567005325961,34.27767061030304],[125.98575329266339,34.27727926684872],[125.98524111398336,34.27705745105811],[125.98464146977847,34.27715846795675],[125.98447935394391,34.27709008322547],[125.98431955507006,34.27676983001771],[125.98393837125357,34.27678532552136],[125.98383439671031,34.276461794206405],[125.9835169178835,34.276423695303315],[125.98344107374861,34.27602596595255],[125.98284186299139,34.27609688786921],[125.9827069004184,34.27581853029202],[125.98181343382733,34.275816932467244],[125.98114938817498,34.27549749997307],[125.98063617368958,34.27546750847033],[125.9804584231064,34.27553424826613],[125.9804655285376,34.27594983202254],[125.98031115651332,34.27616022038571],[125.97982477287574,34.27623327545136],[125.97953862498618,34.27618617873121],[125.97940360388603,34.27603379237938],[125.97967593972916,34.27578460847612],[125.97948733741332,34.27541091540034],[125.97867031187701,34.27569613701641],[125.97854215621275,34.275558067687626],[125.97882154107087,34.27508999546482],[125.97884451604038,34.27457895748092],[125.97927097972604,34.27422718815992],[125.97926980819592,34.27362503005701],[125.97903517181466,34.27356534513988],[125.97889093978878,34.27174886252841],[125.97902544424598,34.270283658743104],[125.97934597786526,34.269766565468636],[125.97921833129712,34.269614871360425],[125.97918758240205,34.26875517888253],[125.97944043497174,34.2670889764818],[125.98015374784593,34.26661248344417],[125.98037158122865,34.266319889822],[125.98071248277745,34.26633202297116],[125.98054285136742,34.265771576666246],[125.98018200186483,34.26545983837159],[125.9810089333656,34.26482398452769],[125.98175868257536,34.26405014026845],[125.98201588755987,34.263855253012935],[125.98228508097382,34.263808624722714],[125.98240348345216,34.263894731618784],[125.98241144641082,34.264249052717624],[125.98237218787358,34.26453068614105],[125.9820828486591,34.26496454766276],[125.98214940574074,34.265100361430974],[125.98241961793482,34.265363888997776],[125.98280902185142,34.265503449681596],[125.98334261533347,34.26585471892391],[125.98347634581884,34.266233359500944],[125.98328298209529,34.26652624314568],[125.98308212865717,34.266635081433684],[125.9831041187892,34.26680775363986],[125.98349943202629,34.26717211595142],[125.98352402532464,34.267323463726306],[125.983306956039,34.26753891555693],[125.98379502934309,34.26789536658475],[125.98434344256601,34.26794258351431],[125.98524773788716,34.26739899205946],[125.98545460899498,34.267393702842476],[125.98556276154999,34.26758525271729],[125.98560998959434,34.26812822669017],[125.9857156820799,34.26815784034187],[125.98572285488478,34.267930612045696],[125.98607749801614,34.26767361269655],[125.98632361497144,34.267751930682145],[125.98637519368913,34.268067869021735],[125.98628817568927,34.26872324855812],[125.98615906881794,34.268992095741716],[125.98629840134014,34.269261994503324],[125.98633573982863,34.269219701950234],[125.98644124194482,34.26931951713363],[125.98675206613083,34.27014819237429],[125.98711003910377,34.27040294409468],[125.98714004376498,34.270630525160385],[125.98703554952378,34.27074134808627],[125.98727747652721,34.271213790739786],[125.98790645942422,34.271487287609666],[125.9885544701294,34.27158692562546],[125.98956141570501,34.27109092647751],[125.99023277420278,34.27061610176264],[125.99060035005117,34.2705312800149],[125.99095770996367,34.27030556880508],[125.99099180236436,34.26994536605238],[125.99075012243503,34.269570612003214],[125.9903968583805,34.269716507341485],[125.99033403508098,34.26966558987448],[125.99039731098969,34.26958796645599],[125.99026059816703,34.26937382957339],[125.99025277967365,34.269081799300515],[125.99009196213441,34.26896571977116],[125.99016206302852,34.26866986127381],[125.9898275083607,34.268695297381775],[125.98987569724554,34.26856006518611],[125.98957259164366,34.2680502987307],[125.98974273278522,34.26751272613742],[125.98972086569152,34.267171776103275],[125.99014908749261,34.26644214559729],[125.9899262656506,34.2659008610156],[125.989898946552,34.26547656428001],[125.98965242997781,34.26533849402472],[125.98953815104406,34.26517382293125],[125.98930796447391,34.265083879224534],[125.98864033858233,34.265139220521206],[125.98839088601258,34.2652942702685],[125.98814116248197,34.26524007609267],[125.98764420621968,34.26493504068453],[125.98771172588732,34.26379683380042],[125.98805284069503,34.26325361883387],[125.98860264330878,34.26285293160849],[125.98893860156146,34.26280812031247],[125.98899577949899,34.26250512423786],[125.98939249297842,34.26213484525062],[125.98961067783092,34.262067659560394],[125.99074438094136,34.26225578525147],[125.99114240604423,34.26247610518113],[125.99148376109449,34.262509116274856],[125.99231581632894,34.26221475407346],[125.99264278985189,34.261885419414966],[125.99305446380069,34.26168555984128],[125.99394319561563,34.26159287129139],[125.99371676902129,34.26114251838734],[125.99401689255522,34.26121497282993],[125.9943239113824,34.261109737937296],[125.99440366529811,34.26096134062732],[125.99434586196287,34.26076191869033],[125.99390534871189,34.25999926210424],[125.99401911890445,34.25975413197897],[125.99431267710078,34.25961732627267],[125.99449387037444,34.25921873911131],[125.99442087831837,34.25903125362309],[125.99457982416857,34.25872837837884],[125.9951800154787,34.258407130657176],[125.995321831303,34.25825334667514],[125.99516978806255,34.25807436234763],[125.99475733682848,34.257903894618295],[125.99459877594974,34.257632422709904],[125.99479354916035,34.257288158890056],[125.9948129451266,34.25698227122882],[125.99462829008236,34.25682172325288],[125.99418814928602,34.255867091340356],[125.99372790834693,34.25552107827626],[125.99336158497678,34.255365561336845],[125.99302551487852,34.25502295547989],[125.9931301153629,34.254706149349275],[125.99353776775177,34.25462926464727],[125.99463602562885,34.25553711244922],[125.99548678424844,34.25573604865561],[125.99639668226793,34.2557513812973],[125.9968136248575,34.25573885242316],[125.99763131429002,34.255525311412995],[125.99795339310124,34.25558234102256],[125.99870425047519,34.25550305574721],[125.99902103555343,34.255569864928795],[125.99944023984008,34.25511187301817],[126.00040484373355,34.25480577352864],[126.0006539396502,34.254815721919385],[126.00087933254599,34.25461691962238],[126.0011924617866,34.254483384767745],[126.00132045636799,34.2545126530566],[126.00155235017033,34.25486535735618],[126.00150819638903,34.255565685075496],[126.00199171467732,34.25654412763618],[126.00177728699306,34.2571281877006],[126.00054377375642,34.257350360017185],[125.99991346843309,34.25738977017468],[125.9991728592813,34.25724895231734],[125.99873390744658,34.257333433142584],[125.99827623477007,34.25777765809406],[125.99789295458869,34.25854303238445],[125.99774993727229,34.25865481157634],[125.99788859036593,34.25954779265459],[125.99795247772238,34.25954544007749],[125.99797228984903,34.25974671288448],[125.99815841077505,34.26001530510305],[125.99853746607445,34.260150656739825],[125.99877214305248,34.26034500629237],[125.99937855028442,34.261367002317215],[125.99995546597208,34.26171445246017],[126.00090977756687,34.261674108763486],[126.00203094125206,34.26123425795292],[126.0025222384717,34.261228968718946],[126.00280717015625,34.26131522314226],[126.00294484517735,34.26173809115129],[126.00279479481215,34.26356032299193],[126.0032555856655,34.26386201019339],[126.00316233643936,34.26408771882359],[126.00359318533688,34.26461293363585],[126.0047187079289,34.26521211759521],[126.00519067432771,34.26521285356527],[126.00519841069352,34.265493209278596],[126.00536860525193,34.26572505383624],[126.00636107964543,34.26602592878306],[126.00644750656684,34.26618631094885],[126.00589339615559,34.26707020481154],[126.00613218036582,34.267842448846665],[126.00610523228265,34.268008247626],[126.00517411331319,34.26864481343427],[126.00474951866411,34.26877601808537],[126.00464564973815,34.26919579267954],[126.00499263600233,34.26947311951584],[126.0049247338576,34.26956850734429],[126.00446195301429,34.26958690120091],[126.00430296967505,34.26939186218842],[126.00406930945698,34.269445741923825],[126.00406321214354,34.2692328812128],[126.00418409337377,34.26903704518354],[126.00454271467125,34.26873031008409],[126.00444765673197,34.268216637553444],[126.00409923628486,34.26744790639687],[126.0042065948089,34.26705171508649],[126.00395151148722,34.26683123939675],[126.00339628803705,34.266654211797004],[126.00281565045528,34.266019612721166],[126.0025995041155,34.26589874471753],[126.00242650430175,34.26527025037115],[126.00225820609141,34.2652240230865],[126.00181135936137,34.26531453480365],[126.00156834042025,34.26520222583513],[126.00139430051284,34.264828404489464],[126.00104831824335,34.264571574416806],[126.00076690545392,34.26422501867265],[126.00013969659851,34.26410874957982],[125.9997739712231,34.263863860960335],[125.99900066059723,34.26383813128231],[125.99777348368076,34.26417062605425],[125.99756548738725,34.264414798577825],[125.99750958267911,34.26481412774387],[125.99764942501054,34.26515878336284],[125.9973609886108,34.26554497602861],[125.99703494180147,34.26571812084919],[125.99646833382383,34.26571323318624],[125.99625904353029,34.26553894612276],[125.99577414175425,34.264850652456715],[125.99562964308996,34.264766498647916],[125.99509611992521,34.26476470668876],[125.9947557536581,34.264663303706186],[125.99473238649583,34.26476371205969],[125.9946191490773,34.26472498477467],[125.99419350993541,34.263999662939874],[125.9936661774045,34.26399448119988],[125.99338478552474,34.264102097505145],[125.99270815778851,34.26476679376955],[125.99274805105131,34.266107061255894],[125.99317157478859,34.266902087479174],[125.99308863409888,34.26721947672201],[125.99322934544082,34.26754105850445],[125.99363957099813,34.26798911931625],[125.99421387541699,34.26819211982197],[125.99442854883692,34.26811173591643],[125.99493917795003,34.267652799520654],[125.99528982260291,34.26767624013379],[125.99538371328833,34.2677598437526],[125.99565835386218,34.26751605982822],[125.99570842403611,34.267555773280804],[125.99537914148766,34.26784469442629],[125.99551264329173,34.26804215889527],[125.99554205900708,34.268587327162805],[125.99514943160531,34.26918391950194],[125.99505891917829,34.269508414259306],[125.99514925457376,34.270221506247076],[125.99549916674192,34.270600051773854],[125.99627860985385,34.27054346320378],[125.99677238510432,34.27075251611915],[125.99712014125981,34.27057526840063],[125.99723370998574,34.2706910057711],[125.99717774984761,34.27074099159103],[125.99708948555138,34.270649502811196],[125.99651076029909,34.2709475602825],[125.99609678324038,34.27162606503183],[125.99619319403023,34.27190983435629],[125.99597890984457,34.27217941762875],[125.99599101612884,34.272311757475684],[125.9960521089961,34.27229230086688],[125.99597195524102,34.27251646124545],[125.99626305473642,34.2727914339638],[125.99624871183292,34.2734674556936],[125.99606129757025,34.27380008037975],[125.99603760325161,34.27449709177797],[125.99574939001008,34.27521681236502],[125.99521003769534,34.27534329165463],[125.99495237587679,34.27552501446863],[125.99457498913843,34.27554777678809],[125.99419830147899,34.27540719474849],[125.99407586301176,34.27542951754427],[125.99349732882995,34.27581982351524],[125.99335918358786,34.27599169056177],[125.99374512082275,34.27669134866425],[125.99360953708482,34.2769114637521],[125.9930797805922,34.27700614670946],[125.99277636269082,34.27733039266466],[125.99199647073851,34.277866084737305]]],[[[126.07452896267232,34.28041819831966],[126.07448628278833,34.28045893617109],[126.07442034069412,34.280364245742355],[126.07445807752963,34.280242566134845],[126.07451634959119,34.28024059102885],[126.07452896267232,34.28041819831966]]],[[[126.34277347080331,34.28472862762021],[126.34267259051136,34.28507783484352],[126.34273561323418,34.28517251166122],[126.34255817973622,34.28541976652835],[126.342538697069,34.285748082592725],[126.34218069178876,34.28593176832968],[126.34194472512388,34.28590682630754],[126.34164342345063,34.28524793922248],[126.34172625547858,34.28511175949665],[126.34197284222323,34.284893247003794],[126.3423277678607,34.28475714248033],[126.34277347080331,34.28472862762021]]],[[[126.35155309365635,34.28362939779821],[126.3517646599941,34.283808837997114],[126.35174958927269,34.28445204232288],[126.35120821949053,34.28516063292472],[126.35056637263867,34.28574491652607],[126.34999389552601,34.28607986922386],[126.34961571122106,34.286053041019855],[126.34895343704468,34.285757893441634],[126.34882112748087,34.28562815352242],[126.34905574986428,34.2851610025905],[126.35016125744842,34.284368997635205],[126.35033976681913,34.28434523705108],[126.35094423799416,34.28386339668032],[126.35155309365635,34.28362939779821]]],[[[126.34858153290195,34.285525868452346],[126.3479089419592,34.286020197503206],[126.34738819515653,34.28610381554803],[126.34713107242375,34.28629999855155],[126.34684481188386,34.28640202985496],[126.34631727965956,34.28627354701009],[126.3463220696561,34.285957150207736],[126.34624285461526,34.2859401668493],[126.34618472953413,34.28574700616255],[126.34636397270621,34.28536601465248],[126.3469585334003,34.28536235826246],[126.34720886576234,34.28481437949384],[126.3477786586425,34.28447433217194],[126.34823756387449,34.28441080993321],[126.3488468969582,34.284835958898235],[126.34884363007484,34.285004307746995],[126.34858779229806,34.28536947093903],[126.34858153290195,34.285525868452346]]],[[[126.0229826246449,34.2851879730106],[126.02296416603255,34.28527856416705],[126.02283980556051,34.28527963539154],[126.02288597675445,34.285158337288635],[126.0229826246449,34.2851879730106]]],[[[125.9919233001423,34.285478014517004],[125.99190377197979,34.28557352269955],[125.99164688103438,34.28555225962237],[125.9916007080565,34.2854275264746],[125.9917321621747,34.28537454176288],[125.9919233001423,34.285478014517004]]],[[[126.01110135612409,34.288199656416445],[126.01082754648642,34.288223368429506],[126.01086932500738,34.288024516223906],[126.01099326846793,34.288169486187094],[126.01110135612409,34.288199656416445]]],[[[125.98778414981003,34.28838460542772],[125.98785981666003,34.288589757243315],[125.98774987881146,34.28869172823781],[125.98762370712717,34.28858004264294],[125.98759467990898,34.288426982723614],[125.98769056134965,34.288327960441634],[125.98778414981003,34.28838460542772]]],[[[126.00681162216993,34.290423562116416],[126.00706141975455,34.29091674464339],[126.00708061923459,34.291289417857946],[126.00697336696022,34.29163891660088],[126.00659649712597,34.29178517074065],[126.00605908100295,34.291789486987334],[126.00545403805624,34.2913001040719],[126.0054354874791,34.29112708540969],[126.00564155005772,34.291022120663214],[126.00582675294659,34.29031365664796],[126.00622646145219,34.29030248081035],[126.00681162216993,34.290423562116416]]],[[[125.99651445898364,34.291363914374735],[125.99621807481562,34.29170247707711],[125.99586442570158,34.29191189862982],[125.995563971321,34.291958218004844],[125.99456674190012,34.29250918576198],[125.99422296050169,34.292423509651016],[125.9942072529535,34.29208606465354],[125.99473139216512,34.2909121461415],[125.99461063840107,34.29060741635786],[125.99419967583366,34.29017532663402],[125.99348030470006,34.28981628405644],[125.99346115525732,34.289508134138295],[125.99300091391041,34.28937736248527],[125.99298088323948,34.28914131081228],[125.99254195160114,34.2894241187094],[125.99212192414436,34.289400016833675],[125.99202653679794,34.28921554623271],[125.99174814404624,34.28908058877971],[125.9918198779013,34.28847127976216],[125.9916770157176,34.28805937392896],[125.99202645214827,34.28758775695496],[125.99241016285313,34.28747024245143],[125.99253983500552,34.28749480150127],[125.99263339755996,34.28755472381355],[125.99246024259666,34.28800794466767],[125.99293407820073,34.28791100212746],[125.9935694637257,34.28830140300834],[125.99384933908472,34.28830308271189],[125.99420800553146,34.28822569577006],[125.99446690115407,34.28793305510738],[125.9946711238482,34.28751383620816],[125.9947355091223,34.287441457299074],[125.99485809047118,34.28745232598192],[125.99567713047867,34.287828169995215],[125.99721989413155,34.28828174099979],[125.997427974942,34.288288584282064],[125.99774626690501,34.288516541065405],[125.9978700378372,34.28872441565253],[125.99800197412529,34.2887360519293],[125.99860426811743,34.28871935725514],[125.99927777993751,34.28815236730105],[125.99939636099914,34.28785626073614],[125.9999894855203,34.28787775004506],[126.00028878844314,34.28776043135563],[126.00047498993817,34.287824530024125],[126.00147362697918,34.28930687858079],[126.00181635573392,34.28945534662838],[126.00187039614532,34.28958391719456],[126.00166059359366,34.28975239613368],[126.0010217691664,34.28987165202568],[126.00058474324656,34.29006709253113],[126.00002384443044,34.29013841044554],[125.99987833986175,34.29013965507022],[125.99972269255646,34.28987630913575],[126.00002148975668,34.28984528125494],[125.99966073833545,34.28980077637406],[125.99948556584022,34.28968924309125],[125.99944109933963,34.28988164190234],[125.99925934357873,34.28992760691043],[125.99872651565478,34.28974233024654],[125.99850626980482,34.28984221837358],[125.9985141515153,34.2896578316937],[125.9981009874793,34.2896919849455],[125.99797642435753,34.28996262972295],[125.9983640983714,34.28992768231155],[125.99861478244428,34.290065868585174],[125.9983533659952,34.28997994967175],[125.99801551361908,34.29001821667539],[125.99776900210874,34.29021609044493],[125.99734665254897,34.290322812338864],[125.99711813136294,34.29098377189811],[125.9966074784242,34.29133502911947],[125.99650336490694,34.29131326204209],[125.99651445898364,34.291363914374735]]],[[[126.09645779947593,34.30155874310632],[126.09698621604791,34.30205430893526],[126.09664985383023,34.30207549715686],[126.09615956343984,34.30178667756819],[126.09631516432809,34.30152456148857],[126.09645779947593,34.30155874310632]]],[[[126.09714724895152,34.30208483050969],[126.09714057360053,34.302126932601574],[126.09708980015205,34.302120103512095],[126.09710944413575,34.30207809714994],[126.09714724895152,34.30208483050969]]],[[[125.96882788216129,34.30094774392153],[125.9686314912202,34.30110080058756],[125.96812616290185,34.30130330911388],[125.96787665999189,34.30134327411895],[125.96772506994189,34.301158752867536],[125.96778492507923,34.30095883437016],[125.96850780828373,34.30078731384482],[125.96872830232184,34.30078151052365],[125.96882788216129,34.30094774392153]]],[[[125.9485333247301,34.3018282262176],[125.94832203156277,34.30195987522486],[125.94606734052883,34.30249502997954],[125.9450091432193,34.30262346702674],[125.9447328173635,34.302374688275606],[125.94529773611575,34.30165897809631],[125.9460168267798,34.301423845397736],[125.94729522487239,34.30117196009212],[125.94827238800156,34.301157819412545],[125.9485333247301,34.3018282262176]]],[[[125.99570666281153,34.303692871273704],[125.99560891247917,34.3036126347012],[125.9956114848021,34.30347249237959],[125.99593314200233,34.303495297817165],[125.99599528236217,34.30363231145868],[125.99570666281153,34.303692871273704]]],[[[125.95818134355923,34.303005565623266],[125.95842309099305,34.30357084448738],[125.9578930887337,34.303091801965806],[125.95789665105036,34.302996118819046],[125.95818134355923,34.303005565623266]]],[[[126.08828215427901,34.30455932391813],[126.08830052060013,34.30467095084284],[126.08802794374371,34.304536506443526],[126.08828215427901,34.30455932391813]]],[[[125.94508047541316,34.303481481874584],[125.94492556933533,34.303634875712646],[125.9447619658669,34.303667403345294],[125.94491417947086,34.303519999005154],[125.94508047541316,34.303481481874584]]],[[[125.9960402775328,34.303829859656275],[125.99599061191807,34.30408072582376],[125.99573849843632,34.30420335131765],[125.99559476296815,34.304152574574196],[125.99558099846466,34.30392038827815],[125.99572132065596,34.3037499079309],[125.99595426331945,34.30373916391865],[125.9960402775328,34.303829859656275]]],[[[125.9728873515339,34.30411112860179],[125.9726407130193,34.30426665431205],[125.97226758435464,34.304196526149866],[125.97195212607694,34.303951842194955],[125.9718330733772,34.30339913163187],[125.97131715826431,34.302531415768904],[125.97131981173344,34.30187280050324],[125.97119281652404,34.301561019293814],[125.97087463964628,34.301186017271114],[125.97087763821945,34.30070661779986],[125.97105104832765,34.30056979723973],[125.9712758172373,34.300110588698615],[125.97154893512928,34.29988411133089],[125.9718377995656,34.29976904703403],[125.972971926038,34.29784113161104],[125.97366358099936,34.29757569562632],[125.97437615205527,34.29708438860768],[125.97505680711475,34.29680534899631],[125.97533632082329,34.29705429427773],[125.97555341024224,34.297431368255104],[125.97567148031435,34.297456911763994],[125.97597488246659,34.29726074946218],[125.97652676905857,34.29716335260762],[125.97691423408067,34.29722505094822],[125.97717363629965,34.297167274754074],[125.97784463165497,34.29669801827181],[125.97873639593384,34.29627571755443],[125.97913005155719,34.29592481295505],[125.9796111982079,34.29586136361002],[125.98025272121986,34.29587619523296],[125.98056898282772,34.29602620558028],[125.98084747999984,34.29628401807896],[125.98118164586985,34.2964221869783],[125.9814402984996,34.29646463447824],[125.98168627199303,34.29640314917882],[125.98205303674327,34.296446765591476],[125.98205417371537,34.296508198505165],[125.98254795929668,34.29641728607286],[125.9840234903706,34.29647770214415],[125.9843189583388,34.29669824742396],[125.98437918757307,34.29689994667236],[125.98424599542527,34.297170937706476],[125.98404155433231,34.298252407796774],[125.98406024266508,34.29888973885685],[125.98377186110837,34.30027678086903],[125.98337388001544,34.30037026993741],[125.98292907980638,34.30034072897241],[125.98294497717971,34.30083873878628],[125.98285811926269,34.30083915248279],[125.98285507617479,34.30045508207862],[125.98266551306276,34.300376776213945],[125.98178619789023,34.30042031976441],[125.98170364447759,34.30070542190413],[125.98168223723397,34.300255890085026],[125.98129954103693,34.300332859225016],[125.98166267526136,34.30047065511962],[125.98138071491309,34.30041802609891],[125.98115373259594,34.30033083375497],[125.98064947000898,34.300514500216586],[125.98091035677565,34.30073785739669],[125.9814063131211,34.3007813170188],[125.98161158999376,34.30090662996525],[125.9808350882939,34.30075896386055],[125.98061743705094,34.30058191263895],[125.97966445641165,34.30100098454809],[125.9786077796358,34.30188395106362],[125.97817745624705,34.302174755319164],[125.97775724128307,34.30231257985609],[125.97766561488191,34.30271749326382],[125.9773448767447,34.30307070566748],[125.97639740922922,34.303515145815474],[125.97594307942833,34.3036456023455],[125.97527518462506,34.304115233792565],[125.97511888690133,34.304173986673796],[125.97425435303903,34.303956383634336],[125.97372598221857,34.30402773539693],[125.97326501964245,34.303925548780505],[125.9728873515339,34.30411112860179]]],[[[126.01178699073213,34.30491834460603],[126.01165164392397,34.30507007994548],[126.01171002605513,34.30481120062032],[126.0118017737519,34.30478600760395],[126.01178699073213,34.30491834460603]]],[[[126.01295901439244,34.30509427437161],[126.01370589879882,34.30517664077373],[126.01398426088856,34.30583311719637],[126.01381312401017,34.30657310239139],[126.01349558016936,34.30689697751946],[126.01271388978581,34.30654281753095],[126.012059508458,34.30547809047836],[126.01200403180373,34.30513547687945],[126.01295901439244,34.30509427437161]]],[[[125.90315851406585,34.30633757711907],[125.90249757695008,34.30645174600753],[125.90170012557951,34.306318535053244],[125.90154991234539,34.306233904246845],[125.9015529784996,34.306031229421066],[125.90204578145682,34.30559538134216],[125.90302294187755,34.30511169183476],[125.90336425457475,34.30507396240266],[125.9036860287843,34.30516870097052],[125.90410823175324,34.30515205738024],[125.90418296726494,34.30520873206108],[125.90390250852091,34.30571133971826],[125.90404452680836,34.30606698744602],[125.9039659810777,34.30622465435766],[125.90315851406585,34.30633757711907]]],[[[126.02243493517618,34.306872091296746],[126.0226148514764,34.30730883086189],[126.02231933266384,34.307499141505915],[126.02187014115329,34.30734457855879],[126.02184556227178,34.30710382569176],[126.02192677111385,34.30692626179049],[126.02226276523753,34.306734887381985],[126.02243493517618,34.306872091296746]]],[[[126.06112520854,34.30797627280979],[126.06094306279279,34.30805173103512],[126.06084315385615,34.30789986520452],[126.06135338510757,34.30792186453357],[126.06112520854,34.30797627280979]]],[[[125.97124959370537,34.30663330919223],[125.97147578970562,34.30676584605542],[125.97159024462361,34.30723974228579],[125.97182798521425,34.30758805111688],[125.97166695858934,34.30758585928452],[125.97151113916006,34.307351133702475],[125.97112293358586,34.30728880776725],[125.97088735636255,34.30699046388651],[125.97102266530891,34.30679646104968],[125.9709226979657,34.30652411016506],[125.97124959370537,34.30663330919223]]],[[[125.9685593156414,34.310090804550725],[125.96824974476705,34.31025767117568],[125.96810893312986,34.31025874602306],[125.9679016519317,34.31007077157412],[125.96797662233291,34.30994016536096],[125.9685593156414,34.310090804550725]]],[[[125.88689906999102,34.30924009788208],[125.88702015534842,34.30933746195567],[125.88688419398409,34.30954626439096],[125.88655422950816,34.30950678132605],[125.88658280639095,34.30941008488822],[125.88673792542897,34.309384156534634],[125.886793151769,34.30923628565843],[125.88689906999102,34.30924009788208]]],[[[125.8881988352858,34.30977704708201],[125.88838740478498,34.30992789126914],[125.88866290546522,34.30999527835772],[125.88861065133621,34.31008110543582],[125.8882999794777,34.31014760175818],[125.88806126080304,34.31009258210535],[125.88799788116384,34.30979747666984],[125.8881988352858,34.30977704708201]]],[[[125.94733113047488,34.30630605860063],[125.94743395200302,34.30637252198425],[125.94707318586022,34.3067874533536],[125.94701060599361,34.30717848473404],[125.94718504560677,34.307533624115926],[125.94757119430544,34.30778178274996],[125.9467114819896,34.30810244827236],[125.94646985886448,34.30865737605472],[125.94605357637644,34.30927911760304],[125.94596641365672,34.309574069934655],[125.94598990559159,34.3101656789241],[125.94509919413484,34.310990980383096],[125.9442680832213,34.311525963027],[125.94385257161917,34.309519303653204],[125.94382670444143,34.3062262215317],[125.94483649809915,34.30403904577154],[125.94546131777906,34.30403186724811],[125.94556999917468,34.30409672406602],[125.94600084201232,34.30513117135675],[125.94598827275576,34.3054316883539],[125.94625572479958,34.305516463695014],[125.94667927558726,34.30606498661026],[125.94754787713947,34.30561367278599],[125.94791267577656,34.30552326062667],[125.94829757559341,34.30558115140666],[125.9482744885906,34.30582858348524],[125.94760049362299,34.3062268782395],[125.94741622399495,34.30619690704684],[125.94733113047488,34.30630605860063]]],[[[125.98971525215653,34.3110203685489],[125.99091208813512,34.311530189077224],[125.99106225879964,34.311673925697306],[125.99100794834592,34.31192816744822],[125.98914190221348,34.31194115579356],[125.9882224057361,34.31157946349948],[125.98822110633522,34.3111513732766],[125.98843197113429,34.31094188543152],[125.98890745815359,34.31087780379885],[125.98971525215653,34.3110203685489]]],[[[125.96396750972454,34.31466900634514],[125.96309788181429,34.315097999770316],[125.96314563515898,34.314379193126314],[125.96287134481653,34.314339656949606],[125.96210546097674,34.314664903461875],[125.96151799230512,34.31395109945615],[125.96109934977711,34.31388494057592],[125.95962625146905,34.31293711046842],[125.95742994703386,34.31400463743962],[125.95775319902512,34.312684153958145],[125.95675781278098,34.312696717174845],[125.95480232333576,34.31137293078811],[125.95243809584152,34.310634893610704],[125.95182584601191,34.31030633496942],[125.95148810905222,34.30966048116713],[125.95191466992094,34.308509951664696],[125.95246032944421,34.308089747546674],[125.9537958591879,34.30838044707686],[125.95390468171327,34.30909620811266],[125.95444521033194,34.30944947349412],[125.95565055861894,34.30962923763889],[125.95595775858425,34.30957042770987],[125.95773075442453,34.307803896459895],[125.95797988747793,34.30796786985398],[125.9577382887231,34.30918265556534],[125.95816795164517,34.30975042785129],[125.95847912115688,34.30990464330087],[125.95909350556441,34.31002369572161],[125.95925542744091,34.309976621779064],[125.95963783901163,34.31018375014137],[125.9598203372779,34.310129521853405],[125.9609269796909,34.31053053330511],[125.96154545827613,34.31110148410536],[125.96164515386248,34.311503969743015],[125.96180525232174,34.31167809591211],[125.96201577581321,34.311668290132616],[125.96206905045501,34.31156863882668],[125.96244338599467,34.311562989515195],[125.96269619098489,34.311426043484595],[125.96288088467927,34.31039779325832],[125.96366594683143,34.3103256710071],[125.96415319811274,34.31041294548671],[125.9645273551961,34.31086675426263],[125.9646047184253,34.311420389054256],[125.96483974757777,34.31166789963762],[125.96459224422853,34.31248105473492],[125.96451150294895,34.313167014526414],[125.964574337493,34.313628319307405],[125.96396750972454,34.31466900634514]]],[[[126.01603116404891,34.31747967850418],[126.0161840412109,34.31784082250603],[126.01514306265346,34.31747173727227],[126.01488368596496,34.3172640772045],[126.01358437738091,34.31727373420494],[126.01340018928126,34.31720666953989],[126.013088324697,34.31677354020266],[126.01224906671041,34.31644412545262],[126.01160345173652,34.31628353939332],[126.01130644903704,34.31630488262931],[126.01076640461473,34.31670919745962],[126.01053369178257,34.31679823333324],[126.01022002590221,34.31675819594549],[126.01001653484865,34.316584970841454],[126.00979208388728,34.31612567811994],[126.00914601011516,34.31599177580913],[126.00885553748634,34.3157297293244],[126.00888558411647,34.31565338729224],[126.00848863319007,34.31550044255792],[126.0082243770726,34.315519898386526],[126.00811624727045,34.31571088195165],[126.0074391708451,34.31581317337508],[126.00696473049018,34.315619571384204],[126.00623130307311,34.31547781421429],[126.0047102451318,34.315451645618246],[126.00442496956816,34.315247556915786],[126.0039208217277,34.31525735241104],[126.00325972347018,34.3156103482765],[126.00287961562334,34.31616535223711],[126.00197081360493,34.31674766421345],[126.0012903953839,34.316942642256684],[126.00019368388108,34.31708704251387],[125.99856669794731,34.31693008058256],[125.99827695208607,34.31672910511286],[125.99835207484155,34.31635577153403],[125.99921834134979,34.315331149780384],[125.99924450382778,34.31474498408297],[125.99918650224433,34.3145584544978],[125.99906197229592,34.314471439144704],[125.99879242589165,34.314503766850386],[125.99793264894721,34.314245633080326],[125.99762473393542,34.31407699474409],[125.99764262942135,34.31387230060365],[125.99864865974179,34.313095332465664],[125.99888484144093,34.31308294200836],[125.99985028249951,34.31371048256119],[126.00011274888449,34.313644705667386],[126.00054895555274,34.31317179298846],[126.00103529934037,34.31297949759997],[126.00147777539128,34.31291625142267],[126.00201843912222,34.31240903925756],[126.00240607350509,34.31227598620361],[126.00343663747924,34.312569373923154],[126.00388384601544,34.31318765673634],[126.004797125891,34.31308157370787],[126.00550856698786,34.31333712836466],[126.0057699852495,34.31321244033064],[126.00639702398487,34.31264534357117],[126.00662957804057,34.31223665790195],[126.00603848692782,34.31135254677813],[126.00590920435174,34.31099149186366],[126.00615319160829,34.31010160802301],[126.00635253275935,34.309830869187486],[126.00635943010468,34.30952245560049],[126.0060700978859,34.30913229142919],[126.00532678906593,34.308868133806556],[126.00503496468211,34.30858838123966],[126.00479458750345,34.3075291195411],[126.0048803901092,34.3063423083859],[126.00458888813654,34.305989234954154],[126.00475250039622,34.305811055178225],[126.00516225330578,34.30574846648919],[126.00542852981411,34.30581203717269],[126.00563668052358,34.30612037819811],[126.00612775706566,34.30658039402953],[126.0061583447462,34.306755502163675],[126.00602470616383,34.307254800780115],[126.00608553868568,34.30746100163843],[126.00636220702138,34.30780445897205],[126.00658954196224,34.30889455794689],[126.00683561454693,34.30904922242977],[126.00733138359945,34.30888168629704],[126.00786333586571,34.30895576371979],[126.00869526639786,34.309369279242766],[126.00879061910108,34.30952841535198],[126.00880914804708,34.31015551977591],[126.00892124060103,34.31043111206737],[126.00928119206523,34.310757497439454],[126.00977601636959,34.3109368866054],[126.00981917667181,34.3111022789859],[126.01025412330999,34.31145559938567],[126.01029426605906,34.31140178425196],[126.01146336707876,34.31181464645878],[126.0127229941379,34.311890236705885],[126.01317893731574,34.311592468347186],[126.0133042402516,34.311257407587625],[126.01311611248444,34.311004805237296],[126.01293789370773,34.31090232579599],[126.01311142535205,34.310923647620235],[126.01323845371671,34.310819556527164],[126.01331957542175,34.310888683635824],[126.01319401138487,34.311010580878744],[126.01339090487116,34.31127535102238],[126.0135981441237,34.31140262784242],[126.01461630238633,34.31146824638169],[126.01648067117227,34.31187254351768],[126.01695975696782,34.31178276306743],[126.01727966536104,34.31141034714651],[126.01734829436562,34.31124235782508],[126.0170883261432,34.311146096520936],[126.01716635539857,34.311016926366094],[126.01737465079334,34.31104574195043],[126.01738479511927,34.311106444723606],[126.01736357577118,34.3107584748659],[126.01731270352812,34.31073325877915],[126.01741871604776,34.310536110928375],[126.0176735920111,34.31059103604143],[126.01848185503482,34.31033116928743],[126.01877007908476,34.310378841765306],[126.01882495722437,34.310566563472015],[126.0186413100543,34.311064627701136],[126.01865106668174,34.311315313032395],[126.01923802073235,34.31185990623797],[126.01924216875173,34.31203637673372],[126.01876908605601,34.312188151646545],[126.01837248446786,34.31209638576417],[126.01809762727561,34.312159641616674],[126.01771900926593,34.31237959780545],[126.01729831982179,34.312862577009106],[126.0171858645749,34.313294072083494],[126.0173134479018,34.313615258529346],[126.01713332576502,34.31375407398959],[126.01701114644797,34.314164992138195],[126.01733116492042,34.314654408548506],[126.01738162064015,34.31491010821951],[126.01697362815483,34.315156616416715],[126.01682381850878,34.31565129851463],[126.01656355624128,34.31602842013187],[126.01631913177071,34.31627903552562],[126.01595422841956,34.316408322117994],[126.01579953183477,34.317086161226214],[126.01603116404891,34.31747967850418]]],[[[125.94484304470012,34.316887643401955],[125.94522244318219,34.316944604375664],[125.94518692521524,34.31727878926259],[125.94488365923408,34.3171066429942],[125.94466066911849,34.31687207995961],[125.94484304470012,34.316887643401955]]],[[[125.9461590730079,34.317271456891696],[125.94612074025423,34.317348180303824],[125.94596441785687,34.317315076204565],[125.94610366909264,34.3172173899205],[125.9461590730079,34.317271456891696]]],[[[126.03985759837583,34.318462512162256],[126.03873314841358,34.31894660993197],[126.03878218109301,34.31880564164895],[126.0386275254662,34.31861728863657],[126.03804773222123,34.31851013770661],[126.03811567236252,34.31772035894947],[126.03840224902584,34.31733616818683],[126.03676202392599,34.3164973055039],[126.03713036968317,34.316140299794526],[126.03713364759415,34.315818487000456],[126.03713080469211,34.31593599344719],[126.03675606244654,34.31637168896057],[126.03626352527135,34.31673919022057],[126.03617873013347,34.31692620032416],[126.03582530421062,34.31721016040491],[126.03565553522617,34.317652615232944],[126.0352722707373,34.31787971037876],[126.03423680464749,34.317801100428184],[126.033764605427,34.31759604496951],[126.03314799003168,34.31748940033895],[126.03285514258654,34.31736657248664],[126.03218657612899,34.31687250029391],[126.03188160414878,34.31681708245704],[126.03162829997841,34.3165483884307],[126.03136766354031,34.31644502160125],[126.03120241335719,34.31642107780568],[126.030764141195,34.316626151826235],[126.03055497051446,34.31658776069738],[126.03030705441556,34.31677331131304],[126.03024158556558,34.316715893840424],[126.02996399196002,34.3168642767622],[126.0303505170395,34.31652655530452],[126.03041541433123,34.31656095462521],[126.0305300953985,34.3162250886166],[126.03082985731214,34.3160155375627],[126.03141929307321,34.31599138802297],[126.03313508288171,34.3149083257609],[126.03365866817482,34.314361246464145],[126.03383540754935,34.314281162185054],[126.03413874480609,34.313880752647],[126.03433911860658,34.313426768573166],[126.03447963346697,34.313291923730034],[126.03466847603264,34.313286356062996],[126.03511329913476,34.31294902506005],[126.03519551484762,34.312353564829536],[126.03452187765934,34.311626453742136],[126.03442168923485,34.31148951940697],[126.03449902789143,34.31141641970276],[126.03419205506819,34.31120644120239],[126.03383439089332,34.31105459160979],[126.03314406504356,34.31092957073982],[126.0319919688839,34.31035484527277],[126.0310696993539,34.31000686443866],[126.03011526223558,34.309751189822755],[126.02907488074023,34.30970476039472],[126.02862607623307,34.3098743443814],[126.02692309483497,34.3111758096834],[126.02681858665666,34.31147306396856],[126.02693266962312,34.31229715976344],[126.02676247822893,34.312517359768165],[126.02599269187311,34.31288764339859],[126.02512755445042,34.31312693226888],[126.02459044522311,34.312891333713544],[126.02393414377856,34.312156100456534],[126.02371971719221,34.31173266313686],[126.02378619112066,34.31168578736362],[126.02367154954287,34.31135866205085],[126.0237510559345,34.31122679510617],[126.02363539295119,34.31121461302649],[126.0234008441697,34.31099226827916],[126.023205350387,34.31095726414571],[126.0231058183404,34.310784133449225],[126.02316488892403,34.31076765827341],[126.022615696432,34.31038057713455],[126.02233455285298,34.310274890997505],[126.02230461135255,34.310172140798606],[126.02204631625389,34.31019727219813],[126.02195240349148,34.310095263435905],[126.02195515786845,34.30995723110336],[126.02225134445422,34.309766367950076],[126.02278553958298,34.30964975470152],[126.0229967095908,34.309735004337604],[126.02330915757251,34.30974254756181],[126.02362739231438,34.309653863188096],[126.02378653427724,34.30969173153149],[126.0240726777877,34.30957872162638],[126.02426481007576,34.309403844033426],[126.02584326067925,34.308631276955495],[126.02670358033076,34.3079012940763],[126.02747395084955,34.30755613282053],[126.02840663351601,34.307468614585005],[126.0290846613031,34.307575571682044],[126.02945042505995,34.307559832673824],[126.02937159259345,34.30759658960857],[126.03123830074435,34.307395079656146],[126.033161260656,34.30750955972676],[126.03334880188868,34.30741369607771],[126.03355539521695,34.306014184694305],[126.03340026983582,34.30534532089118],[126.03317803852931,34.30499818017859],[126.03320193378498,34.30481383645173],[126.03160979470466,34.30385420517977],[126.0304527482929,34.303556491159995],[126.02915256826134,34.30340273423013],[126.02805898486955,34.30313132743489],[126.02799862292066,34.30298348141856],[126.02808472771957,34.30239228401229],[126.02788742220173,34.301810733627114],[126.02661928483329,34.300241989249],[126.02608293199854,34.29945425702493],[126.02563295006586,34.29912970925654],[126.02544739497984,34.29910637146843],[126.02517686609757,34.299367633205186],[126.02491499229208,34.300254946144584],[126.0243520619111,34.30135670662915],[126.02456567793077,34.30156586606149],[126.02451111712011,34.30173848825796],[126.0242797045946,34.301962992754355],[126.02415138124556,34.30240535735453],[126.02355828533155,34.30262872351756],[126.02263287905048,34.30253520156153],[126.02242090593988,34.30289705591957],[126.02237002168681,34.30287688986287],[126.02260450211195,34.30247099109656],[126.02239766451508,34.30225266981642],[126.02200038284168,34.30219506581313],[126.02203477117268,34.302077298019235],[126.02182107357753,34.30207487734334],[126.02165531134735,34.301944286240946],[126.0215460340695,34.301663967896765],[126.02128794507483,34.301486574567306],[126.02045038011457,34.30124216294158],[126.02026899475268,34.30107295367658],[126.02013304475912,34.3007889950261],[126.01990528387556,34.30062878867305],[126.01928972223043,34.30050820164916],[126.01849527108608,34.29990219686928],[126.0181828163743,34.29946961578782],[126.01858195722954,34.299154576333734],[126.01923656372954,34.29914949550356],[126.01945563580973,34.29906184737824],[126.01971018070125,34.29869797733313],[126.0197966277218,34.29834521782404],[126.0197235695274,34.298210003317],[126.01957336530616,34.29824428912739],[126.01932592271291,34.29806984358093],[126.01867425868294,34.2980291016524],[126.01796663374381,34.2973566330702],[126.01780185561489,34.29727336996563],[126.01780114330359,34.297334481452765],[126.01725225517835,34.296984824474016],[126.01678521567261,34.296565150462165],[126.01677913871166,34.29641573405542],[126.01626295870246,34.2953864381225],[126.01629253949262,34.29462950755454],[126.0161348567652,34.29431120530817],[126.01554310107755,34.29355176469786],[126.01561436266093,34.292788192393346],[126.0155400075182,34.292366083516235],[126.01576477247174,34.29211990726242],[126.01602311011062,34.29201210031434],[126.0163285823473,34.29202537383025],[126.01659018627822,34.29241013565474],[126.01658144180746,34.29271276699891],[126.01675867053052,34.29296614226824],[126.0171082861937,34.293292295867886],[126.01747528534236,34.293441185823006],[126.01864928624491,34.29356067320929],[126.01922960257552,34.29377491003577],[126.01958664279974,34.29412963753982],[126.02022109390627,34.29432086620647],[126.02030486886342,34.29410485927861],[126.02099524701322,34.2938733984231],[126.02118691750012,34.2940124818905],[126.02177247343478,34.29494859036608],[126.02203525950006,34.295121143469125],[126.02271317480024,34.29538494770219],[126.0233630590249,34.29551677979571],[126.02408115564258,34.29582769974133],[126.02445038619011,34.29576616487908],[126.02491187358375,34.29539671299635],[126.02531726980631,34.294893832804945],[126.02606671317264,34.29425001074578],[126.0261430228972,34.294087530566905],[126.02700573296143,34.293456070337726],[126.02708123934306,34.29346738886259],[126.02731888938102,34.29321448779095],[126.02750036229052,34.29299283417965],[126.02738986979523,34.292310732164104],[126.02748257063188,34.291760854262286],[126.02833042793972,34.29078685575539],[126.02882364303007,34.29049712900455],[126.02871686289355,34.28967313524641],[126.02831844033918,34.289779514254306],[126.02718613133331,34.28951290432152],[126.02658682437114,34.289452284896065],[126.02624585995338,34.28949602277769],[126.0259830852843,34.28932979779047],[126.02615489743137,34.28872653640216],[126.02605183452764,34.28839442037929],[126.02521645003128,34.28817423577594],[126.02489755673258,34.28798154594886],[126.02403518202848,34.28784939781308],[126.02317044054269,34.28699295722146],[126.02343641131004,34.28600844974306],[126.02390186464343,34.28580802449269],[126.02424580385662,34.28591704700766],[126.02472606057772,34.285813019033995],[126.02535529346349,34.28597501783884],[126.0257863155824,34.28598414742757],[126.026217560743,34.28618269605712],[126.02650404099772,34.2859975400191],[126.02688553479202,34.28511906004078],[126.02789097201932,34.28445127207523],[126.02868432053629,34.2842727417343],[126.0296119846917,34.2847308024105],[126.02980928201009,34.284973997032104],[126.03038311698432,34.285346007258866],[126.03089228620655,34.28545337270674],[126.03137335499844,34.2850471273226],[126.03248192575047,34.284963239265224],[126.03308724784196,34.285017819513854],[126.03311153545405,34.28418983416788],[126.03350175124801,34.28383309031784],[126.03329651694146,34.28338731291656],[126.03325180014377,34.2830033890564],[126.03367233428872,34.28280167889654],[126.03443865308361,34.28324658405452],[126.03458586965098,34.28315454603561],[126.03517467124897,34.283534801082496],[126.03568867013439,34.28403415669734],[126.03641117347908,34.284496715034656],[126.03654826992133,34.28522749912198],[126.03695711169925,34.28609999165013],[126.03706502480277,34.2860319621383],[126.03799945082284,34.28631339437456],[126.0384550879286,34.2863052121005],[126.0393892314286,34.28572959893187],[126.03979382491137,34.28538654150332],[126.03979800714107,34.284400545739956],[126.04036744587526,34.283772284770066],[126.04081584267915,34.28366428367856],[126.04146144780098,34.28380326048812],[126.04174444223511,34.28351891892146],[126.04283752823547,34.28278666347264],[126.04329902414545,34.28267869256301],[126.04345861751526,34.28252284659288],[126.044077423978,34.28224452256772],[126.04480400232046,34.28217956887858],[126.04583411223294,34.28239256595937],[126.04639024302814,34.28259583983479],[126.04668709445612,34.2833123537508],[126.0472073550934,34.284131324491916],[126.04779388272715,34.28423401187929],[126.04831151831254,34.28423259437685],[126.0488179911115,34.2841203732159],[126.0489517271967,34.28439320553629],[126.04907018062572,34.284448753356926],[126.04901244624222,34.28405040962543],[126.04945895549268,34.28390673728572],[126.04966816401678,34.28370901816013],[126.0498237330138,34.28304602813873],[126.05044339585139,34.28221771952413],[126.05074791140548,34.28157456167131],[126.0513839649924,34.28093524465534],[126.05205029678339,34.280414661989774],[126.05227347770008,34.2797599354121],[126.05207510893919,34.27901806451585],[126.05258806532254,34.278024017006004],[126.05255729393787,34.277324928425095],[126.05314707489227,34.27596021478311],[126.05347247282928,34.275546203594104],[126.05442575109728,34.274903220061816],[126.05551661013301,34.274605974721496],[126.0560208507062,34.27471918314319],[126.0570636268452,34.27522637740316],[126.05737499599677,34.27527761631333],[126.05831148214821,34.27591381575952],[126.05872852204124,34.278158871123104],[126.05834770047869,34.27870338593358],[126.05761520712075,34.279232120729034],[126.05679314699726,34.28017245228144],[126.0561469933184,34.28119334451925],[126.05574869578703,34.28143283097636],[126.05521333213252,34.2823898043661],[126.05399792795687,34.283359728493316],[126.05404215224027,34.28397309414639],[126.05397655872972,34.28423239981692],[126.05371256866276,34.28463341892258],[126.05337721422721,34.2849454721804],[126.05244486948807,34.28535088009826],[126.05244134056367,34.28686189844367],[126.05253034068693,34.287164353251846],[126.05433953153384,34.288276193904125],[126.05442138863734,34.28849776915379],[126.05493673566107,34.28859724028624],[126.0552127788457,34.28844702005309],[126.05587126659384,34.288386685696004],[126.05642272576476,34.28854439175757],[126.05707038569003,34.288311233738824],[126.05790263078752,34.28746070088783],[126.05801464765854,34.28724569573989],[126.05820965791735,34.28705409968748],[126.05826463750476,34.2870780053624],[126.05847532167888,34.28677817652117],[126.05836112309728,34.286607268228344],[126.05894000470282,34.28602404664311],[126.05949449528781,34.28562886429071],[126.06000352646033,34.2855886054774],[126.06040426518864,34.285876195869974],[126.06058607275486,34.286141560427936],[126.06055972084437,34.28689723309987],[126.06076385735163,34.28739675543102],[126.06063718372151,34.28795691988885],[126.06025427642413,34.288592964615574],[126.06050327830482,34.289126762029646],[126.06079360625255,34.28936151727974],[126.06163527176543,34.289535453815205],[126.06208159185434,34.289523722931555],[126.0628427108341,34.28933500669754],[126.06325323303017,34.28952848942274],[126.06449075365242,34.289503081495546],[126.06502436935368,34.28936426436162],[126.06589025030475,34.28894061222051],[126.06605865216856,34.28852429689916],[126.06591852027205,34.28804979100098],[126.06593409193643,34.28772952016422],[126.06609259642251,34.28740835723728],[126.06605644366475,34.287061225245814],[126.06593503001329,34.286797104991486],[126.0654756306783,34.28643038878695],[126.06528981252454,34.28595720077729],[126.06492166763363,34.28602910815508],[126.0652332996941,34.28585990029736],[126.0650976553638,34.28568072134336],[126.0649250698402,34.28573708564124],[126.06487076827017,34.28565000619556],[126.06507399222284,34.285585627913555],[126.0649326967704,34.28465591166117],[126.06421621830894,34.28319591529318],[126.06369883257717,34.28261602708821],[126.06331924500522,34.282000683313285],[126.06275836081198,34.28226164621037],[126.06272562612675,34.28220920207571],[126.06329392436785,34.28189082925786],[126.06317117978855,34.28140486052889],[126.06327323030986,34.280757569204084],[126.06314207260176,34.2797505573716],[126.0625707731847,34.27866695014369],[126.0625071912747,34.27867874065678],[126.06242203604793,34.27854562149874],[126.06188621344323,34.27855480204513],[126.0618884785583,34.278489807505615],[126.0625460907817,34.27847836894389],[126.0625530719781,34.27838471765597],[126.06263427506849,34.278398608934594],[126.06277765088234,34.27811127313017],[126.06330797983553,34.277518129208566],[126.06394914659784,34.27714643144145],[126.06575852809158,34.277483993503736],[126.0673497252247,34.277489226513836],[126.06748667749255,34.27708397257105],[126.06740068846973,34.276389414625385],[126.06724204813052,34.27588982548418],[126.06683663486905,34.27548702634165],[126.06691826349778,34.27506873081993],[126.06738126169805,34.273977882902926],[126.06767097243583,34.273804931301406],[126.06805319847463,34.27394143649248],[126.06816876552054,34.274706189429985],[126.06791454076276,34.27580545456362],[126.068071537413,34.27595103421824],[126.06817490004413,34.27652231673188],[126.0681110110274,34.27699053474963],[126.06852106714246,34.27774590979161],[126.06891013014953,34.278215952706],[126.06962454933094,34.27794523009892],[126.07012821083255,34.2779638692081],[126.07063694414862,34.278596291274205],[126.07047830867937,34.27967421991762],[126.07061500660808,34.28024764647093],[126.07038437755791,34.28104399453717],[126.06998376653378,34.28144470576491],[126.06998470748002,34.28155728487667],[126.07070154090151,34.281589035249375],[126.07093654530975,34.281948637877576],[126.07282509448132,34.281703717478166],[126.0732191829967,34.28154060346973],[126.07371788162978,34.280816979576656],[126.07383800722266,34.28087657272696],[126.07349674588022,34.28158798489345],[126.07342012153582,34.2820344745025],[126.07291789404107,34.282718623153464],[126.07283962373754,34.282655749516046],[126.07260797869463,34.282920802553775],[126.07246305811842,34.28313265148176],[126.07246649481598,34.28342535741092],[126.07268520538773,34.28372918721921],[126.07280282324363,34.283679399558224],[126.07308592785228,34.283978975031914],[126.07287481912518,34.28411933449542],[126.0739205473657,34.28460500860934],[126.07466174403841,34.28469826349882],[126.07547725750149,34.28528766976144],[126.07613961977054,34.28515871878469],[126.07640414221817,34.28500489274079],[126.07655816402502,34.285033314879605],[126.07683638737834,34.28479352168582],[126.0773172432893,34.284745568371214],[126.07753102294552,34.28494614645203],[126.07805309371523,34.28509875617259],[126.07911261737948,34.285110854887016],[126.08084608300622,34.284542838394245],[126.08134791959047,34.28430829318554],[126.08148983511673,34.28406640205322],[126.08149733305872,34.28380882627589],[126.08145086062602,34.28294492313362],[126.08135363607005,34.28286484828919],[126.08150291815869,34.282808790547854],[126.08151499517164,34.282891444275194],[126.0815203824603,34.28279069449105],[126.08145532374328,34.282792450691254],[126.08138844145864,34.28218416934142],[126.08115051393223,34.28201786064638],[126.0801303828313,34.28246273750271],[126.08009948977616,34.28241468375427],[126.08109161820559,34.281993259703015],[126.08090626556702,34.281606627279096],[126.07992841016177,34.2814947109061],[126.07993594778854,34.281447847528796],[126.08124627098344,34.28158275950357],[126.08135686066866,34.28166796482728],[126.08127150621424,34.2817344814035],[126.08137885285281,34.28192697903609],[126.08148208711631,34.28198065066726],[126.08183255281334,34.28166252993112],[126.08274940716926,34.28144267580745],[126.08456611488515,34.28006003690611],[126.08491666997837,34.28005605151196],[126.08508066866833,34.28026332965716],[126.08498695911489,34.28124018931353],[126.08526255270887,34.28188499646874],[126.08620353953651,34.28235769484924],[126.08674443995966,34.28213049526949],[126.0870391083794,34.28166320496701],[126.08763313726821,34.28159868451664],[126.08931892053397,34.28051286201956],[126.08992329047766,34.280025648542946],[126.0900484131407,34.279970347090355],[126.09043150722681,34.280007224950324],[126.0905480053793,34.279850401438374],[126.0904628662349,34.279121654840125],[126.09084542416589,34.27826928952092],[126.09155279968152,34.27772073245548],[126.09202255529098,34.277214723157115],[126.09494541381663,34.27582437295707],[126.09531826180744,34.275895711990486],[126.09544628538382,34.27606308307994],[126.09534964445155,34.276328907662155],[126.0940170550901,34.2777198382355],[126.09322238798916,34.27841975522871],[126.0925455024135,34.279320174111625],[126.09166795758621,34.27993168337666],[126.09108267016552,34.28016179345027],[126.09072051725016,34.28003482976105],[126.09056335497988,34.28022947323222],[126.09042075908756,34.28115549342641],[126.09046476305913,34.28132353401014],[126.09108818075606,34.28141043229149],[126.09128275878258,34.281763584560984],[126.09090840249375,34.28209593314352],[126.09081604469006,34.2823311545034],[126.09049213943774,34.28239668896998],[126.09031635664401,34.28253815269767],[126.09038484968632,34.282997099657024],[126.09066006911853,34.28319666955603],[126.09061270380953,34.2834941451855],[126.09032333386064,34.28350282943967],[126.08999684482451,34.2833464982953],[126.08935788524148,34.283628484226575],[126.08906817518246,34.28438215110791],[126.0888741224526,34.28458460344796],[126.08885291507826,34.285584108984324],[126.08896152857456,34.28598800669318],[126.08997983394313,34.2867069040595],[126.09120983906861,34.28654830628164],[126.0916896672525,34.286854979466646],[126.0923073174972,34.287067868682996],[126.09250229769052,34.288117629371314],[126.09219629122062,34.28917740220018],[126.09179462123313,34.28945446304901],[126.0917765336127,34.29001626061782],[126.09070240092164,34.29127268907237],[126.08912967124336,34.291622413482095],[126.08866388236412,34.29181066313666],[126.08768763736668,34.291761803459],[126.0873779893426,34.29146200031757],[126.08720390257885,34.29150679224524],[126.08746979916315,34.29189813535932],[126.0873133963943,34.29202387353709],[126.08726566847702,34.292268979886195],[126.08699362821284,34.29243267991172],[126.08690990287079,34.29259682044081],[126.0872188939294,34.29286725088211],[126.08747281634068,34.29345905719058],[126.0873040821018,34.29385464881459],[126.08766195156683,34.29499013187583],[126.08790598954835,34.29510217978913],[126.0880939697247,34.295418202041695],[126.08824049679255,34.29616950922131],[126.08813198700851,34.296682629750215],[126.08778108340665,34.296885992736854],[126.0874905065634,34.29674911429894],[126.08737603533372,34.29702392086074],[126.08682622318582,34.29701935812674],[126.08657592513823,34.29748540008631],[126.08647827731902,34.29746243239038],[126.08623093943729,34.29773434349364],[126.08586359644671,34.29797242775287],[126.08599664071461,34.29802266756382],[126.08582694255021,34.29859166856656],[126.08576439921175,34.29858271860631],[126.08553447982499,34.298916525053585],[126.08549548325156,34.2992980023703],[126.08561624410349,34.299234181716066],[126.0856728075193,34.29947892177916],[126.0852531253722,34.2995376229403],[126.08522364399755,34.299622831935665],[126.0853101253648,34.29964802483275],[126.08544373914472,34.30007928109291],[126.0854208772199,34.30016508048172],[126.08518770932012,34.300293351620105],[126.0852315323417,34.300791048719816],[126.08563007779944,34.30087494170245],[126.0858455168522,34.30101019936474],[126.08601293607289,34.3014907549171],[126.08666046084053,34.301981305176405],[126.08684484377137,34.30244372306892],[126.0868468022554,34.30277611649565],[126.08667722009206,34.30339110150276],[126.08678602533773,34.303831383622246],[126.0867873752832,34.30439522599735],[126.08647061683385,34.30460696155828],[126.08718980156453,34.30447555526229],[126.08751609140513,34.3045910663475],[126.08789522406244,34.30484948818645],[126.08866541129629,34.304975904639704],[126.0892018684265,34.305284091125245],[126.08911108627015,34.30551231761261],[126.08868365844202,34.30572511867446],[126.08842981304373,34.306123925898525],[126.08795992867094,34.30632565378185],[126.08732657237242,34.30677343391784],[126.08724596043862,34.30693063830349],[126.08741491826227,34.30724788042474],[126.08738708246743,34.30744081504905],[126.0875775643818,34.30801349601051],[126.08747281573874,34.308404137337824],[126.0876839010475,34.308917269495254],[126.08777135970205,34.3096826032616],[126.08763678240366,34.310269463630206],[126.08766403737914,34.31055336767346],[126.08804009713616,34.31103583669899],[126.08813196979332,34.31122042415931],[126.08805894556392,34.31130165819658],[126.08790702682661,34.31134108108419],[126.0877877770071,34.31126193786041],[126.08775675614301,34.311069898419674],[126.08764133124299,34.31125543689301],[126.08713198124244,34.311241720473205],[126.08705264662434,34.3109138881513],[126.08663395133308,34.31070413443828],[126.08646804701259,34.3103043514411],[126.0863313844385,34.31018029329026],[126.08540763204267,34.31001691754653],[126.08515080370195,34.30986563746882],[126.08498369647032,34.30957136586641],[126.08449961782026,34.3094843784427],[126.08390055642259,34.30913936561918],[126.08337313569187,34.30861133591322],[126.08336600503479,34.3081206565768],[126.08324732139874,34.30806116456911],[126.08284640842864,34.308228720179905],[126.08204682497873,34.30789118193968],[126.08186277556658,34.30789184679059],[126.08130538525694,34.30770118998321],[126.0812022000366,34.30725380629754],[126.08080645850386,34.307122675454],[126.08007534472618,34.30720154458671],[126.07997198113434,34.307158994500746],[126.07875459208331,34.307466623925656],[126.07850608597076,34.30745108618438],[126.07837009303526,34.30743212294941],[126.07805196639988,34.3069580570099],[126.07752748243475,34.30695401247677],[126.07702986166801,34.30685290323847],[126.0768552937517,34.30675185977197],[126.07672418728454,34.30687590868723],[126.07603058632172,34.30692367578682],[126.07570917556913,34.306756203174636],[126.07552878266189,34.30651698647565],[126.07524720764435,34.30641292340564],[126.0747368356414,34.30667611476128],[126.07431936085578,34.30678605046101],[126.07230133536535,34.306517701036285],[126.07080886042374,34.3066350346746],[126.07030863586813,34.30646172737245],[126.0701432534563,34.30669056216446],[126.06957670708387,34.30716773871092],[126.06798764498242,34.30776516569117],[126.06784737305698,34.30776003130035],[126.06758185545313,34.307613128582155],[126.0673081103989,34.3071664978281],[126.06730680962592,34.30648345996467],[126.06748960065978,34.306206625028246],[126.06746617234985,34.30599541093812],[126.06657625121369,34.30507948760821],[126.06634891299535,34.30503572758533],[126.06579655704023,34.30524722425694],[126.06384334177386,34.30507829885508],[126.06189148734352,34.304591857700025],[126.0615748866037,34.30431481548362],[126.06092766217132,34.304347844032115],[126.06091945390598,34.30414774315072],[126.06042217625001,34.30404161144001],[126.06010757961185,34.30417263429396],[126.05997356751125,34.30410941438975],[126.0598989021412,34.30425701876871],[126.05933295522063,34.30468368090993],[126.05899262028188,34.30520663686421],[126.05876769333925,34.305764031348765],[126.05864569770893,34.305717002112935],[126.0586492835139,34.30558470784471],[126.05839399104136,34.30512471401262],[126.05767370267988,34.30480764886923],[126.05694877747709,34.30475680106875],[126.0566486942791,34.30452618941098],[126.05663572724785,34.3043493898303],[126.05649711914612,34.3041778591623],[126.0566083456679,34.30402127211318],[126.0561894078706,34.30388571859498],[126.05619422060799,34.304109627483456],[126.05491535091802,34.30379295869885],[126.05367882120335,34.303860255475456],[126.05314990650025,34.304194363426234],[126.05323208333824,34.304206790270946],[126.05322606697119,34.30428881045532],[126.0528883702363,34.30443962069643],[126.05290784345861,34.30462639578662],[126.05271485518097,34.30463632262039],[126.05272662394691,34.305366198335015],[126.05268216883495,34.304833438916035],[126.05221788837099,34.3047330462865],[126.05206042498607,34.305011902297224],[126.05204566371295,34.30563440968973],[126.05219188508738,34.30614433118423],[126.05251734751774,34.30609589442693],[126.05257501674195,34.306272761117484],[126.05300143334692,34.30622092230083],[126.05302595132258,34.30630106947573],[126.0533579358367,34.306214559254094],[126.05336599827123,34.306336153237254],[126.05268656367755,34.30650005670389],[126.0526713189919,34.30637485540722],[126.05229525645503,34.30643197799812],[126.05152386574662,34.307031853988754],[126.05071807085264,34.307117098878706],[126.0504993298176,34.30730641529627],[126.05026832515934,34.307783644702894],[126.04982706027556,34.30815999246307],[126.04936473412302,34.30811132847221],[126.0491360582591,34.3079581099189],[126.0486956821001,34.308389898708654],[126.04914445412776,34.30789759873571],[126.04897107200155,34.30760968454564],[126.04868672377398,34.307422949623536],[126.04843871741915,34.30745221022597],[126.04759137906173,34.307790775137576],[126.04715534614037,34.30809729268437],[126.04673463317339,34.308249692505896],[126.0460292143376,34.308314234445696],[126.04557246413366,34.308808984550794],[126.04454625358024,34.31069272346334],[126.04462779392894,34.310830648841424],[126.04451980261646,34.31140405503959],[126.04473399086184,34.31172647637973],[126.04459221081582,34.31220624810601],[126.04435241351753,34.31251690199159],[126.04408758515292,34.312700212476024],[126.04425120710414,34.312897958689085],[126.04351019495353,34.31348819427671],[126.04352074364105,34.31369479527439],[126.04328252784063,34.31432068166683],[126.04280461965443,34.315157583462764],[126.04258903484698,34.31588475016504],[126.04224963532104,34.31635715731869],[126.04178777987431,34.31661779494616],[126.04107618273537,34.31655156039039],[126.04075398853479,34.3167124096],[126.04042303280899,34.31731878561169],[126.04038281659022,34.317653100047394],[126.04019065074107,34.31788741601646],[126.03993334228227,34.31799015197828],[126.03936419273585,34.318004450752724],[126.03944809066026,34.31826411839937],[126.03998929167028,34.31819232282925],[126.0401324160069,34.31840316454862],[126.03985759837583,34.318462512162256]]],[[[126.13084939108575,34.3195442922244],[126.13089404208529,34.32003388475659],[126.13072834098014,34.320133145520515],[126.13011658906457,34.3201030411004],[126.13012736901875,34.319660185731465],[126.13049545876393,34.31951860005535],[126.13084939108575,34.3195442922244]]],[[[126.125734965386,34.320473421290934],[126.12581700261966,34.32061384825368],[126.12575011277255,34.320689785165726],[126.12558293489901,34.32070877309191],[126.12533375025973,34.3205844491731],[126.12549048264485,34.32039958493239],[126.125734965386,34.320473421290934]]],[[[126.30242422783415,34.322760473399484],[126.30214062527216,34.32284680948087],[126.30209501809384,34.32259077045828],[126.30234589356179,34.322516273088986],[126.30242422783415,34.322760473399484]]],[[[125.97597829252706,34.3207919460234],[125.97516323534607,34.321210988986905],[125.9742737427799,34.32118981287869],[125.97320188482587,34.320981775343824],[125.97185335347659,34.32047575344079],[125.97112864832442,34.320719877086944],[125.97049738847512,34.32027247915096],[125.97010462215225,34.320640406627376],[125.96946261036392,34.32064322897556],[125.96850656672179,34.31917315708743],[125.9680296729855,34.319000405563905],[125.96844791293191,34.31869402348426],[125.96857872683236,34.31817810496222],[125.9693597283103,34.31767197534409],[125.97008667085284,34.31575084057553],[125.97007106249701,34.31457890908052],[125.9703155401614,34.31448305439412],[125.97017126449995,34.31410318662522],[125.97043482824017,34.313602995247365],[125.97035391535806,34.312655771188616],[125.97009597303764,34.31251614115588],[125.97020167057363,34.31244633213883],[125.97018384858289,34.3121713821718],[125.96970494471896,34.31149182929064],[125.96967843234098,34.31092660067941],[125.96950096719631,34.3107704750473],[125.96914705610281,34.310776309079685],[125.96881597348496,34.31058388542241],[125.96897933285712,34.31033738804085],[125.96948860790884,34.310172652788864],[125.9700459293819,34.30943930312467],[125.9711590418533,34.30915120803106],[125.97164375662643,34.30880481781329],[125.97172471214772,34.308877459281476],[125.97173740138292,34.30875188894137],[125.97193861504948,34.30863728696651],[125.97217835428637,34.30860500219395],[125.97233503933371,34.30841828981713],[125.97201948683977,34.30777235282491],[125.97236551627518,34.308390177920174],[125.97346203517633,34.308919976783386],[125.97361990647393,34.30821670961516],[125.97367830617112,34.30822649330855],[125.97351955073586,34.30893460281674],[125.97390641999263,34.30896472004182],[125.97474864291709,34.30883642333484],[125.97686059697884,34.30872195631402],[125.97686586885965,34.308135882940036],[125.97692756836305,34.308128015682755],[125.97691052498134,34.30873883396789],[125.97751076904358,34.30923144399045],[125.97770124360704,34.309198276882356],[125.97773530954571,34.30929859302453],[125.97746416158823,34.3093973768674],[125.97703421398633,34.31042204983493],[125.97715426105269,34.31166750153462],[125.97818443853379,34.313728003640925],[125.97814883549202,34.31392430751758],[125.97869038110018,34.314520049478105],[125.97872019297921,34.31467400075227],[125.97943057301353,34.31477485019417],[125.97974953117166,34.31507021348685],[125.97998117432603,34.315434068456895],[125.97975096922025,34.31597735874523],[125.97956639121496,34.3160427049213],[125.97942763433456,34.31596128417985],[125.9790446809715,34.31615554593039],[125.97866074069978,34.31663794836696],[125.97828537782917,34.316850903549685],[125.97833494336376,34.31691687834501],[125.9782710593202,34.31697354025641],[125.97781255358936,34.31715045446456],[125.9776223302449,34.3175524784394],[125.97774847474616,34.31716047464635],[125.97714191335838,34.31694805759229],[125.976923483498,34.31704698324514],[125.9765427848543,34.31746603563819],[125.97608503174895,34.318473992705364],[125.97610984824563,34.31900629441869],[125.97631178341496,34.319033188563374],[125.97611174750553,34.31903326296553],[125.97612230250124,34.31918379036407],[125.97633052465572,34.31946748135645],[125.97646084689988,34.31904089027327],[125.97638079990791,34.31952333082365],[125.97645977160549,34.3197808891921],[125.97597829252706,34.3207919460234]]],[[[126.04435446581927,34.32220980638131],[126.04421366586334,34.32241286254231],[126.0440626623319,34.322455239528885],[126.04398466321811,34.32221127003543],[126.04401746134918,34.3219828599832],[126.04419457171403,34.32194244487541],[126.04435446581927,34.32220980638131]]],[[[126.29556912789211,34.32483096759786],[126.29483425325384,34.325302814895515],[126.29416886579587,34.32546004611767],[126.29337088096636,34.32547267134982],[126.29349137022814,34.324676762563506],[126.29442713378057,34.32406794430589],[126.29597825601773,34.32336625400979],[126.29781669429994,34.32197830408356],[126.29858349014529,34.321760371837875],[126.29892348974903,34.32134842864766],[126.2990635366359,34.32146229217578],[126.29947865772147,34.32139304230656],[126.3000663052795,34.32117470491628],[126.30016449593002,34.32130098393969],[126.30117760690429,34.321096587890025],[126.30124514614575,34.321704689471915],[126.30139061971875,34.32177259819159],[126.30146568094784,34.32173008187491],[126.30155377394266,34.3217773256699],[126.30152959983681,34.32184268721297],[126.30122961081793,34.32183008310945],[126.30063168092143,34.322089221126134],[126.30065542490888,34.32221035016322],[126.30048277286252,34.322235792890865],[126.30006761434517,34.32276106452948],[126.2994904977463,34.32298950434628],[126.29863737610073,34.32402508840003],[126.2985969380374,34.324185062736724],[126.29837370426685,34.32437973057363],[126.29773278030304,34.32472801352802],[126.29756319852159,34.32469863430277],[126.29753149485583,34.32484418110293],[126.29735593284062,34.324855621099864],[126.29720385641095,34.3250732411285],[126.29682382479163,34.32516683491946],[126.29624272930776,34.32505347723752],[126.2958657230823,34.32481662163114],[126.29556912789211,34.32483096759786]]],[[[126.17135977820898,34.323830262133235],[126.17130594497122,34.324374973390235],[126.17032499338974,34.32524461435559],[126.17005703148821,34.32532167205372],[126.16993655699481,34.32499877740779],[126.1706171344651,34.32418036869211],[126.17067085302924,34.32370175986181],[126.17135977820898,34.323830262133235]]],[[[126.28951685351396,34.32491512888794],[126.28914972096345,34.3252854026657],[126.28935695924957,34.32546032667812],[126.2893718975428,34.32560204981234],[126.28926808935266,34.32570735796561],[126.28927175730821,34.32601016830512],[126.28914651428293,34.32608674860992],[126.28897016921297,34.32587928122168],[126.28900742651584,34.325725088076595],[126.28879045266446,34.325393362202675],[126.28875400252309,34.32515770863664],[126.288915298054,34.32476079077674],[126.28929170826834,34.32467608884116],[126.28936124242966,34.324493966889804],[126.28946313416684,34.324455859830415],[126.28961526957016,34.324757243464894],[126.28951685351396,34.32491512888794]]],[[[126.0248692798228,34.32118739452153],[126.02543197630327,34.321540138577454],[126.025858544258,34.321667285453444],[126.02644513758605,34.32215739500494],[126.02654752191236,34.32272919438555],[126.02693743017441,34.323232176807416],[126.02727033928737,34.323954734890705],[126.02720121728153,34.32421596959747],[126.02699638697081,34.32439373383696],[126.02592665461786,34.32456792013736],[126.02567295756566,34.32431596854965],[126.02562858769758,34.32398526776696],[126.02518539527739,34.32294803831267],[126.0251978204129,34.321687324055105],[126.02508148990772,34.32154857700321],[126.02479011143842,34.32150323764669],[126.0244719786456,34.32131211211958],[126.02453842745288,34.321180825882315],[126.0248692798228,34.32118739452153]]],[[[126.29965126510287,34.32978003856067],[126.29913355502192,34.33015104774927],[126.29918106199273,34.330212330497005],[126.29864311703766,34.330732880731325],[126.2983519110629,34.32997233024091],[126.29778849321829,34.3296180417278],[126.29723252542306,34.32993724190042],[126.29685655684787,34.32991261536639],[126.29663000504722,34.32960640441709],[126.29666798624923,34.32923290765216],[126.29678890734561,34.32893478077606],[126.29738680165313,34.32887449550642],[126.29823093809041,34.32906582869573],[126.298976207058,34.3289430726896],[126.29952349002421,34.328558702721814],[126.29963111291066,34.32862839782323],[126.30013718977216,34.328079165529644],[126.30136308250397,34.327539744751434],[126.30161198554765,34.32764449180709],[126.30163882803207,34.32774742890785],[126.30335139318518,34.32720173523138],[126.30391975190173,34.327717530914924],[126.30340633551685,34.328328333542146],[126.3026736960763,34.328094240116585],[126.30222789911335,34.3281377061105],[126.30152032279987,34.327809213463155],[126.30101488941875,34.32783242112716],[126.29984994050787,34.32889887955902],[126.29988596243074,34.32940792015739],[126.29965126510287,34.32978003856067]]],[[[126.12370205350047,34.329587966337144],[126.12303134960104,34.329628103355894],[126.12228470459078,34.3293180684891],[126.12068590572908,34.32933514769506],[126.1200657424067,34.328795186483795],[126.12015420403138,34.32846024442825],[126.12064726868782,34.32817135562249],[126.12153088308872,34.32789839627042],[126.12204437619945,34.326924347373165],[126.12268680571516,34.326424810476674],[126.12346823038517,34.32679628186797],[126.12343242826402,34.32757138926018],[126.12315792386893,34.32806517657102],[126.12368163635766,34.328816873243646],[126.12370205350047,34.329587966337144]]],[[[126.15133618378354,34.329915655609845],[126.15065747650826,34.33014241473282],[126.1498935778359,34.33009363816588],[126.15042948019138,34.329523063905306],[126.1504435456049,34.3290727023525],[126.15073526627525,34.32869220232511],[126.15117273462116,34.3284111238739],[126.15150896894028,34.32788598813241],[126.15219580082201,34.32796486012746],[126.15360152363581,34.32856217726745],[126.1552386236627,34.327317204733525],[126.15564271977223,34.32715777250468],[126.15704177769365,34.327328198432056],[126.15737526679646,34.32768192446741],[126.15655584963568,34.32846048407151],[126.15568750541902,34.328831212311925],[126.15454937219127,34.329117875562],[126.15390200054907,34.32951594510572],[126.15327751779404,34.32976819923503],[126.1528231021079,34.32989887938563],[126.15258475352735,34.329820433800855],[126.15133618378354,34.329915655609845]]],[[[125.98104079582264,34.329262298466276],[125.98094672075875,34.329325101138494],[125.98063350439273,34.32927047852027],[125.98070697555326,34.3290876688742],[125.98104079582264,34.329262298466276]]],[[[126.14908001067103,34.33103457296038],[126.14889583843136,34.33114866645313],[126.14876549175156,34.33104520205434],[126.14899103807814,34.330954067990334],[126.14908001067103,34.33103457296038]]],[[[125.98020049147065,34.32563500681236],[125.97992020948348,34.32928879723308],[125.97838711037312,34.32988516478356],[125.97747723147187,34.33060424413402],[125.97660103508024,34.32933211666508],[125.97652056408565,34.328522495450116],[125.97598843803354,34.3274332570747],[125.97512783809726,34.325974221835736],[125.97645417234283,34.32549711727861],[125.9789815958851,34.32536631710816],[125.98020049147065,34.32563500681236]]],[[[125.98475783889357,34.330936592701974],[125.9845986764538,34.3309598711544],[125.98443932405954,34.330883621432065],[125.98442170720679,34.330734406394875],[125.98455761255951,34.330585348447656],[125.98489076549745,34.330697547385824],[125.98489549615276,34.330835955478655],[125.98475783889357,34.330936592701974]]],[[[126.3028030257261,34.33373492836696],[126.30291173149124,34.333837665007195],[126.30256111665163,34.33405685412656],[126.3020628808342,34.334151060254484],[126.30174252397372,34.33402759737596],[126.30198966203788,34.33375684252542],[126.30241459967802,34.33364829989614],[126.3028030257261,34.33373492836696]]],[[[126.29814906941554,34.332066854019864],[126.29819334669816,34.33257125464859],[126.29810752203342,34.333356612018484],[126.2977006679932,34.33400846779091],[126.29783524556667,34.33508690014763],[126.29746152310241,34.335231617008766],[126.29730812781357,34.33506376818051],[126.29726283182356,34.33457125175897],[126.29702157877493,34.33411112431705],[126.29723166520151,34.33326824863321],[126.29694053951181,34.33239202120481],[126.29705200246083,34.33224699662271],[126.29758298801963,34.33209892991404],[126.29799739550121,34.331781799995824],[126.29814906941554,34.332066854019864]]],[[[126.04939156075605,34.333304221763164],[126.04934582182464,34.333415066773085],[126.04810832977654,34.33360932527041],[126.04784210880679,34.33342838147973],[126.04909065012285,34.33302158188665],[126.04939156075605,34.333304221763164]]],[[[125.99519228039455,34.338447612582925],[125.99444347156803,34.33874971741795],[125.99350434603622,34.33887995393074],[125.99265359072275,34.33870408414955],[125.99303149407429,34.33832044932379],[125.99155309590967,34.338599813543766],[125.99151098667544,34.33804132182102],[125.99215281015589,34.337448454793076],[125.99298304762323,34.33689055190247],[125.99356867936207,34.336989310947374],[125.99395825121911,34.337169268261356],[125.99436943064835,34.33766358491836],[125.99477169910226,34.33784450945658],[125.99559241712288,34.337668769099025],[125.99569648737334,34.33773077661925],[125.99564880712101,34.337652204349816],[125.99609480559317,34.33759913108559],[125.99519228039455,34.338447612582925]]],[[[126.02161814824085,34.339295709063606],[126.02173843005639,34.33942516102003],[126.02156098541658,34.339696756699816],[126.02086220391215,34.33987554095752],[126.02061739900313,34.339710412865486],[126.020589723629,34.33954118246806],[126.02077078071368,34.339338522299514],[126.02105222312248,34.339194059528666],[126.02161814824085,34.339295709063606]]],[[[125.99896893105317,34.34026453871031],[125.99879788943937,34.34063375943435],[125.99773372240732,34.341117877439345],[125.99775578427182,34.34073463697618],[125.99854264503284,34.34021527364166],[125.99896893105317,34.34026453871031]]],[[[126.0279183202066,34.34172901159416],[126.02747576531259,34.34216073786505],[126.02689943926836,34.342475861821676],[126.02597270988423,34.34174430227634],[126.02551879850549,34.34115352215331],[126.0255378594591,34.34104659341607],[126.0260657568654,34.34094449413099],[126.02552572899395,34.34095581306146],[126.02561549400046,34.340894708507655],[126.02561842126859,34.34046088343724],[126.02578251106031,34.34023046081234],[126.02561163125804,34.34018298208384],[126.02584543691505,34.33998602606688],[126.02589298531947,34.339831701749965],[126.02561933454224,34.340067705718866],[126.02516266093433,34.33981194509794],[126.0248506996318,34.33981559621476],[126.02475693352272,34.33974380679599],[126.02486942822819,34.339635189491375],[126.02509326801214,34.33961368154535],[126.0251775332914,34.33950379320623],[126.02505892045052,34.33941458863697],[126.02510180673951,34.33931382638159],[126.02478824525842,34.33926912099502],[126.02447692895319,34.33886680003153],[126.02413115540301,34.338622908760456],[126.02370568690736,34.338756322085],[126.02298156594703,34.33875253929074],[126.02215270155033,34.3385558653181],[126.0218394964185,34.338356578356596],[126.02178056667455,34.33804052591014],[126.02203538591732,34.337099868539845],[126.02152282280541,34.33676342032081],[126.02162424978604,34.33661134965985],[126.02195253184304,34.33649926014157],[126.0219848406457,34.33634949382073],[126.02190679757096,34.33648305622055],[126.0216027509817,34.33654818581886],[126.02138528368818,34.336722224089904],[126.02105013608129,34.3367078948754],[126.0205166075228,34.337320722003106],[126.0203837635257,34.33735223539905],[126.02006845257961,34.33767692726836],[126.01922676941314,34.33816660437322],[126.01914717386987,34.338397389497835],[126.01882702858875,34.338505020495354],[126.01847971234673,34.338487134070064],[126.01810499406317,34.339066682244514],[126.0185230898234,34.3394226865523],[126.01808134212045,34.33998241492678],[126.01729145169314,34.33949321033383],[126.01639931729108,34.339749019377436],[126.01569673486574,34.33928852325691],[126.01547445563025,34.33926385545926],[126.0149884605764,34.33864469004192],[126.01359221248971,34.338962283880576],[126.01270454325073,34.33845653119552],[126.01197599495791,34.33910585775554],[126.01133103091345,34.33886784189543],[126.01129738513379,34.33838063694171],[126.0120965002918,34.33796000869738],[126.0124574607704,34.33768539304034],[126.01243087053282,34.337404789296876],[126.01222648861129,34.33715017085161],[126.01227741303406,34.33712031228569],[126.01245159045074,34.337268949272186],[126.01338214092907,34.33704412727803],[126.01432384044304,34.33713058789837],[126.01471123006894,34.336869790060156],[126.01482649472317,34.336759239226836],[126.01463210718548,34.33642736274039],[126.0148121578678,34.33578319290158],[126.01532636724038,34.33500575163907],[126.01620706636157,34.33425266604559],[126.0167979252979,34.333904013326624],[126.01708091568928,34.33364183633856],[126.01711042384827,34.33337244726814],[126.01689762337355,34.3329925423056],[126.01623959788407,34.33226743260265],[126.01599484093843,34.33218820187863],[126.01494388456463,34.332506228796866],[126.01453467029985,34.33239811360283],[126.01410252475473,34.33258164957897],[126.0136270082455,34.33291276755076],[126.0132736326272,34.3333405197995],[126.0130481452046,34.33348610159517],[126.01138266773481,34.33387838072214],[126.01001069033633,34.333624742828505],[126.00964603855904,34.33318526471754],[126.00883854504724,34.33342890451769],[126.00813011069908,34.33349221864224],[126.00775087282393,34.333663090420636],[126.00733288486295,34.3337141442129],[126.00723931104314,34.33363895370193],[126.00694355712727,34.33380886911041],[126.00677760803474,34.33375258834453],[126.00693191931765,34.333856748563846],[126.00622509783558,34.334539426352805],[126.00519717493653,34.33484946123181],[126.00464811022162,34.33523199378363],[126.00468687772594,34.33556950610724],[126.00344979592617,34.33616784846007],[126.00263361498705,34.33591936832398],[126.0025665057301,34.335998885646674],[126.00213235903006,34.33600015716949],[126.00151302702164,34.336355545922785],[126.00146579828352,34.336490347185396],[126.00144341872385,34.33632870092674],[126.00132739954813,34.336289911555056],[126.00059042305638,34.33690939008345],[126.0002567322284,34.33682305501443],[126.00008940271063,34.33660483972269],[126.00017977850426,34.33677056676871],[125.99981161829321,34.33667793613513],[125.99957601165076,34.33679542969458],[125.9991809089602,34.33706770841232],[125.99907387701305,34.33730202341741],[125.99932886319246,34.33761381333801],[125.99948013081014,34.337584429715086],[126.0001658686665,34.33775917333737],[126.00031423175363,34.33760291624668],[126.0001742817948,34.33788975961612],[126.00019993990851,34.33824903446308],[125.99979417771408,34.33851990279655],[125.99939570446597,34.339029274568695],[125.99889492645907,34.33921695390863],[125.99869097688347,34.33892728741384],[125.9985342930441,34.33887008879395],[125.99789503380329,34.339057044419945],[125.99756757017114,34.338899062645005],[125.99738804384188,34.338621258685734],[125.99734379892435,34.338363665042365],[125.99678174260346,34.33842186628753],[125.99667222055072,34.33827195298543],[125.99680977286548,34.33796213477161],[125.99662126434552,34.33790483487943],[125.99660979882078,34.337814706392116],[125.99756765307036,34.33800919384552],[125.99838675581323,34.337872047576056],[125.99838090121219,34.337814317373834],[125.99855670016908,34.33774257952284],[125.99876422688871,34.33733960179661],[125.99860172014652,34.33713093405049],[125.99840592318274,34.33644260599864],[125.99854832490752,34.33509633841072],[125.99814226573517,34.334802491546036],[125.99813957204675,34.33471385926678],[125.99757152644209,34.334673056759144],[125.99710453327187,34.33498195041932],[125.99654735610817,34.33509579081267],[125.99596619295963,34.3353209200861],[125.99550511977097,34.33532426371048],[125.99506988468507,34.333406951054684],[125.99519813666285,34.33224498470629],[125.995496173248,34.331605824904685],[125.99576092032441,34.33129196816961],[125.9957142608925,34.33025214087897],[125.99545515820523,34.330108840332905],[125.99506936325457,34.32946847010637],[125.99487224098966,34.327258903977146],[125.99552791464401,34.32678021568875],[125.99650488810147,34.327213159921556],[125.99623855200983,34.32594952581575],[125.9962918720192,34.32559471988608],[125.99671796285325,34.32491471766268],[125.9974597904704,34.32489667880577],[125.99817535201767,34.325027849972265],[125.99860052161085,34.325151717745364],[125.99898620880653,34.32543726549463],[125.99960419634435,34.325683652449634],[126.00034346172026,34.325523257786216],[126.00128319739596,34.324971923975724],[126.0022765703597,34.32421177183177],[126.00283093073678,34.324201500633066],[126.00336547846618,34.32388241637795],[126.0041196645269,34.32381444454949],[126.00433349428592,34.323717488154465],[126.0047926448651,34.32366094679381],[126.00485562786649,34.32380996966138],[126.00609977936597,34.32306024555935],[126.00694496394158,34.32265396828108],[126.0076331991756,34.322484461060604],[126.00803726643433,34.32248698183746],[126.00833794293254,34.322329993436846],[126.009010948915,34.322216982712874],[126.00935245815013,34.32199396842936],[126.00978299807045,34.321794417098445],[126.00982531310163,34.32185843666544],[126.00992256733164,34.321817487829115],[126.0098762742188,34.32174805455594],[126.01061227855739,34.321433480517236],[126.01059813824655,34.32126936905128],[126.01066152207163,34.32126667270549],[126.01067365906802,34.32138122539314],[126.0109347283314,34.321392261096726],[126.01166481967208,34.32200651097178],[126.01185486049302,34.32188024188354],[126.01191582890034,34.321940823762446],[126.01172301802742,34.32212535699368],[126.01196241548794,34.32289912223264],[126.01328310847424,34.32329990539898],[126.01557600898956,34.32414922190505],[126.01635339749652,34.3236934130958],[126.01661116445817,34.323161902688184],[126.01696372759193,34.32281527073498],[126.01807673422995,34.32266493827914],[126.01833396794284,34.32246772413749],[126.01887967395805,34.322375785330244],[126.01899559721228,34.32219345447336],[126.02064647809755,34.32278272657381],[126.02044971749179,34.32313261845142],[126.021373032742,34.32399156442085],[126.02152529557436,34.324450556045186],[126.02198527322477,34.32531914862346],[126.02258835984244,34.325823497645864],[126.02309650064755,34.32604327906386],[126.02304524897686,34.32672384595909],[126.02273495325997,34.32707297846978],[126.0222787820257,34.32714084266285],[126.02226188909789,34.32720981121539],[126.02168683749163,34.327480517908285],[126.02158050908797,34.327643952816665],[126.02152245182259,34.32827133406544],[126.022104643267,34.328829631030196],[126.02267940518637,34.32969246793305],[126.02343218907801,34.33059983930436],[126.02416778729982,34.33048675890864],[126.02464071254147,34.33032762554871],[126.02715382894269,34.329200809270326],[126.02747751584003,34.3290102615225],[126.028031129935,34.32841423839498],[126.02848246101524,34.328274542469934],[126.02891000313238,34.327994753963836],[126.02912653516563,34.32812548595986],[126.0292828516481,34.32886095092682],[126.0292749709867,34.32860307929754],[126.03085286829011,34.32862248144809],[126.03097753607338,34.32820012155699],[126.0309641129635,34.32756249641904],[126.03133107260975,34.32631173883818],[126.03245646519741,34.325111333033355],[126.03373723052334,34.32463771522122],[126.0338912112707,34.32468604055317],[126.03371363995238,34.32529952194502],[126.03388769595271,34.325601037659204],[126.03418933281904,34.32572368017053],[126.03453328174957,34.32572966824701],[126.03479180846564,34.32546837385314],[126.03504606701627,34.32572711701835],[126.0352669179819,34.32631844961855],[126.03478321376008,34.32713508838887],[126.03479777927318,34.327348725331554],[126.03565559432272,34.32846935518783],[126.03584259730223,34.32891283739457],[126.03686200651308,34.3304322367402],[126.03776824996763,34.33026846890348],[126.03803496668945,34.32986996241812],[126.03820023400225,34.32988728083042],[126.03840738712026,34.329770696300876],[126.03835701841379,34.32971222100941],[126.03845524699825,34.32955707290067],[126.03854369036549,34.329575526505025],[126.03866512441448,34.32940355066296],[126.03856062640304,34.32927814231731],[126.03864632806356,34.32886025455091],[126.0388515409683,34.328448020566725],[126.03886077630469,34.32814929571352],[126.03875348291658,34.32796716551574],[126.03890116834233,34.32772927572356],[126.0400019424022,34.32740694348513],[126.04041995125623,34.32742880276691],[126.04091796412219,34.32714069081034],[126.04124614234365,34.32748057994083],[126.04124164944096,34.32737040779303],[126.04097632792049,34.32716693849156],[126.04136955784396,34.32711765751962],[126.0420778393516,34.32673361792812],[126.04276639620777,34.32583438657678],[126.04317768515068,34.32558462735919],[126.04365391524546,34.32548580560709],[126.04370162924221,34.32538594848658],[126.04462752588894,34.32516475340267],[126.04507034540637,34.32493436243732],[126.0448952119866,34.32490535684233],[126.04504731779645,34.324880141747876],[126.04515731605682,34.32477009742194],[126.04542261083816,34.32480562970396],[126.04575553596548,34.32467107502325],[126.04639373855578,34.32422868127113],[126.0466258581273,34.323862499194576],[126.04656065803181,34.32354582237276],[126.04610680284598,34.32266947986415],[126.04599051165152,34.32254134451554],[126.04575327512696,34.322456129127985],[126.04123940137444,34.32332855847113],[126.04084194066519,34.32362006593875],[126.04074052834652,34.32393357286808],[126.04037013340576,34.32412453797103],[126.03977826366521,34.32466013839157],[126.03921261639654,34.32465588502435],[126.03899826857662,34.324853795865465],[126.03846886292712,34.32511047283422],[126.03785044201214,34.32384559657668],[126.0378144391186,34.32281672539258],[126.03808118247704,34.32268947726449],[126.03855452482534,34.32275218912664],[126.0385682890819,34.32235562212938],[126.03895023648006,34.32237342571341],[126.03891683649223,34.322718051184104],[126.03943482466472,34.322979686988575],[126.03991066548649,34.32300742867007],[126.04081689746637,34.322809481931955],[126.041012339179,34.32310297054745],[126.04093118744906,34.32334816375358],[126.04115291196176,34.32317723302382],[126.04588959596131,34.32229997383037],[126.04578550304156,34.3219670467708],[126.04551155312302,34.32177668077349],[126.04539743692322,34.32158339725183],[126.0454527617585,34.321016971972895],[126.0451432872334,34.320919599153186],[126.04516048487355,34.32086701762243],[126.04546326427976,34.32098950615272],[126.0456376273314,34.320632439119464],[126.04576047235508,34.32056837731459],[126.04608427759996,34.32057459024919],[126.04632286737325,34.320671308801415],[126.0463683055287,34.32062029044203],[126.04645755654896,34.32066941134063],[126.04658158903696,34.3205599257331],[126.04668930181778,34.320614571943246],[126.0466005432626,34.32060542459914],[126.04635297713797,34.32082540020034],[126.04658922375287,34.32107538867056],[126.04647077066467,34.32145576235116],[126.04592554358193,34.32196960868945],[126.04600977061732,34.32214481921369],[126.04711919369123,34.323159350397674],[126.04822440066607,34.32397446889126],[126.0492506254098,34.32451854263265],[126.04975789852337,34.324723577004086],[126.04981386958232,34.32460864652131],[126.04980360070837,34.3247396621206],[126.05018511324992,34.3248848359198],[126.0515235863212,34.32498444817421],[126.05191543224342,34.32489746055826],[126.05211729237426,34.3246287035958],[126.05208098869316,34.32453056261736],[126.05132883851198,34.3244657133155],[126.05216227415862,34.32448108199212],[126.05248837774968,34.32357310740304],[126.05207184285263,34.323457425617626],[126.05265456794453,34.32353078357146],[126.0528693292859,34.323491918597654],[126.05347858650615,34.322641616970664],[126.05385875766042,34.322368395599945],[126.0538743613949,34.32224643516111],[126.05416626720299,34.322217530565624],[126.05468082473239,34.32195079953629],[126.05510510236313,34.32184773624932],[126.05559634900652,34.32138058568292],[126.0557559268799,34.32146328047233],[126.05582473421242,34.32140703940438],[126.05555559202216,34.3210709619057],[126.05557900252388,34.320763248895624],[126.0567456635918,34.319912942554595],[126.05710173023104,34.319774100006526],[126.05735479995664,34.31979825319843],[126.05769676947818,34.31958602264459],[126.05829504518107,34.31961053454389],[126.05887200048132,34.31993674282078],[126.0592293321008,34.31982537951423],[126.05955236872477,34.31985261742879],[126.0593496011616,34.320183389866735],[126.06042412937605,34.321130115340026],[126.05938331896523,34.32174853023475],[126.05866601930005,34.32265926477697],[126.05773503575342,34.32434322105319],[126.05671683453153,34.32548193179145],[126.05649113727878,34.326384625788826],[126.05637407728767,34.32768680733823],[126.05563746903711,34.32850482341351],[126.05459000376224,34.329237157519685],[126.05433091814305,34.329579627642296],[126.05330475657512,34.33132533413808],[126.05299368566428,34.33138110385186],[126.05322395425563,34.33187798961202],[126.05251746881132,34.33228063178496],[126.0516230164401,34.33233485993647],[126.05204901271999,34.33192119677208],[126.05213092470355,34.33155144231743],[126.05170869313244,34.33183083064721],[126.0512752811971,34.33137351654318],[126.05111137802082,34.331423581324195],[126.05118387763322,34.33180993878112],[126.04972679061025,34.33247055122838],[126.04912589215829,34.33213951657097],[126.04873619069708,34.33214410262426],[126.04867178610817,34.332419079101754],[126.0478145795448,34.33272490630913],[126.04628701652,34.33297025206939],[126.0459746070647,34.332996516592466],[126.04586431708762,34.332899491354866],[126.04576382121172,34.33308485271175],[126.04580725921323,34.33288600240801],[126.04531864355324,34.33225801044399],[126.04477770449253,34.33256045286184],[126.04483598672829,34.33275802411563],[126.04468200242093,34.33258755042805],[126.04416565514337,34.33266275112049],[126.0435073352995,34.332575816521164],[126.0432390814783,34.33265798367179],[126.04331275664461,34.33300474571445],[126.04366079738088,34.333437423817685],[126.04454287047585,34.33318194882408],[126.0445507513554,34.333075470252545],[126.04458639246423,34.333316674247094],[126.04511901738645,34.333430448773115],[126.04547467909106,34.333648244053016],[126.045930958477,34.33422220365292],[126.04590305349824,34.334486709199446],[126.04470481173317,34.33466833982653],[126.0438945100484,34.33470173260157],[126.04243502075131,34.3352632881607],[126.04078157959447,34.33516199730642],[126.04007412142545,34.33570233366222],[126.03891628102832,34.33630007227518],[126.0379757981087,34.336579844945696],[126.03647846341103,34.336875794183335],[126.03485848190962,34.33743740886483],[126.0331123613842,34.33786916315655],[126.03231742971582,34.33821571196104],[126.03143654464259,34.33879447691658],[126.03106337445719,34.338682916120185],[126.03096403136708,34.33877512927024],[126.03102116696915,34.33934717820748],[126.02980316374361,34.340323484338825],[126.02943157467894,34.34027700523542],[126.02923135781118,34.34131104000281],[126.02880007427451,34.341510869046594],[126.02880704059216,34.34125385501545],[126.02853029645235,34.34125643403677],[126.02829922463842,34.34091021612046],[126.0279183202066,34.34172901159416]]],[[[125.97896087039292,34.343403016087855],[125.97888677730629,34.343528217981145],[125.97880348191337,34.34358336549317],[125.97885407922836,34.34338298705438],[125.97896087039292,34.343403016087855]]],[[[126.01489025961129,34.34385723942499],[126.01484097075455,34.34422598552962],[126.01454700124606,34.3441999089621],[126.0145107338021,34.34380676588703],[126.01470797945564,34.34371691485529],[126.01489025961129,34.34385723942499]]],[[[125.95885804239553,34.34454884775653],[125.95884613198352,34.344762175757246],[125.95864961608497,34.34509718291586],[125.9585484563139,34.34509830444683],[125.9583952181102,34.34491513749213],[125.95840310902605,34.34474829763902],[125.95854900193774,34.34459074608032],[125.95885804239553,34.34454884775653]]],[[[125.97541791328828,34.34453192339363],[125.97482231162995,34.34470038270419],[125.97525397482453,34.34537315424379],[125.97510475675229,34.34552685805451],[125.97439570121738,34.34561663447163],[125.97375512824934,34.34581549479949],[125.97248795940115,34.34553890576764],[125.97180615312485,34.34526540669743],[125.97181531199534,34.344347150835794],[125.97322915230318,34.34361408727659],[125.97385857631461,34.34360005374839],[125.97490263265247,34.344298345605836],[125.97515847393231,34.343983838537],[125.97549684861143,34.34376601497855],[125.97627773085031,34.3437228420107],[125.97631016291886,34.34395655501072],[125.97611190476653,34.3441199995556],[125.97566538185923,34.34428285149049],[125.97541791328828,34.34453192339363]]],[[[126.1876162839027,34.34680879298909],[126.18786054387861,34.3470701487059],[126.18758204581174,34.347634782023356],[126.18719753774472,34.34775714745306],[126.18719425784722,34.34748594489223],[126.18741495860452,34.34706212107979],[126.18741533290344,34.34668487010398],[126.1876162839027,34.34680879298909]]],[[[126.2136432713963,34.34953090381618],[126.21348076390136,34.34972497559399],[126.21295616326589,34.34929253826789],[126.21316180254935,34.34826291717158],[126.21292025905143,34.347443662128256],[126.213278364491,34.34709576577857],[126.21340907095762,34.346704911579394],[126.21377700974568,34.346360195972984],[126.21411972674463,34.346706697707646],[126.2144752501495,34.34757544228467],[126.21487301743537,34.348228660470895],[126.21528945055148,34.348672429501285],[126.21491377521755,34.34911776403598],[126.21393757011008,34.34907993872373],[126.2136432713963,34.34953090381618]]],[[[126.18014557818482,34.34938744129199],[126.18040500057465,34.349550070356464],[126.18027640231894,34.35023805306047],[126.18000873220392,34.3505074650558],[126.17965604018433,34.35037528184748],[126.17946116514284,34.35001000796789],[126.17962747739885,34.34955656379],[126.18000498671147,34.3493079285578],[126.18014557818482,34.34938744129199]]],[[[126.10818743917618,34.33728968237697],[126.10879097765604,34.33849376010112],[126.10976832151692,34.33978818590698],[126.11057676987838,34.340416854482605],[126.11121831139928,34.34126318218854],[126.11223267788776,34.34191573745237],[126.11281005836246,34.34307161281315],[126.11170126464273,34.34396076022913],[126.11085911547077,34.34564732684882],[126.11133074322798,34.34692358321704],[126.1111745856442,34.34818671993755],[126.11045122793145,34.349273384542826],[126.10915331874878,34.35014850162259],[126.10948638302051,34.34785289134365],[126.10802196372647,34.34656265447923],[126.10773856851031,34.34421055345954],[126.10851675313093,34.34357411114489],[126.11030215258364,34.34294133822978],[126.11047607188979,34.34250004385903],[126.10935664281072,34.34158396723943],[126.10829558097454,34.34037504199326],[126.10717620732788,34.337561269394904],[126.10776239810426,34.33688946237425],[126.10818743917618,34.33728968237697]]],[[[126.1972431563522,34.35291236979759],[126.19673510526937,34.353282210535795],[126.19618632070026,34.35303053459914],[126.19617078354543,34.352889005205284],[126.19654392320656,34.35266536821196],[126.19704555208769,34.3525886709935],[126.1972431563522,34.35291236979759]]],[[[125.89824425895546,34.35059716388003],[125.89852689449552,34.350865744513634],[125.89870841121639,34.35132114210562],[125.89863369759395,34.351616078623195],[125.89841928776515,34.351774292153],[125.89823430320632,34.35177532059756],[125.89789070884997,34.35148649396254],[125.89770634622425,34.35132401986701],[125.89762268832052,34.35108464350113],[125.89761612881897,34.35084213121637],[125.89768936259685,34.35076646880612],[125.89796048029721,34.350586836263204],[125.89824425895546,34.35059716388003]]],[[[125.95738512463281,34.3485069909743],[125.95731671180964,34.34861376670548],[125.95743467596314,34.34877238596394],[125.95734139811476,34.3488816629479],[125.95746164248524,34.34900015237211],[125.95734477186959,34.349289836698894],[125.95754656397892,34.350284985326084],[125.95741274263227,34.35042429447745],[125.95451633081124,34.35188200856567],[125.95328651009906,34.352122711351676],[125.95189398697572,34.35312756409907],[125.95188456327696,34.35220059924262],[125.95162502802353,34.35184339519121],[125.95160304535308,34.35148208918563],[125.95133047473668,34.351033954743826],[125.95132494027776,34.35083802888762],[125.95225071977404,34.35045990617656],[125.95188813227972,34.350264210154705],[125.95113616938447,34.35012575773803],[125.94990006533936,34.34951396381352],[125.94853602746673,34.34913259590439],[125.94877356781303,34.34825745842639],[125.94924852944467,34.3474837874686],[125.9494329322039,34.34679769713755],[125.94767969328274,34.34632448291829],[125.94777893445841,34.34548727826114],[125.94576151701752,34.344267406990525],[125.94702402467203,34.34372760845395],[125.94805766269765,34.34191506906779],[125.94825898281383,34.34408190347134],[125.94928373933682,34.34412467915107],[125.94958336864589,34.344404999058185],[125.94987613497362,34.34511075652462],[125.95259277946789,34.344913615796294],[125.95360000233042,34.34498395998538],[125.95436083884533,34.34458705619557],[125.95479330562537,34.34487573783981],[125.95499727101581,34.34527461098472],[125.95560161923547,34.345439722662924],[125.95812730616612,34.345699696019395],[125.9576528774095,34.346760500503024],[125.95767845463315,34.3471994939468],[125.95750984256537,34.34735255987229],[125.95731849397616,34.347406554869714],[125.95725517803143,34.347555497428736],[125.95755706561674,34.347630419677714],[125.95779124155051,34.347804794638165],[125.95756902864493,34.34769640648328],[125.95745448668885,34.34795535439161],[125.95775378904924,34.34805222173436],[125.95776586445234,34.34794952670172],[125.95777703550684,34.34804436119739],[125.95817668924113,34.34825485958094],[125.95862792276267,34.34836461157551],[125.95858857649199,34.34847374492585],[125.95872272981268,34.34850999784324],[125.95738512463281,34.3485069909743]]],[[[126.1290088759061,34.35355323427461],[126.12827141621118,34.35458235663337],[126.1280127303831,34.35467459425637],[126.12785621133816,34.35433333875909],[126.12832373572328,34.353197961939024],[126.12850643039155,34.353177161473354],[126.1290088759061,34.35355323427461]]],[[[125.98773646983342,34.35295966916705],[125.9865849365554,34.353831594032364],[125.98498561739854,34.3527551794686],[125.98392882792733,34.35316175830418],[125.98330197994342,34.35214689985625],[125.98401039779979,34.351719709724556],[125.98566510774452,34.35103964269767],[125.9877781778711,34.349860246515796],[125.9879516872748,34.34894566568913],[125.98866738203975,34.348118780929006],[125.9893337749378,34.34927543621277],[125.98868270288615,34.34967728834892],[125.98879376944471,34.349961785765814],[125.98833170021918,34.35087972230084],[125.98787515724412,34.351464058962385],[125.98773646983342,34.35295966916705]]],[[[125.98845824145798,34.353982637390494],[125.98872036184687,34.354074335249635],[125.98859547982997,34.354306419042715],[125.98838374998418,34.35429219149894],[125.98832194344676,34.354192388348494],[125.9883668971085,34.35398732614432],[125.98845824145798,34.353982637390494]]],[[[125.930387963831,34.35298834234149],[125.93045461810141,34.35318602921325],[125.93030265351842,34.353478101806914],[125.93014450882049,34.35441392075196],[125.92968606246582,34.35442390714904],[125.92959821492906,34.35428171484621],[125.93000437723676,34.353214513608954],[125.93001937788313,34.352923072681115],[125.9301153321232,34.35283379777457],[125.93025261547118,34.35283371902251],[125.930387963831,34.35298834234149]]],[[[126.01315963721616,34.35457065566104],[126.01351930195067,34.354696801350876],[126.01363662202836,34.354862672738165],[126.01381935525578,34.355179375331176],[126.01378892438136,34.35548217989341],[126.01256216375394,34.35592689248623],[126.01248517113875,34.355402686983645],[126.01252343374524,34.35484432899378],[126.01267668013548,34.354534845601314],[126.01315963721616,34.35457065566104]]],[[[126.12337183013385,34.355118662311135],[126.1236114473735,34.355156708482454],[126.12394531542992,34.35548124785646],[126.1243947054719,34.35554275482779],[126.12520044386116,34.355882244715474],[126.1254110302417,34.35610436002824],[126.12569051505388,34.356652890799715],[126.12559679881198,34.35682533200955],[126.12505816757525,34.35713935048918],[126.1236638212792,34.356416758606635],[126.12282915429566,34.35572371550231],[126.12302927434013,34.355454351372295],[126.12301228306646,34.355089923418596],[126.12313995559644,34.35488643895438],[126.12337183013385,34.355118662311135]]],[[[126.12925889636111,34.35881793961205],[126.12915814324649,34.35913917838253],[126.12872852763954,34.35910564800881],[126.12866394778038,34.35877980556367],[126.12882831027892,34.358565660403755],[126.12906345416866,34.35847958152545],[126.12925889636111,34.35881793961205]]],[[[126.01213784923327,34.360051131794435],[126.01229805128749,34.36005910590443],[126.01235593308151,34.36013122778683],[126.01210027172395,34.36030280318508],[126.01159907539727,34.36030028402817],[126.01163682783809,34.36012816489288],[126.01197949443981,34.36000436609837],[126.01213784923327,34.360051131794435]]],[[[126.01554837439464,34.359461864525],[126.01495743809318,34.3600599676415],[126.01446271439717,34.36038348544735],[126.0138265200487,34.360395355355806],[126.01295585079082,34.36019085299437],[126.01294450034645,34.36011422141458],[126.01358846155519,34.359879343284604],[126.01399569268963,34.35894255131451],[126.01375913712425,34.35870357738099],[126.01329641181685,34.35864597409739],[126.01295807546389,34.35822937164452],[126.01328342468112,34.35746497610887],[126.01370728612133,34.35690172508223],[126.01366579725945,34.35685731066321],[126.01331983071768,34.356987605049234],[126.01306085131814,34.3568881876188],[126.01306048416862,34.356589822098755],[126.01327709338486,34.356214180217755],[126.01379897465013,34.35587911328911],[126.01414445498666,34.35608832623291],[126.01497892560816,34.356385393024375],[126.01568187795415,34.35595784842954],[126.01582704107804,34.35556369722382],[126.01600211057877,34.355428080910265],[126.0158756725448,34.35537400521574],[126.01587421261333,34.35526936504354],[126.01605141101459,34.354843092204604],[126.01574410807592,34.35471700592989],[126.01528008543923,34.35465034053245],[126.01482936882495,34.354321006156894],[126.01475036116138,34.35407156704893],[126.01491668328846,34.3537649354531],[126.01517194860703,34.35357671025143],[126.01559509173039,34.353789690718955],[126.01570792563545,34.35410692744545],[126.01590025110332,34.35414970701989],[126.01584071607694,34.35453000782314],[126.01608296121711,34.35471327949293],[126.01671703466259,34.354648583899916],[126.01734483971816,34.35413247287266],[126.01740453122395,34.354002327103736],[126.0175086261087,34.35400392995884],[126.01754590254902,34.35357728735478],[126.01728995197617,34.35327681319172],[126.01740444494786,34.35324607543352],[126.01652185813376,34.35314883576586],[126.01638493501848,34.352736071136874],[126.0167380574537,34.35249196627217],[126.01734372720294,34.352544233152905],[126.01797374684848,34.352165324344476],[126.01873651780329,34.352089446508444],[126.01815249291195,34.35083142372486],[126.01834560879556,34.35081713648535],[126.01840375067216,34.35119000045956],[126.01876573842677,34.351984646899616],[126.0190157402914,34.35205262862513],[126.01953890832846,34.351856573809194],[126.01903438197644,34.35207948746225],[126.01904699313452,34.35225808000597],[126.01926813098439,34.352457266524475],[126.01947633689609,34.35250351215992],[126.02012092686627,34.35225567725548],[126.02040918824267,34.35228916776154],[126.02059794413015,34.35213530130417],[126.0209717995603,34.351160275470434],[126.02116016001293,34.35102419907398],[126.02144160140877,34.3505945517607],[126.02179981670521,34.35033385044996],[126.02176475196234,34.349941683720985],[126.0216568724,34.3497295711484],[126.02144094617033,34.349559898222424],[126.02113219953978,34.34994068603954],[126.02105894371626,34.34988395862957],[126.02135274761582,34.34955630765961],[126.02075740581984,34.34944564993008],[126.0203691981174,34.349455980096245],[126.02016307549054,34.34936025539302],[126.02021031560503,34.34928508544744],[126.01976762191602,34.349260299157955],[126.01945617207329,34.348979368990534],[126.01940602561628,34.34908284716507],[126.01920477305406,34.34892942356086],[126.01899924039674,34.348883974197506],[126.01855878669099,34.348909600278716],[126.01848179509062,34.34908193885609],[126.01791791315215,34.34903738715859],[126.01738068492641,34.34916365102331],[126.01755146855152,34.34933307645013],[126.01742955078362,34.349391401482634],[126.01707263663995,34.3491577853632],[126.0167249221326,34.34944912461347],[126.01651777629138,34.34934553415872],[126.01676656601505,34.34899112942144],[126.01671266309876,34.348410736309],[126.01653819457547,34.348307652092544],[126.01662960888419,34.34817085680834],[126.01654430320286,34.348153304942315],[126.01608970425275,34.3481908424226],[126.01567477174306,34.348037261702565],[126.01540358015902,34.34814571902552],[126.01505764696448,34.348132629280485],[126.0148294559614,34.34794728738468],[126.01456492566095,34.3478999219205],[126.0144459632468,34.348099295924975],[126.01377304717008,34.34835897889937],[126.01385943588949,34.34869753019307],[126.01378169482615,34.34879303115788],[126.0133659550951,34.34865093831952],[126.01289819561435,34.34802225806087],[126.01265239239959,34.34746104659894],[126.01297545049133,34.347127306045316],[126.01340104019205,34.34739626523233],[126.01375439769402,34.34749051181256],[126.01431379307121,34.34748187128647],[126.01456320110402,34.34730411040711],[126.01461709051175,34.347199744945335],[126.01451873249604,34.34697266713905],[126.01445608557533,34.3470156379412],[126.01399021950496,34.34621621978322],[126.01405883060701,34.345995400823604],[126.01443364198595,34.345785866463196],[126.01446484727136,34.34566776072121],[126.01424601409178,34.345508075652276],[126.0144880517475,34.34483466011461],[126.0149649661938,34.344274652017184],[126.01537595770428,34.34415139320041],[126.01590066217778,34.3442468600648],[126.01649851752963,34.34452643462534],[126.0167500187043,34.344408324318245],[126.016930970648,34.343916004805884],[126.01720928306675,34.34360971987077],[126.01777593088984,34.34363855783486],[126.01806724179065,34.344082236434026],[126.01838265732621,34.34417601165169],[126.01907049876307,34.344167244559294],[126.019321817436,34.34373719760041],[126.01930130355815,34.34271517512709],[126.01952598156763,34.34253864769288],[126.01983451043577,34.34247602937443],[126.02025639218915,34.34273483018323],[126.02089726812513,34.342506232849125],[126.02130750123432,34.34225333157566],[126.02178231709708,34.342381708654],[126.02206131092898,34.34311887440153],[126.02215410587178,34.34314998568222],[126.02250347285815,34.34309599841386],[126.02259408391023,34.34274453503551],[126.02280222528796,34.3424894631476],[126.02308896522224,34.34240788571388],[126.02336883818454,34.342552682391386],[126.02382182139478,34.343090720339326],[126.0240564029318,34.34306307128576],[126.02388438531932,34.343571212057405],[126.02393731567966,34.34373186338894],[126.02401605623938,34.34374364262963],[126.02431077363228,34.34368570740746],[126.02459896315301,34.34378582079834],[126.0246842507577,34.343491644172865],[126.02533033166596,34.34314628514067],[126.02624365254894,34.34369634835844],[126.0261164155563,34.34419186841044],[126.02588478710719,34.344621203080074],[126.0257362279795,34.34587917848859],[126.02559074822688,34.34616641279415],[126.02509655209465,34.34644661197129],[126.02487283565328,34.34696679931178],[126.02498158482345,34.347340560051656],[126.02496736677855,34.34784045930342],[126.02518416075672,34.34829089149011],[126.02501024298572,34.34841784980902],[126.02465010124757,34.34827924927995],[126.02432473487906,34.347833709874465],[126.02297478394674,34.3495014129007],[126.02287402650869,34.34984350132441],[126.02346944240462,34.35029551967408],[126.02335118689962,34.350598364798884],[126.0229452231831,34.351009299410244],[126.02212987101105,34.35129093023814],[126.0220104201786,34.35139789347413],[126.0222234341028,34.35160260759121],[126.02225170136296,34.35183554589097],[126.02191451387282,34.35224091527742],[126.02198688954623,34.352336162092854],[126.02311352839013,34.35283137244852],[126.0233520395538,34.353002088246676],[126.02329599713465,34.353477683686066],[126.0228715533479,34.35408403446601],[126.02273814371604,34.354456582072615],[126.02313999260534,34.354679255051884],[126.02327629330861,34.354955026671334],[126.02312487370693,34.355164804506146],[126.02244207454311,34.35549875111268],[126.02197564568534,34.35618192472093],[126.02198120787695,34.35646809974465],[126.02231423732165,34.356942425666354],[126.02236667399545,34.357173051100375],[126.02195772366993,34.35743480792615],[126.02122227540777,34.35743510523744],[126.02097377805192,34.35697317198937],[126.02052937090873,34.35642487156733],[126.02004286643552,34.35662133232169],[126.01927469282697,34.35661275605094],[126.01932013967574,34.357062643414956],[126.01923794943474,34.35739776491923],[126.01951667324815,34.358128460553225],[126.01919479973016,34.35819796536848],[126.01825055510271,34.35872306456013],[126.017656613044,34.35915816123831],[126.01708119477833,34.35914167293559],[126.01670290266412,34.3597677978921],[126.01634779489645,34.35961595339875],[126.01621991232767,34.35940703772189],[126.0159066836054,34.35920817716249],[126.01554837439464,34.359461864525]]],[[[126.01156368383333,34.36026789814228],[126.01117204920604,34.36056526545054],[126.01111255628295,34.36053129627587],[126.01140308743439,34.36024629034782],[126.01158424775198,34.36021349221253],[126.01156368383333,34.36026789814228]]],[[[126.01010404207429,34.360597284505296],[126.0099392644712,34.360636261680206],[126.01023694977297,34.3601705089057],[126.0111868132785,34.36004935570903],[126.01124354018539,34.36011053449334],[126.01115366885043,34.36036007887039],[126.01072288029437,34.36060933448121],[126.01010404207429,34.360597284505296]]],[[[125.93870134287182,34.363019498891056],[125.93877260733049,34.36302030687344],[125.93874900892018,34.363143406714435],[125.93844932351679,34.36313298035164],[125.93854816343593,34.36302804843806],[125.93870134287182,34.363019498891056]]],[[[126.0210755775258,34.3640097260744],[126.02100981218855,34.363943494526566],[126.0210624929684,34.36387504762716],[126.02146445929111,34.363722229704415],[126.0217436678666,34.3634638087],[126.02194932254315,34.36295636587096],[126.02206943241573,34.36286334434282],[126.02163587938874,34.36367672783365],[126.02138803287919,34.363893853016876],[126.0210755775258,34.3640097260744]]],[[[126.12482613011882,34.364563545195246],[126.1249187606869,34.36461643759125],[126.12487157313342,34.36509444566489],[126.12467823381536,34.36537486732411],[126.12480704271138,34.366528922062194],[126.12420997609333,34.3667328218162],[126.12381175020245,34.36656280546493],[126.12352893437146,34.36598890791448],[126.12368374137986,34.36582641686084],[126.12330376882525,34.365179509022056],[126.12287133629748,34.36482262942025],[126.12299126600843,34.364585520585024],[126.12349832268252,34.36445888301195],[126.12435342886845,34.364426936262944],[126.12482613011882,34.364563545195246]]],[[[126.28053868577983,34.369183039239466],[126.28018708259341,34.36957338546361],[126.27977834623366,34.36952900511335],[126.27961563790275,34.3693209746335],[126.27998793127888,34.36899394335006],[126.28053868577983,34.369183039239466]]],[[[126.31042474572762,34.3760182311526],[126.31199088237885,34.37631790584688],[126.31202357679409,34.376386672101965],[126.30886019486948,34.37580069430996],[126.30887851343653,34.37573210770158],[126.31042474572762,34.3760182311526]]],[[[126.28278770380119,34.378449636929865],[126.28237615464988,34.37807400361855],[126.28249436138604,34.37804186740434],[126.28309703601931,34.378280007045],[126.28278770380119,34.378449636929865]]],[[[126.31220095081324,34.3779906151077],[126.31307526563673,34.37889638740605],[126.31299451350318,34.37895115584679],[126.31144978979782,34.37733985610067],[126.31152197533075,34.377290232708475],[126.31220095081324,34.3779906151077]]],[[[126.04342682983366,34.37435548844148],[126.04387871093383,34.37443739451632],[126.04396365662461,34.37525758970017],[126.04345491352984,34.37553268090243],[126.04325461002522,34.375701860834106],[126.04313895640482,34.37593092686144],[126.04325362418415,34.37681947567675],[126.04297516890166,34.377064114440394],[126.04292190906138,34.377476216299954],[126.04279303353108,34.37773469099398],[126.0420988136556,34.378247372074505],[126.04179448487768,34.378216591328524],[126.04184192950964,34.37766192024333],[126.04177433884213,34.37675443097685],[126.04282279389338,34.37554536342145],[126.04289582580844,34.37510390366861],[126.04283154727496,34.37443539022731],[126.04290601842402,34.37432558496136],[126.0431926300332,34.37427085015682],[126.04342682983366,34.37435548844148]]],[[[125.93873305736838,34.37669760381186],[125.93800988706832,34.37676050579076],[125.93732913393227,34.377519095946894],[125.93599027091646,34.376740560763835],[125.93601658604372,34.37591850206468],[125.93624451121046,34.37525121313199],[125.93659787543629,34.3751760813825],[125.93796582270306,34.37530352778078],[125.93804396690524,34.375261443679946],[125.93862765350946,34.375421394736776],[125.93878231169954,34.375355221739724],[125.93892919157747,34.375149964893765],[125.93922626815325,34.3751508398972],[125.93939579984993,34.37493635026637],[125.93944400795057,34.37449677014159],[125.93904421115225,34.37439928287851],[125.93900787827037,34.37430546376444],[125.93931605201041,34.37411683131286],[125.9387547500734,34.37415802126927],[125.93719185078598,34.37363440282617],[125.93725295507805,34.37302351372379],[125.93577698788094,34.37293364567039],[125.93546237251175,34.372821248890894],[125.93535482883591,34.371683799894505],[125.93338754421514,34.371276282171046],[125.93355173134277,34.370746745659396],[125.93422138815924,34.36982668947153],[125.93482205323349,34.369334795111925],[125.93559744277593,34.36798748914144],[125.9362440593444,34.367123585901155],[125.9367716721403,34.3668657472151],[125.93751522960241,34.36608113023795],[125.9371585461957,34.36490791994213],[125.93859172878159,34.36448311378476],[125.93942270380212,34.36383500580999],[125.9409258023053,34.36389882329434],[125.94148786386906,34.36438570586683],[125.94153218469644,34.365040689038445],[125.94073305722817,34.36633884583403],[125.9405276673446,34.367261062043106],[125.94072717282437,34.36807115358082],[125.94057626904835,34.36837881496896],[125.94009979574992,34.36860548279739],[125.94075206669058,34.36879483640028],[125.94162579382115,34.36982550236096],[125.94092866052264,34.37025893110184],[125.94082985441833,34.370220981719996],[125.94001655601326,34.370426953998],[125.9398046568342,34.37097347408957],[125.93925794690226,34.37144329879027],[125.93904541093788,34.37265016131495],[125.9392809272821,34.373401064697504],[125.93939234646852,34.373492470510904],[125.93979483905885,34.37363448283846],[125.94032955218911,34.37364450129075],[125.94081550287116,34.373462535190676],[125.94096330505751,34.37332576423802],[125.94075790925076,34.37264469617501],[125.9408856186955,34.37263051485991],[125.94059817077469,34.37191743833607],[125.94041890485417,34.371901092220504],[125.94063931014844,34.37185166709272],[125.94091918056914,34.37261739261792],[125.94110341440573,34.37263043680399],[125.94105694896228,34.37287903210132],[125.94097214364098,34.37292893883144],[125.941051363981,34.37322733550466],[125.94119968245015,34.37376048222797],[125.94158556404784,34.37426876091241],[125.9417621463421,34.375035554980634],[125.94172064962316,34.37678090217984],[125.94079275130363,34.376923337302806],[125.94000461817815,34.37687790595717],[125.93987358063181,34.376403968628],[125.93946465373848,34.376226312821686],[125.93873305736838,34.37669760381186]]],[[[126.31236784955615,34.379797711626715],[126.312327786689,34.38024473879846],[126.3115396743791,34.38067415606184],[126.31101776673849,34.38061680172172],[126.31112194411624,34.38016948764845],[126.31189293165856,34.37969337175513],[126.31236784955615,34.379797711626715]]],[[[126.00557546109698,34.375805102053],[126.00490857841937,34.3763934039637],[126.00468510506342,34.376848847994275],[126.00477897699008,34.37763136974531],[126.00447145838365,34.37786847174509],[126.00463110251766,34.380148761779736],[126.00435495959626,34.38013476678116],[126.00389214141374,34.37868654097766],[126.00336185731335,34.37817670990575],[126.00298186654219,34.376020278540985],[126.00336363225372,34.37526752384926],[126.00421492054761,34.37491405676956],[126.00557546109698,34.375805102053]]],[[[126.1394341275259,34.3819912958849],[126.13930261007054,34.38200521607576],[126.13927377390301,34.38181761406825],[126.13945453613083,34.38168882862708],[126.1394341275259,34.3819912958849]]],[[[126.13093908979435,34.380185804582354],[126.13102128366755,34.380875344861124],[126.1309165707441,34.38148575308223],[126.13075367371033,34.38190312920849],[126.13044043153555,34.38195357095621],[126.13029961434874,34.38176717115984],[126.1302929745088,34.38135736893157],[126.1303908899992,34.381299923492655],[126.13050896165207,34.38094751055119],[126.13017191816321,34.380408407872174],[126.13068900335973,34.379691915588644],[126.13093908979435,34.380185804582354]]],[[[125.96632668846101,34.38060486031238],[125.96551662567481,34.38089349033003],[125.96514855874483,34.38083212465775],[125.96461642603916,34.38053545048128],[125.96483142795717,34.38038175945457],[125.96548872909773,34.38059757158834],[125.96621650393385,34.38043647217024],[125.9689135611839,34.378295477568145],[125.96888015981799,34.37825670525692],[125.96900102911617,34.3782562917136],[125.96910057736213,34.37809204592722],[125.96938873748972,34.37796282428077],[125.96985953222183,34.377388696552586],[125.97029899249259,34.37736950391068],[125.97074043099681,34.37706013303361],[125.97091539672057,34.376520954208274],[125.97111392144059,34.37623638950914],[125.97114178332855,34.375838837468564],[125.97099161634017,34.375542908815575],[125.97068567803888,34.37538039407865],[125.97052357706278,34.375429580279686],[125.97061832163321,34.37572790020749],[125.97056818054229,34.37577144903731],[125.97052742194737,34.37559935862449],[125.97041044819018,34.375530595683685],[125.96976716908127,34.37556095218047],[125.96963932668876,34.37560547719244],[125.96964174169788,34.37586511481525],[125.9695659446792,34.37586507072325],[125.9695272017881,34.37529919470696],[125.96912432027295,34.37525315115023],[125.96872641327906,34.37502062693086],[125.96834473698438,34.375144280320484],[125.9681736002497,34.37512268895824],[125.96785493436197,34.37491270828871],[125.96726452720164,34.374809547530056],[125.96693903450625,34.374965004521044],[125.96692738748075,34.37505902306035],[125.96611393223603,34.3759389047358],[125.96472444609587,34.376579002424286],[125.96414278290558,34.37649878759291],[125.96401313222249,34.37590399748815],[125.96238724145583,34.37507424237442],[125.96245400178967,34.374650926842264],[125.96320245648778,34.374173118125185],[125.96430666375515,34.374292065308246],[125.96455934833637,34.373278498288514],[125.96506908401696,34.37247532579171],[125.96506540857327,34.37177717380187],[125.96444597044305,34.37125479294388],[125.96301575495278,34.37109548377929],[125.96335988414772,34.37048081468009],[125.96405081290365,34.36964387405981],[125.96391136537197,34.36890809964181],[125.96220304120634,34.368925652508516],[125.96287523371987,34.36804765288231],[125.96241354056343,34.367843691945765],[125.96277025027244,34.366536490245814],[125.96132677917646,34.36621539825782],[125.96223426708966,34.36500998648575],[125.962245584118,34.36467619721662],[125.96193729127701,34.36320367257267],[125.96380970647883,34.36428720801527],[125.96448585597365,34.36509452420543],[125.96792081026071,34.36618961067043],[125.96865261083903,34.36622936523626],[125.96937404518323,34.36675199922292],[125.96960012282055,34.36751519842962],[125.96965574135331,34.368753612513224],[125.96977208880138,34.36934888040545],[125.97028492127335,34.37015011883617],[125.97108155615607,34.37075485557501],[125.97170126069568,34.37108000218249],[125.97213071932916,34.371664263175425],[125.97205732096542,34.372438027328066],[125.9726186552682,34.37315857230526],[125.97265463629618,34.37351540367218],[125.97166365332679,34.37532577971026],[125.97172321166825,34.37567283989267],[125.97184842409682,34.37583694173878],[125.97190726505896,34.37631912730545],[125.97164303195909,34.37711279293132],[125.97097972491501,34.37827056115678],[125.97058407217126,34.37922158662784],[125.96974699584894,34.379286087433904],[125.96943050409702,34.37922609789382],[125.9692420089609,34.37942320759318],[125.96632668846101,34.38060486031238]]],[[[126.32756506448844,34.38343717762084],[126.32746820821235,34.38359448767414],[126.327390708717,34.38359265460896],[126.32737335570313,34.38353154007952],[126.32756506448844,34.38343717762084]]],[[[126.32773806108058,34.384017481087426],[126.3278129203576,34.38406664340355],[126.32783827282618,34.38410648267348],[126.32765341763069,34.38407536578655],[126.32773806108058,34.384017481087426]]],[[[126.037575838565,34.38282563670441],[126.03741642457874,34.3825788423521],[126.03818973031215,34.38171965505169],[126.03865855572197,34.38163501372079],[126.03896578005534,34.38147545346361],[126.03936561477283,34.38109917003729],[126.0400136287378,34.38098372409374],[126.04062344340427,34.38129307729441],[126.04092460580016,34.38165447845161],[126.04091737712851,34.38214377764998],[126.041006380383,34.38247611897886],[126.04031562407164,34.3825327860797],[126.03972833489736,34.38241889276228],[126.03923172902263,34.382078424719026],[126.03912904903427,34.382103064553036],[126.03913800832969,34.382507928265355],[126.03882925399363,34.38271442299748],[126.0381743403416,34.38254238032356],[126.037575838565,34.38282563670441]]],[[[126.28381819254271,34.38480561950982],[126.28374270921692,34.38508871702465],[126.28362484534631,34.38503114466535],[126.28360419357027,34.38477545518676],[126.28381819254271,34.38480561950982]]],[[[126.34659760356479,34.38696992619852],[126.34592212722167,34.38720314736561],[126.34558159131622,34.386929536335316],[126.34510688423559,34.38691301895464],[126.34415352704168,34.38640365952289],[126.34406648351339,34.385832025619216],[126.34467979012457,34.38566296156947],[126.34531238401594,34.38579633448161],[126.34629008666214,34.38575711286745],[126.34659801677924,34.38627996915633],[126.34693087532345,34.38644895934962],[126.34659760356479,34.38696992619852]]],[[[126.32844378949184,34.38462267418077],[126.32889950527989,34.38495071889326],[126.32936480599322,34.3859154073768],[126.33011681265432,34.38625010438338],[126.33016686298683,34.3867038157193],[126.32954738984557,34.38788260055846],[126.32931983492111,34.387968620061955],[126.32820204770265,34.38660312147075],[126.32754318439147,34.386195511850346],[126.32746499932296,34.385992607343695],[126.32749859691562,34.3855449085195],[126.32729510849859,34.38482781359547],[126.3276612125482,34.38456148696796],[126.32844378949184,34.38462267418077]]],[[[126.01561628703992,34.385662747754],[126.0155358988042,34.38590240087836],[126.0153794321414,34.38590175317367],[126.01530544791972,34.385632218131136],[126.01503042675087,34.385641386552855],[126.01471690821847,34.38535732729415],[126.01484806957698,34.38490771046488],[126.0150882756684,34.38465355310742],[126.01529456669647,34.38423348586561],[126.01580125645894,34.383834136881845],[126.01670709363353,34.383475407155906],[126.0168539635437,34.38329234739441],[126.01738021202691,34.38310946312194],[126.01771392654426,34.383211852314055],[126.01768637263281,34.3834956145908],[126.01714826879783,34.38403084245393],[126.01626310636175,34.38444816291384],[126.01606295831733,34.38481571040935],[126.01618821270445,34.385179721106006],[126.01616226433602,34.3853973856173],[126.01603120992158,34.38555719795062],[126.01579942540894,34.38556220915126],[126.01561628703992,34.385662747754]]],[[[126.27855576643077,34.387716193624755],[126.2786927725403,34.387812465660375],[126.27865751890425,34.38797459833322],[126.27831032450028,34.38780768234113],[126.27834415271528,34.387719090085554],[126.27855576643077,34.387716193624755]]],[[[126.32978703622553,34.38865708678473],[126.32978971379814,34.38871666906705],[126.32958564852352,34.388806225425],[126.32962222386786,34.38871551533745],[126.32978703622553,34.38865708678473]]],[[[126.26289380740923,34.388489313911975],[126.26328066485402,34.38883188819458],[126.26243834599967,34.388939376560955],[126.26237881662688,34.38845135510625],[126.26289380740923,34.388489313911975]]],[[[126.28085033421524,34.391133358438694],[126.28104746484496,34.39116941392916],[126.28102878280558,34.39125451733176],[126.28036632052842,34.391148626374004],[126.28043473397688,34.3910059885456],[126.28085033421524,34.391133358438694]]],[[[126.32667014068811,34.391133809296235],[126.32708410999508,34.391883101441294],[126.32638969609563,34.392380449605184],[126.32634154298975,34.39293471731298],[126.32599311870241,34.39316232071169],[126.32500723616543,34.39278457795545],[126.32531616965525,34.39210076286461],[126.32516400070342,34.39176758601316],[126.3246747195135,34.391510790578394],[126.32471227219334,34.39073863044807],[126.32516507657108,34.39046546242247],[126.32667014068811,34.391133809296235]]],[[[126.30235945934476,34.39458259550901],[126.30234272518278,34.39547965274563],[126.3020492949656,34.39553991417126],[126.30111470456102,34.394701012998],[126.29996141229269,34.394294057971905],[126.29894510990479,34.394200219828164],[126.2988194040788,34.39426238281189],[126.2982564589495,34.3939057652579],[126.2979838962017,34.3924819098777],[126.29815910962576,34.391972519481655],[126.29832328408668,34.391814240861976],[126.29786513105897,34.391319599499624],[126.29784911082683,34.390974200267166],[126.29702494559132,34.390683683160695],[126.29649215274617,34.39070454844743],[126.29566624813226,34.39111843649686],[126.29502058134166,34.391254335604444],[126.29461838967471,34.39107760188774],[126.29295659256259,34.391306991888406],[126.29230815610518,34.39116199783816],[126.29216691334797,34.39121614930546],[126.29178249230854,34.391635201198795],[126.29173352377254,34.39160457462516],[126.2919323477746,34.391343957381295],[126.2918852464161,34.39117323934107],[126.29172626026408,34.39086234701135],[126.29106447865166,34.390144194269645],[126.29101628754253,34.38996889021814],[126.29165259314559,34.389112181489295],[126.29165294985118,34.38884185857982],[126.29134313628926,34.38856616656379],[126.29102463944994,34.38842789354964],[126.2905423007427,34.38835764653899],[126.2893099290845,34.38788563390027],[126.28871042173539,34.38784611313845],[126.28826377090634,34.38793157307706],[126.28820732392822,34.388843496099234],[126.28784595109288,34.38924153120265],[126.28743413414756,34.389409943666294],[126.28746213505836,34.38970059718846],[126.28739695857665,34.389366169009776],[126.28690795696834,34.389336298528036],[126.28574772977245,34.38845263054846],[126.28545063425645,34.38835870207639],[126.2851913700796,34.38807820620405],[126.28483632278729,34.38808223946884],[126.28479829370812,34.3881860794116],[126.28468424601688,34.38817262902903],[126.28471901420956,34.388075044071286],[126.28460900425557,34.38806756679376],[126.28412522724298,34.38824081104702],[126.28356806673085,34.38913581420922],[126.28345625793938,34.389080332497926],[126.28404856896915,34.388216482455825],[126.28397238269204,34.38797239369316],[126.28406014597556,34.38794534205238],[126.28418492520866,34.38805063186931],[126.2842720142738,34.38787438723294],[126.28508910488723,34.38798358706999],[126.28507879595728,34.38787643523515],[126.28476956771726,34.387787680499116],[126.28474762814014,34.38765713116557],[126.28465290328135,34.38768070802979],[126.2845828837385,34.38760725392732],[126.28467144213967,34.38738220442294],[126.28462809372516,34.387231139014894],[126.28391960867836,34.386857620655135],[126.2837960901569,34.38668765036138],[126.28436014034432,34.38616075454818],[126.28403123649423,34.3855699227412],[126.28393693750394,34.385226424637985],[126.28442332382224,34.384699145104065],[126.28467550694273,34.384085206503144],[126.28440987687594,34.38386963867782],[126.2842219406584,34.38288453907368],[126.28545655428537,34.38149577321366],[126.28550258895052,34.38140386079686],[126.28491698239034,34.38174849950505],[126.28475619491039,34.381583909850114],[126.28557119370423,34.38105914405409],[126.28565083179686,34.3806648041506],[126.28535054903757,34.38064454094485],[126.28535651184318,34.380350200075156],[126.2854731044477,34.38035083710742],[126.28567455805874,34.38051631271797],[126.28568008831151,34.380447763150805],[126.28542925304124,34.38009429985532],[126.28482816719536,34.37991496414881],[126.2838487684321,34.37902876673253],[126.28356521817143,34.37839379392938],[126.28234377522072,34.37790245774868],[126.28167580585229,34.37738733113645],[126.28111334267618,34.376608689499825],[126.28087070604809,34.376012352729056],[126.28190880960986,34.37541527581512],[126.28218247205402,34.37302099585654],[126.28133912510496,34.37210604611438],[126.28006000435253,34.37202686751013],[126.27965694990013,34.3713667788123],[126.28047595595288,34.370630175430705],[126.28034613758591,34.36988067890946],[126.28074585818452,34.369402634437186],[126.28287197122624,34.36773341370527],[126.28447297063721,34.368007033234676],[126.28475852622566,34.368829787819216],[126.28548411581212,34.36862581775269],[126.28610763338826,34.36784366310818],[126.28585139932353,34.36570613352577],[126.28694024506194,34.36572272505951],[126.2883108199548,34.366200956833175],[126.2897169274688,34.36622126455894],[126.29073506091133,34.36606468495338],[126.29216812084861,34.36649851565011],[126.29195227837796,34.36696691880308],[126.29125725160887,34.36732975945885],[126.29011468772308,34.36836466614331],[126.2894234689259,34.36956270855549],[126.28850843039737,34.37029761433936],[126.2887329726632,34.370680774590355],[126.28909208098771,34.37092936544658],[126.28926842409317,34.371888006905266],[126.2899883461179,34.37208884390361],[126.28995395921507,34.37263923832325],[126.2912120763835,34.373248846065216],[126.29177747496466,34.37398703836545],[126.29252756314015,34.37437952058271],[126.2934554478233,34.37435965063393],[126.29433690248968,34.37415557435238],[126.29504831413959,34.373729178360634],[126.29488160278582,34.37358975398887],[126.29432582572383,34.37246949925207],[126.29416916553457,34.37212284435447],[126.29419551899099,34.37198045089146],[126.2944704513218,34.371839186885914],[126.294652187641,34.372038906201695],[126.29450904547275,34.37237238102071],[126.2946717535415,34.37225802560809],[126.29488584244338,34.37181061163367],[126.29598671137356,34.371359738410334],[126.29631711003131,34.369991632224405],[126.29766923257104,34.370130132390635],[126.29920594994233,34.37121124722611],[126.29958665081128,34.37128634873038],[126.30003212827131,34.37102576981227],[126.30222486839583,34.3710435252677],[126.3024488635159,34.371696686103824],[126.30197813025376,34.37219854603217],[126.30215817854322,34.37254086259625],[126.30349751994356,34.372345536959145],[126.30383282467523,34.37262587835679],[126.30401324974656,34.37406502997914],[126.30484586462268,34.374118061780436],[126.30660755346463,34.37388828103441],[126.30847438033409,34.373884801533364],[126.30856885752445,34.37471784086937],[126.3088974930933,34.37548940132419],[126.30879197449642,34.375885008231144],[126.30837437257958,34.37610219172815],[126.30774562064208,34.37606621385291],[126.3073246229505,34.37672493016398],[126.3074598236501,34.377335949188],[126.30812744606517,34.37768419355502],[126.30840723243175,34.37762628260902],[126.30768364497698,34.37922883147858],[126.30819119480265,34.37972367172244],[126.30795074719144,34.37989789327083],[126.30743506795099,34.37941457150679],[126.30617825685509,34.379645050765255],[126.30610601443203,34.379414140559525],[126.30568233003378,34.37949087978261],[126.305750917882,34.37974286329638],[126.30549537115719,34.37978599600517],[126.30544304869444,34.380145240268966],[126.30585688127199,34.380733181282935],[126.30639346772537,34.38051766506881],[126.30752869964394,34.38189312384936],[126.30972959786668,34.381506223875256],[126.31024660581639,34.38200433621044],[126.30996278701465,34.38242289704283],[126.30940672536227,34.382334233909766],[126.30835544007086,34.38297769565946],[126.3074993659551,34.383706666607125],[126.30694779303766,34.38460922931896],[126.3073605369945,34.385052296562336],[126.30737258942436,34.3854246348621],[126.30699327066839,34.385558105517426],[126.30609511824838,34.3849629376227],[126.30605772151394,34.38470032338036],[126.30563892721294,34.38471764868544],[126.30536952456312,34.384955143995604],[126.30482863131307,34.38494119497828],[126.30415252310175,34.384740460007045],[126.30473693815901,34.383821267093516],[126.30344595983486,34.38232018883712],[126.30328430879322,34.38232849761701],[126.30117867418785,34.38320895307029],[126.30032779946896,34.38289283961407],[126.29920897981802,34.38192142793467],[126.29891124246662,34.381950837132855],[126.29873809508327,34.38219133131262],[126.29817275791878,34.38212264815745],[126.29789598106893,34.382160017892794],[126.29842991940383,34.38231042729222],[126.29795052186518,34.38310886811933],[126.29795812428351,34.38346355835756],[126.29774623792551,34.384039778884905],[126.29727359917995,34.384079500403445],[126.29676005175233,34.384354577175024],[126.29653756040086,34.384743125703096],[126.29640013791364,34.38530048165278],[126.29647149706558,34.385381175393924],[126.29643626363514,34.38555419404369],[126.29634658403404,34.38561475027318],[126.29637901408101,34.38639236998657],[126.29676816292229,34.38645334945946],[126.29688734694342,34.386374113588566],[126.29803302036544,34.386820545797725],[126.2987387332795,34.38758419327727],[126.29948091233258,34.3880306652683],[126.29975601218545,34.38808967395675],[126.2997554877204,34.38818121264244],[126.29957096437253,34.38832033812954],[126.29969771132492,34.388561020499154],[126.30001524216691,34.38860700265172],[126.30022904537812,34.38853734732877],[126.30035564094501,34.38802681836172],[126.29985429754569,34.388178488879944],[126.29980282107621,34.38809123140306],[126.30068966130186,34.387730055796915],[126.30061130371135,34.387513729120336],[126.30071633333881,34.38746651792108],[126.30090234419414,34.38761702435005],[126.30129064535316,34.387429546465825],[126.30163081330362,34.38738384176961],[126.30219801046209,34.3875551492587],[126.30281446694849,34.38790977371229],[126.30306879589317,34.38794310944351],[126.30313264757412,34.388094817371886],[126.30331585095001,34.38804583243156],[126.3035529798515,34.38837515759468],[126.30427318961053,34.38882479270214],[126.30440295960305,34.388984519727046],[126.30414805255248,34.389177851729244],[126.30438087333273,34.38944916078672],[126.30326462252702,34.390096128438216],[126.3031987373807,34.39027951198916],[126.30333284380073,34.391418062178715],[126.30294311647154,34.39237122489365],[126.30220315230696,34.39276320162539],[126.30258695608858,34.39400525817747],[126.30235945934476,34.39458259550901]]],[[[126.32841235531671,34.39431648383443],[126.32914299057337,34.394533908387054],[126.32920344243541,34.39525204358773],[126.32900590239238,34.3955665542906],[126.32819526281854,34.395854643022965],[126.32703395056765,34.39530501911605],[126.32598786193807,34.395144813686656],[126.326052973144,34.39485173458265],[126.32673723772746,34.394304780252554],[126.32841235531671,34.39431648383443]]],[[[126.31428979149067,34.39527583693235],[126.31449712282017,34.39577940308054],[126.31495423740633,34.395952692962425],[126.31491307499874,34.39618599022515],[126.31448787120887,34.396508484442435],[126.31334531972857,34.39682970378102],[126.31303019621517,34.39665233901352],[126.31266472801707,34.39626739394789],[126.3125056784336,34.39532326331011],[126.31268295112595,34.395100811201914],[126.31308064818833,34.394898448189274],[126.31370897738391,34.394860027919385],[126.31428979149067,34.39527583693235]]],[[[126.30804676338846,34.396643185660565],[126.30782522604648,34.3968220926576],[126.30779032578388,34.39646129023586],[126.30812251665068,34.39633197673085],[126.30804676338846,34.396643185660565]]],[[[126.30722852875017,34.39729342716445],[126.30697239402603,34.39746455514553],[126.3069989020907,34.397239993703344],[126.30716066772995,34.39702501587878],[126.30751773832456,34.396958234135944],[126.30722852875017,34.39729342716445]]],[[[126.36676248588445,34.39777023556696],[126.3667975033899,34.39806267552186],[126.36672357418558,34.39807290210153],[126.36659334383073,34.39771316189964],[126.36676248588445,34.39777023556696]]],[[[126.30762779279192,34.397707894853575],[126.3077209503405,34.397935514725624],[126.30737129942037,34.39810420224068],[126.30701239525315,34.397963145284606],[126.30695846983694,34.39773892965473],[126.30723776375919,34.39766984131517],[126.30762779279192,34.397707894853575]]],[[[126.29908788231488,34.398084709600234],[126.29874380586749,34.39816332313428],[126.29871250798591,34.39813467582345],[126.29884639488866,34.39805202513089],[126.29908788231488,34.398084709600234]]],[[[126.35152349886789,34.398503403957534],[126.35155955062298,34.39878324217808],[126.35127745281365,34.39952558113079],[126.35073688151499,34.399673086893465],[126.3506136908565,34.39907560211147],[126.35070144723835,34.39852134574751],[126.35092814169552,34.3983436680811],[126.35117789228255,34.39831194853474],[126.35152349886789,34.398503403957534]]],[[[126.31407357297314,34.400093697874986],[126.31416328234155,34.40033449966368],[126.3138339844252,34.4004722742015],[126.31388343031556,34.39999271354747],[126.31407357297314,34.400093697874986]]],[[[126.10293844946317,34.39922996641475],[126.10291817048933,34.39944542082111],[126.1027970348814,34.39956749484907],[126.10256362603252,34.39939054291701],[126.10256729078101,34.39927053581627],[126.10278196070531,34.39919733030342],[126.10293844946317,34.39922996641475]]],[[[126.34944167401514,34.402102620630046],[126.34943203907706,34.4018571416289],[126.34957986960494,34.40176171796609],[126.34971946740059,34.40176725728971],[126.34976874210562,34.40199758676637],[126.34963759648974,34.40210255570287],[126.34944167401514,34.402102620630046]]],[[[126.01510816232879,34.40009241963652],[126.0150578699858,34.40033674934811],[126.01486681654669,34.40044168449608],[126.01448107713952,34.40036987635991],[126.0145005850135,34.40023293697484],[126.01494992974193,34.39990268434437],[126.01510816232879,34.40009241963652]]],[[[126.03619401036755,34.39931068726757],[126.03612909683001,34.399863917925074],[126.0362093161328,34.40047428077474],[126.03615464171912,34.40071534903415],[126.03593797518319,34.40087191087109],[126.0355011492409,34.40097205420547],[126.03532369366593,34.40093392019772],[126.03481148148563,34.40029349869225],[126.03430083065567,34.400198618089576],[126.03451748721899,34.39970833514349],[126.03486349245219,34.39949746842936],[126.03499197319222,34.39909024794478],[126.03515229585508,34.39902440343088],[126.03541994352467,34.39908992283489],[126.03557553179473,34.39894771708365],[126.03605805119638,34.39785153022018],[126.03602783218281,34.39721973816493],[126.03547096666753,34.39575186784274],[126.03524625004552,34.3946634482178],[126.03519340860234,34.394631589375614],[126.03492617388608,34.39487951505613],[126.03422773006808,34.394565827192466],[126.0340988022414,34.39437801547347],[126.03400820601398,34.39378194646383],[126.03421963312718,34.39346131465606],[126.0345713806687,34.393177244207024],[126.0347243795248,34.39328590250694],[126.03520060491445,34.39413027560072],[126.03526924082429,34.39455627948238],[126.03627324999452,34.39459472526353],[126.03760685790851,34.394383667930015],[126.03893142476134,34.394003355034855],[126.03919288404317,34.39378087624551],[126.03963913829443,34.39362094793924],[126.04051125626437,34.39344447772522],[126.0408559779532,34.39384496392762],[126.04090091979813,34.39423627248057],[126.04047782548307,34.39543053448099],[126.03941254081766,34.39730873965654],[126.03899093698375,34.39866684061771],[126.03759516195912,34.39936321640162],[126.03759582555475,34.39963920967481],[126.03676262638668,34.39964580394446],[126.03616788369033,34.39986993894099],[126.03623231505792,34.39948844315035],[126.03619401036755,34.39931068726757]]],[[[126.37052697782809,34.40347847676755],[126.37044331362304,34.40370127065502],[126.37021494434178,34.403843341651694],[126.37038319667144,34.40348488376125],[126.37052697782809,34.40347847676755]]],[[[126.36456794306896,34.40361599456273],[126.36459379414944,34.40369357239879],[126.36420286225199,34.4038261590318],[126.36431876112043,34.40364155137579],[126.36456794306896,34.40361599456273]]],[[[126.01205121349632,34.396922463054196],[126.01248339912543,34.39715442161515],[126.01263313784183,34.39755690739833],[126.01175070873906,34.39792469092823],[126.0115064262569,34.39838234807372],[126.01179017449223,34.399013680368554],[126.01246269644074,34.39933214482395],[126.01294761692911,34.399791586332135],[126.01305535129406,34.400328286850616],[126.01259527829434,34.40090225230683],[126.01180822416958,34.401201352261346],[126.01091782705323,34.40129946862437],[126.01044922809103,34.401892944519375],[126.01047237182154,34.40266307804593],[126.01097438371795,34.40296113157452],[126.01118520521325,34.40343245877214],[126.00999692629972,34.40426847299564],[126.0097033516121,34.404171048122116],[126.00931614259395,34.403584195820116],[126.00851642831913,34.39981466759534],[126.00909181946754,34.39901204370147],[126.00974956237735,34.3982740941132],[126.0104873496732,34.39712487686663],[126.01115752952799,34.396722798445296],[126.01205121349632,34.396922463054196]]],[[[126.04087054235396,34.40609329175071],[126.04053357179558,34.40639272949778],[126.0401548889335,34.40646882718884],[126.03995857059542,34.40634715220791],[126.03995135281133,34.40612817657713],[126.04107851682734,34.40531296936693],[126.04061125220345,34.40471787861822],[126.03942415428945,34.404423457740506],[126.0388521491751,34.40405577635106],[126.03919946420952,34.4030205588243],[126.03949308086237,34.40292508162422],[126.03980203735269,34.40292696052888],[126.03976177160271,34.402696448241706],[126.04012816466512,34.40206741365493],[126.0410463407766,34.40139582748152],[126.04148677501412,34.40076032061022],[126.04154905788963,34.400503985363244],[126.04108500538777,34.399989526460566],[126.04105364577411,34.39922006150301],[126.04129645065244,34.39873611001588],[126.04194718097149,34.39795229064095],[126.04231400922451,34.397329453889135],[126.04303635097074,34.39660556634102],[126.04335794376661,34.39638306294849],[126.0436158154718,34.396073279996074],[126.04394545001675,34.396108743821195],[126.04420897552187,34.39629926602367],[126.04423163335221,34.396083796082564],[126.044823349423,34.39623136215609],[126.04543353101629,34.39594390810808],[126.04548389153004,34.396002145835425],[126.04484788070339,34.39627067566287],[126.04489438320026,34.39647778937938],[126.04581172956433,34.397407887438725],[126.04595411358054,34.39750426168827],[126.04602925712629,34.39745353952495],[126.04613519946612,34.397491640527065],[126.0462471136926,34.397646368971174],[126.0461510667417,34.396954625021124],[126.04590071693225,34.39640222576737],[126.04563045736661,34.39625558087455],[126.04606475742924,34.396345824708874],[126.04600959526756,34.39637897196403],[126.04612470508802,34.39658632346912],[126.04648149258533,34.395921298936344],[126.04686440284813,34.39566355939658],[126.04728880883415,34.3951268274473],[126.0486359500594,34.394115309904514],[126.04916960843435,34.3940463678548],[126.04988256586515,34.394211267856996],[126.05036836084153,34.394148609865795],[126.0506463809628,34.39359852271643],[126.05094707543749,34.39340771091376],[126.05139149966224,34.39295049001035],[126.05117109247956,34.39266005268538],[126.05117585230552,34.3924640210816],[126.05145950662556,34.392275689732976],[126.05174274630183,34.39275074796306],[126.05239211178727,34.392951818662304],[126.05295686033615,34.39303030354723],[126.05422568204482,34.39304896601946],[126.05404770348714,34.39316410615143],[126.05405091543508,34.393595155629136],[126.05344761357496,34.39381179151946],[126.05342673432378,34.3940250236843],[126.05325235333947,34.39399346582852],[126.05206965722473,34.39434223241994],[126.05197763309326,34.394489198530096],[126.05203767109641,34.39548774693478],[126.05185782103715,34.39581601067376],[126.05157896318791,34.396077386205995],[126.05118914481731,34.39613249219666],[126.0510522669749,34.39627018510366],[126.05106200719815,34.39680631878049],[126.0508569474103,34.396785074845255],[126.05057328610175,34.396949462675906],[126.050721743613,34.39715540146152],[126.0506152330765,34.39722219853809],[126.05053607640644,34.39753665758946],[126.05058184810093,34.397909679364105],[126.05044338945558,34.398442488701946],[126.0502054487045,34.39871655542512],[126.0502786247881,34.399121222879906],[126.05054817008103,34.39956521318965],[126.05049927823616,34.40006402274904],[126.05039184436299,34.40030052311969],[126.05081048157167,34.40098090671396],[126.05024571345834,34.40118123022423],[126.04916130355917,34.40211347344997],[126.04866041985404,34.40268283292494],[126.0473977010505,34.4036018626138],[126.04719954320713,34.40445227745337],[126.04688461252722,34.40467234551676],[126.04659646046908,34.404180715442926],[126.04582538248803,34.40406181015251],[126.04564364967258,34.40444854242525],[126.04432762739762,34.40482101543816],[126.04407791544037,34.40504717519001],[126.04400360929084,34.40536832879047],[126.04378995837331,34.405479956167305],[126.04305109662502,34.405675836224795],[126.04250530307338,34.40569194055666],[126.04171586161772,34.40617476181088],[126.04126422794126,34.4062145493472],[126.04102203596217,34.406071837437594],[126.04087054235396,34.40609329175071]]],[[[126.35674860309778,34.40939661635163],[126.35672648928394,34.409483363088285],[126.35658327720338,34.409441078742475],[126.35658755060543,34.40938593281614],[126.35674860309778,34.40939661635163]]],[[[126.38071860517746,34.41196431787689],[126.38009242834836,34.412205557412335],[126.37966787802752,34.41173305278463],[126.38027276012419,34.41166192740784],[126.38071860517746,34.41196431787689]]],[[[126.35751284211207,34.41093883116602],[126.35756391438956,34.41140928470315],[126.35767979958945,34.41157619312657],[126.3576729673234,34.41173400921107],[126.35753915538177,34.41186399650236],[126.35763460805242,34.41187558662329],[126.35696272438598,34.41230728468286],[126.35692864383672,34.41209643747473],[126.35605473216023,34.411219042445026],[126.35566012607809,34.410986956471326],[126.35504556488962,34.410856616253696],[126.35499394433472,34.41076472063965],[126.35441156044263,34.410540932206594],[126.35400027001721,34.40977050885887],[126.3546009118784,34.40866136572002],[126.35465313816623,34.40838744020391],[126.35459377663801,34.408111698772345],[126.35450349870972,34.40795266621943],[126.35414487799162,34.40803290910498],[126.3540776153889,34.40846548133268],[126.35409389549687,34.40799972759491],[126.35372502765075,34.408118217436495],[126.35407382444198,34.40795934481911],[126.35347492979625,34.40692729177279],[126.35347949885035,34.406666158208424],[126.35331642965407,34.40642832249773],[126.35278795540543,34.40606278921061],[126.35267835562243,34.40613071796447],[126.35243006293554,34.405741094469505],[126.35242103044253,34.405682641899496],[126.35250781690918,34.4056746647043],[126.35227977070699,34.40530982985128],[126.35243508869846,34.405211341562165],[126.35188329297885,34.40508982818639],[126.35169834000331,34.404930552296015],[126.3518549016301,34.40493571054528],[126.35118183571765,34.40432869856851],[126.35110464569509,34.40408610591309],[126.35135152619502,34.40363034883982],[126.35121567708322,34.40342518808449],[126.35110489760716,34.40344627007864],[126.3511174910668,34.40338448881851],[126.35145139309009,34.40321883754213],[126.35131213414844,34.403343524845425],[126.3513289764077,34.40346780652457],[126.35157682513761,34.403357677433384],[126.35168033247221,34.40339940519565],[126.35170869405455,34.40319284525771],[126.3523564784654,34.40330987462292],[126.35297768572265,34.40355363822506],[126.35355773215215,34.40410358219205],[126.35366588724767,34.40440614821484],[126.35411352669497,34.40490149100949],[126.35410125866264,34.40498905564531],[126.35430882299269,34.405074024164314],[126.35526458532148,34.40504278335178],[126.35507540341163,34.40520067291767],[126.35521687794362,34.40526987601829],[126.3554113403311,34.40564753601468],[126.35566489442053,34.4058594883366],[126.35555019205803,34.406184151527235],[126.35573336516164,34.4059973923004],[126.3559099586715,34.40620840607366],[126.35608463153905,34.40627164448199],[126.35681704146427,34.4060651351178],[126.35709023200717,34.4062018451194],[126.35712621223253,34.40626964303513],[126.35684968322987,34.406529921243795],[126.3568077403084,34.40674609230137],[126.35690187069277,34.406847081383155],[126.35735747005027,34.40685571865333],[126.35726516665324,34.406998760885706],[126.35685322001683,34.407247238216804],[126.35669544865489,34.40758489971439],[126.35684086351826,34.40757497478762],[126.35689323742587,34.407720401475395],[126.35715259841704,34.40788128736169],[126.35720601423868,34.40801716407705],[126.35709516609177,34.40824662923069],[126.35693920519533,34.4083182929838],[126.35700024180971,34.4085028429051],[126.3568568833751,34.408647175340995],[126.35686838682973,34.40884477868901],[126.35650718393798,34.409357672564134],[126.35655939052826,34.40951362735443],[126.35675995785171,34.40962917694809],[126.35683049943155,34.409872073465884],[126.35672470823663,34.41006571436289],[126.35690560664682,34.410118185104835],[126.3568878917161,34.41023125019034],[126.3571085493756,34.41059232349639],[126.35742973121651,34.41084832130218],[126.3575420301823,34.41083441715548],[126.35751284211207,34.41093883116602]]],[[[126.36721004681253,34.41700257718769],[126.36666881346952,34.4171342384957],[126.3659552313631,34.416991819377515],[126.36565708673763,34.4170557421614],[126.36535904081754,34.416126696261685],[126.36491229388655,34.41591911357123],[126.36461007949599,34.41560048453305],[126.36395723270213,34.415290061199634],[126.36384550947888,34.41511993520892],[126.36386309324044,34.414882595274044],[126.364064439837,34.41477367719535],[126.36400111717774,34.41457814836981],[126.36426386267166,34.41454687581163],[126.3643118173823,34.414716471027816],[126.36519250408978,34.4145745696671],[126.36541552048881,34.41414597438558],[126.36539357694471,34.413859182708705],[126.365161187029,34.41392843122061],[126.3648822106165,34.4134778889687],[126.36440568526007,34.41320452426957],[126.36393778152183,34.41375643062685],[126.36445478321399,34.41306541648686],[126.36458107236551,34.412751487603906],[126.36478870543701,34.412637507818175],[126.36506331128867,34.41263495216292],[126.36564494580335,34.412257656466195],[126.36613514223495,34.41218140765963],[126.36623684552566,34.412085760536144],[126.36603360003733,34.411933505643916],[126.36620359400065,34.41158087754578],[126.36616105895409,34.41143793080371],[126.3662703597958,34.41135868432426],[126.36619893184766,34.41135733089022],[126.36617390749213,34.411202990651134],[126.36610402279844,34.41124497766665],[126.36531812619639,34.41068336780643],[126.36527966846026,34.4103167211591],[126.36606557679198,34.409887985021044],[126.36638865523696,34.40957531025254],[126.36702022466137,34.40951408844032],[126.367866506923,34.40966761815506],[126.36842876892652,34.409429076280745],[126.36872962604755,34.40938237813561],[126.36951640436699,34.40898488625671],[126.37043834728324,34.40886977036154],[126.37097812923871,34.40865546681379],[126.37192308203907,34.408609905687634],[126.37212835147777,34.408977381617845],[126.37279496235051,34.409626361415725],[126.37271582015694,34.41005735084604],[126.37288685886351,34.4100552098476],[126.37310290802037,34.41018500107753],[126.373267216275,34.41112404294347],[126.37319994769166,34.411395618735796],[126.37331322149093,34.41149698202606],[126.37388373804927,34.41167034625093],[126.3738762044151,34.41242133831949],[126.37374649744471,34.41286698777428],[126.3734648646734,34.41315769203744],[126.37296090809495,34.413101801661234],[126.37287850768197,34.41301557871711],[126.37264075382608,34.41309924608679],[126.37261634611032,34.41387101957179],[126.3719041592059,34.41480047913726],[126.37174014042468,34.415179585226056],[126.37125023220885,34.41541440407619],[126.37005919495704,34.41644965738155],[126.36904039311554,34.41675973844425],[126.36851631985893,34.41709039147554],[126.36797570047996,34.417078777088285],[126.36729195954406,34.41694418255891],[126.36721004681253,34.41700257718769]]],[[[125.99132334705041,34.42066961257708],[125.9911533105531,34.4207174524615],[125.99006574844215,34.42061027380842],[125.99015639398834,34.420399497659204],[125.99052579079603,34.42026146198406],[125.99111522463609,34.41973923060807],[125.99123271153539,34.41981159291828],[125.99137105425619,34.420465313610954],[125.99132334705041,34.42066961257708]]],[[[125.98979874138624,34.42379717452323],[125.9899411389263,34.424127313763165],[125.98843148716722,34.42414582830501],[125.9873864041181,34.42426498843653],[125.98634595138945,34.42401971000671],[125.9864219483181,34.42370438666872],[125.98737759772936,34.423568159675455],[125.98841022561224,34.42321559275334],[125.98979874138624,34.42379717452323]]],[[[126.00691085810459,34.425182897784765],[126.00703861971135,34.42534293703592],[126.00703921576961,34.42541846236311],[126.00682322960705,34.42518149113267],[126.00691085810459,34.425182897784765]]],[[[126.00803447532172,34.42706418520354],[126.00802711750237,34.427349603263885],[126.00762916522889,34.427356781625214],[126.00715066142915,34.4270898869931],[126.00666333009451,34.42708358057278],[126.00633767734786,34.42689975626068],[126.00568765006858,34.4268366040559],[126.00544822067039,34.42663913785393],[126.00505452336708,34.426650128453055],[126.00486994639543,34.42654232991962],[126.00484055166795,34.426065783330664],[126.00459767090717,34.42571861659263],[126.00501523519671,34.425283652505584],[126.00523999477497,34.424836516067856],[126.0053492060604,34.42480298052999],[126.00587254128452,34.4249093175957],[126.00614529138852,34.42506231695349],[126.00668563665536,34.425572343082806],[126.00667360176756,34.42593081871673],[126.00681636058445,34.426260247695225],[126.00787374231118,34.42680255119835],[126.00803447532172,34.42706418520354]]],[[[125.98340806127547,34.42749467179898],[125.9830107104412,34.42765573608534],[125.98305042283602,34.42779965259222],[125.98294212587926,34.427824035377775],[125.98256787147012,34.427659313134],[125.9833736018015,34.42745760737283],[125.98340806127547,34.42749467179898]]],[[[126.08384897756152,34.42583054426506],[126.08401571117176,34.425852293339005],[126.08418914862176,34.42642060627286],[126.08406593915227,34.4283496432067],[126.08353342799782,34.42867127721983],[126.08303434948142,34.42919225676069],[126.08285896779536,34.42887749757788],[126.0822529777182,34.42661867094816],[126.08265062797781,34.42581814982172],[126.08333483030528,34.42572558253804],[126.08384897756152,34.42583054426506]]],[[[126.09537218728548,34.439578178906125],[126.09549177215736,34.439686901828466],[126.09516061363792,34.439903592385924],[126.0949182738487,34.43967346634341],[126.09473396469784,34.43964727479687],[126.09464717901953,34.43942725258661],[126.09477197037843,34.43927041125634],[126.09511102791619,34.439554384171736],[126.09537218728548,34.439578178906125]]],[[[126.0896467163865,34.43734466726792],[126.08982357942328,34.43808898150891],[126.08952881250896,34.43823398572689],[126.08951610783929,34.43841497729192],[126.08981780699612,34.43845822330547],[126.08997282565099,34.43868458062169],[126.08993228342905,34.43912575797313],[126.08945629094995,34.439422327913014],[126.08944109716408,34.439972576578995],[126.08872584513729,34.44021789806907],[126.0883079897858,34.43878184543797],[126.08829333983192,34.43826725956165],[126.08841291185627,34.43772193681758],[126.0889939178473,34.43716140724328],[126.0896467163865,34.43734466726792]]],[[[126.0921078668871,34.44020949784271],[126.091891918654,34.440275615542845],[126.09167339692772,34.4401023145563],[126.09191055129352,34.44009133257963],[126.09223940593648,34.43991540501723],[126.09227987675528,34.43998301495682],[126.0921078668871,34.44020949784271]]],[[[126.093309639557,34.440358157545795],[126.09339971001454,34.44050059276044],[126.09309066149456,34.44047104758985],[126.09312766181955,34.44032757294069],[126.093309639557,34.440358157545795]]],[[[126.09452730595063,34.44186082048725],[126.09372334553697,34.442500380231195],[126.0936724948646,34.44276653460428],[126.09341461105262,34.44305258752544],[126.09311716842821,34.44297023321831],[126.09290576574857,34.44273143605678],[126.09318907375346,34.442390469238894],[126.09340027898816,34.4422643426161],[126.09387632820373,34.441651837195266],[126.09426865996178,34.44161794336526],[126.09452730595063,34.44186082048725]]],[[[126.06191465994542,34.44291594131376],[126.06210794710496,34.4421823837403],[126.06204394405826,34.441927115542164],[126.06252847536551,34.44096750122132],[126.06259403630189,34.44066431708227],[126.06310348504525,34.4403252019261],[126.06332040347603,34.43958431450504],[126.06363990611393,34.43922315128781],[126.064548440097,34.43941150757583],[126.06504057736606,34.43909063142236],[126.06542446943287,34.43893922964246],[126.06573147788082,34.4391883963881],[126.06503041212581,34.44145597265708],[126.06530589903672,34.44236344758133],[126.06506973177466,34.4427054579717],[126.06450253578625,34.44284844100418],[126.06286902724312,34.44276947049561],[126.06238618113943,34.44291171190004],[126.06224864713106,34.442800295153],[126.06191465994542,34.44291594131376]]],[[[126.0989906877311,34.4439655037812],[126.09901310068716,34.44403442952573],[126.09875319492606,34.444171897761045],[126.0986766139327,34.44414179286902],[126.09890901540807,34.443916107123506],[126.0989906877311,34.4439655037812]]],[[[126.36406580965044,34.44835876372239],[126.36439415155088,34.44923982042701],[126.36348251678676,34.44905599659394],[126.36375769318776,34.44864177797696],[126.36406580965044,34.44835876372239]]],[[[125.98429689899938,34.45373509967349],[125.98445814276924,34.45420482152742],[125.98434704408001,34.45433184315868],[125.98414918023602,34.45412710979486],[125.98418292523483,34.45366939428934],[125.98429689899938,34.45373509967349]]],[[[126.00093401902886,34.45263198482045],[126.00075552119989,34.453236397457346],[125.99974286918405,34.45378369771666],[125.99919439769401,34.454786987385425],[125.99847125551608,34.45493831701662],[125.99776919595163,34.45425137880705],[125.9983271190043,34.45269533876852],[125.99869227381107,34.4525453018583],[125.99978197557489,34.45257083815683],[126.00052948698254,34.452259366264926],[126.00093401902886,34.45263198482045]]],[[[126.11005745956825,34.45504287064837],[126.10944440219903,34.456060356812245],[126.10911950003675,34.45637457345393],[126.10854200446535,34.456071356447566],[126.1086495681133,34.45558431181313],[126.10903586570706,34.454736119909995],[126.1097789365021,34.454528427707686],[126.11005745956825,34.45504287064837]]],[[[126.04195259217738,34.45605291974515],[126.04228431975635,34.4562284678176],[126.04248202889019,34.4564530193482],[126.04247315293122,34.456939108876],[126.0419241727361,34.45769267354514],[126.0413517016785,34.45757215838717],[126.04182013605362,34.45595668191697],[126.04195259217738,34.45605291974515]]],[[[125.9858759737831,34.45744177158042],[125.98564356341956,34.45756824623649],[125.98491217258146,34.45722714098688],[125.98447810312196,34.45755636666922],[125.98420157222985,34.45754295172492],[125.9843357682503,34.45716638759801],[125.98418876318989,34.45650385600801],[125.98422394942334,34.456146344104255],[125.98456698216133,34.4559070256041],[125.98484174766429,34.45508599196048],[125.98524626778818,34.454685902834065],[125.98576792687543,34.45483863638671],[125.98554943125598,34.45553479006687],[125.98620661884087,34.455785747503505],[125.98616141289794,34.45608800170916],[125.98569993259066,34.45653844188565],[125.98587876042583,34.45705969711428],[125.9858759737831,34.45744177158042]]],[[[126.02712710003156,34.45698796981912],[126.02770123697076,34.45742590663009],[126.0276950653356,34.45804661454642],[126.02675890467408,34.45865443999208],[126.02655608784221,34.45892875387028],[126.02685178497218,34.459445096176175],[126.02657672081386,34.45970313148716],[126.0259469749071,34.45920535177744],[126.02574152036169,34.45835515075197],[126.02593306827119,34.45772209474076],[126.02650291539194,34.457446634893124],[126.02642753920327,34.456895622893825],[126.02677458465696,34.45675991526155],[126.02712710003156,34.45698796981912]]],[[[126.03648580271752,34.4610757142671],[126.03629237102676,34.4613708059121],[126.03614707152673,34.46139937825932],[126.03639697476625,34.46103808224981],[126.03648580271752,34.4610757142671]]],[[[126.09615244253179,34.456862769663324],[126.09597028704425,34.45707612049264],[126.095702781874,34.457184472585865],[126.09577926646786,34.457232561944835],[126.09568060534012,34.45729920303326],[126.09542957272537,34.457297946941274],[126.09522660126841,34.457570275379574],[126.0948842281855,34.45820471504804],[126.09485766919595,34.45842776323606],[126.09432436106088,34.459121919322044],[126.09400366968225,34.46008575986241],[126.09358221942098,34.46048331093673],[126.09308701522133,34.461647274332435],[126.09258281617112,34.461903567798885],[126.09167294798372,34.46133826413017],[126.09172509355433,34.45980158264254],[126.09212710564542,34.458820423926646],[126.0926611460725,34.45812344351009],[126.09312688799409,34.45717241142743],[126.09312974377379,34.45686143448196],[126.09373012265449,34.45626506232527],[126.09497694689917,34.45610500852779],[126.09544900003915,34.45595459936165],[126.09592945530567,34.455670858709766],[126.09719810772387,34.45511601434834],[126.09775033516732,34.45498842711912],[126.0988184923931,34.455204662487056],[126.09927584093052,34.45501294404026],[126.1001494140139,34.454109359564484],[126.1019266868111,34.45448659433611],[126.10219909950987,34.45448230631161],[126.10262684017435,34.4548499854175],[126.1035843248218,34.45464747670298],[126.1038800896895,34.45476230769079],[126.10372231016143,34.455161983316984],[126.10333247638184,34.45548347792099],[126.10223792986443,34.455878997961506],[126.10155365274424,34.45644937497556],[126.10061961810068,34.45650574907572],[126.10025805891601,34.456375578900534],[126.09996766033036,34.4566848781237],[126.09964293431102,34.456826349740915],[126.09996576815043,34.45663817069407],[126.10013757615297,34.45642769417348],[126.09969922930163,34.45619559173841],[126.09924018342757,34.45617832331564],[126.09820734310654,34.45646176530496],[126.098000112202,34.456802223248],[126.09809497195069,34.45689635618466],[126.09781320630988,34.45678318317796],[126.0974001473528,34.456919317534656],[126.09697391200012,34.45677353362286],[126.09690294358751,34.45688599234075],[126.09670785441996,34.456916377894096],[126.09615244253179,34.456862769663324]]],[[[126.03596172401717,34.461551704481344],[126.03586266953856,34.46167729107202],[126.03580191624667,34.46166826582057],[126.03591968954002,34.46151241348595],[126.03596172401717,34.461551704481344]]],[[[126.05058041662383,34.462191842210984],[126.05030990879432,34.4624029851888],[126.05015729135594,34.462134763084336],[126.050230543825,34.46208302407252],[126.05044179421772,34.46217987485465],[126.05054891991425,34.462108450878645],[126.05058041662383,34.462191842210984]]],[[[125.9911635223947,34.463410811602394],[125.99086144843787,34.46357003624438],[125.98945280573943,34.463380643758036],[125.98900009916467,34.46338724343396],[125.98854914880236,34.4635169521032],[125.9881218703713,34.46349783474563],[125.98775109389123,34.463125138889836],[125.9876079820602,34.46242023277854],[125.98715515128112,34.46223955736045],[125.98704174511865,34.46196653572398],[125.9872533577145,34.46166906943387],[125.98879842074992,34.461767925987324],[125.98949354789472,34.46162310200081],[125.99001972998195,34.461879670226416],[125.99059921055982,34.46262729484908],[125.9911402343465,34.46301136788653],[125.9911635223947,34.463410811602394]]],[[[126.38475326417819,34.474488291661196],[126.3845560708876,34.47511878965644],[126.38423935796692,34.47536468956084],[126.38402506812663,34.47508783966434],[126.38433944349026,34.47434612888434],[126.38458331014188,34.474209791380105],[126.38475326417819,34.474488291661196]]],[[[126.0748627291953,34.48695422236257],[126.07492573153732,34.48721576690576],[126.07484119740022,34.48745715504803],[126.07463863711382,34.486952162558346],[126.0748627291953,34.48695422236257]]],[[[126.16831628944081,34.48645015312889],[126.16873249274991,34.48679745834009],[126.1689064927793,34.487322972778934],[126.16909143794592,34.48750415595962],[126.16917518338734,34.487982388738175],[126.16914205812755,34.488542197296155],[126.16922402142389,34.48875826692672],[126.16906305943324,34.48922112245392],[126.16897206376584,34.489369570418106],[126.16850575904945,34.48945687762763],[126.16826174571902,34.48935613923031],[126.16835642652579,34.48922369008242],[126.16815857972838,34.488777490599865],[126.16759326752054,34.488146841530316],[126.16714267349008,34.48723741570564],[126.16709452836552,34.48670881890488],[126.16722590193227,34.48658111013441],[126.16777626513776,34.48645345661099],[126.1678279966918,34.48636591201222],[126.16794561871511,34.48640570968256],[126.16815375796703,34.486317645043506],[126.16831628944081,34.48645015312889]]],[[[126.14753889999662,34.48950122950963],[126.14778229301656,34.48969245303962],[126.14748675448355,34.489691208540464],[126.1471661415191,34.48946384766578],[126.14720116092214,34.48942782841756],[126.14753889999662,34.48950122950963]]],[[[126.08322665899124,34.48536858529611],[126.08451918270623,34.48584486081946],[126.08612217079035,34.486786720565746],[126.08656938744717,34.48715565528349],[126.0864002275559,34.48811544807884],[126.08698330968167,34.48852479023646],[126.0869868235576,34.489010777109506],[126.08755754369817,34.4899224984563],[126.08682994439215,34.49049112864296],[126.08707981324412,34.49087143843677],[126.0867014129049,34.49184345687782],[126.08622918177295,34.49246347292216],[126.08530873651542,34.49314606587062],[126.08296998851826,34.492919968343905],[126.08006659169072,34.49179088983587],[126.07894127496763,34.490634722832475],[126.07904486466275,34.49052373873824],[126.07870420073202,34.489421345472834],[126.07850725341946,34.4884141530161],[126.07813518345118,34.48763905781749],[126.07866404323255,34.48709618359063],[126.07960388221504,34.48654341832974],[126.08049963606352,34.48539885166288],[126.08088902811092,34.48527710194088],[126.0809731927838,34.48503286712911],[126.08144229506675,34.48476485777828],[126.08322665899124,34.48536858529611]]],[[[126.10418213126103,34.494486514062984],[126.10362755460892,34.49458220917718],[126.10357613639484,34.49443166494118],[126.10336155957404,34.49435451363704],[126.10324011654599,34.49440491146832],[126.10271168753583,34.49407874390086],[126.1027084951507,34.493934872884175],[126.10200524329537,34.493931375322376],[126.10166283523661,34.49378704425028],[126.10202959432115,34.49294201904136],[126.10200012866393,34.492158681187775],[126.10226648547831,34.49152601914085],[126.103779224433,34.49131881812694],[126.10394747390107,34.49118426492858],[126.10432245407902,34.49124677302036],[126.10563471117322,34.490652902785435],[126.10681301051801,34.49033843157089],[126.109529152233,34.489839854911985],[126.10961707095515,34.49036980714468],[126.107821189509,34.49217212719115],[126.10612073378826,34.49428705304916],[126.10544527835316,34.49416402613101],[126.10464434830041,34.49420083280222],[126.10439757191996,34.49424418231783],[126.10418213126103,34.494486514062984]]],[[[126.04751937388328,34.49449118719518],[126.04727555253007,34.49461378606739],[126.04706218559593,34.49446659649323],[126.04715129906825,34.49436703783967],[126.04751937388328,34.49449118719518]]],[[[126.05700922103772,34.49682234383533],[126.05664702507666,34.49719120369117],[126.05594415586044,34.49732063583423],[126.05514865896261,34.49781091955867],[126.05487559455501,34.4980799572006],[126.05454726600517,34.4980982899491],[126.05440022292906,34.49788787943116],[126.05367689732007,34.49738999408967],[126.05341637873691,34.497106310086615],[126.05179343258482,34.496133266304426],[126.05114594647407,34.496120931167326],[126.0490381545802,34.49568072384672],[126.04714835474886,34.49601308504827],[126.04680898251219,34.495765819147564],[126.04698257664911,34.49548244748064],[126.04688072179846,34.49509778726822],[126.04719432981057,34.494915204653665],[126.04748730409007,34.4946199103177],[126.04939446630014,34.49432512328504],[126.05056789337283,34.49353404349226],[126.05101837418506,34.493117933279535],[126.05188943593409,34.492503904736374],[126.05183888789307,34.49219080419093],[126.05139443096868,34.49176262373999],[126.04965488336313,34.49157249237363],[126.04950514253434,34.49178551875108],[126.0488342593548,34.49168438091506],[126.04677400913347,34.49164489353953],[126.04611358348133,34.49191308445591],[126.04591089267072,34.491744099165906],[126.04497812311305,34.49162278285143],[126.0452317032386,34.488878139425324],[126.0448144457549,34.488599872076136],[126.04454439943915,34.487178435580645],[126.04415055689728,34.486576283785446],[126.04301889131355,34.484275518422834],[126.04264225332831,34.48414789928245],[126.04231750123694,34.48304512702493],[126.04204236413926,34.48302242437341],[126.04151453129828,34.48244339692785],[126.04166805026371,34.4819206854591],[126.0412666544694,34.48176602374497],[126.04097752231004,34.48141664618335],[126.04106660429909,34.48119097525646],[126.04071133134745,34.48098722283512],[126.0405142353531,34.47990150305578],[126.04015193197232,34.47946474246594],[126.04029512736126,34.479421050549],[126.04025461576371,34.47926321062277],[126.04016531181628,34.4792453364234],[126.040137247783,34.47898451815859],[126.03981933256037,34.47906165681264],[126.0395925762648,34.47925295446046],[126.03955697603931,34.479055211501574],[126.03965777300488,34.47893471104843],[126.03960123245444,34.47888470660678],[126.03965895167264,34.47869160112057],[126.03980288483082,34.47866605193455],[126.03986747523882,34.478564691797715],[126.03973917442025,34.478472504743955],[126.03943455355261,34.478671806907265],[126.03937593439584,34.47880955864771],[126.03923277991548,34.47880232918875],[126.03902463623814,34.47897849342121],[126.03874165092147,34.479075500950856],[126.03841567016367,34.479582571768525],[126.03692821803179,34.47978559426385],[126.03668476693345,34.47947940211005],[126.03581379774879,34.47973066954491],[126.03488126982828,34.47956733657269],[126.03443833182111,34.47958022951279],[126.03412593066429,34.479790129381676],[126.03417174779044,34.48028709622195],[126.03406936725955,34.48063827708086],[126.03301022379412,34.481317267540646],[126.03305350204232,34.481865748038736],[126.03288269486391,34.48211461653068],[126.03279123541932,34.48307797508331],[126.03253599546672,34.48337108194929],[126.0319928077979,34.48348786959174],[126.0320281925287,34.482561367296384],[126.03265847973695,34.48237309409943],[126.03251301473043,34.481868513304704],[126.03260922212364,34.4817450618922],[126.03218636869299,34.48147073672323],[126.03178764914153,34.4810657981801],[126.03248939250761,34.480064598260476],[126.0339431503189,34.47955396473912],[126.03440216275956,34.479310187660225],[126.034415454489,34.47894971114884],[126.03457870123174,34.478716446972975],[126.03525081006468,34.47832488047192],[126.03516539389835,34.47712959438152],[126.03538270674399,34.476915586876395],[126.03668930396503,34.4770954893278],[126.03720824246625,34.47684847863392],[126.03747267083152,34.476541633260005],[126.03846680954706,34.47638867626899],[126.0392917483206,34.475910719065546],[126.03949780588374,34.47562442154131],[126.03918364069528,34.475251730475094],[126.03919141094703,34.47464403385676],[126.03959001841528,34.474196979902004],[126.04008529492833,34.47416872302142],[126.04037442968504,34.47392868862895],[126.04078783265638,34.474197602109385],[126.04105728888467,34.47402670284802],[126.04073900172037,34.473249962066575],[126.04091743657122,34.47251503807652],[126.04087478754553,34.4723073694475],[126.0401807900621,34.4715046429631],[126.04021307651213,34.47122329612736],[126.04040820265638,34.47100722982194],[126.0405339035141,34.47098822474561],[126.04039343485212,34.470832348171776],[126.04062284931992,34.47063484971863],[126.04059622750651,34.47043155256899],[126.04085349707071,34.470215613401066],[126.04070909627109,34.470431448178005],[126.0409620235165,34.47089856389916],[126.04173260767418,34.470900451915355],[126.04252756564767,34.469425960655734],[126.04278989960044,34.4692594724032],[126.04232236940386,34.46919680753309],[126.04184201086966,34.46881909607931],[126.0424963112516,34.46807709584881],[126.04240671224323,34.46786048684819],[126.04164149778192,34.4674432660701],[126.04104244426348,34.46613622865398],[126.04023939179969,34.46593902492886],[126.03984482362407,34.46649416594362],[126.03973130750282,34.466482852621716],[126.03901915430829,34.46599829192208],[126.03964523509103,34.46438148076353],[126.03875477375263,34.464542990531434],[126.03844497429756,34.464046964482094],[126.03821148060511,34.463098922026305],[126.03760549212019,34.46335237316876],[126.03691336316969,34.46377680647028],[126.03629877698619,34.46340535175914],[126.03594421658521,34.46370776091878],[126.03588041203803,34.46324333652257],[126.03559979666727,34.463003769112454],[126.03605772789915,34.4625505507983],[126.03641177077081,34.461897298641574],[126.03683745043868,34.46179943864108],[126.03796637569691,34.46185471876618],[126.0384186827867,34.461619525644366],[126.03945780995328,34.46144631574542],[126.03991133637071,34.46214176257769],[126.04053565887574,34.46219313025285],[126.0407873812989,34.46211149358804],[126.04101659695472,34.46178469376229],[126.04175450716505,34.46118036775468],[126.04172574335544,34.46109576073473],[126.04194559546126,34.46092288285836],[126.04149134732836,34.46064709027192],[126.04128968075315,34.4602580794901],[126.0416496845828,34.46019122717838],[126.04212280315595,34.4594449653302],[126.0430378840241,34.45961980525575],[126.04336139129495,34.460851777748104],[126.0435524135094,34.46122087069319],[126.04410394470193,34.461498409091405],[126.04402371505479,34.46160717622343],[126.04552169243766,34.4619327975503],[126.04625473198463,34.46287622180237],[126.04743254851113,34.462718720718414],[126.04645977420412,34.462933116374145],[126.0465753335346,34.46296250368602],[126.04694636745099,34.46359292862571],[126.04662188209197,34.46372995133449],[126.04652916643215,34.46387252468275],[126.0464304287511,34.463705740230516],[126.04680213620979,34.46478197333915],[126.04692216875851,34.46569697879725],[126.04761493540602,34.46600959650232],[126.0489780658281,34.46608659596615],[126.04942657908559,34.466033472033544],[126.05002153764855,34.467041466221836],[126.04971367894655,34.467482979243414],[126.04948572242336,34.4676678236141],[126.04937521222558,34.46786407476635],[126.04942319092878,34.46790884298777],[126.0499241802171,34.46770740199721],[126.05038828682223,34.46771283455675],[126.05080157027379,34.4678312227249],[126.05090871896321,34.46760285383295],[126.05158112474949,34.467370305964415],[126.05229785738408,34.467254930618985],[126.05296476823744,34.46749605177008],[126.0531471928643,34.467698824619816],[126.05324306719449,34.46826188750273],[126.05297676122373,34.468214886102096],[126.05253309257678,34.46850747570584],[126.05225716445256,34.469044116609176],[126.05191701216289,34.46918141008663],[126.05065135316536,34.469351584133946],[126.05066756729967,34.469513090054114],[126.05078196399214,34.46961043087737],[126.05144812368106,34.469896039186004],[126.05162980846148,34.469944225327964],[126.05193583983397,34.46976396776789],[126.05217040951433,34.46973335680296],[126.05222577726974,34.46981787049295],[126.05227561574306,34.47005431931223],[126.05206653105607,34.47006994862616],[126.05171316774695,34.470279675496066],[126.05187180741252,34.47078282319375],[126.05181430386284,34.47096565155663],[126.05204985529949,34.47178386303242],[126.05249107143648,34.47256836253127],[126.05274413632128,34.472739215446026],[126.05284166942351,34.47294233033495],[126.05335105747496,34.473048313250715],[126.05352786551659,34.473218536991425],[126.05383916600627,34.47324400885928],[126.05402452503684,34.473355976834505],[126.0544024852383,34.47337639320836],[126.05506990393724,34.47326881387837],[126.05587921440603,34.47331912923601],[126.05671037828648,34.473117672480925],[126.05699515989775,34.47332233940302],[126.057358749923,34.473317927896204],[126.0574949566474,34.472971963191036],[126.05820172159176,34.473555521891335],[126.05819741635477,34.473742748035185],[126.05841737540575,34.47393097445836],[126.05945245322538,34.474374328904794],[126.06014835541393,34.47431550946907],[126.06054726465752,34.47454045443284],[126.06105482388558,34.47507321001153],[126.06105334797475,34.47531732812976],[126.061226817279,34.47553764269231],[126.06178203032736,34.475860588550745],[126.06200026691815,34.47615710001122],[126.0623762482568,34.47623014614455],[126.06236968559166,34.47629808023153],[126.06275694162265,34.47657940198535],[126.06324532971152,34.47670532016513],[126.0636083826068,34.47662763730689],[126.06407778997593,34.47665126750609],[126.06422457735307,34.47658561651592],[126.06450345133202,34.47667878819695],[126.06469094673487,34.476582070523854],[126.06491149284572,34.47640894067916],[126.06482621203673,34.4763308288405],[126.06499582177017,34.475799619010424],[126.06479837118998,34.47526877862443],[126.06499412749383,34.47516400200939],[126.06537484736623,34.47522681713977],[126.06605222553202,34.47572318258866],[126.06614921442097,34.476202646988014],[126.0656776253544,34.47631708642656],[126.0655190960043,34.47625979576141],[126.06526682764519,34.47641976651436],[126.06523240412534,34.47646997293131],[126.06565547535686,34.47684451355669],[126.06537203021564,34.4766468357846],[126.0646804338286,34.47726759514567],[126.06429052209475,34.47751404494963],[126.06436550501225,34.47801776108006],[126.06467189002475,34.478482047362036],[126.06540191498294,34.47874880651989],[126.06595635446878,34.47883036552943],[126.06646038628443,34.479123629704894],[126.0670107354295,34.47965636354136],[126.06736177228366,34.480276793589624],[126.06773002388215,34.48022500888963],[126.06821631987007,34.48042213900868],[126.06867034170052,34.481212086967275],[126.06931536262668,34.48118843326914],[126.06994419360106,34.48130901393254],[126.07036361886702,34.48167188235374],[126.0701992279035,34.48210564236084],[126.06966168045159,34.48244785879787],[126.06946076877462,34.48267258128774],[126.06878014236125,34.48292101943776],[126.0686440502727,34.48277130194528],[126.06846547921909,34.48295827087165],[126.0683865861893,34.48318842099168],[126.06767629538327,34.48314805751235],[126.0671275524423,34.48364346209798],[126.06678784242892,34.48356609251405],[126.06658077013158,34.48367467023536],[126.0662425890684,34.48368468465017],[126.06601714524977,34.48346223971489],[126.06572756229143,34.48332182754047],[126.06560156439595,34.48304749173948],[126.06564574308291,34.48284042423874],[126.06539369395755,34.48281428215748],[126.065087121679,34.48261152293446],[126.06500853122695,34.48233546745517],[126.06398772014809,34.482180837828345],[126.0635614731596,34.48183159687289],[126.06300275507685,34.481172063059105],[126.06208621549423,34.48054802398203],[126.0615365203445,34.48003013756761],[126.06115575431387,34.47950112697929],[126.06126457833999,34.479429914312355],[126.06118868585655,34.479371748320325],[126.06060261993203,34.47943716982525],[126.06021082152924,34.479644164069626],[126.0598896104505,34.47971954490257],[126.05970168886942,34.479654475454424],[126.05884906283107,34.47994237589651],[126.0585651555844,34.479834684838046],[126.05837300620722,34.47964624062754],[126.05819048583405,34.47928223042707],[126.05791799304167,34.479202254229065],[126.05715123256229,34.479350663255936],[126.05670429552808,34.47964042943777],[126.05438232574025,34.48153642480244],[126.0540775501472,34.481873750323174],[126.0543785817653,34.482057501283585],[126.05449839875568,34.482321515383866],[126.0544359058994,34.48260460591601],[126.0549202998758,34.48328849961101],[126.05508155636505,34.48340363258765],[126.05527820319165,34.483443537200635],[126.05521771941474,34.483397484605135],[126.05705513632657,34.48317623908856],[126.05862164164245,34.4839284461074],[126.05883804948905,34.48360056862057],[126.05890955219792,34.48363303903268],[126.05873226624895,34.48397560493709],[126.05890365450982,34.48413320441249],[126.05890859546228,34.484382049903225],[126.05860476602777,34.485246448695804],[126.0587067944519,34.48536309407344],[126.05903938143656,34.48548913438811],[126.05918037593041,34.485712878963845],[126.05867117460419,34.486506826343216],[126.05873466790862,34.4873975219129],[126.05883343207887,34.4877513480878],[126.0589036342898,34.48771683370322],[126.05915841642317,34.4881641581976],[126.05928482680663,34.4882117898119],[126.05932151549355,34.488474022450276],[126.05966200138167,34.4889193203596],[126.0598873186422,34.48900263416844],[126.06062621960768,34.48905765005969],[126.06130504249792,34.48893189924349],[126.06140202665391,34.48903602804939],[126.06163257907203,34.48902549704563],[126.06190081022012,34.489151791909656],[126.06303901117148,34.48919013059131],[126.06331123336346,34.488997173454806],[126.06394496923849,34.4892549184497],[126.06414545806527,34.489091191724775],[126.06460025212091,34.48928983443373],[126.06482749247775,34.489713896104874],[126.06493722944269,34.49096439840184],[126.06445815257517,34.491956811361206],[126.06363906061726,34.49269950976969],[126.06269459958884,34.492430912275445],[126.06152843597486,34.49251817372647],[126.06033655247045,34.49245933279636],[126.05954217453802,34.492317180740436],[126.05869966636442,34.49235128343803],[126.05827517696761,34.49298542154938],[126.05799132198617,34.494000281449736],[126.05749910540321,34.49494021949496],[126.05713377176227,34.496050925291954],[126.05731889911868,34.496587179677576],[126.0575242709404,34.496794756232745],[126.05751923139019,34.49691443340084],[126.05722090754746,34.496733406225296],[126.05700922103772,34.49682234383533]]],[[[126.17358300003016,34.51017007233727],[126.17362035927385,34.51098742394044],[126.17313162246707,34.51120933941414],[126.1728552100301,34.51118008904984],[126.17220828714677,34.51074366880354],[126.17219477864631,34.51052546127298],[126.17261232692108,34.51020046731163],[126.1733087702886,34.51010873834831],[126.17358300003016,34.51017007233727]]],[[[126.16909296908825,34.51100159905667],[126.16860127379617,34.51136864927933],[126.16838712004494,34.51141249441709],[126.1675192483771,34.51124080313525],[126.16648469871278,34.5108678703075],[126.16560011469957,34.51083973699281],[126.16520202044971,34.511007452598605],[126.16417996280319,34.51109842756691],[126.16355029035549,34.510993972435735],[126.16313023392763,34.511027264700814],[126.16262006621594,34.51075305878202],[126.16249527383228,34.51054547115394],[126.16249786115502,34.51035791324326],[126.16271575818331,34.51016436087288],[126.16310746460111,34.51014637982712],[126.16353578043244,34.51049727375197],[126.16406806153768,34.51024064820547],[126.1641158209035,34.510309375000965],[126.16428827044368,34.510172694160495],[126.16415994128855,34.51008758643012],[126.16426449424932,34.509924885138055],[126.16437685181408,34.50932352687644],[126.16446315130489,34.50919585556418],[126.164570103735,34.50917530576132],[126.16466756828426,34.50878574110883],[126.16459465672514,34.50873103954933],[126.16468895985517,34.508628320003616],[126.16462994026728,34.508472565652895],[126.16419065732757,34.50821278764204],[126.16411833280402,34.50787843433784],[126.16398931917612,34.507821842556005],[126.16372186412706,34.50786739650612],[126.16338054891827,34.50754954196033],[126.16333533878694,34.50740040796024],[126.16314690390591,34.50743966093578],[126.16290106573383,34.50729697436128],[126.16298626079222,34.506919676175606],[126.1628610546309,34.505811219109304],[126.16315272810625,34.505718103124586],[126.16342890229998,34.50578640502232],[126.16404575800625,34.50615267038128],[126.16523258171016,34.50665785809605],[126.1654092558756,34.506982648751816],[126.16595646173248,34.50691346722973],[126.16597298326971,34.50697100046232],[126.16577217997765,34.5070048726003],[126.16582113223004,34.50711878593391],[126.165714188196,34.50700023928268],[126.16540438221928,34.50702362986972],[126.16536196885468,34.50773798287323],[126.165589621471,34.50811254675216],[126.16679077227833,34.50878122629176],[126.16673818058909,34.5088683044203],[126.16746496065937,34.50926148972179],[126.16803888199651,34.50929933529577],[126.16873077380245,34.50967589638167],[126.16880745306918,34.50983715961132],[126.16919040624575,34.51015722079586],[126.16920021363963,34.5108148620407],[126.16909296908825,34.51100159905667]]],[[[126.12160417612363,34.51085238938564],[126.12186774112361,34.510886765087875],[126.12196683765005,34.51100775396737],[126.12191873793458,34.511075238999055],[126.12184190676156,34.51111936888253],[126.12147832758139,34.510866879135165],[126.12160417612363,34.51085238938564]]],[[[126.1228490273171,34.51128631895522],[126.12396568411904,34.51171243746247],[126.12405443191341,34.51247625581235],[126.12377237660291,34.51255761951933],[126.1226894656633,34.51187023317882],[126.12243516630036,34.511569125821524],[126.1224171606228,34.511402667631884],[126.12253589152348,34.511281019876606],[126.1228490273171,34.51128631895522]]],[[[126.12561001519933,34.5130182234827],[126.12595008869428,34.51318379865561],[126.1265658400709,34.51322090396924],[126.12687319528989,34.513382059726275],[126.1269450566201,34.51378546050981],[126.1268281863754,34.5140232007405],[126.12659155680467,34.51422268369059],[126.12574513384422,34.51417997702469],[126.12517186787511,34.5139930780903],[126.12498120476795,34.513818774403155],[126.12493840466813,34.513364606172146],[126.12501669033958,34.51311295259379],[126.12517312674342,34.51298546120903],[126.12561001519933,34.5130182234827]]],[[[126.08831499339607,34.51669619045831],[126.08726680107142,34.51674477018053],[126.08672338132187,34.51653078235941],[126.0865781506901,34.51655472694097],[126.0862887871001,34.51605699216564],[126.08636773368987,34.51536924983816],[126.08746141236749,34.51495719134603],[126.08803917966857,34.51456959796791],[126.08894394957387,34.51486741534938],[126.08941593558644,34.5162239277519],[126.08942971048396,34.51664278008153],[126.0886478317497,34.51657402206006],[126.08831499339607,34.51669619045831]]],[[[126.08487594846316,34.51756944675154],[126.08432884268164,34.517744603664504],[126.08411367063039,34.517500410113385],[126.08424127601148,34.517329055058525],[126.08487594846316,34.51756944675154]]],[[[126.08496412977622,34.518183769054595],[126.08520733618073,34.518291824380974],[126.08523268585944,34.51885614279089],[126.08614223492043,34.51891043835222],[126.08652833167321,34.519133643848214],[126.08583419731079,34.519721948220415],[126.0851182353009,34.51935676470258],[126.08497501510003,34.51900668312442],[126.08446053229405,34.51867153674206],[126.0845337935729,34.51813061979745],[126.08496412977622,34.518183769054595]]],[[[126.09749581944958,34.52062978463571],[126.09662351596705,34.52080871929457],[126.09633938158379,34.52094438568085],[126.0959725262255,34.52088325564532],[126.09572849052394,34.52062039850872],[126.09513612714315,34.52054397347029],[126.09460603682132,34.520362074313965],[126.09420329672295,34.52005319081632],[126.09400616436817,34.52004035080741],[126.09379781418087,34.51991209188088],[126.09355936392294,34.519186452608764],[126.09408349257765,34.51896608530163],[126.09464234926,34.519104418791265],[126.09636387657785,34.518935263434514],[126.09663858253374,34.5186868959781],[126.09712933715052,34.51775649858734],[126.09749456748007,34.517745076631556],[126.09815651384345,34.518738647862406],[126.09807255839694,34.51961149260593],[126.09780592630133,34.519847492554554],[126.09749581944958,34.52062978463571]]],[[[126.10697635579592,34.52896238489169],[126.10675418694348,34.52954792624575],[126.10607805821482,34.53040765675325],[126.10487284262257,34.531331719191364],[126.10466958288734,34.531220273218274],[126.10520235866011,34.530515433600826],[126.10549911308004,34.52937909595735],[126.10544073478742,34.52912775166662],[126.1052268496302,34.528920697404146],[126.10495946047234,34.5288310010711],[126.10358133231917,34.528949716637534],[126.10314812814887,34.529099527444195],[126.10301605410974,34.5294880365033],[126.10256199202449,34.52955539319757],[126.10276180050347,34.528711964543675],[126.10271685369774,34.52854538710149],[126.10382713484077,34.527839329486994],[126.10453703269877,34.52711740502773],[126.10670770266654,34.52780116958266],[126.10697635579592,34.52896238489169]]],[[[126.1045572560148,34.53190169713752],[126.10447181782479,34.532039886543316],[126.10452644620786,34.5323442334629],[126.1043494656219,34.53238122548193],[126.10418428598237,34.53212632890388],[126.10433589241457,34.53202691754237],[126.10426296941434,34.531808592720516],[126.10437126921286,34.53169690149873],[126.1045572560148,34.53190169713752]]],[[[126.21960129208989,34.53406121490068],[126.21988571784927,34.53535047536247],[126.2195394000692,34.535986245660816],[126.21923147483297,34.53609898825681],[126.21846879262395,34.53536854175224],[126.21830349053971,34.53461760212515],[126.2180967932866,34.53411975803856],[126.21835255797895,34.533873364205945],[126.21861997268077,34.533744886762335],[126.21912577670666,34.533784337514184],[126.21935263496819,34.53368989760366],[126.21945587940675,34.53370676615148],[126.21960129208989,34.53406121490068]]],[[[126.35623268279186,34.53842060115764],[126.35520573242162,34.539013394142096],[126.35469714453654,34.53900108379514],[126.35411320866457,34.53873255627789],[126.3541527556137,34.538315360492604],[126.35394329346748,34.538761024040156],[126.35358593789195,34.538660152382015],[126.35294319458846,34.538858173924],[126.3527724142388,34.53880147774183],[126.35244636557528,34.538980147991374],[126.35209169658425,34.53886728826541],[126.35171245839226,34.538561689120336],[126.35146103446144,34.53825864404313],[126.35126489037415,34.53778383754194],[126.35078796443823,34.53760790841737],[126.35091723193626,34.53733210256992],[126.35142360846518,34.537136989652865],[126.35182551368813,34.53686679809067],[126.353722698713,34.53619769433992],[126.35423110632924,34.536119865041705],[126.355035437408,34.53648494759206],[126.35524067874246,34.536718033797094],[126.35553292073851,34.53711511657414],[126.35553216060546,34.537258682744664],[126.35575567730274,34.53738537020392],[126.35623268279186,34.53842060115764]]],[[[126.21578917619937,34.53779401084033],[126.21583538589755,34.53792139879289],[126.2157287803269,34.53818066346243],[126.21509622539702,34.53855212237605],[126.21492798277076,34.538553157341],[126.21504444984677,34.538282274551214],[126.21565635815179,34.53776152566591],[126.21578917619937,34.53779401084033]]],[[[126.1752647889638,34.53359361481586],[126.17615210218882,34.53436680698542],[126.17663869528562,34.53521705332866],[126.17656809876755,34.53552756425806],[126.17666078428304,34.53606993977207],[126.17640389419086,34.538769343808205],[126.1761429043862,34.53881485051834],[126.17564207640564,34.538463690896464],[126.1745582779258,34.53464776937544],[126.17470988032802,34.53379919526753],[126.17488302832687,34.53349807806723],[126.17507924053552,34.53347195772022],[126.1752647889638,34.53359361481586]]],[[[126.22943604385254,34.539472200616636],[126.22925226170072,34.53962348642444],[126.22861358276708,34.53977760017523],[126.22804978996781,34.53947146152373],[126.22847334075311,34.53943722993334],[126.22850478994253,34.53933935478661],[126.2283690355558,34.53910284705924],[126.22852793646327,34.539008320593666],[126.22899768693382,34.53921539146755],[126.22922056422145,34.53920803013163],[126.22944137445603,34.53933372253892],[126.22943604385254,34.539472200616636]]],[[[126.22664678958215,34.55252834230728],[126.22581619687148,34.5525232675263],[126.22439919733533,34.55228718309351],[126.2220885023394,34.55245524583142],[126.22200522751095,34.55226300140477],[126.2222214175311,34.55225334787684],[126.22265657963518,34.552030139344666],[126.22308513763458,34.551492140076775],[126.22357027613718,34.55120363276492],[126.22572279322415,34.55100425839568],[126.22632723479788,34.55113795458004],[126.2266964862723,34.55136996050555],[126.22778154123426,34.55169592301797],[126.22821021362267,34.55195567684058],[126.22773043532656,34.55221717611762],[126.22744290688469,34.552486788061216],[126.22664678958215,34.55252834230728]]],[[[126.21908933102749,34.55318151848221],[126.21905116843966,34.55307648453462],[126.21943884680002,34.55279095700305],[126.21985517706209,34.552537954362485],[126.22034758246852,34.55239119089914],[126.22160145448669,34.55236669116503],[126.22166046992103,34.55249072412705],[126.22104661337664,34.55274909611899],[126.22057905633244,34.553058194789614],[126.2198656508435,34.55318539028277],[126.21908933102749,34.55318151848221]]],[[[126.30982375955597,34.555093985041744],[126.30994679648933,34.555335469391444],[126.30993705709811,34.55568563421848],[126.30960576437619,34.555861535769935],[126.30766004496422,34.55614536859775],[126.307232691529,34.55593031260766],[126.3071523336658,34.5555084596555],[126.30769950863514,34.555275054939486],[126.30838727075633,34.55523516951878],[126.3090474481748,34.554996333489925],[126.30982375955597,34.555093985041744]]],[[[126.31700277300156,34.556014458126256],[126.3158025345251,34.55718658476558],[126.31551311304536,34.557736358357],[126.31510213438554,34.557881521344605],[126.31475081036758,34.5582054546697],[126.31401038481214,34.557723968023254],[126.31359637494243,34.55702713685716],[126.31373207410975,34.55688610773377],[126.31463914084064,34.55655996803983],[126.31490765372713,34.55591755701637],[126.31528901011582,34.55569398477439],[126.31654704516941,34.555775568161415],[126.31675510058778,34.555669610093425],[126.31700282496146,34.55569412037863],[126.31700277300156,34.556014458126256]]],[[[126.21020093728366,34.557167481667335],[126.20986412806545,34.557358038732914],[126.21001276612363,34.55772723853361],[126.20950624278694,34.55882511129284],[126.20928940674844,34.55898375052272],[126.20883923314382,34.559075017625425],[126.20792897846425,34.55840271780852],[126.2077401207392,34.55733611942714],[126.20830856670021,34.556406877800995],[126.20966333868617,34.555954507492594],[126.21049521336798,34.555480960063555],[126.21220077000297,34.555551714946944],[126.21263440796707,34.555742831423075],[126.21208824937918,34.556034433678775],[126.21205569625265,34.55612186765794],[126.21305668806271,34.55696609964307],[126.21298789088377,34.55735100061273],[126.21263539229528,34.557781068707605],[126.21107401961179,34.55862336585731],[126.21070649717338,34.55775160940498],[126.21069925278448,34.55713771815778],[126.21020093728366,34.557167481667335]]],[[[126.31023573511052,34.56347075485052],[126.31013346693945,34.56354250573743],[126.31014522503001,34.56363854645418],[126.30995276939912,34.5636599289861],[126.30994658136144,34.56348072778899],[126.31017436173744,34.563414690633934],[126.31023573511052,34.56347075485052]]],[[[126.31249374639506,34.56562611059483],[126.31189795964785,34.56561139823254],[126.3119053351019,34.56534489017024],[126.31219649871379,34.56537735379407],[126.31251822252095,34.5652650859944],[126.31249374639506,34.56562611059483]]],[[[126.2646419640172,34.58504100880952],[126.26459186622282,34.5851453153806],[126.26443595424315,34.585166161197066],[126.26435919616749,34.58504336690508],[126.26459095579303,34.584970616007254],[126.2646419640172,34.58504100880952]]],[[[126.25029583541435,34.5878004934532],[126.25021854758867,34.58783309958239],[126.25011354777355,34.58814724425766],[126.2502070113748,34.58835439608475],[126.25009159550784,34.588466993072956],[126.25001499483747,34.58878159188497],[126.2498676818499,34.58864280491367],[126.2487949476467,34.58813518082009],[126.24855005757624,34.587933151409004],[126.24831589332132,34.587872529030854],[126.2481913862526,34.5872928831594],[126.24785238245934,34.58733725827497],[126.24753564474793,34.5876931445844],[126.24769299415432,34.58809952626234],[126.2476198456032,34.588389365048116],[126.24735345002081,34.58851341221822],[126.24720757626076,34.58816521504909],[126.24645328253723,34.587851700815825],[126.2462691076337,34.587995652580936],[126.24564454878482,34.58807780829084],[126.24520458523692,34.58804915843513],[126.24446593536949,34.587569193157144],[126.2437358509775,34.58776279310451],[126.24310236440517,34.58741905371135],[126.24373281487672,34.58676796769837],[126.24314783001837,34.58646229876642],[126.24298041234842,34.58610757171744],[126.24247444136014,34.58607910583416],[126.24211747748978,34.58617860987357],[126.24214582973717,34.58666120357447],[126.24208350126318,34.58664865577157],[126.24187578294338,34.58689517924694],[126.24149438284134,34.587070815774524],[126.2412423566106,34.586925813745076],[126.24094438125817,34.58656643974009],[126.2405233418924,34.58675617670962],[126.24053550599349,34.58633162477263],[126.24028364008,34.58635595186914],[126.24008383528918,34.585711557763105],[126.23984880019303,34.58549328397711],[126.2398983446434,34.58537896063721],[126.24005853843468,34.58536853014353],[126.24023181113397,34.58518119790199],[126.24007911218202,34.585061818056495],[126.23961355423724,34.58511670256647],[126.23840166819737,34.58333923816155],[126.23862313881713,34.58300241286341],[126.23810145336729,34.582631474655045],[126.23809417422098,34.58252881243659],[126.23819187097226,34.582526484782306],[126.23816614431631,34.58262721890807],[126.23861994235982,34.58294429691083],[126.23888358881119,34.58233070383262],[126.2389388333978,34.58235354819235],[126.23873003229352,34.58291684281355],[126.23971297895055,34.58306891957234],[126.24026053858006,34.58325205895281],[126.2404740702442,34.58321264658855],[126.2409619763084,34.58276107846049],[126.24144969894024,34.582639198557274],[126.24178701184209,34.5826747046678],[126.2418576068921,34.582498259955216],[126.24182728555982,34.58268642127001],[126.24279171817348,34.583336279924374],[126.24312610117286,34.58338395123048],[126.24369105771805,34.583124797438764],[126.24383243916259,34.58297339954535],[126.2445621914009,34.58129445858025],[126.24471345971507,34.58073947746833],[126.24469014768181,34.579720890136166],[126.24431343395754,34.57956065364251],[126.24328469286002,34.579437264994716],[126.24306818402084,34.57957649530522],[126.24293318002556,34.57943303499215],[126.24324311184175,34.579234792867155],[126.2431927059495,34.57902482924861],[126.24295614941022,34.578551641385445],[126.24268897059906,34.5783496149326],[126.2421958916493,34.57708215555703],[126.24130242705796,34.576662161580735],[126.2408496110859,34.57633315579767],[126.24085416081446,34.57610761462487],[126.24061913296875,34.57593310579135],[126.2404117708098,34.575940953519066],[126.24005901463532,34.57554160035559],[126.24028703771467,34.574852233663215],[126.2404586189707,34.574714080180776],[126.240179261566,34.57413925608623],[126.24023763395887,34.574117292090534],[126.24039648492115,34.57441689360454],[126.24069608458778,34.574395621782514],[126.24115776745533,34.57489265267662],[126.24130603891287,34.574945857998934],[126.24169707321866,34.57460832441611],[126.24228175881328,34.57391818933464],[126.24183645306042,34.573259460838635],[126.24152433978271,34.572498203839515],[126.24087225985708,34.572023496998035],[126.24023292583787,34.57121522602725],[126.24008436368031,34.570875494333634],[126.24009359444628,34.57062194823608],[126.24024298539675,34.57049639348408],[126.24101415242357,34.57030135611994],[126.2408762641505,34.5702492788186],[126.24091871660531,34.5701670459205],[126.24078183002568,34.57002175055664],[126.24133170092497,34.56969391496563],[126.24126823829894,34.56879432350766],[126.24041956372031,34.567963070551706],[126.2402491116466,34.56740837748491],[126.23978045958685,34.566828612689896],[126.23968627019353,34.56632400837248],[126.23985102541424,34.56592513289118],[126.23962166636795,34.56513704674358],[126.23968175431838,34.565119853111014],[126.23984245601126,34.5655622512102],[126.24028819913214,34.56576140411368],[126.24057920154527,34.56580011292001],[126.2407616968014,34.56543532100062],[126.24060728827402,34.56583774171931],[126.24110316665669,34.56619295945533],[126.24174455291272,34.56702639755586],[126.24189270826409,34.567350972138144],[126.24203811246123,34.567447273343845],[126.24214825718457,34.56771354206636],[126.24221653864674,34.5683968329169],[126.24246231638286,34.56895981584805],[126.24296290182302,34.569129553327905],[126.24323223518441,34.56913189342195],[126.24451118077916,34.56896155722152],[126.24493955703153,34.56872198449405],[126.24585260195943,34.56731207593819],[126.24480490276922,34.566242242645686],[126.24474141518493,34.56595506413578],[126.24487063569099,34.56580261550021],[126.24503030348026,34.56576302317494],[126.24565392342758,34.565793927782536],[126.24595484487419,34.56570607249456],[126.2463644313175,34.565200578057485],[126.24637124362228,34.56484467853506],[126.24647980866479,34.56459354870292],[126.24578994419076,34.562864098846696],[126.2459261236986,34.5627558974371],[126.24662967760906,34.56254686608827],[126.24604723991753,34.56276869877772],[126.24597396763902,34.56287779438494],[126.24656242168375,34.56444689454007],[126.24665249344963,34.56454082899155],[126.24724786590221,34.56460742707782],[126.24765421615126,34.564745410254524],[126.2479998162697,34.56470612352546],[126.24861039322226,34.564321479324875],[126.24910071409263,34.56419672619295],[126.25047613194361,34.56416999381669],[126.2508293402319,34.56370551220241],[126.25100648622322,34.563063369195056],[126.25095737616245,34.5629408804691],[126.2504607963761,34.562638079358706],[126.25042321036005,34.56253193184873],[126.25082692556555,34.56117238461469],[126.23590286711912,34.536359729743666],[126.2348950179979,34.53649538170962],[126.23519145191408,34.53603923129813],[126.23542616541975,34.53585176636824],[126.23532657796277,34.53575964777701],[126.23545504105162,34.53563659865256],[126.23451473012774,34.53561834831773],[126.2342507034008,34.535557557088914],[126.23424478742541,34.53544249896775],[126.23349001203182,34.535468403708805],[126.23342841794214,34.53517730905571],[126.23353601189693,34.5353817962255],[126.23365193817088,34.53541434509759],[126.23424954792954,34.535386640942825],[126.23433646176458,34.53518581002969],[126.23427473346582,34.53467152375969],[126.23372510773407,34.53420585895766],[126.2335317779752,34.534628030749815],[126.23314730163193,34.53488896215581],[126.23281735349265,34.53475614448987],[126.23205642158041,34.53501620812037],[126.2316539381754,34.5348860312501],[126.23125850871786,34.53493273773407],[126.2309138777229,34.53463937895872],[126.23026288066096,34.53465958149751],[126.22997983267952,34.53477927808438],[126.22983695983815,34.53507859279989],[126.22931987735167,34.535518443967355],[126.22895969968572,34.535606831040816],[126.22868458589487,34.535568709465224],[126.22800200597035,34.53581242291351],[126.22802635663886,34.535890766083455],[126.2275377212087,34.53612474365474],[126.22733647757417,34.53636594962586],[126.22732920815385,34.536739450961875],[126.22755743698828,34.53709010644944],[126.22780616989695,34.537061394648084],[126.22757092355857,34.537115882302274],[126.22750192098904,34.53721550239411],[126.22741107905861,34.537057232741304],[126.227328427947,34.537077955310174],[126.22742678622582,34.53713731505461],[126.22725822885417,34.53756805267084],[126.22736610925342,34.53762375898338],[126.22715606703188,34.53794773102333],[126.22727590734732,34.53793882753344],[126.22730982164722,34.53801838525463],[126.22732260046774,34.538381890648374],[126.22758909169131,34.53856875764501],[126.22753962285387,34.539118840501466],[126.22705749458984,34.539656057756126],[126.22711038601673,34.54015437191815],[126.22659204637546,34.54065438146404],[126.22577911081781,34.54118944904493],[126.22567706697697,34.54113714069635],[126.22580676551152,34.5406707421673],[126.22516419747484,34.540517060360685],[126.2254319432195,34.53972840868156],[126.22528707423771,34.53949479633263],[126.22477376624474,34.53901127616625],[126.22464103586927,34.53830848959119],[126.22477263674759,34.53803382645909],[126.22521142636387,34.53774431353616],[126.2250459107866,34.5371783523187],[126.22488787548502,34.53703648311497],[126.22473391726075,34.53669610248358],[126.22482641758099,34.53629157573691],[126.22503908490314,34.53598454394456],[126.22547985563776,34.53568098937272],[126.22553746243466,34.53555117263888],[126.22553994982297,34.53493780985384],[126.2251003180075,34.53381760084287],[126.22524128458932,34.533787506042046],[126.22492743159125,34.533572469998994],[126.22488508871726,34.53340745768031],[126.22550257402456,34.532767030575535],[126.22549424462183,34.53257175757964],[126.22510332334357,34.53192932079009],[126.22518953139915,34.531234857353844],[126.22487003803646,34.53037180085034],[126.22491660266171,34.530072447442954],[126.22473939269835,34.52994896219492],[126.2239654602187,34.52975589437064],[126.22234247745709,34.52986175474507],[126.2221063796479,34.530072595613355],[126.22215682276973,34.53045002568164],[126.22181320512186,34.53098366274264],[126.22206980897775,34.53146687384613],[126.22194227006275,34.531501034979016],[126.22172907498135,34.53101399026313],[126.22160941021228,34.531021429209915],[126.2215585665942,34.53089048913261],[126.22112735673129,34.53084755889035],[126.21997810694452,34.531277002412374],[126.21939717898924,34.53194177554892],[126.21902046070882,34.53216531222335],[126.21903150471029,34.53258695789058],[126.21873042930328,34.53262662928406],[126.21876067916973,34.53301291822403],[126.21870331956275,34.53301994226547],[126.21861861020147,34.532387866347484],[126.2183844301524,34.53241999709268],[126.2182767048866,34.53224087983926],[126.21740424739693,34.53159794434653],[126.21682595559051,34.53069137111759],[126.21710655983247,34.52973263171606],[126.2172314868703,34.52962727389199],[126.21701886405704,34.52918135640456],[126.21711071252352,34.528801737207615],[126.216920341832,34.52832123076155],[126.21706321902073,34.528206316146274],[126.2168173442209,34.52817776656295],[126.21629499130367,34.527714245224864],[126.21508402972795,34.52708181780791],[126.2146868102498,34.52698946973654],[126.21402866823439,34.52705966798069],[126.2137994323157,34.52692204889135],[126.21332300638934,34.52696322646128],[126.21307800273058,34.52690401778058],[126.21272432552452,34.527050243166045],[126.21244330258395,34.52707429895562],[126.21202203963279,34.52683858771212],[126.21193538717152,34.52657995176755],[126.21199903848937,34.526324712061474],[126.21250994733465,34.52577838241509],[126.21275875362318,34.52525120832285],[126.21277207806779,34.5249953817722],[126.21252988270312,34.52474524276204],[126.21208103506805,34.52466744425985],[126.21207786218017,34.52456737536619],[126.21228916809311,34.52433824806011],[126.21275062478784,34.52423709654327],[126.21302678180128,34.52448339795353],[126.21370927011094,34.524200104419236],[126.21413051676393,34.52378728438699],[126.21451561540705,34.52360568718728],[126.21441999740384,34.52347533002163],[126.21451462710472,34.52341198403292],[126.21440513694952,34.5232894248984],[126.21460820787756,34.523154393564404],[126.21475565939909,34.52330761987366],[126.21485665968251,34.52330802689927],[126.2150247398139,34.52291656837808],[126.2148793215426,34.52272200740884],[126.21492438510366,34.52268993663956],[126.21509838293338,34.52292027855167],[126.21500710187358,34.523170925273206],[126.21508485420959,34.52353127207486],[126.21557683492921,34.52375789079004],[126.21640612563809,34.52324658410179],[126.21634915077541,34.523164540396856],[126.21653959932868,34.5230755502903],[126.21659519969853,34.52316248879469],[126.21690489409505,34.52301544664549],[126.21708648821765,34.522625415100244],[126.21700722290092,34.52201550195239],[126.21705513793167,34.521811548122116],[126.21756539385811,34.52116098826053],[126.21812865495615,34.520720183722275],[126.21871875097797,34.52058496730484],[126.22084253189242,34.52077449578582],[126.221512549545,34.52063480068177],[126.22179916653621,34.52048932931636],[126.22212150305019,34.51971710280716],[126.22248281091919,34.519376624391654],[126.22275448299204,34.51924136765585],[126.22372725079815,34.519113721639904],[126.22397799038555,34.519014593011434],[126.22406966691926,34.51873672784091],[126.22393399527041,34.517836130178836],[126.22398884176876,34.51779483363261],[126.22369006412224,34.51698730572977],[126.22335044551969,34.516388033427575],[126.22321055109701,34.516256715862866],[126.22172043998418,34.51609133181028],[126.22064094321833,34.516248675927],[126.22029560272235,34.51623017960719],[126.21926460638524,34.51652622562963],[126.21894092173308,34.516438265504455],[126.2171300518403,34.51657556756515],[126.21539821538971,34.51645799716527],[126.21525674513616,34.516551429393964],[126.21483031689144,34.516516629936234],[126.2142431712793,34.51663119531133],[126.21349870328372,34.51655259670687],[126.21105383877112,34.51669428128609],[126.21054901153187,34.516611220480605],[126.21020265807459,34.51597421639597],[126.20937579830697,34.51580197852769],[126.20896349233003,34.51548973929762],[126.20894863615973,34.515170198003545],[126.20887137208558,34.515155165895344],[126.20865121661112,34.51473229690757],[126.20838608820428,34.51450365283969],[126.20749077778949,34.51434905843641],[126.20688318342671,34.51464062052701],[126.206681550518,34.51465377675845],[126.20620162212354,34.51452387809231],[126.20523796452107,34.51440311226828],[126.20404957438292,34.51494768784964],[126.20378803339601,34.5147792450471],[126.20348609097502,34.51385233634911],[126.20322666332193,34.51333140626024],[126.20295077857594,34.51296293321422],[126.20204917745035,34.512239453543806],[126.20177253920696,34.51159053240303],[126.20103001218365,34.51119418371493],[126.20062186916023,34.510863329457266],[126.19974954120002,34.51080245064072],[126.19857248587519,34.50995561733575],[126.19818189012624,34.50949994260398],[126.19818508004192,34.50903012586358],[126.19790710678551,34.508496127129035],[126.19788041287826,34.50800646284902],[126.19817194460192,34.50746074054201],[126.19807509397708,34.50738735019696],[126.19834714376034,34.507192232619325],[126.19844182234091,34.50724458737295],[126.19944524609944,34.506409892060496],[126.19970432750435,34.5057045998364],[126.20005977006691,34.50540315315462],[126.19997916311574,34.50533576612498],[126.20003189005531,34.5052295821695],[126.19992329753096,34.50514303665074],[126.20006285755255,34.50501000107113],[126.20014014264196,34.50505810291749],[126.20024137939032,34.50485621773104],[126.20096604584059,34.50537766140213],[126.2010147611186,34.50533903920344],[126.20183018893047,34.50580865475205],[126.20167652741083,34.5062348770183],[126.20186293529522,34.506427450463015],[126.20253843016897,34.50659384530225],[126.20369635660359,34.50664769000633],[126.20430949801009,34.50473442509412],[126.20419973105828,34.50465417660851],[126.20433022271762,34.50416096847974],[126.20447260742448,34.503955616226534],[126.2048109129861,34.50375901409552],[126.20519327152684,34.503836144024326],[126.20749910869573,34.50209401803186],[126.20785168074484,34.501658875828824],[126.20801910645972,34.501007586597765],[126.207936347459,34.50051090695523],[126.20777492779662,34.50013896882],[126.20537718189925,34.495961589872486],[126.20486185304956,34.496060038239115],[126.20496949876328,34.49570502087837],[126.20396185305837,34.495582264841865],[126.20337071447449,34.49555509484959],[126.2034830630849,34.49576760852476],[126.2033593753588,34.495727057105874],[126.20327122781205,34.496007238140294],[126.20332813388569,34.49570017999946],[126.2032260109341,34.49557545031396],[126.20248633804708,34.49573399912996],[126.20259418476704,34.49622542002665],[126.20274234880557,34.49648855794137],[126.20308575158383,34.496413496073124],[126.20318513441379,34.49630715561488],[126.20316713391628,34.49648115659686],[126.20275795997183,34.49655153412056],[126.20250154969595,34.49628287496305],[126.20254924900922,34.49622456737853],[126.20243960048958,34.49577254481119],[126.20187894963524,34.495721057286616],[126.20067004549871,34.49534514504309],[126.20009208417973,34.49533157589028],[126.1998175537332,34.49541952981726],[126.19944910315424,34.495365776298286],[126.19882181274991,34.49496340085688],[126.19799312898743,34.49472275635671],[126.1978596480302,34.49461512334543],[126.19142962457003,34.493914390307054],[126.19116697546082,34.49469042198097],[126.19018223971138,34.49565005818028],[126.18897832162867,34.49567945055094],[126.18823628687151,34.49615589122479],[126.18831083453203,34.49634985914102],[126.18843386912232,34.50030103376358],[126.18914145886768,34.50021625576514],[126.18942819364796,34.500250225075874],[126.189693549285,34.50040165091881],[126.18970179507079,34.50061248468677],[126.18920600027292,34.50115626162397],[126.18947001715945,34.501898595661444],[126.18943973817116,34.50262501068764],[126.18960423369398,34.50332314433391],[126.1890629627998,34.50468955979531],[126.18927016966002,34.50507619481318],[126.18992383060245,34.505173852948886],[126.1904308897407,34.50504639671569],[126.19068972675032,34.50515981837436],[126.19068891697428,34.505396399477405],[126.19019641976693,34.506444897215104],[126.19013691950197,34.50710379091534],[126.1902199292436,34.5080385454939],[126.19102135672888,34.50837031285395],[126.19115142347769,34.50894680349508],[126.19152208646007,34.509232198497195],[126.19143957331279,34.509480361900586],[126.19171797728197,34.51021581784347],[126.19192687631622,34.51051905116458],[126.19232824807216,34.510841434077875],[126.19288509980942,34.511059315693366],[126.1935208225032,34.51111294607999],[126.19400888180063,34.510651987060605],[126.1945046463688,34.51057730779429],[126.1945376032658,34.5107518598391],[126.19429270018101,34.51077211955699],[126.19426284172695,34.51089518227903],[126.19435559006715,34.51089602938088],[126.19440683278117,34.51110194541554],[126.1943611913567,34.51186249527115],[126.19424717105292,34.51226632564498],[126.19403108789872,34.51232953850044],[126.19357613631969,34.512230602021525],[126.19271267068031,34.51267852803903],[126.1924881044598,34.513388341365406],[126.19217398878547,34.513981927108254],[126.1914043359459,34.51454689209127],[126.19067409696835,34.514315593864616],[126.18997505365301,34.51341558333725],[126.1889674723727,34.51288857028511],[126.18736874298183,34.511119063092075],[126.18527129413148,34.508623889007154],[126.18437855259278,34.506930467007166],[126.1828941808535,34.50545923308383],[126.18183667911411,34.504148449345],[126.18111878651996,34.50351463980344],[126.17930320831285,34.50229550963366],[126.1784028350054,34.50109291400961],[126.177166858009,34.49874920459949],[126.17697746826377,34.498724381831906],[126.17692255630294,34.49861201901935],[126.17697426541795,34.4981803718526],[126.17675244918713,34.49743717834722],[126.17706642398495,34.49738898872854],[126.1771718770118,34.496961345676404],[126.17735784306915,34.496712933850176],[126.17727261883749,34.49596893146874],[126.17663144352171,34.49555638856352],[126.17645650011497,34.495270449210814],[126.17580645144177,34.49510740908728],[126.17441298572636,34.4955296128577],[126.17347792317523,34.495173196692164],[126.17315504957256,34.49472472497463],[126.17361194707419,34.49377403818807],[126.17389724436637,34.49295100039493],[126.17402706216303,34.49285622078745],[126.1749043459279,34.49283847726776],[126.17517079040474,34.49275413944059],[126.17541977216914,34.4924246049802],[126.17575344585282,34.49154456818803],[126.17530495168292,34.49061454381167],[126.17488089583867,34.48999914343086],[126.17508180573277,34.48900509986452],[126.17480446409978,34.48788452552522],[126.17484110897837,34.48749818120052],[126.1746327420063,34.48708787835244],[126.17322897826237,34.48618151408038],[126.17304391332785,34.48613295325421],[126.17177798694495,34.4862582448884],[126.17166554475877,34.4857336660987],[126.17175178989558,34.48572218160916],[126.17187158338962,34.486220110151834],[126.17300256852224,34.48608439291858],[126.1726364571604,34.48548531448375],[126.17263978285264,34.48529655252149],[126.1727663472881,34.48529741075054],[126.17292429328116,34.48506846608592],[126.17271493586479,34.48454960412755],[126.16315347236976,34.48256364979158],[126.1628509924836,34.48297352376284],[126.16268567844014,34.483056401723246],[126.162463228524,34.48303991133127],[126.16258467476878,34.48256533596602],[126.16252232204667,34.48255219796655],[126.16258788403191,34.482364341291444],[126.16250848780723,34.48232476483698],[126.16221394372864,34.48292029410045],[126.16189402566738,34.48267967132528],[126.16173642702547,34.48268346533227],[126.16168409946229,34.48261390378611],[126.16142719761693,34.48258545633622],[126.16110639484147,34.48265163276321],[126.16149124652826,34.48321243753371],[126.1617768122342,34.483089913654304],[126.16183121064999,34.483136440074546],[126.16148716385543,34.48330480502311],[126.16134761497158,34.48313028648236],[126.16124453595779,34.483176001033556],[126.16084329460587,34.482676812016024],[126.16040146985772,34.48246244354099],[126.1601818216496,34.48225272186963],[126.16003827537763,34.48221549664961],[126.15954860620661,34.48236478009509],[126.15932437418876,34.48231897558241],[126.15880016476495,34.481843352046276],[126.15781977160961,34.48143222992439],[126.15692981680807,34.480676246707354],[126.15635126717004,34.48039839639914],[126.1553807803504,34.48018311174147],[126.15486131754136,34.47989201592419],[126.1536423864201,34.47914789115354],[126.15193547613548,34.477960804294035],[126.15155429276619,34.477794050885876],[126.15165629214837,34.47776234501906],[126.15085222595482,34.47767264962194],[126.15067935869237,34.47775424191797],[126.15002335061446,34.4777408581264],[126.14907761585862,34.47752173886919],[126.14833367977272,34.477247438858356],[126.14783671122058,34.476943940641995],[126.14660946682449,34.476626167830844],[126.1454562194248,34.47556408493897],[126.14514119910493,34.47541834537117],[126.14490954712498,34.47557828374359],[126.14473983078608,34.47543663512075],[126.14498374483524,34.475238833214135],[126.14495865643609,34.47518013725018],[126.144254699446,34.47427481040383],[126.14384745782883,34.47354518409365],[126.14373817964636,34.47234268930922],[126.14340957149616,34.471779789947576],[126.14349912890458,34.4715573801717],[126.14286878799783,34.470634614562684],[126.14108261690257,34.46917085953523],[126.14023941017234,34.46858398363074],[126.13896330342088,34.4680253096632],[126.13873420469216,34.468331492006556],[126.13831160974216,34.46819149300285],[126.13813412202312,34.468823036604334],[126.13934590907296,34.46926012376624],[126.13933376398842,34.46931926141538],[126.1380474362633,34.46890183948028],[126.1383488930763,34.46779014649201],[126.13620869064054,34.46680381785722],[126.13430399716823,34.465396122313514],[126.13344903475353,34.46517411057043],[126.13225725380072,34.465380766660914],[126.13187849021782,34.46555988945853],[126.13135690373905,34.465676797208374],[126.12899628046087,34.46559070765755],[126.12705394438915,34.46539747475053],[126.1259241550919,34.46480602585442],[126.12531722776781,34.46465109549494],[126.12425657098015,34.46461413016063],[126.12365797896756,34.46414886562949],[126.123542717159,34.46380856336597],[126.1236068440854,34.46315742368441],[126.12349044542017,34.46259421911601],[126.1220046275702,34.4612480412928],[126.12097365047978,34.46055477533464],[126.120317843125,34.4599980570814],[126.11918360761153,34.45945482138498],[126.11833103939365,34.4592403838366],[126.11830581892536,34.45930290441361],[126.11761573780717,34.45923773879443],[126.11742381978141,34.45967677583955],[126.11700738553108,34.45966912163107],[126.11671247632482,34.45922527419256],[126.1167069024956,34.458762192612205],[126.11681497493117,34.45839304101049],[126.11711578923254,34.45816816763924],[126.11709133822458,34.45727714456585],[126.11739376238708,34.45645502820448],[126.1173632194572,34.45573391463309],[126.11789250006849,34.45450623831089],[126.1181708360882,34.45403543634271],[126.11842414039344,34.45382415216575],[126.11796550268676,34.453374158041065],[126.1185949498357,34.45383393112222],[126.11898424627755,34.4535479624013],[126.11950009824723,34.453433679505366],[126.1200680733907,34.45311117238373],[126.1212166107473,34.452656061911746],[126.12181410591164,34.45256306254073],[126.12235094169837,34.45262404656331],[126.12313168582988,34.45288337152752],[126.12315007042986,34.452582464994045],[126.12316432634215,34.45288801394659],[126.12425408428942,34.45311549542594],[126.12486273712281,34.453156503386786],[126.12668986405691,34.45289854975285],[126.12729103702738,34.45238846215922],[126.12753008123492,34.45175500225852],[126.12747838700751,34.45121443779324],[126.12763809893707,34.45096034171037],[126.1266830787282,34.449563322225195],[126.1262420378712,34.44867915242409],[126.12597209331854,34.44798043876198],[126.12598545428351,34.44762906093726],[126.12568434108742,34.44708149923321],[126.1257286988894,34.44664711507733],[126.1263509789667,34.44582974331765],[126.12755055926753,34.44482773739727],[126.12791541495325,34.444308177192994],[126.1284768373101,34.443955917120796],[126.1288276394602,34.44410164805992],[126.12902457595082,34.444014172961865],[126.12913946781038,34.44365486512277],[126.1301930705993,34.442773861721726],[126.13005869728002,34.44251589949791],[126.12875805418955,34.442972840366686],[126.1278206777988,34.443628584793856],[126.12759361530524,34.443595601882414],[126.12714657005579,34.4433524656899],[126.12530358451208,34.442221835158385],[126.12440262840968,34.442753724398116],[126.12358323501853,34.44336550858622],[126.12232608342153,34.443822954194204],[126.12132976870845,34.44478093110067],[126.12105137496935,34.445531632477554],[126.12101713386936,34.44587068116662],[126.12131172543596,34.446011711038786],[126.12139610734089,34.44613103563922],[126.12103603779455,34.44688468249909],[126.12089575668695,34.44708088543347],[126.12079156511548,34.44704403313728],[126.11979828567702,34.44766631105862],[126.11945724276086,34.44769577089816],[126.11916833621332,34.447985575938],[126.11887375951297,34.44806216218945],[126.11863850117183,34.448231337331144],[126.11862449783001,34.44852292716538],[126.11849968895378,34.44873910626335],[126.11873835784438,34.4488623861274],[126.11860335140497,34.44915627533953],[126.11896419419125,34.449250933310104],[126.11857664768232,34.44918014146278],[126.11833480589681,34.44936138352397],[126.11842783144621,34.449631219722995],[126.11836687197314,34.44965412628458],[126.11825046835817,34.44928965224097],[126.11811932563688,34.44928140339994],[126.11814763816567,34.449215326431656],[126.11789536542358,34.44925551900626],[126.11762610714901,34.44914792648585],[126.11750846693849,34.4488929474462],[126.1172297454011,34.4486158274796],[126.11667228220394,34.44838703461513],[126.11586475887205,34.44821508388834],[126.11567672006149,34.44805736135801],[126.11544720694516,34.448087843215134],[126.1153042605026,34.44799507873917],[126.11511082788039,34.448106074958446],[126.11493878741356,34.448086249482124],[126.11501709901093,34.447794792843304],[126.11485728194721,34.44779526572993],[126.11480353038095,34.44794032928767],[126.11444899734836,34.4478622279198],[126.11432969310336,34.44775132595104],[126.11436948005846,34.44767567888901],[126.11384571150074,34.44782720183678],[126.11317976230785,34.4476964914707],[126.111955715674,34.44770277325699],[126.11152594603357,34.44735351858403],[126.11159916220643,34.44729633344535],[126.11125814035071,34.44714419734788],[126.11121670400365,34.44734739143999],[126.11085697036715,34.446890437745914],[126.11084051444242,34.44656372408205],[126.11066257922388,34.446463055325374],[126.11047075934285,34.44618414633639],[126.10991884619804,34.44592680629481],[126.10972373241339,34.44571144934483],[126.10899883321123,34.445351442712415],[126.10860088933826,34.445068962007],[126.10824792736398,34.44501669797599],[126.10804894704901,34.44507929932757],[126.10792208479542,34.445024359247036],[126.10740275489172,34.44515398260201],[126.10731838865179,34.445071922362104],[126.10734481142042,34.44469670983429],[126.10720795369629,34.44443113302419],[126.10728786325903,34.44421347435111],[126.10719507762822,34.444009777811594],[126.10706176816184,34.44399438912122],[126.10694887752906,34.44377930462298],[126.10679735088297,34.44368257337059],[126.10677416175821,34.44363278949965],[126.10691078926311,34.44357671107195],[126.10663897115843,34.44344283542847],[126.10650479954342,34.44358084365217],[126.1061380725342,34.44331723384898],[126.10565897690633,34.44338970592912],[126.10469484267537,34.44291241312781],[126.10451577782338,34.442787524055404],[126.1044436994891,34.44262720046609],[126.10386427689767,34.44224185508002],[126.10268579875557,34.44166717905814],[126.10271030698662,34.441510169403045],[126.10252206719717,34.441304821281186],[126.1020599601265,34.44109235690968],[126.10183829411987,34.441138177208025],[126.10175403044883,34.44106671461866],[126.10173223199298,34.44082663204596],[126.10206438024854,34.43996191731939],[126.10175579119733,34.43933004980074],[126.10111271528366,34.43911784587508],[126.10084277827258,34.43873174464326],[126.10102607138211,34.43840940302079],[126.10131714096138,34.43831218213595],[126.10165454367177,34.43840513178087],[126.1022866856536,34.438103965106976],[126.10232826520402,34.43744401566882],[126.10203670969442,34.436655769083835],[126.10167654006644,34.436265598551635],[126.10072529845736,34.43577768778221],[126.09997144780522,34.43560359446016],[126.09983548762702,34.435763459867424],[126.09883918869878,34.43622978958865],[126.09852596099067,34.43650308693921],[126.09842388462637,34.43647503821034],[126.09791125320238,34.43667532459888],[126.09713900443693,34.4364546366691],[126.09682684626145,34.436099024995386],[126.09652529764426,34.435978653793576],[126.09644578585937,34.435790236287446],[126.09632459290364,34.43575436424038],[126.0962203585014,34.43558556783317],[126.09634402498175,34.43514877101527],[126.09623762247071,34.434687699747066],[126.09614701904381,34.434601862803234],[126.09649598645105,34.43371686090593],[126.0967477536936,34.433692870835216],[126.09703643609112,34.43390101689032],[126.0977483955928,34.43376938094738],[126.0981511156812,34.43355509544996],[126.09844397078139,34.433564712876255],[126.09884098846518,34.43335538586285],[126.0989563001512,34.4333430580581],[126.09899250687447,34.43347358969579],[126.0992993773823,34.43330573741082],[126.0994621406999,34.433089190474135],[126.09948754588636,34.432895563121946],[126.09973063120583,34.43276391814161],[126.09977642121625,34.43266064630331],[126.10035175057901,34.432462607517024],[126.1007092670838,34.43183138814254],[126.10086533151355,34.4318371346918],[126.10096857895965,34.431674385950295],[126.10081968266849,34.43102775406846],[126.10044405721067,34.43034396287764],[126.09950119208294,34.42964415301523],[126.0990908431332,34.42976359342704],[126.09847781853345,34.43029694768629],[126.098356787047,34.430527917859116],[126.09864542373985,34.43071439865173],[126.09860722469149,34.430758187201526],[126.09831200930947,34.43074033184556],[126.09816919615675,34.4307903517512],[126.09820357187786,34.430916939933255],[126.09809642014359,34.430932536393556],[126.09806818320104,34.43079860186554],[126.09768863249748,34.430855688251654],[126.09743435177795,34.43101593874263],[126.09733145202789,34.4309094142669],[126.09719283601171,34.430930257978524],[126.09738606799014,34.43162548391736],[126.09706221984814,34.43071135540138],[126.09712839199167,34.4304259046221],[126.09729740071045,34.430219358345326],[126.09732844121969,34.42979370191961],[126.09707094890727,34.42954531331109],[126.09596953049956,34.429610305400054],[126.09548364410257,34.42943036202359],[126.09523879797104,34.42906618546672],[126.09532054431784,34.428185714090695],[126.09502142261645,34.428022710981196],[126.09429117536232,34.42808908618403],[126.0938579454438,34.42795118166389],[126.09349539375762,34.427676558802496],[126.09361285614794,34.427364997810685],[126.09354767945032,34.42707551807174],[126.0927616228641,34.426579784765586],[126.09296038943836,34.42619599344466],[126.09340687850508,34.42602016935338],[126.0941477030616,34.426046507892224],[126.09619283775213,34.42426474746318],[126.0963034755583,34.423927938311444],[126.09671810562217,34.423667276607794],[126.09712710468318,34.423528272958904],[126.09767857196401,34.422952508479995],[126.09801300783923,34.42271345176041],[126.09787479240862,34.422237227521904],[126.09803366619873,34.421802085099095],[126.09770936258106,34.42186409613581],[126.09692287232313,34.421752221222285],[126.09481122028116,34.4232951299458],[126.09439794550634,34.42347928244849],[126.09391159679697,34.423531950705616],[126.09350033710561,34.423400599118125],[126.09217602841439,34.4226639084655],[126.09166357930677,34.4221237514647],[126.09164176851567,34.42165381275784],[126.09167290783495,34.42137696501892],[126.09301591340969,34.42060889229343],[126.09419408270891,34.42033387748936],[126.09471045094543,34.4200227490094],[126.09517729660945,34.41989854014193],[126.09562164098037,34.419871651795994],[126.09600745154448,34.41962691424166],[126.0969427125386,34.419363163112564],[126.09711230242503,34.41922786034954],[126.09711586921787,34.41901677329475],[126.09740109207534,34.41861802748876],[126.0972314688572,34.41879195644053],[126.09706762995867,34.418811459946305],[126.0970591361442,34.41892650895523],[126.09646347448034,34.419129710386564],[126.0963242497603,34.41914019145497],[126.09623426942743,34.41904145072694],[126.09614623686328,34.419107189083775],[126.09589706168978,34.41883624271908],[126.09498344213846,34.419119833358415],[126.0942384032083,34.419207336918106],[126.09421858972512,34.41962181767519],[126.09415232076886,34.419624120569665],[126.09415733031815,34.41931136382296],[126.09378280885944,34.41931228117927],[126.09378613881604,34.419155097655505],[126.09364796345692,34.41892248760601],[126.0930926790846,34.41911587625512],[126.09142106016132,34.42002705866861],[126.09102497195236,34.41993804339804],[126.09050174267361,34.41997489225811],[126.09012820269444,34.419691560011465],[126.08971279748707,34.41921181904099],[126.08946466713415,34.41867419054846],[126.0908647350269,34.41786978826117],[126.09223329006184,34.416861044085856],[126.09336711593262,34.41614336942135],[126.09351838201204,34.41581838414201],[126.0931094478785,34.4151112551663],[126.09260272730985,34.41517331350111],[126.09187290999809,34.41542717466421],[126.09137657692037,34.41526404836048],[126.0907768482248,34.41487326203235],[126.09088094039876,34.41451594630989],[126.09121757238536,34.414187241418624],[126.09203593566015,34.4137297345815],[126.09288126904674,34.413525262920345],[126.09354707189661,34.413721019535785],[126.09373746571393,34.413599541267935],[126.09381809401098,34.413001521716055],[126.0934782883265,34.412427515144955],[126.09454014896508,34.411454912344716],[126.0951018457979,34.41138296780295],[126.09576416159878,34.41101113147125],[126.09606724464116,34.41095550342559],[126.096385759764,34.41056471284652],[126.09703682702883,34.40962200394247],[126.09697157199017,34.409040733336035],[126.0973253693614,34.408000823194065],[126.09726218040399,34.40781374313186],[126.09730389542264,34.40745433763975],[126.09750380770964,34.407163987424184],[126.0973556732754,34.40551743063018],[126.09757424848533,34.404867576247],[126.09790790829071,34.40437221036504],[126.09863425628788,34.404062118314975],[126.09913543008993,34.40400458162502],[126.09975033162837,34.40428837677162],[126.10051594062276,34.40388522014382],[126.10102608760386,34.40321723277929],[126.10023621728818,34.40263811008653],[126.09934911012853,34.40172974961086],[126.10058002668704,34.401392265556595],[126.10187925919561,34.40075218459538],[126.10311557166145,34.40045194336887],[126.10345444790002,34.40006823260198],[126.10347601497374,34.400264541401064],[126.10377793059472,34.40033450808126],[126.10435864461263,34.399540796893966],[126.10451257222728,34.39883202438454],[126.10503358883291,34.39872464252113],[126.10552852114063,34.39882898399865],[126.10628025166919,34.399139799487195],[126.1073272678089,34.398389877344556],[126.10706550717263,34.39787817088555],[126.10737373771433,34.397114516438606],[126.10840705050464,34.396423861448035],[126.10900793052252,34.396117820683095],[126.10901875873995,34.395644749055464],[126.10922172555507,34.39535413040918],[126.10976383713194,34.39513661921509],[126.11103301651013,34.3953779792418],[126.11173888052348,34.39474941848766],[126.11185912435872,34.39342082071392],[126.11162071653118,34.39326183303313],[126.1113030527493,34.3934496249075],[126.11143976552094,34.39361783436417],[126.1112674640775,34.39345761408549],[126.11080233722501,34.39347058142417],[126.1107025148898,34.39353605573611],[126.11063331412792,34.39376986030784],[126.11057134262938,34.39376057514048],[126.11068334175901,34.393340179955786],[126.11059570705584,34.39328989129553],[126.10963911518202,34.39330581961519],[126.1091727762874,34.39282947652097],[126.1095737634957,34.392059965575626],[126.10939616772664,34.391089418770456],[126.10994021295028,34.39071556765916],[126.11075883991371,34.38950059726793],[126.11133988699245,34.38889104185982],[126.11404827090479,34.38636023362835],[126.11433187379122,34.38581728521981],[126.11458518591691,34.385064479967845],[126.11467770033998,34.38436048432287],[126.11508350842593,34.38376135879488],[126.11536663314975,34.38288038574448],[126.11469657126054,34.382954065130974],[126.1137853511704,34.382109507553764],[126.11412217429178,34.38178703845371],[126.11450216877019,34.381589458986205],[126.11549736579855,34.38145998335507],[126.1160901617605,34.380881453050094],[126.1173932414836,34.38023308947771],[126.11727841257655,34.37987665439445],[126.11723567783795,34.3789234426969],[126.11754958900849,34.37871582089265],[126.11767691627762,34.37894123284783],[126.11761534794553,34.37922467601415],[126.11768615793439,34.3797412837902],[126.11824028484756,34.380165422944586],[126.11929798589566,34.38026623220855],[126.12169666599324,34.379893033939325],[126.12392971988477,34.37928403044009],[126.12441778818192,34.37923828364359],[126.126224516695,34.37857063591696],[126.1264869295359,34.378670957577405],[126.12650036835535,34.37860816072766],[126.12711603779333,34.37855938500599],[126.12667758489472,34.37866368469289],[126.12666386781244,34.37935659865712],[126.12656809404437,34.37974233094402],[126.12692181347809,34.37982733998647],[126.12690289814562,34.37987415140543],[126.1264975328277,34.37976109012703],[126.12625553055746,34.38139923565764],[126.12581271415978,34.381858547753595],[126.12640489492014,34.38231313848961],[126.12967458267393,34.385362128432654],[126.13012692281139,34.3855807919854],[126.14328092779323,34.385185848237136],[126.14329455372,34.384779604961714],[126.14308994850605,34.38370728592437],[126.14367728931786,34.3836095420463],[126.14395310922897,34.38348514811946],[126.14429110244282,34.38321960995832],[126.14440945074826,34.38301604786109],[126.14444060894863,34.382907517164675],[126.14418297541873,34.3826655259316],[126.14384791131508,34.38182804569873],[126.14390039046366,34.38156811556507],[126.14404950409181,34.3813626870053],[126.14455608234073,34.381102123915966],[126.14470254508348,34.3804115515186],[126.14495959478411,34.380146490274555],[126.14565235851013,34.37980417623237],[126.1458768439111,34.37931426602965],[126.14588203760809,34.37879391361986],[126.1457670374375,34.37853666976281],[126.14511277196428,34.378277655091495],[126.14473681050359,34.37749072247673],[126.14410134053769,34.37718503155674],[126.14368466784597,34.377236243220615],[126.14327357219243,34.377949388346906],[126.14339953732662,34.378270271466555],[126.14322584838823,34.377930772637065],[126.14299461932742,34.377819915284334],[126.14258377246684,34.377026304262195],[126.14247465292439,34.37704088991314],[126.14256771432704,34.37698690709193],[126.14253970645443,34.37680492740289],[126.14120393936557,34.37550195268163],[126.14000233789973,34.3757791297909],[126.138815596189,34.37566868412877],[126.13815282541528,34.37571842172238],[126.13701889718311,34.37562015796653],[126.13570480716837,34.37516013529113],[126.13481602013998,34.37448088028401],[126.13437929676184,34.37435488585657],[126.13469139067352,34.373997090831224],[126.13437927502002,34.374354885702566],[126.13413846220875,34.374170738419515],[126.1343636508702,34.373542619458945],[126.1353890180195,34.372564305363696],[126.13550765386555,34.372414722460434],[126.13543387492709,34.37231487148274],[126.13557673235191,34.37218637313977],[126.13567987210163,34.37219669396768],[126.13626474510043,34.371481746567845],[126.1372636498995,34.37061861259784],[126.13848791439027,34.36987419158319],[126.13833886895353,34.368851445784145],[126.13881103958946,34.36861706589358],[126.13892585835568,34.36842297579691],[126.13889230947238,34.36834353032574],[126.13862082168951,34.368308254865354],[126.13808636757142,34.36854524161154],[126.13790548967934,34.36851624659786],[126.13753003452138,34.36821383424378],[126.13664808849556,34.36834711257008],[126.1357779206263,34.36837500899289],[126.13572874618484,34.36807218487739],[126.13544625914699,34.367882670284736],[126.13562128348298,34.36733281637997],[126.13215698785272,34.36709292902971],[126.13020578404483,34.3656908211938],[126.13025939559225,34.36561645581273],[126.13220592736151,34.367044572065765],[126.13458369328794,34.36720876416002],[126.13490865874994,34.366762655403555],[126.1368985130217,34.36645566132312],[126.13679763870644,34.36601064060437],[126.13663954604583,34.366030851768635],[126.13623350542177,34.36424675600751],[126.13386273037095,34.36434966914184],[126.13305299907981,34.36405829000321],[126.13313962361096,34.36389086800116],[126.13303290681972,34.36385528856599],[126.13294522386185,34.36402308158546],[126.13216429630045,34.36374099643178],[126.13135389243769,34.36523008805679],[126.13220084927572,34.363553991918764],[126.13205399672164,34.36310403449199],[126.13153076155116,34.36246509423011],[126.13107488456995,34.362194217811265],[126.13043031596983,34.361456910931814],[126.13029706735232,34.361156830591746],[126.12983711016551,34.36088005221851],[126.1296339900145,34.36061067232806],[126.12985457235463,34.36031782528548],[126.13003775305215,34.35987135042598],[126.13076471827323,34.35973767481371],[126.13120438985872,34.359780932940154],[126.13273110132808,34.35926769959768],[126.13409923432754,34.35968021581261],[126.13441370292908,34.359920386331055],[126.1349173256161,34.35998680022692],[126.1365396895419,34.35964335969259],[126.13760762812043,34.359510753748545],[126.13794301557736,34.35899459585529],[126.13855093464537,34.35838395860698],[126.13895440696518,34.35715390737587],[126.1394616943628,34.35701505321104],[126.14039776811234,34.35735462201115],[126.14213237541186,34.35747220558514],[126.14246369352782,34.357748846858094],[126.14293101173281,34.358434034586026],[126.14358457538299,34.35883479741541],[126.1451713037674,34.35859103366213],[126.14596956128563,34.35820170390277],[126.14625887925503,34.358276516280135],[126.14630590942075,34.35846408224232],[126.14619227961495,34.35872609336038],[126.14518097726386,34.359479277830516],[126.14531543801442,34.359797695166996],[126.14566536475206,34.36002498712502],[126.14563023271927,34.36058218084651],[126.14539526942265,34.36119034173259],[126.14567278851729,34.361281560301755],[126.14594459973685,34.3615890289953],[126.14521099416642,34.362063139692324],[126.1444985798442,34.36216429884609],[126.14366462610074,34.36295556197229],[126.14353565591043,34.36377530738925],[126.14370496238215,34.36432572060253],[126.14430272384811,34.36475303251658],[126.14591201384145,34.365655440660305],[126.14685759598764,34.36599129507587],[126.14790951057448,34.366061410250886],[126.14840955116533,34.366012973146184],[126.14898891612062,34.36647743556025],[126.1496527321518,34.366684023231144],[126.15062987602008,34.366754351993926],[126.150784054209,34.3668609906851],[126.15277822460519,34.36672771808853],[126.1530164869171,34.36658560867425],[126.15461986585183,34.36635309801948],[126.15579279930432,34.36587625179322],[126.15575101498416,34.365780798471484],[126.15621893853458,34.36543350663178],[126.1566360759181,34.36489618215026],[126.15673934144304,34.3649637723647],[126.15675332216723,34.36483690146607],[126.15679558610492,34.36493337639838],[126.15691719839765,34.36439122596951],[126.15687671730052,34.363984876407606],[126.15698678293809,34.363943403404626],[126.15673454456399,34.363665192414615],[126.15635745976,34.36344787654992],[126.15552284045053,34.363285243933014],[126.15527493302746,34.36317379867398],[126.1550902783445,34.36267655156079],[126.15534694986722,34.362119146423865],[126.15566852040469,34.36192989429466],[126.15584987173975,34.361954277975435],[126.15625401872327,34.3622849396395],[126.15693192889994,34.36244176272049],[126.15718361377219,34.362571097172435],[126.15723138706781,34.36279885922727],[126.15756097477578,34.362824668214415],[126.15819516005342,34.3625008070171],[126.15951550324566,34.36260243638814],[126.1595660999213,34.36272459558664],[126.16083098453507,34.36335133133642],[126.16134663936444,34.36418571695575],[126.16121306840401,34.36422662691208],[126.16104443504166,34.363921793141394],[126.16086351955512,34.36382051849828],[126.16073005615245,34.36410539364961],[126.16005654775036,34.364694831412635],[126.16003270640446,34.364788597285724],[126.1602617620467,34.36508522987108],[126.16054456729401,34.36508113325902],[126.1611001599768,34.365273898794],[126.16211175544856,34.364935633668466],[126.16223613655823,34.36479599743287],[126.163771220134,34.364088606801715],[126.16377273817689,34.36393386741262],[126.16370845672337,34.36391687713319],[126.16300290201745,34.36402070597998],[126.16312495211454,34.36386925301604],[126.16287033677683,34.363847271834246],[126.16205012043922,34.363529239246915],[126.16189385973563,34.363850747053746],[126.16176231742949,34.36372322894463],[126.16190684218353,34.363365375987534],[126.16193021514731,34.36272098142836],[126.16184957968757,34.36261417597603],[126.16120910386167,34.36243038654267],[126.16093840506825,34.36216783252405],[126.16083454709604,34.36234137629102],[126.16013880203505,34.36185507596224],[126.15945214124434,34.36156987277885],[126.15896747130724,34.361100098467595],[126.15827798625746,34.36092316800706],[126.1571766601943,34.36038010581852],[126.15680189181556,34.36070250689843],[126.15698769861793,34.36040058124067],[126.15635035237196,34.35954389208615],[126.15559589419435,34.35982040789998],[126.1555654206072,34.359773340627925],[126.15661510771352,34.35927314274199],[126.15661541733765,34.35859880642521],[126.15615267979518,34.3584876741223],[126.15651800397396,34.357816659750014],[126.15655755033356,34.3570559298281],[126.15670383803648,34.35649625390271],[126.15701974993844,34.3565934989197],[126.15833088672748,34.35580858459128],[126.15870652909261,34.35578813014273],[126.1594714057219,34.35608254715471],[126.16067954515516,34.35567124835307],[126.16130398431906,34.35510287815078],[126.16107372781931,34.35387126677871],[126.16141971857026,34.353486022478485],[126.16202380154489,34.35309855356915],[126.16302696089406,34.35331847337183],[126.16394955282647,34.35322695460355],[126.16448261782618,34.35289831133722],[126.16623831893547,34.35279592618499],[126.16712108182901,34.35244950015004],[126.16804565379309,34.35252336000564],[126.16867969023744,34.35290827098902],[126.16946367236982,34.35283092089947],[126.17003923972347,34.35266672124509],[126.17084542622743,34.35292633601268],[126.17199940125869,34.352655443043965],[126.17278543980548,34.35273309717213],[126.17322394000516,34.352468625039656],[126.17401127177928,34.352379198128965],[126.1743161197558,34.35401071886998],[126.17521908858205,34.35459504444436],[126.17597124081698,34.35474543915454],[126.17752926557243,34.35646078218838],[126.17846206804614,34.35775769255107],[126.17950556303514,34.35893445593883],[126.18012450677001,34.35928679092432],[126.18035137606688,34.35933525971892],[126.18123256513098,34.35939043035784],[126.18159385910499,34.35951403997162],[126.18202165901303,34.35946309720689],[126.182022669823,34.35921962510654],[126.18229616864357,34.35901253773962],[126.18266856691874,34.35851513545201],[126.18283491819983,34.357963818457485],[126.18267520253463,34.357705317170144],[126.18233105957262,34.357674078881175],[126.18226931910584,34.35771106652467],[126.18228339156751,34.35808014709726],[126.18223130042266,34.35767275333336],[126.18232279586833,34.35744978137788],[126.18179337786715,34.35692768468106],[126.1818467143222,34.35628893875887],[126.18125812833964,34.356144579726624],[126.18126292619131,34.35609390586219],[126.18193626057601,34.35624720656449],[126.1824546225933,34.355649342507874],[126.182470348315,34.354743184646544],[126.1820387559732,34.35402018115652],[126.1812899789402,34.35358968760758],[126.18061436988576,34.353394388125544],[126.18015878408983,34.35258512959473],[126.18017221630235,34.351207692195736],[126.18029295139891,34.35111912414284],[126.18089924976134,34.35121547843068],[126.18158396735816,34.35207221535798],[126.18290799376767,34.35256073088914],[126.18513293910281,34.352059781003774],[126.18556719729096,34.352179511328195],[126.18554095620777,34.352589374935555],[126.18513322162653,34.352980406511485],[126.18544042230626,34.35482121325544],[126.18529693226975,34.35508194502029],[126.18567236353262,34.35570619776409],[126.18645754585609,34.35642583673973],[126.18689714540052,34.356581331107584],[126.18728666458857,34.3565407430628],[126.18829453548041,34.35664200246429],[126.18947447982387,34.356328848786234],[126.18998531354217,34.35667368340723],[126.19033630564815,34.3571865042068],[126.19104238778431,34.357147334048165],[126.19196119446062,34.356780531585095],[126.19369068263013,34.356811173326676],[126.19445663694987,34.356935674497],[126.19553230733864,34.3573932102376],[126.19690492410261,34.3580955456152],[126.19740137867339,34.35815315502002],[126.19895558692086,34.357745200991765],[126.19989676679086,34.35794037189565],[126.20073695582859,34.358213805325626],[126.20241624210466,34.3579645577956],[126.20360530274692,34.35871402773387],[126.2051127186867,34.360928831292135],[126.2053049954943,34.36107402402901],[126.20683380845932,34.3617243047224],[126.20716487786757,34.36166582224722],[126.20760413428954,34.36169872547465],[126.20805395463796,34.36155653649526],[126.20853768382443,34.361936500121956],[126.21017481933094,34.362037110776114],[126.2106203215694,34.36218424720991],[126.21117145903108,34.361973903196116],[126.2116420718169,34.36168895670406],[126.21224212002647,34.36112830753052],[126.21244001541854,34.360692735341544],[126.21272768932852,34.36054201097386],[126.21339038872699,34.36055605031548],[126.2135620042184,34.3607302948955],[126.21336657982295,34.36123926222284],[126.21381602612212,34.36160402955009],[126.2130539585235,34.362681845962356],[126.213009177401,34.36380026468415],[126.21199407303394,34.364549382946514],[126.21145908293533,34.36469624700178],[126.2112894307192,34.364850984220894],[126.21096965639987,34.364969712876814],[126.21066578862809,34.36523500059323],[126.20992029176317,34.36555311478379],[126.20985368247523,34.36596978084068],[126.20970216363615,34.36605332005],[126.20962366027419,34.36625965692455],[126.20915485130564,34.36670752428439],[126.20897127173151,34.36763402667828],[126.20876810237837,34.36780517483887],[126.21025451463574,34.36898743031229],[126.21020556836183,34.369029553759475],[126.20935487205324,34.368356174631074],[126.20916528574682,34.368527825979655],[126.20896570211686,34.36837337026381],[126.20882533297912,34.368494868046],[126.20849981474117,34.36823369482598],[126.20844066089342,34.3682872808707],[126.20833103015245,34.3681992570688],[126.20752229449897,34.36844932042053],[126.20747502522926,34.368351586146254],[126.20519947787555,34.369008540591516],[126.20408044857264,34.3691477403793],[126.20350529277164,34.369292053987145],[126.20250773282491,34.36966126726927],[126.20248682437183,34.36996049897726],[126.20247317650076,34.36967239084696],[126.20198731757826,34.36960078128119],[126.20182154637178,34.369459713899786],[126.2017041214428,34.36880704346428],[126.2013395078507,34.36809670586932],[126.20109397608479,34.36780405281457],[126.20069878593682,34.367657724686076],[126.19940692967522,34.36746505793959],[126.19933168246988,34.36777181167721],[126.19868678813846,34.367631484801976],[126.19855495079145,34.36769136818176],[126.19866044210696,34.36807661428735],[126.19896182877416,34.368537234019925],[126.1994800051282,34.368969814456776],[126.20005223548043,34.36929305942334],[126.20050894832237,34.37011375361638],[126.20236859428357,34.37113701653809],[126.20279513946093,34.37123131450812],[126.20454104839729,34.371276155009724],[126.20568140505286,34.37115046728584],[126.20594347789826,34.37067348810979],[126.2057619951591,34.37109749973773],[126.20665867236475,34.37168607012086],[126.20706373926512,34.371862569349084],[126.20789067426553,34.37196657782765],[126.20849195660516,34.37187971755051],[126.20998943730667,34.3707720200977],[126.20990357695851,34.37067016104329],[126.21013417826362,34.37058699775821],[126.21013690565775,34.37066807290641],[126.21041841875423,34.370629832455265],[126.2109255578455,34.37074285006646],[126.21107485745839,34.37080726657371],[126.21110043644677,34.37094399995403],[126.21159660509934,34.37086979591937],[126.21165379014037,34.370637908772856],[126.21207542504797,34.37068402388599],[126.21231081824197,34.370538282340554],[126.21267271824163,34.37054696107018],[126.21294891683505,34.370878550618194],[126.21338100301564,34.37109744457929],[126.21425824654156,34.37112759945422],[126.21502569499984,34.37055455577757],[126.21512373936228,34.37031177860421],[126.21552284090389,34.37030059475663],[126.21568555774657,34.37004487297461],[126.21542068279341,34.36954289973515],[126.21558727756951,34.3691907397454],[126.21587781107031,34.36907163123496],[126.21676041983294,34.368992908379376],[126.21843211826246,34.36914410280288],[126.219550110164,34.36875256873106],[126.21979595450857,34.36803550971201],[126.22008753627529,34.36782232336613],[126.22162969878447,34.36769686905171],[126.2223075644783,34.36855557193077],[126.22273632872219,34.3685145082364],[126.22303139323097,34.368868019297615],[126.22367092889972,34.369290281327245],[126.223912946517,34.370157085577034],[126.22429125352869,34.37050339696539],[126.22568491717936,34.37079986934744],[126.22695907552392,34.3700869557487],[126.22851453820523,34.37033502055417],[126.2290737781024,34.370304268736284],[126.22918066526118,34.37047005123132],[126.2299920984158,34.370338455205925],[126.23000878910477,34.37040926048844],[126.22949806386494,34.370491362180275],[126.22935757072483,34.370582973040676],[126.22877553465875,34.372296051066705],[126.22879722734275,34.37238561100373],[126.22955974880152,34.37258805396645],[126.22870547393468,34.3724303382452],[126.22835746562257,34.37302787878176],[126.22827807777064,34.37349918275879],[126.22852078852644,34.37394301685195],[126.22923409259799,34.374385141810905],[126.22993107222794,34.37462475912029],[126.22992524810789,34.374846152453316],[126.23042771228828,34.37494352824361],[126.2311291081604,34.37495932066695],[126.23169075373691,34.374790083821615],[126.23192594049135,34.374833335454134],[126.23296932349676,34.374545308630445],[126.23338888578931,34.37408112152715],[126.2333251308923,34.37386585381149],[126.23345729989892,34.37373467603378],[126.23356112937005,34.373327902815866],[126.2333945657506,34.372051993591135],[126.23363327440129,34.371007818391256],[126.23363826181743,34.37042896153233],[126.23348285819998,34.3701273646773],[126.23326515285189,34.36908846556847],[126.23374481093616,34.368820032386964],[126.2342198135151,34.36881035423364],[126.2348530899902,34.36897354358405],[126.2356889919199,34.36930206896997],[126.23682714986136,34.37037276873795],[126.23749568094529,34.37055111062494],[126.23886872730628,34.37063278823681],[126.23924683180108,34.370858493633584],[126.2395567329436,34.371324188103756],[126.23961389465038,34.37171092018028],[126.23983754446661,34.372182810835746],[126.23982482850649,34.37256920712473],[126.24010475118024,34.37303652550782],[126.24017535218147,34.373601303568535],[126.24010169252566,34.37372189108994],[126.24025127684178,34.37389614172266],[126.24047568004498,34.373959925865485],[126.24080207235036,34.374410917923406],[126.24109029672366,34.37464295509254],[126.24128835270992,34.37464256267211],[126.24144429204898,34.37473596490908],[126.24153376629337,34.37494195911357],[126.24152715229386,34.37559247982174],[126.24137583876069,34.37588106544528],[126.24142185612446,34.376400275295474],[126.24207611973361,34.37740696498639],[126.24204342382852,34.37752416591531],[126.24224544731823,34.37770777187657],[126.2424035217877,34.37770142356903],[126.24265861117756,34.37789740119648],[126.24286620343298,34.37784586349977],[126.2430081780514,34.37801903593197],[126.24306661418791,34.378301558333646],[126.24319584837639,34.37819354598607],[126.24328178637212,34.37826195692498],[126.24400065054381,34.37816079485465],[126.24399919494815,34.3782125826977],[126.24327929579303,34.378307897001356],[126.24351637458633,34.378946702727674],[126.24393915288488,34.379182856609866],[126.24400579701732,34.37946226527798],[126.24457149736526,34.379395172982534],[126.24521933646353,34.37967785824171],[126.24668350803486,34.379853113086234],[126.24735917808526,34.37935732020697],[126.24850649818993,34.37877741871586],[126.24998465063355,34.37850996764483],[126.25108494896894,34.37813878847238],[126.2520680724456,34.37807099261193],[126.25317883483483,34.37848123801027],[126.25359561451482,34.37881163096664],[126.25444513921423,34.379143600746524],[126.25463253719965,34.37934441387385],[126.2546119497507,34.37963168615223],[126.25385452542574,34.38133023809767],[126.25405696960333,34.381235443884464],[126.25420657250261,34.381305849546045],[126.25425942706175,34.38144882546362],[126.25460448259955,34.38163885520256],[126.25519282959137,34.38182271442041],[126.25560533526973,34.381823606347794],[126.2559846614924,34.381697633140206],[126.25619184239174,34.38143495257793],[126.25626637278735,34.380578405087455],[126.25640309075243,34.38037765685254],[126.2566522576756,34.38035192277155],[126.25741320978527,34.38055101928674],[126.25791587715477,34.38056531504208],[126.25834138280023,34.38072227132305],[126.25901127486777,34.380817643929106],[126.25948587961767,34.380776711908],[126.26026606817486,34.38047442573974],[126.26143472068003,34.37936583548063],[126.26252957368226,34.3787326059318],[126.26363050286729,34.37839398571254],[126.26452812882475,34.378210991799094],[126.26673352295842,34.37831352019633],[126.2671456808614,34.37878089510952],[126.2672472346018,34.379029455396925],[126.26862379741605,34.379907841634406],[126.2685808043252,34.379959363119404],[126.2674753910122,34.37930134702017],[126.26737554392412,34.37939539977817],[126.26766013005425,34.379671036941424],[126.2675636540689,34.379761251878755],[126.26694314197893,34.37932727067542],[126.26652761672203,34.37943691588508],[126.2659984836202,34.37940849709772],[126.26529817898471,34.37999839222784],[126.26500329676477,34.380517201680554],[126.26500393283243,34.38094137054558],[126.26525529129795,34.38161436767502],[126.26603749779277,34.382753941901626],[126.26619595645269,34.38285632430994],[126.26811451269768,34.383303457477744],[126.26836935009536,34.383474825051294],[126.2684926191971,34.38367054546426],[126.26845242291944,34.383964878240356],[126.26800167222666,34.38414404385315],[126.26794068023197,34.384360313052426],[126.26786277683178,34.38437498134224],[126.26817211535186,34.3851248523462],[126.26810366165638,34.385153062984195],[126.26785356691964,34.38460069247747],[126.26715455201028,34.38425456520887],[126.26587781645942,34.38451239119778],[126.26532331563861,34.38469538539387],[126.26497534960625,34.38518254082654],[126.2641870757998,34.38527650259772],[126.26324447856355,34.38511124725794],[126.2623012314498,34.38542005824762],[126.26229488556466,34.38558911244946],[126.26219491755296,34.38539352668573],[126.26123014369557,34.38540226248492],[126.26048146657557,34.38557990434598],[126.25997513376987,34.38583981537959],[126.25957125339848,34.38681766775502],[126.25955119650698,34.38755309559602],[126.25932106952041,34.3881396385551],[126.25942310267303,34.38893883531398],[126.26047452851645,34.392421316988994],[126.26106079498626,34.3934467931335],[126.26152184322605,34.393213241994324],[126.26156037673117,34.393263234530174],[126.26109534147288,34.39349756397206],[126.2624211094332,34.39488644115997],[126.26289293411247,34.39550023230416],[126.26347796671367,34.395937291855226],[126.26447754578865,34.396901908209124],[126.26531656225457,34.397456206365604],[126.26583813608661,34.397313751325306],[126.26627019382079,34.397085939688566],[126.26731050705571,34.39696763351372],[126.26856091318477,34.39604137135735],[126.26886018678003,34.395939867294466],[126.26906429381195,34.39592599896036],[126.26953176711153,34.39607524412562],[126.2709949218172,34.39601471130869],[126.27140918192102,34.39620239363714],[126.27110866194079,34.396649193579144],[126.27157212235993,34.39672417334504],[126.27227680755912,34.39699095542752],[126.272669724133,34.39687422481479],[126.27316020277517,34.39645926384742],[126.27394597609135,34.39630463532218],[126.27406089570364,34.39643331417934],[126.27457218455025,34.396446664906094],[126.2762371819476,34.3963439449519],[126.2767986791092,34.396155408581734],[126.27787190046016,34.395301035760475],[126.27830292115928,34.39480571728481],[126.27838587347533,34.3939354504666],[126.2783110306724,34.393607297920404],[126.27811609072305,34.39326800579307],[126.27723824924792,34.393065145481096],[126.27694664411061,34.393175062981285],[126.2764145276456,34.393076070074564],[126.2763419969861,34.392788458875145],[126.2766351699458,34.39280945952858],[126.27646939047766,34.39267471248658],[126.27601184241702,34.39256307967025],[126.27596199043978,34.39227623368336],[126.27724685393444,34.39161266635682],[126.27710394186525,34.39138978624151],[126.276864019971,34.39125944158329],[126.27616532500404,34.39134336447131],[126.27615205148713,34.39110589996212],[126.27625462979003,34.390897391273256],[126.2766932398263,34.39066050347304],[126.27954745247037,34.39023530650592],[126.28007609152276,34.39034126944742],[126.28018574322411,34.39066721942665],[126.28017837003108,34.39106794839572],[126.28027169625287,34.39124229657455],[126.28049727053155,34.391501925112465],[126.28061860581077,34.391412829152166],[126.28102574820576,34.391601140248746],[126.28183441478052,34.392285495916006],[126.28180904344522,34.39243947537822],[126.28221109502401,34.39240129219191],[126.28275887098366,34.39251198950945],[126.28318754368622,34.39200896824152],[126.28324082690345,34.392036982309925],[126.28304530174191,34.3923179861949],[126.28356043351954,34.39336880117458],[126.28347489026915,34.39380380424227],[126.2830611574973,34.394206826873614],[126.28326308447289,34.39456460475332],[126.28399698500846,34.39471059856562],[126.28440790078339,34.39467595780822],[126.28805817204265,34.393338728290885],[126.2881696842016,34.39339046309942],[126.28770417760201,34.39288043478894],[126.28775315681055,34.39283924506338],[126.28827958297508,34.39331446295202],[126.28959782364493,34.393549166900016],[126.28995230668473,34.39351300729222],[126.2900089780391,34.393549664937176],[126.28946244148322,34.394108743278096],[126.28967710287148,34.39470991132661],[126.29031771539844,34.39536866028736],[126.29102135316676,34.39572405771149],[126.29220975380804,34.395939283916924],[126.29247679472836,34.39610786876256],[126.29340153445396,34.39612449110556],[126.29394698006695,34.39599856837826],[126.29498119606596,34.396537855373786],[126.2956345944124,34.396773477105924],[126.29587229444348,34.39679166887633],[126.29593109740688,34.39665521395193],[126.29610179994398,34.39660315713676],[126.2963344658053,34.39665103055173],[126.29655022097238,34.3967430940084],[126.29685532206996,34.39769701839545],[126.29688358457598,34.398033284122356],[126.29673390627067,34.39847392184794],[126.2958971726494,34.39880330993206],[126.2952801802977,34.399420673424046],[126.29506149532301,34.40046748226699],[126.29409735610129,34.40051604404528],[126.29383075723092,34.400929878147814],[126.29387020260049,34.401745100143565],[126.29303690963137,34.402415963338875],[126.29151258370182,34.4026408812434],[126.29141187458927,34.40270548012145],[126.29141731563826,34.40561102925285],[126.29202727643545,34.40547222086975],[126.29250026723612,34.4055084690563],[126.2926745591274,34.40560450880899],[126.29202710768736,34.40682330019337],[126.29241621291072,34.40756161856846],[126.29215782438001,34.40805952826777],[126.29247441020684,34.408697618358325],[126.29242176423354,34.40891218074671],[126.29255272589634,34.40884772939718],[126.29276060030135,34.40907528552499],[126.29328078431242,34.40908162392353],[126.29364765901065,34.40882537591373],[126.29523612582743,34.408430285966304],[126.29652077152535,34.40836079256062],[126.29710949374746,34.40823605233128],[126.29721845249009,34.408390447425134],[126.2971031770227,34.40883923348488],[126.29795692923851,34.40909725228199],[126.29869911623754,34.408537188269634],[126.29892140482025,34.40826925838902],[126.29885961402667,34.407344556335985],[126.29898778837057,34.40673694535856],[126.29868525062547,34.40652996771911],[126.29875966840605,34.40648785610793],[126.29860996164601,34.40643693914393],[126.29851875226655,34.40616682095904],[126.29860515788575,34.405758901091495],[126.29894474283178,34.40575167468912],[126.29868501307452,34.40559060085662],[126.29872209491148,34.40554696770837],[126.29898177806568,34.40570710369574],[126.2993009104079,34.40532299219102],[126.2992398490735,34.40528314057004],[126.29947143867267,34.40511005850601],[126.2993667147097,34.40437965011235],[126.29941997590375,34.403888399305444],[126.29959874831849,34.40362813286921],[126.30019054212376,34.403362734024945],[126.30092002726165,34.403311438027124],[126.30158725834328,34.40368221554794],[126.30170515891469,34.40353748721763],[126.30212878178868,34.40370541401209],[126.30217425136512,34.40384810178933],[126.30234679466616,34.403812714582244],[126.30241046120622,34.403710665466086],[126.30240983629002,34.403878663722175],[126.30286345515339,34.40403509469023],[126.30307857338383,34.4040223864319],[126.30334814697024,34.403869462639335],[126.30402247535724,34.40380219341873],[126.30450872684246,34.403597551193606],[126.30517993846436,34.40352148677867],[126.30540583272604,34.403070103566485],[126.30596569412582,34.40274310669902],[126.30599537494564,34.402515507837926],[126.30616421557744,34.402188297094625],[126.30623492074486,34.402210198266076],[126.30605722250857,34.40262874704462],[126.30641916182516,34.402653510882544],[126.30638185727584,34.40279311276136],[126.30607833995627,34.402761874953434],[126.30653784829101,34.40287299223928],[126.30671832591206,34.403208822005034],[126.30617332922701,34.40416325678582],[126.30678921430138,34.40467867527842],[126.30665665677043,34.40495144733107],[126.30563667582018,34.40587273944984],[126.30445407569901,34.406414950509266],[126.3040950765906,34.40632625823489],[126.30388899652418,34.40640377035903],[126.30374908243223,34.40698349227859],[126.30415920873541,34.40742528335991],[126.30402854071474,34.4079969902943],[126.30381661458487,34.4081165933037],[126.30305624058737,34.40829005561086],[126.30301501683304,34.40846052632056],[126.30354746586039,34.40924495249266],[126.30316283979096,34.40971021843694],[126.30286136780369,34.40987625567795],[126.30254526572622,34.409918053045196],[126.30225627596657,34.40983986943],[126.30172884576572,34.41063259246345],[126.30192159427654,34.41118077045326],[126.30187704132263,34.41199370585683],[126.30146574600302,34.41256201058532],[126.30093322107281,34.41301564153934],[126.30120770232556,34.4134994477788],[126.30200764159984,34.41447214437614],[126.30231746528676,34.414410498992986],[126.3023718029857,34.41431685232797],[126.30258005692475,34.41428257950609],[126.30260290828717,34.41437427841349],[126.30301419138908,34.414303565384415],[126.30389984764993,34.41368062959209],[126.30431254624294,34.41280684430361],[126.30494986244146,34.41187398491904],[126.30608063565467,34.41134728674845],[126.3067282280423,34.410821440970416],[126.30714744853569,34.41027458133103],[126.30721564899189,34.410096266521705],[126.30714339824398,34.41007893645369],[126.30717839427132,34.409986007094474],[126.30725152799549,34.41000572195823],[126.30738727235867,34.40953090038045],[126.30743458234818,34.409004366065176],[126.3076649488625,34.408850876991046],[126.30787647303461,34.40848960642483],[126.30855730779098,34.40825860238231],[126.30922685561445,34.40767557151978],[126.30950488496062,34.40730283832155],[126.30928883144253,34.40692898697847],[126.3099651535618,34.40672758883548],[126.3099641752368,34.40686236699224],[126.31006941166652,34.406855813276145],[126.31013521470072,34.406953324548844],[126.310475402233,34.406922253455235],[126.31066396228827,34.406789751469624],[126.31076018746468,34.406533753171004],[126.31113154514577,34.406212510526935],[126.3114892384396,34.40624121086462],[126.31169839066254,34.40612507638404],[126.31197649592535,34.40610573041468],[126.31262844695303,34.405613203355756],[126.31265589203218,34.40482687594253],[126.3124543977441,34.404155266150184],[126.31241748790566,34.403679988763244],[126.31307109454734,34.40234250944695],[126.3132183230348,34.40185015796088],[126.31309525478734,34.40179726307928],[126.31314076175578,34.40166790953773],[126.31268456869532,34.400555854732076],[126.31228493889763,34.40026888358949],[126.31231322086005,34.400222997136325],[126.31258522842471,34.400042905915356],[126.31272680849196,34.400113763103704],[126.31260311452003,34.40026898051011],[126.31280408234758,34.400426413042695],[126.31272487783797,34.400543245068974],[126.31326684329417,34.40169544568698],[126.31348587219844,34.4009714029345],[126.31392199102174,34.40072044940532],[126.3146567235024,34.40049035346799],[126.3151118008775,34.40044077642647],[126.31501396077482,34.40088641520865],[126.31460148100865,34.4018968543966],[126.31481844711362,34.40266497520711],[126.31445576838729,34.403677838439435],[126.31431681634325,34.40582169954102],[126.31378643145462,34.40730097115753],[126.31371069613334,34.40817613473145],[126.31345931607571,34.40874579426555],[126.31302646231649,34.40901508122254],[126.31294143141413,34.40920221994044],[126.3132628832039,34.40965244200232],[126.3132779542852,34.409909239518534],[126.31269351393328,34.410391467498144],[126.31233620114227,34.41049985503633],[126.3122909396618,34.410877033900505],[126.31230463215061,34.41114641684763],[126.3125711724185,34.41150628624229],[126.31267532190793,34.411959477648104],[126.31306307362384,34.412597275782325],[126.31297868988267,34.41308200201378],[126.3131233730804,34.41402222662147],[126.31365426151535,34.41412543477724],[126.31396427416962,34.41426951495957],[126.31393477398031,34.41431225780182],[126.31363872995617,34.41417582819124],[126.3130743740886,34.4140697904309],[126.3120399355155,34.414601675312724],[126.31214746582322,34.4147807305997],[126.31199535368384,34.41462380686313],[126.31192225195316,34.41468042005025],[126.31161429029338,34.41460606376532],[126.31098983217308,34.41562589326397],[126.3111459974603,34.41568929853278],[126.31101977677632,34.41591053009368],[126.31093168175083,34.415917172286626],[126.31093746996883,34.41584816357202],[126.31087904567482,34.415934507361065],[126.31650727051728,34.41999888194074],[126.31677048822294,34.41988177991791],[126.31663880009864,34.4195670888751],[126.31714646320503,34.41911442254179],[126.31762146990641,34.41894996058557],[126.3181131384087,34.419012951370625],[126.318722742311,34.41898638219507],[126.31907360068516,34.41914176516786],[126.31918630798896,34.419426600241486],[126.31913414393115,34.419551825982474],[126.31940699295843,34.420158394930645],[126.31934838926333,34.4206667514252],[126.31914942002153,34.42124290664032],[126.31922293796154,34.421482072352276],[126.31915453711525,34.421946816364816],[126.31842851758711,34.42315993510269],[126.31849403334056,34.4237356814773],[126.31833227481201,34.424265203895025],[126.31857218945547,34.42433564792883],[126.32027239179384,34.424638303338526],[126.32070693481013,34.42435570493909],[126.32127220762042,34.4232526554275],[126.32148071615087,34.42306916350822],[126.32148251468254,34.42279457656258],[126.32289039199024,34.42104863166137],[126.32308316035798,34.4210121738171],[126.32332793727947,34.421090081394354],[126.32372265296749,34.420980967917124],[126.32404836842463,34.42100953584604],[126.32427171986417,34.42113698329824],[126.32497071133457,34.421161656074574],[126.32502307027862,34.4210801758602],[126.32523037588841,34.42042551429484],[126.32511614876213,34.41973494642805],[126.32470350104174,34.41916242127788],[126.32415134913259,34.41886435060916],[126.3229906763509,34.41878034078875],[126.32281203145963,34.418555657118944],[126.32241054833037,34.41832709522383],[126.3223895004113,34.417858742513424],[126.32258155523847,34.416816605863076],[126.3227969339856,34.41649257865134],[126.32333325795207,34.416348951242284],[126.32389074825008,34.4160500931802],[126.32455665730366,34.41604711789749],[126.32439544484885,34.41583118675041],[126.32598764483826,34.415885402974794],[126.32623535174129,34.415821893614485],[126.32692636512022,34.41513450663397],[126.32648949333213,34.41485982539893],[126.32619101905097,34.414510023164894],[126.32571122305616,34.414260811364855],[126.32484991887046,34.41425202142048],[126.32320354775187,34.41381408878398],[126.32310022573849,34.41389107602391],[126.3226175222971,34.41375291175266],[126.32204470726244,34.413743593145654],[126.32172242646162,34.41359384920711],[126.32154896048563,34.41341240751578],[126.32135069268702,34.41264407884019],[126.32271932851498,34.411505684551116],[126.32360692436681,34.411050788586195],[126.32388684355679,34.410765013261376],[126.32460356184029,34.40971370622295],[126.32466368779978,34.40944617501657],[126.32422330365968,34.40894920640953],[126.32479381703793,34.40818939047722],[126.32560729882368,34.40754928264463],[126.32653054927103,34.407088233620286],[126.32768576882104,34.406097576883774],[126.32773288726892,34.40588002046701],[126.32765078666158,34.40560570970594],[126.32669541547992,34.404574340087635],[126.32581452392661,34.40411242885976],[126.32513599300202,34.403983271273454],[126.3247959026551,34.404089492111],[126.32455408472583,34.40449012641124],[126.32404355198597,34.404926258988034],[126.32411274345759,34.405138228924905],[126.32399128762742,34.40496343361816],[126.32374362972196,34.405054324870065],[126.32298292221162,34.405072699157124],[126.32241884017347,34.40492668208994],[126.32093940987971,34.4052183728998],[126.32091272060697,34.405147163661816],[126.32067956626564,34.40507704139879],[126.32019120137842,34.40514761952796],[126.32017969688665,34.40509501934475],[126.32071944105344,34.40501209790373],[126.32105623291615,34.40450561114482],[126.32180552529185,34.40373686870936],[126.32266031631269,34.40344251475708],[126.32327431888238,34.40273927757638],[126.32391266364993,34.40244459827724],[126.32391791949877,34.40229175147046],[126.32356107745024,34.40191624358856],[126.32346150166495,34.40166949845549],[126.32359893476882,34.40097212737259],[126.3238603874112,34.400728031071225],[126.32425828926448,34.399845475154684],[126.32530854258253,34.399370263259186],[126.32628083074358,34.39827357966903],[126.32685755491447,34.39799949406982],[126.32745170071709,34.39752822943886],[126.32831544087692,34.397491219992176],[126.32843193688154,34.39776375466491],[126.32829419174526,34.39804128208796],[126.32803179180749,34.39946940375496],[126.32841931698137,34.399664940873954],[126.32925310997878,34.39972682902602],[126.3294802272921,34.40052546754971],[126.32974920281896,34.4009314046328],[126.3300836000622,34.40109583345872],[126.33053957166518,34.401146129052975],[126.33068861875654,34.40123331362733],[126.33239924309032,34.400877305499996],[126.33352529229636,34.399789463688194],[126.33409595280865,34.39966935882537],[126.33430457490749,34.39974836329768],[126.33451351670529,34.40015040204437],[126.33449977845504,34.400531854805266],[126.33478388011785,34.400716134968775],[126.33568646836018,34.40039570870885],[126.33636738840605,34.40037117842736],[126.3365787535455,34.40055899838909],[126.3363805450769,34.4014011330396],[126.33654727348497,34.40160353918561],[126.33664782516858,34.402457853158516],[126.33734183968132,34.40270243398618],[126.33752621487508,34.40383271067345],[126.33692213787681,34.404202377066774],[126.33656610185422,34.40424181015499],[126.3363106583398,34.40447467120112],[126.33607130608146,34.40494429348176],[126.3360335860431,34.40531830502162],[126.33661049522047,34.406358156428155],[126.33722091963836,34.40669167997998],[126.33728919378501,34.40705991203488],[126.33695506517783,34.40755968844732],[126.33670835433317,34.408268677277455],[126.33683448755941,34.40833869258951],[126.33678197953967,34.408485504995404],[126.33619313277876,34.4085299188681],[126.33621851775192,34.4087731763529],[126.3360643279242,34.40893338987164],[126.33572243314866,34.408967245199605],[126.33541767160155,34.409485368082834],[126.33525799636845,34.409652545891106],[126.33508993770464,34.40968629118213],[126.33497540951365,34.40987680948708],[126.33505242894465,34.409910717662555],[126.33505763488549,34.41051336115544],[126.33509326078736,34.410467446354915],[126.33521407017648,34.410542473398486],[126.33539448098081,34.410818170674155],[126.33600855185283,34.41141713210936],[126.33650281744646,34.411671890187264],[126.33652541382072,34.41199836262459],[126.33666999400235,34.41206081608498],[126.33659461943836,34.412160989563446],[126.33775644202316,34.41289259938946],[126.33656143986104,34.41220428586913],[126.33634054676286,34.41249379169818],[126.3365579272849,34.412627602681624],[126.33631490077877,34.41295255910245],[126.33604099342529,34.41281316681075],[126.33576312629911,34.41323552286237],[126.33567576621074,34.413723819048634],[126.33534541062879,34.41417659155517],[126.33542613548632,34.41440496096191],[126.3357449629961,34.41474834324051],[126.33625767289747,34.415086937703265],[126.337413381013,34.41391993379467],[126.33746635989789,34.413373847490526],[126.33756326664245,34.4133898511868],[126.33750327132348,34.413962266674424],[126.33632184700508,34.415153037886284],[126.33744494281686,34.415863842022944],[126.33831819152417,34.416162872809615],[126.33848339179539,34.41586426371317],[126.33854369470149,34.4158822677953],[126.33839790459234,34.416177502607326],[126.33954887169484,34.41639892791844],[126.33961872538981,34.416133866897276],[126.34003033943368,34.416204936251816],[126.34042110113636,34.415786732392],[126.34154356602795,34.41535634955324],[126.34192995871953,34.415295133864895],[126.34220377615276,34.415383112233314],[126.34261414812813,34.4159370063455],[126.34254144700623,34.41699079866557],[126.34273660407268,34.41786554642509],[126.34275363954698,34.41925276065029],[126.34287131972636,34.419916757055546],[126.34310586498296,34.4199919288456],[126.34440206189983,34.418964365764346],[126.34498541292899,34.41881080876291],[126.34500823677007,34.41887313081676],[126.34445289096051,34.4190189056344],[126.34439620675371,34.4190634930529],[126.34448676451088,34.419152383939306],[126.34352759938169,34.41989444412624],[126.34377275984579,34.42021025781915],[126.34363453367766,34.42029242028906],[126.34446701558707,34.42135081595481],[126.34469289104858,34.42152547545929],[126.34553773438404,34.42190677543195],[126.34569804839334,34.42207206709976],[126.34575367806949,34.42227284615717],[126.34587900112494,34.422283055123536],[126.34613336231635,34.421995992433025],[126.34659809744167,34.421938463149516],[126.34813774292492,34.42294997452933],[126.34823057858648,34.42295821370751],[126.3488732976373,34.42258117222338],[126.34907966313824,34.42284498045189],[126.34833384369999,34.42317247013619],[126.34938217644557,34.424042825970695],[126.35000704795458,34.42476257694482],[126.3506184846865,34.425261859537855],[126.35128770456573,34.426046437274],[126.35137458588466,34.42602612980875],[126.3515314656753,34.42620190640496],[126.35148928318372,34.42626454886659],[126.35179454268157,34.427075341316275],[126.35156030820872,34.42770435843627],[126.35157658000976,34.42834159326319],[126.35172049923895,34.42877719549951],[126.35147664705443,34.42954333359185],[126.35141630896193,34.43023660039093],[126.35167544397765,34.43135935289273],[126.351611969275,34.43138248920857],[126.35470796052455,34.43517119805253],[126.35659105108493,34.436741121675624],[126.35600279120592,34.43720684909181],[126.356549909197,34.43766946128315],[126.35727124076786,34.43808742994257],[126.35764805304306,34.43778809839944],[126.35991638359515,34.43949524142221],[126.3621250727867,34.440899407912696],[126.36457734025946,34.44205912464622],[126.364734711318,34.441916614974446],[126.36482026221923,34.44169187137397],[126.3647897785805,34.441940970143314],[126.36462104396145,34.44208976685615],[126.36481635346313,34.44223019160624],[126.36518872150982,34.44283909676507],[126.36717413120945,34.44434460340626],[126.36715462377066,34.4449418329448],[126.36704642501591,34.444938630461],[126.36708341425427,34.44434634138242],[126.36575952821975,34.44336048390767],[126.36537967686499,34.44299734649037],[126.36504635716761,34.443480605559195],[126.3654207030231,34.44416831515864],[126.36499889348923,34.44350230863154],[126.36434712334844,34.4439303173058],[126.36403090014551,34.444773021834614],[126.36418537676768,34.4454911662567],[126.36484460806584,34.44608095985084],[126.36545931789614,34.445766734159854],[126.36548960387029,34.44581794024347],[126.36461449925447,34.44623636896066],[126.3640990065604,34.446857543109786],[126.36301363101279,34.44774989595797],[126.36240282456014,34.4479913923171],[126.36190144516884,34.44838339445523],[126.36194967995863,34.44843660631194],[126.36175677021495,34.448689596009196],[126.36175506353857,34.44886209562127],[126.36158793791063,34.44914981716625],[126.36117144410449,34.44950503086828],[126.36006014037433,34.450868168978985],[126.3599109744623,34.451461416974034],[126.35944975779991,34.45187082782952],[126.35946709333726,34.45241121445314],[126.35934301447656,34.452857992242144],[126.35891058886017,34.45376661574304],[126.35894954778595,34.45394416053903],[126.35883589222999,34.45421007366876],[126.35950187920174,34.454360290191104],[126.36002690004813,34.45473959454105],[126.359949005801,34.454803458481926],[126.35951474136077,34.45442153837399],[126.35882739557704,34.45427369763887],[126.35858396765208,34.454597864472994],[126.3584117122281,34.45524524636963],[126.35798245951352,34.455923087482475],[126.3579290323966,34.45623870641311],[126.35811802917122,34.45692270286785],[126.35846759267791,34.45722752410578],[126.35877075187096,34.458250114070694],[126.35942925535684,34.45900404802349],[126.36168220688161,34.46120849780074],[126.36340257797232,34.46266004123433],[126.36571146246342,34.46436534808054],[126.36561283762542,34.46472109240495],[126.3652108732079,34.464777008693524],[126.3641145674346,34.46447314791421],[126.36411260620059,34.46473266159144],[126.36445105727273,34.46492139270102],[126.36460225157938,34.465135117985334],[126.36542399631477,34.46513723238246],[126.36570583338217,34.46506056168201],[126.36575960761635,34.46496892170129],[126.36644910897161,34.4649832591038],[126.3665924326683,34.46491897373033],[126.36713644528702,34.46520474080051],[126.36796005731787,34.46518886415628],[126.36893105992547,34.464733752768495],[126.36975800093177,34.46466106356488],[126.37019224310613,34.46455303359016],[126.37041314282655,34.46509319786534],[126.37101897758072,34.46595095876045],[126.37107806005405,34.46674517775544],[126.37091538564079,34.46762145576846],[126.37096556556855,34.467997217426316],[126.37111968799593,34.46808786748625],[126.37125014553168,34.46866991319997],[126.37144699112109,34.46906895751265],[126.37149515277905,34.46971378754458],[126.37135190885701,34.469969634436985],[126.37192577236097,34.47041043708831],[126.37216990597409,34.47045574728207],[126.3727659009876,34.47092758823494],[126.37270575026625,34.47098609765964],[126.37215578308597,34.47055369687377],[126.37193625734669,34.470491178733766],[126.3719932347818,34.470784358111665],[126.37178469689012,34.470883379741714],[126.37185396785188,34.470977269649495],[126.37168271654305,34.4710245062601],[126.37144084353274,34.47122572276169],[126.37155885030758,34.471483970618216],[126.37221383408942,34.472264526809894],[126.37130896161176,34.471294552835204],[126.37065917409753,34.47143714429151],[126.36914990576317,34.47161358274934],[126.3682752987527,34.47137766594755],[126.36731928030937,34.47136923091109],[126.36664848606759,34.47150219989818],[126.36588899528151,34.471788353968506],[126.36474613219474,34.47198871855732],[126.3632189553709,34.471888195255204],[126.3626482817785,34.47251208237919],[126.3620795037328,34.4724894845377],[126.36110614076334,34.47285646649608],[126.36062684400709,34.472944909763186],[126.35968344906506,34.47369400289594],[126.35949281318089,34.473750847055776],[126.35917815518403,34.47426242676423],[126.35838141092948,34.47483647295081],[126.3583003186555,34.47516559320258],[126.35774455390218,34.476251484860484],[126.35767790929972,34.476585359132166],[126.35772982261403,34.47698484223696],[126.35795451160294,34.47755391156959],[126.35832735022561,34.478004193642505],[126.35850568931181,34.4787784731494],[126.3582204437608,34.479627215057754],[126.35795216590363,34.479898496090456],[126.3576506927475,34.48048483347003],[126.35778032574797,34.480770315536354],[126.35835261635475,34.480952325855085],[126.35848988403437,34.481200825405224],[126.35841920574798,34.48181908126264],[126.35868788216251,34.481908095886595],[126.3592380137354,34.482694559799704],[126.35969027945613,34.48318669377581],[126.35987081946651,34.48329109023083],[126.36004103046125,34.48329146975845],[126.36020505501627,34.48321258949939],[126.36107988024784,34.483136659913605],[126.36154766503468,34.48329605866632],[126.36266266899425,34.48438689401959],[126.363521064109,34.48485756326862],[126.36363426823588,34.48485207840373],[126.36380330435978,34.48469538961524],[126.36436095527667,34.48490956690137],[126.36454466783492,34.48485990881109],[126.36495920143885,34.485010841037685],[126.36514214429768,34.484943536963],[126.36543422937243,34.48503296516521],[126.3655962543377,34.484953418243876],[126.36603245903825,34.48508214907113],[126.36662385005205,34.48488308445442],[126.36713131641014,34.48489401238537],[126.36713765465184,34.48481458379551],[126.36829067240382,34.484884825582604],[126.36866662141576,34.4847617976132],[126.36878858020528,34.48464926281734],[126.36885881070008,34.48414978960802],[126.36834439735715,34.483963828286015],[126.36837772543126,34.48391552173733],[126.36864885227996,34.484028334125945],[126.36882458031155,34.483955677690695],[126.36892217300074,34.48358517010697],[126.36980177510011,34.48317829491201],[126.37071814856856,34.483082922792114],[126.37094842997757,34.483130832309904],[126.372309036551,34.48391729658107],[126.37257315072623,34.485000170803616],[126.37284144673129,34.485339219588475],[126.3742983146313,34.48558828845245],[126.37587025498452,34.48545598187526],[126.3767270382067,34.485089811159696],[126.37724311723466,34.48452359704553],[126.37728599667653,34.484396605439095],[126.37702858578133,34.4833733330563],[126.37691716010251,34.483057261252334],[126.37684806995789,34.48311670043916],[126.37669931632833,34.48306654150632],[126.37659305195399,34.48237525509875],[126.37673784847019,34.48149273228967],[126.37689189761635,34.48133732772501],[126.37690301554075,34.480970166537325],[126.3776050832944,34.480067357754805],[126.37796223198185,34.47905287368999],[126.380391890189,34.47832040376236],[126.38122156831369,34.47866851455342],[126.38139062235082,34.47913457664743],[126.38203111703923,34.47976027504636],[126.38237408241835,34.48021365932215],[126.38313919965347,34.48060055247961],[126.38384444474646,34.480817109401144],[126.38447073599174,34.48074572352771],[126.38486828411955,34.480556057115095],[126.3850438463604,34.480797626173164],[126.38523996792908,34.48069041562066],[126.38529973780155,34.480776786097266],[126.38489255617958,34.480984145584195],[126.38481992405093,34.48153343009915],[126.3838801874537,34.482426804684714],[126.38333244519868,34.482682937415596],[126.38267958907164,34.48350315907681],[126.38239747818855,34.48409391991312],[126.38271865537511,34.48426600775253],[126.38225888870474,34.484787620999505],[126.38288443450224,34.4853361661422],[126.38275636462045,34.485435415028896],[126.3828469485017,34.48552553934958],[126.38278606732395,34.485563055440814],[126.3821184070476,34.48489591986356],[126.38169573397236,34.48514516976247],[126.38164053024136,34.48506854723547],[126.38103161219821,34.48535746888954],[126.37947218043826,34.48575650513709],[126.3793809519579,34.48570968001931],[126.37883101096769,34.48606799480715],[126.37879395415581,34.486952871324654],[126.37889037193138,34.48777987043947],[126.37881369344063,34.48804120251261],[126.37882584421794,34.488756021309804],[126.37904432033912,34.48944475775561],[126.37895023022905,34.489614090860606],[126.37894979218446,34.490266529159484],[126.37937760041181,34.49134940154308],[126.38083485161536,34.49220432127565],[126.3808713100113,34.49236932472418],[126.38238539341758,34.49252143162134],[126.38258221775381,34.492416140317744],[126.38277312886704,34.4924466199026],[126.38287080071538,34.4926143845434],[126.38303589186006,34.49269003913634],[126.38300544306799,34.49273831914161],[126.38237594478903,34.49257427093232],[126.38115547595157,34.492434219352745],[126.38068208297764,34.49266416044554],[126.38054631995888,34.49266107294627],[126.38021861520728,34.49309837913397],[126.37974976996104,34.4930021916742],[126.37940362976393,34.492601906134276],[126.37898330444163,34.49241304283299],[126.37846418132682,34.492461148398434],[126.37790514781659,34.49308522696006],[126.37717068472702,34.49333428458063],[126.37680787122316,34.49371005049417],[126.37660673856865,34.4936573610919],[126.37629619822263,34.49374774625686],[126.37595573352493,34.49410420701485],[126.37598366949075,34.49417582470293],[126.37563852409313,34.49479700272043],[126.3762365979935,34.49499541370085],[126.37691217740957,34.49569993133312],[126.3767809514989,34.49577837947706],[126.37620176332037,34.49504281316433],[126.3756879264581,34.494888075166024],[126.37514822067935,34.4952112779057],[126.37424943566369,34.49549827317716],[126.37421508671648,34.49543118345374],[126.37381776169374,34.495463596290286],[126.37335381315194,34.49537137574797],[126.37298885685435,34.49607138273457],[126.37270089113802,34.500435542745834],[126.37279786562948,34.500498889579376],[126.37309781351242,34.50049918833325],[126.37275181113418,34.50054056927187],[126.3727059307385,34.5007432547732],[126.37331856671402,34.50083107704498],[126.37429986474929,34.500567959001735],[126.37507934031672,34.500577455736234],[126.37551653052952,34.500808596844365],[126.3771655838862,34.50231221266732],[126.37770159894514,34.50241955223852],[126.37911427315643,34.50134004145465],[126.37902095865118,34.501240552752506],[126.37928154851643,34.50103995878797],[126.37891251529311,34.50053822552308],[126.3784032081402,34.50012943492546],[126.37894427840838,34.500514517382484],[126.37940904793943,34.50113127404576],[126.380168711291,34.50107198432659],[126.3806979412753,34.50119957653102],[126.38097020186677,34.50134549511711],[126.38139356026558,34.50181371214709],[126.3818146365012,34.50194053433955],[126.38236939087946,34.502531495314514],[126.38318746407325,34.50368849816961],[126.38308608948451,34.504390544091954],[126.38281064604492,34.50531481330204],[126.38174410428434,34.505873300069474],[126.38076703379103,34.50563859261172],[126.38064478748713,34.50577172615594],[126.3806381653462,34.506194951181605],[126.38009339935341,34.50673194189355],[126.37887012046374,34.50713306333834],[126.37836219571373,34.507216588075714],[126.37785983607817,34.50780285882799],[126.37704988335877,34.508016219987304],[126.37680439858397,34.50812389429874],[126.37669191363196,34.5082711360185],[126.37643560654445,34.5082383832468],[126.37661239986217,34.50837914465078],[126.3765058950486,34.50859461010019],[126.37642288335886,34.51091427262712],[126.3765027243831,34.51109832068579],[126.37722737711029,34.51144291049019],[126.3773032161853,34.51217866776487],[126.3768796112665,34.51292785515425],[126.37610076993805,34.51331222586217],[126.37553335784945,34.51275327242682],[126.37496819693699,34.51271669832365],[126.37491240274319,34.51410118176709],[126.37460289911546,34.51423031069871],[126.37383738349928,34.51431876831049],[126.37343843997846,34.51408897175469],[126.37303576277797,34.51364600232124],[126.37264929910302,34.51357930921151],[126.37214740246695,34.51368789856325],[126.37120476656602,34.51439215018178],[126.37016945604442,34.51488480948922],[126.37004349116634,34.514868744091714],[126.36980142415511,34.514640846118155],[126.36912174482772,34.514594043546005],[126.36768573883862,34.515536782717206],[126.36781301114259,34.515839133591],[126.36751203943564,34.516511770003454],[126.36678843781696,34.51715852119969],[126.36635039521504,34.51778386548892],[126.3660298863569,34.51802499905137],[126.36601246607269,34.51830985945345],[126.3661119328119,34.51839697714185],[126.3658692512456,34.51852833319058],[126.36452787092222,34.51844175102055],[126.36426359888917,34.51801268057513],[126.3639705209403,34.51845771093252],[126.36372625506061,34.51927393364225],[126.36428587278589,34.52031125306653],[126.36417587222356,34.52083227341507],[126.36374892795219,34.521611079915196],[126.36378700976788,34.521894624953866],[126.36347353437357,34.52241014719894],[126.36317307254039,34.522572637792315],[126.36285723731953,34.522956979097955],[126.36192877197097,34.524894070107074],[126.36112474453856,34.525153075347745],[126.35999214301368,34.52567843513612],[126.35995966348017,34.52608629613945],[126.36013703811145,34.52629168946107],[126.35984893281818,34.52638120280315],[126.3596881721312,34.5260759189371],[126.3594017703713,34.525912228959704],[126.35831711044328,34.52584580297975],[126.3578173801723,34.52607426109273],[126.35698346979946,34.52631271815985],[126.35606985618578,34.52680026370266],[126.35589547844934,34.52696850425956],[126.35514063729117,34.52696601815334],[126.35476065990832,34.52687846161429],[126.35325587840228,34.52726464427058],[126.35187953447446,34.52734721443939],[126.35116473007895,34.5274958516734],[126.35088690098272,34.52799337556538],[126.35155097135257,34.52974250665548],[126.35198641054149,34.53000114349909],[126.35275095481518,34.530279871077],[126.35284252833539,34.53044381317467],[126.353377297145,34.53059187156667],[126.35353565052787,34.530772915956604],[126.35344160832588,34.53114824012742],[126.35360342140103,34.53179270844427],[126.353506700061,34.53236615205154],[126.35288520181358,34.53250657712258],[126.35255362766593,34.53266920029424],[126.3524539484894,34.53308650009398],[126.3516821775515,34.533939725890974],[126.35191299223582,34.53417535152906],[126.35170414739211,34.534014120321075],[126.35164096151965,34.53405730506159],[126.35103839607127,34.53388173607928],[126.35005015549326,34.53378084634434],[126.34995194671883,34.534130643952295],[126.349767908368,34.53428398638388],[126.3490352075827,34.53450968623657],[126.34827068817545,34.534425337180636],[126.34785465291382,34.53426092699723],[126.3477508656487,34.53430162084578],[126.34834630478821,34.534486759086114],[126.34802915161823,34.5345037493898],[126.34499898767339,34.5378883288784],[126.34509961705663,34.53793151614433],[126.34522629107803,34.53862734019967],[126.34546026903112,34.538597840487405],[126.34546826683001,34.53876699989634],[126.34612842730392,34.53876726263332],[126.34608817480145,34.53975728963996],[126.34626881547459,34.539767525473934],[126.34625733438351,34.539902335160434],[126.34570350440552,34.53990506884996],[126.34513707316063,34.54024757868334],[126.34494223735877,34.540548193493095],[126.34489304295244,34.5409255450896],[126.34479774361634,34.54093562448386],[126.34483371173114,34.5410566178564],[126.3447109272894,34.541322004285284],[126.34494187968352,34.541569262931404],[126.34521387647966,34.54201833639547],[126.34520856899715,34.54213523172155],[126.34477860422403,34.54246294132089],[126.34434997699707,34.54241066989997],[126.34400399157914,34.54253831558863],[126.3439002471235,34.54280475911526],[126.343431101053,34.54299662454267],[126.34309926044203,34.54344697277477],[126.34294748900756,34.54350626152311],[126.34139334173916,34.5429388442172],[126.34052938393097,34.543038773083],[126.34006149464678,34.542841974078684],[126.33937325819979,34.54237848235462],[126.33745685379257,34.5429789104537],[126.33707208669979,34.543157030673015],[126.33684260122372,34.54343623318258],[126.33678943826256,34.543822853191045],[126.33713414698005,34.544400946167066],[126.33783530153052,34.544517931992935],[126.33805746814788,34.54481516673477],[126.33803771858206,34.5449605493141],[126.33785204606836,34.545035368347776],[126.33791279760766,34.54515949102191],[126.33781653991595,34.54533215860036],[126.3377292131865,34.54535134408495],[126.33748083237101,34.54668151432424],[126.33759469424922,34.54702789248481],[126.33818305471713,34.54791192471829],[126.3385473062319,34.548195390128605],[126.33878809701302,34.548262545989274],[126.33903594662371,34.54824460019345],[126.33977804908575,34.54838995759059],[126.34098999263719,34.54843987670435],[126.34139841701182,34.5483141909022],[126.34151630819994,34.54834152822279],[126.34208341508581,34.548687511255146],[126.34218440019374,34.54893709284792],[126.34185027167857,34.54956304910488],[126.34089293047285,34.54997630622778],[126.34027043080621,34.5501483634214],[126.33981489511682,34.55052079816699],[126.33970986464574,34.5505090423885],[126.33959849688469,34.55062483063335],[126.33966838418688,34.550634800541296],[126.33905610583103,34.55126078254052],[126.33893858358316,34.5512442168474],[126.3387231802277,34.55095440325885],[126.33814748145761,34.55088237273141],[126.33772010398015,34.55097381660029],[126.33743832717239,34.55079191894955],[126.33701751449863,34.550194438239906],[126.3370886409423,34.54968921684773],[126.3363509160243,34.54925159842357],[126.33555673111483,34.5490617213989],[126.33532319265132,34.54890616910031],[126.33464898985827,34.54871417324222],[126.33437973347722,34.548670272725275],[126.33407866441907,34.54879845976849],[126.3338433065145,34.54876886862271],[126.33297988788472,34.548520238226644],[126.3324245783242,34.548477471498224],[126.33218935934991,34.54831503518403],[126.33202380669007,34.54794771722852],[126.33211927521353,34.54771628626759],[126.33280485274001,34.54691335808863],[126.33204683928278,34.546215334634844],[126.3315074111054,34.54609461462979],[126.33086561437649,34.546311832737366],[126.33052795155487,34.54658026994816],[126.329949889794,34.546754222461594],[126.32929885426593,34.54673186426431],[126.32896160595011,34.54656055803618],[126.32872857237432,34.546091453870886],[126.32889716809338,34.54598477055478],[126.32893647170096,34.545294316342066],[126.3291672777034,34.54517861841686],[126.32879502721944,34.54493088564631],[126.3283033093571,34.54478404767908],[126.32816723131936,34.54486400199196],[126.32819075435437,34.545139651770455],[126.3275600369926,34.54596768202684],[126.32738775338939,34.546974828883386],[126.32729674781464,34.546806634778186],[126.32675730137423,34.54672368137566],[126.32640884220451,34.54625221339814],[126.32642061291021,34.54540687864794],[126.3267334524573,34.54459217023947],[126.32696922587328,34.543579866895094],[126.32689900924659,34.54307147275774],[126.32652614579767,34.54214178459037],[126.32656075291433,34.54202055404668],[126.32600406745425,34.54124488414328],[126.32594296489937,34.541275987862825],[126.32575478597516,34.54114164432222],[126.32562244934006,34.540961276327785],[126.32559044485754,34.540737446926705],[126.32528201374227,34.540312223683536],[126.32511057312354,34.54037014639973],[126.32522173597498,34.540615895182874],[126.32514795619375,34.54070460141904],[126.32462631451577,34.54052387878967],[126.3141796219894,34.543713437764964],[126.3142675209965,34.54390474555813],[126.31420793250768,34.544669411610066],[126.31380436904743,34.54532729672025],[126.31309359172148,34.54603190958368],[126.31208167353275,34.546576772238545],[126.31178116541523,34.54714094324938],[126.31190624110356,34.54838677474533],[126.31125766726284,34.549036641641536],[126.31067692619077,34.54948057130108],[126.310549087643,34.54971538055114],[126.31082812263557,34.55003695460555],[126.31099073268533,34.55054262514596],[126.31093711946517,34.55059409063233],[126.31067853612934,34.55081649618754],[126.31041517961827,34.5508411924465],[126.30671100341874,34.552135915830306],[126.30615282570857,34.55360648986169],[126.30613084341883,34.553740901736525],[126.30640293390327,34.55379260583475],[126.30638921017602,34.55384058245767],[126.30615590564024,34.55380467573361],[126.3062236685413,34.554445818421755],[126.30608888462002,34.55474820771169],[126.30589518220533,34.554805237098755],[126.30588380863308,34.55509051698194],[126.30582402462457,34.5550919882704],[126.3057853336019,34.554770168043866],[126.3052602942568,34.55460743495082],[126.30481014015898,34.55435578707108],[126.3043199363381,34.554360381066594],[126.30220968702929,34.55503190724314],[126.30217619200951,34.55508303328608],[126.30242097602068,34.555234295974884],[126.30237231008833,34.55540581904807],[126.302112209249,34.555521207794826],[126.3019322150912,34.555788376321274],[126.30166939687187,34.55588065415533],[126.30109747702696,34.55589201423086],[126.30061452315442,34.55637445056769],[126.30102156825026,34.55728575098603],[126.30098948977364,34.55769156645665],[126.30065373982389,34.55833736406786],[126.30097259078282,34.55899278603006],[126.30139290592412,34.55910233934859],[126.3018588721869,34.559010586351654],[126.30236727258212,34.559070413884164],[126.30351052503237,34.559896822466605],[126.30405765113292,34.5600225508012],[126.30470788007362,34.55993355196889],[126.30522342859811,34.559748393529055],[126.30546007030745,34.55957916699154],[126.3055746162102,34.55937407078994],[126.30550238822981,34.55929808408305],[126.30570113601185,34.55915851411593],[126.30581493450302,34.558946202048844],[126.3060643081465,34.559070504101314],[126.30635302260755,34.55901199629136],[126.30731652154662,34.55945255690326],[126.30802838212244,34.55992541224047],[126.30874283663275,34.56151117110642],[126.30910674125361,34.56166439423887],[126.3091682857351,34.56179689134737],[126.30904782570595,34.562200891651074],[126.30953255998602,34.56269788802806],[126.30959916781347,34.56299020825704],[126.3088837168832,34.56453570107911],[126.30903689608422,34.56493992799588],[126.30886881823803,34.565189397945836],[126.30855506718494,34.565277903879796],[126.30848305928016,34.56550027193179],[126.30815723200851,34.56539062142756],[126.30787640499047,34.56561484092493],[126.30755246951557,34.565650066619966],[126.3074755901153,34.56578425658888],[126.30750442627887,34.56601474207347],[126.30723094178488,34.56654034612797],[126.30680557049595,34.566620649850506],[126.30650380605715,34.56684709966907],[126.30644349386856,34.56711277405095],[126.30604569472582,34.56733759426275],[126.30587253006877,34.567819425673235],[126.30549681717692,34.56781890705087],[126.30485651271213,34.567971516219686],[126.30471463877085,34.568462187051594],[126.30453447465953,34.568680672148275],[126.3042785227774,34.56865596320891],[126.3038731509087,34.56876557675906],[126.30386432332574,34.568855731254644],[126.30425368010046,34.5691256946849],[126.30415429295935,34.56925163211341],[126.30371844454234,34.56932269766938],[126.3036529116091,34.569471093188604],[126.30384444446322,34.56980079980962],[126.30381871235305,34.5706311293139],[126.30358046473948,34.57091795097548],[126.30322378579372,34.570955339543794],[126.30311065014943,34.57105166697449],[126.30266120907424,34.57068684236615],[126.30249612505023,34.570721999111555],[126.30235608677314,34.570601759385305],[126.30229645944141,34.570869616807244],[126.30199770497245,34.57122653460166],[126.30174079219792,34.57128187873464],[126.30145661029205,34.57107884581367],[126.30125108547725,34.57103980764173],[126.30066291067182,34.571224062843235],[126.29988496931203,34.57190085913873],[126.30006907091948,34.57239933725933],[126.29986715097374,34.5725587645336],[126.29955165853447,34.572621835027],[126.29932902132526,34.572598388898],[126.29923104986916,34.572434001769466],[126.29942639216965,34.572042053120974],[126.29923283673864,34.571533135321516],[126.29905500609244,34.57143274001085],[126.29838128023849,34.571752741167096],[126.29810218485063,34.57173458348393],[126.29802213167704,34.57181872027502],[126.29807875285321,34.57185910551032],[126.29727125674336,34.57260904491795],[126.29730678710636,34.572718429529736],[126.29770879066068,34.573059743633],[126.297939545224,34.57310802847626],[126.29793469063007,34.573573122806245],[126.29756565832568,34.57394454284092],[126.29698281977979,34.573951420930555],[126.29687999585336,34.57391823227536],[126.29693049134677,34.57387616611177],[126.29667742327615,34.5738580922385],[126.2963287927508,34.57371868502416],[126.29616821874092,34.5737168830579],[126.29610748735884,34.573808296435026],[126.29591973266204,34.57385698771638],[126.29583382038616,34.573843411600734],[126.29583315070325,34.57373176722508],[126.29565310415481,34.573718151632164],[126.29532547473396,34.57381219478573],[126.29519012327471,34.57393864681023],[126.29492645802908,34.573899234557366],[126.29464343519786,34.57419762383419],[126.29406306659358,34.573897209242574],[126.29415829976693,34.57376494627395],[126.29389863551391,34.57340515533856],[126.29291187543113,34.57266327193013],[126.29225641570353,34.57230404618067],[126.29147409653704,34.57220464282004],[126.29115711991683,34.573108064923915],[126.29133070462316,34.57385712453324],[126.29114773438958,34.57433088130147],[126.29118544039844,34.57499731067252],[126.29138891444609,34.57542810950665],[126.29222604745861,34.575673852495875],[126.2922026151946,34.57573563465827],[126.29140888135083,34.575500960944815],[126.29149932052485,34.5760846493278],[126.29098415333313,34.57697433373294],[126.29082501295493,34.57748597972055],[126.2906327936452,34.57757516444559],[126.28896898601513,34.577417353033184],[126.28861966369834,34.57745966333015],[126.2883292158689,34.57765099613158],[126.28817888691823,34.577653362928416],[126.28718685319336,34.57710906543447],[126.28668920075671,34.57701839969949],[126.28427295273472,34.57689574254097],[126.2839763488867,34.577042859408635],[126.28347633557631,34.576964867668906],[126.28337897800095,34.57672454546315],[126.28262739807118,34.576496787296705],[126.28235527412491,34.576456099195525],[126.28199634581343,34.57651803890606],[126.28133952128961,34.57690179275339],[126.28137788589255,34.57708091400187],[126.2812099666214,34.577343776703955],[126.2808708261756,34.57752176086087],[126.28008986362235,34.57774579234988],[126.27985005581331,34.57771707111666],[126.2800382077463,34.57782379303603],[126.27955076368772,34.57793818547318],[126.27904737542029,34.57791258194533],[126.27910924553096,34.57943199490429],[126.28052643014779,34.579618745026906],[126.28097777111154,34.579978613589326],[126.28149271629451,34.57992937881143],[126.28101959279688,34.580014790833935],[126.28100182399217,34.58024896374566],[126.28124906255857,34.58036979713434],[126.28119445980182,34.58054425032557],[126.28078040919102,34.580607492591454],[126.28078785190988,34.580737682831284],[126.28024492399148,34.58112514943957],[126.27912157316558,34.580558187565416],[126.27878115357169,34.58060993301402],[126.2783918002378,34.58119388943377],[126.27809198255221,34.58132909204472],[126.27778434927878,34.58136748972259],[126.276989352015,34.5803437336022],[126.27609666168908,34.58047138184668],[126.27588227523661,34.58072974216317],[126.27512182768554,34.58058502257908],[126.27504728660315,34.58064327011526],[126.27579608935936,34.58094788597735],[126.27591239279023,34.58214154537159],[126.27551704182397,34.58228272698096],[126.27474572046916,34.5823251821177],[126.27389378171686,34.5827526236445],[126.2729383682315,34.58283680508301],[126.27265280699235,34.58298773684732],[126.27184924727572,34.58305541001582],[126.27135987142353,34.58317283163643],[126.27092576957449,34.58333433673893],[126.27040258473566,34.583604567144896],[126.27034632837314,34.58369617440736],[126.2700869570353,34.583659663740676],[126.27000635249813,34.58314407682469],[126.2696417827718,34.58318755723165],[126.26917313109783,34.582975879953096],[126.2689087927538,34.582635001657145],[126.26909830346452,34.58140349130142],[126.2685583540202,34.5811060109618],[126.26822070847422,34.5813112723805],[126.26734439057681,34.58140500752324],[126.26698937347739,34.58148205207944],[126.26672143299808,34.58163631205641],[126.26658562601767,34.58146638026926],[126.26640496250567,34.58194867563426],[126.26660712195985,34.582654816424345],[126.26651929772828,34.58285923307819],[126.26649178546295,34.58382785265791],[126.26665189313734,34.584490309878085],[126.26655762224902,34.584567570359084],[126.26609300348584,34.584686291613785],[126.26581021421072,34.58459968345406],[126.26489043739338,34.58402129736602],[126.26467266764034,34.5838342918953],[126.26448359281758,34.58347971527287],[126.26410058406648,34.583376858509936],[126.26353831765198,34.58337426288774],[126.26327386182946,34.58369634333189],[126.26304948526801,34.583740525566434],[126.26307310170249,34.58420533794463],[126.26278623814399,34.584530508762306],[126.26243670435454,34.58440722502074],[126.26232554318398,34.58428300424991],[126.26205287437095,34.5844042965341],[126.26168900624482,34.584782064415236],[126.26161360913261,34.58498217182154],[126.26120098885929,34.584791500114314],[126.26123298875649,34.58452966243461],[126.2610190937255,34.58421623279571],[126.26080871930448,34.58432191811186],[126.2605742782859,34.584324524630816],[126.26035808160907,34.5842302133782],[126.26023341927203,34.58407904663812],[126.26005255982089,34.58406066812497],[126.2599913632824,34.58414515541498],[126.26015880524828,34.58440914165551],[126.26004017104584,34.58446407433668],[126.26002166760364,34.584682166969166],[126.25937769245597,34.58513943433593],[126.2589338578593,34.58531312358548],[126.25850998483615,34.58565873294979],[126.25828905449401,34.58623687909435],[126.2584200909669,34.58635026329901],[126.25837916215772,34.58658678816123],[126.25818813729039,34.586649454067086],[126.25812012292178,34.58683697535501],[126.25787105880923,34.58707940750369],[126.25662779924338,34.586853613056384],[126.25659049695064,34.58719737337291],[126.2565062240308,34.587181291658766],[126.2565153015548,34.5870373554612],[126.25619091139983,34.5869177769211],[126.25619311398515,34.5868236648963],[126.25522509251374,34.5867602582886],[126.25459921434829,34.58656300510299],[126.25411779044293,34.58617558797733],[126.25393072936042,34.585729595515495],[126.25452773540475,34.5848429343268],[126.25499208807602,34.58477414878279],[126.2551892430051,34.584652203367],[126.25521968649312,34.58447514473932],[126.255004973839,34.58441785413166],[126.25484054411002,34.58449406345207],[126.25485821337467,34.584621838590955],[126.254747859948,34.58471198085294],[126.25453585447728,34.58471144989911],[126.25387714574956,34.58398564723074],[126.25267731150082,34.583914085094044],[126.25247541560525,34.58404188358487],[126.25176522013926,34.58423145348279],[126.25155750385865,34.58441850057356],[126.25133660114562,34.585284599254166],[126.25121113534396,34.585382172191544],[126.25102548949535,34.58527659333559],[126.25096723278425,34.585053541270995],[126.25053582336145,34.58496240531164],[126.25022486568453,34.584729090336],[126.25035854492911,34.5850354647013],[126.24980314243376,34.5854545285287],[126.24986312187076,34.58564329299565],[126.25025973849544,34.58593364561211],[126.25022019607175,34.58617828883732],[126.2506381131803,34.586548699522766],[126.25057336810825,34.58705674261582],[126.25073786094785,34.58721934156084],[126.25112217018032,34.58725519217398],[126.25117381522537,34.5876659404995],[126.2522671223981,34.587746427878926],[126.25225685626549,34.58780822876097],[126.250637672806,34.58770290062239],[126.25057502945992,34.58783418446933],[126.25029583541435,34.5878004934532]]],[[[126.24871946021393,34.592913988591675],[126.24862312027126,34.592869702973466],[126.24856344949036,34.59268153493721],[126.24915833665038,34.59271674368701],[126.24906460988068,34.59287349817343],[126.24871946021393,34.592913988591675]]]]}}
