{"type":"Feature","bbox":[128.76150616896393,34.988359234524616,128.99822439650237,35.2360766939991],"properties":{"regionCode":"26440","version":"vworld-20260909-3f8952dfda77-p3","name":"부산광역시 강서구","attribution":"국토교통부/K-Geo플랫폼 · VWorld 법정구역정보, CC BY 2.0 KR; 두꺼비집 가공"},"geometry":{"type":"MultiPolygon","coordinates":[[[[128.82789276853578,34.98836057866431],[128.82789161027483,34.98836884244574],[128.82787312876653,34.988359234524616],[128.82789276853578,34.98836057866431]]],[[[128.82803821825894,34.98844267711309],[128.82810114883443,34.98841735071383],[128.8281109135148,34.988448517135275],[128.8280922965176,34.988455823208945],[128.82803821825894,34.98844267711309]]],[[[128.82793715691136,34.988592000629346],[128.82792037269513,34.98860608155438],[128.82790530402193,34.988591660200946],[128.82793715691136,34.988592000629346]]],[[[128.82976707348016,34.989070579027],[128.82972697654563,34.98908051095369],[128.82972724798987,34.98906592991008],[128.82976707348016,34.989070579027]]],[[[128.82970226830284,34.98940880440762],[128.82968986843682,34.98941716429172],[128.82966675635817,34.98940538838271],[128.82970226830284,34.98940880440762]]],[[[128.82974888414273,34.98963404826696],[128.82972978920645,34.98963972060616],[128.82972733909304,34.98962764533955],[128.82974888414273,34.98963404826696]]],[[[128.83122265215547,34.99111136236686],[128.8312292271909,34.99116366687293],[128.8312090413449,34.991154964500026],[128.83122265215547,34.99111136236686]]],[[[128.8315042614719,34.99127972915752],[128.8312804853849,34.99120739704374],[128.83113178375245,34.9909257122217],[128.8314050689527,34.9910113628525],[128.8315042614719,34.99127972915752]]],[[[128.83156290568897,34.991555545171494],[128.8315311452314,34.99155279725884],[128.8315275915984,34.99152936599421],[128.83156290568897,34.991555545171494]]],[[[128.83243270318195,34.99227615972855],[128.8324050326579,34.992287277080656],[128.83238554191982,34.992253142238596],[128.83243270318195,34.99227615972855]]],[[[128.8336156710472,34.992330463356716],[128.83358771808665,34.99233159097112],[128.83359934400335,34.992309156151826],[128.8336156710472,34.992330463356716]]],[[[128.83372606156505,34.9924021822466],[128.83370967013195,34.99239858709112],[128.83371044744504,34.99238774419237],[128.83372606156505,34.9924021822466]]],[[[128.8339653413861,34.99240416763584],[128.83393604416548,34.99240543904085],[128.8339368939166,34.99239838682922],[128.8339653413861,34.99240416763584]]],[[[128.8341162001791,34.992417112990964],[128.83410084617435,34.9924120908789],[128.83413167518304,34.99237733655209],[128.8341162001791,34.992417112990964]]],[[[128.83397809901388,34.99248395607055],[128.8339769694662,34.992489227871886],[128.83396506150675,34.992488875443975],[128.83397809901388,34.99248395607055]]],[[[128.83394277023743,34.99249462054197],[128.83393188128574,34.99249602597137],[128.83393150731223,34.992479123938686],[128.83394277023743,34.99249462054197]]],[[[128.83417005319458,34.9924271652053],[128.83423293755018,34.99244057689791],[128.83423180310712,34.99249826861438],[128.83414948294185,34.99250978596826],[128.83417005319458,34.9924271652053]]],[[[128.83407061541666,34.9925504827408],[128.8340545483495,34.99256093645275],[128.83404747046745,34.9925437284986],[128.83407061541666,34.9925504827408]]],[[[128.83403266662017,34.992570853559734],[128.8339454066545,34.99258302016069],[128.83392761883118,34.992538748423485],[128.83403266662017,34.992570853559734]]],[[[128.8330392469079,34.99264418917105],[128.83296232957744,34.99262282502661],[128.832965753868,34.992589938109134],[128.8330333059754,34.99258106871383],[128.8330392469079,34.99264418917105]]],[[[128.83399058600162,34.99262066031306],[128.83399607888384,34.99264572743387],[128.83396137417384,34.99263968989968],[128.83399058600162,34.99262066031306]]],[[[128.8329392050553,34.99265199072004],[128.8329268016042,34.992663854826716],[128.83291667577873,34.99264542966953],[128.8329392050553,34.99265199072004]]],[[[128.83381410963798,34.992683182197325],[128.83381815707588,34.992648475172615],[128.83385853216768,34.99266445707131],[128.83381410963798,34.992683182197325]]],[[[128.8339093904192,34.992680424743355],[128.83394856113256,34.992662427230755],[128.83394171882733,34.99268721694805],[128.8339093904192,34.992680424743355]]],[[[128.83310153711506,34.99269785090858],[128.83305572822474,34.99269352739765],[128.83305335879265,34.99268484247167],[128.83310153711506,34.99269785090858]]],[[[128.83253430368873,34.99271162513828],[128.83245423207558,34.99274866973769],[128.83244924649864,34.99268747823386],[128.83253430368873,34.99271162513828]]],[[[128.83253433080515,34.992774401188974],[128.83253317765076,34.992739154392034],[128.83256841342995,34.99272584407223],[128.83253433080515,34.992774401188974]]],[[[128.8347824699359,34.99300121747627],[128.83475988698163,34.99300884228833],[128.83474875331459,34.99299160323654],[128.8347824699359,34.99300121747627]]],[[[128.83491796387946,34.993223707210774],[128.83487794166163,34.99327900979085],[128.8348257300074,34.99323317006827],[128.83491796387946,34.993223707210774]]],[[[128.82988544358258,34.993327106985156],[128.82986081115135,34.993335747877516],[128.82984956258565,34.993319947774246],[128.82988544358258,34.993327106985156]]],[[[128.8350008806168,34.99333780754432],[128.83498166033917,34.99333977175742],[128.834983681901,34.99332702258401],[128.8350008806168,34.99333780754432]]],[[[128.8348452400596,34.99341638756962],[128.83480226199993,34.993448505768754],[128.83479877512636,34.993413594842295],[128.8348452400596,34.99341638756962]]],[[[128.83488862608746,34.993436787504905],[128.8348867750808,34.993505178985664],[128.83486615252332,34.99351673874657],[128.83481514158487,34.993478051315904],[128.83488862608746,34.993436787504905]]],[[[128.8349744164707,34.99353850980944],[128.83491072835426,34.99350602460768],[128.83506739747196,34.9934357861697],[128.8349744164707,34.99353850980944]]],[[[128.8349972133609,34.993737137472536],[128.83501805120272,34.993787743017215],[128.83500966732416,34.99381346582958],[128.83498089661776,34.993792876350085],[128.8349972133609,34.993737137472536]]],[[[128.8349057163699,34.99380820366413],[128.83484102766326,34.99381269120715],[128.83484804445283,34.99378496101476],[128.8349057163699,34.99380820366413]]],[[[128.83493184120934,34.99389681558431],[128.8349084193547,34.99388929814677],[128.83491192124518,34.993884175170855],[128.83493184120934,34.99389681558431]]],[[[128.83486276607468,34.99387260734113],[128.83486586040053,34.99389818588398],[128.83482920839776,34.993883194890785],[128.83486276607468,34.99387260734113]]],[[[128.8347388586969,34.99402176468861],[128.8347320855201,34.99402617344897],[128.8347259399031,34.99401356097268],[128.8347388586969,34.99402176468861]]],[[[128.83479553535315,34.99401467925605],[128.83478249902353,34.994027577500056],[128.8347803221064,34.994005526081736],[128.83479553535315,34.99401467925605]]],[[[128.8350100189749,34.99403865890665],[128.83499016778788,34.99403895928465],[128.83499467465336,34.994032635963386],[128.8350100189749,34.99403865890665]]],[[[128.8299367581094,34.994132497393146],[128.82990661150225,34.994135761695105],[128.82990792535844,34.994107054637425],[128.8299367581094,34.994132497393146]]],[[[128.83022007822544,34.99416667566346],[128.8302112892715,34.99418459241064],[128.8302065073197,34.994163716357555],[128.83022007822544,34.99416667566346]]],[[[128.83008294119836,34.99415934036071],[128.82996349421595,34.994199347559174],[128.82992708713687,34.99417093837981],[128.82995852640795,34.994146258079326],[128.83008294119836,34.99415934036071]]],[[[128.83491117646506,34.99423031102163],[128.8348946725097,34.994203417459026],[128.8349491344621,34.994199072111016],[128.83491117646506,34.99423031102163]]],[[[128.82319711970854,34.99451581153906],[128.82315543650566,34.99451066209003],[128.82316371758196,34.99446919635501],[128.82319711970854,34.99451581153906]]],[[[128.82311436658148,34.99458098316583],[128.823001212988,34.99457656941191],[128.82298047900414,34.99454776638896],[128.82308555989604,34.99450578206963],[128.82311436658148,34.99458098316583]]],[[[128.82368492678916,34.994836741315396],[128.8237068518459,34.994793133184885],[128.82373151201995,34.99479403912342],[128.82368492678916,34.994836741315396]]],[[[128.82456613197382,34.9949372340668],[128.8245352408363,34.99494804485967],[128.82453407675166,34.994923470147576],[128.82456613197382,34.9949372340668]]],[[[128.82392174310436,34.99502227410726],[128.82390030651743,34.99503293924021],[128.82388338999007,34.99499089892114],[128.82392174310436,34.99502227410726]]],[[[128.82390390390697,34.99508438128762],[128.82388236169788,34.995097129506675],[128.82385992991195,34.995064169562866],[128.82390390390697,34.99508438128762]]],[[[128.8352718183843,34.99502363759318],[128.83521565479208,34.994949162426835],[128.8352993350085,34.99494096280436],[128.8352718183843,34.99502363759318]]],[[[128.82835906490953,34.99506669141545],[128.82844027313948,34.99517524541927],[128.8282792202054,34.99519533418482],[128.82825887684191,34.99511820778792],[128.82835906490953,34.99506669141545]]],[[[128.82884631115695,34.99521743847208],[128.82884024405,34.99519099425017],[128.8288926859516,34.99519074652871],[128.82884631115695,34.99521743847208]]],[[[128.8290784703969,34.99528961641525],[128.82906401132283,34.99525552243107],[128.82908895220845,34.995256091491676],[128.8290784703969,34.99528961641525]]],[[[128.8353965234109,34.99522448017385],[128.83542596626225,34.99527790512647],[128.83537211098886,34.99526392679141],[128.8353965234109,34.99522448017385]]],[[[128.83561732760333,34.99525604336563],[128.83561516298397,34.995281697780165],[128.8355102676813,34.99524675397037],[128.83561732760333,34.99525604336563]]],[[[128.82564084078817,34.99539490948051],[128.8256202210563,34.99542143072943],[128.82555474623217,34.99539033244149],[128.82564084078817,34.99539490948051]]],[[[128.83549116487254,34.995389704191844],[128.83547761584117,34.99539823058918],[128.83545325636575,34.99537693629204],[128.83549116487254,34.995389704191844]]],[[[128.82582831284066,34.995518183845675],[128.8257142621057,34.99550320594882],[128.82569210449194,34.99547799043707],[128.825777956417,34.99548124097843],[128.82582831284066,34.995518183845675]]],[[[128.83589975860406,34.9954630149562],[128.83589143452917,34.99548101624661],[128.83585379390922,34.9954530507463],[128.83589975860406,34.9954630149562]]],[[[128.83653767772927,34.995459343946365],[128.836472831619,34.99547659710536],[128.83648691846582,34.99542062472737],[128.83653767772927,34.995459343946365]]],[[[128.82632827943218,34.99559442854093],[128.8261342164686,34.99550827804212],[128.8260842999483,34.995439454960184],[128.82632827943218,34.99559442854093]]],[[[128.83678401141128,34.995521804201225],[128.8367456258627,34.99552196275208],[128.83674074448817,34.995496360671694],[128.83678401141128,34.995521804201225]]],[[[128.8263588051147,34.995549562828145],[128.82641145465269,34.99561383770176],[128.82642445464066,34.99566988357573],[128.82639571515938,34.995658268648874],[128.8263588051147,34.995549562828145]]],[[[128.82636816065914,34.995366726280004],[128.82655602006872,34.99548515335476],[128.82655012565866,34.99567698041917],[128.82645868821038,34.99562909340418],[128.82636816065914,34.995366726280004]]],[[[128.82219842341829,34.995743375291944],[128.82217790433396,34.99576171950284],[128.8221638669618,34.99575080901544],[128.82219842341829,34.995743375291944]]],[[[128.8360083826524,34.99563585877356],[128.83598262928558,34.99566674548017],[128.83595168450367,34.995630627438835],[128.8360083826524,34.99563585877356]]],[[[128.82752081412323,34.995839182314015],[128.8274707374739,34.99584784493276],[128.82746773502188,34.995830871535475],[128.82752081412323,34.995839182314015]]],[[[128.83605806408846,34.99575104633312],[128.8360184335862,34.995764073327976],[128.83599673732888,34.99569658933613],[128.83605806408846,34.99575104633312]]],[[[128.82752871101601,34.995897599336075],[128.82750601250154,34.995900264036614],[128.82750167184062,34.99588496613599],[128.82752871101601,34.995897599336075]]],[[[128.827285630564,34.99590943654148],[128.82724310549318,34.99591613021581],[128.82723487720975,34.995890106273556],[128.827285630564,34.99590943654148]]],[[[128.82204091467906,34.9961287507768],[128.82203675506096,34.996141541072994],[128.82199537503004,34.99611850076413],[128.82204091467906,34.9961287507768]]],[[[128.83736545888826,34.99638440656473],[128.83719541990226,34.99636657235293],[128.8371492516449,34.99632500770335],[128.83724210374285,34.9962965752285],[128.83736545888826,34.99638440656473]]],[[[128.83748723842237,34.996506699443245],[128.8374986741149,34.9965268111892],[128.83747262033344,34.996517468548205],[128.83748723842237,34.996506699443245]]],[[[128.83744002875127,34.99660161261077],[128.83741430499657,34.996606492711095],[128.83740204282708,34.996577136328106],[128.83744002875127,34.99660161261077]]],[[[128.83726302179093,34.99674892305942],[128.837167504727,34.99678808491068],[128.83731595836875,34.99665282068959],[128.83726302179093,34.99674892305942]]],[[[128.83749417094313,34.99696369247782],[128.83746350303406,34.99695092297868],[128.83747127022687,34.99693864244317],[128.83749417094313,34.99696369247782]]],[[[128.83750795360524,34.997009583863644],[128.83748631953478,34.997019211237024],[128.8374756698673,34.997005591798455],[128.83750795360524,34.997009583863644]]],[[[128.83735972106393,34.99692505186465],[128.8374523177895,34.99698586652711],[128.83741475046918,34.99703204150855],[128.8373167179092,34.996969077641864],[128.83735972106393,34.99692505186465]]],[[[128.83808998566496,34.99724468748542],[128.83804781772815,34.99725223578002],[128.8380378216292,34.99722135773222],[128.83808998566496,34.99724468748542]]],[[[128.83797031099297,34.997252357120175],[128.83794500835927,34.997256125454285],[128.83796226191896,34.997195759398984],[128.83797031099297,34.997252357120175]]],[[[128.8380257274932,34.997285534140914],[128.83799770367042,34.99729041717992],[128.83800317796806,34.99727096664218],[128.8380257274932,34.997285534140914]]],[[[128.8390624548786,34.99733000417634],[128.83898701375307,34.997357849248054],[128.83880888892398,34.997260755970814],[128.83898109243898,34.99721822134721],[128.8390624548786,34.99733000417634]]],[[[128.83885008519766,34.99736387881579],[128.83887061018916,34.99734233808419],[128.83888108520472,34.99734851522115],[128.83885008519766,34.99736387881579]]],[[[128.83884590097924,34.997413880518366],[128.83883340886322,34.997427085161114],[128.83880493422012,34.99738875320718],[128.83884590097924,34.997413880518366]]],[[[128.84031133788955,34.99741909566323],[128.83988820326724,34.99747777856168],[128.83968546696246,34.99740723713675],[128.83960699693026,34.9974634245248],[128.8394165824053,34.997306752679975],[128.8393958024097,34.99745934892408],[128.83910730253143,34.99728006329325],[128.8391594842748,34.99713889000365],[128.83898290670203,34.99705927210186],[128.83896979302406,34.996956700597934],[128.83908138161405,34.99704290712115],[128.83906663665616,34.99682831159334],[128.8393300770994,34.996786937506435],[128.83951679827948,34.996581063188444],[128.84001720590936,34.99655218499399],[128.84037495971208,34.99686231808281],[128.840288123604,34.99695370891066],[128.84042801883493,34.99728047001124],[128.84031133788955,34.99741909566323]]],[[[128.82268637922215,34.997682118417494],[128.82266944014276,34.99769818397075],[128.8226647984321,34.99767475167667],[128.82268637922215,34.997682118417494]]],[[[128.8227151289914,34.99769851291169],[128.82271099878716,34.99771898416219],[128.8226863423994,34.99770917588026],[128.8227151289914,34.99769851291169]]],[[[128.8227962799531,34.99774558973037],[128.82277590017083,34.99775463729343],[128.82277453274426,34.99773394373385],[128.8227962799531,34.99774558973037]]],[[[128.82262001449416,34.99776252052385],[128.82260107464194,34.99777396070549],[128.82260225512863,34.997748585904596],[128.82262001449416,34.99776252052385]]],[[[128.82284958456074,34.99781102304962],[128.82283158612435,34.997816685979444],[128.8228175626261,34.997796180844155],[128.82284958456074,34.99781102304962]]],[[[128.82281332983197,34.99783519408257],[128.8228134201536,34.99784727355994],[128.82277897889378,34.997826104603405],[128.82281332983197,34.99783519408257]]],[[[128.82270240712967,34.9977242289814],[128.82265394929448,34.9978476147374],[128.82261259123132,34.99786222870753],[128.82261728100593,34.99778950818834],[128.82270240712967,34.9977242289814]]],[[[128.82295963340002,34.99800545893408],[128.82293776570793,34.9980021266992],[128.82295493606213,34.99798245735222],[128.82295963340002,34.99800545893408]]],[[[128.82290958350322,34.998151842784],[128.8229677432153,34.998160200249984],[128.82295742376274,34.9981955469539],[128.82290958350322,34.998151842784]]],[[[128.8228889508159,34.99823660924661],[128.8228794598693,34.99824732253847],[128.82285946486323,34.99823671330833],[128.8228889508159,34.99823660924661]]],[[[128.83899216056827,34.99812755365037],[128.8389324211478,34.99803240863254],[128.83905304537066,34.99804078882256],[128.83899216056827,34.99812755365037]]],[[[128.83892862428416,34.99830796519728],[128.8388473709751,34.998244636282074],[128.83894601839918,34.99823493816819],[128.83892862428416,34.99830796519728]]],[[[128.8226225897507,34.998700606374214],[128.8225748377252,34.998693851203164],[128.82257461018332,34.99866636563062],[128.8226225897507,34.998700606374214]]],[[[128.82246213691872,34.998800937850994],[128.82241457898107,34.99882456649483],[128.82241231607796,34.99879275348237],[128.82246213691872,34.998800937850994]]],[[[128.82247834942214,34.9996397183847],[128.82246320661835,34.999640917581566],[128.82246731523793,34.99963080847138],[128.82247834942214,34.9996397183847]]],[[[128.82245013805354,34.99967936254562],[128.82244217001335,34.9996808153783],[128.82244377099872,34.99966815393759],[128.82245013805354,34.99967936254562]]],[[[128.82256163684806,35.0000334463973],[128.82256411571169,35.00004707865326],[128.82251040340915,35.00003646708826],[128.82256163684806,35.0000334463973]]],[[[128.82241166184255,35.00007708349649],[128.82240407830238,35.00007887206412],[128.82239812312267,35.00006758863762],[128.82241166184255,35.00007708349649]]],[[[128.82233933639975,35.000757394968446],[128.82229414120653,35.00083055222846],[128.82220413129198,35.00070692141291],[128.82233933639975,35.000757394968446]]],[[[128.82222658926798,35.000870237206996],[128.82222310716438,35.000878564112014],[128.8222006135393,35.000862526953064],[128.82222658926798,35.000870237206996]]],[[[128.82201611725068,35.00090308266528],[128.82200933568174,35.00084547004767],[128.82207607309482,35.00084281086192],[128.82201611725068,35.00090308266528]]],[[[128.82227503971518,35.00093026495228],[128.82224483495435,35.00094514140873],[128.8222455055555,35.00091353989451],[128.82227503971518,35.00093026495228]]],[[[128.82222825399774,35.00095156965114],[128.82221013162314,35.00095488682036],[128.82221565738604,35.000939273869946],[128.82222825399774,35.00095156965114]]],[[[128.82136082195314,35.00126788043375],[128.82120253653645,35.00125901443637],[128.82118234776055,35.001233659477805],[128.82135373219384,35.00120081991953],[128.82136082195314,35.00126788043375]]],[[[128.8208050758315,35.0012536853379],[128.82098053641434,35.00133309665094],[128.82066414984703,35.00145980128896],[128.82041220593342,35.00138771807297],[128.82047729904704,35.0012966084394],[128.8208050758315,35.0012536853379]]],[[[128.82148142202075,35.00145765559448],[128.82144678172074,35.00146772830885],[128.82144106503196,35.00145260296737],[128.82148142202075,35.00145765559448]]],[[[128.82140189273795,35.00149130947524],[128.82138759308467,35.001500466440746],[128.82138418990175,35.00148399587732],[128.82140189273795,35.00149130947524]]],[[[128.83899682371103,35.00182048832655],[128.83898779097174,35.001836822346945],[128.8389398550357,35.00180067529221],[128.83899682371103,35.00182048832655]]],[[[128.81944810763585,35.00193831767881],[128.81934833882147,35.00223153692261],[128.81907176773788,35.002278578360965],[128.8188388865979,35.00221785033445],[128.81882130121676,35.00199860677122],[128.81903169177568,35.00192383503229],[128.81889875597574,35.00180548852086],[128.81895072208522,35.00175382125054],[128.81923125295393,35.001745561705],[128.81914210850306,35.00183112989747],[128.81939679934575,35.00186229824184],[128.81944810763585,35.00193831767881]]],[[[128.81927641779777,35.00231171359701],[128.81924241491217,35.00232610493056],[128.8192365576125,35.00229878694301],[128.81927641779777,35.00231171359701]]],[[[128.81893466756182,35.003140301929534],[128.81888765379063,35.003084376936606],[128.81892972268673,35.00308339591702],[128.81893466756182,35.003140301929534]]],[[[128.8183221914691,35.00344723826361],[128.81830245037435,35.00339375875683],[128.81834399743084,35.00342123462875],[128.8183221914691,35.00344723826361]]],[[[128.83941281950337,35.00331607368902],[128.83941604463354,35.0033769235025],[128.83931758722755,35.00338171133466],[128.8393305212366,35.00334528044998],[128.83941281950337,35.00331607368902]]],[[[128.81881354720278,35.003642468391256],[128.81835367865125,35.003606310869486],[128.81852144853184,35.00351951492414],[128.81837022458166,35.00352429275349],[128.81838923041548,35.00345681154758],[128.81883970896183,35.003382211725416],[128.81881354720278,35.003642468391256]]],[[[128.8184252957296,35.00384984886859],[128.81838128836404,35.003734065801325],[128.81874505791774,35.003712418691094],[128.81863166641534,35.00381946425334],[128.8184252957296,35.00384984886859]]],[[[128.83969310332324,35.0036431576782],[128.83968901252194,35.00365840750256],[128.83964573460963,35.00365707827943],[128.83969310332324,35.0036431576782]]],[[[128.8396795636161,35.00382699663077],[128.83965976519465,35.003832155353685],[128.83963935770095,35.003812994948646],[128.8396795636161,35.00382699663077]]],[[[128.83984521755568,35.004000059118006],[128.8398063422308,35.003885809027345],[128.83989691213947,35.00396016258722],[128.83984521755568,35.004000059118006]]],[[[128.83997697559013,35.004024846374534],[128.8399681997557,35.00403610489558],[128.83994375875585,35.00397496547595],[128.83997697559013,35.004024846374534]]],[[[128.8197132116975,35.00423029666895],[128.81970913895825,35.0041811309984],[128.81985150469305,35.00424480725047],[128.8197132116975,35.00423029666895]]],[[[128.84062301193737,35.00476396420316],[128.84069309875755,35.004703299150904],[128.8407289818337,35.004739236886536],[128.84062301193737,35.00476396420316]]],[[[128.84102386067977,35.004922318443775],[128.84097434859746,35.00494137745554],[128.84097028990968,35.00491849763781],[128.84102386067977,35.004922318443775]]],[[[128.84107381277917,35.00498017321343],[128.84106048012123,35.00497495747197],[128.8410742023321,35.00496342060673],[128.84107381277917,35.00498017321343]]],[[[128.84112804611198,35.00636658385985],[128.84107881339565,35.00636836767073],[128.8410730184179,35.006342109601064],[128.84112804611198,35.00636658385985]]],[[[128.84116013112626,35.00649800572532],[128.8411362447506,35.0065037761093],[128.84112780963255,35.00647119503699],[128.84116013112626,35.00649800572532]]],[[[128.8409675375934,35.00661097558804],[128.84114103941707,35.00657274234336],[128.84115864510173,35.00662804123458],[128.8409675375934,35.00661097558804]]],[[[128.84090268825273,35.006663959411924],[128.84089730335782,35.00665060584212],[128.84094316714626,35.00663966331561],[128.84090268825273,35.006663959411924]]],[[[128.84105000307545,35.0066836315704],[128.84100351094602,35.006680718087914],[128.84101627538266,35.006660167116515],[128.84105000307545,35.0066836315704]]],[[[128.82305855819544,35.007415694846095],[128.8230783499318,35.00736583547604],[128.82312949395177,35.0074051583356],[128.82305855819544,35.007415694846095]]],[[[128.8412065114362,35.007283199746304],[128.84116700480428,35.007367070348394],[128.84104039206412,35.00733620182917],[128.8410198686488,35.00725146808424],[128.8412065114362,35.007283199746304]]],[[[128.82238435286814,35.00763380687771],[128.82239371219802,35.00764351135423],[128.82230853919606,35.007667704921744],[128.82238435286814,35.00763380687771]]],[[[128.82214230958363,35.00779293430969],[128.82211726843323,35.00780407572064],[128.82211650709036,35.007779033187745],[128.82214230958363,35.00779293430969]]],[[[128.8407098842922,35.00769639603032],[128.84064119648025,35.00772011553366],[128.840636010841,35.00769916328559],[128.8407098842922,35.00769639603032]]],[[[128.84018400716604,35.00779636717458],[128.84033852291518,35.00778441705147],[128.84031480871792,35.00781675543275],[128.84018400716604,35.00779636717458]]],[[[128.82182069814752,35.008037270108524],[128.821781077819,35.00804633051488],[128.82179153124375,35.008015805467195],[128.82182069814752,35.008037270108524]]],[[[128.8404919318014,35.00784668540595],[128.84053202049682,35.00792241556821],[128.8404560889023,35.007937347175435],[128.84043614615175,35.00788999056067],[128.8404919318014,35.00784668540595]]],[[[128.82195801766994,35.008159084569314],[128.8218520736764,35.008157659783656],[128.82180422698107,35.008143112362845],[128.82190187446648,35.008125219321215],[128.82195801766994,35.008159084569314]]],[[[128.84031966398553,35.00784708497974],[128.84022776564575,35.00798737626407],[128.84018354349914,35.00798943710156],[128.84018080507917,35.007853876918894],[128.84031966398553,35.00784708497974]]],[[[128.78077794884797,35.00883057180157],[128.78056465223466,35.00903477937279],[128.78060516150782,35.00878628309223],[128.78117309988477,35.008777948234005],[128.78108043241878,35.00889195287976],[128.78077794884797,35.00883057180157]]],[[[128.8212599694374,35.00867991477802],[128.82125782880814,35.00869829047538],[128.82119067604148,35.00867981347633],[128.8212599694374,35.00867991477802]]],[[[128.82122591632492,35.008774934585944],[128.82120568635358,35.00879715623274],[128.82117622718786,35.00874035225268],[128.82122591632492,35.008774934585944]]],[[[128.82068719395764,35.0088519942869],[128.82069216944964,35.00882882608081],[128.82072647478176,35.008826282459104],[128.82068719395764,35.0088519942869]]],[[[128.82059416915644,35.00886315475713],[128.8205588264455,35.00886368089386],[128.82057035331542,35.008851701339246],[128.82059416915644,35.00886315475713]]],[[[128.82066738915748,35.00886924757887],[128.82062404844115,35.00886976068509],[128.82062693492284,35.00883389549178],[128.82066738915748,35.00886924757887]]],[[[128.8207169454467,35.00888146317902],[128.82069390729157,35.00888116658177],[128.82069695214062,35.008869129643415],[128.8207169454467,35.00888146317902]]],[[[128.83849483670943,35.00871608246433],[128.8384824023492,35.008734484489864],[128.83845247227464,35.008691881231904],[128.83849483670943,35.00871608246433]]],[[[128.8384228558639,35.00871205154868],[128.83842650988151,35.00873601970002],[128.8383887147892,35.00871003867222],[128.8384228558639,35.00871205154868]]],[[[128.82055011528874,35.008947066551045],[128.82052080813048,35.00895846594596],[128.82050965614172,35.00892763509448],[128.82055011528874,35.008947066551045]]],[[[128.83836672590576,35.00883536458437],[128.83836153720168,35.00884581070939],[128.83832110072242,35.00881174026105],[128.83836672590576,35.00883536458437]]],[[[128.779837488332,35.00958241755017],[128.77965274954255,35.009564966270524],[128.7796332557599,35.00947308834905],[128.77979289919963,35.00933907297594],[128.7798049353444,35.00904922477088],[128.78034202717927,35.00889285906746],[128.7803540040205,35.00914037146245],[128.7802109168193,35.00914247061379],[128.7801196484966,35.00933709660106],[128.779837488332,35.00958241755017]]],[[[128.81944946750409,35.00936644769546],[128.81944817824612,35.00937378680126],[128.81942352475863,35.00937042925783],[128.81944946750409,35.00936644769546]]],[[[128.81976569038605,35.0093674778991],[128.81983907208894,35.00922426262213],[128.81998115079443,35.00936773412154],[128.81976569038605,35.0093674778991]]],[[[128.8203265125883,35.009397141267634],[128.8202981309204,35.00938178819983],[128.82030231009534,35.00937554742637],[128.8203265125883,35.009397141267634]]],[[[128.82002089860637,35.00913363562635],[128.82014939225516,35.009327951441705],[128.82006661399657,35.00942774055617],[128.81991943088954,35.009231711895026],[128.82002089860637,35.00913363562635]]],[[[128.81953876578564,35.0093872113239],[128.81964407875782,35.00946264243408],[128.81958672526625,35.00952822438254],[128.8194227310364,35.00942506768535],[128.81953876578564,35.0093872113239]]],[[[128.83753702305998,35.00933216898534],[128.83753184667646,35.009338668382355],[128.83751674023173,35.009324222600874],[128.83753702305998,35.00933216898534]]],[[[128.8370139147008,35.00944646483447],[128.83699811630063,35.00944713840166],[128.83699901363732,35.009423019078575],[128.8370139147008,35.00944646483447]]],[[[128.83722374795622,35.00943604793362],[128.83718484933885,35.009452685645414],[128.83718336535622,35.00942210963779],[128.83722374795622,35.00943604793362]]],[[[128.83717575186049,35.00950450048566],[128.8371152709783,35.009497592034386],[128.8371207570847,35.009464199091965],[128.83717575186049,35.00950450048566]]],[[[128.83710165709658,35.009528186514714],[128.8370518969384,35.00956569461272],[128.83702409130152,35.00952970109621],[128.83710165709658,35.009528186514714]]],[[[128.82382767431722,35.01022627985476],[128.8237916006365,35.01021568662939],[128.82380432983535,35.01020223657607],[128.82382767431722,35.01022627985476]]],[[[128.77523305257156,35.01084595353151],[128.77517161468384,35.010895059113416],[128.77516874577114,35.01080752580724],[128.77523305257156,35.01084595353151]]],[[[128.83588981511687,35.01034961894484],[128.8358809724761,35.010372815862745],[128.83584580756957,35.01036570475314],[128.83588981511687,35.01034961894484]]],[[[128.8351078645152,35.01065867181223],[128.83508538861835,35.010666366772675],[128.83506184918141,35.01063694224167],[128.8351078645152,35.01065867181223]]],[[[128.77674392322123,35.01109926663171],[128.7767958597972,35.01124752747313],[128.7766727319806,35.01142104449962],[128.7764206893419,35.01145801846852],[128.77648149705797,35.01118267752325],[128.77674392322123,35.01109926663171]]],[[[128.77623785214672,35.0118272365465],[128.77626371030888,35.01195862578165],[128.77615420713607,35.011904978611916],[128.77623785214672,35.0118272365465]]],[[[128.82453060560886,35.010449947915454],[128.824623269347,35.01051174433587],[128.82436530176912,35.01159740414472],[128.82425397725902,35.011579220670555],[128.82432714046632,35.01097708303594],[128.8244211535545,35.01052504065878],[128.82453060560886,35.010449947915454]]],[[[128.83613876584974,35.01352223162444],[128.83605529947616,35.0135603647004],[128.8359662582227,35.013402160912044],[128.83604083115068,35.01338291094682],[128.83613876584974,35.01352223162444]]],[[[128.8355439650741,35.01366593384631],[128.83534590839218,35.01353259781682],[128.83539715786196,35.0134625340889],[128.83547265459185,35.01357909462201],[128.83560143595074,35.0136083941175],[128.8355439650741,35.01366593384631]]],[[[128.8353644162703,35.013925586367975],[128.83532581460975,35.013948036827024],[128.83531994639407,35.01391045718822],[128.8353644162703,35.013925586367975]]],[[[128.7724977940956,35.01558117027234],[128.77241929239742,35.015731039577055],[128.77199593559652,35.01586755920284],[128.7711914897838,35.01567900537422],[128.77065896113487,35.015592031987666],[128.77064174715784,35.01566143308772],[128.769545769179,35.01544693460924],[128.76943929239985,35.01558608176307],[128.7691238327985,35.01573306080585],[128.76797987270857,35.01583090637742],[128.7676809437388,35.015788507034124],[128.76737560313097,35.015562047433576],[128.7672093044362,35.01566161664529],[128.76683178836976,35.01544033829268],[128.76655730076126,35.01542011715947],[128.7664943530766,35.01521350275],[128.76601138915788,35.014874537639045],[128.76584639181254,35.01435886114547],[128.76566570251944,35.01428944020067],[128.7656428475714,35.0139892334423],[128.76550529468318,35.01384465118744],[128.7654219845131,35.013393294562995],[128.76552733020787,35.013009165443954],[128.76610771131766,35.01297617718485],[128.76614460621272,35.012924537032475],[128.76578702177554,35.01279055394174],[128.76608861170936,35.012696062789445],[128.76608438051173,35.01259425559379],[128.7659352898005,35.01265425242796],[128.76560476729242,35.0125813998871],[128.76545446135083,35.01228067006049],[128.7655098886772,35.012064694759694],[128.76572028074818,35.011910006278065],[128.76607736998668,35.01190716329102],[128.76624092030832,35.01200665187217],[128.76622227903943,35.011880847492826],[128.76634259365127,35.01194599984279],[128.7663693636904,35.01187971490748],[128.76673130767975,35.01185561755266],[128.76682515561455,35.01177322737712],[128.7671079100463,35.01200008048184],[128.7672313639,35.01198315293162],[128.76736501508645,35.012117367887015],[128.7674755332317,35.01210701668063],[128.7675562496704,35.01219291665073],[128.76748030007383,35.012252521989375],[128.76764840108038,35.01229747792763],[128.76764498495234,35.01242360262415],[128.76748229310354,35.01251607536547],[128.76708530578554,35.01252589060305],[128.76708711289757,35.01257192434272],[128.76768994259257,35.01267072785839],[128.7678547383293,35.012808859240806],[128.76784741155805,35.01294311002599],[128.7679405258289,35.01301639031219],[128.7677564504999,35.013026804387216],[128.76773495318452,35.01311015897187],[128.7679287963372,35.01317390319602],[128.76820203139772,35.01343283065935],[128.7683443914735,35.013439832966604],[128.76830448154436,35.01356010223086],[128.76814784544194,35.01355431573266],[128.76832472732897,35.01379817301513],[128.76843090689437,35.013794945241],[128.76844475091403,35.01367875342164],[128.76855889695196,35.01370760830159],[128.76841281157786,35.01357628290382],[128.7684655404963,35.013508301578376],[128.76923914810664,35.01337625831817],[128.77058412522734,35.01365860305917],[128.77099894642663,35.013847955034656],[128.7713920948151,35.01389032399231],[128.77157552271072,35.013990422910496],[128.7712972730798,35.01344030239671],[128.7713474493129,35.01308101298185],[128.77147920414527,35.01305110032076],[128.77153932117858,35.01272646137121],[128.77180882454383,35.01260351108696],[128.77179605875284,35.012494768729454],[128.7719647010528,35.01241313083067],[128.77234909287438,35.01238785000595],[128.7724546735242,35.012309653309295],[128.77241058324074,35.01216959730197],[128.7720640914132,35.01221853208553],[128.7721260271602,35.01193572368819],[128.7719652424654,35.011784764176106],[128.7720570518677,35.011324004586506],[128.77217076268803,35.01131024162046],[128.77230411626897,35.011127249938916],[128.77209503546834,35.01086857081676],[128.77221876116732,35.01049509409993],[128.7723238574338,35.01050818365534],[128.77248510821912,35.01033991383982],[128.77263105944925,35.010371570151285],[128.77256095264076,35.01055968951542],[128.77257805073987,35.01103953461777],[128.77270226642693,35.01102965087519],[128.77281951479173,35.01089581143143],[128.7730168157903,35.01094940903079],[128.77308232114873,35.0108037186925],[128.77323857005248,35.010829675906685],[128.77339715335472,35.01102050596648],[128.7733462208245,35.01070555742852],[128.7734996575799,35.01054446077832],[128.77362118601397,35.01058050630578],[128.7738376597157,35.01030148964138],[128.77394883219557,35.010283726631975],[128.77394490362275,35.010385652501256],[128.77404595781718,35.01043863932656],[128.77419049435136,35.01040475660096],[128.77422310967813,35.01032560767116],[128.77443753743458,35.01034920055167],[128.77485600380436,35.010565861385054],[128.77496586829207,35.01131011509917],[128.77502318925113,35.01101274769992],[128.77508358228408,35.01097101617123],[128.77518246271998,35.011121869106084],[128.77533747123434,35.010835175087365],[128.77546841566792,35.01082468672717],[128.77550596127838,35.0110303957362],[128.77563551037267,35.011097084588805],[128.77571712392412,35.010874502647845],[128.77595051772397,35.01086806185869],[128.77593884741222,35.01066852876266],[128.7761010031913,35.010740791935135],[128.77631757296777,35.010665002627505],[128.7764359174893,35.010865494793016],[128.77632073225715,35.01125750966528],[128.77605681529394,35.01159572342499],[128.77591608478716,35.01163560591923],[128.77609221948504,35.01178734456307],[128.7759418276928,35.011763069692336],[128.77553313975173,35.012124583161885],[128.7755563726275,35.01222106872878],[128.77574201648514,35.01230231850781],[128.77577280071816,35.012577972098136],[128.776001168419,35.01267901921391],[128.77605598996598,35.01287565049171],[128.7757640684039,35.012982044191375],[128.77564374436912,35.01294522630664],[128.7755260785072,35.01328659376259],[128.77518082379632,35.01343537127059],[128.77527034396647,35.01362090486296],[128.77508987824552,35.013949575441785],[128.7747799151116,35.01402975561711],[128.77460999611077,35.014421056171486],[128.77429763278613,35.01451791139369],[128.77431863812384,35.014724115340044],[128.77395798444084,35.014798981134575],[128.7738294628412,35.014978626444005],[128.77326392595288,35.01498042102335],[128.7725992203029,35.01487481688306],[128.77211394809933,35.01456384853495],[128.77168788185492,35.0148027191538],[128.7716141168666,35.0150851561803],[128.77175281766483,35.015305952412184],[128.77206444299134,35.015395715575735],[128.77226034593855,35.01534309921196],[128.7724977940956,35.01558117027234]]],[[[128.76334309030574,35.016395231226795],[128.7633979896744,35.01676892328503],[128.76325957494862,35.016844846387166],[128.76316931052258,35.016792554334444],[128.76304411929445,35.01645150646285],[128.76334309030574,35.016395231226795]]],[[[128.76268137761784,35.01757124300303],[128.76176581468323,35.01753232691715],[128.76150616896393,35.017192941378084],[128.76154042042572,35.017000220206256],[128.76184264333753,35.016607889932544],[128.76184108870794,35.01641438775194],[128.76195714508626,35.01628627948853],[128.7620758970677,35.01627534709034],[128.7620583185982,35.016101038521484],[128.76233477265478,35.0161634040725],[128.76244084602217,35.015966370324485],[128.7627157792103,35.01611731340245],[128.76279883168618,35.01631592933067],[128.76280022573744,35.016899384866655],[128.76288988034642,35.01708694158494],[128.76278088382762,35.01720265238114],[128.76268137761784,35.01757124300303]]],[[[128.83602794956116,35.01680805369428],[128.8359356471882,35.01679948978197],[128.83594401010126,35.01674278716343],[128.83601428180347,35.01673820761942],[128.83602794956116,35.01680805369428]]],[[[128.8360453997697,35.01688969958631],[128.83599375197628,35.01688503770184],[128.83600217200507,35.016864390822754],[128.8360453997697,35.01688969958631]]],[[[128.83633639651762,35.01696942799913],[128.83632544650425,35.01697967058767],[128.83631100707126,35.01696028888353],[128.83633639651762,35.01696942799913]]],[[[128.83694442423393,35.01722370988177],[128.83688516439807,35.017265096918905],[128.83689630803687,35.01718999505289],[128.83694442423393,35.01722370988177]]],[[[128.8195233939837,35.01747144549657],[128.8195203330968,35.017516074844764],[128.81945541389214,35.01748676541323],[128.8195233939837,35.01747144549657]]],[[[128.81926697457152,35.01786195236286],[128.81916670183972,35.01786338599631],[128.81915325374388,35.01784311591971],[128.81921167786365,35.017822732646714],[128.81926697457152,35.01786195236286]]],[[[128.8167200124765,35.01820542457093],[128.81663249374853,35.01824365059574],[128.8166195281468,35.01817482153684],[128.8167200124765,35.01820542457093]]],[[[128.81635050584543,35.018296105480296],[128.81624371375827,35.01828196994318],[128.81641883613176,35.018206416420966],[128.81635050584543,35.018296105480296]]],[[[128.8181838497994,35.01830207700509],[128.81814395775615,35.01831495864998],[128.8181248769705,35.018281139999054],[128.8181838497994,35.01830207700509]]],[[[128.81482171204058,35.01860823310454],[128.8146669002368,35.018659641466044],[128.8146920182829,35.01860291822786],[128.81482171204058,35.01860823310454]]],[[[128.81426141119462,35.018897158855395],[128.81417225368267,35.018883366992725],[128.81414568690056,35.01884300698541],[128.81423670326356,35.018829337625384],[128.81426141119462,35.018897158855395]]],[[[128.8139533558198,35.019126340821416],[128.81398643510605,35.01918882109513],[128.81398789572972,35.01922133535607],[128.8139532653414,35.01921460346283],[128.8139533558198,35.019126340821416]]],[[[128.81393248286346,35.0192897771529],[128.81378086696444,35.01927497428522],[128.8137607212019,35.01918298236554],[128.81386888838335,35.019165597594025],[128.81393248286346,35.0192897771529]]],[[[128.83944181238192,35.01926326676868],[128.83948803316642,35.01930817480025],[128.83949480399036,35.019342015866236],[128.8394466080568,35.019331776690926],[128.83944181238192,35.01926326676868]]],[[[128.8394274765069,35.019437454624125],[128.83946326858927,35.019502045524256],[128.83944565653897,35.019537795852884],[128.8393754921494,35.01949673798209],[128.8394274765069,35.019437454624125]]],[[[128.8395573541507,35.01961340560837],[128.83953002872735,35.01954478103645],[128.8396220538559,35.01954830046283],[128.8395573541507,35.01961340560837]]],[[[128.80427343866776,35.022490491584804],[128.80421157364202,35.022410134240864],[128.80455883649003,35.0223120244736],[128.80473939614657,35.02243216522664],[128.80427343866776,35.022490491584804]]],[[[128.84067010408788,35.02316885844435],[128.84064523159427,35.02318528551809],[128.84060546324378,35.023150412456005],[128.84067010408788,35.02316885844435]]],[[[128.80461626012044,35.02402699516754],[128.80457319286018,35.02404537329731],[128.80457330235808,35.024000524446066],[128.80461626012044,35.02402699516754]]],[[[128.84183397575043,35.02425969450105],[128.84182205944862,35.02428024246373],[128.84177706759797,35.024212394518614],[128.84183397575043,35.02425969450105]]],[[[128.84212219052895,35.02494392261816],[128.84211655503313,35.02496488352023],[128.8420407382707,35.02495150120784],[128.84212219052895,35.02494392261816]]],[[[128.84210683723015,35.02524673033934],[128.84208994135338,35.025256555018274],[128.84206169154785,35.025221153820496],[128.84210683723015,35.02524673033934]]],[[[128.84266111698045,35.02592911644264],[128.8427650126069,35.02588592253722],[128.84277227839527,35.025923366309755],[128.84266111698045,35.02592911644264]]],[[[128.84286308902992,35.02599258671061],[128.84283647639907,35.026004979648945],[128.84284155864643,35.02597828039654],[128.84286308902992,35.02599258671061]]],[[[128.8427788692956,35.026006335804325],[128.84275312902727,35.02601061138778],[128.84275839849494,35.02597866964728],[128.8427788692956,35.026006335804325]]],[[[128.84314560708157,35.02657980111398],[128.84316049272036,35.026645815100025],[128.8431108152491,35.02657900688428],[128.84314560708157,35.02657980111398]]],[[[128.84337666607686,35.02720546934693],[128.8432882971653,35.027185236289974],[128.84337902471992,35.027140811711334],[128.84337666607686,35.02720546934693]]],[[[128.84363147720043,35.02728218102054],[128.84361264942964,35.02728803658074],[128.84361690304925,35.027270929266486],[128.84363147720043,35.02728218102054]]],[[[128.84359425440937,35.02740231494163],[128.84358106653787,35.02740926216091],[128.84357791982177,35.02738248810429],[128.84359425440937,35.02740231494163]]],[[[128.84345036202058,35.02742429829238],[128.84348120651927,35.027319897684215],[128.84349709852594,35.027328958267475],[128.84345036202058,35.02742429829238]]],[[[128.8435004546284,35.02743531006087],[128.84350394254196,35.027381926836775],[128.84353952910223,35.02737593711528],[128.8435004546284,35.02743531006087]]],[[[128.8435585351417,35.02777614703],[128.84355132928772,35.02775331667783],[128.843609061967,35.02774931239459],[128.8435585351417,35.02777614703]]],[[[128.84391500485714,35.028326915147915],[128.84388551517006,35.02833333696991],[128.84388527004916,35.02832244769709],[128.84391500485714,35.028326915147915]]],[[[128.84380284502046,35.028591687626225],[128.84375820360862,35.02863503498364],[128.84364292701136,35.02860696728821],[128.84365855256937,35.02858560085466],[128.84380284502046,35.028591687626225]]],[[[128.84351366533835,35.02882702649222],[128.8437001191538,35.02878192844309],[128.8436322740886,35.028866052181634],[128.84351366533835,35.02882702649222]]],[[[128.8436177894564,35.02893636942673],[128.84358904162838,35.02893930888834],[128.84358160626664,35.028920881159266],[128.8436177894564,35.02893636942673]]],[[[128.84361995143723,35.02895434070665],[128.84364521770397,35.028940540593176],[128.84365859214648,35.02896111791176],[128.84361995143723,35.02895434070665]]],[[[128.84364893650312,35.02901793260189],[128.84364550248904,35.029028394659534],[128.84360372094858,35.029001237871256],[128.84364893650312,35.02901793260189]]],[[[128.84463737482952,35.03168417766217],[128.84462568050006,35.03177122761994],[128.84453093307127,35.03181825118311],[128.8445217806576,35.03176683480217],[128.84463737482952,35.03168417766217]]],[[[128.8445628828517,35.03194548025591],[128.84456024703712,35.03185898313921],[128.84470053090635,35.031784563032254],[128.8446043620823,35.03186125239748],[128.8445628828517,35.03194548025591]]],[[[128.8083419261416,35.03255758618087],[128.80832727036963,35.03258423404785],[128.80827435741622,35.03256283571884],[128.8083419261416,35.03255758618087]]],[[[128.84759871778817,35.033064360431155],[128.8475355146823,35.033108285905406],[128.84749814829868,35.03305320144857],[128.84759871778817,35.033064360431155]]],[[[128.84732785399538,35.03313496750412],[128.8472875374415,35.033145774319394],[128.84726787200185,35.03310874178731],[128.84732785399538,35.03313496750412]]],[[[128.8077631936968,35.033539413840856],[128.8077036914506,35.03358795761135],[128.8076946983048,35.03352205675503],[128.8077631936968,35.033539413840856]]],[[[128.80762579682658,35.033506318877166],[128.80768593110784,35.03356831796622],[128.80767607597383,35.033589434633065],[128.80759131846358,35.03356927729417],[128.80762579682658,35.033506318877166]]],[[[128.84763123652849,35.033174710550846],[128.84760007519802,35.03320399164016],[128.8475690326363,35.03315651183946],[128.84763123652849,35.033174710550846]]],[[[128.80745476523904,35.033481855335694],[128.80751279019788,35.03355706399831],[128.80753902463854,35.03366191824596],[128.80741807688844,35.033561957310006],[128.80745476523904,35.033481855335694]]],[[[128.80767074705034,35.0338109817503],[128.8077055762522,35.03365761385068],[128.80791741722138,35.03383101033199],[128.80767074705034,35.0338109817503]]],[[[128.8478619440497,35.03341632715831],[128.84788137246147,35.03343369806282],[128.84773587243862,35.03341702261484],[128.8478619440497,35.03341632715831]]],[[[128.84949429056377,35.033736643897626],[128.8495419178073,35.033793710822394],[128.84923937984243,35.0340654113356],[128.84896708813616,35.033923719377356],[128.84911428953367,35.03374178620276],[128.84949429056377,35.033736643897626]]],[[[128.84957174636037,35.03408241925009],[128.84944857944004,35.03420550523477],[128.84928904573187,35.034251555278296],[128.84942135600448,35.03417464329702],[128.84944634890127,35.03404696803605],[128.84957174636037,35.03408241925009]]],[[[128.8488755236768,35.03544343501639],[128.84872455331984,35.03550262990376],[128.84871892546343,35.03546081790038],[128.8488755236768,35.03544343501639]]],[[[128.8487180483062,35.03552418139801],[128.84881598457926,35.03549632161916],[128.84879802421915,35.03553363603992],[128.8487180483062,35.03552418139801]]],[[[128.84881581638749,35.03662084335328],[128.84879628002884,35.03663024839908],[128.8488009474028,35.03661521103791],[128.84881581638749,35.03662084335328]]],[[[128.84883064233108,35.03665240497554],[128.8488108346382,35.03667785164079],[128.84878257393024,35.03665455155137],[128.84883064233108,35.03665240497554]]],[[[128.84893694747603,35.0367309841244],[128.84893288378873,35.036691508062994],[128.8489968260256,35.036681760710316],[128.84897531465754,35.03670419769408],[128.84893694747603,35.0367309841244]]],[[[128.84890753340312,35.03775161869758],[128.84890419628894,35.03778416218407],[128.8488726903694,35.03777334462075],[128.84890753340312,35.03775161869758]]],[[[128.84896176103027,35.03786643628823],[128.84896025351577,35.03788263410896],[128.84891373013838,35.03785510099649],[128.84896176103027,35.03786643628823]]],[[[128.84921728408096,35.03777453402816],[128.84924336793242,35.03786750276522],[128.84918497560886,35.037887475489384],[128.8491340878563,35.03783800059387],[128.84921728408096,35.03777453402816]]],[[[128.84939808956406,35.03815581738019],[128.84936873116288,35.03819274471175],[128.8493097754749,35.038167330967894],[128.84939808956406,35.03815581738019]]],[[[128.84911252826308,35.0382745022507],[128.84909229555223,35.03830792249081],[128.84899768955677,35.03821678956139],[128.84911252826308,35.0382745022507]]],[[[128.8494201497359,35.03840521794483],[128.84939193219523,35.03841699271647],[128.84938873313305,35.03838578333537],[128.8494201497359,35.03840521794483]]],[[[128.85055862444756,35.04012609633464],[128.85052630083226,35.040128811299645],[128.8505234482321,35.0401158204949],[128.85055862444756,35.04012609633464]]],[[[128.85082375915195,35.04014525825865],[128.8508286188089,35.040171748783095],[128.8507333684917,35.04017399413676],[128.85082375915195,35.04014525825865]]],[[[128.85045314658606,35.0401306616717],[128.850458878218,35.04019355662801],[128.85043543906656,35.040198406960535],[128.85042648385962,35.04017125691781],[128.85045314658606,35.0401306616717]]],[[[128.8505396953192,35.04046512267753],[128.8505294202719,35.040536767829614],[128.85050959343093,35.040548949869844],[128.85048675344072,35.04052073447009],[128.8505396953192,35.04046512267753]]],[[[128.81087909763005,35.04171358406522],[128.81084717478967,35.0417286855313],[128.81085546376332,35.04169860415109],[128.81087909763005,35.04171358406522]]],[[[128.81084863689884,35.04178205232716],[128.81084107418434,35.04178498869242],[128.81082593895795,35.04175813048138],[128.81084863689884,35.04178205232716]]],[[[128.81080440059873,35.04179808029421],[128.81079116385234,35.04181546480262],[128.8107692605122,35.04180600865824],[128.81080440059873,35.04179808029421]]],[[[128.8509590158644,35.04130461368592],[128.85095697914258,35.04142042560111],[128.85088685455668,35.04146732690595],[128.8508459526311,35.04137260309699],[128.8509590158644,35.04130461368592]]],[[[128.85097124953717,35.041841568014576],[128.85091926685203,35.04187516720126],[128.85094160656783,35.04182695144742],[128.85097124953717,35.041841568014576]]],[[[128.85115578475606,35.042089420917144],[128.85089550375895,35.04207605566533],[128.8508409593683,35.04198549433475],[128.85112852696426,35.0419454890819],[128.85115578475606,35.042089420917144]]],[[[128.85102416501928,35.04217464036407],[128.85094962444586,35.0422002046091],[128.85092111728312,35.04211494539987],[128.85102416501928,35.04217464036407]]],[[[128.8506343042308,35.04274311176115],[128.85061501129687,35.042746798824886],[128.85059906337221,35.042714058881224],[128.8506343042308,35.04274311176115]]],[[[128.80788719461452,35.043438765547265],[128.8078371992171,35.043451931363286],[128.80782854957013,35.04342741208375],[128.80788719461452,35.043438765547265]]],[[[128.85024253719703,35.04331878479046],[128.85022133808545,35.04335621388208],[128.85019230496582,35.043340707635],[128.85024253719703,35.04331878479046]]],[[[128.8072171288346,35.04399062037079],[128.80718267922742,35.0440160261007],[128.80715531907657,35.043976701211676],[128.8072171288346,35.04399062037079]]],[[[128.85116028664677,35.043952235333535],[128.8511373853306,35.043895137263654],[128.85116500972455,35.043884861818505],[128.85116028664677,35.043952235333535]]],[[[128.8503669300823,35.04436685229717],[128.85030415585402,35.04437051300032],[128.8503110243585,35.0443309324851],[128.8503669300823,35.04436685229717]]],[[[128.80615400673798,35.044913484884134],[128.8061360946374,35.044916610838584],[128.80613743413176,35.04489159436892],[128.80615400673798,35.044913484884134]]],[[[128.85042337851357,35.04445306016311],[128.8504416532493,35.04450152246003],[128.85037661111164,35.044473909419956],[128.85042337851357,35.04445306016311]]],[[[128.850245959893,35.044752225770715],[128.85020784747223,35.04475884884504],[128.85021002174335,35.0447260829729],[128.850245959893,35.044752225770715]]],[[[128.8062983975368,35.04574046805315],[128.8062746394409,35.04576205438962],[128.80624387600457,35.04571550310917],[128.8062983975368,35.04574046805315]]],[[[128.85019200760672,35.0457555726966],[128.850131956285,35.04580637020099],[128.8501333832958,35.045735522389705],[128.85019200760672,35.0457555726966]]],[[[128.85009319835214,35.045815903746],[128.85008156315243,35.04583100065573],[128.85004848629114,35.04575063492263],[128.85009319835214,35.045815903746]]],[[[128.85018527501984,35.046054308822875],[128.85018468958512,35.04602113457026],[128.8502209176594,35.04603714588739],[128.85018527501984,35.046054308822875]]],[[[128.85035884826053,35.04606388450013],[128.85032850719827,35.04606962404696],[128.85032228093846,35.04603525748941],[128.85035884826053,35.04606388450013]]],[[[128.85029697044658,35.046779288820524],[128.85028577573442,35.04679330968373],[128.85026329351788,35.04675855964632],[128.85029697044658,35.046779288820524]]],[[[128.85022556447018,35.04688445880794],[128.8501995016053,35.04688109542144],[128.85020410913486,35.04686633640121],[128.85022556447018,35.04688445880794]]],[[[128.8502320135988,35.04725438048418],[128.85023731745795,35.04728898903099],[128.85020205362457,35.04725898689432],[128.8502320135988,35.04725438048418]]],[[[128.80158398507487,35.04782890322823],[128.80161359992064,35.0476628960348],[128.80178351099164,35.04768137443814],[128.80158398507487,35.04782890322823]]],[[[128.8009190415316,35.047810137974565],[128.800888266329,35.04786558813107],[128.8007918762909,35.04769520774818],[128.8009190415316,35.047810137974565]]],[[[128.8013615769859,35.04764243556951],[128.8014326380113,35.04774378947659],[128.80126932397096,35.04787357594665],[128.80105925376674,35.047871724036995],[128.8009389685941,35.04770869700899],[128.80102054637746,35.047637656019056],[128.8013615769859,35.04764243556951]]],[[[128.80380239379824,35.04786985435824],[128.80394998980805,35.047774889566924],[128.80402830277063,35.04787577714741],[128.80380239379824,35.04786985435824]]],[[[128.8027569518464,35.048026106421915],[128.80275301300622,35.04805382869154],[128.80267584756237,35.04803264524944],[128.8027569518464,35.048026106421915]]],[[[128.79406929746025,35.047972084858614],[128.79393996475468,35.04816111489126],[128.79368831091367,35.04814903438217],[128.79357861171408,35.0480366413358],[128.78937545334267,35.048008938411236],[128.78779307023976,35.04802568653183],[128.78747054327334,35.048191424977716],[128.78721348208907,35.04813340741619],[128.78718154199188,35.04783486626182],[128.78725267286205,35.04774884517614],[128.78768404244968,35.04771218666212],[128.79192062640632,35.04773256939435],[128.79204856954283,35.04779526320209],[128.79395368984206,35.047786105045475],[128.79406929746025,35.047972084858614]]],[[[128.79688931071064,35.05354738661504],[128.79688803135528,35.05357104895164],[128.7968661718542,35.05352910135915],[128.79688931071064,35.05354738661504]]],[[[128.7967680742118,35.053612513824845],[128.79668173686343,35.05361246124233],[128.79671570283648,35.05351605904117],[128.7967613946401,35.05354144360315],[128.7967680742118,35.053612513824845]]],[[[128.796804898167,35.05352613812627],[128.79685472943493,35.05358031338427],[128.7968684866962,35.05365982858326],[128.79679861038855,35.05358692563374],[128.796804898167,35.05352613812627]]],[[[128.7968093204417,35.053691406035576],[128.79674929363847,35.053691304828895],[128.79675677677105,35.053667629367],[128.7968093204417,35.053691406035576]]],[[[128.8382712026018,35.05526090364444],[128.8386230728625,35.05539435217127],[128.83878745239704,35.05562420459298],[128.83877883876318,35.0557621396293],[128.8382811734234,35.05621946553936],[128.8377700237677,35.05623627856859],[128.8375188125037,35.056042182482265],[128.83751661627596,35.05585588401756],[128.83787471355836,35.055396329155506],[128.8382712026018,35.05526090364444]]],[[[128.791868186247,35.062153330024906],[128.7919443479564,35.06222746891967],[128.79189885322432,35.06231719046556],[128.79167460434874,35.062322176651605],[128.79169086977268,35.06220380619421],[128.791868186247,35.062153330024906]]],[[[128.7929980709636,35.06317408960905],[128.7929515658199,35.063167081822975],[128.7929638352927,35.06314194088355],[128.7929980709636,35.06317408960905]]],[[[128.79308659064122,35.06311975608529],[128.7931220298618,35.06316535727419],[128.7930659308262,35.063186537508166],[128.79304871587462,35.06316601001113],[128.79308659064122,35.06311975608529]]],[[[128.7931404853829,35.063273231180396],[128.793108269008,35.06329667060074],[128.79307617254403,35.06325734716449],[128.7931404853829,35.063273231180396]]],[[[128.79287491997442,35.06346243928023],[128.79287506990212,35.063406645912956],[128.79292097071516,35.06342240172425],[128.79287491997442,35.06346243928023]]],[[[128.7929110804918,35.06351240136207],[128.7929347964356,35.0634901724718],[128.79293185588858,35.063533046906535],[128.7929110804918,35.06351240136207]]],[[[128.85400623244578,35.062909982510696],[128.8540440065445,35.06299951644043],[128.85404005482317,35.06302849445924],[128.85397310468525,35.0629837997424],[128.85400623244578,35.062909982510696]]],[[[128.85383158010325,35.063021266179945],[128.85384224731317,35.06298523624548],[128.85387140060791,35.06301538651852],[128.85383158010325,35.063021266179945]]],[[[128.79121594111027,35.063715636567224],[128.79115793584927,35.06374047530522],[128.79113022303522,35.063690477759],[128.79121594111027,35.063715636567224]]],[[[128.79213026267635,35.063849648777705],[128.79155748462418,35.0637969069447],[128.79132522959947,35.06364614004715],[128.79135893127724,35.063456773329065],[128.79171121760308,35.063268259772386],[128.79151643544057,35.06318545045981],[128.79148175682204,35.062865535223914],[128.79167725785808,35.06262649165271],[128.79207103102422,35.062431007228156],[128.7922859557457,35.062397080015785],[128.7927573533365,35.062661639683306],[128.79268083035313,35.062429025571696],[128.79284600172002,35.06240108087455],[128.7930421454102,35.062514006898255],[128.79313321724442,35.0627260449357],[128.7930142699387,35.0629476616493],[128.79283340414221,35.063035085725254],[128.79294734355648,35.06312346233881],[128.79280997553406,35.06340532371797],[128.79286915437382,35.06351504204183],[128.79271967587758,35.063672575032996],[128.79213026267635,35.063849648777705]]],[[[128.8571291223277,35.06347483874423],[128.8571250671468,35.06348809416755],[128.85708027367986,35.06347867908574],[128.8571291223277,35.06347483874423]]],[[[128.85765998706657,35.06350901316351],[128.85766033233304,35.0634676137407],[128.85769750921875,35.06347606165215],[128.85765998706657,35.06350901316351]]],[[[128.8573629947777,35.06352233500828],[128.85731736916108,35.06351028389317],[128.85737264864264,35.063477184234266],[128.8573629947777,35.06352233500828]]],[[[128.85602745917475,35.063582549745185],[128.8560268838953,35.06359477621441],[128.8559979427644,35.06358354789267],[128.85602745917475,35.063582549745185]]],[[[128.8561704012122,35.06360969863906],[128.8561429202385,35.06361362154847],[128.85613941994995,35.063602887797835],[128.8561704012122,35.06360969863906]]],[[[128.85623916849775,35.06361405460298],[128.8562382751276,35.063624617482674],[128.85619341512634,35.06361469248423],[128.85623916849775,35.06361405460298]]],[[[128.85721497374124,35.06363878221047],[128.85718512487375,35.06361333722966],[128.8572160327983,35.06361047935056],[128.85721497374124,35.06363878221047]]],[[[128.85736104599758,35.06357598142964],[128.85729646278813,35.063636969490005],[128.85728410700028,35.06360171538477],[128.85736104599758,35.06357598142964]]],[[[128.85660782687228,35.063645508570474],[128.85665562679606,35.063616588186534],[128.8566519035428,35.06366773524654],[128.85660782687228,35.063645508570474]]],[[[128.8569582448235,35.06368142669371],[128.85693764484552,35.06369076563148],[128.85693454855095,35.063680661243524],[128.8569582448235,35.06368142669371]]],[[[128.85737752728915,35.063691448641876],[128.85737288823907,35.063685995101565],[128.8574035069362,35.063667057717495],[128.85737752728915,35.063691448641876]]],[[[128.85779053744542,35.063687050782406],[128.85760745687708,35.0636399930244],[128.85759866055707,35.063601559569065],[128.85775061718485,35.063609498861],[128.85779053744542,35.063687050782406]]],[[[128.90262615708357,35.063722606571496],[128.90232674257282,35.063395905814886],[128.90257641543107,35.0631694446771],[128.90250230164887,35.06307995544506],[128.90256318280152,35.06289778235978],[128.90284094084058,35.06268472969163],[128.90298761151982,35.0626595461489],[128.90321686671095,35.06277827646846],[128.9032819019128,35.06294610308722],[128.90346250824095,35.063046416261315],[128.90348623035257,35.06328897466707],[128.90330951686002,35.063347961884766],[128.90302722230916,35.06364560064466],[128.90286027742812,35.063724969429025],[128.90281263853652,35.063653252074296],[128.90262615708357,35.063722606571496]]],[[[128.91134602665107,35.06364340163333],[128.91111946224447,35.063532729762755],[128.91109662505664,35.06362375376232],[128.91084886709177,35.06362454448916],[128.91053070418874,35.06347417388874],[128.9104904300895,35.06336573758859],[128.9104649790073,35.06345229810121],[128.9103462581549,35.06336845117586],[128.91028305313293,35.06343193950491],[128.9099832744332,35.063440666427965],[128.90972885531136,35.06334191538218],[128.90922753231612,35.063388287715085],[128.90915365110527,35.06319804423615],[128.90898538041955,35.06312935032076],[128.90837828466613,35.06320330744054],[128.90785074401052,35.062911528491725],[128.90774278526814,35.06296122508879],[128.90775885120695,35.062898745992214],[128.9074027840484,35.0627268430538],[128.907421791956,35.06278673671266],[128.9072943377922,35.06281579607265],[128.90709195395388,35.06267545147215],[128.90685283376666,35.06275928767679],[128.90672511763844,35.06268488880577],[128.90665172164492,35.062810237902916],[128.90619276974437,35.06258382574138],[128.9059659363437,35.062632306826785],[128.9057885644456,35.062569882062554],[128.9052629290442,35.062249338757404],[128.90517627833276,35.06216158873934],[128.90519375445044,35.061901866651745],[128.90533282732122,35.06159379520797],[128.90533334649632,35.06128282458515],[128.90554634032364,35.06106823420355],[128.90545586114533,35.06097049074621],[128.9057218638595,35.060540905022584],[128.90584075502616,35.06046795458331],[128.9059460488081,35.0605027122285],[128.90597706886388,35.06035469070215],[128.90627943640393,35.06030744818946],[128.90643080194744,35.06017999685739],[128.90648125719608,35.05966084943832],[128.90758417671262,35.05932077422081],[128.90800260132744,35.05886813665155],[128.9081880834276,35.058817482069394],[128.9082494737555,35.058690891023595],[128.90846257829145,35.058572760094556],[128.90869370527744,35.058553588363644],[128.90877133024853,35.05845765096187],[128.90905863406445,35.058482478916055],[128.91050438309398,35.058124814318404],[128.9110885291001,35.058075880276576],[128.9111268914578,35.057981456724555],[128.91147628223376,35.05783359366295],[128.91182963577018,35.057861774092686],[128.91188205373874,35.058018224460966],[128.91197975446357,35.05773170487496],[128.9127595141779,35.05762628045882],[128.9132428802362,35.05731425957583],[128.91349749984192,35.057281733895785],[128.91361205533576,35.05739036657046],[128.9136504934942,35.05723144785133],[128.9140442109894,35.05712747024938],[128.91418052479523,35.05719125081403],[128.91426248363885,35.05736365283741],[128.91425769509834,35.057269678296855],[128.9144384128021,35.05730770383649],[128.91452350339372,35.057223252837886],[128.91479661193802,35.057222203299744],[128.91486855959727,35.05730034597969],[128.91489949060573,35.05705041442984],[128.91506336931806,35.056989080754796],[128.91530717422728,35.057040475110895],[128.91534217770834,35.05723478418984],[128.91553875894704,35.05740613258463],[128.91517379921578,35.05769454650811],[128.91498301332982,35.05763676917442],[128.91443731885983,35.05770105041932],[128.91349329764944,35.05797429129554],[128.91286860392347,35.058038732411084],[128.9127378068155,35.05815243195823],[128.91228655074255,35.058184712358496],[128.91191526471442,35.05834335750524],[128.91213944570362,35.058325200494295],[128.91225376393325,35.05821753880997],[128.91273362297616,35.058187532906764],[128.91284991072132,35.058090882918414],[128.91314525384806,35.05803577800667],[128.9132850120483,35.058084122998],[128.91341805889482,35.05800945215121],[128.91344824508857,35.05808819775654],[128.91365362133809,35.05811365581156],[128.91405655657292,35.05788926919688],[128.91503978015348,35.05781652168563],[128.91517115153613,35.05817740445604],[128.91561492084764,35.05858661352872],[128.91553083771606,35.05868427518495],[128.9152610588167,35.05871378214489],[128.9156462953477,35.05870553713335],[128.91564885151868,35.05888478779133],[128.91595306471527,35.059788074473346],[128.91579695913782,35.05975485102695],[128.91564334425524,35.05982333224805],[128.91568516679538,35.059861119625346],[128.91582493283585,35.05976441276221],[128.9159520725975,35.05985406723008],[128.91604451943118,35.060228608721935],[128.9158850707355,35.06038964597114],[128.91606758214397,35.06037527442527],[128.91598439760327,35.05973289069891],[128.9157919395154,35.05925207622235],[128.91564843286974,35.058486807429276],[128.9152540079296,35.05817411230088],[128.9151639517273,35.05786034519693],[128.91552054285296,35.05777141970628],[128.9155807727338,35.05800180015195],[128.9155189003932,35.05826220845562],[128.91558374891906,35.05810655685063],[128.91576916009805,35.05804252293406],[128.91623954152388,35.05835276690091],[128.91612037271742,35.05818027151444],[128.9159323218693,35.05811397752075],[128.91580289773103,35.05796742903917],[128.91639887358542,35.057743518489474],[128.91648553524436,35.05785041208515],[128.9166553455817,35.057868237785996],[128.91673383321955,35.05812276759412],[128.91694592910963,35.05819995526055],[128.9167447099272,35.058107801333826],[128.91666247639105,35.05785688127684],[128.9164516492807,35.05779632798191],[128.91662317352652,35.05772110960568],[128.9163172586105,35.0577222208942],[128.91610909915786,35.0578500184207],[128.91568730422958,35.05791130775898],[128.91593136516025,35.05725662535823],[128.91623944368408,35.05707098787207],[128.9160982402839,35.05675575301038],[128.91617953909045,35.05658412487628],[128.9165560803088,35.05633543787817],[128.91650045408386,35.05618832748413],[128.91360793742712,35.056482548094465],[128.91246547910066,35.05649305595772],[128.91230716074566,35.05654559620209],[128.91181936909967,35.05698692516206],[128.91166533019407,35.05703245950085],[128.91145566451215,35.05694139129507],[128.91163109951722,35.056689203449565],[128.91234994887586,35.05604471921281],[128.91257672948024,35.055950148606186],[128.9133683199496,35.056062232667166],[128.91389890085358,35.05605873005835],[128.91519112081582,35.055876592156416],[128.9164662234482,35.05580653954901],[128.9180750793568,35.05588359758622],[128.91903354655628,35.05603771415468],[128.92004763896583,35.056598135505105],[128.92143399345608,35.05807272572459],[128.9219859681613,35.05893435002564],[128.92204587255614,35.059417696746976],[128.92175918778696,35.06001311888931],[128.92189825171724,35.06105684900492],[128.92171212025,35.06127049721489],[128.9214639461141,35.061303770763146],[128.9212500021351,35.06111814195709],[128.92150245629094,35.06092550883084],[128.92147678198302,35.06020750564195],[128.92163510132423,35.059422949722155],[128.92143399400686,35.05884153274621],[128.92124144507952,35.058543818069424],[128.9213698108175,35.059591069182005],[128.92118581974512,35.060049894354584],[128.92083495192117,35.0602985698591],[128.9208007215496,35.06016547584228],[128.92100182750414,35.05977319822493],[128.92098899193607,35.05921279980607],[128.92079216294294,35.059058689229744],[128.92038139168693,35.05896762381255],[128.9203599973793,35.05821107618177],[128.92026586167958,35.05805346100216],[128.91993210984887,35.057885338571225],[128.91965826274196,35.057871327511045],[128.9195855215145,35.057661173400135],[128.91973528260095,35.05737045900781],[128.91962831055517,35.05699568190442],[128.91938869309422,35.05675049908833],[128.91893513341918,35.05648780246755],[128.9182034465077,35.056452776825665],[128.91793387762453,35.056652425044206],[128.91797855622232,35.05714776556005],[128.91837469512896,35.05804981180403],[128.91923519020216,35.05948890814958],[128.9194417781078,35.060210351695794],[128.91988955816933,35.06099164782743],[128.92000127852253,35.0614409299189],[128.91990448357973,35.06161435400845],[128.91954714524763,35.06185890898293],[128.91933840524246,35.06184634880307],[128.91910197252702,35.06154876213595],[128.91902394143622,35.061189392371226],[128.9194606079369,35.061304575576735],[128.91950583380188,35.0612504130755],[128.91920524916446,35.061016085428356],[128.91911995502406,35.06101591588662],[128.91908898185386,35.061106930119436],[128.91901693469384,35.060882044784705],[128.9190773506898,35.060824167572434],[128.91872680285383,35.06085088464209],[128.9188409962575,35.06092528833757],[128.918754546704,35.061070830813094],[128.9185009370817,35.06088484599576],[128.91820009032276,35.060805282726164],[128.91816867647924,35.06063686388418],[128.91789820161029,35.06040886467216],[128.91786445153244,35.060294269425476],[128.91782753760728,35.060474030055644],[128.91773114985043,35.06042799383308],[128.918001410438,35.060015248728945],[128.9179866037547,35.05969985577038],[128.91815939634665,35.05972135198659],[128.91824115492548,35.059651590849676],[128.91817322698694,35.0595095797315],[128.91839288888227,35.059510526462994],[128.91836072660317,35.05969319898687],[128.91852589794766,35.059618395734226],[128.91861847262334,35.05928237421246],[128.91849673985826,35.059305849471635],[128.91850723909533,35.059408588531525],[128.91813680992934,35.05943808710134],[128.9181424863679,35.05964355420284],[128.9178963856698,35.05962164732107],[128.91718967531253,35.05978676944933],[128.91701926171544,35.05969055304047],[128.9168293733912,35.059661457522466],[128.9165631814411,35.05985723765007],[128.91630898041265,35.05990815932446],[128.9160782832131,35.059753770216396],[128.91620806220945,35.059925174218904],[128.9163123542495,35.059940076778375],[128.91654288042957,35.05989757884329],[128.91683781048366,35.05968533178192],[128.91700287387968,35.059719623161136],[128.9170151889506,35.05980336341705],[128.91727360091457,35.05983985651607],[128.91784959162345,35.05977055933996],[128.9179042734552,35.060009754645726],[128.91761322196217,35.06022279475741],[128.91757516571985,35.06043019403529],[128.91842888321298,35.06129043326308],[128.91828253817235,35.06135448418411],[128.91814864351824,35.06131513529916],[128.91809102233935,35.06153117667749],[128.9179117194906,35.06162499788401],[128.91773216520508,35.06150218734984],[128.9177907424091,35.06163423484933],[128.9176215170853,35.061689842615],[128.917417656362,35.06169281956049],[128.91732753879407,35.061581639272994],[128.91739490590047,35.061765529549376],[128.91721689716294,35.061887349483776],[128.91682983564297,35.06188887761451],[128.91670841080057,35.062020736423975],[128.91578465696762,35.062238788401025],[128.91563328215017,35.06221955714484],[128.91553819811264,35.06230243857996],[128.91506929725062,35.06212345843221],[128.91489779702735,35.06218390372995],[128.91443390785253,35.06206501919294],[128.91405946026194,35.06209051026308],[128.9136478907741,35.061832911029505],[128.91344931308817,35.06200084795435],[128.91319439245004,35.06201503872088],[128.91283104975713,35.06184917117625],[128.91272210529718,35.06170520305023],[128.91259213013643,35.06171674055565],[128.91253717303786,35.06183043471967],[128.91241737471216,35.061856849602194],[128.91202272028522,35.061780824922536],[128.9118393695105,35.06182545566073],[128.91162278936827,35.06172426368142],[128.91116276400933,35.06168495721009],[128.9108337447601,35.06184267096677],[128.9106560396067,35.0618437138284],[128.91052047799593,35.06201289123374],[128.91059532032327,35.062144026440635],[128.9105160606698,35.06222628354608],[128.91061142051836,35.06232848988281],[128.91057286962257,35.062512103973674],[128.91062048123004,35.062593994456485],[128.91073159161186,35.06258999981567],[128.91060447573193,35.06274673018748],[128.91077005130535,35.06266430930205],[128.91082660377455,35.06279144823899],[128.91094077509857,35.062765347424715],[128.9114590041904,35.0629854496582],[128.91191985392842,35.06306773644982],[128.9118190681772,35.063470355464894],[128.91163239581715,35.063468719022424],[128.91156729963743,35.0635913515163],[128.91134602665107,35.06364340163333]]],[[[128.85853263491248,35.064046426689366],[128.85859481028834,35.06413876129693],[128.85858745466766,35.064260358758695],[128.85848107721884,35.06418507173881],[128.85853263491248,35.064046426689366]]],[[[128.85823778867584,35.064704576090776],[128.8581537726885,35.064680880387506],[128.8581597441931,35.064661969977855],[128.85823778867584,35.064704576090776]]],[[[128.85784015101677,35.06492221531635],[128.8578321439917,35.06492933511281],[128.85782762767002,35.06491275839365],[128.85784015101677,35.06492221531635]]],[[[128.85779505230724,35.06494640022342],[128.8577984043771,35.06498928653374],[128.85774723308532,35.06497291838],[128.85779505230724,35.06494640022342]]],[[[128.85772185623907,35.06502796496136],[128.8577232960732,35.065059415444665],[128.8576947888458,35.06504284673055],[128.85772185623907,35.06502796496136]]],[[[128.8899087875369,35.062152280783955],[128.88914159917104,35.062851168294976],[128.8890405103475,35.06329591061718],[128.88873363542896,35.06356925639001],[128.8887029482065,35.06373326336415],[128.88849896629037,35.06397114709887],[128.88860547013275,35.064114467494264],[128.8884989662154,35.064200164637604],[128.88853441732823,35.06458481384714],[128.8881942468526,35.06481859036062],[128.88747539630327,35.06466098818834],[128.8859606755926,35.063636566691784],[128.88520973445586,35.063318731140306],[128.8845935759161,35.06324518190748],[128.8844074444519,35.063108590589195],[128.88433042571407,35.06289056939272],[128.88484389062543,35.06232056004566],[128.88619173433952,35.06125933271384],[128.88737270358087,35.06076286387987],[128.88809155481036,35.06030842102742],[128.8902063865637,35.05973313991518],[128.89551111697043,35.058706028218154],[128.89795328420658,35.05834088903938],[128.8992626176407,35.05799939080966],[128.90524769043043,35.05681989491735],[128.90990738196194,35.05612637510862],[128.9110049121228,35.05614607631867],[128.91094072949485,35.05659266239435],[128.91072411155213,35.05675553377048],[128.91057328169495,35.05671218881304],[128.91055723549962,35.056562453107524],[128.9106615338847,35.0565046593308],[128.91048502993263,35.056361489124534],[128.91042726467953,35.05645080672411],[128.91009351329123,35.05653224217929],[128.90998600592013,35.05662944027366],[128.90951586546987,35.05668591980568],[128.90925110958116,35.05679493841386],[128.9090280733233,35.05678443067214],[128.9087248085284,35.056894762889925],[128.90852423729697,35.05687243423814],[128.90768343756903,35.05717190607745],[128.9079265612509,35.05723065899497],[128.90806873110148,35.05734863392674],[128.90766237724543,35.057710820447575],[128.90735441172424,35.05779213940453],[128.9069622509961,35.058061752312256],[128.90665330352346,35.05796359547329],[128.90673282173879,35.057706377755466],[128.9066465667461,35.05748999579654],[128.9066962221481,35.05742245130168],[128.90632797112923,35.0574771236395],[128.90518711753543,35.05798247950641],[128.90479540098843,35.058046018058704],[128.9044975504829,35.05822185806341],[128.9041293002858,35.05832529271284],[128.90403001662216,35.05852920619753],[128.90384769737295,35.058616385751144],[128.90347944692093,35.05867696878939],[128.90323033587512,35.05880256750443],[128.9029180452271,35.05878483568931],[128.9026887920212,35.05895624057429],[128.90236386435697,35.05897249484688],[128.90218496519017,35.05911992072344],[128.90180996112952,35.059233119138966],[128.90157445684974,35.05922191685904],[128.90144018820914,35.05930997114598],[128.90123308948813,35.05924792452685],[128.90113298813307,35.05931943890407],[128.9010183200522,35.059294879210334],[128.90099327641866,35.059374361602124],[128.9008822118347,35.05926958606822],[128.90071968093594,35.05940392184678],[128.900784592225,35.05950231499871],[128.90071059977151,35.059543697523],[128.9006125445153,35.05946657455562],[128.90029893487755,35.05947099920746],[128.90019393862815,35.05961097518231],[128.89993042763348,35.05967640901565],[128.89987591329515,35.05982078809181],[128.89970743672316,35.059762304484146],[128.89909328647326,35.06004515474922],[128.89882976722146,35.060050525158914],[128.8987328580268,35.060165936928776],[128.89858775066998,35.06016289026488],[128.89844411212653,35.060363626679695],[128.8982251440477,35.060402239592264],[128.8980469720537,35.060600459561414],[128.8977428263916,35.06056472658558],[128.8975874402022,35.06116378282311],[128.89743941732405,35.061270169266194],[128.89723182592468,35.06121549877311],[128.89702062270072,35.06126573603194],[128.89676609802004,35.060989427851126],[128.89657475156093,35.060956919958066],[128.89642206662,35.0611652580679],[128.89620469560924,35.06092884687692],[128.89589782149915,35.060964308297905],[128.8956162180066,35.061151962266095],[128.89565773630738,35.06134109286438],[128.89555845239892,35.06142531458161],[128.8954068198152,35.061400196664394],[128.8953400298622,35.06130563075805],[128.89468115042413,35.061373599772175],[128.89448438892688,35.061607057222794],[128.89426055082174,35.061700144024876],[128.89397353094483,35.06159080374863],[128.89373705771857,35.06158784929155],[128.89365763114338,35.06184790249456],[128.8933994945929,35.06194098963944],[128.89336519671892,35.06163513144915],[128.89423708389018,35.060958398185946],[128.89347170012886,35.06110320218299],[128.89313955320364,35.0611002466681],[128.89277671701086,35.061209588059505],[128.8924229088898,35.061144573955524],[128.89224058935662,35.06123766273958],[128.8918831691512,35.0612686910465],[128.8917874960999,35.061372121982004],[128.89161781217376,35.06133074966019],[128.89139577887235,35.06153170119777],[128.8911132739753,35.06157750585997],[128.8899087875369,35.062152280783955]]],[[[128.91768646491033,35.06466031581962],[128.91741469813465,35.064814607324884],[128.91686895429208,35.064648904835956],[128.91645993504594,35.064431573706315],[128.91632045832165,35.06382547107157],[128.91649107826836,35.06347326145055],[128.9173220153353,35.063460718523224],[128.91766802360598,35.06383313516291],[128.91787970825703,35.06373065954682],[128.91799955148528,35.0638225014447],[128.91828277111543,35.06381723301852],[128.9185289700019,35.06391905645563],[128.918691977936,35.06410811248309],[128.9186669196471,35.06450427419322],[128.91832834259836,35.06459713971498],[128.91800128935714,35.06453981954901],[128.9179565565006,35.064457605401394],[128.91768642757847,35.06446886113209],[128.91763091103857,35.064528835310064],[128.91768646491033,35.06466031581962]]],[[[128.85655593376785,35.06601104017721],[128.8565527047126,35.06599139152438],[128.85658637706518,35.066005695492],[128.85655593376785,35.06601104017721]]],[[[128.85626142915635,35.0663428639011],[128.85624946217183,35.066372076773725],[128.85619111323743,35.06634234918453],[128.85626142915635,35.0663428639011]]],[[[128.85623941833754,35.066380917047766],[128.856252560961,35.06640188485385],[128.85622305609604,35.066393831297155],[128.85623941833754,35.066380917047766]]],[[[128.85599009139415,35.06703973945119],[128.85598866133208,35.067059959561426],[128.85597020969266,35.06705649256269],[128.85599009139415,35.06703973945119]]],[[[128.85607846843774,35.067060583734765],[128.85602476317558,35.06706166934901],[128.85603375322674,35.06704076330568],[128.85607846843774,35.067060583734765]]],[[[128.8559598585482,35.06719699663956],[128.85589220701388,35.06718243946136],[128.8559113511959,35.067108231703344],[128.8559598585482,35.06719699663956]]],[[[128.855081812089,35.06792562441898],[128.8551234950992,35.067938999836876],[128.8551186989221,35.067962126593635],[128.855081812089,35.06792562441898]]],[[[128.8551084846247,35.06799961582822],[128.85509459426927,35.06800532789623],[128.85509306300008,35.06798945346765],[128.8551084846247,35.06799961582822]]],[[[128.85515894973085,35.0680031003048],[128.85512938882943,35.06800813813714],[128.85513060534433,35.067993694574945],[128.85515894973085,35.0680031003048]]],[[[128.8553123851295,35.06835715770974],[128.85525846245747,35.06834580899938],[128.8552669803858,35.06834282582943],[128.8553123851295,35.06835715770974]]],[[[128.8551806320773,35.068449810120036],[128.85517546217108,35.06846286874911],[128.85515280329207,35.06845767149799],[128.8551806320773,35.068449810120036]]],[[[128.85524731837285,35.068470469999575],[128.85524154675952,35.068517181234704],[128.8551791190038,35.06849188798443],[128.85524731837285,35.068470469999575]]],[[[128.85532332080246,35.068544579078115],[128.85531236164425,35.068559103574096],[128.85529787752267,35.06855623591256],[128.85532332080246,35.068544579078115]]],[[[128.8552339434028,35.068569182167806],[128.85521078008205,35.0685677035498],[128.8552182040517,35.06854213100992],[128.8552339434028,35.068569182167806]]],[[[128.86332343768981,35.069189961347206],[128.86196355943798,35.069713957933224],[128.86164825940946,35.07028916870108],[128.86023302264937,35.07088801469121],[128.85978775292602,35.070706785052394],[128.8591403055551,35.07062208075604],[128.85868059443055,35.0704447903604],[128.85831475155757,35.06970016835926],[128.8583243786808,35.06948741790614],[128.8584447219349,35.06931012609415],[128.8589357215263,35.06902251673337],[128.86063496900425,35.068329101600106],[128.86179989225386,35.06805527936089],[128.86403105640005,35.06735003435951],[128.8645846353396,35.067093938673914],[128.86860410067598,35.064696449052725],[128.86965108656887,35.06433987299995],[128.87016615585873,35.06426107200932],[128.87153084845835,35.06416256933078],[128.8768981591421,35.064245310533195],[128.87864554290638,35.064548697011446],[128.87991877433072,35.06494664219835],[128.88163486966326,35.06524608548826],[128.8833774403058,35.06538989588226],[128.88514407925794,35.065417475556096],[128.88539439429613,35.06551400721161],[128.88557972238962,35.06572085765043],[128.88553399258362,35.06591194798698],[128.88561823172762,35.066154257182355],[128.88540161486594,35.067643558939515],[128.8853053401154,35.06803163974017],[128.88507187389513,35.0681793854724],[128.8847445399824,35.06820499483765],[128.88465548583463,35.068130136566765],[128.8847517607008,35.06806906803026],[128.88509834976014,35.06811240742444],[128.88506465388147,35.06800800054275],[128.88520425188764,35.06776766612349],[128.88495634364548,35.067935111609955],[128.88493227634416,35.0677381167247],[128.8847517599066,35.06752733158064],[128.88448700531205,35.0676061295081],[128.8842198431478,35.067324424805115],[128.88432574563302,35.06756082076749],[128.8842029950328,35.06757855070266],[128.88402488769432,35.06733624522731],[128.88419096059923,35.06709984930515],[128.8840248863741,35.06701710925012],[128.88389010336675,35.06717667675443],[128.8839526818233,35.067218046853384],[128.8838852898722,35.067320485296364],[128.88408024490974,35.06768295734274],[128.88443164665145,35.067850403707595],[128.88439554522677,35.06791344221995],[128.88399600548382,35.06787995327568],[128.88402488750202,35.0678090348549],[128.8838636269157,35.06768689733408],[128.88373606389285,35.06740519345324],[128.88334374424537,35.06734806448852],[128.8830910241939,35.06751354140648],[128.88298993531706,35.06770265732166],[128.88298030772606,35.06781888444439],[128.88310065057485,35.06791541248319],[128.88300918962872,35.06803163879672],[128.88284552351004,35.067939051680796],[128.88272517949997,35.06752536107114],[128.88216678687283,35.06772826698595],[128.8820777327645,35.067828734195636],[128.88164209141397,35.067905562945825],[128.8815241540704,35.06815377584671],[128.88141825188455,35.06818332544474],[128.88095372713522,35.06804936887394],[128.88033997630663,35.06818923442757],[128.88009688280496,35.06831334177315],[128.87954811740593,35.06830743156069],[128.8782845129846,35.06853791482665],[128.87803179186017,35.06868171933],[128.87782480230157,35.06860883173499],[128.87777425800158,35.06850048552274],[128.87746617887925,35.068663990274054],[128.8769101926574,35.068622621754336],[128.87592578430446,35.06873884737503],[128.87572360811066,35.06891417127202],[128.87549495577917,35.06883734360465],[128.87468384221472,35.06892993143418],[128.87407731253074,35.06904812616861],[128.8737018418654,35.069223449123974],[128.8735694643897,35.069386952577666],[128.87318195814197,35.06949726731284],[128.8729629342189,35.06946377882147],[128.87284981188162,35.06923329884142],[128.87215663400616,35.069428320325805],[128.87177394209138,35.06963122105928],[128.8714369806,35.06935740307841],[128.87109761359463,35.0694066519273],[128.87084970562077,35.06920571971694],[128.87060420608063,35.06917420058182],[128.8698123475976,35.069276636710434],[128.86952111623546,35.06922935904608],[128.86864501696357,35.06930224524324],[128.86846931584276,35.06939286167606],[128.8679085173796,35.06934755426221],[128.86649087318736,35.06950908707088],[128.86609133334412,35.06943620030202],[128.86460389013268,35.06943423095893],[128.86440652684016,35.0693849821149],[128.86432228722566,35.0690894947373],[128.86332343768981,35.069189961347206]]],[[[128.92018929932664,35.07483836196242],[128.92013348191318,35.07471106962785],[128.92035497553485,35.07460697074542],[128.92047203464276,35.07463218973029],[128.92045012887638,35.07483440066203],[128.92018929932664,35.07483836196242]]],[[[128.90925076000252,35.07433789916907],[128.90991123082378,35.07453115007024],[128.91047566967646,35.0748031058946],[128.91181036805546,35.07569835337086],[128.9107839488261,35.07515973625698],[128.91041489992114,35.074829128985954],[128.90914441218865,35.074362562382476],[128.90888532060066,35.07422018539237],[128.90883076199387,35.07410236185328],[128.90925076000252,35.07433789916907]]],[[[128.91470176364652,35.07724029187005],[128.91444485521828,35.07707177299968],[128.91420380856977,35.07705826582998],[128.91410698211354,35.07694907328451],[128.9137833330186,35.07693374161176],[128.91319206579934,35.076654812800925],[128.9127499340257,35.07662968876669],[128.91189739614964,35.07637583700173],[128.9116675145689,35.076480096681],[128.91154409435944,35.07632188295708],[128.91139778575308,35.076376851284884],[128.91078512406858,35.076155152200464],[128.91027218437924,35.07556146937487],[128.91009206741379,35.07557635203062],[128.90994548603257,35.07550357299816],[128.90976754171038,35.07520554027396],[128.9093060338821,35.07514441357609],[128.90865542227755,35.07454029662435],[128.90812189553546,35.07458246341898],[128.90772865613485,35.07441264943879],[128.90771027809964,35.074118059006004],[128.90742429749804,35.07379283816523],[128.90675998140972,35.07357411255968],[128.90672158841042,35.07345044358634],[128.90663983030427,35.07346235506341],[128.9063840445621,35.07317532831155],[128.90606693176895,35.07307620074933],[128.90601360888812,35.07296594072281],[128.9056307500732,35.07288501112506],[128.90539607089312,35.07252629695639],[128.90521754943055,35.07247866201355],[128.90520278640903,35.07231042918817],[128.9049414983861,35.0721393337285],[128.90428898253512,35.07196044713063],[128.90407159211705,35.07201000303086],[128.90352618393274,35.071727714362716],[128.90300937970756,35.07161861122855],[128.90294344584888,35.07138747742842],[128.90311704709626,35.071250865580666],[128.90326754901938,35.071305470308076],[128.90348627031858,35.07113420869265],[128.90370175298392,35.07109574628924],[128.90438772561984,35.07147247261741],[128.90485681100617,35.07161654373913],[128.90553029679134,35.07203756145112],[128.90565688909075,35.07222909022105],[128.90641456224276,35.07272226079272],[128.9064829893638,35.07286675835637],[128.90684700592226,35.07311092851823],[128.90885213437625,35.07428202222873],[128.91039009565148,35.07488304069786],[128.9108171517993,35.075270885442045],[128.91176716315135,35.07578373040229],[128.9146716136778,35.07664136142347],[128.9149460959691,35.07696543553162],[128.91525207044782,35.077050990734286],[128.91470176364652,35.07724029187005]]],[[[128.9217706050887,35.077843751022804],[128.92154756737537,35.0779185998663],[128.9203077073982,35.07783379507023],[128.91871418610407,35.07794725673062],[128.9165864407096,35.0776258395964],[128.91659281254806,35.077706129073235],[128.91620419361223,35.07779645321409],[128.91596474088803,35.077695380979435],[128.91539945260826,35.07782029843016],[128.91523011541324,35.07769832586169],[128.91528252251098,35.07750115519326],[128.91548026915424,35.07709794150514],[128.91579013208937,35.07687995483781],[128.9181973066111,35.07738908711584],[128.92017082598085,35.077359462551264],[128.92043781656142,35.07744281845834],[128.92179801132278,35.07725914237607],[128.92190946412782,35.07716164875595],[128.92197616249788,35.07671767292445],[128.92176752201453,35.076642379402585],[128.92106017897112,35.07661140401292],[128.92042374194997,35.07677240013356],[128.92008237540855,35.0767815054213],[128.91790198309266,35.07662364279702],[128.91747273155838,35.076538383169144],[128.91651388761997,35.076130720387084],[128.9157156386619,35.076115217195124],[128.91487766670022,35.07600199732648],[128.91401791218883,35.07572296451245],[128.91319487693795,35.075585401127256],[128.91178792126496,35.07513465653467],[128.91105090180852,35.07482056834881],[128.91036383654517,35.07433328111149],[128.90951509746176,35.073941255668686],[128.90945398699242,35.07384873104171],[128.9087235009604,35.0736254052891],[128.90676625224086,35.07237025095969],[128.90635671698854,35.07220005242019],[128.90481124500187,35.07103524288278],[128.903947540247,35.0706632996926],[128.9034019388652,35.07033310834327],[128.90308052666873,35.07092246419725],[128.90296412925755,35.07093510306096],[128.90292588561695,35.07051661424102],[128.9030060322922,35.07036655375661],[128.9029189519544,35.07024985378131],[128.90303945656345,35.06978757222661],[128.90327530677453,35.06951791056857],[128.90358543877363,35.06945720151078],[128.90388195013645,35.069553152599646],[128.90408508432927,35.06953089705137],[128.9046833979833,35.069830778371234],[128.90523489419462,35.07027589542035],[128.90560260639623,35.070903893079],[128.90558741170275,35.07111283146895],[128.9056670693166,35.07120424062637],[128.90661537503811,35.07174266975873],[128.9075011011593,35.07244919002927],[128.90809800349302,35.072713148088695],[128.90845582502683,35.072962659905286],[128.9088473412661,35.07309004244312],[128.90940894435784,35.07348531941744],[128.91120286015087,35.07432839738645],[128.91348777827176,35.075153081086526],[128.9164979647215,35.075849065025686],[128.91692799085033,35.07582017529926],[128.917813717321,35.07603028340152],[128.91910379775305,35.07609331532594],[128.91985473888252,35.076046041643494],[128.9208993191647,35.07585825846901],[128.9209907799425,35.075361877289446],[128.92120739760472,35.07519116327392],[128.92114000533542,35.07482872375381],[128.92121060750605,35.07473548739515],[128.9213389727752,35.07472892101905],[128.92158928773677,35.07505590501218],[128.9219214351219,35.075155707023804],[128.92206103341945,35.075959372261636],[128.92248143195576,35.07644918331183],[128.92215249415062,35.0769560635636],[128.92200647677365,35.077523344463245],[128.9217706050887,35.077843751022804]]],[[[128.91474964506148,35.079481791417],[128.91477918112042,35.079591422307075],[128.9146813162628,35.07961466963892],[128.91463608790605,35.07952833981164],[128.91474964506148,35.079481791417]]],[[[128.92035456516874,35.079645360122356],[128.9202358269338,35.07972414754971],[128.920084995533,35.07966637004085],[128.92007857839116,35.079177891098745],[128.91986035547285,35.07899668033278],[128.91951055825743,35.07916475951228],[128.91922173312608,35.07909647833209],[128.91911262257287,35.078941529533076],[128.91923457094438,35.07868415610602],[128.9196132509874,35.078607995144814],[128.91946883836883,35.07829284401744],[128.91961325078194,35.07830860183149],[128.92027754517935,35.078106378944796],[128.9208744484482,35.078269207376],[128.9210509519907,35.07845304576916],[128.92116648099793,35.0787629442172],[128.92096430434765,35.07903870012054],[128.92103169681516,35.07934334360714],[128.92095146816024,35.07951404954275],[128.92050218558444,35.0796637436021],[128.92035456516874,35.079645360122356]]],[[[128.9184880079395,35.08038521932857],[128.91848626043534,35.080425878382634],[128.91840664274483,35.08040339156296],[128.9184880079395,35.08038521932857]]],[[[128.83603705414865,35.083281924708814],[128.83597762487977,35.083379107264804],[128.83588439703436,35.08329108682004],[128.83603705414865,35.083281924708814]]],[[[128.91396464380557,35.082330218440056],[128.9140201684393,35.08251258807527],[128.91378314175168,35.082500006257675],[128.9138125404443,35.08238481010726],[128.91396464380557,35.082330218440056]]],[[[128.9151674823664,35.08715881218947],[128.91504893740108,35.087202518694845],[128.91474594479146,35.0870407584659],[128.91473417914042,35.08712274728293],[128.91466294654447,35.08709951828197],[128.91485186311317,35.08694974193636],[128.91502596283232,35.086932355208866],[128.9151674823664,35.08715881218947]]],[[[128.83201890568907,35.087357227071735],[128.8319462108804,35.08745533244108],[128.83150762084446,35.0876556704715],[128.82869675776536,35.089967824001256],[128.82649551980688,35.0881058027449],[128.8264285638928,35.08792985007145],[128.82643222926103,35.08621401788031],[128.82455549754823,35.08623761431435],[128.82455633281097,35.08585075001563],[128.82153770034205,35.08584639960751],[128.82154494072716,35.08444632061764],[128.8185412753381,35.08444092667096],[128.81844691957085,35.08436633136197],[128.8184491211827,35.08338042259136],[128.8185267879879,35.08331681235808],[128.81852749173385,35.08300142644364],[128.81150291094804,35.082988826502],[128.81151488753412,35.07758488764424],[128.83237969110604,35.077614059319586],[128.8323879338506,35.07131481219971],[128.79370682862861,35.064887974379246],[128.79425534574176,35.06250535359925],[128.7925125555237,35.06212139315022],[128.79096818629367,35.06168000776901],[128.79094483882463,35.06145101011745],[128.79089118167622,35.0554256734363],[128.79095961975244,35.05492064354044],[128.7908583873493,35.05439698784667],[128.79097865353987,35.05341759150939],[128.79630905839625,35.053393290049755],[128.7964433657871,35.0534912956386],[128.79648461714913,35.05409113011915],[128.79656600385405,35.05422453490506],[128.7971266982334,35.054543324943175],[128.79760867336466,35.05458115884416],[128.79783274796085,35.05449751497258],[128.79798556903472,35.054575287690355],[128.79850198348373,35.05461394147364],[128.7998799703832,35.055056344785605],[128.80119723443656,35.055331257272314],[128.80509049798312,35.05553331363291],[128.80564926026568,35.055651882716724],[128.80559290370158,35.05553044667345],[128.8035817769583,35.05538972408984],[128.8030051128869,35.05519962903803],[128.80186031572106,35.055234106250175],[128.80152103294986,35.055076613339324],[128.80005152380375,35.05485112131798],[128.7993810059454,35.054584867265596],[128.79911500534322,35.054557796911475],[128.79872439031462,35.05429415553511],[128.79799468393452,35.05408798808071],[128.79690030929498,35.05389582252179],[128.79685396298498,35.05382517642877],[128.79699414987329,35.05367264906406],[128.79685229244967,35.05337258145274],[128.79703213880003,35.05322666383258],[128.79691429671212,35.05312093958285],[128.79675417488642,35.053141803634034],[128.79669059199915,35.053004755268645],[128.79677137556874,35.052934241335436],[128.79703226277132,35.053012135774274],[128.79717328035974,35.052978381805595],[128.79721131915093,35.052877833369905],[128.79705602516108,35.05268857182164],[128.7974282327192,35.052605359801355],[128.79777673740483,35.05183104392366],[128.79774350680734,35.051430750838335],[128.79752342335706,35.05083112287708],[128.79746265997238,35.05069829601522],[128.79728003627417,35.050646441099055],[128.79719047731996,35.05038866832695],[128.79726685615373,35.04981671106836],[128.79736436086895,35.04955836858277],[128.797471792531,35.04956860382928],[128.7975027539456,35.0492082976429],[128.7978611594443,35.04896344496377],[128.79786365734438,35.0488510536854],[128.79803505781516,35.04881443462319],[128.79838879919126,35.04897545820145],[128.79893326775044,35.04853098990587],[128.7989058101473,35.04842490999422],[128.79874057370176,35.04835064066524],[128.79875453782319,35.04825888636692],[128.7989507911055,35.0480947048353],[128.7991413214155,35.048068091549105],[128.7991572708823,35.04786253128278],[128.79953798306863,35.04767429873629],[128.8002912393587,35.04777042487874],[128.80067723838474,35.04772020650147],[128.80082129190092,35.04788923100214],[128.80109673770093,35.047977410975065],[128.8020637967725,35.04818037548148],[128.80260630306392,35.048132834920544],[128.8027417937584,35.04818372106337],[128.80367278775094,35.048120559971984],[128.80418869871383,35.04800368665792],[128.80576896545878,35.04744774694135],[128.80604978317336,35.04716122666503],[128.8064318849107,35.046477070855495],[128.80636313187003,35.046107226751275],[128.80647465659976,35.045858965387986],[128.80626298247037,35.04560214573858],[128.80639187342214,35.045095949780794],[128.80627931305835,35.04503266820767],[128.80629919237015,35.044935498061974],[128.80665206728614,35.044918549641956],[128.8067722347587,35.044773488712295],[128.80671420242078,35.04460715132169],[128.80685537343535,35.044632718136185],[128.80688097571775,35.04449250425601],[128.80708223405537,35.04449797561773],[128.80737019625792,35.04424301447642],[128.80743516692692,35.04411760157182],[128.8073439677552,35.04397616954688],[128.80764251329776,35.0435077183846],[128.8077616481834,35.04355914949779],[128.80803598088636,35.043410108011784],[128.80844667006178,35.04344085173426],[128.80895440994723,35.043232039722646],[128.8106066002097,35.04206285383482],[128.8117547000916,35.040887190232255],[128.8124132078998,35.03983453556248],[128.8126126561926,35.039247303332154],[128.81269601466204,35.03859858784674],[128.81257532446492,35.03718989660485],[128.81235003030432,35.03621926344336],[128.81194325092866,35.036203235042315],[128.81195515503433,35.03608959303992],[128.81223778197094,35.036043841104075],[128.8122457167145,35.03583932066752],[128.81183949413867,35.03469081557136],[128.81144953409304,35.034039330610376],[128.81108124597225,35.03359468844962],[128.81076860675952,35.033427780324864],[128.81006933577677,35.033523309701856],[128.81010728969483,35.033927593773264],[128.8100233717273,35.03394738876283],[128.80997647207172,35.0336016323056],[128.8097889191965,35.03352170551983],[128.8093887833541,35.03351192089488],[128.80840487516758,35.033735500180384],[128.80793932938073,35.033695059198024],[128.80810606434147,35.03345050540505],[128.80835907711688,35.03330773792317],[128.80867794133644,35.03270399638546],[128.80847917575267,35.032319937344475],[128.8086494527518,35.03224398629748],[128.80864877980642,35.031945513033406],[128.80875156518763,35.03187196779094],[128.808452172536,35.03164115886037],[128.808443064947,35.031348102619106],[128.80869207167086,35.03131065984586],[128.80883043804354,35.03116365852528],[128.80898142216432,35.03121113310875],[128.80921240049832,35.03114366739497],[128.8094149759185,35.03089221688658],[128.80941322877783,35.030760559325444],[128.8092964699965,35.03071313791406],[128.80926634606004,35.03058985370422],[128.8096992756626,35.030270220088994],[128.81032689409838,35.03030838134483],[128.81034326800525,35.0300249196179],[128.81011526808933,35.02971793883929],[128.80960176432725,35.030034200434635],[128.80886374729883,35.02904726748921],[128.8085133016632,35.02805075863111],[128.80846341471334,35.02748884616606],[128.8085552526939,35.026980839255316],[128.80876926199514,35.02702191887976],[128.80872549260815,35.027199208161235],[128.80863800878757,35.027229385336895],[128.80860303314805,35.02773235188297],[128.80885868225235,35.02875563636695],[128.80959573826644,35.02983181695404],[128.8097034169343,35.02987061707271],[128.81013910483048,35.02965141855438],[128.81015277803198,35.02951704819546],[128.81042669572267,35.029526944107616],[128.81041783682323,35.02973022675714],[128.81074629415852,35.029740405679846],[128.81075640778525,35.02953715003535],[128.81349164295474,35.02962786824288],[128.81433177783268,35.02919125261092],[128.81442885643136,35.029227904694196],[128.81458582847458,35.02910431969595],[128.8145458260576,35.02901455843107],[128.81465560580824,35.029042522300756],[128.81473056360008,35.02884890581206],[128.81463678813114,35.02873059736694],[128.8146916402496,35.02878429457385],[128.81490805090698,35.028235565301884],[128.81427339807232,35.02807194515347],[128.8142854525365,35.028020943914996],[128.81492266706337,35.02816693046428],[128.81531512283377,35.028057878708694],[128.81537580244634,35.02785026056695],[128.81534419675063,35.02720396270959],[128.81489777502378,35.02708273784729],[128.81475022617562,35.02686934530103],[128.81480392482268,35.026590108569394],[128.81515128991194,35.026367069635796],[128.81470651416282,35.025156504386096],[128.81488522917994,35.025087256318066],[128.814785008274,35.02486906614044],[128.8145541671955,35.024617287759035],[128.81410711634774,35.02443867599144],[128.81335806112364,35.02368600220608],[128.81276884829586,35.02361607001249],[128.81211820987764,35.02341994745209],[128.81208088716784,35.02366037003595],[128.8110751765885,35.02365844549381],[128.81103676044796,35.02337256567692],[128.81070228373926,35.02331150760234],[128.81035071709985,35.02358382339579],[128.8103780753243,35.02398320383462],[128.8106144458621,35.02413753699049],[128.8109688110469,35.02415210632557],[128.81089419341905,35.0242508353973],[128.8105664642866,35.024227149109585],[128.810094618561,35.023934788907326],[128.8095357853816,35.02401541562815],[128.80885116725506,35.02427341594313],[128.80810288659862,35.024676101928755],[128.8077242124534,35.02472423247682],[128.80723663603814,35.024917169549084],[128.80635363301758,35.024647688740146],[128.80590708429904,35.02416167067677],[128.80490256014613,35.024151170573674],[128.80474821526346,35.02387922878131],[128.80487386704016,35.02361846185575],[128.80535238130676,35.02333003233918],[128.80655224634006,35.02282929065361],[128.80647805752434,35.02255691891889],[128.8061122158081,35.02207573804553],[128.80593631970484,35.02207909193625],[128.80594465888973,35.021998476711694],[128.8056104724452,35.02184031778141],[128.80589918505254,35.02154675101588],[128.80599952899763,35.02126534306259],[128.80618087448866,35.021202619223146],[128.80626909037875,35.02132512042775],[128.8063008735893,35.021257099650846],[128.80746501915445,35.021452837918915],[128.80801735980424,35.02134636002503],[128.80839843015275,35.02137778790061],[128.81064608727473,35.02191501471769],[128.81090279066711,35.021766556966604],[128.81103333170424,35.0215906745659],[128.81110215564138,35.02132618285893],[128.81103638950432,35.02106396495009],[128.81122009827553,35.02079292378089],[128.81095728287082,35.02049884234587],[128.81098428556643,35.0202659936012],[128.81090021351898,35.02011987450269],[128.81095755602533,35.01975659566522],[128.81120418282595,35.01962755612015],[128.81105117924452,35.019587013428236],[128.81101983739703,35.01932833759421],[128.8112040287875,35.01912200695117],[128.81153616711651,35.018996450938175],[128.81179410767515,35.01900062631063],[128.81218420204445,35.019083105039115],[128.81243770856497,35.01923481329332],[128.81331009462195,35.01938767166976],[128.81328797579974,35.01947876769988],[128.8136991836151,35.01955933771635],[128.81365098161396,35.01948180016533],[128.81418815831827,35.019326586780025],[128.8141757675821,35.01909631086907],[128.8145243485902,35.0191229356003],[128.81458289701865,35.01881261462181],[128.8148287451903,35.0186392443195],[128.81498095848747,35.018696690620736],[128.81502042213702,35.018504987598035],[128.81541046750377,35.018366556189925],[128.81551743531801,35.018254475344065],[128.8161092162879,35.01818245821119],[128.8161553197594,35.01833651974785],[128.81642312741238,35.018353585615486],[128.81626143261528,35.01846637629865],[128.81660405506244,35.01839375815297],[128.81752169691202,35.01854625302891],[128.81788338211837,35.018503722760656],[128.8186236458323,35.01808202489903],[128.81881268578502,35.01807409804202],[128.81890264616922,35.01787527644399],[128.8191338401406,35.01786870415872],[128.81916336452767,35.01794022019669],[128.81938680793866,35.01787451521691],[128.81950034316063,35.01769542394148],[128.8197694166212,35.0175211320907],[128.81978607648125,35.017244128001295],[128.81994845436114,35.017060133844645],[128.82014292205508,35.01703452116962],[128.81991549004357,35.01697400164242],[128.8198523359613,35.016867778815524],[128.8201315333319,35.016679053208414],[128.82047341700337,35.01664542632812],[128.8206862966474,35.01674811420274],[128.82069214235818,35.016616618428046],[128.8208294403488,35.01653421189789],[128.82150020241338,35.01635427389],[128.82190840289326,35.01637331973368],[128.82205547781865,35.016264438111065],[128.8223734784702,35.016550884544785],[128.82242092393795,35.016726366835265],[128.82297704773273,35.016930175253954],[128.8231832746197,35.016840782319676],[128.82347288609367,35.016834958769806],[128.82433091097886,35.01617703741746],[128.824738324775,35.015420803631116],[128.82553585213978,35.014766507065836],[128.82555815954603,35.01454736587525],[128.82580037158067,35.01440238494202],[128.8255162087917,35.01405101996114],[128.82557276254403,35.01401517440941],[128.8258951057172,35.014290719082375],[128.82607295742164,35.01419672360196],[128.82621830009364,35.01429575140944],[128.82650500498735,35.01425955306051],[128.82679757741994,35.01408616832365],[128.82723629238856,35.01361464348402],[128.82736907963817,35.01318952600337],[128.8273932306942,35.0125923555479],[128.82690801262274,35.012330567977294],[128.82548955263283,35.01238534631302],[128.82539656859112,35.01248875790326],[128.82542355232218,35.012841514149194],[128.82513254088585,35.01324758143465],[128.82506968130443,35.01321589193939],[128.82533421145453,35.01286306033458],[128.82524027047847,35.012952104399915],[128.8252161622684,35.01233747938398],[128.82500674594084,35.011795917617796],[128.82504342793064,35.011647138245195],[128.82517740159335,35.01162513557449],[128.82527985661184,35.011692541965175],[128.82527888396942,35.01182164224733],[128.82519441296256,35.011812864633406],[128.82537789212438,35.012277544435555],[128.8269024777271,35.01223182560165],[128.8272539503601,35.011894888532815],[128.82695642486613,35.011253167345686],[128.82684203326153,35.011259641390645],[128.8267022232072,35.01091910924405],[128.82681450137235,35.010887594119005],[128.82682112442268,35.010755783884],[128.82646708365678,35.01040478085063],[128.82633729537366,35.0103267280264],[128.82624715200853,35.010450099907004],[128.82575948158782,35.01026445326052],[128.8256603941083,35.010458682852615],[128.82555997766747,35.01038238035739],[128.82543701220985,35.01041191468597],[128.82589536848306,35.010956560284974],[128.8258119602269,35.011004820367845],[128.8251785069861,35.01036699753989],[128.82429504049162,35.01030871208595],[128.82411076072393,35.010242914429114],[128.82412283772678,35.010171326132046],[128.823923340395,35.01021492668341],[128.82374225279003,35.01010324514099],[128.8236465749897,35.01013012036873],[128.8236194296458,35.01001157858218],[128.82291251324088,35.00991088360629],[128.82258311463914,35.00974580754139],[128.8219392912889,35.009749096562025],[128.82116910619774,35.00949575411892],[128.82090988868111,35.0094872608313],[128.8210634329634,35.009404890947664],[128.82065537205796,35.00946114518135],[128.82058896030975,35.0093658094893],[128.82029373552524,35.009352413040126],[128.82012711540935,35.0092299118908],[128.82011060218178,35.009121658748],[128.82027539533004,35.00903100025648],[128.82055778119508,35.00900025502995],[128.82092883559378,35.00884943386913],[128.82118228013454,35.008878165535776],[128.8216470596038,35.00846085143442],[128.82168704229974,35.008299641878565],[128.82156495459375,35.008252905698264],[128.82168030816777,35.00819133294932],[128.82184918694804,35.00825150716886],[128.82206410152477,35.00814795302203],[128.82237599058868,35.00772628751149],[128.8225048031372,35.00766367649859],[128.82238722045568,35.00757182976985],[128.82257596354592,35.00761636094383],[128.8233527234358,35.0074170626411],[128.82373665991793,35.007031815073354],[128.82388132277944,35.006409596472174],[128.82382397586764,35.00586638471636],[128.82372785788124,35.005684903690394],[128.82328634203037,35.00574099046469],[128.82326744355217,35.00565038669182],[128.8237347992816,35.00558656683882],[128.82374810956858,35.00537272454778],[128.8235561461008,35.004981723943665],[128.82321906448027,35.00460125601819],[128.82257580615016,35.0046933725043],[128.82266289146577,35.00512569303774],[128.82252523308662,35.00514991320742],[128.82241201557642,35.00461869192801],[128.82192240944454,35.00463309093083],[128.82150321518313,35.00452112717316],[128.82124545032397,35.00427460628594],[128.82040257295665,35.004329842265356],[128.82007623665336,35.00417501447457],[128.8198197988135,35.00420337537807],[128.81959198943463,35.00408954359942],[128.81924495794252,35.00419607584193],[128.819082575033,35.00410733024171],[128.8191219816058,35.004338434102266],[128.81898660437025,35.00442037234968],[128.81906081336177,35.00446682371337],[128.81891726021414,35.00464750238572],[128.81866932376673,35.00455655085546],[128.81867847665512,35.004489460690536],[128.81830752460658,35.00443350123061],[128.81819495979033,35.00433287761893],[128.81830228483622,35.00415417480775],[128.8189305054322,35.00368836966656],[128.81919841891258,35.00338434186144],[128.81907097226713,35.0031441187882],[128.81920482024242,35.00285409004216],[128.81910740414625,35.00273662004668],[128.81933008808454,35.00260070235487],[128.81913953015234,35.00251328191607],[128.81918627329622,35.00239700055282],[128.81945528256784,35.00233378410251],[128.81937115932882,35.00229374242984],[128.81963277500373,35.002189189951274],[128.8196014712831,35.00209488290795],[128.8198145372224,35.001847012240084],[128.81995461991434,35.00187181739792],[128.81999692644905,35.00206624508341],[128.820156922376,35.002101552380736],[128.82012236520677,35.00184111369766],[128.82031470617983,35.001832619727196],[128.82019538549363,35.00174908846449],[128.82058445215415,35.00157225626035],[128.82089895612938,35.001569521889],[128.82072972662908,35.00151627739945],[128.8207579048203,35.001462479715016],[128.82125557138724,35.00132879645069],[128.82137785041797,35.00138434206309],[128.82131482792485,35.00155067415867],[128.82188188143851,35.00149348095482],[128.82223005807157,35.001160949989334],[128.82240465380963,35.000759992430055],[128.8222341519759,35.00034096622345],[128.82267051220967,35.000097558298485],[128.82264719358105,35.00000894106628],[128.8223755481559,34.999855806227224],[128.82258659498322,34.99961244033196],[128.82237412787424,34.999633722672264],[128.82234260713636,34.99957570244365],[128.8224518835109,34.99946934839782],[128.8222924180679,34.99948908742034],[128.82231354236905,34.99943911082317],[128.82218043896253,34.99942807371829],[128.8220957407917,34.999315063290084],[128.82232355823356,34.99895241379801],[128.82303300702787,34.99837557656685],[128.82310023899797,34.99798114945127],[128.82288477966253,34.99783525302593],[128.82283124815567,34.997614868045005],[128.8224062396594,34.997593607089755],[128.82193083501,34.997210043189845],[128.82196153433887,34.996998184398585],[128.82217110447593,34.997053273598596],[128.8219940193049,34.99690545895165],[128.82200320510043,34.996735576887005],[128.82214028055245,34.9967094252137],[128.8218587753422,34.996538275702314],[128.82195564910302,34.996490025000085],[128.82217669329773,34.99660136835578],[128.82205021502514,34.99643447696197],[128.82215473308761,34.99638334588734],[128.82204999382884,34.996357575728645],[128.82212474059506,34.99619749383034],[128.82204248721519,34.99591383334974],[128.82213762818313,34.99584278572648],[128.8223477268467,34.99586974426855],[128.8222267153809,34.99581874990463],[128.82226638512873,34.995628340304265],[128.82201096776717,34.99550793644991],[128.82210182137558,34.99537479841498],[128.82192978711868,34.99531563679471],[128.8216914796746,34.995014524137915],[128.82168349376693,34.994761548797044],[128.8217880217229,34.99460614702325],[128.82192927808978,34.99451471934389],[128.82215134998913,34.99451393086668],[128.82229717987457,34.99464649794655],[128.82246948154486,34.99467570203632],[128.82241217264757,34.994741594113044],[128.82257391932052,34.994697093971624],[128.8227489686233,34.99478713351654],[128.82281887745904,34.99478031701741],[128.82287111971252,34.994569351157516],[128.8231047013318,34.99462910292217],[128.82316542788757,34.99456203627369],[128.8234899675309,34.994603931968655],[128.82364290424442,34.99469649071776],[128.82366511147572,34.994782879326934],[128.8235697553121,34.99485707637562],[128.8236750454262,34.99486536593202],[128.82365627456696,34.99493821391693],[128.82374449823226,34.99491732148836],[128.82368888541677,34.99500894261373],[128.8237754357614,34.99500674453173],[128.8237706852012,34.995099910958885],[128.82387624711396,34.99511661979543],[128.82411881413753,34.99504377057161],[128.8242799191572,34.9951627473426],[128.82418284335134,34.995019939949714],[128.8242759199623,34.99496688691913],[128.8244344115113,34.994931753821],[128.82469345372365,34.9950023043088],[128.82505889925395,34.995281940407445],[128.82502852235825,34.99539446126083],[128.82516074068545,34.995627461607704],[128.82532163119436,34.995541607936524],[128.82522490601775,34.99541620325913],[128.8253229244972,34.99541774789129],[128.82544145384986,34.99549711359665],[128.8253976496129,34.995535983761776],[128.82587741494638,34.99554535916843],[128.82606803848574,34.99580932734322],[128.82611507431798,34.995714052464905],[128.82604297815604,34.99556792969826],[128.82661979099478,34.99582287246441],[128.82666348901293,34.99575952652575],[128.82671751890788,34.99580190465523],[128.82671177901653,34.995691356083704],[128.82679455061603,34.995733468716004],[128.82675254566627,34.99561503208119],[128.82681709486488,34.99558976796277],[128.82699635010982,34.99603650212792],[128.82713131171607,34.9959678284754],[128.82701705438325,34.99579351158296],[128.82705386344983,34.99570295835246],[128.82718999528157,34.99577791190246],[128.8272363592346,34.995934047859485],[128.8275834513104,34.995940171275386],[128.8276890047499,34.99586053075443],[128.82792751682285,34.99585105908947],[128.82799964712663,34.99577852927861],[128.82798418173948,34.99555869764909],[128.82825684651385,34.99526636393371],[128.82858620297634,34.99517840179343],[128.8288262269036,34.99525702126586],[128.82898530971983,34.99540364163834],[128.82900185600636,34.99528667552053],[128.82921875648407,34.99536764464532],[128.82935498013828,34.995343518423795],[128.82973079043276,34.99512328649458],[128.82978898736366,34.994844095169825],[128.83005810851313,34.99484976553519],[128.82998475251142,34.99477493798324],[128.83010104269928,34.99454081066393],[128.82995169773324,34.9942385412798],[128.83009952148225,34.99418034951912],[128.8302289659646,34.994219049533235],[128.8302508007319,34.99416751474383],[128.82994149148092,34.993982357712426],[128.82960852459448,34.99348716489637],[128.82964726207584,34.9933826915599],[128.82983756201605,34.993365215511574],[128.82992794984244,34.99331596110393],[128.82963120853148,34.993200835506414],[128.82953610300518,34.993074993643724],[128.82989026777383,34.9928392715705],[128.82954237362262,34.992806054035725],[128.82907175684477,34.99252216667971],[128.82890833518755,34.992291020641645],[128.82890080718212,34.99206533961384],[128.8292154337658,34.99198167666121],[128.82889759297618,34.99188494239087],[128.82812275667192,34.99129401308095],[128.82777072869268,34.99043259600134],[128.82791831463845,34.99029373061452],[128.82792312942226,34.99013307210476],[128.82814168648815,34.990096135667315],[128.82817282173343,34.99000407073771],[128.8276557299373,34.98997924212712],[128.82727884256923,34.989685675330506],[128.82745200853566,34.989526164063065],[128.82793620859061,34.989469376982434],[128.82765384733324,34.989355922959824],[128.82773944132384,34.98927073277247],[128.82747631431766,34.98907501307471],[128.8274513344593,34.98892140585731],[128.82764142318953,34.98895041545019],[128.8276895047262,34.988737255988376],[128.82783484969673,34.98864242895012],[128.8285262665034,34.98861415462255],[128.8292563241998,34.98900406968127],[128.82931512616673,34.988934337729184],[128.82944624247938,34.98898102355348],[128.82963220262897,34.98915846624719],[128.82968883222875,34.9892846078993],[128.82957090040026,34.989507583136735],[128.82971848757984,34.989610647692515],[128.82968438980154,34.98970890019758],[128.82958592441796,34.98972001782818],[128.8297075745757,34.98983571833946],[128.829671480088,34.989889034950316],[128.82991901300645,34.98990641953706],[128.8299817155264,34.990007293948366],[128.8298931194876,34.990062989155966],[128.83005471795138,34.9900985988411],[128.83024741352872,34.99034408725828],[128.83006808463594,34.9904346964672],[128.83043036463582,34.99056371970177],[128.8305366237621,34.990716537215],[128.8303993859678,34.99070438031663],[128.83007852897896,34.99085609623549],[128.83090218113813,34.99091164643766],[128.83097410593456,34.99110701790214],[128.83112252364327,34.991138542760524],[128.83126074586642,34.99131698866671],[128.83129173562307,34.9915969744272],[128.8314969617556,34.991598046103555],[128.831587779511,34.99173670551173],[128.83164892019477,34.99170617989103],[128.83203968114574,34.99201878587685],[128.83196855459752,34.99184712635403],[128.83213371301966,34.99195624175129],[128.83219411648406,34.99208907610623],[128.83175156358044,34.99237317490317],[128.83232429947893,34.992246434347074],[128.83241657010583,34.99235494904482],[128.8321956863794,34.992438405696134],[128.8323626527385,34.99247624894598],[128.83241688947214,34.992593198669766],[128.83226516811496,34.992650687616155],[128.83249980764214,34.99279733792487],[128.83267250464908,34.99273045571955],[128.83269934196332,34.99281047112192],[128.83296247093753,34.99271742484705],[128.83312371013193,34.992854928302044],[128.83308123187643,34.99279634323298],[128.83328112931142,34.99266574402045],[128.83321314292957,34.9925812269829],[128.8333331346415,34.99253944879104],[128.83366092031062,34.99265986141881],[128.83382755765723,34.99281815282113],[128.8338759122723,34.992718849933496],[128.83405617223735,34.99266835961604],[128.8344686325008,34.992745074547614],[128.83445580747144,34.992684654589354],[128.83460894869276,34.99265627095393],[128.83470934581283,34.99272718091445],[128.8346488225028,34.99282708678303],[128.83477022948787,34.99291797550482],[128.83461122126434,34.99287142821908],[128.8347926665002,34.99319968079942],[128.83473590204486,34.993225549684986],[128.83480173441706,34.993562370574914],[128.8346188308763,34.99359231968807],[128.8347874576287,34.993638548382016],[128.8347542850461,34.9937631998628],[128.8348277388217,34.99383439514547],[128.83481150111618,34.99393650643876],[128.83465362119657,34.9939925062197],[128.83486303242637,34.99431556591058],[128.83454176456985,34.994360380124256],[128.83451673599063,34.99460869129982],[128.83471934620738,34.9946218909901],[128.83456714139513,34.99473381597416],[128.83469453297278,34.994941533786864],[128.83499926997715,34.994997644382686],[128.83519088174202,34.99519156861751],[128.83523323576907,34.995135829134796],[128.83528030305374,34.99527479011823],[128.83549769676776,34.99544866853413],[128.83542660000376,34.99549037080375],[128.83545678790435,34.99558930786855],[128.83560542513388,34.99554648370415],[128.83559712062723,34.99565065823546],[128.83571368079728,34.995704577975886],[128.8358668838043,34.99562527346936],[128.83596677021376,34.99575493649546],[128.8358638552258,34.99578121016547],[128.83595707126426,34.99591088168567],[128.8361174173697,34.995787292550496],[128.83621744072894,34.99586003204689],[128.83617118411894,34.99575683770904],[128.83630576151077,34.99580212530987],[128.83627358490867,34.995727857246635],[128.83642670418212,34.99589810093143],[128.83636701964372,34.99573811287319],[128.83663781038217,34.99585010013006],[128.83641771944758,34.99570577566184],[128.83646328764823,34.99564801131],[128.8368591411825,34.99578712338823],[128.83678358356198,34.995907072949805],[128.83709738952044,34.99600704868411],[128.8369684869161,34.996116746221624],[128.8371504325848,34.99607127478454],[128.8371976234548,34.99613361143424],[128.836896083966,34.99638390308251],[128.8371242839602,34.99637595513904],[128.83724897219383,34.99646174136918],[128.83722011208386,34.99658000996415],[128.83701705230786,34.99670674356617],[128.83709730862017,34.996773695887136],[128.83705391596806,34.99687474503335],[128.83713301665728,34.996907896908745],[128.837346814191,34.99678482726907],[128.83737925909114,34.996863241502],[128.837220919269,34.996953299092596],[128.83781077190997,34.99736264931747],[128.8379246758132,34.9973097629977],[128.83828750540746,34.9974333812878],[128.83840401740696,34.99735899183799],[128.83872244194333,34.99749860428936],[128.83896483840894,34.997394779697395],[128.83914438389027,34.997456842016895],[128.83901313232843,34.99769296585588],[128.83917037980652,34.9978859335901],[128.83904718160392,34.99789892148621],[128.8391018575952,34.99795768084139],[128.83892182014307,34.99798877434859],[128.83888893329674,34.99811049508115],[128.83876326881673,34.99816670750366],[128.8388601421369,34.99835718390995],[128.83866619197875,34.99832705004124],[128.83860342190331,34.99854547505048],[128.83839335788235,34.9984652473365],[128.83818798225167,34.99868202290377],[128.83789274487236,34.998704662343705],[128.83762560008162,34.999027630019775],[128.83754264320282,34.999468658654806],[128.83733289239575,34.999461769369915],[128.83749352892212,34.999537395992256],[128.83732449174678,34.99956846693602],[128.83739172667302,34.999605977216554],[128.8373260257151,34.99988952826901],[128.8374864945215,35.00025151744857],[128.83779853322756,35.000409526941816],[128.83787102532284,35.00027922437828],[128.8380517300384,35.00033609270822],[128.83817527806633,35.00053587277659],[128.83800491557187,35.00059683487459],[128.83824425444342,35.00081032211441],[128.83803848469447,35.00083117753081],[128.8383237771556,35.00088883817764],[128.8383354811679,35.00105341700701],[128.83841905180856,35.00094615740028],[128.83847988983084,35.00097322244232],[128.83866101529404,35.00129386286227],[128.8388227071382,35.00133395334599],[128.8389468105475,35.00146336547043],[128.83887095297723,35.00153979828224],[128.83863271579904,35.00153423089255],[128.83883356678334,35.00161075017865],[128.83876048396633,35.00165667353464],[128.8389862832034,35.00164818577363],[128.8387798194891,35.001735590754706],[128.83887558492478,35.001811114989216],[128.83879093322437,35.00183824466812],[128.83880647337102,35.00196157618734],[128.83884469554462,35.00202969597546],[128.839037577375,35.002030778053644],[128.8388958897799,35.00211287912878],[128.83896961723102,35.00218800711033],[128.83891921327452,35.00226289050921],[128.83899929950553,35.0022297285146],[128.83902266710896,35.002316058822295],[128.83920895485866,35.00235478008419],[128.83909065364406,35.00254703958157],[128.83921046786054,35.00254289541131],[128.8392762101185,35.00269818762211],[128.83915410391094,35.002748095595855],[128.8394327285065,35.00285975982141],[128.83928743493527,35.00297629853104],[128.83914441636972,35.002978290482865],[128.8390651281159,35.00311264325036],[128.83909578645984,35.003219144345536],[128.83929941131296,35.00328652993806],[128.83915713474624,35.00339446583782],[128.83955797632265,35.00359833726752],[128.83950056288325,35.00382787591062],[128.83971501519983,35.003858431150704],[128.83979383087635,35.00399002288535],[128.83967031832265,35.00406655124977],[128.83990157532506,35.00411999590376],[128.83993696569937,35.00428683308963],[128.8400018902929,35.004273075599095],[128.8399831564908,35.00417042393675],[128.84007886883185,35.00420791036798],[128.84003368317482,35.00434885430646],[128.84009302440452,35.00439119107737],[128.83996992795554,35.004479142770826],[128.84000545155695,35.004586598834294],[128.840261510645,35.00476685859198],[128.840400705091,35.004752943417266],[128.8404122658959,35.00483159182579],[128.84056120672525,35.00485884854631],[128.84062184171617,35.0049555227214],[128.8406345999534,35.004835267378496],[128.8408028862719,35.00482381831368],[128.84084445893626,35.00496672540763],[128.8407733023825,35.00503208557698],[128.84091021753912,35.00502043471306],[128.84106990296291,35.00522081309877],[128.84075547202386,35.005277942957136],[128.84082206624842,35.00533604136319],[128.8411358627449,35.00534040151295],[128.84119123395266,35.005572056778036],[128.84098485401367,35.00562844938174],[128.84115851187877,35.00571094463003],[128.8408863770611,35.005740643353185],[128.8409206006562,35.00581862564169],[128.84118866136228,35.005909028542604],[128.84114875216477,35.005969207121154],[128.84095226673344,35.00596684919783],[128.841025711848,35.00602400979762],[128.8408852852793,35.00602587153093],[128.84114259384586,35.00625012273507],[128.84092758455438,35.00637393021014],[128.84098129847786,35.00644279685808],[128.8410785844522,35.00642369503759],[128.84098801152044,35.006517920064844],[128.84082244840704,35.00653864535063],[128.84089460147635,35.006562069429734],[128.8408345736189,35.006662108875986],[128.84098936970915,35.00676590249478],[128.84100198985243,35.00688845075414],[128.84095887074565,35.00699075593435],[128.8408066827955,35.00702760023621],[128.84080723611478,35.00718513000504],[128.84067118120143,35.00720902301671],[128.84079952495202,35.007289911212936],[128.84086788214813,35.007250524460325],[128.8408658970425,35.00730709928171],[128.84074332633838,35.0073470281573],[128.8407001515871,35.007269606375395],[128.8405963531283,35.007270454543274],[128.84061344276046,35.007405557745464],[128.84048464798488,35.00739676820429],[128.84058716023256,35.00743199614871],[128.84047171614603,35.00744932171307],[128.840621494753,35.00750754640101],[128.84047518788256,35.00760682916427],[128.8404306915043,35.00752886285791],[128.84030547083444,35.00754691658654],[128.8403298583866,35.007751198284495],[128.84011550200066,35.00774812484485],[128.84005939357394,35.007947208334265],[128.83989673163768,35.00789107728901],[128.83981435157096,35.00802984036511],[128.83992178620633,35.00813684870902],[128.83971294858,35.00816723277423],[128.8397334352575,35.00804118295258],[128.83966733476834,35.00803536478623],[128.83958768486892,35.00830423206879],[128.83940865247746,35.00823278517729],[128.83935320158946,35.00841619568562],[128.83925409285456,35.0084286584201],[128.83934884700423,35.00851907152512],[128.83914956330372,35.008608223855106],[128.8391716383204,35.008704537920586],[128.83897900373432,35.0087452733096],[128.8386740099572,35.008627614678915],[128.8386321479871,35.00874495655913],[128.83847809611981,35.00861149352573],[128.83828474077683,35.00881230441861],[128.8382054413903,35.00880173861298],[128.83816788625023,35.00867880137783],[128.8380867153745,35.00887265390631],[128.83771312210433,35.00894498649393],[128.83763037203641,35.008904892978094],[128.83766366012568,35.008998682627364],[128.83712862425617,35.009380019266686],[128.83673136360287,35.00945763817029],[128.83654485507643,35.00965436575445],[128.83632328195685,35.00966020410322],[128.83626526719544,35.00983886990596],[128.8359064661298,35.01009560805592],[128.8359107555257,35.01021644344696],[128.83576416993324,35.010188292322894],[128.83580828435868,35.01037477369918],[128.8348441094835,35.01056437533329],[128.83458668244248,35.010746497690135],[128.8342744713166,35.01162362942913],[128.83437232505065,35.01243564447011],[128.83478198159784,35.013403584682145],[128.83491101195997,35.0135211364487],[128.83544739232536,35.01368812337039],[128.83545967693286,35.01381384607816],[128.8352772273399,35.0138390020044],[128.83503971534512,35.01405812032558],[128.83547277746,35.014076300701355],[128.83578220575313,35.01507041510803],[128.83573317812707,35.01514289531956],[128.83559618899517,35.015122977915134],[128.8353189313098,35.01422891132],[128.83501433168817,35.014230255540696],[128.8348915553535,35.01432874534679],[128.8348551122851,35.01508719868318],[128.83495216337914,35.01512231371058],[128.83482997334355,35.015270047348935],[128.8348689184003,35.01554583995443],[128.83535393381163,35.01641780474492],[128.8356833256378,35.01659279341363],[128.83594793187217,35.016856878467586],[128.83622198636252,35.01704289708762],[128.83651436244867,35.01709365676259],[128.8368818227937,35.01731546603353],[128.83712245780006,35.017295455137045],[128.83734990374117,35.01752900792946],[128.83770545902794,35.017439669533225],[128.83781213198114,35.01754821888835],[128.83778432848547,35.01775194912193],[128.83787438152692,35.01779863141331],[128.83793381204015,35.01765436747528],[128.83805604094098,35.01773350526025],[128.83817159054504,35.01761270203888],[128.83820349538163,35.01768468652318],[128.83852208461983,35.01779414493311],[128.83856846998827,35.01807954682443],[128.83845238272093,35.01827597108296],[128.8386911378138,35.01843384489336],[128.83847289622747,35.01850303714445],[128.83870789301025,35.01855933565934],[128.83870703127118,35.01863939784976],[128.83861682582778,35.01861115495539],[128.83869959232342,35.018789520088625],[128.83874648186674,35.01867970758027],[128.83894181500656,35.018841850476186],[128.8391147249878,35.01871628295224],[128.83914021072553,35.018912485289],[128.83900094040644,35.01897740951966],[128.83897520872205,35.01912735762316],[128.8391882829557,35.01932346628981],[128.83913344258596,35.01947344172264],[128.839225436655,35.019471298489705],[128.83937253826278,35.01970895468672],[128.83935858125568,35.02004562583721],[128.8398339421825,35.02011728478339],[128.8398046498735,35.0201944942499],[128.83949743471413,35.020243989439734],[128.83964725671146,35.020256434679304],[128.83962516320736,35.02030879973582],[128.8393885405255,35.02031585156205],[128.839413288779,35.02039405224197],[128.83968276245952,35.02039125055375],[128.839886202594,35.02058174956557],[128.83959227563128,35.020624731683185],[128.8396132400525,35.02074629957122],[128.83981540494767,35.02075540855289],[128.83989127285756,35.0210874965484],[128.8397077008761,35.02122977156368],[128.83966245310785,35.02149732814712],[128.8397631685079,35.02198605525159],[128.8400875364946,35.022148842422546],[128.84010622090832,35.02249584844621],[128.8403379334915,35.02296820570822],[128.84166785487207,35.023961622818184],[128.84176001106144,35.02423578633428],[128.84164597777234,35.024357241551996],[128.84165259697826,35.024486497312026],[128.8418938727656,35.02467826219842],[128.8419682276752,35.02503946891579],[128.841887386175,35.0251959553371],[128.84203960593808,35.02567083177191],[128.84219225558064,35.02590992849578],[128.8426355822472,35.02606654164438],[128.84270220207617,35.026137731269486],[128.84261521266913,35.02617710888865],[128.84278777653063,35.02620144284814],[128.84289477629463,35.02630297880057],[128.84283460522033,35.02636626198015],[128.84271831885678,35.0263277101676],[128.84276536230882,35.02641652734678],[128.8426236136701,35.02655141196022],[128.84307418449757,35.02659780071619],[128.8431509501576,35.02681869314975],[128.8428385639601,35.026825229086775],[128.84283906790404,35.026888743298045],[128.84307866250856,35.02689485096049],[128.8431966835284,35.02698074623995],[128.84312044971207,35.02705328523793],[128.8431602407504,35.02721404712438],[128.84303591616538,35.02725315218669],[128.84309188222528,35.02731498490661],[128.84334641585764,35.027312432166404],[128.84336732333168,35.02753140920034],[128.84353589922156,35.02760798660982],[128.8434721981692,35.02764400798167],[128.84350600651885,35.02789419626881],[128.84331882182147,35.02802708449614],[128.84343443750214,35.028365835522884],[128.84360855993143,35.02846748771475],[128.84342957659862,35.028853102937006],[128.84353080162415,35.029085234709584],[128.84340707822432,35.02909077032481],[128.84339754481238,35.029222451627405],[128.8430898236221,35.029458332013405],[128.84293585697424,35.03005997828802],[128.8430825930483,35.030552797891126],[128.84379431930495,35.03145930900951],[128.84415505354653,35.03169012991209],[128.84434302142319,35.03164527643073],[128.84429951074821,35.0317568783897],[128.84447252711288,35.031672699724986],[128.8444731615629,35.03200262955149],[128.8445507264496,35.032092864994866],[128.84461109698753,35.032095596079216],[128.84460554351705,35.031990055909304],[128.84475655821763,35.03199579737784],[128.84468191309847,35.03213010737252],[128.8447908068022,35.03222778571624],[128.8451777429848,35.03234535294625],[128.8457524172262,35.03267103469193],[128.84606043285092,35.032575662579454],[128.84613453667214,35.03281385797795],[128.84618987104912,35.032671367898686],[128.84637189201868,35.03264683200012],[128.84647839797907,35.032849916058446],[128.84665452940177,35.03281509411208],[128.84667936058193,35.03291250725295],[128.84682124352491,35.03294998380868],[128.8467561491703,35.032973267582165],[128.84680659125505,35.0330189732885],[128.8470116347869,35.03301097054145],[128.84692242450916,35.03313990651826],[128.84699725619373,35.03323336343593],[128.84695204664317,35.03336030424227],[128.84704793814967,35.03325966819956],[128.84733825068832,35.03327402136129],[128.84733756957968,35.03314704816195],[128.8475227055305,35.03317733073092],[128.84765174178065,35.033355151591444],[128.84747924500223,35.03345770109342],[128.8478802820216,35.03345801424461],[128.84789570284954,35.03368740206607],[128.84811026005914,35.03363243011798],[128.84818973530636,35.033686601032656],[128.8480862469432,35.03375146813021],[128.8482221016589,35.03372307479933],[128.84831180004687,35.0338139275933],[128.84870258989088,35.03391815832006],[128.84882961689675,35.03420435546795],[128.84868801399975,35.0343225368917],[128.84871730749535,35.034539092186684],[128.84848928282628,35.034883467945654],[128.84851353502953,35.035096854997555],[128.8488119343565,35.035262145150206],[128.84864383952348,35.03541564576467],[128.84862793319846,35.03560958781583],[128.8485272987579,35.035696486116436],[128.84868893155988,35.03572847792564],[128.8487711059624,35.03589537822282],[128.84827665450032,35.03643275576313],[128.84858535301163,35.03693320071444],[128.84901157673934,35.0371739180298],[128.84921265897168,35.03747840700204],[128.84919404516427,35.03755607318792],[128.84883221994454,35.037710282175425],[128.84891581227734,35.037902407395464],[128.84887216438503,35.038083567664806],[128.84898882344467,35.038174475313824],[128.8489595132378,35.03842416046108],[128.84939872838564,35.03884236995504],[128.84955512566862,35.03885111825149],[128.84960862397918,35.03876877118015],[128.84977515006526,35.038742616254645],[128.84986720349494,35.03913640845504],[128.85019498773198,35.03911905654008],[128.85035651500505,35.03927149982587],[128.85014135995888,35.03987169177987],[128.85040701293312,35.040178681469136],[128.85036368239236,35.04050056941477],[128.85044387040585,35.04063978180104],[128.8503698759268,35.04079385567597],[128.85049963722935,35.040675874461215],[128.85057801680873,35.040708251200094],[128.85065752410668,35.04082871845418],[128.85060137158834,35.0409473103677],[128.8506786264673,35.04092712603471],[128.85071841317014,35.041013401226714],[128.85067375269557,35.04113888367308],[128.85048397583108,35.041270953390715],[128.85067772408632,35.04149057747999],[128.85059692948448,35.04161758115595],[128.8507191604453,35.041535058056624],[128.85076849628496,35.04157257285898],[128.85066339642657,35.041660756091446],[128.85074327384166,35.04171959303708],[128.85064763013614,35.041825061124875],[128.85080958342024,35.041808406750256],[128.85086319110732,35.04219488622517],[128.85079543523466,35.04221436531469],[128.8508196303724,35.042501998715395],[128.85054209397492,35.04273560965646],[128.85052181110578,35.04292053972535],[128.85034504972805,35.04305678324968],[128.85014549067566,35.04304673209477],[128.85008905677088,35.04313742707798],[128.85018341488697,35.04328182323371],[128.8501003566792,35.04334583352549],[128.85021177735769,35.04351034043936],[128.85025559170356,35.0440272357954],[128.85046579760433,35.04421346273257],[128.85028278075288,35.044285612483876],[128.85010170694642,35.044687396766705],[128.85017445616924,35.04529059076752],[128.84991951462985,35.04546395112969],[128.85003077724556,35.04571556662372],[128.84999161929525,35.04591160216006],[128.85008347703328,35.046034313456886],[128.85001865151042,35.04616491239749],[128.8501452585497,35.04659029000885],[128.8500531076046,35.04667586348427],[128.85016845792987,35.04705154467131],[128.8499487328953,35.047556255834785],[128.85011594312743,35.04872030719888],[128.85007504204486,35.049894309749114],[128.85015432217543,35.05125996550145],[128.84984471613907,35.05211609779404],[128.84911998347636,35.05291263448521],[128.84844423649866,35.053964797451584],[128.84840018225742,35.054227195017376],[128.84875802076647,35.0547813343337],[128.8486443562916,35.05475970353011],[128.84836807379295,35.054311834636295],[128.848076989052,35.05487504198614],[128.8484197220133,35.055126484906154],[128.84841567030873,35.055633860588166],[128.84830291066922,35.055609042005166],[128.8482983866714,35.055193934651086],[128.8478882036112,35.054883174829634],[128.84775792833497,35.05488262804308],[128.84731597254745,35.05532850563058],[128.84723567285715,35.0555060994266],[128.84702405467394,35.055581477179956],[128.84648387087032,35.056305312427085],[128.84651313454697,35.057189303613804],[128.84640050961448,35.05750024641338],[128.8459684487904,35.05802789988352],[128.84577313794082,35.05969493701626],[128.8464680586701,35.06067457393102],[128.84710785818604,35.06126338476535],[128.8493288047925,35.06222500340809],[128.85012696982741,35.062444249495506],[128.85034391742695,35.06246379832308],[128.85059651998944,35.06237297197121],[128.85182142236079,35.06274552186388],[128.85297189468216,35.062984901905494],[128.85326217086742,35.062916668818524],[128.85339783491546,35.062977699612844],[128.85344905572367,35.06292358991904],[128.85396333443924,35.06311039837568],[128.85403276415536,35.06309048754795],[128.8541656082774,35.06288658513675],[128.8543279049478,35.0629217819211],[128.85451659004426,35.06312123639875],[128.8546708830879,35.06294689787736],[128.85475709955062,35.063263739706564],[128.85487265981703,35.06305852386208],[128.8549550221946,35.063068114226375],[128.8549974217512,35.063182859450535],[128.85503432263633,35.06309952076531],[128.85509551570215,35.06319002975009],[128.85490657137956,35.063282553554345],[128.854963994624,35.063349128088085],[128.8552530133453,35.063281408311816],[128.8554586880534,35.06334017479108],[128.85548407821832,35.06328527367397],[128.85550920174896,35.0634704736313],[128.85567951648864,35.063511049264214],[128.8557361152375,35.0636208242885],[128.85576304173256,35.063563938545876],[128.85665844418352,35.06378022381838],[128.8572787004294,35.063690595428746],[128.85769229677686,35.063717886971766],[128.85782257820236,35.0638483403866],[128.85796300543475,35.063715453883084],[128.8582510748277,35.06386660449572],[128.85821173072466,35.06394275018156],[128.85853080987295,35.06426063354814],[128.85822448369493,35.06438051693245],[128.85838939412022,35.06443148122053],[128.85829088431106,35.064580279875045],[128.85794657147935,35.06463540790231],[128.85777970427688,35.06479413228391],[128.85739846521145,35.06538374247399],[128.8572710631143,35.065458516530974],[128.8568523594497,35.065473609555774],[128.85670431889685,35.065604569288745],[128.8566882327898,35.06577755724604],[128.85637578840925,35.06596515510112],[128.85602542864635,35.066646768739155],[128.85606824593742,35.066859214059875],[128.855964228894,35.06690289884022],[128.85569088165292,35.06734728976539],[128.85558023027852,35.06727685381142],[128.85550637960824,35.0673412382428],[128.85548583417926,35.067504626437916],[128.85532106931458,35.06767824715808],[128.8553639988358,35.067749110238985],[128.8552176255129,35.06768312700433],[128.8550156028618,35.06793545463681],[128.85507603452888,35.06830282562726],[128.85516045738817,35.06833609797478],[128.85505814910994,35.068397381093156],[128.8550242789218,35.0689436963092],[128.85493814915603,35.06906707624892],[128.85502603499012,35.0692405955103],[128.8549663136777,35.06925346931057],[128.8548599162947,35.06903578675097],[128.85463892803898,35.068969874561915],[128.85410113910865,35.06908478445851],[128.85409732435969,35.0691583140373],[128.85393822561528,35.069198891044636],[128.85390325672313,35.069325320972666],[128.85371687339503,35.06929042063173],[128.8536810381879,35.06913417831388],[128.8535816633991,35.0691778471314],[128.85340465447882,35.06906028410217],[128.85330869894693,35.06917050302136],[128.85299366166336,35.069149968648],[128.85297549690662,35.06897128530172],[128.85291142561522,35.06914805946074],[128.8526438943715,35.069108553674745],[128.8526198812869,35.069045217479044],[128.85241239660223,35.06913747273346],[128.85207267892312,35.069120545493526],[128.85197192907944,35.06944534048507],[128.85187251614715,35.069442821429796],[128.8518410968879,35.069045819078546],[128.851654360251,35.069075864282226],[128.8512150828303,35.068960638491454],[128.8510430283198,35.06895706531522],[128.85092067022984,35.06905011701399],[128.85053100519235,35.06899149692533],[128.85047241436075,35.06886287201776],[128.85021079047868,35.06882973912873],[128.84978732811987,35.068485593803395],[128.84924073577284,35.06839497911402],[128.8489737056334,35.068418995149734],[128.84898872566134,35.06851601764474],[128.84879770946037,35.06857329886512],[128.848756596892,35.06846851302415],[128.84817976454536,35.06859659648386],[128.84769844857368,35.06879940652253],[128.8469319193261,35.06861260401775],[128.84609174351448,35.06895291274946],[128.84574576922236,35.06896246362041],[128.84515820107265,35.069255106334055],[128.8445466434317,35.06916053316912],[128.8437213666886,35.06937706059823],[128.8423323835832,35.069521609938946],[128.84201061876183,35.06978775930685],[128.8422020715078,35.06989630974824],[128.84190803856663,35.070331088465224],[128.84138699864036,35.07083926265288],[128.84151165080914,35.07092186513712],[128.8414255429542,35.07115939953234],[128.84158291396105,35.071449572847435],[128.84135930040264,35.07186113000562],[128.8414455635011,35.0718846510423],[128.84142056091645,35.07202567950538],[128.84102815305147,35.07258167994014],[128.8410857120434,35.07260755457386],[128.8410133390667,35.07274876419186],[128.84084119013485,35.07295689741252],[128.84075060610033,35.072917091269844],[128.84048008246032,35.07327046091576],[128.84101721794838,35.07349933931248],[128.84090972111633,35.07366591565383],[128.8408292941195,35.07362857508104],[128.8409133180385,35.073490261776236],[128.840460060749,35.07330448865794],[128.84027523998014,35.07360794370847],[128.8403426235721,35.07364115861661],[128.8400689260329,35.074040461761655],[128.84006724235834,35.07428393452031],[128.8399298286533,35.07424082861436],[128.8396199595509,35.074503412225134],[128.8385135126653,35.07484431307401],[128.83791307285176,35.074927414581715],[128.83782346312594,35.07481108971671],[128.83751719679864,35.07480567627236],[128.83695122291164,35.07384398845744],[128.83697668402183,35.0736414191565],[128.83705395463141,35.073628985503916],[128.83697618898594,35.07257933236283],[128.83710150970137,35.07223720291023],[128.83711283620863,35.07173626140821],[128.83718020240758,35.071730063608534],[128.83721722851686,35.071566416210864],[128.83720829885084,35.071078972105],[128.83688135720456,35.07002703735979],[128.83682092866323,35.06918262332105],[128.83645626892377,35.06816101228342],[128.8364542029789,35.0680369175241],[128.83661429614412,35.06803417664186],[128.83654889975256,35.06781373078105],[128.8368172549794,35.06734326918709],[128.83652081108357,35.06697853534412],[128.83667562559086,35.06703212275758],[128.83708386219666,35.0670057213739],[128.83714063414615,35.06725179047404],[128.8376302941839,35.066993753613325],[128.83766028125754,35.066907185443945],[128.8379364204122,35.066839036530375],[128.83809388531836,35.06682195853167],[128.83809416256184,35.06690404709195],[128.83847042995592,35.06699409112549],[128.8385118124273,35.067168579701004],[128.8390564785986,35.067073370257475],[128.838982291934,35.06692770014452],[128.8393110476885,35.06686659330924],[128.83937910717958,35.066971817059176],[128.83969756586168,35.06694457525697],[128.83967784365285,35.06689391934438],[128.84006288334055,35.06675919475331],[128.84003443798602,35.06671181721143],[128.84030080383556,35.066547117691364],[128.84020613364916,35.0662050573665],[128.8403991857856,35.06606908739719],[128.84037178751686,35.06586695451728],[128.840454488648,35.06573963635639],[128.84037674491873,35.06552786407153],[128.84045263269985,35.06540882081637],[128.84082513478756,35.0652451794844],[128.84095209797368,35.065103433912704],[128.8410362022197,35.064506348384654],[128.84176345709065,35.06445664190351],[128.84175043637345,35.06438143238041],[128.84190116761363,35.06436299758047],[128.84202301816634,35.064193500594634],[128.842330421472,35.06410553912088],[128.84274071653647,35.06415756665251],[128.8427545051435,35.06428483151885],[128.84313594303288,35.06428748908774],[128.84315872032053,35.064432764882696],[128.84318319110804,35.06426533072314],[128.84330395885223,35.06423077544016],[128.8435171677131,35.06432103472674],[128.8444011754362,35.06412843070827],[128.84443315152853,35.064181841596266],[128.84510591158707,35.063995415136],[128.84513854609352,35.064065872329124],[128.84536927689598,35.063963915132504],[128.84538140440034,35.06384603059215],[128.84552208407285,35.06377986941129],[128.84600591217816,35.06379436570344],[128.84625015875795,35.06370333901225],[128.84693979189112,35.06310686234154],[128.84686035890826,35.063028820441566],[128.84704273387615,35.06288212709773],[128.8472185875607,35.062921751514985],[128.84727329961342,35.0628043738351],[128.84737016781304,35.06285559696326],[128.84756787924812,35.062700070310775],[128.84758108490777,35.062578528217706],[128.84778143282225,35.062481052570334],[128.84738043810464,35.06214682432879],[128.84728161591505,35.06219072347231],[128.8470502612382,35.06209092908368],[128.84657875358027,35.06163742032147],[128.84547716140446,35.06099723688789],[128.84551950056743,35.06089740987408],[128.84575789047074,35.06078021930698],[128.84542780029435,35.06031539331573],[128.84531302051485,35.059614177523585],[128.84541193515676,35.05921132576686],[128.84553010636762,35.059159710869714],[128.8456478704486,35.057984595606996],[128.84594229194715,35.05763346121978],[128.84583774004437,35.05759641758708],[128.84579213170844,35.05661451972911],[128.84590451743387,35.05647192994762],[128.84470978352104,35.05570877218357],[128.84325255881296,35.05520604993781],[128.84256969782368,35.05471099594117],[128.84231484687947,35.05431936047601],[128.8419748179133,35.05411570359216],[128.84110995681183,35.054068675386674],[128.84031478605377,35.054192066577876],[128.83956635987508,35.054054727816336],[128.83876231570372,35.054046766777546],[128.83842734694647,35.053710405589],[128.83794596544485,35.05360377104854],[128.83786701318957,35.05380758390795],[128.8374786468393,35.05379092884039],[128.83713309905835,35.05403325082802],[128.83741376967163,35.054104529122945],[128.83748328391337,35.05437173622688],[128.83784317254444,35.05458331966495],[128.83775705068481,35.05480887189404],[128.83760440010138,35.05470323453314],[128.8376039775453,35.054817032145145],[128.8371124421757,35.05470903756152],[128.8370450181058,35.05462594884907],[128.83641238074978,35.05443880980215],[128.83569765992127,35.0548241817452],[128.83560710437916,35.054994599335664],[128.835430499931,35.05508822928413],[128.83478357820692,35.055277557910884],[128.83392028616174,35.055902608581896],[128.8338779465747,35.05599706873327],[128.83427055588564,35.056169777115386],[128.8342465404512,35.056282767625845],[128.83410236088744,35.05626589497863],[128.834365530903,35.05638031391415],[128.83424974034907,35.05637525272939],[128.83427899218253,35.05645942653889],[128.83418098511885,35.05643085474029],[128.83406550351606,35.05653295762134],[128.83350210568,35.056572287992935],[128.8335365776086,35.05695729395441],[128.83338914424172,35.05725210140519],[128.83345735050915,35.057434768276444],[128.83337757540303,35.05752372407672],[128.83301409135558,35.05764004189924],[128.83285153748884,35.057951008383434],[128.83280416818366,35.05851167831203],[128.83269808034674,35.05856869778328],[128.83284159971942,35.05883623398123],[128.83302203322856,35.0589132609383],[128.8330538546548,35.059043409040136],[128.8327693652609,35.05956346598248],[128.83272229979926,35.06035151180205],[128.83285308090882,35.06049664169333],[128.83287481423474,35.06084299766954],[128.83335156479768,35.06165524036833],[128.83390274618736,35.062141658625954],[128.83454944844874,35.062540358309036],[128.83473203315063,35.062461017124924],[128.83501370996126,35.062519285893536],[128.83513272495387,35.06266148521026],[128.8351565944115,35.06299042418266],[128.83530616076857,35.06314285250782],[128.8352184671574,35.0638721218995],[128.83535939962687,35.06393636455617],[128.83536392423326,35.06407990531125],[128.83525372623592,35.06408465941753],[128.83520845707986,35.06448446823858],[128.8349709114733,35.06448377694177],[128.83490537132172,35.06457718715424],[128.83516436243173,35.064586535458865],[128.8351979467776,35.06478329178195],[128.8351259689841,35.06479182848299],[128.83510252205434,35.065090358929446],[128.83518556048548,35.065393296462084],[128.8350316029678,35.06549316668399],[128.83515695834393,35.06558907205081],[128.835170160366,35.06574054734478],[128.83499367646908,35.065898904027534],[128.8345772282289,35.065313679202305],[128.8341434878996,35.065345941963756],[128.8339447312648,35.06556072130815],[128.8341251018192,35.0656077590566],[128.83410795753593,35.065786852266065],[128.8347045560063,35.065888730186984],[128.83404327700936,35.06582983135798],[128.8338699317402,35.06612960735372],[128.83352227576077,35.06639396349734],[128.83382412682775,35.066731106302576],[128.8352455383608,35.06729304728439],[128.83523178091986,35.07492373745749],[128.83496783861528,35.07495697498528],[128.83496412685417,35.07759170183705],[128.83535390543778,35.07759482243037],[128.8353556900106,35.08193946077333],[128.83608802553462,35.08198408999188],[128.83611656612808,35.0822608771762],[128.8359560448589,35.08314616717908],[128.83568050453906,35.08321836828213],[128.8355231157747,35.08357165361348],[128.83519843173357,35.08362519254159],[128.83516181657438,35.08409121303697],[128.83503014464912,35.084375407076486],[128.83517210453448,35.08637439182584],[128.8350455959189,35.08653818426251],[128.8348226475034,35.08658917289835],[128.83482724397518,35.08687219634177],[128.8346839985296,35.08706402546249],[128.83447023104148,35.08713892777872],[128.83451192460905,35.087035115713654],[128.83427130297315,35.08702879710793],[128.83387750017332,35.08715557942162],[128.83367760511277,35.08743586911734],[128.8334300415572,35.087396705159975],[128.83294484414301,35.08704162480379],[128.83201890568907,35.087357227071735]]],[[[128.91911021626854,35.08944476850233],[128.91846044587024,35.08935840763365],[128.91832168560185,35.08916199743633],[128.9180937285129,35.08923368792788],[128.91796036931154,35.08915632300508],[128.91782737328106,35.08919105054041],[128.91766395665297,35.08900205895294],[128.91744716001406,35.08902540091039],[128.91688805523486,35.08884800437745],[128.916879496818,35.088665940434765],[128.91699930500084,35.08848854342336],[128.91732449939943,35.0884045127431],[128.91772386158672,35.08855156624122],[128.9179706099862,35.08879898748255],[128.91822445850963,35.08881556661558],[128.918430306445,35.08897589750021],[128.91897382785382,35.08889356626867],[128.91915623179224,35.08880251457418],[128.9191607843856,35.088717503696486],[128.91859288033066,35.088585371094396],[128.91841171819513,35.08829433715302],[128.91802552156986,35.08839129961985],[128.91774586481088,35.08832530110586],[128.9175729723719,35.088018019034],[128.91779099103283,35.087741719245976],[128.91821500299406,35.08776293992679],[128.91834809076408,35.08786263230784],[128.91848235906843,35.08815950584844],[128.91922171500707,35.087952153190116],[128.91956938673044,35.08802675330004],[128.9197891520752,35.08834922158291],[128.91967503457568,35.08864490883503],[128.92064300318472,35.08916778413245],[128.92058595040652,35.08928760387211],[128.92034253095105,35.089349846673265],[128.91911021626854,35.08944476850233]]],[[[128.92063310286804,35.09087230951235],[128.92018122486033,35.09071826133408],[128.92048427259795,35.090710200048505],[128.92063310286804,35.09087230951235]]],[[[128.92072827954618,35.09063891475017],[128.9208088142413,35.09089443585209],[128.9205938268381,35.09066460727059],[128.92011704555264,35.09062734110698],[128.9201011809369,35.090473459895115],[128.92037149878004,35.090487475646825],[128.9203837996747,35.090428179703395],[128.92049539412795,35.09050207495631],[128.92060929326962,35.09044883587631],[128.92104346680603,35.09059739436335],[128.9211429212191,35.090670615326424],[128.92106771459876,35.09085473995266],[128.92087874873832,35.090726583681274],[128.92090944820364,35.09064493779686],[128.92072827954618,35.09063891475017]]],[[[128.82351724978622,35.09587303231871],[128.82340487000116,35.095806439034234],[128.82349749300127,35.095778614678224],[128.82351724978622,35.09587303231871]]],[[[128.82350089946024,35.09592999027989],[128.82348869469553,35.095946684987034],[128.82343058577104,35.095913408393734],[128.82350089946024,35.09592999027989]]],[[[128.82100270571001,35.09657613741715],[128.8209643776747,35.0966100052992],[128.82093064936575,35.09656986538242],[128.82100270571001,35.09657613741715]]],[[[128.82086711358792,35.09664212776993],[128.8209875318145,35.09681222704074],[128.82094941757097,35.09688104947532],[128.82077006318593,35.09685312485592],[128.82067941829212,35.09674953566403],[128.82069453827498,35.09667860510848],[128.82086711358792,35.09664212776993]]],[[[128.99822439650237,35.23291415240232],[128.99676140558012,35.2360766939991],[128.9951409247878,35.23447656529028],[128.98970093077006,35.23167634629472],[128.98694334191111,35.23086894272205],[128.9841575151796,35.2297558701814],[128.9807996594935,35.229074915064466],[128.97645200613752,35.22801848844895],[128.9764671414847,35.22780960021305],[128.9763257326276,35.227770925950196],[128.97570721373208,35.22784626491],[128.97317200513385,35.22725948061317],[128.96814601793463,35.22695109993593],[128.96673987791362,35.22677823117903],[128.95669602474712,35.225251746725064],[128.94853457521123,35.22524205340799],[128.9481424512329,35.225378530143615],[128.94571019509644,35.22725322699439],[128.9439976902703,35.22832547642833],[128.94065802853743,35.22751560008445],[128.93978554050852,35.227243935142795],[128.93745465240062,35.22597977293646],[128.93668878052674,35.22546091883274],[128.9347285267935,35.223523408447726],[128.93213393171078,35.221992093549254],[128.92923951945295,35.22003157719528],[128.926617515594,35.2188298222579],[128.92012804836608,35.216422605461304],[128.91977497849592,35.21642236356723],[128.91900220792016,35.217004608348404],[128.91850503317886,35.217268650212816],[128.91837200682988,35.21720881876464],[128.91810100486452,35.21778536475038],[128.91722258466163,35.21742054073467],[128.9166526625982,35.216960830125736],[128.91387609692512,35.22058746315424],[128.91250304289656,35.22251518716663],[128.9094909520942,35.22305865892751],[128.9050287635237,35.22007679283959],[128.90969541177768,35.21545339717444],[128.9072777783575,35.21505129779791],[128.9050940686199,35.21536211312646],[128.90482060488532,35.215347647827926],[128.89660531971475,35.21314381357939],[128.8891209602729,35.214803653791606],[128.8882440951081,35.214600836535205],[128.8876313281122,35.214314144394635],[128.88738820458175,35.21428482346397],[128.88639959484138,35.21446955124488],[128.88605955942842,35.214391310097604],[128.88531309906836,35.21402340390981],[128.88458036336831,35.21361561231225],[128.88413263130266,35.2132692365556],[128.88402979131857,35.2131122766671],[128.8840819442047,35.212165168569314],[128.8828705343874,35.21163944293646],[128.88161768932005,35.21038925852227],[128.88084667158222,35.210278275871566],[128.88028427407446,35.21002082657722],[128.87955309589086,35.21013211236758],[128.87905991548902,35.21004424399302],[128.87790423501502,35.20869975435054],[128.87703817065443,35.20802446855286],[128.8764696998547,35.207146676274995],[128.8747413513622,35.20511749908926],[128.87452697781777,35.20461653024592],[128.87393657719645,35.20424092816844],[128.87310928960042,35.20396935198041],[128.872770594897,35.20377130259418],[128.87189575528848,35.202967518561216],[128.87117964205277,35.20254987413038],[128.87084542065594,35.202266114889575],[128.87035861443644,35.20156176436088],[128.87138703762344,35.20066914260516],[128.87226301625907,35.199688478726294],[128.8726824809294,35.19815475458837],[128.87421451682843,35.195441415788764],[128.87595912597956,35.19316822579249],[128.87619339132286,35.19263054583574],[128.87608827834478,35.19180648356662],[128.87568916868935,35.190269229960805],[128.87571010937262,35.18911456214881],[128.8758097277287,35.18912144218064],[128.87588277910723,35.18846210454369],[128.87606040353486,35.18810924373613],[128.8764461156646,35.18754225299348],[128.8782126236602,35.18622801909389],[128.8793798245067,35.184914136853465],[128.88075565293073,35.18357080342496],[128.88141671279396,35.18281581894088],[128.88168061854574,35.18220357892119],[128.8816687751227,35.18167180300471],[128.88126412685455,35.18144390544199],[128.88079656744776,35.18101739272392],[128.88029079326583,35.18033065557262],[128.88008296831666,35.17891234671656],[128.8802205119893,35.173907214331585],[128.88041586326068,35.17312465996281],[128.88114789177274,35.17184515527866],[128.88085058616275,35.17145174528479],[128.88043379706818,35.17152973498222],[128.87759799096375,35.17254307493868],[128.87347853160693,35.17413776843607],[128.87235463608778,35.172273818116714],[128.87381227405055,35.17170020744861],[128.87356623469634,35.17151280177701],[128.87359991960295,35.171408667299865],[128.8744799633793,35.17110339105175],[128.8747292528248,35.17081192449847],[128.87481403009414,35.17078982075891],[128.87497266248397,35.17090429515369],[128.875319808804,35.17065730197418],[128.87588232184066,35.17044742226434],[128.87649113315751,35.1703693289684],[128.8769437331481,35.17014905615112],[128.8769310541828,35.169981634075505],[128.87713020296093,35.16984793917768],[128.8768395703584,35.16892659240381],[128.87753380212916,35.16848936188611],[128.87789491382333,35.16866206671557],[128.8781129583255,35.1684856379718],[128.87638443225958,35.16750628265717],[128.87590483283805,35.16647589207722],[128.87603574148417,35.16555629825926],[128.87794549223884,35.16440339000069],[128.8788710226313,35.16239159504072],[128.87978423236277,35.16178573704026],[128.8803014870289,35.161986639258885],[128.8807741196564,35.16204229562821],[128.88193121849895,35.16171650540794],[128.88139158825214,35.161336867232336],[128.88135834182413,35.16088404598599],[128.88125707708997,35.16073414056876],[128.8813059140581,35.16026206568346],[128.88117240289358,35.160096724994304],[128.8813561937647,35.15998189193651],[128.88146988744742,35.15958411558402],[128.8823815267192,35.15975142217539],[128.88242159870913,35.15906490551433],[128.8818131728688,35.15881001298417],[128.8811213192151,35.158710655119144],[128.88106064583275,35.158922325053716],[128.88114187617708,35.15912609359005],[128.880988900385,35.15916234044628],[128.88085375796277,35.15905694668842],[128.8809113581376,35.15936490769621],[128.88083448001464,35.1594662258331],[128.88039483615267,35.15952113572587],[128.8802982475483,35.159612889131594],[128.8793107778062,35.15936710021379],[128.87919617733814,35.159578003805606],[128.8789458286819,35.1597442341679],[128.87840198340015,35.15961161420908],[128.87825484172203,35.15971540190456],[128.87811762344612,35.15958312489931],[128.8778868212623,35.159638731309606],[128.87778365402872,35.15951843967042],[128.87768121977595,35.159517570659574],[128.87766565551777,35.15959150206461],[128.8774090876826,35.15957705528659],[128.87727623898343,35.159511040843014],[128.87731281441094,35.1594058084592],[128.8769778630471,35.15949089953506],[128.87680702225893,35.15942821609113],[128.8767675739319,35.15948809823865],[128.87657059765056,35.15946345292284],[128.87660641656748,35.159343699538525],[128.87642554660246,35.15920037935707],[128.8758782521239,35.15917574407772],[128.87573816231915,35.159325127138054],[128.87558365418224,35.15924139448952],[128.8755697334429,35.15939517897157],[128.87535723495014,35.159452791634095],[128.8753431099338,35.15928639530271],[128.87501134337035,35.15913289454607],[128.87495359164473,35.15898818532878],[128.87480396408097,35.15896519874184],[128.8743726847043,35.158575563724995],[128.87417269039236,35.15858880465222],[128.87420806949822,35.15842156703117],[128.87450374515177,35.158288653184655],[128.8744469818966,35.15808018164772],[128.8743633485639,35.15808062655211],[128.8743799971236,35.15797394133794],[128.87459598631264,35.157943429038696],[128.87459233539568,35.15785498335489],[128.8747796426586,35.157711626899754],[128.8745967587216,35.15761145902393],[128.8745791474258,35.157444716196245],[128.8746722432425,35.15359961230721],[128.87665641056753,35.151279240639845],[128.87567577103758,35.1507298683855],[128.8753099197761,35.151165237473265],[128.87436242180598,35.15063031097688],[128.87401839537193,35.1510357008856],[128.87373815832464,35.15100865714748],[128.87296186790397,35.15056962238425],[128.87268135901758,35.150901812677056],[128.8723842329562,35.150875459370845],[128.87166384270884,35.150464390846736],[128.86747570345457,35.15545739072232],[128.8670256152266,35.15615816411834],[128.86668880869007,35.15638012378826],[128.865182068788,35.15818581629465],[128.8652674364927,35.15817226465984],[128.86530157574663,35.15878156721805],[128.86568934841202,35.15935210812962],[128.86549213007237,35.159490130096096],[128.8656613817667,35.15956622144974],[128.86631076535232,35.159500491553835],[128.86642131710246,35.15967863168974],[128.86664612374003,35.15975746886365],[128.86675940706328,35.15964095747778],[128.86726190573015,35.15954027793103],[128.8679848402672,35.15873771382294],[128.86934793165213,35.1586936901109],[128.8694497028944,35.159046799318865],[128.86971924497638,35.15930667241576],[128.87038436893565,35.1606411803403],[128.87139027267455,35.161503437328456],[128.87274780228503,35.161753258103666],[128.87271142204037,35.161869729389814],[128.87296068176758,35.16251518412921],[128.8721079509634,35.162600285362686],[128.872057896914,35.16309947655141],[128.87191110157363,35.16336574485458],[128.87192725549843,35.16426437177198],[128.87153564803305,35.165028722827074],[128.8706028270069,35.16578616862024],[128.87022583560773,35.1656848592172],[128.86958350446952,35.16637797111907],[128.8690911902939,35.16662005846961],[128.86819402340672,35.166792912877916],[128.867361804897,35.16769400242237],[128.86690753076752,35.16757374094821],[128.8664349611777,35.16758009749435],[128.86578727214496,35.16740995342777],[128.86510517349834,35.167373637978635],[128.86442740402455,35.167533656275175],[128.86390154818037,35.167878628810826],[128.86342993058,35.16797068563772],[128.8618393174137,35.16785396769756],[128.8613174238602,35.167900837261236],[128.86044869366467,35.16798773107309],[128.8596403555278,35.16831772155691],[128.85869777629006,35.16812011187539],[128.8574667917357,35.16701377677535],[128.85625990138047,35.16696751689153],[128.85477764509528,35.166529825385425],[128.85413590272572,35.16620790084471],[128.8531494864687,35.16636527628339],[128.8521144635527,35.16633363218962],[128.85093503724096,35.165295931457656],[128.84925323462843,35.16548918344851],[128.84628824564052,35.16468791876482],[128.84552454479348,35.1640088195425],[128.8459995553072,35.16354166487449],[128.84492896748918,35.163103708378536],[128.84454111524838,35.16285564464303],[128.8441304096144,35.162218117423976],[128.8441382983479,35.160660599127446],[128.84423806991234,35.16008974368069],[128.8435325844614,35.158690205751086],[128.842952874062,35.15799596791871],[128.84145653782858,35.15842485076186],[128.8405724901122,35.1588378648231],[128.83942197907695,35.15895947987027],[128.83826523801577,35.159188517968126],[128.83719095109635,35.15927391567457],[128.83681078153424,35.15911271906746],[128.8364928754508,35.159067844257414],[128.8360189777129,35.15914109775864],[128.834995853425,35.15823959345987],[128.83395378290888,35.15759334674096],[128.8338635376752,35.157266886418114],[128.83176446411005,35.15681089537089],[128.8300166619259,35.15701115309112],[128.82920220445666,35.1567019865106],[128.82848398525547,35.15657533168532],[128.8275260513809,35.155588614609776],[128.82587896637978,35.155652382603016],[128.8251769481605,35.156049934719086],[128.82425076759645,35.15626228890132],[128.8229926520357,35.15615845927461],[128.82241940442296,35.15687153337188],[128.8221518605802,35.15735536827326],[128.82126099564482,35.157719657101005],[128.82093636756244,35.15815902280837],[128.82039130442868,35.1580840251233],[128.8192864453819,35.15866179406383],[128.81850913456884,35.15845955678588],[128.81782229746267,35.15880492650258],[128.81746632854615,35.1595806587473],[128.81677229216754,35.15974322587633],[128.81600404699486,35.16020232223443],[128.81336930379257,35.15925850910435],[128.81267225316736,35.159483998313625],[128.8125021064897,35.159676328778055],[128.81155866638107,35.159825653363924],[128.81112792382768,35.15956057813164],[128.81011204925764,35.1594101307861],[128.80869588902692,35.158986643730714],[128.8078693369031,35.159217120014745],[128.8071118675204,35.15959324286976],[128.80586451049555,35.16049227515838],[128.80393914844208,35.160164244269595],[128.8032139031931,35.159727532727025],[128.80228723656478,35.15951489878707],[128.80199448354443,35.15925649673629],[128.80167416501877,35.15859903602684],[128.80050718882885,35.158101932636484],[128.79977582869438,35.15830577029946],[128.79843357752645,35.15815257867176],[128.79761589728287,35.158466185607274],[128.7970917188839,35.158997063687416],[128.79451954149496,35.158537901072606],[128.79363852700487,35.157188147983064],[128.79422208540822,35.156576317439296],[128.79464333089223,35.15588393317929],[128.79432225767525,35.15389043788323],[128.79478945864616,35.153282386756445],[128.79604670363884,35.15287641069023],[128.79663759224428,35.15198913023229],[128.79715673147825,35.15179877917489],[128.79786288621895,35.15138159605034],[128.79858991574346,35.150257572901566],[128.79910146947162,35.149851154872756],[128.79892081966827,35.14963004521987],[128.79900235572458,35.14945432616534],[128.79979821541875,35.14868963976192],[128.80008949125573,35.14828424089332],[128.80043050927475,35.14802174801691],[128.80099133603653,35.146894468682596],[128.80120141992984,35.14680866086672],[128.80157803368178,35.14679952292307],[128.80178435766013,35.14658680223881],[128.8020171083013,35.146039639223844],[128.80228981235163,35.14487068873171],[128.80232371998994,35.14405143729191],[128.8024901859821,35.1436643800844],[128.8021831132821,35.14221985123458],[128.80217681758623,35.14184018892082],[128.8035643627098,35.1418241015873],[128.80465374469685,35.14189427865323],[128.8054434015157,35.14218258686125],[128.80656581478036,35.14232394335115],[128.80678286206074,35.14244151388544],[128.80723988916685,35.142103696161136],[128.8073807175146,35.14131883264667],[128.80771428822914,35.140996006042535],[128.80775779302556,35.14039066007457],[128.80739166783323,35.13942845704172],[128.8081413883611,35.13872772254853],[128.809785613312,35.13752270460921],[128.8105062923817,35.13710961797505],[128.81120449442457,35.13690024601058],[128.8117853655042,35.13622631171092],[128.8118721885674,35.13591880304294],[128.81242793919105,35.13532618278948],[128.8144452428049,35.133692139877404],[128.8153650401603,35.13266288959184],[128.8157546649487,35.13255184543249],[128.81794841415285,35.132501837549455],[128.81881174437996,35.13225662514655],[128.8190603249306,35.132097992899546],[128.8199225923556,35.13194170244836],[128.82178431768418,35.13133511388796],[128.82210020798686,35.131109575084274],[128.8223401406695,35.13106868321058],[128.82363629475196,35.131203776357296],[128.82417376930977,35.13109286824213],[128.82494119085808,35.13069017877187],[128.82513753871365,35.130400651218274],[128.8265476448274,35.12958283488032],[128.82669644753437,35.12858466356877],[128.82724599823635,35.12821202163947],[128.8290580318074,35.128368607539244],[128.82978069695258,35.12826983539564],[128.8305042295264,35.128509879365],[128.8307056406184,35.12886361446549],[128.83195772937805,35.12968790483626],[128.83275445809065,35.129814053827],[128.83294143826103,35.13002632916245],[128.83454711485297,35.12880044932417],[128.8346407750357,35.12755795814319],[128.83515945449062,35.12617615872716],[128.8363471637935,35.12510560528023],[128.83695574572798,35.12472434705741],[128.83736337023177,35.12411096603656],[128.8377381752232,35.12396495590237],[128.83783690506274,35.123360141888426],[128.8381684841723,35.123128535086515],[128.838196468741,35.12298721287261],[128.83787826381595,35.122898765900665],[128.8379688080603,35.12254059700869],[128.83765200574513,35.12225572380557],[128.8377143226902,35.12174605712263],[128.83762517282705,35.121593861137235],[128.83739008273554,35.12147586915219],[128.83756281976466,35.1208802791009],[128.83735132232087,35.12064487260555],[128.8370201954016,35.120566129548735],[128.83692445805178,35.120292292938714],[128.83642341303167,35.12009060906083],[128.836412978953,35.1197808872425],[128.8361026824033,35.11958764582916],[128.83613000266163,35.11937276267118],[128.8359297631784,35.119014481577146],[128.83614186537378,35.11871653165228],[128.836733091783,35.11862232910989],[128.8368259775225,35.11855295824987],[128.83670404230813,35.11811773312499],[128.83678762652582,35.11756893692019],[128.83711262591683,35.11726924410389],[128.8374162214782,35.11680270587006],[128.83754896184004,35.11612043651442],[128.83849126478097,35.115205700052925],[128.83894690728275,35.11507529015315],[128.84022623905236,35.115209714663294],[128.84132989864017,35.11477136555461],[128.84176868493182,35.11448850337733],[128.84278441525217,35.113506649491455],[128.84296544476118,35.113155104799056],[128.8428632684599,35.112001195396395],[128.8432709518608,35.11055523918557],[128.8431693728069,35.10916264625901],[128.8423113352026,35.107571395219175],[128.84218605969986,35.10708782078249],[128.84195077189668,35.10680137784529],[128.84133488166646,35.10630781222838],[128.84169717698254,35.105981495496785],[128.83934719133308,35.10484187649302],[128.83861984435106,35.10457628984343],[128.83827671744055,35.10420533436686],[128.8383488877103,35.104431503146344],[128.83822686624083,35.10436033826428],[128.83811879160336,35.104154293747506],[128.83786352188477,35.10411549240806],[128.83785386439357,35.10360027205725],[128.83682533895958,35.10331772999674],[128.83546336709398,35.10212921214376],[128.8347937841233,35.10180149412148],[128.83394180424287,35.101805024489664],[128.8324870365885,35.10243504155404],[128.83158697179945,35.10264705940065],[128.82486705975938,35.10233454668156],[128.82433775739293,35.10219773781538],[128.82418607733942,35.10204356414327],[128.8240434039048,35.102085631783375],[128.82363815206972,35.10197903505973],[128.82334471463736,35.10174830746466],[128.82168779460665,35.09780123252325],[128.8244423839856,35.09559719238785],[128.82446326184947,35.094520520514514],[128.83209158137316,35.088382814777276],[128.83292903478386,35.08827597571349],[128.83318596507598,35.088368630690056],[128.8346778703387,35.08836856845909],[128.83466314931943,35.088780651690726],[128.83519833447917,35.08878149514577],[128.8352086833032,35.0884111134289],[128.8364198807553,35.08688817940184],[128.8364221093732,35.08555127049824],[128.83728454517976,35.083913897023],[128.83715303208092,35.08386595250308],[128.83719448933272,35.083784053065614],[128.83675109188712,35.083598960654285],[128.83720953078353,35.08375433928211],[128.8373780674407,35.08329479413374],[128.83897858749643,35.083361549999445],[128.83891830879458,35.083309493627596],[128.83891924559083,35.081995791746024],[128.8388209458858,35.081714680392494],[128.83871496760264,35.08171490020076],[128.83871403206345,35.08152056305776],[128.84016986118834,35.08158885503977],[128.84002982670063,35.0819860907895],[128.84003330267632,35.08318101207644],[128.84258463112016,35.08318570165121],[128.8426186351064,35.08326954616623],[128.84282710660682,35.083317705397455],[128.84291293727946,35.08318639916893],[128.84585706914766,35.08318981355109],[128.84596568859837,35.08336373644707],[128.84620966388917,35.083349215365125],[128.84631660918396,35.08318958696181],[128.84884409755372,35.08319194435574],[128.84900068556829,35.082602054776146],[128.84910996835598,35.08263645839377],[128.84902299106568,35.083323398631414],[128.8490928328236,35.08332946863942],[128.84935876361862,35.08333139902281],[128.84943475687814,35.08318944113594],[128.85253254570756,35.083190724323046],[128.85258131537728,35.08331551535697],[128.8528110883465,35.083319624974244],[128.8528958649516,35.08318989518826],[128.85488913949163,35.08314504684923],[128.8568707540582,35.08315134919188],[128.85700468126538,35.08332993414654],[128.85723797492804,35.0833279278908],[128.85735572006533,35.08315246153846],[128.85894419284793,35.083158150739386],[128.85906667414397,35.08333196932278],[128.85927280507153,35.08332999131915],[128.85938884928478,35.08315322300392],[128.86151539461255,35.08315274000624],[128.86190662892614,35.083198976158506],[128.8619843226479,35.08333303545447],[128.8622077366696,35.08333110807003],[128.86225658877473,35.08320645865484],[128.86554851656933,35.08320735018663],[128.86560295332364,35.083331979955695],[128.86586083324866,35.08333472578423],[128.86592275190895,35.08320945890405],[128.86823309715749,35.08321839139812],[128.8708006846774,35.08511003796425],[128.87077332970478,35.088395817003494],[128.87067668108355,35.08857896219844],[128.87078783161573,35.08865002808883],[128.87097242021198,35.088540038607626],[128.87180702912966,35.08671413862076],[128.87183014523427,35.086538440811715],[128.8715375701405,35.0854093188712],[128.872400363277,35.08475254296364],[128.87240125501373,35.08285963761957],[128.8721306623626,35.08285935506468],[128.87152845232183,35.08334971639225],[128.87152947005217,35.08405987520797],[128.87071301397572,35.084032807144425],[128.87003013076426,35.08364165815497],[128.86993108092676,35.083329983667625],[128.86890606073723,35.08183834741676],[128.86892642840175,35.08167036300758],[128.86924841086343,35.081361153007855],[128.87029557367035,35.08079333163536],[128.8718725013665,35.08065803562311],[128.87435124379564,35.0802162449547],[128.8749752427732,35.08038796094814],[128.87611443822217,35.08017509063302],[128.87626352745576,35.079965998009556],[128.87631108616347,35.07944747045443],[128.87641614190304,35.079461430959256],[128.8764297268065,35.07986936047479],[128.8765322879957,35.08010583144565],[128.88018676036626,35.07961143541675],[128.88284353050332,35.079621593575666],[128.88377529161738,35.079339774762644],[128.88416231281397,35.07932966254517],[128.8842622843657,35.07943559670097],[128.88431097826708,35.07977003422776],[128.88377562126337,35.080220802624694],[128.88368532130602,35.080447545738465],[128.88343647185866,35.08066117481833],[128.88353990419466,35.0817885556994],[128.88330404001763,35.082328862629645],[128.88423848996845,35.08431063771264],[128.88503493898168,35.08513247140079],[128.8860149631345,35.08704863627241],[128.88583555223389,35.08747142618146],[128.88588285854252,35.08759047006935],[128.8871927983575,35.088486674591145],[128.88758392430697,35.088975949717195],[128.8877068300635,35.089514397477984],[128.88819848160978,35.0946725042523],[128.88815447841537,35.09483627882796],[128.8882551882329,35.095278221912295],[128.88809586077483,35.095413109420846],[128.88746965944623,35.09551177097593],[128.88754237402065,35.09567056859826],[128.88813236648366,35.095520324628716],[128.88829565208522,35.09564290809137],[128.88947417212296,35.108370903683664],[128.8894227141385,35.108479363671506],[128.8892425290862,35.108544457991776],[128.8888009314359,35.10852249293757],[128.88870694990248,35.10857397488884],[128.88870520260895,35.10886456384224],[128.88880397167247,35.1089172581367],[128.88919805688516,35.10887214490804],[128.88947331712933,35.10898018148034],[128.88954573211086,35.10910328408826],[128.88950752266592,35.109269325863984],[128.89132875284756,35.11093329037226],[128.8923713704862,35.112493043290264],[128.89386261444886,35.115551467409546],[128.89526208488724,35.1160456955535],[128.89519549907948,35.11625968541018],[128.89517341346607,35.11609898867107],[128.89397095932736,35.115740343864196],[128.89384177175074,35.115805120004396],[128.89384883467446,35.11639863975908],[128.89405034311605,35.116396743149956],[128.8940535165263,35.117292387972064],[128.89388647098843,35.1172964236512],[128.89388683374747,35.117448349598284],[128.8945187808673,35.117858553259005],[128.89519360591822,35.11688133717456],[128.89526825468926,35.116881988037804],[128.89526400837184,35.11700279387522],[128.89454384477483,35.11797107478834],[128.89457625719086,35.11811904430313],[128.89408432700026,35.11904975220983],[128.89393290979172,35.119536862251735],[128.89406956091594,35.120914745471154],[128.89438985519334,35.12150906016387],[128.89440376080788,35.12170920198989],[128.8945141314358,35.12179693779974],[128.89563244478887,35.12120937651263],[128.89525529320954,35.120750047172976],[128.89517348345714,35.120355362377765],[128.8952012159902,35.12001398159735],[128.89543554910043,35.11954217007104],[128.89588896404607,35.11954897536251],[128.89623266568398,35.11970884949334],[128.89682925720226,35.119540813790906],[128.89765227161553,35.12034996349998],[128.89851167806177,35.12010615428146],[128.8985759347907,35.119071884167546],[128.89879507401827,35.11912768361915],[128.89951237275358,35.11978885443353],[128.90233422984622,35.118999335263275],[128.90227355035054,35.11884871969493],[128.9028722024027,35.118691768473376],[128.90269150687544,35.1182448000992],[128.90185025559862,35.11848458589788],[128.90194238572943,35.1187010133447],[128.90188601450117,35.11871884787723],[128.90178014039466,35.118440940017784],[128.90272601149255,35.11818296246682],[128.9030083011683,35.11882259886872],[128.90563779333675,35.11805437729551],[128.90466137642898,35.11569825256574],[128.90391058727243,35.11484903564514],[128.90218153591482,35.113667576424106],[128.90179532353724,35.11325888947895],[128.9009608516354,35.111996366545846],[128.90061359225868,35.11121200963589],[128.90047875146303,35.110120132449886],[128.90052201131735,35.109566154401655],[128.9010400712417,35.10769525940889],[128.90057780532595,35.10438793021907],[128.89921836661986,35.09810695747086],[128.89866784235357,35.09639165566619],[128.89843942579662,35.095283706239215],[128.89830183697666,35.095151158425],[128.89817778271996,35.095160226140095],[128.898862292167,35.09497120746524],[128.8988669548211,35.09459630299521],[128.89807706561018,35.09466160240724],[128.8981370827908,35.09492929189156],[128.89798488705506,35.09457362683935],[128.89785597580715,35.09378620589091],[128.8979311267212,35.093775479013175],[128.89804047735697,35.094213953379004],[128.89889781634673,35.0941416294],[128.89887628526165,35.09338259288484],[128.89844793728395,35.09343258609183],[128.89927853840297,35.09317620904742],[128.89921581553767,35.09296101584837],[128.89855314104915,35.09309005092916],[128.8993198202487,35.09288584860365],[128.8993740655953,35.0925785716313],[128.89894091393785,35.09244353994374],[128.8978049295817,35.09285760096641],[128.8978803713295,35.093401442500436],[128.89778722170493,35.09340835105369],[128.89770123898032,35.09285342361658],[128.89531497307757,35.086402733948155],[128.89530305873114,35.078992316977846],[128.89768147571522,35.07897743445365],[128.8977033102087,35.079024836270975],[128.89774747322738,35.07897685761399],[128.89999998152385,35.07891913025147],[128.90357248493765,35.07892598907918],[128.90362029097238,35.07902487122376],[128.90364581768412,35.07893123256329],[128.90979587154123,35.07892868517667],[128.90986024902463,35.079033681761096],[128.9098871665904,35.07892777963919],[128.91117282400015,35.078930812122636],[128.9123874847408,35.079674822100486],[128.9123898515205,35.08063070891325],[128.91227427156142,35.08069084112929],[128.91226524583456,35.086383423314274],[128.9131270996273,35.0875631203938],[128.91591774360552,35.08926734011916],[128.9168794122883,35.0897178276367],[128.91810472376682,35.09002986652232],[128.92173378747725,35.09132223144763],[128.9218089447725,35.09129342998302],[128.92178599287573,35.091210656712235],[128.92157772909277,35.09113469004714],[128.9217115113424,35.0909722712415],[128.92153542516846,35.09078940158216],[128.92135455970637,35.090877417433305],[128.9214212819541,35.091076593618396],[128.9211396795739,35.09099227222354],[128.92124352683987,35.09066382326964],[128.92166071568843,35.090738734658906],[128.9222052817444,35.09110220477191],[128.92315798456565,35.09126766683106],[128.92342037406834,35.09160956467381],[128.9237962018164,35.09191115560446],[128.92400427664074,35.09196637218711],[128.92399629660474,35.09204267934568],[128.92417546402552,35.091969704367294],[128.92440126975933,35.09207323256271],[128.92436639285972,35.09219506645252],[128.9252293372544,35.092866141323576],[128.92522022618297,35.09296034937198],[128.92562311707533,35.09337123430942],[128.92611760206236,35.094100603146515],[128.92668518096522,35.09544064224422],[128.92734095978784,35.09531814832095],[128.92771255348157,35.09563128576065],[128.92776402980218,35.095801056810615],[128.92766426197497,35.095837602015976],[128.92740325954858,35.09586414507436],[128.92723383807223,35.09565261211413],[128.9267731626843,35.09574682606672],[128.92714878735407,35.09683805784772],[128.9277941737695,35.09673817948738],[128.92819941648392,35.09684951824717],[128.9281723996815,35.09691091954083],[128.92777516178649,35.09679712323192],[128.92714578442735,35.09693220487091],[128.9273348988939,35.09750036014926],[128.92775715188893,35.097367736090106],[128.92762807431774,35.09742749913514],[128.92772113004088,35.097646082709325],[128.92781618640726,35.09768046677269],[128.92792725377348,35.09803985896963],[128.92813823678483,35.09819785894746],[128.92828809761744,35.09811134605337],[128.92834168390783,35.0982265673982],[128.9281437862347,35.098211661598256],[128.92820056174904,35.098347334158866],[128.92834799866623,35.09826436611975],[128.9284039109754,35.09833009819937],[128.9284250378852,35.09837610576852],[128.9283031748439,35.09841738848995],[128.92826782269105,35.098342787289184],[128.92821442585065,35.09839761271806],[128.92841654662024,35.098534328943636],[128.92863968130362,35.09919334346099],[128.92919801490496,35.09910083538645],[128.92865468985306,35.099292398569844],[128.92864368280172,35.09937098935153],[128.92878576798697,35.09970663386824],[128.9290489254627,35.09961740237596],[128.92916699614193,35.09965505924179],[128.92921052240126,35.09997228349949],[128.9289573701886,35.100102038534075],[128.92908094538583,35.10059895058825],[128.92931908791948,35.10077577522931],[128.92948918914914,35.10103937432974],[128.9296112633378,35.10188255939342],[128.92954522277114,35.102003714384125],[128.92939313268877,35.102062655247835],[128.92886456999514,35.101965804128604],[128.92873952196842,35.10219402171358],[128.92969531367694,35.10207902753679],[128.93001950684504,35.10218217312337],[128.93002751279553,35.10240811175703],[128.9307939714706,35.10468383241403],[128.9307959719756,35.10485082631264],[128.93072231718017,35.10489417072445],[128.92965121763768,35.10520582704088],[128.92972640029237,35.10544853885548],[128.9289231804185,35.10561568345577],[128.92857611851215,35.10599358769001],[128.928528025235,35.10632032282481],[128.92860760587521,35.106648620550345],[128.92901316474405,35.106902369442665],[128.92954734954756,35.10681173982662],[128.92937512109899,35.106246922738926],[128.93050679942522,35.106496997504145],[128.93045276702543,35.10678186215027],[128.9306068595715,35.106803145148426],[128.93109665274352,35.106270251875195],[128.9308362473665,35.105720166561696],[128.93108404964934,35.10564451364698],[128.9309247996042,35.10530145982313],[128.93104112033475,35.105262782436824],[128.931254247121,35.105688856098276],[128.9313443008555,35.105670438092915],[128.9314163446512,35.10578033302339],[128.93178856786108,35.106539768912576],[128.93220806870102,35.10640961489583],[128.93251812201223,35.106682778117474],[128.93254713328244,35.10675052739652],[128.93243990521174,35.10680127532199],[128.93215369920392,35.1065688931732],[128.93163017784934,35.106737793480264],[128.93212326863298,35.10802792382757],[128.93270711765243,35.10791005020736],[128.93277465884907,35.10797881002362],[128.93275814944298,35.10803529134863],[128.9321577892896,35.108158074949046],[128.93251650356015,35.10903474550796],[128.9327581478594,35.11016801997111],[128.9330643317606,35.110314129602294],[128.93353561446423,35.11021835992707],[128.93361516178456,35.11013978047735],[128.9339695299331,35.11010473733015],[128.93438140905877,35.109920206415346],[128.93484289847348,35.109910180024116],[128.934851902598,35.10983528311501],[128.93490893829258,35.109922457439865],[128.9350575266516,35.10988930795376],[128.93504551983605,35.10978862609806],[128.93514607869395,35.109971570193814],[128.93527240442188,35.10994130058189],[128.9348684051659,35.11190255684121],[128.93816573968718,35.114119149478526],[128.9382695346232,35.11476898494129],[128.93864655027923,35.1154819769315],[128.94030031861863,35.11714392450972],[128.94150766131173,35.118592178630216],[128.94203844137525,35.119089132709746],[128.94269794284983,35.11947531790881],[128.94472440317506,35.12120785951401],[128.9457820603993,35.12187915270812],[128.94778325517467,35.122697253707635],[128.9484382336265,35.12410674763372],[128.94961870165966,35.12630349421789],[128.95068391488948,35.12785116697953],[128.95126296189153,35.12901469250143],[128.95307794943255,35.13127502186955],[128.95674539188468,35.13510641203249],[128.95941102886093,35.13662849761534],[128.95964041263574,35.136645100456114],[128.96005481099837,35.14006960086237],[128.96003792035552,35.14563012240428],[128.96024401517604,35.149313010072255],[128.9605643656896,35.15277441722838],[128.9606399527179,35.15295064929577],[128.96063704564887,35.15422361280356],[128.96288534646982,35.164384394055105],[128.963291047515,35.183641542867846],[128.96361802955346,35.18450990023603],[128.9663203362608,35.187899535086686],[128.97026135571684,35.19051782306926],[128.9770696029834,35.19332832837745],[128.98188179134578,35.19666218512378],[128.98607160666492,35.20003591951437],[128.99120007616958,35.20442438822897],[128.99317362717449,35.206747719499546],[128.9938762370097,35.208107773912715],[128.99456493763478,35.21004484587352],[128.99541220562855,35.21291500892673],[128.9959928835705,35.21710816454125],[128.9967894314497,35.22170425961117],[128.99683197389294,35.22241971419346],[128.99730484566336,35.22464417838036],[128.99761031630734,35.22825055205125],[128.99822439650237,35.23291415240232]]]]}}
