{"type":"Feature","bbox":[125.95874459312772,37.57997898880935,126.54358746562845,37.83163470717574],"properties":{"regionCode":"28710","version":"vworld-20260909-3f8952dfda77-p3","name":"인천광역시 강화군","attribution":"국토교통부/K-Geo플랫폼 · VWorld 법정구역정보, CC BY 2.0 KR; 두꺼비집 가공"},"geometry":{"type":"MultiPolygon","coordinates":[[[[126.3430875260039,37.64593122301806],[126.34324487312965,37.6469497362992],[126.34325616211015,37.64807149529192],[126.34312257546833,37.64889233664278],[126.34295081115889,37.64930111693981],[126.34321216357205,37.64945422498424],[126.34318204077844,37.64987064270674],[126.34280472703625,37.65055600537071],[126.34271649789663,37.65061529149316],[126.34251827445651,37.65053468387712],[126.34235331838418,37.65064287724699],[126.34242043867394,37.650806506189255],[126.34799162938447,37.65108716542082],[126.35244052706781,37.6550599333444],[126.3534618558123,37.654360195840255],[126.35651851764842,37.65564939187957],[126.35950134016375,37.65833895548589],[126.35903149238008,37.65861464076286],[126.35906470518543,37.658659779450865],[126.35933146581185,37.65865182590188],[126.35985166742189,37.65894063001232],[126.361427135075,37.66065794960724],[126.36522784359487,37.6626136651326],[126.36694065548124,37.66301207011165],[126.36752305487431,37.66320930451509],[126.3683127649714,37.663633744564095],[126.36942094035209,37.66336376925699],[126.36987376801646,37.6634198923006],[126.37058441193979,37.66366581900995],[126.37113422909933,37.664036151948714],[126.37190639765583,37.66522328994371],[126.37245328274064,37.665665146034776],[126.37230012808685,37.665400771088386],[126.37254979721438,37.66527070687721],[126.37317680198919,37.665821859135555],[126.37337954347728,37.66608926246563],[126.37337608280271,37.66645419518729],[126.37396395115613,37.666943995611504],[126.37423394282494,37.66743894107785],[126.3741956223316,37.667787795655315],[126.37449363565193,37.66772646651257],[126.37470470095943,37.66779897985202],[126.37483163398416,37.668042688324924],[126.37482864945981,37.668341033730535],[126.37496346547391,37.66839685283084],[126.37534902942998,37.66891651005759],[126.37545449974485,37.669347701174765],[126.37542941850084,37.66975495493744],[126.37525143423267,37.670103041373935],[126.37509984735586,37.67017715115786],[126.37515188423119,37.67049269978408],[126.3754983397078,37.670636485156564],[126.37566735155737,37.67080490624403],[126.37578955127836,37.67122450030072],[126.37611392384028,37.6713787616628],[126.37640038355754,37.67209228099491],[126.37658813965164,37.67223740232838],[126.3765392784079,37.67283035225523],[126.376331809285,37.67304470792743],[126.3763452863335,37.673352763116405],[126.37650753619526,37.67375804511228],[126.37627215116868,37.674052753290745],[126.37620060188736,37.67428674901299],[126.37672800371983,37.674575742204674],[126.37724855774806,37.676334700039796],[126.37724637020993,37.67716672271577],[126.37757654377461,37.67772531600012],[126.37853678337565,37.6805044846322],[126.37885841696175,37.68090642444507],[126.37897788340575,37.68150114626178],[126.3788334543262,37.6816171029533],[126.37900431568029,37.681949250716244],[126.37884297311393,37.6823296296225],[126.37829327654406,37.68244731931029],[126.37842655779343,37.682870139766884],[126.37791041097968,37.6828661958983],[126.37733289284235,37.68250588425708],[126.3771666242586,37.68227983698683],[126.37739317588327,37.68180813268899],[126.37741460917347,37.68135661446183],[126.37768920332795,37.68094125743184],[126.37823063954349,37.68059969308969],[126.37800134375192,37.68066344910355],[126.37740117183779,37.68115549476398],[126.37712088195096,37.682239294820235],[126.37709816033535,37.68242228532285],[126.37756616549159,37.68287345677512],[126.3779182335831,37.683095007926916],[126.37731738976893,37.683643089125674],[126.3776616809813,37.68399753606484],[126.37751468173798,37.684411459632436],[126.37671133300532,37.68552924855798],[126.37660773583977,37.68592802173346],[126.37645192695601,37.6861381547528],[126.37540739801452,37.68722698758782],[126.37486675747172,37.687631077756365],[126.37363106295476,37.68806602755004],[126.37247148613811,37.688715455659825],[126.37201861307167,37.68885957094741],[126.37198808046712,37.68903679680754],[126.37052714717908,37.68943744634489],[126.36978515942853,37.689524335557536],[126.36919262529126,37.68978695997629],[126.36843330705736,37.689978077967446],[126.36730336399557,37.69113954543081],[126.36688166912269,37.691432493039734],[126.36677160920684,37.6918521056984],[126.36678708234318,37.692754252489785],[126.36692400762708,37.69281174944013],[126.36692255874506,37.69299110391078],[126.36723339943302,37.693454298882195],[126.3671140065886,37.693514633317086],[126.36769070623896,37.69394585006816],[126.36761400181982,37.69403007329483],[126.36726185980541,37.6940464332032],[126.36716045515513,37.693782575177934],[126.366810930813,37.69431129374378],[126.36633103454001,37.69459423996179],[126.36579111477741,37.69466547946362],[126.36541533761395,37.694587998139504],[126.3648088179869,37.69480883736944],[126.36475263083375,37.6947035456287],[126.36435885100764,37.69480468583768],[126.36402975900916,37.6948047906727],[126.36402979454168,37.69499269352602],[126.36374104603246,37.69527699607274],[126.3631217756466,37.695715581324166],[126.36290243343022,37.69569332926217],[126.36273649630233,37.695657717055035],[126.3620812910201,37.695073771503345],[126.36162695171241,37.695082190063815],[126.360697140128,37.69457975145237],[126.36029494692585,37.69352181760526],[126.36033836373555,37.693258011440875],[126.36022559186762,37.69284118408967],[126.35982835843433,37.69297526567603],[126.35989595290685,37.6933307983635],[126.3597380646719,37.69368545602002],[126.35951521179977,37.69371747943734],[126.35905376824482,37.69363033969815],[126.35795138283143,37.69398196260843],[126.35684062483088,37.69478476310267],[126.35732214096346,37.6948903102384],[126.357479336563,37.69508269363478],[126.35751799901325,37.695574366298345],[126.35630801501291,37.695771079431296],[126.35582971305614,37.69560954242706],[126.35550966271033,37.695734058393],[126.35486527953427,37.695725201923686],[126.35438959704449,37.695895368426875],[126.35372655304856,37.69596034433151],[126.35114645357308,37.695779358078006],[126.3506787584962,37.695944022199036],[126.35027628140334,37.69591926699215],[126.34936842209645,37.69578937775326],[126.34931662691804,37.695687256709675],[126.34883979444253,37.695945840627274],[126.34858117815708,37.69618627022535],[126.34822467536154,37.69634136816468],[126.3475601452844,37.69648932421944],[126.34622198508058,37.69705313604655],[126.34485804213958,37.69721207164101],[126.34392719410171,37.69758660012469],[126.34325445207422,37.69716203878343],[126.34325352560393,37.69730659138132],[126.34045561565554,37.69851872224956],[126.34017394860209,37.698518818432156],[126.33932406688817,37.698861321528646],[126.33923881039102,37.69876697241656],[126.33914770184256,37.698820670718696],[126.33919876941792,37.69890763850847],[126.33870746715628,37.699263276665604],[126.3385779518035,37.69917568785046],[126.33838798910685,37.6992905365463],[126.33791984294436,37.69981440148265],[126.33732773500743,37.70005709101296],[126.33703011740768,37.7003165463899],[126.3364772027385,37.700507025764544],[126.33632586571302,37.70071958961826],[126.33606815495938,37.70080665422582],[126.33578992996276,37.701259028625884],[126.33562485167566,37.70128216114558],[126.33541865169103,37.7010334689557],[126.33567180029533,37.70091909904782],[126.33541910217747,37.70082850488285],[126.33505091432899,37.70084447047208],[126.33508401508143,37.70104689392288],[126.33489969223064,37.701476705549965],[126.33465278893615,37.701663212203826],[126.33457386003214,37.701650152258296],[126.33423489529477,37.7020170755398],[126.33425205315051,37.702186461303555],[126.33410016296006,37.70238119854751],[126.33286205402706,37.70318154514473],[126.33265115966981,37.70320834157506],[126.33270447516317,37.702985288911485],[126.3325031348978,37.703097279316005],[126.33234003878405,37.70343919279507],[126.33169338390876,37.703925269560685],[126.33148861467464,37.703673227135],[126.33112828532309,37.70373408347557],[126.33123467699292,37.704108889472785],[126.33116607684507,37.70442949094925],[126.33087480305372,37.704719346125344],[126.33076188041643,37.70522284008829],[126.33021742847745,37.705374489312945],[126.33011333373662,37.705989958310774],[126.32989119518246,37.70599012570902],[126.32989213090863,37.70619929588188],[126.32975490865556,37.70619152279968],[126.32948752757625,37.70646127542657],[126.32862799402834,37.70685742257081],[126.3284709558141,37.70680743370514],[126.32819633582635,37.707178309838575],[126.32841146544848,37.70740685719439],[126.32827094507888,37.707779751014485],[126.32802402824821,37.70765772161566],[126.32792685401522,37.70776679448726],[126.32756837896989,37.707710562555135],[126.3274489991757,37.70780473238121],[126.3268608830307,37.7077638801344],[126.32680122482117,37.70737708511747],[126.3266364352258,37.70732650835927],[126.32670756302868,37.70739999177179],[126.32637667812479,37.707637903738785],[126.32542716937625,37.70808465031521],[126.32514871582563,37.70852953748366],[126.32489306700535,37.70855623422583],[126.3240035947086,37.70891967883481],[126.32405507074682,37.70899919489534],[126.32383477531117,37.70920696770045],[126.32361861023765,37.709267394881664],[126.32352350223057,37.70917607717856],[126.32337822365824,37.70919690048925],[126.3233218418665,37.70907966931738],[126.32314892542675,37.70920885268851],[126.32294670289257,37.709206482042845],[126.3223495327594,37.709704467376746],[126.3220638665182,37.710008793235836],[126.32204348844456,37.71025963583832],[126.32160592009673,37.71056801324312],[126.32098367376193,37.71125870425582],[126.32032332536161,37.71166282322764],[126.32019024609833,37.7117094531458],[126.31999147519308,37.71163655282728],[126.31982205685301,37.71191120995304],[126.31927625220207,37.71242037798193],[126.3194484985973,37.712672595628355],[126.31931567255103,37.71284967453495],[126.31935841741634,37.7129373679595],[126.31910871815234,37.71316302510573],[126.3190127563009,37.71339119392816],[126.31868821965682,37.71364846376032],[126.31858711437637,37.71364228353699],[126.31818437907724,37.714388548627014],[126.31783428664353,37.715366274404026],[126.31784560492797,37.7156823211024],[126.3176541752225,37.716544707641276],[126.31721389054958,37.71719664697567],[126.31717364946184,37.71744085900978],[126.31743565590637,37.71813003755925],[126.31749723676549,37.71873129142159],[126.31710849175487,37.719489868382276],[126.31703733745077,37.719844384121096],[126.31707401895271,37.72011540399862],[126.31723355338342,37.72024270643024],[126.31715317445465,37.72037681463999],[126.31751194755763,37.72155602156549],[126.31747048814441,37.722812053706036],[126.31726263414293,37.723400563140736],[126.31762311038761,37.7239422056525],[126.3176983285849,37.72421059255481],[126.31804268994094,37.72470825480591],[126.31811562358139,37.724691010039386],[126.31824223028907,37.725934475352105],[126.31858941113906,37.725975605996254],[126.31898867914651,37.72645186150559],[126.3189500749842,37.72681685551675],[126.31866259505398,37.72699368596168],[126.31857040996884,37.72691832834581],[126.31826794085288,37.72717824694861],[126.31834459478578,37.72736629543348],[126.31820483727795,37.72845010903916],[126.31835373526249,37.728733445653745],[126.3184655382696,37.73000275330258],[126.31883140457226,37.73045221992459],[126.3191247020543,37.7303981763665],[126.31924848349107,37.73051558314875],[126.31946867284503,37.73105876825801],[126.31936553789292,37.731100533715825],[126.31935892941287,37.73153283280726],[126.31899549958204,37.73155481183434],[126.31904331751636,37.73168538336815],[126.31935535290533,37.7316605036062],[126.31949001808805,37.73192858418166],[126.31966568394719,37.73195881845121],[126.31967772689883,37.73211272486597],[126.31958895954976,37.73219947686843],[126.31972296589709,37.73227108440226],[126.3198857704246,37.732552301453865],[126.320289835975,37.73400655725668],[126.32011647731267,37.73430833687138],[126.32016390765963,37.7344172288422],[126.32058272271509,37.73434936576938],[126.32067709609953,37.73479150106035],[126.32058460971915,37.735048754408616],[126.32077723574947,37.73560885888356],[126.32129686953297,37.73588752144572],[126.32121351470556,37.73693341696016],[126.32080389081474,37.73704043601402],[126.32076422827528,37.737198025936245],[126.32098908662167,37.73732982616861],[126.32137510818369,37.73784355700114],[126.3217254044544,37.738130907595306],[126.32176600204025,37.7382989879673],[126.32148682043818,37.73851446914969],[126.32178415949028,37.73836285229659],[126.3219231736361,37.73842672003471],[126.32267599051177,37.73919623100041],[126.32300214296784,37.73973855912985],[126.32309757448175,37.74014532690112],[126.32366042036651,37.74090509803449],[126.32366781837244,37.74113885466588],[126.32352096340558,37.741228627573115],[126.32370446714101,37.741351220367484],[126.32388752676826,37.741291143407324],[126.3244063753526,37.74156940880429],[126.32473270661603,37.74207711010448],[126.3263547097141,37.743378898905924],[126.32703795898122,37.74366331990516],[126.3275768326961,37.74401850052999],[126.32826639843846,37.74468515828216],[126.3286770762749,37.74456053288102],[126.32907143778213,37.74480696676072],[126.32900395188041,37.74519579016351],[126.3287392218968,37.74568051925063],[126.32889105629492,37.74591214517677],[126.32929832405985,37.74599199468866],[126.32963733494363,37.746336691974086],[126.3297288284507,37.74679245187507],[126.32960609891664,37.747064657684476],[126.32963599058608,37.747386537538794],[126.3295257694367,37.74747730087948],[126.32956651923564,37.74804018211568],[126.32944442111126,37.748267308311235],[126.32832675834887,37.74810856199388],[126.3284593326385,37.74858170245599],[126.32833328147889,37.74907937639531],[126.32837025089003,37.74964903844453],[126.32816508265898,37.749825613886586],[126.3276093612665,37.74932260283766],[126.32680097178354,37.749690906019346],[126.32668433254571,37.74989045533072],[126.32648469065488,37.74993029563546],[126.32556077419025,37.75053869684461],[126.32509843185241,37.75059966039233],[126.32449975265372,37.75107099324383],[126.3241104959159,37.75149229055821],[126.32359882476862,37.75173452267861],[126.32306537498454,37.751712092065105],[126.32228718276346,37.752001497875874],[126.32172240168667,37.75202135980749],[126.32056094129453,37.7523868080731],[126.31797272867352,37.75242430630733],[126.31733370288624,37.752286105911885],[126.31474423178018,37.75096954272379],[126.31383404050689,37.7502253899306],[126.31333603965739,37.75009031502791],[126.31236361463108,37.749263008335284],[126.3117484919745,37.749074293291514],[126.31068062275298,37.7485724029969],[126.31068460657976,37.748366002224486],[126.31007618019204,37.74813318939841],[126.30996720153873,37.747998822806196],[126.30999362517657,37.74779046355936],[126.30979088304258,37.74769744076733],[126.30970506436749,37.74796996805497],[126.30924431657597,37.74796241609475],[126.30886504282924,37.74812084391772],[126.30868896235056,37.74809500614787],[126.30737068262121,37.747511718221006],[126.30619142687652,37.746709990906055],[126.30579186680133,37.74663560275708],[126.30521930867434,37.74635474004683],[126.3037745053015,37.746073083883026],[126.30308884511936,37.74578324394443],[126.30249438084152,37.74585129070177],[126.30206293570575,37.74578539518539],[126.30184530731806,37.74566748511577],[126.30139775385426,37.74576644497843],[126.30122560086677,37.74596163876066],[126.30028822045809,37.74557430030849],[126.29932404337633,37.74540757987723],[126.29827885857205,37.745525237275906],[126.29808867387264,37.74548019023866],[126.29785634322009,37.74555693330454],[126.2977530650123,37.745553010207225],[126.2976709504604,37.74535572718226],[126.29661741210724,37.74548195106705],[126.29560270362428,37.745146205366744],[126.29405600419005,37.7447886271402],[126.29251898529724,37.744690450715346],[126.29178067964212,37.74406687003645],[126.29070416591281,37.743533187128534],[126.29071183007912,37.74337955054449],[126.29008893029852,37.742947402871856],[126.28908696989082,37.74263421986868],[126.28897557799172,37.742178786135895],[126.28981062255251,37.74072240103675],[126.28953591278088,37.74083823430959],[126.28956121302322,37.74051838046686],[126.28984211587849,37.740191601733166],[126.28993913869844,37.74017623178539],[126.29011274477934,37.74031333133513],[126.29004009230842,37.74050996498725],[126.29028621837634,37.74035173126051],[126.29014012153887,37.74011527952482],[126.289671874026,37.73985836881357],[126.2894647640247,37.73938053642155],[126.28922967811211,37.73536839967317],[126.28891092229594,37.73477326453064],[126.28867040169949,37.73222806392168],[126.2887062280726,37.73052607080895],[126.28892467397667,37.730535346772946],[126.28863252121074,37.73019670798927],[126.28862770026382,37.729992038177386],[126.28889311049986,37.7297179444219],[126.28806258794792,37.728352114806185],[126.28781248022659,37.728328419291486],[126.28785808584489,37.72868959660216],[126.2874172364019,37.728724072864445],[126.28736558840221,37.72822696028383],[126.28724903625886,37.72821750646195],[126.2872633633252,37.728145436226626],[126.28809507995072,37.728216808853176],[126.28811890566818,37.72748904338763],[126.28828470941488,37.72665389633445],[126.28866898711762,37.72604334301444],[126.28894701272948,37.72589542189322],[126.28930769919664,37.72553953857951],[126.28960698358603,37.72490993600884],[126.28933867903207,37.72382513479091],[126.28921137003763,37.723722099111555],[126.288724596861,37.72360796241242],[126.28885146285724,37.723344058208326],[126.28927052276428,37.722965039478744],[126.28892377788225,37.722405681933694],[126.28865110872165,37.7214208121743],[126.28830374921046,37.7207634528743],[126.28834681859298,37.720456715648645],[126.28812307217356,37.71994830931116],[126.28822808360859,37.719571393774885],[126.28801618194609,37.71935259586759],[126.28799813750378,37.719064048319545],[126.28824149620696,37.71894373959013],[126.28806446945032,37.71860232664909],[126.28806155128152,37.718008936475066],[126.28766587310031,37.717939249705516],[126.28759112519546,37.71625095321247],[126.28801357477128,37.716034120653305],[126.2880204488134,37.71597129388419],[126.2879036983168,37.715550538616725],[126.28752344214298,37.71538793992959],[126.28773825814007,37.71503552847132],[126.28780059513177,37.7147181238008],[126.28780805274938,37.714460885224135],[126.2875821513238,37.71398188926983],[126.28729355086445,37.713761310128454],[126.28663881255731,37.71360989273487],[126.28651383448512,37.71330068617078],[126.2867042292011,37.7127230898816],[126.28203752406887,37.70899154729695],[126.28152382934205,37.709229622591245],[126.28052819386079,37.70914503892994],[126.28018858848881,37.70934706255004],[126.27982153562058,37.7094451640686],[126.27914831380902,37.70938559720017],[126.27857079375475,37.709589834345515],[126.2782137929999,37.709915860178704],[126.27777659414132,37.709918357937816],[126.27698238419774,37.71012373424058],[126.27633212946782,37.710518486927825],[126.27597380636487,37.71151601941351],[126.27502258893091,37.7120903181974],[126.27364000201729,37.712085421991524],[126.27296799999688,37.711897027677225],[126.27267577993058,37.71198879393593],[126.27214131651249,37.71233423702042],[126.27188925624891,37.712128279445466],[126.27155117937097,37.711620404214905],[126.27072932751702,37.71097501858834],[126.27004878515496,37.71070428059425],[126.2693523309647,37.710653072212786],[126.26962938150486,37.71018949832619],[126.27126738528861,37.709088776807775],[126.27294262654951,37.708590365915704],[126.27378267211502,37.70796362858744],[126.27476138609426,37.70747573831721],[126.27603283618066,37.70645435185976],[126.27670548156856,37.70614745405374],[126.27708793839025,37.705685293514954],[126.2776061137124,37.704517972333704],[126.27842933313319,37.703986112064506],[126.27867112936896,37.70411659239639],[126.28046895192973,37.70365525929092],[126.28064752063527,37.70322733732806],[126.28061837800591,37.70302011187214],[126.28073938255892,37.70299415690821],[126.28098971237637,37.70320145451693],[126.28246137216082,37.70291922420356],[126.28394815684133,37.702027899419164],[126.28457386262367,37.70147868440312],[126.28580561596351,37.70065771679131],[126.28669339658167,37.69986640132729],[126.28670526223944,37.69850425424431],[126.28665567996191,37.698084877107426],[126.2864454455498,37.69772049209498],[126.2865425764031,37.69740595576122],[126.28688922587104,37.69692563451658],[126.28731416429054,37.69669810586113],[126.28746925043097,37.69649839440036],[126.28812214252285,37.69606850235176],[126.28877765839079,37.69530690115667],[126.29008759947705,37.6947372657016],[126.29130899248592,37.694942783295815],[126.29159129430236,37.69479732195908],[126.29252012758364,37.69390666169063],[126.29303380547559,37.69302992528729],[126.29398461035697,37.69272825614096],[126.2947474989471,37.692321114055],[126.29572359689729,37.69201078016505],[126.2963585015268,37.691599789210535],[126.29653410802132,37.691819247883714],[126.29735506324307,37.69135016166008],[126.2980384439644,37.691140894907],[126.29867241392992,37.69080047555697],[126.3007589308949,37.69011874486041],[126.3016595546854,37.6895964955055],[126.30178052766684,37.689416365227345],[126.30259097523613,37.689292281264564],[126.30290463092949,37.68900374483768],[126.30373506068098,37.689007778195055],[126.30517423772268,37.68854472606659],[126.30620782702064,37.687968160443326],[126.30664200341353,37.68800120803346],[126.3078103463736,37.68746018065077],[126.30864290674428,37.68755635096918],[126.30848356844447,37.68747179722416],[126.30854377041865,37.68742649075588],[126.30838731269301,37.68718598952527],[126.30796280007458,37.68714683424974],[126.30760962601823,37.686937870784035],[126.30781169899295,37.6867063526324],[126.30814713529462,37.68654817184079],[126.30819046301258,37.68660438475206],[126.30848354721478,37.6864604141218],[126.30903240755973,37.687170543774585],[126.31037036396903,37.68679593835655],[126.31043895728895,37.686949412173476],[126.3115181118467,37.685580173254586],[126.31183321896059,37.68532531675602],[126.31338078384374,37.684530337153205],[126.31405840981256,37.685161415778346],[126.31465592100476,37.68505832363341],[126.31506401680537,37.6847239501428],[126.31567657543312,37.68457682037651],[126.31582609639914,37.68427978063158],[126.31645143158126,37.6836353042727],[126.31690428893556,37.68343684096852],[126.31727521576951,37.68341357782236],[126.31764307405018,37.68293430487144],[126.31824015814458,37.68240813064648],[126.32012021165761,37.68103892601983],[126.32071515828024,37.68070588249586],[126.32113420330218,37.680606888846874],[126.32015443847364,37.67936411423562],[126.32115978092641,37.67797740214426],[126.32428762791871,37.67314747913535],[126.3287185548813,37.670165147826765],[126.32844842668227,37.66900747217479],[126.32796357293692,37.66518676465527],[126.32755092460894,37.66362244487618],[126.32766256432805,37.66290473128942],[126.32796818152292,37.662101659949585],[126.3271802768093,37.661048912402165],[126.32706301778194,37.661022105222294],[126.32640838838203,37.66132107327845],[126.32593347954315,37.66038511513988],[126.32541461930131,37.65968577409019],[126.32488877671766,37.65966814541663],[126.32463245285284,37.65951180897667],[126.3255452041966,37.65849741071332],[126.32521428415349,37.658471935845405],[126.32570880752935,37.656170073606575],[126.32648234650487,37.656040385991396],[126.32734003667991,37.655355372823784],[126.3273591787507,37.65469213318822],[126.32723298726616,37.65503644332097],[126.32694796666615,37.65543796536122],[126.3266213043835,37.655535680270326],[126.32710312615454,37.654594816825956],[126.32543282522873,37.65396232360163],[126.32545824955226,37.65392158412144],[126.3271346295584,37.65455849885476],[126.32723518478191,37.65421447504169],[126.32739267139641,37.654275252791265],[126.32740372031634,37.65416242551789],[126.32687971664055,37.65371528431927],[126.32604624674725,37.653173065763404],[126.32566851258707,37.65363420273466],[126.32591584037459,37.653197969721674],[126.32623622335387,37.65305689398966],[126.32685819246319,37.65294301231638],[126.32708981201446,37.652399580893324],[126.3274237855213,37.65215459095092],[126.32791959071872,37.65211464557353],[126.32842167225252,37.65249290459698],[126.32878209254389,37.65310055857049],[126.33244482748819,37.651886912374984],[126.33342691070136,37.65145788233807],[126.33373813111847,37.65122648482831],[126.3337351563241,37.65102590548496],[126.33417146804105,37.65060141884328],[126.33435836877749,37.65026958935519],[126.33514244014992,37.649859407729515],[126.33556102459033,37.64946043892175],[126.33542375226456,37.64920473746384],[126.33566415516472,37.6488963801973],[126.33648555169992,37.64835536496672],[126.33768545245835,37.64834109453559],[126.33849902126202,37.64772479993321],[126.33871835198366,37.64743962604262],[126.33827450373501,37.64662053719631],[126.33786991562536,37.64621012640273],[126.33756631688637,37.6449894999058],[126.33766419921366,37.64479878572308],[126.34009889220025,37.6440948447749],[126.34096266738607,37.644091467490576],[126.34334655400825,37.64484802026054],[126.34295878743369,37.6446245435116],[126.34227660151316,37.64445477653724],[126.34190758045679,37.64413278266948],[126.34169033851295,37.64404723793163],[126.34193531259997,37.64370020608324],[126.34222216343657,37.64384524243465],[126.34253826230665,37.6434499548426],[126.34459622085849,37.64449332811214],[126.34413668048796,37.64467720663117],[126.34441407792362,37.64516830752888],[126.34320313192782,37.64561955104922],[126.34325828394283,37.64577559898622],[126.34308558710568,37.64581712192157],[126.3430875260039,37.64593122301806]]],[[[126.34483286296056,37.64296158931623],[126.34319226369671,37.64251266898701],[126.34317054082487,37.642468049289015],[126.34485860885532,37.642901989864846],[126.34483286296056,37.64296158931623]]],[[[126.34216238610048,37.64192596892247],[126.34156672928222,37.64240076069508],[126.34150632615828,37.64240351309964],[126.34209634786467,37.64189589514167],[126.34216238610048,37.64192596892247]]],[[[126.52852030198916,37.59026719978313],[126.52746659992582,37.590211478418595],[126.52688334132073,37.59006010608139],[126.52691336037333,37.58959625780828],[126.5270392723918,37.58928963337689],[126.52811362792838,37.58955964169709],[126.52865885967498,37.589820672645885],[126.52877364156618,37.59022624038962],[126.52852030198916,37.59026719978313]]],[[[126.5194991725882,37.59816626294944],[126.51902412360646,37.59821348242774],[126.5184636830592,37.59840172843421],[126.5167021938393,37.597649098767185],[126.51642790555314,37.59773368378855],[126.51507402795602,37.59683807756211],[126.51525754863142,37.596579796187],[126.51411169950765,37.59546900556683],[126.5142134861808,37.59480666271994],[126.51443500854793,37.594201544982546],[126.51383883313946,37.593738370917784],[126.51351655190932,37.59311740743904],[126.51216000086708,37.592956336590646],[126.51157410697229,37.59274167968497],[126.51154231799273,37.59263178364128],[126.51086639775339,37.59273055898355],[126.510926472818,37.592716314105395],[126.51065863163882,37.59245744747307],[126.51012663423803,37.59233470698621],[126.50920505024088,37.59197687854614],[126.50787481819347,37.59173490307274],[126.5078689424438,37.591869594299624],[126.50735784711978,37.59188943955931],[126.50733362392558,37.592156819743415],[126.50680785649092,37.59213569543385],[126.50689365380138,37.59176402027713],[126.50657753288186,37.59174693690617],[126.50643787804385,37.59166477894386],[126.50640674634421,37.5914956774489],[126.50623983517853,37.59135057252155],[126.5055974110478,37.591243678987304],[126.50557117315037,37.59116159611181],[126.50548447964621,37.59116895864529],[126.5052343153274,37.59097184587316],[126.50512237899952,37.59075906734475],[126.50457200902771,37.59065758646791],[126.50436492593424,37.590733486586316],[126.50345995374721,37.59077676934695],[126.50329676819668,37.59071579657604],[126.50315559771055,37.590493014724814],[126.50343176720082,37.590144378021584],[126.50339959480176,37.59000354945063],[126.50351860225396,37.59000889191902],[126.50365111140786,37.58982410521018],[126.50380499440661,37.58937341925747],[126.50453802524986,37.589013726298944],[126.50512327730632,37.58860487873073],[126.50536815144469,37.587985490575974],[126.50557074403487,37.587885491858074],[126.5059417303957,37.586849997647626],[126.50580201924076,37.58674362876133],[126.50563113800177,37.586779162910375],[126.5054928904212,37.58663799749707],[126.50543095457809,37.58633718365965],[126.5055566590371,37.58598416542434],[126.5056567236484,37.58593696557722],[126.50564322568945,37.58582531567544],[126.50574139105935,37.58577874732446],[126.50587197853775,37.585837320281385],[126.50630635067867,37.5864696449855],[126.50646467676762,37.58649643597512],[126.50694060001737,37.58637579881161],[126.50711172439583,37.58643000840172],[126.50737523063583,37.58621932449645],[126.5075217602451,37.586209277737474],[126.50745954241563,37.586090054216804],[126.50763591172786,37.5860182829858],[126.5079057283757,37.58598684683462],[126.50793495557714,37.58613112697732],[126.50862253673732,37.58586206216691],[126.50885649274632,37.58570894615821],[126.50883319266275,37.58556260239868],[126.50939167681479,37.58510742888919],[126.5106850683687,37.583563969146205],[126.510876645263,37.582311098822835],[126.51083824459265,37.58192388294858],[126.51121113920688,37.581646071558104],[126.51332679650342,37.58087693930063],[126.51428584655497,37.58055943271778],[126.51451423602202,37.58064312112825],[126.51538328553303,37.57998226600783],[126.51584310753192,37.58008530586899],[126.51635006612655,37.57997898880935],[126.51700245302617,37.5800226807384],[126.51759661490496,37.580503319180885],[126.51767472224473,37.58078432277687],[126.5178705531641,37.58088777701339],[126.51797457700701,37.58116442292776],[126.51811084083586,37.58125831172525],[126.51851363463601,37.58131266964523],[126.51873320751086,37.581511685623695],[126.51896169297045,37.582147116834946],[126.5188483182306,37.58228988371066],[126.51904667530968,37.582409099126366],[126.51906977182432,37.58252259275974],[126.5189556992408,37.58265662095677],[126.5187872528836,37.58266323179939],[126.51887387195302,37.58289431027026],[126.51837979066332,37.58288232418291],[126.51867512817614,37.58320512557083],[126.51861081440774,37.583251931202504],[126.5188569238584,37.583927191596906],[126.51870533841848,37.583998785181066],[126.51891150757288,37.58398503574653],[126.51895116189483,37.584095911840315],[126.51895125030951,37.584257888519794],[126.51878925773018,37.58431160158504],[126.5188551484064,37.584627324729226],[126.51903413390771,37.58462474649954],[126.519125259043,37.585384028421544],[126.51933360990373,37.58561006788521],[126.5202978226107,37.586034721054034],[126.52101654045597,37.58645026929075],[126.5215005517195,37.586455076583725],[126.52219479798276,37.586659128899825],[126.52221890073241,37.58687938435992],[126.52252546070444,37.586659357539645],[126.52339231172817,37.5864795556329],[126.52362834795186,37.586310864419765],[126.52431149237341,37.586036253668155],[126.52487307247522,37.585885410320714],[126.52497337796329,37.58572175261573],[126.52528843679814,37.5855375653827],[126.5260833505513,37.58632019757485],[126.5259565414864,37.58642531184393],[126.52616861706085,37.58665037818032],[126.52603071254119,37.586879200785745],[126.52612848496433,37.587233420612314],[126.52601399345002,37.58761882669946],[126.52635135773075,37.588287785917984],[126.52594467062933,37.588405498446384],[126.52527288342229,37.589030273920876],[126.5249451457591,37.58944939568619],[126.52415441254581,37.589582754303486],[126.524156493708,37.58963062986054],[126.52287074562506,37.58968501889685],[126.52272830967188,37.5897770850062],[126.52179317808815,37.58951946183478],[126.5203387742689,37.589673645249576],[126.52007448641966,37.589950733688795],[126.51983668317962,37.590538565772526],[126.51953845127491,37.59097511330269],[126.51924506477938,37.59124528186559],[126.51904234163052,37.59117998499924],[126.51858176881595,37.59139539718638],[126.51839147698557,37.59168054152382],[126.51794326202216,37.59195180246108],[126.51770861144786,37.593332132835165],[126.51789068800764,37.59354106416403],[126.51879067285982,37.59432288149934],[126.51913479007739,37.59449418695102],[126.51914125994399,37.59441146043061],[126.519134537314,37.594694804818104],[126.51968251334814,37.59477548190819],[126.51974999091664,37.594849454899474],[126.51983317317656,37.594789641710726],[126.51988764998472,37.5948470708073],[126.51976214159424,37.59487845845942],[126.5199259799733,37.59515049376769],[126.52045805712719,37.59520539400754],[126.52117176067178,37.595462186731666],[126.52149275364853,37.59580432967986],[126.52199747603078,37.59593882092655],[126.5219885004629,37.5960353259029],[126.52171092921978,37.596042559309815],[126.52250165919325,37.59634078994147],[126.52339115857094,37.59704482365853],[126.52341277766439,37.59747442978238],[126.52296682714334,37.597940721225534],[126.52250710530636,37.59819876230887],[126.52186541363201,37.598164645864955],[126.52172523575639,37.59789596170858],[126.52109019402678,37.5980178791487],[126.52028239976673,37.59805618095561],[126.5202693413374,37.5981616821657],[126.5194991725882,37.59816626294944]]],[[[126.52162255514894,37.6105735575586],[126.52137459316567,37.6107993513706],[126.52109657519868,37.610580883203134],[126.52135213623896,37.61036078331429],[126.52162255514894,37.6105735575586]]],[[[126.2698841090458,37.62002553879189],[126.27011279052411,37.62043782143654],[126.26949790115806,37.620792492068716],[126.2689754535441,37.62085539889007],[126.26987738850191,37.61960635163739],[126.2698841090458,37.62002553879189]]],[[[126.21708741360831,37.62077770468564],[126.2165938233024,37.62057083307011],[126.21693446855252,37.62016101838096],[126.21755470814547,37.620192610404416],[126.21766569194986,37.61996350431494],[126.21743002215221,37.61972241916975],[126.21728965150042,37.61929850387272],[126.21633770628108,37.61876735650028],[126.21612804044088,37.619012832874134],[126.21558081314299,37.61911017775743],[126.21517455800704,37.61940524727047],[126.2148070199914,37.619353587407076],[126.21429461961134,37.61879013419099],[126.21419709201108,37.6185221781248],[126.21428020478163,37.61826764436105],[126.2155988227291,37.61847961798528],[126.21659124303889,37.61837812652018],[126.21706011445113,37.618152788330065],[126.21725612242955,37.618829692981485],[126.21743964846394,37.61907324313271],[126.21783440829623,37.61917635829624],[126.21797083846523,37.619445011282025],[126.2181844243407,37.61962867488437],[126.21831181405221,37.62006609817542],[126.21854107229815,37.62016069753701],[126.21849163148916,37.62053974532231],[126.21737686496672,37.62044401272689],[126.21708741360831,37.62077770468564]]],[[[125.95940719052021,37.619556049826535],[125.95937068489009,37.61979789179499],[125.95911519504853,37.620183039956096],[125.95874459312772,37.62005954383409],[125.95889311351354,37.619779275699294],[125.95925675260018,37.61953896399032],[125.95940719052021,37.619556049826535]]],[[[126.260946957294,37.62307137275394],[126.26074069123912,37.623210321330994],[126.2604453514309,37.62339446095274],[126.26056717567683,37.622909455318265],[126.260946957294,37.62307137275394]]],[[[125.96826173038657,37.62132028339397],[125.967201082657,37.62151485594135],[125.96709720591,37.62124913140573],[125.96676100650552,37.6212989066504],[125.96671805326348,37.621182218595344],[125.96685659737327,37.62076167505834],[125.96642510448773,37.62078561292458],[125.96609705840716,37.620631502547816],[125.96573464863337,37.62072559653569],[125.9652041928415,37.620442881452966],[125.96502820802233,37.619717870010284],[125.96410568765955,37.61913179083927],[125.9637845307418,37.618572526761156],[125.9634817759956,37.6184374527028],[125.96295428240069,37.617561680767515],[125.96320612781838,37.61640292470219],[125.96336044245271,37.61621980533272],[125.965833373797,37.61619222759382],[125.96667600046783,37.6160166838392],[125.96619176352536,37.61681286035925],[125.96633160011805,37.61748806472488],[125.96676972236355,37.61751723270871],[125.96695290411039,37.617624060122644],[125.96720940333974,37.61761295677721],[125.96721075223901,37.61798322003283],[125.96847511051726,37.61813390559172],[125.96858103644375,37.61843255856084],[125.9695595828306,37.61830234812282],[125.9700671475551,37.61872703959426],[125.97022075952651,37.619406494969155],[125.96908925667852,37.62069741666641],[125.96826173038657,37.62132028339397]]],[[[126.26962884357313,37.65119866266238],[126.26986093582714,37.651841988699],[126.27038138367426,37.65205715627005],[126.27064079950365,37.65280289957875],[126.2708775913104,37.65300953245451],[126.27092523591304,37.653311989909255],[126.27061311748042,37.65357156805316],[126.27034274154565,37.65398501753563],[126.27004554736095,37.654122768866905],[126.2692502545945,37.653659302459545],[126.26865604257627,37.65346345654361],[126.26861377600977,37.65332612259886],[126.2691315693111,37.652518864943076],[126.2690808839962,37.651375354147326],[126.2694041884905,37.65098476910706],[126.26962884357313,37.65119866266238]]],[[[126.23322086671425,37.65560544326933],[126.23284528564803,37.65569660577712],[126.23251475493105,37.65558390432878],[126.23186416956595,37.65557353500915],[126.23165708476792,37.65533649444518],[126.23148861660917,37.65526674168717],[126.23140369159525,37.65533718250563],[126.23123512583787,37.65528788112674],[126.23119045665484,37.655344710153145],[126.23104659996451,37.6551743012758],[126.23109068588491,37.65503133732872],[126.2315237539442,37.65436835971793],[126.23119488638079,37.653438347156396],[126.22986225029243,37.65240138795527],[126.22801791846436,37.651230231638614],[126.2277844146798,37.65167218606243],[126.22795890179911,37.651857530499974],[126.22792894863197,37.65196823271777],[126.22656859965916,37.652054435666535],[126.2256805679744,37.652324119424506],[126.2254449002288,37.65268809570015],[126.22512867631983,37.652937443974466],[126.22494922732696,37.653267137878856],[126.22448256732376,37.65364061897638],[126.2233566079347,37.654048149292244],[126.22278646771689,37.65373536884652],[126.22292781273518,37.653274959564534],[126.22283884698605,37.65291029666293],[126.22319316486742,37.652431832219534],[126.22314699015723,37.65193658859487],[126.22337893813743,37.65177682967097],[126.22399421786166,37.65161720150071],[126.22560679146697,37.65050601377221],[126.22711889060932,37.648212668419816],[126.23187232228467,37.64188030925216],[126.23217364091464,37.641533586337474],[126.2329157130515,37.64097595625369],[126.2336463980582,37.63979641646824],[126.23354852495446,37.63897819730042],[126.23371090216746,37.63877441246884],[126.23441249699958,37.63914270162357],[126.23463721164032,37.6390896002749],[126.23576009033876,37.63796177845744],[126.23634557547777,37.637969505497566],[126.238709068996,37.636168255518044],[126.23957039916814,37.63561648855187],[126.2431998273462,37.63338304452635],[126.24617783171325,37.631817902321025],[126.24808248408934,37.63109818657621],[126.25220487789426,37.62996157067274],[126.25636074572725,37.6292606618121],[126.25638477976217,37.629450591843444],[126.25810825050502,37.62806447192075],[126.25916573103063,37.62769764558078],[126.26101376413745,37.626892213733896],[126.26152909040353,37.62648991574617],[126.26123701181665,37.62614422322776],[126.26146857790759,37.62568667291247],[126.26149923344063,37.62521220324836],[126.26199002708671,37.62514314017209],[126.26220415869851,37.62500404023586],[126.26228411269426,37.62531133608187],[126.26266502555734,37.62542692745542],[126.2633942152723,37.62549352226319],[126.26261993986,37.62586311526177],[126.26216795104357,37.62623511063771],[126.26181293600754,37.627082562631415],[126.26178122725975,37.62808519504594],[126.2608723062163,37.62867956839826],[126.26026052591071,37.62938178153475],[126.25554575475392,37.63100457122841],[126.25423387944663,37.631525835027965],[126.25350106931704,37.632061776066124],[126.25343747820551,37.63203499248333],[126.2529083878133,37.632479918048574],[126.25249018033276,37.63308929365854],[126.25242178616035,37.633070336029476],[126.25204232523713,37.63419202451372],[126.25211491874022,37.634214784657075],[126.25200784115545,37.63454382799946],[126.25182292503129,37.634901739181295],[126.25133521657605,37.635503983570175],[126.25152790708502,37.635521525238744],[126.2518886267626,37.63519560751088],[126.25215307063822,37.6354561411939],[126.2521213047257,37.63570534266682],[126.25181486358544,37.636380646290284],[126.25145635987973,37.63704909457904],[126.25118455771711,37.637254072998296],[126.2509070094515,37.637796999774736],[126.25083054583054,37.63881728860171],[126.25113315705329,37.639847223819395],[126.25134077062542,37.64203580706381],[126.25152206276451,37.642379674672725],[126.25129051224016,37.64309577848386],[126.25189525202359,37.6431117939709],[126.25248292652022,37.64301406109905],[126.2526641812395,37.643135489239754],[126.25320842952691,37.64455094912401],[126.25328524231132,37.64519902578639],[126.25376716876379,37.64678455701923],[126.2546947808667,37.64806994408603],[126.25453768397145,37.648292008169896],[126.25405316258828,37.64866562900112],[126.25476161959341,37.649418080100425],[126.2558410116243,37.649942723079434],[126.25681070459132,37.65000470773176],[126.25686556695571,37.65100605212533],[126.25619232963497,37.65180767866391],[126.25537463088364,37.65197181715784],[126.25469250594179,37.65237980510475],[126.25345109228674,37.65349520553561],[126.25144104651733,37.653363507139375],[126.25109809985968,37.653379273142335],[126.25080375029827,37.653556510274726],[126.24945628704755,37.6534556969143],[126.24908307150082,37.653368212398874],[126.24761450527751,37.65271531111681],[126.24722179795508,37.65290521769913],[126.24704682585637,37.65275946866889],[126.24688967994963,37.65284322556069],[126.24513113828563,37.65244557051021],[126.24378274421308,37.65246139598614],[126.24327689494513,37.6523189843852],[126.24301754196189,37.65248775067969],[126.24209691964688,37.65251901031022],[126.24199045577866,37.65261159165069],[126.24160326600833,37.652657930277925],[126.24132845161998,37.652671034462315],[126.24128990887631,37.65259356484946],[126.24099453414904,37.6525405137671],[126.24065352414951,37.652624302014615],[126.23978829024979,37.65236811774403],[126.2396675734193,37.65244688386278],[126.23946828867052,37.652365411510075],[126.23911317283505,37.65200221272485],[126.23790980219715,37.65286740908385],[126.23644308297386,37.65366319711017],[126.23669484587762,37.6541247667145],[126.23592777361088,37.65456312381496],[126.23628507609358,37.65511808710215],[126.23613504651456,37.655179243536864],[126.23575339002866,37.65454612627246],[126.23529004785563,37.65474454389361],[126.23498526397408,37.65455907526411],[126.23463503947892,37.6546657603553],[126.2344295105141,37.65483866881516],[126.2342576160381,37.65520090528097],[126.23412716397395,37.65527988167427],[126.2341795583372,37.6553310358851],[126.23409488940673,37.65545391590288],[126.23374553418606,37.655584533355615],[126.23322086671425,37.65560544326933]]],[[[126.21925870526297,37.66443075094095],[126.21972427801889,37.664869132485144],[126.21972376231993,37.664993884265215],[126.21848339642476,37.664965511215684],[126.21924159571363,37.664133413564436],[126.21925870526297,37.66443075094095]]],[[[126.22467034340936,37.665780752565105],[126.22422295802036,37.665705675188875],[126.22381916443457,37.66576073739907],[126.22315904421983,37.665457997375874],[126.22241942752943,37.665578806142925],[126.2222845708078,37.66548857680608],[126.22258243668783,37.66477217037889],[126.22292624231436,37.66459077231722],[126.222845398477,37.66431971881518],[126.22291230284051,37.66430211392459],[126.22274360844779,37.66403372426782],[126.22262765063705,37.66405699574595],[126.22257304064414,37.6632679957783],[126.22280704550553,37.663129613902136],[126.22332837190774,37.66198915127385],[126.22377034696048,37.66134983132954],[126.22391542482772,37.66060630371639],[126.22389210994437,37.660329530509465],[126.22326084058724,37.66004127028269],[126.22369108465595,37.65993985844944],[126.2237001705512,37.6595729874394],[126.22345685552774,37.65904311840011],[126.22304443429452,37.658946797056984],[126.22323257343973,37.6585108784171],[126.22340862036482,37.65839951967326],[126.22407098255357,37.65842496013163],[126.22431531791005,37.65855713635128],[126.22561837026655,37.658855983636045],[126.22575873401011,37.658935713244176],[126.22593641663238,37.65921374428397],[126.22621710742752,37.65908488804678],[126.22640126558747,37.6592470985335],[126.22606312141352,37.659412615910036],[126.2262457469,37.65956641081633],[126.22649614972303,37.65968475617631],[126.22725937805713,37.65978954010049],[126.22773888313388,37.66004365606699],[126.22846118971931,37.65978380904898],[126.22945752386124,37.659683093763945],[126.22984333405269,37.659869502563986],[126.23030099374627,37.65962677912255],[126.2308178603877,37.65975265967982],[126.2326922382469,37.659983255132765],[126.23304790196646,37.65970570035231],[126.2337099188075,37.65964727779889],[126.23398354238608,37.659782156422985],[126.23401547859677,37.65990103775643],[126.2346423735219,37.660130470391906],[126.23529950327031,37.66056658563169],[126.2365403683155,37.66111203994772],[126.23899774490485,37.66174396871],[126.24044221802377,37.66163839833567],[126.24131904079971,37.66132006053857],[126.24154717819383,37.661323062588934],[126.24170258132392,37.66162399089849],[126.24234894542624,37.661908466019476],[126.24279748744237,37.66193631787335],[126.24302977967902,37.66211820921847],[126.24300900625099,37.66234653034405],[126.2422966766321,37.6629533707429],[126.24165724948868,37.66322608919147],[126.2407426863452,37.66311596317799],[126.24032754822275,37.66213466966515],[126.23900561007466,37.661819339112],[126.23717393134167,37.66154393752547],[126.23494023872168,37.66146588921456],[126.23373734841272,37.6616011916887],[126.23234503856692,37.66199516220953],[126.23243952883386,37.66210881149631],[126.2316199895648,37.6628456614237],[126.23038466368027,37.66315903375055],[126.22956560548204,37.663165550875185],[126.22913384407327,37.66348786032708],[126.22875010314458,37.66365232064399],[126.2287278882995,37.663761793913565],[126.22760576925708,37.66431843292572],[126.22701311936012,37.66484412298431],[126.22599857790463,37.66531964674621],[126.22572684070282,37.66536993457247],[126.22551759431236,37.66552496329318],[126.22467034340936,37.665780752565105]]],[[[126.30074623770916,37.67503333289681],[126.3010632049204,37.675525119035754],[126.3011037757458,37.67578174428345],[126.30093613702095,37.67602536675345],[126.30045110592388,37.676062009780885],[126.30027102122769,37.67589942512285],[126.30001047052548,37.67537791664203],[126.29947599241711,37.67503621213391],[126.30013455600508,37.674966171033844],[126.30018007635627,37.67443040956555],[126.2999955920427,37.674204686392066],[126.30002637093344,37.67411997274792],[126.30058590883725,37.674174635672145],[126.30074623770916,37.67503333289681]]],[[[126.30878205232338,37.677875429889134],[126.30887457777533,37.67788589292833],[126.30909566601608,37.67836296694441],[126.3086844462994,37.67842589869078],[126.30856713310135,37.678150462966826],[126.30866140770266,37.67789244336264],[126.30878205232338,37.677875429889134]]],[[[126.02833687119045,37.67828928658394],[126.02775414666418,37.678377066386396],[126.02638538161563,37.6782053087965],[126.02622809255017,37.67816013255809],[126.02608408582626,37.67786676754091],[126.02629857829366,37.677506184441434],[126.02680461596518,37.677380127685126],[126.02774656766279,37.67739846779799],[126.02856850728314,37.677744499885485],[126.0286129864913,37.67804401407181],[126.02833687119045,37.67828928658394]]],[[[126.12566728523778,37.68339993127571],[126.12542216415278,37.683489259074534],[126.12563729903198,37.68357458145158],[126.1246199013335,37.68364928589118],[126.12489742379107,37.68328154824393],[126.12518490506254,37.68336794972983],[126.12578715070723,37.683230633063474],[126.12603789079222,37.68324957655481],[126.12599188664096,37.683314354924626],[126.12613562164888,37.683270744265414],[126.12636030262755,37.68332995526395],[126.1261304494747,37.68352274513972],[126.12591202319351,37.68333160985185],[126.125727031535,37.68332729044795],[126.12566728523778,37.68339993127571]]],[[[126.12494695318637,37.68522448513611],[126.12479198212232,37.68527551570505],[126.12474880594425,37.68570746702557],[126.12463807562594,37.685592386079136],[126.12472715153328,37.68558529159637],[126.12473832312399,37.6854876313501],[126.12464871236214,37.685473693994744],[126.12412023399624,37.684328349680634],[126.1241767510721,37.68407285695717],[126.12425775061384,37.684067045021656],[126.12441259993875,37.68440740159113],[126.12463867740037,37.684605299693786],[126.12458868631751,37.68499020710439],[126.12472821974555,37.68515074736841],[126.12487158088149,37.68511616308341],[126.12494695318637,37.68522448513611]]],[[[126.19452824467058,37.68834058689649],[126.1940695110202,37.68846712900349],[126.19289801375953,37.68831441005531],[126.19260150436773,37.687976125603],[126.19301117714156,37.68741873511806],[126.19178242836882,37.68618219708246],[126.1910882371319,37.68575555130928],[126.1909458083179,37.6854581337295],[126.19077763764665,37.68531254687213],[126.18981294124876,37.68458472997865],[126.18879230007083,37.68395517348963],[126.18831654210241,37.68406743993011],[126.18770484267345,37.683826307756384],[126.18691197652518,37.68380214789268],[126.18672791420515,37.68399531023964],[126.18667340866284,37.68454761929131],[126.18626220027471,37.684287502714874],[126.1859008590004,37.68427937334786],[126.1854160637114,37.683562496976066],[126.18507827899761,37.683335498577584],[126.18495114195782,37.68294766206035],[126.18457847050652,37.68284759860594],[126.18456169313936,37.68227802048742],[126.18384705879676,37.68168429922655],[126.1839030307837,37.681400807526174],[126.18377808958947,37.68125782598885],[126.17470270107395,37.6768088757663],[126.17459596020835,37.677011795193216],[126.1743838963902,37.67708341114468],[126.17336336800514,37.67661355953892],[126.17331020953759,37.67667741450135],[126.17296733648344,37.676544107721625],[126.17281054006934,37.676664958429825],[126.17230425024657,37.67650176993552],[126.17079668186729,37.67641602177397],[126.17012733139742,37.6766610569405],[126.16995035378956,37.676893533105705],[126.16837419954835,37.677390867766775],[126.16815614215626,37.67837469323821],[126.16771221733606,37.67912526922149],[126.16627578860776,37.67842696212786],[126.16480961450232,37.67753022764592],[126.16432786190673,37.677436038460094],[126.1636195293576,37.677815370017505],[126.16320128966757,37.67770302286996],[126.16181518596265,37.67822618068691],[126.16152341881987,37.67786539997133],[126.1617265088248,37.677416562169945],[126.16170711834927,37.67715874426083],[126.16116036927986,37.6766118227327],[126.16117172368358,37.67644131821241],[126.16096496725844,37.67633488436519],[126.16077027106324,37.6763551195703],[126.16081906191278,37.67628544549077],[126.16067125717815,37.67608799492168],[126.16000873509265,37.67580199388977],[126.15916976185993,37.67559945455687],[126.15791068493435,37.67552759650924],[126.15679428901775,37.67587033502061],[126.15671179242383,37.67608117840344],[126.15640648212695,37.676235764787755],[126.15649248515149,37.67723099846616],[126.15635443820489,37.67730234674734],[126.15592197720723,37.67726269548022],[126.15495151203257,37.67682837855737],[126.15498977897552,37.67664395045316],[126.15530856133351,37.67622079283039],[126.15577053133644,37.67608578448754],[126.15604291715843,37.67583903134516],[126.15646376486224,37.67490102687123],[126.15636208778928,37.67470230617466],[126.15594952388598,37.67448883367311],[126.1560246036456,37.67350914202103],[126.15626520855498,37.67319633693283],[126.15603139209065,37.67276299071338],[126.15633341993703,37.67268477294696],[126.1568818149548,37.67274985736952],[126.15726682253992,37.672690737012964],[126.15755894323122,37.67255035165641],[126.15794504608762,37.67253049992531],[126.15803071427565,37.67212887582009],[126.15832503632892,37.67217733419387],[126.15868666498692,37.672514323491626],[126.15905563341565,37.67255424073449],[126.15971004825167,37.672332928635704],[126.16034105251039,37.67109644771553],[126.16086735237086,37.67045988778432],[126.16177637127448,37.66997381523933],[126.16339448535051,37.66961440382794],[126.16518486457677,37.66882666541647],[126.1653645670707,37.66836802319768],[126.16567640285373,37.66805147790674],[126.1659724656661,37.66804988190271],[126.16648672599683,37.667550884903385],[126.16726028456051,37.66731643616589],[126.16774136378511,37.666945583483205],[126.16811112035313,37.66693125876284],[126.16846572001451,37.66675195236775],[126.16843948463183,37.66706106284755],[126.168161058678,37.66721901437749],[126.16812206256347,37.667381900480706],[126.16842835686992,37.66757393922334],[126.16822524278604,37.66823372871363],[126.16852753416268,37.668503373111854],[126.16836372743889,37.66876248208753],[126.16879522262728,37.66897097280379],[126.17043574080024,37.669091738328866],[126.1708155850304,37.66897666012239],[126.17076609782544,37.66889144240176],[126.17087360780462,37.668875712066466],[126.17125651494474,37.669014541180566],[126.17111099494679,37.66912550456885],[126.17123200170735,37.66921069441781],[126.17137376608254,37.66906140479638],[126.17167498244498,37.669336286743565],[126.1729501996367,37.669467285068556],[126.1741062335362,37.669293814424954],[126.17452757899795,37.66965165313556],[126.17428748959868,37.66996577877217],[126.17440598450439,37.670432949528234],[126.17496990160328,37.67066410396282],[126.17678283648725,37.670354146847195],[126.17806125133858,37.67046902132955],[126.17837053015172,37.6706775514816],[126.17877549529483,37.67059974254629],[126.18203600163102,37.66914379449165],[126.18506626681858,37.66764647530099],[126.18947077500118,37.66495056181185],[126.19010340859178,37.664490862902575],[126.19044001594033,37.66487077525319],[126.19063014047671,37.66473489485508],[126.1902810754176,37.66463634529351],[126.19066384764798,37.66421180947748],[126.19072247548361,37.663905447844165],[126.19062067548727,37.663631769032555],[126.19143318421038,37.66304796847046],[126.19205418792464,37.6622236904501],[126.19265322165143,37.660977802646755],[126.19271070515049,37.660317367727004],[126.19256325643514,37.66004656681171],[126.19215072895157,37.65980978672151],[126.19114919903558,37.65886169618504],[126.1897899393441,37.65864632999214],[126.18939166335689,37.65834705898077],[126.18918775880316,37.65801296958361],[126.18961254995422,37.65786171455438],[126.18993083367828,37.65758792528028],[126.19055741806285,37.657434559299595],[126.1912665079184,37.657414890075984],[126.1918170068241,37.65780894402364],[126.19279968255664,37.65817117317109],[126.19317572032246,37.658751107234885],[126.19359616295273,37.6591315133217],[126.19433753073068,37.659097352435616],[126.19440047672124,37.65947380377486],[126.19455357425683,37.65970795471682],[126.19446180066929,37.659501819382285],[126.19449787197271,37.65935848203032],[126.19505633502892,37.659150145108704],[126.19516322997545,37.658913880713875],[126.19549007695237,37.658771124268995],[126.19765969553163,37.65854720469719],[126.19838896285187,37.65821968448385],[126.19850630971891,37.65807043017328],[126.19865549008438,37.658026253955754],[126.19922543272153,37.65829198393271],[126.20007930000467,37.658169195335965],[126.20296842371155,37.657320875346734],[126.20507872685864,37.65696922004286],[126.20566274393056,37.656668369925704],[126.20659778171202,37.655639597272156],[126.20741697102304,37.65514696887444],[126.20789266376674,37.65523586014041],[126.20784542634807,37.65589964339872],[126.2076257059354,37.65605296660107],[126.2071848723924,37.65660175970044],[126.20673376586211,37.65735351228308],[126.20607894633153,37.65790044503914],[126.20507482220992,37.65837019218611],[126.20466890264203,37.65876232938122],[126.20470549066684,37.65890809806715],[126.20463151160027,37.65893457298771],[126.20452388338138,37.65940968353952],[126.20462753361356,37.659376697094004],[126.20489249301765,37.660167891761034],[126.20496928726011,37.660116668326346],[126.20504218419144,37.66020116560669],[126.20581183810344,37.66131862045226],[126.20715554957309,37.662455379670384],[126.20909726603045,37.663881762796855],[126.210267006393,37.665435512077444],[126.21038927635878,37.66537865352756],[126.21008681435828,37.66492304035806],[126.21038792844276,37.664790223946426],[126.21052398441782,37.66499665270205],[126.21110739007548,37.66477344287188],[126.21115421398018,37.6648424266666],[126.21051524242154,37.66509101358739],[126.2109245107851,37.665633751838435],[126.21072304924442,37.66572181129686],[126.21116128492386,37.66598410576602],[126.21119737339204,37.66640931668448],[126.21104118256993,37.66658886608016],[126.21061830741459,37.66666671113072],[126.2103917532962,37.666925314450474],[126.2099492965246,37.666736948292126],[126.20876026526938,37.666948831343305],[126.20713824482031,37.66806188145749],[126.20626269241578,37.668833898118706],[126.20532443944327,37.66930072953989],[126.20465690963266,37.66926368812477],[126.20485732782359,37.66935427200141],[126.20492098560378,37.669541486893486],[126.20053337812506,37.67553653922016],[126.19969278052714,37.67623314425068],[126.19970250318585,37.67641880559865],[126.1991493228813,37.677175120122484],[126.1987159378806,37.67738954297335],[126.19833366612183,37.67770560578716],[126.1978836137994,37.678517862149384],[126.19764833415482,37.67880337335338],[126.19757625148742,37.67876757379528],[126.1971728746045,37.679333231456205],[126.19688493753806,37.68002153810651],[126.19672402608475,37.680171502414005],[126.196631802025,37.68046592420902],[126.1959001832237,37.68161674601785],[126.19572599640651,37.68204501075803],[126.1956047070219,37.68277676951447],[126.19567168697331,37.68282766245752],[126.19563484805819,37.68353246548014],[126.19585181008493,37.68396791598004],[126.19521237830025,37.68481507654459],[126.19537016712309,37.68621806522763],[126.19555297888559,37.68644905625579],[126.19569653996722,37.68713927994932],[126.19584816033128,37.68716128994876],[126.19604767232042,37.68800372286503],[126.19585941015784,37.68827084689196],[126.19543660314741,37.68815463652267],[126.19531246759283,37.688030547290595],[126.19460708944024,37.68797797291555],[126.19452824467058,37.68834058689649]]],[[[126.2016664104881,37.68843363389896],[126.20183456148654,37.68900920943612],[126.20185256058846,37.68940770306765],[126.2017359840928,37.68951806211994],[126.20153904803881,37.68952188875584],[126.20144334709067,37.68911586780099],[126.20144910740247,37.68835384057389],[126.2016664104881,37.68843363389896]]],[[[126.37197997535218,37.694206831113846],[126.37035746937521,37.69400863338999],[126.36944617551384,37.69405204406497],[126.36913391337848,37.69371829575675],[126.36895419393652,37.693299162683196],[126.3696873544225,37.69182917603121],[126.37139113876464,37.69100079090964],[126.37188579095772,37.69102057824191],[126.37335240041084,37.6907819520609],[126.37415350904985,37.69093068505145],[126.37469350487487,37.69153734070811],[126.37441710510905,37.691943616221224],[126.37460505741312,37.69246006104291],[126.37421283841545,37.69287424367782],[126.37393666557007,37.69294468846652],[126.37324580512572,37.69347620431892],[126.37229675806378,37.693959137560114],[126.37197997535218,37.694206831113846]]],[[[126.12911176159686,37.690815123229314],[126.12805088869557,37.690844605067454],[126.12778122797043,37.69109866442998],[126.12772588204534,37.69145293717112],[126.12746289994735,37.69151933372007],[126.12673822904144,37.69227572493918],[126.12688625787717,37.69243752378075],[126.12682580406288,37.69256408161096],[126.1269010555491,37.69265262569083],[126.12676274380453,37.69278413735661],[126.12650780758311,37.69284069886988],[126.12578165318553,37.691955205034915],[126.12486500102968,37.691804495828634],[126.12438662900192,37.69079328011334],[126.12388760161934,37.69045550654037],[126.12308486532517,37.69030495548507],[126.12278357539614,37.689952343557],[126.1229875702177,37.6888017113594],[126.12222101105168,37.68734498527081],[126.12221746112789,37.68658648207189],[126.12385339939216,37.68671307900355],[126.12397038740285,37.686548266629416],[126.12446328703572,37.686300029560435],[126.12480487521795,37.68643670187033],[126.12512691027796,37.687397987084566],[126.12542268079501,37.68777854441837],[126.12544416860025,37.687884204645435],[126.1253778379252,37.68790430751362],[126.12546576454662,37.68800767721578],[126.12551150769914,37.687583700137786],[126.12565020059921,37.68753386255789],[126.12559235111425,37.6874208601287],[126.12544870584331,37.687440659302496],[126.12528530138873,37.6873042857226],[126.1253435429616,37.68688766284993],[126.12510979110984,37.686720782938536],[126.12497593485115,37.68637609684468],[126.12531978892909,37.68595701035098],[126.1263092412684,37.68587629075719],[126.12617527522949,37.68578086845749],[126.12650739655491,37.68563110984669],[126.12681060205117,37.68580811539609],[126.12703568906173,37.68565386718207],[126.12645883427105,37.685535249764406],[126.12585357979498,37.68566274500342],[126.12559055985041,37.68558258113139],[126.12555408457833,37.685458673580904],[126.12593950585294,37.68485703884843],[126.12564486046595,37.68417523371197],[126.12639661014335,37.683785669645445],[126.12662716131541,37.6835479543915],[126.12688680091976,37.68299440324967],[126.12646829971982,37.682552494601616],[126.12690598551545,37.68196490231095],[126.12876658010047,37.68308331478792],[126.12882150639557,37.683581438724374],[126.1291690492021,37.683838508426746],[126.12969511938881,37.68388844602739],[126.13099628866499,37.68376516859542],[126.1317563938997,37.68345144661641],[126.13234020624425,37.68281193610065],[126.13277882357615,37.68283365529729],[126.13414677269243,37.68251968173465],[126.13428050744177,37.682565288474734],[126.13518733310559,37.68248157082786],[126.13563956714529,37.6826142135745],[126.13675873174512,37.68229506746945],[126.13742134052985,37.68200976557564],[126.13768196495758,37.681215393164095],[126.13897075361456,37.68074350581321],[126.14037005043895,37.68107378298274],[126.14108776643599,37.68151426779542],[126.14291769220912,37.681535424332935],[126.1435830505631,37.68131094891453],[126.14434767615349,37.681547330806424],[126.14412035461638,37.68264645263273],[126.14370920053415,37.68293796400233],[126.14284108600454,37.682888364943906],[126.1425544067101,37.68334915567859],[126.14263522325112,37.68342881996851],[126.1425839146915,37.683787670940866],[126.14268920041343,37.68406846018569],[126.14335669406319,37.68528323345348],[126.14296275758686,37.68559702081834],[126.14112568577877,37.68622022158176],[126.14003990603975,37.68624198094967],[126.13940298745406,37.68582839734971],[126.13820633595687,37.68594928930212],[126.13782844109004,37.68605459928219],[126.13745404465084,37.68630385976845],[126.13755949402933,37.686373743916086],[126.13725322742818,37.686508866225616],[126.13683768625872,37.68707247761409],[126.13676317050317,37.68729987918472],[126.13648429480631,37.687417866595226],[126.13612165908756,37.68667162132827],[126.13591896410178,37.68646415121536],[126.134587719739,37.687098159379865],[126.13411219099497,37.6875832353],[126.13396767633935,37.6878617979172],[126.13235272491502,37.68908248657796],[126.13238697070938,37.689140147147576],[126.13230712016622,37.689153037019004],[126.13252312427521,37.689507933408585],[126.13255058319419,37.68945158376156],[126.1331137472492,37.68992910557467],[126.13349691484984,37.69039598420986],[126.13394514183807,37.69046764629635],[126.13411109166039,37.69078269256228],[126.1339930885566,37.691336652200924],[126.13361345789879,37.69142754772077],[126.13346190143199,37.69168398445999],[126.132723109786,37.691922176648234],[126.13231705413575,37.69166757812347],[126.13215318803384,37.691366878797105],[126.13216084202627,37.691168673949676],[126.13196780624355,37.691045650394585],[126.13087991909336,37.690696472937795],[126.1293418470919,37.690683143193674],[126.12911176159686,37.690815123229314]]],[[[126.32642925140382,37.708236688076305],[126.32642896487518,37.70837830681107],[126.32623011669357,37.7083954577093],[126.32618753655822,37.70821271745094],[126.32639888808083,37.708164807708684],[126.32642925140382,37.708236688076305]]],[[[126.32642523433252,37.70847450746028],[126.32646960111147,37.70871911682304],[126.32624947425819,37.708774121231876],[126.32604616768721,37.708705151175124],[126.32608772790506,37.70853542446983],[126.32642523433252,37.70847450746028]]],[[[126.32749173453482,37.71404689534168],[126.32737528847794,37.714109034878426],[126.32640716540176,37.71410264860819],[126.32572075900113,37.713866189991165],[126.32506614170934,37.713410654651],[126.32479189446708,37.71298526551516],[126.3246086324168,37.71248451959028],[126.32463282681323,37.71226458343615],[126.3247090384684,37.71202012465506],[126.3251880534701,37.711921336094846],[126.32513380948441,37.711816632076],[126.32530564102031,37.711512501684474],[126.32689589787562,37.711357107064345],[126.32781583234807,37.71137480016909],[126.3293753857304,37.71150272542335],[126.32963235321543,37.711643638797455],[126.33004621200482,37.71158823695359],[126.33057179399067,37.7116554573899],[126.33076713071416,37.71191677207593],[126.33104665710191,37.71271999151961],[126.33119689368233,37.71290342342742],[126.33108209887088,37.71324217663701],[126.33089213227494,37.71344662992295],[126.33068497837805,37.713567188063664],[126.33035358047255,37.71353215597456],[126.33025911531386,37.71362449732555],[126.32995310977633,37.71361082586875],[126.3299696157043,37.71335523022793],[126.32963729482424,37.713151181907804],[126.32908529358423,37.71325050051219],[126.32906859189035,37.71354504240451],[126.32861981267072,37.71356289801194],[126.32787008289884,37.714028416748086],[126.32779156147677,37.71377616184764],[126.32749173453482,37.71404689534168]]],[[[126.21113504650477,37.72239846283715],[126.2111805723987,37.72262818395713],[126.21056897348534,37.72281666811107],[126.21023504416446,37.72244968966059],[126.21054580091212,37.72239425853489],[126.21073513290237,37.7221899516409],[126.21062830123591,37.72185267928182],[126.21078373367412,37.721803764230344],[126.21057571846275,37.72155615042642],[126.21051648759413,37.72107635243484],[126.2107058268988,37.721049206973476],[126.21082831550065,37.720523733655945],[126.21102793500259,37.720593111496285],[126.21131712070951,37.720412888552545],[126.211393376593,37.71973663829865],[126.21136549857853,37.719021165711915],[126.21043553356054,37.71856301656455],[126.2103182768652,37.717867151864404],[126.21054710259939,37.71775006013846],[126.211884765484,37.71781962439104],[126.21283754817624,37.718247913236944],[126.21293685497388,37.718570079091954],[126.212808724763,37.71872971625634],[126.21227893559781,37.71906152915709],[126.21249642635097,37.71989560005304],[126.21244289510706,37.720113486204696],[126.21252895525187,37.720510531511444],[126.21219796541213,37.72056674198631],[126.21197844423985,37.72095211880632],[126.21244660340815,37.721493989872954],[126.21249272491187,37.72181010582521],[126.21206654796984,37.72174208786992],[126.21113504650477,37.72239846283715]]],[[[126.23589810477542,37.73135290435781],[126.23540039843057,37.73203460326058],[126.2349051159319,37.73248245837772],[126.23402723216297,37.732635672440495],[126.23315655608097,37.732674966314484],[126.23307343029289,37.732866883737216],[126.2323333198531,37.73327684158945],[126.23172885704724,37.73307613046796],[126.23096057909574,37.732978403713524],[126.23082139146193,37.7324977064126],[126.23117995850801,37.73224268716383],[126.22697461429567,37.72828214886537],[126.2237810562103,37.722519855949415],[126.22387971030456,37.72243756594528],[126.22364967224111,37.72251170967181],[126.22345668000736,37.7223438699704],[126.22332747820933,37.72238736160821],[126.2230576236752,37.72227875525792],[126.22211826361456,37.72216093066333],[126.22164990967474,37.722181195046794],[126.22099352683416,37.72207566615791],[126.22052188330089,37.7221219235235],[126.21990645668244,37.72163884941989],[126.21984566022202,37.721497700913126],[126.21833391551588,37.72102169162653],[126.21839204890529,37.72030688207633],[126.21918163431535,37.71956481857866],[126.21962188719976,37.719743369262126],[126.22039602780062,37.71946383868705],[126.22121421581491,37.719081373134514],[126.22165607606247,37.71859937306818],[126.22237585222916,37.7184266278224],[126.2229160320883,37.71841829510603],[126.22365629108774,37.71822881207978],[126.22457836108717,37.71825469478839],[126.22535540339908,37.71802420700915],[126.22607374280946,37.71758203834404],[126.22659556416835,37.71787332106832],[126.22741845140443,37.717990452953764],[126.2281809131681,37.71789591125174],[126.22902871199203,37.71762178002105],[126.22989725579824,37.71718945548962],[126.22995928881012,37.71694715636898],[126.231423562176,37.716680301921755],[126.23231980221145,37.716042526477935],[126.23325200283875,37.716302031580554],[126.23346020692213,37.71627578292459],[126.23426464431886,37.71707722173127],[126.23435829218643,37.717284994497916],[126.23472255420917,37.717415451269815],[126.23535563423157,37.717355473687306],[126.23585147507914,37.717449266616065],[126.23745365355782,37.716469855890786],[126.23846134767311,37.71631314901425],[126.23927650762087,37.71631460184095],[126.24125268962173,37.716721038374274],[126.24175942560086,37.71700657995748],[126.24117422618095,37.71760801763491],[126.2422712837407,37.71678054214114],[126.24280626679302,37.71665211453141],[126.2433131639039,37.71678776059049],[126.24361454267247,37.71717949184507],[126.24417334998742,37.71729439489354],[126.24453840101712,37.71718294987165],[126.24528748419434,37.71742649814049],[126.24664936202515,37.71734233820778],[126.2472401426808,37.71750586605709],[126.24798029857789,37.71730393091233],[126.2489751941668,37.7180078697491],[126.24924333823763,37.71842248381053],[126.24903846668762,37.71858225665439],[126.24802334976081,37.71849226490404],[126.24619724356025,37.71929263751368],[126.24592995533017,37.71963823894762],[126.24477765387051,37.719740457433836],[126.2446559184589,37.71952442255162],[126.24411236434145,37.719654136295055],[126.24291830166102,37.720395657607206],[126.24222429177551,37.72059144282446],[126.24068953634517,37.72166309628609],[126.23996463062308,37.72199999111454],[126.23960439271626,37.722087127251754],[126.23811119299793,37.72180957211825],[126.2359579498986,37.72901959013159],[126.23612134144071,37.72922105699414],[126.23623111365691,37.729241752177536],[126.23632689810957,37.72960550825091],[126.2362528245216,37.729973720010676],[126.23641689352672,37.72995201834119],[126.23649995029459,37.730368855722666],[126.23666134829006,37.730366407342984],[126.236794033546,37.73097756720016],[126.23661419842972,37.731005554625426],[126.23648944171204,37.73093160671388],[126.23648300691569,37.731146890464046],[126.23616627480918,37.731012999101374],[126.23589810477542,37.73135290435781]]],[[[126.26562331839729,37.737875061803194],[126.2654872986764,37.7382654739468],[126.26488456825827,37.738175515570134],[126.26472931675308,37.73781478063345],[126.26441735556713,37.7379822982463],[126.26422257775727,37.737957168618834],[126.26383930584292,37.73743250309655],[126.26318247026366,37.736805740357944],[126.262646710178,37.73613815391241],[126.26196443311434,37.73598525553192],[126.2613258009207,37.73556685836577],[126.26115547752549,37.73524207989882],[126.26108424645685,37.734660019798305],[126.2611398906085,37.73432844335522],[126.26071573655963,37.73415034704415],[126.2602192118231,37.73404711286985],[126.25971310766472,37.73403092860306],[126.25955050576276,37.73408840335631],[126.25844818426958,37.73368550464317],[126.25813239996239,37.73278904796244],[126.25780294052508,37.732263701732364],[126.25785480750746,37.73198208759664],[126.25770851999425,37.73192289202003],[126.2577129914326,37.73178776934018],[126.25815948081059,37.73187416656354],[126.2583681752993,37.731447110699484],[126.25901747157656,37.73065150613147],[126.25883398635634,37.7303439573484],[126.2582963662498,37.728556663634116],[126.25779731636366,37.72825169123221],[126.25764376467787,37.72771738148128],[126.25825667561242,37.7273581756909],[126.25837648091606,37.7269359468251],[126.25835038988224,37.72632541942699],[126.25804397679461,37.72605024015546],[126.25780837743343,37.72569368276502],[126.25836884571294,37.72505952824166],[126.25965665534848,37.72494259730987],[126.26012999306177,37.725178748305176],[126.2609936544867,37.72602634371695],[126.26133991957144,37.72626455652868],[126.26410149528209,37.72535270019632],[126.26433164526244,37.72540258351129],[126.26475294545344,37.72506771420162],[126.26594260477027,37.72470335026482],[126.26623172332685,37.72421292234322],[126.26669666316712,37.724204379040074],[126.26658770725804,37.72470476046186],[126.26823713444847,37.72535663091352],[126.26921937176625,37.72520035886387],[126.26977927488585,37.72579174729402],[126.27010953138965,37.72568940386067],[126.27015664056042,37.725774520464476],[126.26969395813745,37.72595731572516],[126.26901270576936,37.72667346249807],[126.2681179713895,37.72740711607965],[126.26825961614138,37.72751724554132],[126.26831555099261,37.727953119196314],[126.26822376602874,37.72893396544217],[126.26809788778603,37.72929752438773],[126.26828891164105,37.730208630313946],[126.26822239115097,37.73041818157905],[126.26783474402878,37.73074959689345],[126.26752645612467,37.731176211968126],[126.26715608923574,37.7321933865694],[126.26683719966758,37.73252550554876],[126.26682857988189,37.73298915862547],[126.26658348536728,37.733393975025535],[126.2666757634393,37.73388924015903],[126.26652394478812,37.73430471895431],[126.26665476916688,37.734998810838086],[126.26650214453338,37.73567801778446],[126.26661962922317,37.73598077310398],[126.2662690228916,37.73642196819813],[126.26618494905271,37.736678861505325],[126.26569283239441,37.73720171628155],[126.26562331839729,37.737875061803194]]],[[[126.2889272340881,37.74193398699147],[126.28877019662387,37.74182936577672],[126.28877946253668,37.74167351356059],[126.28912304185842,37.74136353923574],[126.28933600487414,37.7413468704821],[126.2889272340881,37.74193398699147]]],[[[126.2905348368658,37.74445319141763],[126.29076200677926,37.74455938630663],[126.29085922441405,37.744715276886666],[126.29023398380255,37.74449450437675],[126.2905348368658,37.74445319141763]]],[[[126.29339473091619,37.745071534562015],[126.29292639721685,37.74508115312251],[126.29298337908067,37.74502602473254],[126.29346933460752,37.74503767495239],[126.29376520190442,37.744936176587764],[126.29366501674697,37.74505310345717],[126.29339473091619,37.745071534562015]]],[[[126.2862300716931,37.74788856109734],[126.28643774467575,37.74800264578321],[126.28650849935845,37.74821853580073],[126.28692295403788,37.748413562494655],[126.28691019633753,37.74853325651441],[126.28645739939782,37.74913561066609],[126.28535947406954,37.74922953478638],[126.28392276227005,37.74948923214173],[126.28326889358338,37.74933463908448],[126.2837174118601,37.749234474591205],[126.28350044529265,37.749005413284486],[126.2822813367476,37.748351554300456],[126.28193049760512,37.74758398083642],[126.28160928909735,37.747200740478675],[126.28117839760962,37.7470648048301],[126.2807271968295,37.74704599131833],[126.28037276835288,37.7472914115442],[126.2799313065098,37.746671420082116],[126.27988272163739,37.74595056653716],[126.28072367318164,37.74573525169587],[126.28210984861016,37.74680555302355],[126.2821960313242,37.74720316956131],[126.28243501150092,37.74737009511785],[126.28376139860103,37.74750438359474],[126.28398067490372,37.74718593792882],[126.28413450132956,37.74719113592536],[126.28533176157433,37.74783130201951],[126.2862300716931,37.74788856109734]]],[[[126.20894964750761,37.77546848913039],[126.20897889249682,37.77565180085563],[126.20888640189796,37.775848095931764],[126.20872746899158,37.77608442273732],[126.20863861693216,37.776071662524906],[126.20859020981884,37.77582593997476],[126.20827020879244,37.77566526711185],[126.20852492552292,37.775311256505645],[126.20890029657868,37.77531746677647],[126.20894964750761,37.77546848913039]]],[[[126.50529190745917,37.78495655557107],[126.5049941545245,37.78515679064943],[126.50469365584172,37.78491531933498],[126.5050150740566,37.78472548039232],[126.50529190745917,37.78495655557107]]],[[[126.21517317180813,37.80894343632396],[126.21521847368241,37.80982858699472],[126.21503048533268,37.810065780903265],[126.21444526616506,37.81028318563975],[126.21396983139815,37.80963558234517],[126.21391694998859,37.809138266946874],[126.2142911508757,37.8086344186606],[126.21476024389064,37.80849553012717],[126.21517317180813,37.80894343632396]]],[[[126.264516695351,37.81778597369039],[126.26370698411993,37.81770108188666],[126.26302077426499,37.81712558252656],[126.26221523963407,37.81684034906742],[126.26213842991355,37.81678151376228],[126.2622371555051,37.816577532324125],[126.26215892358825,37.81648027206259],[126.26199131324242,37.81635701739266],[126.2619065311861,37.81653040096663],[126.26167763432755,37.81644414109098],[126.26155541272732,37.816355415486434],[126.26167537782798,37.81625372385442],[126.26143400111938,37.81608782395837],[126.26114460722371,37.81610633024163],[126.26091183449893,37.81621266361849],[126.26070568305106,37.81596990856569],[126.25991560627769,37.81555497779334],[126.25980580916021,37.81568909237619],[126.25919734432789,37.81540447580011],[126.25900985776238,37.81541021335963],[126.25847578338781,37.814944334406746],[126.2579618200094,37.81514041348555],[126.25776068970615,37.815135413870124],[126.25735320416253,37.8150032682674],[126.2569115996137,37.81458559023593],[126.25681375637706,37.81464624371865],[126.25618958642335,37.81469221683619],[126.25590849613,37.81488594890815],[126.25501631290905,37.81490692100589],[126.25471191827235,37.815094700679616],[126.25393494029679,37.81501358958074],[126.25390312557903,37.81478546106977],[126.25371817895406,37.814739960939335],[126.25353522502436,37.81481210832584],[126.25319165220033,37.81466975954522],[126.25300201447973,37.81475380053628],[126.25197948675947,37.814760830763646],[126.25177861431234,37.81493370251421],[126.25082360746987,37.814850104206506],[126.25074890278484,37.81475274176194],[126.25047459256156,37.81480831035372],[126.25038954425415,37.81463340191301],[126.2502387871732,37.81457738498633],[126.24916803429134,37.81474636732889],[126.24807796493886,37.81473044531388],[126.24768209086803,37.81453043756968],[126.24728461312452,37.81467699715776],[126.24702464153475,37.81462341168544],[126.24680302466292,37.81467542647525],[126.2467286245025,37.81455202642786],[126.24633346787307,37.81479374525478],[126.24583043759172,37.81494266843431],[126.2458222844752,37.81504170912838],[126.24544450222434,37.815264130424076],[126.24505255528189,37.81531631874896],[126.2447966381918,37.81524037521057],[126.24407477435717,37.81558471096152],[126.24324223793343,37.815724224425516],[126.24224273799206,37.816610670894185],[126.24089228903861,37.817220212275295],[126.24051884876091,37.81730034391037],[126.23957356228334,37.81646056680931],[126.23833468186939,37.816280622210684],[126.2370399336413,37.8146635080085],[126.2363830953764,37.81400038445355],[126.23566386765202,37.81386486846087],[126.23554182215098,37.8136383557613],[126.23569786210872,37.813556566006696],[126.23524848743527,37.81359681620109],[126.235058132847,37.81347604234825],[126.23408252477093,37.812255335731244],[126.23404602786316,37.812076353157146],[126.23342673083846,37.81172949477026],[126.23371153680566,37.81087433266593],[126.22997237063291,37.809038842844],[126.22790841786495,37.807938226336965],[126.22322007536802,37.80503683594785],[126.22325521785821,37.80485298108502],[126.22334519879126,37.804857981163345],[126.22334471266025,37.80480147127106],[126.2232758396911,37.80457366655903],[126.22320453267756,37.80457783540347],[126.22320817258677,37.804253713515934],[126.2230625957512,37.80404138427913],[126.2228054095652,37.80268735990693],[126.22364168332986,37.801456771217126],[126.22398040516984,37.80025255209509],[126.22271882409143,37.79932489945799],[126.22180401186641,37.79784961844005],[126.22104972982663,37.79815292260997],[126.2209233969167,37.79796391717469],[126.22058545685135,37.79778627528121],[126.2205329570535,37.79702700941129],[126.22026970695512,37.79636853841931],[126.21956253698634,37.795784539082945],[126.2189436783539,37.795729635497885],[126.21875532485495,37.795536899918176],[126.21876962052971,37.79496104730212],[126.21912824979297,37.79412689602929],[126.21905286275836,37.79347357091533],[126.21912326288066,37.79304626661844],[126.21920604716966,37.79289791944598],[126.21971445245528,37.792489387546325],[126.21990779705914,37.7921938404803],[126.22053669933479,37.792206425249276],[126.22097683855337,37.79213025848795],[126.22135258268348,37.79218044201865],[126.22157734307629,37.79192396610149],[126.2218978464987,37.79176316279809],[126.22244414255616,37.79160810411972],[126.22293735941626,37.79158521020737],[126.22287192767833,37.79156726394435],[126.22252117360586,37.78950035847714],[126.22298869771606,37.78858901029685],[126.22264838137016,37.78845964894642],[126.2226120532943,37.78801296019473],[126.22235196092248,37.78797177958479],[126.2223621116228,37.787498036848554],[126.22223626204998,37.78743842778797],[126.22219580246231,37.786913087153216],[126.22181047541936,37.78659542730037],[126.22172781711284,37.786617376675096],[126.22103415734256,37.78721415689366],[126.22085053755097,37.787586205822656],[126.22075791138568,37.78729085206954],[126.2208205990008,37.786826764397965],[126.22074320988676,37.78670175134435],[126.22133569932613,37.78571497361087],[126.22120332614546,37.78543400589766],[126.22039424498978,37.784826154408286],[126.2196945772747,37.78405417958646],[126.21948570628645,37.78392589732564],[126.21918068517297,37.783864545813465],[126.21866541246318,37.783372321839174],[126.21812688528132,37.783398644922094],[126.21785301587137,37.783172851231406],[126.21783266450531,37.78169226555745],[126.2175605459023,37.78143139179392],[126.21752794637749,37.78122494217356],[126.21763995500919,37.78106214067599],[126.21752427016953,37.78073147595455],[126.21741446904993,37.78067457223391],[126.21700509626672,37.77992621606269],[126.21687880161628,37.779849111373196],[126.21648595805391,37.77994190342595],[126.21632250569367,37.77989542561397],[126.21605396040684,37.779591886110516],[126.21620688648025,37.77896484579663],[126.21650920373924,37.77877417773345],[126.21653800321518,37.778405823979476],[126.21634629492733,37.778159294489626],[126.21449097774493,37.77679209205248],[126.21384845096134,37.77618143373787],[126.21063565773336,37.77411780235496],[126.21037220639086,37.77421058694268],[126.2097566771724,37.77394829904527],[126.20904102198706,37.77397623688868],[126.20842551506526,37.77374861037453],[126.20777984155193,37.77392567509871],[126.20760356465283,37.77404111364908],[126.20719440077913,37.77364220626773],[126.2072659276027,37.773561748345166],[126.20656429095894,37.77353684563655],[126.20638805936923,37.77341696740918],[126.2064166413216,37.773310723617804],[126.20623036259984,37.7731359558423],[126.2054913995343,37.773040215219716],[126.20505703815802,37.77305982120017],[126.20447408956996,37.77275521093533],[126.20409510369012,37.7726853023118],[126.20379527654474,37.77235730559041],[126.20402746056473,37.771969610569066],[126.20435623565827,37.77190271541782],[126.20460662946101,37.7713471354259],[126.20465986566622,37.77119646292103],[126.2045211335293,37.77060885412377],[126.20457719046534,37.770232308760036],[126.20448245894748,37.76977414662521],[126.20420346255032,37.76959035114298],[126.2031951114389,37.7693341638472],[126.2032972916018,37.769090162295946],[126.20472388436647,37.76879064267112],[126.20466019228094,37.76865836884856],[126.20488687886206,37.768615521725046],[126.20495692127331,37.768528306874934],[126.20467061650267,37.768027505310585],[126.20503964724136,37.768056271467465],[126.20542593938856,37.76795920249279],[126.20560705388274,37.76798544462848],[126.20610537161284,37.768325056440425],[126.20756051324732,37.768335761088004],[126.21244788621891,37.76473081495448],[126.2143200606519,37.763677248435954],[126.21474528228111,37.763364408839244],[126.22098966314103,37.75844435231308],[126.22119261692887,37.75776177652725],[126.22107887237993,37.75745883088874],[126.22128884878241,37.757115306139575],[126.2217956648128,37.75672098610969],[126.2218595185134,37.75649922812509],[126.2219978079036,37.75636651600668],[126.22508031889753,37.75439854653652],[126.22666221245827,37.753519235131705],[126.23196330622704,37.75124711244381],[126.23261581162981,37.751174737250025],[126.23275309157447,37.75108295321853],[126.23301427590341,37.751180101973304],[126.23493416424446,37.75307736982463],[126.23445433381926,37.752891474003754],[126.23481943487475,37.75332585003939],[126.23550026731151,37.7536451916053],[126.23574583015457,37.75397880134986],[126.23629660247366,37.75448189499502],[126.236034954492,37.754341289414775],[126.23594071077795,37.75444308706262],[126.23625440970949,37.75468497240535],[126.23640279127159,37.754574336216926],[126.23665559223751,37.754797364802855],[126.23652297255663,37.754969736881634],[126.23683707410153,37.75521475820345],[126.23696936899493,37.75504424009716],[126.23759759198443,37.755504269440785],[126.23814647963725,37.7560793815724],[126.23822307974514,37.756051291133616],[126.23884788850395,37.75645977639807],[126.23950793351078,37.7570047801276],[126.23965679807065,37.757310611673184],[126.24029677405163,37.75780993884157],[126.24043892896935,37.75833037425515],[126.24058979870927,37.758330312439575],[126.24067509205197,37.758498455626444],[126.24057269246536,37.75902541112042],[126.24118553378187,37.75994600817421],[126.24123658759517,37.760225502543065],[126.24080506259473,37.7606811154741],[126.24043210902717,37.761777167653534],[126.24057549753299,37.76205614110101],[126.24099978128496,37.7624195069479],[126.24199070921061,37.76369429220743],[126.24246574579793,37.76381149268134],[126.24366475895685,37.76272664135693],[126.24418864344815,37.76305569846461],[126.2476070926808,37.764266026236534],[126.24792432262997,37.764655341491284],[126.24826970476052,37.765600479919975],[126.24906813590621,37.76544258298764],[126.24995044110247,37.76572235970916],[126.25029051570219,37.76567490438352],[126.25070083921536,37.76529074659536],[126.2513258778664,37.76514821628006],[126.25255132368393,37.76521295010899],[126.25312319968333,37.76512000229634],[126.25492682471082,37.76504710582972],[126.25775575347029,37.76460306398734],[126.25880438007984,37.764514682835916],[126.2596014007435,37.76420268968848],[126.25998635799813,37.76423597837432],[126.26041485532498,37.76453592970006],[126.26131062592125,37.76545827341359],[126.26290019911217,37.766813114469315],[126.2629080747378,37.76711444651245],[126.26265560470311,37.76787605786895],[126.26235674204675,37.768187512196725],[126.26192483130332,37.76833675430522],[126.2624250325654,37.76856476688403],[126.26274202520887,37.76834760997897],[126.26319101975558,37.767828014859525],[126.26363274009061,37.76768461323083],[126.26443048076692,37.76762743173561],[126.26601582148717,37.7680494535322],[126.26663607903384,37.76782754785902],[126.2671328411836,37.76777662400974],[126.26745083609885,37.767842193337025],[126.26805785153714,37.76826981053471],[126.26945184423771,37.7685614453552],[126.27069203717193,37.76868502173867],[126.27105603966035,37.76912769318544],[126.27191859616974,37.769034636079844],[126.27222326656198,37.76910698477563],[126.27254395482998,37.76934542027306],[126.27293219549706,37.77000977692308],[126.2733805038525,37.769897723202334],[126.27365419902746,37.769959128127525],[126.27392271299789,37.76981855521738],[126.27430025845497,37.769783667493726],[126.27496803957064,37.76958248087315],[126.2750990057746,37.76937328822944],[126.2752816975906,37.769268959189105],[126.27548660610138,37.76876010142171],[126.27601925273615,37.76848532464916],[126.27632791861551,37.768498495582776],[126.27661706714215,37.76874729374881],[126.27694825140686,37.76865576788386],[126.27718183750183,37.768672862503244],[126.2783535249199,37.76882604642154],[126.27855123967207,37.76893833668702],[126.27883716933513,37.76877599298133],[126.27917464566866,37.76871060874266],[126.27986821658114,37.768796266955746],[126.28056337677992,37.76865182179098],[126.28369094531148,37.76755329878314],[126.28359030096613,37.767286746308606],[126.28662628849503,37.76606970793375],[126.28675723992217,37.76569517969282],[126.28695884851854,37.76549646553256],[126.28782716205943,37.76506837469531],[126.28830228426051,37.764995022518356],[126.28911892175455,37.76401345979368],[126.29022007795045,37.7632383466918],[126.2901880286004,37.76310567914069],[126.29081542865617,37.76294271829081],[126.29083705793788,37.762869286571025],[126.29140121525755,37.76313177971461],[126.29123920733144,37.763350849250315],[126.2913492564896,37.763451552928764],[126.29127370680332,37.76354078642917],[126.2913226783371,37.76365451900422],[126.29140369320615,37.76372844285902],[126.29167584854872,37.76370912664761],[126.29234069437992,37.76467600007729],[126.29313384654036,37.76499432495229],[126.2941235039012,37.76516333953681],[126.29521640563918,37.765684575006816],[126.2966943013281,37.7660902785293],[126.29694693279966,37.76627191403],[126.29699370954089,37.76648652720062],[126.29782729936828,37.766835243567314],[126.29818935214847,37.766757076907616],[126.29842605417777,37.76686091741173],[126.29876058317654,37.7667924503659],[126.29951852731708,37.7669891109963],[126.29976876523433,37.76713561680054],[126.29975328387333,37.7672330603187],[126.3002629149148,37.767686762696215],[126.30142973244837,37.7683179076148],[126.30209697945047,37.76860657589892],[126.30220611964165,37.76857844728917],[126.30277085299652,37.76891287454286],[126.30298606570658,37.769145286906294],[126.30332931110674,37.769242820449215],[126.30366484971853,37.769451637045314],[126.3037815220591,37.769648714610064],[126.30426784252533,37.769838276911294],[126.30437788736614,37.76996049165116],[126.30443656998004,37.77024891474168],[126.30490505319794,37.77046640615564],[126.30494717569175,37.770616066919324],[126.3051440845756,37.77062794308607],[126.30574043640135,37.77034547097033],[126.31067721125441,37.77232103300615],[126.31104834897589,37.7723755615857],[126.31233018580664,37.772934332412134],[126.31388548360493,37.77332351607025],[126.31577037860623,37.773988753186856],[126.31652970963373,37.77375520449316],[126.31675496289473,37.77410756467409],[126.3171784013936,37.77444566978634],[126.31750047904549,37.775045556906974],[126.31750272214825,37.77518527887248],[126.31727943905493,37.77532410559023],[126.31743052617821,37.77601010242779],[126.31719968966827,37.776192383068235],[126.31766258365346,37.77759650898033],[126.31758792852331,37.77778757047171],[126.31828262600624,37.77868138668041],[126.3185173241855,37.7792569609408],[126.3192519314898,37.7796138532529],[126.31975674459959,37.7800173780169],[126.32020075128496,37.78058943888128],[126.32102867611256,37.78197407446699],[126.32143335648708,37.78211779515258],[126.32188095425687,37.78258191103367],[126.32498485612763,37.78595500485871],[126.32484739041493,37.78604873267702],[126.32524949638014,37.78647076187936],[126.32454797577773,37.78668744525304],[126.32379687594516,37.786646828719824],[126.32366439553952,37.78651260136559],[126.32341828077082,37.78663675849252],[126.3232909959924,37.78659869996313],[126.3232469588313,37.78717527203873],[126.32344504283422,37.78725121742343],[126.3235510719929,37.78715446307015],[126.32411270769595,37.78706323886499],[126.32453915603088,37.78725232827111],[126.32466103274835,37.7870035766921],[126.32536503537115,37.78693584992737],[126.32608317742155,37.78720290772858],[126.32623974984314,37.787011895997125],[126.3271771356452,37.78770452772412],[126.32706643803591,37.787863206949346],[126.32830111840829,37.78813042276167],[126.33021096004546,37.78914073992623],[126.33102847865864,37.789142448593864],[126.33130839427676,37.78965080146421],[126.33099806182716,37.7902283028295],[126.33065506608251,37.790599438060106],[126.33068242027134,37.79101449392345],[126.33037474543943,37.791456336687546],[126.3303052716563,37.79260778124913],[126.33051476652788,37.79328359691205],[126.33008591054437,37.793839293641284],[126.33043892575282,37.794016762841274],[126.33054088254192,37.79398750435842],[126.33063541446741,37.79410252457131],[126.33051052066645,37.79415853656846],[126.33053930424036,37.79424737995581],[126.33125253542129,37.795276517471024],[126.33222251771959,37.795791953361906],[126.3324626847054,37.79611754665138],[126.33336755854585,37.79692448918642],[126.33394648683456,37.79723247684478],[126.33399202881508,37.7971616419894],[126.33457931381649,37.79743975390207],[126.33507728812732,37.797528890564095],[126.33511345782422,37.7976101976747],[126.33470721632831,37.79807373778209],[126.33468265098499,37.79830179698163],[126.33428118253747,37.79857349932312],[126.33211231574032,37.799661447416675],[126.33082965887124,37.80126448691087],[126.3305015793361,37.80145947373593],[126.32977540399409,37.8017140302929],[126.32951666590559,37.80200380017417],[126.3290934232387,37.802573822455656],[126.32843586610086,37.80372477981647],[126.32811084908789,37.804901130666885],[126.32830998251417,37.80497111801117],[126.3285379623137,37.80520833064079],[126.32822776635797,37.80537454671904],[126.32821286933901,37.8056533013613],[126.32799943352502,37.80595648975867],[126.32781691308534,37.80582495449601],[126.32753451321379,37.805838411625814],[126.32646386154501,37.806162501619646],[126.32570735804873,37.80658594653093],[126.32520576835712,37.80700610250122],[126.3253256730062,37.80712527284503],[126.32523124614455,37.80744236447041],[126.32492407338434,37.80787147317501],[126.32428961951999,37.80819626318139],[126.32406777849107,37.80823227772417],[126.32345178585213,37.80800768898745],[126.32315210689701,37.807503350211476],[126.32355704300308,37.807134207627385],[126.32350384200367,37.80668224429108],[126.32248761259413,37.80503416602244],[126.32167667912945,37.80441268136096],[126.32140786109541,37.80428035881798],[126.32086502355703,37.804212914967785],[126.31953141182319,37.80373776988141],[126.31844398712113,37.803494487584],[126.31721666948795,37.803051690806186],[126.31588563211936,37.802722993578314],[126.31480469563458,37.802279770892014],[126.3136666946607,37.802302844671814],[126.31321516776464,37.80197248334397],[126.31314595254686,37.80205670388288],[126.3122889910762,37.80217515757006],[126.3100639870093,37.802206355869295],[126.30933278679392,37.802380330049196],[126.30804266944834,37.80245516949218],[126.30804241118425,37.80250102582782],[126.30698471321085,37.80239107038935],[126.3066887736482,37.80246303060129],[126.30643493290958,37.802403377680655],[126.30634330180388,37.80221793850969],[126.30611526093048,37.80211451653764],[126.30581910088695,37.80236746262611],[126.30502488468956,37.80251092824687],[126.30266076537549,37.80291662873813],[126.30264532440691,37.802729683282664],[126.30249067623961,37.8027451177735],[126.30209922924664,37.80322263258118],[126.30214464775902,37.803326230401844],[126.30176999091266,37.803538833351496],[126.30115821906554,37.803716736653165],[126.30098058881359,37.80356596333712],[126.30104726514037,37.80338314568158],[126.30074120423441,37.80333198084488],[126.300407100485,37.80305231597304],[126.29981656663364,37.802746121912826],[126.29937083546331,37.80266501271461],[126.29843364683892,37.80231032920115],[126.29804080185524,37.80229112784001],[126.29766152428145,37.80213078423028],[126.2969404082307,37.802269371238644],[126.29653287870012,37.80226007672332],[126.2962890210766,37.80214378430492],[126.29547895241454,37.80214977062662],[126.29501255727833,37.801966886605015],[126.29467596027955,37.80167178438806],[126.2945243317948,37.801652801965055],[126.29452109199718,37.80158408623548],[126.29424671750904,37.801970381904844],[126.29387428003393,37.803920687079994],[126.29020339224259,37.80536941831488],[126.2883844510851,37.80583805182749],[126.28316102081824,37.807999305474894],[126.27684804212967,37.811276947100446],[126.2747652576507,37.81255153055753],[126.27448427281425,37.812929062569054],[126.2730830648575,37.81376948028364],[126.27154314196083,37.81331668028279],[126.27137788923322,37.81341901090904],[126.27131358642443,37.81374797542988],[126.27072131244725,37.813751068356055],[126.27073003267253,37.814025393081536],[126.2700605263821,37.814336483027624],[126.26927381790557,37.81434734353712],[126.26877694752658,37.81459599236138],[126.26839711808105,37.814584682444995],[126.26733899437268,37.815007656476354],[126.26637952670542,37.81528381745718],[126.26616110319124,37.815718027292505],[126.26584255603505,37.816099646200335],[126.265678024975,37.81681995793462],[126.26552375009875,37.81704458707119],[126.26500599846062,37.81764186682178],[126.26474092936373,37.81766339890325],[126.264516695351,37.81778597369039]]],[[[126.43121659079398,37.82986957512981],[126.42813878264495,37.83099259084293],[126.42831379581223,37.83122789181035],[126.4280909213679,37.83163470717574],[126.42766337162769,37.83161861205454],[126.42706758051588,37.830953056566514],[126.42668711376129,37.83074757024353],[126.4270896197347,37.83020196654864],[126.42660526622163,37.829976196525465],[126.4265291468721,37.82959694332885],[126.42609676396724,37.828730384661014],[126.4255365963309,37.828394478861604],[126.42553397643249,37.828053500776186],[126.42510468348475,37.82790470869447],[126.42477937761193,37.82767866018839],[126.42278849119553,37.82602897226129],[126.42199966664016,37.826305863481664],[126.42145098167295,37.82629347251635],[126.42131883571106,37.825976385194394],[126.42139280902279,37.82576876477418],[126.42085805966487,37.824932734561976],[126.42056745633293,37.82487896985141],[126.42028826800852,37.824652089376045],[126.42061373848992,37.82412890846531],[126.42031792223504,37.824211409465164],[126.41953505875293,37.823847916493236],[126.41757465384876,37.82235844845527],[126.41690216348658,37.821961813772425],[126.41522993099791,37.821395379329786],[126.4139686971802,37.82196102409319],[126.41190335911365,37.82315394318834],[126.41146936088795,37.82312619630118],[126.41083854601374,37.82277514511498],[126.40922160778423,37.822122280556485],[126.40772894422045,37.822029125862386],[126.4063820839487,37.82165139875057],[126.40236403749867,37.82215654911355],[126.40091030092552,37.82322604079541],[126.40064025485277,37.82329433268433],[126.40054053165258,37.823228696848034],[126.40032910062703,37.823298937831815],[126.39995629818691,37.82308105885379],[126.39973056626214,37.823144834380244],[126.39885669700922,37.82303581636622],[126.39713433386905,37.82304504815309],[126.39492928500788,37.82287204029394],[126.39382648984872,37.82286803154091],[126.39296654120659,37.823150217554655],[126.3927447597548,37.82326796111552],[126.392758820388,37.823394150539634],[126.39267688880496,37.82340632555178],[126.3925354254897,37.82313746294461],[126.39203279994501,37.82285834615398],[126.3920138606515,37.82275319374389],[126.39259865594525,37.82252735169689],[126.39301887828063,37.822467410707546],[126.3936504132796,37.82200068726402],[126.39386563787986,37.821933510464895],[126.39378824381396,37.821639042123415],[126.3940012431117,37.821073586901434],[126.39361562114273,37.819348410443986],[126.39275453482131,37.816734929072595],[126.39186337001954,37.81532656841513],[126.39112390348868,37.81326581054744],[126.39075240012738,37.81248765718416],[126.39086223695662,37.812455459287285],[126.39043607015206,37.81116525811156],[126.38947640143604,37.809448964151706],[126.38909869393026,37.8080621370707],[126.3881754661824,37.80670586163184],[126.38470771495474,37.804623873773004],[126.38322608128003,37.803952181806864],[126.38264871991248,37.80378561045131],[126.38007089329483,37.80336638405102],[126.37991802360357,37.8030141895155],[126.37896205747958,37.80316554122934],[126.37828135908897,37.80362966093005],[126.37804020528752,37.8035543203619],[126.37759866673707,37.80260473811765],[126.37702415557108,37.80259759307906],[126.37671044294369,37.80238067393116],[126.3761889879489,37.80229371977109],[126.37613361378916,37.80234832568428],[126.37509953519498,37.802303763372564],[126.37302944414654,37.801793105079476],[126.37201030465394,37.80144108522062],[126.3717346260678,37.801138853239486],[126.37102307998386,37.80117322019297],[126.37002386636586,37.80070632501536],[126.36941266126705,37.800091672154736],[126.36836806110033,37.79951905724404],[126.36829236646473,37.7992378961794],[126.36777515267875,37.799219590121254],[126.36652314136252,37.79850414914465],[126.36617952464556,37.79801635719372],[126.36578560950636,37.79783621769996],[126.36438416067524,37.79680304348686],[126.3640235357978,37.79672678508048],[126.36389160437568,37.79654013371682],[126.36266912338232,37.795962222358845],[126.3617327245495,37.795422927374744],[126.36094903946734,37.79543270399087],[126.36011996241062,37.79479030733235],[126.3595698165046,37.79447934271685],[126.35948420962156,37.79456040782439],[126.35718464113597,37.793164812308575],[126.35725463775657,37.792964816952995],[126.35717479469973,37.79289300410852],[126.35664753964512,37.79279887243246],[126.35538321099727,37.79204265280553],[126.35520633745696,37.79177549650752],[126.35489180873198,37.79173411655518],[126.35381110330837,37.79180065214417],[126.35363040551096,37.79183354505198],[126.35317609780105,37.79217065837849],[126.35293203556348,37.79216769349452],[126.35276548908013,37.79199563608522],[126.35207145256472,37.791939691253596],[126.35171778535012,37.791502524559476],[126.35179133080383,37.79136649922983],[126.35165189160476,37.79109122696058],[126.35137401931112,37.790946734786964],[126.35123441248824,37.79047112582649],[126.35072334816964,37.7899786383069],[126.35057959558428,37.78956555997631],[126.35084084265907,37.789141220566876],[126.35099485134171,37.78909590496341],[126.35131164097668,37.78879247679585],[126.35285792460854,37.78705212404615],[126.35341487113931,37.786661206311784],[126.3538546473342,37.786551622825954],[126.35415621562771,37.78625577904466],[126.35419471191268,37.78638480506185],[126.3544333835191,37.785179050908724],[126.353936404748,37.78508818363609],[126.35355528814267,37.78516087350769],[126.3532480385971,37.78512741963229],[126.35331373012966,37.78476608961001],[126.354111047418,37.78193889478242],[126.35452633872384,37.78156469593123],[126.3551448304288,37.78146340320687],[126.35500030803449,37.78014217485356],[126.3548883877182,37.780048581903515],[126.35482782946892,37.77975115127984],[126.35511685796882,37.778423344639926],[126.35511127266881,37.778069590055786],[126.35473259886864,37.77793806511232],[126.35461673959004,37.77725874597201],[126.3546793288858,37.776654930860914],[126.35484852013948,37.77644092353431],[126.35471339991565,37.77606988637398],[126.35494332625275,37.77564847820079],[126.35515727489656,37.775667707051184],[126.35481654568859,37.77499011316962],[126.3547534451584,37.774159428291846],[126.35476696382378,37.77365569039882],[126.35485443366902,37.773517987677195],[126.35473965538267,37.773204262262304],[126.35467985662132,37.77179138440226],[126.35506887176594,37.77114787486273],[126.3546372274459,37.77098765765103],[126.35496236296929,37.770105251932655],[126.35482756249634,37.76991498440382],[126.35523754320486,37.76963109954479],[126.35599281361543,37.7693291132666],[126.35614462525761,37.76882296813502],[126.3569067867313,37.76868808070352],[126.35722656346175,37.76826365824423],[126.35720409086055,37.767968361086865],[126.3573473862615,37.76778197716845],[126.35764237300761,37.767649884097295],[126.35792897152447,37.76771600913312],[126.35796757045767,37.76745431405805],[126.35789741348802,37.76737923193884],[126.35789131074722,37.76748225937127],[126.35729934971035,37.767762250608634],[126.35585982199005,37.767493729857186],[126.35636309781368,37.76183046359541],[126.35693558792303,37.76166900999201],[126.35675742638804,37.76130462685136],[126.35636201938331,37.759139362929744],[126.35647485762357,37.75842415322868],[126.3566547992705,37.75795330786885],[126.3560822419261,37.757588902352566],[126.35573489181209,37.757004408992096],[126.35516126874685,37.754227677735535],[126.35517260641473,37.75354472416241],[126.35483635048043,37.75129293669623],[126.3549057882289,37.75100011941616],[126.35477929721164,37.74982098161821],[126.35459735137817,37.74939379031149],[126.3545929634928,37.74897820336875],[126.35381932818034,37.74463387973336],[126.35433831530152,37.74293543167275],[126.35440624905122,37.74244087839433],[126.35534742659597,37.74189470543066],[126.35540283566193,37.7419536680372],[126.35528140214042,37.74150757584558],[126.35550723573228,37.74151326457676],[126.35643002526277,37.741081353476126],[126.35667023251828,37.74113620386178],[126.35676738180929,37.74095179588537],[126.3570897220973,37.74109819124792],[126.35776823211704,37.74103537632946],[126.35740168089373,37.740329080618345],[126.35659569941835,37.74059291995196],[126.35511690094555,37.74086521218215],[126.35468514937791,37.74085009942945],[126.35457726513141,37.74081485853074],[126.35434000586612,37.740474904768284],[126.3536492213641,37.740401254291754],[126.35364921658486,37.74047156211492],[126.35344269675554,37.74045348572059],[126.35259745830014,37.73994782960068],[126.35229832391563,37.73646946134643],[126.352613282323,37.734148247748806],[126.35218114915418,37.73391607426294],[126.35323285815272,37.72463893986145],[126.35334883609626,37.72463989429699],[126.35373669479885,37.72418350418166],[126.3536033421804,37.72403233635694],[126.35378687217444,37.72389333199214],[126.35384936852347,37.72379422115912],[126.353791245609,37.72366697430206],[126.35414337017743,37.72320069559429],[126.35382883482883,37.722570955948335],[126.35378349323935,37.72150851210063],[126.35348648864901,37.72020312220591],[126.3535622462736,37.71911119976041],[126.35438070918443,37.71898402291805],[126.35431432470119,37.71867847260028],[126.35368091671725,37.71850370165055],[126.3534515881906,37.71762995740936],[126.35321685909064,37.71742608615835],[126.35291092508696,37.71742976226634],[126.35199394921952,37.7167213189539],[126.3518323021018,37.71667593949294],[126.35160482887741,37.716858854408244],[126.3514110693545,37.716529659610046],[126.35156839296677,37.71640307855213],[126.35162781466761,37.71603369742436],[126.3518275516555,37.71577773034695],[126.35179336284153,37.71531089083736],[126.3522744901315,37.71473415569323],[126.35236915141276,37.71474507216078],[126.35279433101535,37.71382312706684],[126.35276164021286,37.71357304106455],[126.35239922553387,37.71323443524217],[126.35256288543137,37.71303781482341],[126.35280623606347,37.71299097640932],[126.35297606980447,37.71267573810342],[126.3527569396604,37.712559567815624],[126.35308792501725,37.71203812305555],[126.35320398016084,37.7121086823027],[126.35334561347203,37.71200559259241],[126.35347061445117,37.712026341591645],[126.3537367885039,37.71158030187042],[126.35396521101451,37.71147298821623],[126.35444376854177,37.710372921557735],[126.35468456939809,37.710258347570196],[126.35484216409304,37.70995516996879],[126.35466654230942,37.70966549681462],[126.35471488718137,37.709182667883894],[126.3553245175183,37.70875789612818],[126.35523005389457,37.70837800746902],[126.3555551611006,37.70793177268149],[126.35562831706031,37.70718193780685],[126.35575320175803,37.70701899265729],[126.35559044156963,37.70667750174959],[126.3562981313168,37.706276144154664],[126.35627853597312,37.705921373276915],[126.35713619379888,37.70562655444936],[126.35769234610864,37.705612579148095],[126.35829773304384,37.7051299703106],[126.35885293658274,37.703921760654616],[126.35920842017445,37.703574459032815],[126.35950963607416,37.70342765336305],[126.3598016091166,37.703589848096975],[126.36045317074682,37.70378961615318],[126.36068426439334,37.70372619109681],[126.36141727269303,37.70388805755342],[126.36182957343682,37.70366896488393],[126.36237676644359,37.70416019263368],[126.36294558334805,37.704147716730404],[126.3633590616335,37.70427085413863],[126.36378824281661,37.70419169770049],[126.36440535052704,37.70423197633785],[126.36443944476754,37.704006943742634],[126.36559122904869,37.70380710759987],[126.36665537940112,37.70401328960628],[126.36667733803553,37.70413105083966],[126.36749461494047,37.70376647689103],[126.36810077330662,37.7036354780485],[126.36828994470551,37.70371675502753],[126.37089281153875,37.70291742211327],[126.37129679775047,37.70330339012002],[126.37143405363496,37.70281970605693],[126.3723806932314,37.702330216580684],[126.37254632366682,37.702750427428754],[126.37278753772117,37.702240575511965],[126.37310909336465,37.70198441689257],[126.37365091786832,37.70115693212096],[126.37376545994923,37.700817231693385],[126.37387920917652,37.70073627897577],[126.37391669043785,37.700409626951334],[126.3740321436266,37.7004240658232],[126.37411790815865,37.700600006386836],[126.37443107939201,37.700460667208134],[126.3749438557384,37.70065323122871],[126.37504421068314,37.700581107967075],[126.37778493289882,37.70104776469912],[126.37776183501856,37.70091867972051],[126.37793309902374,37.70071292313432],[126.37901015081886,37.70057283575638],[126.3788413872006,37.69968538241311],[126.37892550700097,37.69967957367677],[126.37909999850066,37.70056157574669],[126.38087011393249,37.700369733480414],[126.38102944407991,37.700436019291764],[126.38103420122349,37.70023011874219],[126.38116846317355,37.70022649523744],[126.38122177803871,37.70037694648977],[126.38222522883184,37.700312045358864],[126.38230589135635,37.70094252110087],[126.38326920329288,37.700763586109716],[126.38455738578291,37.70043918385615],[126.38678891605392,37.69956865550225],[126.38831562308991,37.698603407738695],[126.38927225425863,37.697374444512185],[126.39030898085329,37.696785369180226],[126.3908711223592,37.69629814726275],[126.3911818311665,37.69567276968253],[126.39125816639748,37.69561983548043],[126.39178202741365,37.69575554071078],[126.39185461167753,37.69527246349894],[126.39196283924502,37.69502550544747],[126.39223295124742,37.69473558979016],[126.39218415848825,37.69459755646464],[126.39236659236566,37.69419447939832],[126.39219727579646,37.69405429911393],[126.39207366498697,37.69372381123072],[126.39216239754793,37.69346043389276],[126.3916558032509,37.69338733336049],[126.39141610431294,37.692551757984596],[126.39109011886612,37.69200496573078],[126.39073682671561,37.69162450782877],[126.39089617574524,37.69128913243798],[126.39206195826735,37.69191004899524],[126.39105020920574,37.6913428643732],[126.39068098300609,37.6909714361818],[126.39020636567227,37.69109666584033],[126.38969092592198,37.69059766849633],[126.38821780475473,37.69043711038068],[126.3882793496185,37.68961153613135],[126.38908225356889,37.68944710031093],[126.38922100380378,37.68853137314298],[126.38962628073853,37.68774798867312],[126.39054243054933,37.687212894230555],[126.39048984934334,37.686579184422165],[126.39055379443595,37.68606635027834],[126.39150009942986,37.68510922481423],[126.39150201671349,37.684998806447645],[126.39361703013222,37.68404884344479],[126.3940915079491,37.68370870824421],[126.39463670947664,37.682511421311105],[126.39553803804189,37.68192913448962],[126.39556217362608,37.68163111703152],[126.3972471093916,37.681036664534105],[126.39804455411077,37.68121440523922],[126.39859613241667,37.68087860868354],[126.39866167466653,37.68082185518483],[126.39855276537943,37.680757310844115],[126.39882785675586,37.68048171684305],[126.39886324975838,37.68021968830945],[126.39878774044983,37.680128100232196],[126.39889174125696,37.679613242229394],[126.39934671435626,37.67968457425613],[126.39942040857574,37.67939482366931],[126.39984129139431,37.67908861491426],[126.4005943650428,37.67801254742628],[126.40180446142429,37.677383419183386],[126.40227700734344,37.677219942089245],[126.40259818692961,37.6769471483747],[126.40318630762107,37.676869216439876],[126.40312711858704,37.676747497878054],[126.40383891159067,37.676137062015584],[126.40389985452786,37.67594668469823],[126.4038447424695,37.67562352292482],[126.40408804817415,37.674720432697264],[126.4046773517027,37.67374372191987],[126.40520989891789,37.67317343026488],[126.40582825553633,37.671452628161326],[126.40578205757558,37.67072186070773],[126.40603279240696,37.67008335837676],[126.40602356055666,37.66844909801874],[126.40553603457012,37.667531997150974],[126.40550042986078,37.66718876602251],[126.40631346219398,37.66618849123145],[126.40709140775238,37.66473918273435],[126.40738622793974,37.66434352983789],[126.40769255526685,37.66413374630187],[126.40819181768877,37.66348041133677],[126.40903510004412,37.661319987632],[126.41009637981797,37.65920807156312],[126.41011484711831,37.6589263760141],[126.40946960442713,37.65796333174489],[126.40965713398073,37.656837486179256],[126.41073598847528,37.65715364518887],[126.41263146164458,37.656405712687786],[126.4122939039047,37.65609391933683],[126.41176679958751,37.65532567242622],[126.41138750452954,37.65438564508458],[126.41033471294041,37.654295582551406],[126.41101333754519,37.65278679653956],[126.41116479394441,37.65147333590271],[126.41105671230255,37.65097787239521],[126.41082131109977,37.65064186550966],[126.41054437810433,37.649652832281305],[126.40901210043081,37.64857455870358],[126.40751172635125,37.64728449757683],[126.40686442180625,37.646828050458126],[126.40681119523065,37.646701593370516],[126.40598250140344,37.64639828596573],[126.40589237762521,37.646280803062695],[126.40603572630611,37.64605626048468],[126.40594899555057,37.645928838722696],[126.40606612539901,37.64579929337968],[126.40604377787004,37.645700007491094],[126.4058119004386,37.64568078023673],[126.40537443347432,37.6452171686662],[126.40452375551514,37.643979397428836],[126.40380845446055,37.64343774180782],[126.40320988067631,37.642736040600795],[126.40207758800301,37.64226623391827],[126.40001623230297,37.64088126208121],[126.39958524573044,37.6408235143016],[126.39847014627553,37.6404141320511],[126.3978625473635,37.64003383631196],[126.39733087625592,37.63983571000739],[126.39576767009449,37.639548484265724],[126.39571185771777,37.63966643825685],[126.39483355056869,37.63979659967058],[126.39483278073259,37.63952703784034],[126.39404512862679,37.63943557712707],[126.3936792695891,37.63973866568238],[126.39232322764065,37.64002108336008],[126.39229474251847,37.64028572422048],[126.39249625155993,37.6406922357216],[126.39176154143327,37.640925720943365],[126.3917148492361,37.64084298732033],[126.39157498078137,37.64087120470382],[126.39166227590279,37.64102146484513],[126.39105343633561,37.64115048411143],[126.39098203642803,37.6409884795324],[126.39060075383335,37.641229696241005],[126.39032764991808,37.64107306021243],[126.39042037359435,37.64062952715308],[126.39033977553288,37.640467010416074],[126.39005933028514,37.64034606248619],[126.38972051994475,37.63993569555968],[126.38952535688055,37.63993998997781],[126.38926054969056,37.63977250364209],[126.38813664120258,37.639729863065206],[126.38771448625192,37.64013508371596],[126.3875234467654,37.64004627981917],[126.38685423412346,37.63919900508858],[126.38660254957888,37.63900825695199],[126.38597116846154,37.63890005271216],[126.38580527226169,37.63870035309301],[126.38570949546836,37.638808264755],[126.38499830164123,37.63860218680483],[126.38503983083966,37.63847179648244],[126.38487734464549,37.638413977797576],[126.38432190692659,37.63834462031921],[126.38390789281078,37.638198484940695],[126.38250125767756,37.63811330077088],[126.38232141986319,37.63813794252692],[126.38232325054662,37.638251317184185],[126.38215883292517,37.638350680924795],[126.3807958315584,37.63874711725661],[126.3806379212919,37.638739626489915],[126.38056408064891,37.63846607993266],[126.3803581674401,37.63830291110703],[126.3804285720861,37.63808463196503],[126.38100904712446,37.6374525935869],[126.3808676802753,37.63722703578696],[126.3803458729502,37.63734348765399],[126.37940514719423,37.637136974650595],[126.379193496855,37.637157173344804],[126.37805263698458,37.63677126795076],[126.37800118789394,37.636648969471175],[126.37692641739606,37.636413281717516],[126.37676309627653,37.63629361012217],[126.37504186259423,37.636307638353315],[126.37486927228761,37.636297268970544],[126.37478886653872,37.63621712496979],[126.37318510640527,37.636509008655736],[126.37274650712334,37.63639812425579],[126.37218198978553,37.63640050744002],[126.37093978196708,37.63650707403317],[126.37078549180934,37.63659898908611],[126.37056001880708,37.63654817831206],[126.36971655651277,37.63669763965504],[126.36926857826134,37.63700233850494],[126.36899092299623,37.636999165420185],[126.3687407586006,37.63658790051078],[126.36903273222485,37.63632938650291],[126.36889421631493,37.636061544278824],[126.3675723948996,37.63592661164791],[126.36692559935388,37.635937708792376],[126.36655521714152,37.635429540602885],[126.36590380092892,37.6353005521191],[126.36583058093618,37.63505681830962],[126.36610598319305,37.63465262672982],[126.36766098485856,37.63383589502711],[126.36848284655412,37.633870403020815],[126.36901238197115,37.63397761807533],[126.37060959872166,37.63353699011651],[126.37266556679089,37.63273004151771],[126.37286849944374,37.6325941905193],[126.37315057835814,37.63209535707795],[126.37328553996664,37.63200664578499],[126.37343776060693,37.63203581311248],[126.37351289867783,37.63194322136378],[126.37403827284675,37.63096061513376],[126.37426837272939,37.63096522817395],[126.37439482807962,37.63058558318151],[126.37430810982083,37.630236569799806],[126.37441281142554,37.62963226518921],[126.37471633301318,37.62961260262969],[126.37477780693226,37.629547056015575],[126.37480504368398,37.628346455983475],[126.37485943867696,37.628180579962596],[126.3749845212013,37.62817193538701],[126.37498432900028,37.627577553122876],[126.37448692774173,37.62756920629266],[126.37409583623499,37.627357554040294],[126.37383693573939,37.6270579644819],[126.37387793853358,37.62700082359397],[126.37360454370193,37.62679261780232],[126.37346473899059,37.626781415112994],[126.37340651893987,37.62685833944565],[126.37321830358074,37.626716554458575],[126.37283133707707,37.626628813688214],[126.37310640260972,37.62637363139184],[126.3730654012264,37.62623307493641],[126.37333237786791,37.626163497125205],[126.37330145750504,37.626032698046615],[126.37337505914724,37.625954285654174],[126.37353017715111,37.62591841498995],[126.37381284832125,37.62601958940537],[126.37395215773842,37.62589233546437],[126.37397523224895,37.625709342363905],[126.37458772943431,37.62571055304803],[126.3749428418955,37.62534054407604],[126.37523770940624,37.62538537052385],[126.37542171534567,37.62530468324202],[126.37549014060953,37.625123525157356],[126.37535082203478,37.624792102889565],[126.37560991301216,37.624124713957016],[126.37550595543912,37.62387628364933],[126.37552299326609,37.62349194805737],[126.37560688347568,37.623227462157665],[126.3759651551369,37.62280009716191],[126.37573937419366,37.622666174743465],[126.37578496922055,37.622181760202665],[126.37587954588862,37.621888245628604],[126.37613180442723,37.62172990823256],[126.37602755182773,37.621240511184055],[126.37577209061115,37.62113329329647],[126.37540225348093,37.621183342785606],[126.37530764577272,37.62109502737011],[126.37540446996319,37.620863397737224],[126.37555091638538,37.620764475589134],[126.37557162930966,37.62057263687827],[126.37595922835156,37.620584427762495],[126.37613120641014,37.62051426944256],[126.37620135109876,37.62025600049655],[126.37662179750569,37.61980952844102],[126.37709891838531,37.61948455463096],[126.37754001807971,37.61936889720137],[126.37760323857334,37.61924458091107],[126.37757707449104,37.6182189898427],[126.37773675267074,37.615893688727695],[126.37737784161267,37.615657179424694],[126.377110574223,37.61535799223264],[126.37687510685713,37.6153526916521],[126.3765555012319,37.61509641142704],[126.37551843584748,37.614526486173375],[126.37484985305112,37.614375023840154],[126.37385054476356,37.61391630510086],[126.37352589722308,37.61399299630615],[126.37251723962244,37.613907377172325],[126.37241374130218,37.614040476999016],[126.37138754534111,37.61367384040393],[126.37098797734785,37.6136710809791],[126.37066405591118,37.613308166207744],[126.37098198370879,37.61317127177437],[126.37098348732663,37.613007182698354],[126.37073535537094,37.612911379416225],[126.37075623353962,37.612604569366496],[126.3707878152175,37.61238106413839],[126.3710162037543,37.6123559148712],[126.37124631102509,37.61183933472714],[126.37175811745061,37.61164026107293],[126.37284207242512,37.611779140402774],[126.3746718696085,37.61220848131115],[126.37498441417996,37.61214625558276],[126.37570242018596,37.61175554938717],[126.37579549027242,37.611859802082726],[126.37621028909771,37.61168447198613],[126.37728586603008,37.61105760583343],[126.37791374099817,37.61049834278943],[126.37826998710327,37.6104254730528],[126.37864466880974,37.609432870850036],[126.37884873639929,37.60954427339881],[126.37928536621914,37.60958662768887],[126.37932309156794,37.609506853023326],[126.38052864403558,37.60916610443712],[126.38088267237559,37.60909685878047],[126.38106004028938,37.609143816442455],[126.3811224199276,37.60923396954169],[126.38049641570446,37.60949343160188],[126.38170578760496,37.60920520501996],[126.38279600239632,37.608671387848055],[126.38467317262568,37.60840998166338],[126.38465623242591,37.60836205336717],[126.38501903210408,37.60824260320725],[126.38555757460615,37.60814841479736],[126.38562502201415,37.608189119564905],[126.3858579865869,37.607991067829936],[126.38585297286052,37.60784920566104],[126.38551758031394,37.6060015672803],[126.38586140597118,37.60485061818551],[126.38671810281446,37.60403699146113],[126.38781329841903,37.60317389225894],[126.38963935757752,37.60209707041891],[126.3933328401213,37.601046293682195],[126.39572697026263,37.59840208795194],[126.39842781117463,37.596867035467284],[126.39877965623016,37.59655581354436],[126.39901859883172,37.59653466978742],[126.40316786997603,37.59428304305881],[126.40461035492875,37.59400621233221],[126.40553586341154,37.594008191765134],[126.40681184745226,37.594403515848406],[126.40689785224501,37.59453221661217],[126.40706692159944,37.59452720673087],[126.40740775000039,37.594706177791196],[126.40766027208903,37.594488399307984],[126.40820054654299,37.5942918121067],[126.40916636270593,37.59445338884011],[126.4099888758135,37.5938871806167],[126.41051554468194,37.59379362206701],[126.41134676910953,37.593923542675775],[126.41163466799523,37.59417594019048],[126.41174149287872,37.594147592207804],[126.41155988457695,37.59311021064204],[126.4116742561631,37.593112491902474],[126.41178308906721,37.59414123577238],[126.41196515016705,37.594382796678374],[126.41434501690252,37.59358579587472],[126.43633975407293,37.5927848831163],[126.43632167240496,37.59273682841166],[126.43682966865005,37.592523244557285],[126.43774870475308,37.59274438483324],[126.4389764035213,37.59225604548502],[126.43923492045738,37.592450770372565],[126.43935837219513,37.592778292757075],[126.4397151917849,37.59304230435305],[126.43973308116215,37.59314786670137],[126.44117437592455,37.59342379486897],[126.44266101940623,37.59381615308016],[126.44279378337525,37.59406171661492],[126.44244848567753,37.59491508542567],[126.44323323776662,37.59495790173451],[126.44347545057398,37.59523618099237],[126.44340823626258,37.59426801120389],[126.44605323619886,37.59413460236774],[126.44625142411257,37.59456653702736],[126.44684931999383,37.59448447996916],[126.4470294033208,37.59459865601498],[126.44870522242547,37.59390139338344],[126.44926159423942,37.59375105231408],[126.44974734741473,37.59339324810839],[126.45007178188695,37.59326240409483],[126.4508079491191,37.59314074466009],[126.45195716472394,37.593255318622774],[126.45259325089414,37.59382578016144],[126.45328184646213,37.59380807398347],[126.45406634183423,37.59352098725975],[126.45468770040054,37.59378005053235],[126.45508526680365,37.59378243776153],[126.4551259081928,37.59367815772297],[126.45564800848828,37.59360913175738],[126.45575933444606,37.59370816414469],[126.45615703952042,37.59355796853377],[126.45637563984158,37.5932614463923],[126.4566141783111,37.59325516857864],[126.4580510141207,37.59253727331012],[126.46018679654918,37.59175759975586],[126.46074603811067,37.59127250374881],[126.46113150942938,37.59046625892223],[126.46104923237915,37.59023787643071],[126.46119260080678,37.59025205290417],[126.46135819300356,37.58999095135297],[126.46161391838761,37.58923461093399],[126.46216904788798,37.58970525901469],[126.46226562228081,37.59062838847715],[126.46238373480722,37.590554775793194],[126.46242475199273,37.590397977249026],[126.46235776099084,37.589774384362634],[126.46223509978086,37.58964943741457],[126.46266899288237,37.589474766545806],[126.46278722183553,37.589342790787995],[126.46286982250446,37.58948381524483],[126.46237988004641,37.58967144083157],[126.46247428477568,37.590350635595314],[126.46259287737122,37.590390634332664],[126.46298735106174,37.59094545833088],[126.46268070940093,37.59108103408208],[126.46288241566035,37.59131415903877],[126.4629170375307,37.59165424398742],[126.4624788548073,37.591674124720576],[126.4623475770399,37.5920860793743],[126.46248120895937,37.592447248727666],[126.46296463845759,37.592797687617384],[126.46296119866994,37.59302175292337],[126.46325973554836,37.59304723375774],[126.46315795522014,37.593109426981954],[126.46325932200595,37.59342006046078],[126.46264972183751,37.59352930961369],[126.46283536464496,37.593734508805014],[126.46233169287336,37.59415723241382],[126.46223389825509,37.59415827425295],[126.4629225361899,37.59480436430926],[126.46320065798328,37.59531425594269],[126.46367835157726,37.595573567994954],[126.46418647074417,37.59598175316388],[126.46589429510512,37.595649386918566],[126.46714514000952,37.59583267273445],[126.4779455997154,37.598844110292134],[126.47829809171483,37.599031147831255],[126.47854778768264,37.59940206829815],[126.47860732526722,37.59982544544219],[126.47714534318875,37.603321561581886],[126.47825791305226,37.604315423330206],[126.478525197884,37.60411111758393],[126.47933213567005,37.60477923946365],[126.47905700328079,37.60499097895495],[126.47956746687251,37.60542251171981],[126.48023681300401,37.60460639744531],[126.48073677141174,37.604960949655975],[126.48095937605204,37.604870147831534],[126.4810701200465,37.604909720550644],[126.4815875378346,37.60470129581846],[126.48157275791463,37.6046178819101],[126.48193761852895,37.604378373955406],[126.48239672133413,37.604282530498296],[126.48250705008421,37.604413496238145],[126.48341362364128,37.60404358988531],[126.48368979113748,37.60384626334624],[126.48357500875386,37.60352783174479],[126.48364061625571,37.603258506810675],[126.48425365910721,37.60272744271309],[126.48488786258079,37.60242565860169],[126.48601723576456,37.60215742922531],[126.48612897301504,37.60205152655175],[126.48607982593936,37.601977967053365],[126.48715774608185,37.60118260672866],[126.4886553619161,37.60049447651329],[126.48881576089524,37.60045755453055],[126.48901763678545,37.600546688670875],[126.48947818903775,37.60046403375574],[126.48958988337206,37.60013189864402],[126.49032655759486,37.60010269958907],[126.49061605732113,37.60029640648828],[126.4914357246489,37.60014128864379],[126.49164964776787,37.60036682901014],[126.49179941823529,37.60027209166265],[126.4918349525473,37.600064607008086],[126.49264848272826,37.59959207860644],[126.49338756060655,37.59932373428701],[126.49354586005714,37.599422304787744],[126.49422874775264,37.59937862365085],[126.49436178413463,37.599315496420054],[126.49447804071066,37.59901585774714],[126.49558368540677,37.59867487865119],[126.49546018537184,37.598572093782124],[126.49534687308407,37.59861939022636],[126.49530882932125,37.597395329350086],[126.49570015665655,37.597364944434844],[126.49565338748624,37.59672713177137],[126.49537657142602,37.596299921065686],[126.49543537120464,37.596279515223365],[126.49571807669132,37.596720700081555],[126.49577944177098,37.59736391325121],[126.49591282847375,37.59736217617978],[126.49595932549649,37.59819790329937],[126.49703558410937,37.598044911455304],[126.49730301928005,37.59820940643711],[126.49734984734447,37.59831777730513],[126.49769051939845,37.59830218914696],[126.49785897284539,37.598430338462755],[126.49822812004979,37.59838441012814],[126.49864149678808,37.59847817056519],[126.49877163668694,37.59831336720906],[126.49938872239068,37.59815215348766],[126.4996560649822,37.59790441827415],[126.49998412568421,37.59776824250483],[126.50016605971953,37.59774311240932],[126.50051715427838,37.59807924897707],[126.50057160164043,37.59805549239454],[126.50048118356237,37.597958109754856],[126.5006775308671,37.597816970825],[126.50081786601379,37.597953173803845],[126.50092209226433,37.597481981144604],[126.50222040589541,37.59717216947041],[126.50280280363131,37.59667006099035],[126.50433563067199,37.59637625775963],[126.50501769242086,37.59642516134072],[126.50605075725312,37.596830138771864],[126.50689213843562,37.596912878016944],[126.50775191515483,37.59666384409249],[126.50834649175708,37.59663085344337],[126.5085023737292,37.59668861022607],[126.50910218632947,37.59657273846491],[126.50939477591425,37.59666825318975],[126.50958333980583,37.59689558576854],[126.5101887237413,37.59658176022428],[126.51049943288831,37.5965640537431],[126.51082313872563,37.596808482864],[126.51086894073171,37.59695630364139],[126.51099963516039,37.59695088581155],[126.51105030640332,37.59715359583182],[126.51097199549447,37.597273274852164],[126.5112931660823,37.59747334286264],[126.5117304856767,37.59790639573634],[126.51175223709885,37.598285682988696],[126.51270503943744,37.599563256334164],[126.51320062853483,37.599468267630535],[126.5133438999166,37.599282799955375],[126.51441507595275,37.59984978656673],[126.5148913985941,37.60039051662755],[126.51468084443091,37.60073414305611],[126.51430070926351,37.60080119296659],[126.5139105853427,37.60071034943849],[126.51394027013932,37.60090574173216],[126.51478225679745,37.60079510325298],[126.5151169036881,37.6012379351441],[126.51541534559935,37.602423090613506],[126.51517188131311,37.60302774054771],[126.51544660169135,37.60326782129907],[126.51566868668874,37.604234515408955],[126.51529523318213,37.605231181410936],[126.51544887222641,37.605549057874256],[126.51647184590577,37.60511862951316],[126.51673352469801,37.605137484377394],[126.51981271782904,37.60695595401704],[126.5204500289222,37.607799252237726],[126.52133542559173,37.60790554551006],[126.5215149679623,37.6083089178054],[126.52104496224347,37.60851231172902],[126.52041859922102,37.60855783986327],[126.5204724772715,37.60859983729949],[126.52028871901422,37.608689817933026],[126.51997577251406,37.60907099225972],[126.52081492570602,37.61007305807962],[126.52035773191648,37.610535873818236],[126.52009006205192,37.61095845198542],[126.52268173471326,37.6115985437694],[126.52260695001875,37.611690249691044],[126.52452070501221,37.61216557315479],[126.52860101674278,37.61314399580877],[126.5290530381891,37.613143393855175],[126.53410194679392,37.61436986780544],[126.53440681616166,37.613984351995995],[126.53509419764761,37.614036310805645],[126.53528210644501,37.61414357704131],[126.53523286319881,37.61496532433637],[126.53536268176273,37.615769351987936],[126.53531716945675,37.61612476458468],[126.53561206648875,37.61621003138284],[126.53542739104803,37.617252254291316],[126.53544334496088,37.617652349488274],[126.53856200055996,37.618175793753025],[126.53951293210113,37.617739611507346],[126.54116275958829,37.61798182367863],[126.54135997776999,37.61796837382989],[126.54164321891831,37.6176885887025],[126.54274484139857,37.617809595501896],[126.54301361025432,37.618147449128315],[126.54331449778397,37.618909457145115],[126.54358746562845,37.61905361269837],[126.54294936290938,37.61976759411012],[126.54230643644495,37.62146607084811],[126.54161660703822,37.622423235134576],[126.54011617781575,37.62422746699219],[126.54000573174457,37.624037272802816],[126.54011771103183,37.62381328375223],[126.53974639835104,37.62382271347786],[126.53944123550032,37.62391573494774],[126.5396166075963,37.624372720640224],[126.53886451897635,37.62504610155464],[126.53959468736151,37.62554022049535],[126.5395041410388,37.625623150362244],[126.53831920713226,37.62475530539236],[126.5378976953503,37.62512537463607],[126.53763847138636,37.6248663212705],[126.53773889326294,37.62449181073531],[126.53761518164156,37.62452950247815],[126.5372340940003,37.624157821594665],[126.53713581271066,37.623954155269864],[126.53714302003405,37.62225674869398],[126.53536425329496,37.621963037254204],[126.5352454793051,37.622101402628424],[126.53517598869064,37.62480006315391],[126.53419277667307,37.62480322272221],[126.5341422644892,37.62742590400078],[126.53667932670471,37.62901995729171],[126.53587102154002,37.62985560495107],[126.53413514200818,37.6287417133664],[126.53398965199307,37.62962418267098],[126.53298878444312,37.63193372747235],[126.53242425766292,37.63244811006934],[126.53254335639066,37.63258824272045],[126.53243613286152,37.63278658486609],[126.53176301333198,37.63295919806998],[126.53171053943176,37.63303273520454],[126.53169078877963,37.63364028913299],[126.53154844472667,37.63422596386833],[126.53170256334082,37.634575037087856],[126.53149407140839,37.635277918054214],[126.5318446784816,37.63547795488369],[126.53150059018886,37.63584886721995],[126.53209925684052,37.63619140790159],[126.53198895554385,37.63631101787219],[126.5313975925772,37.63595685262851],[126.53124053513254,37.636124133024914],[126.53101777593676,37.63600282711587],[126.52993101859553,37.63751492832123],[126.52950023729824,37.63732888915966],[126.52909344590442,37.63795570552078],[126.52894376346947,37.6383867999432],[126.5284545810283,37.63919371041199],[126.52781030515357,37.64089293714505],[126.52760875770565,37.6411182768204],[126.52710830678558,37.64248475398792],[126.52634019818817,37.644065877497866],[126.52618746057365,37.644695857683736],[126.52607626413048,37.64480030943505],[126.52592879427671,37.64579436946726],[126.52533350779287,37.64559036785593],[126.52454862762973,37.64558788748446],[126.52455929902655,37.64553818600555],[126.52309776032045,37.64535837997063],[126.52297194398513,37.6454681442777],[126.52297207172137,37.64559656740682],[126.52227275648902,37.646178997327134],[126.52217486522356,37.64621555780812],[126.52193817945096,37.645973280122774],[126.52162151387365,37.64591475757067],[126.52166153050035,37.645567341532704],[126.52147864966565,37.64595532207778],[126.52123995744034,37.64621838475452],[126.52118609383459,37.646163665813276],[126.52112261910902,37.646214227597504],[126.52115893562195,37.64642620358224],[126.52201610786918,37.64660904109537],[126.52306653018654,37.64634904222817],[126.52427908494086,37.64629565551246],[126.52458074744077,37.64615961137275],[126.52513972881842,37.64616621017829],[126.52518840846258,37.64626489897858],[126.52559660621726,37.64641520772714],[126.5259468724853,37.64686863956473],[126.52639928168041,37.64717093169195],[126.52656966531987,37.647187508953664],[126.52680117357532,37.647496689026575],[126.52659804028974,37.647824618670654],[126.52600156616401,37.647776749171385],[126.52628194933344,37.64828846500535],[126.5262665402929,37.64848277586183],[126.52601094375868,37.64898640835161],[126.52611930863493,37.64928531978017],[126.52596150823985,37.64936659630252],[126.52595843692882,37.64946875170107],[126.5256061370982,37.64940940219941],[126.52518082352452,37.64954726917483],[126.52515953258806,37.64964509690106],[126.52445469219727,37.65029585557148],[126.52413005888762,37.650300975192515],[126.52385132709216,37.65020738616852],[126.52376402537092,37.65069236069404],[126.52363990480112,37.65090330927189],[126.52251252188452,37.65188793481307],[126.52259043649765,37.651986083401304],[126.52212096050681,37.652282717616586],[126.52243607462289,37.65239472251545],[126.5221753598174,37.652585333446225],[126.52261364551364,37.65269524051424],[126.52266292130821,37.65322857887598],[126.52239324076248,37.65448927694483],[126.52277659581593,37.65555123328997],[126.52288459784486,37.65626157756318],[126.52312529958652,37.65652315507784],[126.5231778367554,37.65672143282378],[126.52466940991422,37.65829119426215],[126.52478350456099,37.658460026229925],[126.52481668848654,37.658946247673285],[126.52496213195325,37.65903344883844],[126.52551304068452,37.65909966513597],[126.5254134762967,37.65901528607424],[126.52548963123684,37.65901518592805],[126.52592058601617,37.659380674986835],[126.52604957067432,37.65960493193763],[126.52483274520547,37.66004723002282],[126.52568632895284,37.65982102883768],[126.52658924161764,37.65935352549226],[126.52752238400123,37.659542006962155],[126.52833180329102,37.65992424302295],[126.52946616156638,37.66005540750949],[126.52977446078603,37.66028740011442],[126.53087347798593,37.66076883685671],[126.53156750504445,37.660751418402064],[126.53186055320465,37.66059444790057],[126.5324161200465,37.66080858957793],[126.53259253118513,37.660700917126455],[126.53281198153576,37.660383467305266],[126.53299158459785,37.66038797733678],[126.53305471822478,37.66060482235786],[126.5328653091314,37.66066640242593],[126.53252290498968,37.66099812853642],[126.53246449781334,37.66177966310476],[126.53254588226251,37.66182212103413],[126.53268188693907,37.66234460548254],[126.53254392605093,37.662442954368686],[126.53224886984985,37.66394939083354],[126.53210949293988,37.66398159362124],[126.53191941304682,37.66419274931418],[126.53192449234085,37.6644906974827],[126.53127706842943,37.66470759670782],[126.5306773357084,37.664800241823286],[126.53028123952836,37.665248826100864],[126.53027714669527,37.665395731890676],[126.53013869505688,37.665454878104846],[126.52989026631289,37.66541986132555],[126.52953082730559,37.66528708804091],[126.52903820477918,37.66552970455403],[126.52878109537983,37.66539444852009],[126.52877410833119,37.66519444624083],[126.52848360462342,37.664965650944325],[126.52868640602807,37.66522013220489],[126.52757101855485,37.66504463476586],[126.52748902279477,37.665110387444145],[126.52744581556684,37.665039468447176],[126.52731090298288,37.665035296785035],[126.52708213281942,37.66460973041089],[126.52699869731563,37.663841811707435],[126.52659755657106,37.66374728638532],[126.5263151709396,37.66404957115017],[126.52651149205121,37.66518929727068],[126.52643076232671,37.66527092403167],[126.52475031336415,37.66584589502049],[126.52326884811515,37.666519679955634],[126.52280156600843,37.66638237631777],[126.52287749987605,37.66664625851058],[126.52282578992693,37.66673802419485],[126.52100641582776,37.66796758315392],[126.52022754507247,37.66870826938361],[126.51882789032034,37.67031635414001],[126.51868766336156,37.670283546989594],[126.51722478716984,37.673338989511194],[126.51722037242249,37.6735139147406],[126.51703490500464,37.67370066174182],[126.51705055923055,37.67375259084239],[126.51719004161527,37.673697855367685],[126.51717833633886,37.673906493892325],[126.51735113543023,37.67389430532481],[126.51727592146291,37.6748775821968],[126.51709793537898,37.675566609131245],[126.51712746807245,37.67778213048164],[126.51687718949132,37.67786723988833],[126.51697866638006,37.67834002450564],[126.51674517620226,37.67890557958021],[126.51686528094648,37.678895656339556],[126.51712316275157,37.67910552642284],[126.51737558166998,37.67982557779093],[126.51741247772114,37.67988668665013],[126.51753226491772,37.67981383096572],[126.51792868990131,37.680561935238266],[126.51838529708375,37.68118536297798],[126.51832778263824,37.68125614085509],[126.51840056571974,37.681372562223245],[126.51901736579649,37.681681351756154],[126.51940294966106,37.68170167753498],[126.51934111368774,37.68181068075189],[126.51947216729434,37.681921935761125],[126.51962821417399,37.681940207217856],[126.52003380296145,37.682613641093205],[126.52003877019487,37.683189702642764],[126.5198090357794,37.683221330395625],[126.51981752524307,37.68335612008409],[126.51954871714828,37.68333351239747],[126.51942884973866,37.68322862271175],[126.51937737324668,37.68329125803495],[126.5192668742476,37.683069529938344],[126.51872152110045,37.683060027918614],[126.51868604358262,37.68322310841137],[126.5191168170034,37.6833990718725],[126.5192943659836,37.68390300164502],[126.51903284816254,37.6841148025301],[126.51896031468978,37.68435716010658],[126.51899555319707,37.684911291478564],[126.51878173633445,37.686350703423194],[126.51874779028756,37.68738529899574],[126.51878019075805,37.687731438499476],[126.51884159849759,37.68750106203527],[126.51878060851624,37.687320965963934],[126.51897285188971,37.68727668482728],[126.51993929955768,37.68932113438672],[126.51998870334636,37.68961261873137],[126.51972612789525,37.6897467625567],[126.51943026817673,37.68929948030601],[126.51936403919522,37.688768138333195],[126.51892365835057,37.68832119150122],[126.5191946274335,37.68881467018533],[126.51908218472728,37.68883160590287],[126.51920833385687,37.68925666035045],[126.51987635559931,37.69024130137923],[126.51964233704447,37.69027447403605],[126.51967109135619,37.6906831447664],[126.51980885011334,37.690760325537006],[126.52003816444726,37.69071571626329],[126.52014456756731,37.69096348822429],[126.52016179793132,37.691148763697036],[126.52001228563988,37.69143454502865],[126.52009497092502,37.69173320551927],[126.52015012483874,37.69337214348812],[126.52086430053097,37.69602094692501],[126.52090043286063,37.69644615842798],[126.52160266557729,37.69830050425628],[126.52217744302783,37.699239303209474],[126.52303041565253,37.700323090531995],[126.5230070885643,37.70047690305952],[126.52265223383071,37.70063705517364],[126.52281957748333,37.70071635633837],[126.52366156080893,37.70063395471846],[126.52377401881385,37.70083100867149],[126.52364745817138,37.70095524281677],[126.52389269300384,37.701266148588864],[126.52450639486273,37.70167910994896],[126.52535266793593,37.701883651484515],[126.52481305545497,37.70241940694244],[126.52252384590876,37.70363908251124],[126.52125927760162,37.70474312390776],[126.52089980740116,37.70497129770943],[126.52055146544467,37.705310715267586],[126.520715811572,37.70575353836192],[126.52012808237379,37.70577739437475],[126.51987147082298,37.70596307932935],[126.51968365917847,37.70594009985101],[126.51956755290618,37.70570902849541],[126.51926041593754,37.7058863247109],[126.51930047587622,37.7059517470202],[126.51787929877078,37.70681748473432],[126.51785973323805,37.70693038119806],[126.51750959614238,37.7071981905562],[126.51727187243935,37.7068690745531],[126.51719091184312,37.70687858087647],[126.51697587278493,37.707160898878556],[126.51712119328896,37.70753508030302],[126.5163206136324,37.708314527171524],[126.5153510589267,37.709439544125125],[126.51500662453867,37.70936122307974],[126.51507972785892,37.70918831349803],[126.51500598449888,37.70911977970447],[126.51478150385117,37.709412906348724],[126.51453230983967,37.709394885469],[126.51440875451834,37.709523204861654],[126.51421520233589,37.709972220965184],[126.51450526625807,37.70991218844336],[126.51458028731366,37.70982643545096],[126.51499468420522,37.70987098446183],[126.51500505766232,37.70992140700985],[126.5143396395846,37.71112819010559],[126.51356046203516,37.713020062581556],[126.51318384833577,37.71451071080624],[126.51296230383505,37.714637705421175],[126.51271278877726,37.71465110615689],[126.51257074483804,37.71544969494233],[126.51262057831742,37.71597347127744],[126.5125468404726,37.71682635043757],[126.5122057981849,37.717021472190815],[126.51266935008023,37.71702737525303],[126.51273088666154,37.717121702949285],[126.51271964720259,37.71807909564457],[126.51286060098715,37.71884997480332],[126.51252059066782,37.71894788313507],[126.5126401155748,37.71903338403993],[126.51247435423757,37.719093496315224],[126.51249291615295,37.71917495524545],[126.51256606069023,37.719108764119895],[126.51285300689692,37.71917353104503],[126.51308842937266,37.71938622201432],[126.51355568187691,37.72031516206198],[126.51350681575539,37.723221156173345],[126.51391965241972,37.723205969735616],[126.51392513627974,37.72328578784057],[126.51356041124833,37.723311095276905],[126.5136767575143,37.724182708856006],[126.51391351518168,37.72493911641988],[126.51372145116056,37.72503488484412],[126.5139035257956,37.72583272975682],[126.51413298800863,37.726336125200994],[126.51497916858213,37.72797966886188],[126.51685037450757,37.730932076675806],[126.51673657997294,37.73100451772513],[126.5168461019499,37.73121198586422],[126.5170535001159,37.73117776413221],[126.51733846878139,37.73160726841652],[126.51745354763982,37.7316973014347],[126.51754788417625,37.73164004557405],[126.51777038563249,37.73191900763409],[126.51765604906666,37.73198027008252],[126.51775032435421,37.73218000973398],[126.51752006904142,37.73252120416026],[126.51766428559492,37.73248081493808],[126.51793567720459,37.73255027328474],[126.51834026313507,37.733079479040136],[126.51862629749897,37.733283697438935],[126.5196064773246,37.73456078791103],[126.51968457720537,37.7345242182843],[126.52003200520541,37.73488039249005],[126.52010315854635,37.73498323483972],[126.51998345115008,37.735044353295336],[126.52010105310156,37.735274404318936],[126.5219269748122,37.737340936003854],[126.52259778316012,37.73789769609522],[126.52278612726225,37.73815818819403],[126.52341932185122,37.73847788126679],[126.52393696398268,37.738864751924616],[126.52485245137719,37.73973744899112],[126.52507441817315,37.740171594932214],[126.52475331365672,37.74075021193046],[126.52487566511938,37.7409227276182],[126.52486289881814,37.741189909603804],[126.52454222690905,37.741609283681946],[126.5239416195241,37.74189027609258],[126.52419126345463,37.74190180846184],[126.52436900941127,37.74233611909023],[126.5249692602792,37.74430412287297],[126.52507690622757,37.74495484995902],[126.52553922921534,37.745530507254685],[126.52605320434112,37.74587132594802],[126.52597338038072,37.74636461603792],[126.52624810479797,37.74675112831561],[126.52648338652625,37.74732662882181],[126.52642103034245,37.74761576896992],[126.52583453912524,37.74817928639328],[126.52556317450383,37.74816033576569],[126.52543418009184,37.7477943164302],[126.5250392146766,37.74766660141863],[126.52391503627952,37.748182564615874],[126.52218403859456,37.74968113200059],[126.52066966251903,37.750719423205005],[126.51986086023157,37.75163249687073],[126.51987740152795,37.75192129082424],[126.5196224374797,37.75232402453899],[126.51805223237565,37.75379654226469],[126.51789643732329,37.75417681628985],[126.51787130666757,37.75474799023848],[126.51735625550566,37.75559161334988],[126.51703359531479,37.75592354040403],[126.51641516981164,37.75634842932552],[126.51543650360853,37.75738420639808],[126.5146473624924,37.757866911038384],[126.51407177849137,37.75857396404209],[126.51334285509796,37.760079096581194],[126.51130692598055,37.76274733822544],[126.51122071240087,37.76321233249767],[126.51113437133279,37.76321228121177],[126.51101531082116,37.76352969717868],[126.51090650032592,37.76409919172585],[126.51077203585538,37.764325046071036],[126.51068196100779,37.76433762156123],[126.51052187838144,37.76482441662185],[126.51058463739618,37.765338598156916],[126.51047307418148,37.76582879391179],[126.51050035789683,37.766476635931575],[126.51024877241608,37.767267244319406],[126.51034455921706,37.76736950515934],[126.5109459884901,37.76754575640469],[126.51112359899376,37.767759960719744],[126.51158643478799,37.76886716831052],[126.51163296135923,37.76945356964859],[126.51149533002182,37.7698419819867],[126.51185437514772,37.77010034927447],[126.51239335151215,37.77015060110692],[126.51238195025701,37.77020185023616],[126.5128469106542,37.77030277522229],[126.51302867846667,37.77041104822684],[126.5129871679398,37.77056450924966],[126.5123389321727,37.77049332853704],[126.51234575831161,37.77066938060524],[126.51255161781819,37.77096164157062],[126.51247159889986,37.77118118740755],[126.5121084919826,37.77124484040086],[126.51185814569737,37.771657344861005],[126.51137978107815,37.77190296914735],[126.51115345937805,37.7723170643827],[126.51046185310983,37.772768314377565],[126.509815645972,37.77358931386482],[126.50867821125681,37.77369815204576],[126.5084839022296,37.77394717197879],[126.50851367385269,37.773996760694246],[126.50855159092961,37.77390238795769],[126.50896158805172,37.774051978495116],[126.50801306112191,37.776171661402714],[126.50811836661352,37.776705837971065],[126.50829021121868,37.77690043981749],[126.50820499064072,37.77736900803848],[126.50803677233279,37.777628357161554],[126.50817156619246,37.7777349610629],[126.50832309611049,37.77820183016361],[126.50831027591907,37.77895812741035],[126.50815245205342,37.77945204135016],[126.50825268667211,37.77967664582399],[126.50811428308761,37.78010194757211],[126.50750770995263,37.7811005153476],[126.50720432665,37.781021466000716],[126.50786747305273,37.77992249731028],[126.50781013580173,37.77988941794573],[126.50734903652058,37.78065016728979],[126.50701516911406,37.78148207053887],[126.50712977098331,37.78122590253437],[126.50746251162258,37.78138662284631],[126.50689722918099,37.782348120385926],[126.50631891776054,37.78280588250602],[126.50622327833074,37.78277338706542],[126.50623403866001,37.78270408293872],[126.50605706372399,37.78271430327655],[126.50588064432752,37.78282486982459],[126.50599772133923,37.7828922249538],[126.5059032389366,37.78298363242316],[126.50512476089988,37.78347768856081],[126.50449040827263,37.78378955282833],[126.50425725463201,37.78382076213252],[126.5043082011419,37.783992612795714],[126.50369647893496,37.78424763220587],[126.50356606735224,37.7841695868044],[126.50319740751708,37.78440719532916],[126.50146452511261,37.78516903686541],[126.50068810334639,37.78563562798341],[126.50036516598782,37.78561223222284],[126.50012376077053,37.785883982796655],[126.49987491006222,37.785870153435155],[126.49972916044999,37.78593448574014],[126.49919384485897,37.78578371813316],[126.49873187010769,37.78513095839251],[126.49875284347594,37.78531311497079],[126.49830909645542,37.78544674095882],[126.49803529931522,37.78541368137094],[126.49800953410241,37.78561618512756],[126.49773621795153,37.78564529953536],[126.4975405578006,37.78613025598093],[126.48899356042853,37.7887731537401],[126.48339914020414,37.79191340403689],[126.47926148596893,37.79443688370211],[126.47902902802018,37.794280811429346],[126.47728811372441,37.79548508742517],[126.47685473808207,37.79568418415653],[126.47673290571586,37.795967418995936],[126.47275907640754,37.79833697118374],[126.47055407669737,37.79994901456139],[126.46837732147274,37.80175005186355],[126.46856887283174,37.80191737676669],[126.46852797355885,37.80202925964613],[126.46830120375971,37.80204054613525],[126.46819323338987,37.80189984551583],[126.46795013694856,37.80197951617036],[126.4678505163922,37.801893990680185],[126.4676907667856,37.80197908686655],[126.46763938772595,37.80217239442592],[126.46120014423926,37.805131039192396],[126.46043081863291,37.805563235909496],[126.45564981821359,37.80852628660491],[126.45193578829291,37.81141791381641],[126.45115071127248,37.81139620120781],[126.45092282403697,37.811323224961384],[126.45097891107207,37.8110788474924],[126.45086327871091,37.811180180271016],[126.45071234592085,37.8116063473376],[126.4504542577468,37.81179563165224],[126.4497419716891,37.811821049635206],[126.44940215397409,37.81192646610494],[126.44899402762303,37.81224984067749],[126.44847541263918,37.811933539131545],[126.44778166345282,37.8119305809598],[126.44774954785107,37.81186130990021],[126.4475118455337,37.811796543027164],[126.4469996631471,37.81166393790855],[126.44691526867757,37.81169989385731],[126.44721512557823,37.81224292497006],[126.44816681198974,37.81228530529425],[126.4488901234251,37.812703882583214],[126.44955016335211,37.812424624453676],[126.44975512698868,37.812291622051205],[126.44970162238042,37.8121669230372],[126.4500107823652,37.81207391397941],[126.45025681190859,37.812204539940524],[126.45075435891226,37.812296822625385],[126.45084981280715,37.812507477588476],[126.44822491295372,37.81538541093716],[126.4480208189072,37.815290864740604],[126.44784964446823,37.8156808318373],[126.44792083948771,37.81570487714079],[126.44773494216996,37.815970220412616],[126.44747608302387,37.81625041863719],[126.44741674788915,37.816232556824815],[126.4472149470695,37.81657454119842],[126.44670702187751,37.81702901817794],[126.44610696020177,37.817762468425265],[126.44575805831356,37.817890376263286],[126.44552330582519,37.81780372765163],[126.44577042801066,37.817961306038534],[126.44564219821277,37.81815687848938],[126.44570778092177,37.81821141531048],[126.44513388507548,37.818917320012794],[126.44464124051082,37.81928897680757],[126.44472515257475,37.819735853960466],[126.44456969219078,37.820558590931256],[126.44486866591936,37.82121199190371],[126.44451325881332,37.82111791889253],[126.44442484467004,37.82171512365942],[126.44407907811572,37.82197234928111],[126.44370341435412,37.82185096230239],[126.44343372114366,37.821603686977205],[126.4427803480753,37.82157701747008],[126.44211465899755,37.82186816740258],[126.44190461445514,37.82131313605744],[126.44101335729772,37.820667426915136],[126.44124161984654,37.820999535692245],[126.44161161084163,37.821247126755836],[126.44159302678288,37.821995885663114],[126.44133162182938,37.82216439408541],[126.44129940315237,37.822350012624],[126.43995630353741,37.82385109698782],[126.43952877206803,37.82399986772734],[126.43943399160786,37.82391099225353],[126.43898489452937,37.82444286296403],[126.43866091628418,37.8246231228015],[126.43868973033184,37.82475008188118],[126.43892253341417,37.82486549392589],[126.43889921899729,37.825070853993],[126.43908035156612,37.82538192116074],[126.43906074283656,37.82575370569889],[126.4388542956715,37.825776066320124],[126.43869320064755,37.82568227310541],[126.43860479759186,37.82575513486864],[126.43827860299334,37.82572691141792],[126.43750435712609,37.82675601446809],[126.4374802396183,37.82716601958572],[126.43720580660602,37.82784600480905],[126.43713365617643,37.828352218511945],[126.43726503960974,37.82896170086625],[126.4370372009613,37.828950176690945],[126.43673515168426,37.82911788647702],[126.43661352582146,37.82904052725626],[126.43660638363215,37.828884384108775],[126.43631917844145,37.82883901741543],[126.43579361647923,37.828956664680604],[126.43556650470153,37.829066131421555],[126.43552919730796,37.82916384766362],[126.43378437637618,37.829565454144216],[126.43308057681956,37.829583469529496],[126.43121659079398,37.82986957512981]]]]}}
