{"type":"Feature","bbox":[126.48368948291937,35.987212909536694,126.87108507623485,36.19214827224707],"properties":{"regionCode":"44770","version":"vworld-20260909-3f8952dfda77-p3","name":"충청남도 서천군","attribution":"국토교통부/K-Geo플랫폼 · VWorld 법정구역정보, CC BY 2.0 KR; 두꺼비집 가공"},"geometry":{"type":"MultiPolygon","coordinates":[[[[126.52617945569372,35.987363334989645],[126.52628320825198,35.98729347806633],[126.52649987887727,35.98726402375519],[126.5263990001844,35.98729059255479],[126.52640730760079,35.9873708713842],[126.52617945569372,35.987363334989645]]],[[[126.52523271038169,35.98757981509391],[126.52520053831503,35.98746482622477],[126.5254470694757,35.98742497179044],[126.52579159206321,35.987212909536694],[126.526073281109,35.98722183759514],[126.52571453356703,35.987433346079385],[126.52576906133922,35.987503396215764],[126.52523271038169,35.98757981509391]]],[[[126.5231394954026,35.98841727090884],[126.52329075585584,35.988315257316984],[126.52346657432062,35.98832249737269],[126.5231394954026,35.98841727090884]]],[[[126.52291224508502,35.988404546539904],[126.52311254002619,35.98831918668395],[126.52307301036377,35.988399084264415],[126.52291224508502,35.988404546539904]]],[[[126.52279914057563,35.98842774907871],[126.52272423088947,35.98848920101332],[126.52263993427462,35.98833065104629],[126.52279914057563,35.98842774907871]]],[[[126.61088250860766,35.99365810508755],[126.61080087360685,35.993613463219376],[126.61080448801677,35.993435158439276],[126.61096274470594,35.993348739301524],[126.61118299522865,35.99338159970694],[126.61113495779384,35.99353003839049],[126.61088250860766,35.99365810508755]]],[[[126.61079767707321,35.993927702218166],[126.61091624062746,35.99378083583571],[126.61106293672728,35.993742963823564],[126.61096078517582,35.993887739556875],[126.61079767707321,35.993927702218166]]],[[[126.6068779900203,35.99945678711834],[126.60701550343661,35.99998452770968],[126.6069494695781,36.00028247777804],[126.60680025590975,36.00040391403088],[126.6054850127515,36.00069079466638],[126.60487390771854,36.000941376384745],[126.60458982704499,36.000931156455884],[126.60420407727544,36.00065288663142],[126.60289274171491,35.998115855622935],[126.60277782021164,35.99800541684762],[126.60261455745932,35.99803383254949],[126.60248799320593,35.99792510410744],[126.60064383562737,35.99514162075873],[126.60057507732178,35.994927963706424],[126.60040990008098,35.99484019242542],[126.6004208179739,35.99453801170327],[126.6007186402911,35.994364444045885],[126.60102988677059,35.993736134356595],[126.60116223158663,35.99290839966883],[126.60045602660568,35.99154102245751],[126.60039216377692,35.9910810846095],[126.52492531210756,35.98838640708155],[126.52413020125462,35.98830498279352],[126.52362092413546,35.98837924534974],[126.52391560619878,35.98825227922121],[126.5242337784551,35.98824519842627],[126.5245890921431,35.98801389542461],[126.52492040083297,35.98830151547152],[126.52507600914093,35.98832566706069],[126.52621280798387,35.98835472995986],[126.52631339468324,35.988292368108816],[126.52638905954132,35.988359347525794],[126.52756533416692,35.988404011074124],[126.5983775546936,35.99096164026079],[126.60076311467584,35.99099441385327],[126.60084112774992,35.99083204685072],[126.60039006662439,35.99050292117911],[126.60000020803017,35.99009771856514],[126.60003927478758,35.99006288141641],[126.60126304128329,35.99113401832824],[126.60148773444709,35.99113714398843],[126.6019761722068,35.99091727101286],[126.60203231085745,35.991002703963716],[126.60316107620272,35.99098282181368],[126.60362928568209,35.991163317573346],[126.603694420608,35.991314984364074],[126.60381970145461,35.9913769344117],[126.60392493787485,35.99170826626487],[126.60445576825259,35.991952827202425],[126.60502161067659,35.99183472893059],[126.60545659026798,35.99161492616462],[126.60684615546343,35.99064834251727],[126.60758670815326,35.990506651370175],[126.60753555031587,35.99061228813603],[126.60709825112814,35.990733956222094],[126.60493348757682,35.99215155355086],[126.60831439359282,35.993745584132256],[126.60503194412276,35.99229358712205],[126.60446241941975,35.99322834789269],[126.60415172943199,35.993471565515],[126.60416480660008,35.99366870654319],[126.60382603778652,35.99430128707091],[126.60271201185988,35.99609844535551],[126.6028616015151,35.99608243908205],[126.60324525130444,35.996243478454616],[126.60350589698072,35.99580461315873],[126.60318252895408,35.99554507182471],[126.60335299462254,35.99552349248511],[126.6036396062485,35.99572382729621],[126.60330047794196,35.99629270539755],[126.6037156161114,35.996480379953596],[126.60443204961953,35.99538162381942],[126.60338372434019,35.99720498741443],[126.60319508064744,35.99734997438814],[126.60360509779062,35.99657388620414],[126.60273395294355,35.99618828950454],[126.60219894659338,35.996896899628624],[126.60248892212515,35.997448430000304],[126.6029721305301,35.99765955662042],[126.60316296258591,35.997471903802484],[126.60312131738766,35.99768006653828],[126.6031971734267,35.99774936052905],[126.60650700074798,35.99928101211758],[126.60862720260897,35.996014049589355],[126.6074218387821,35.998165487580806],[126.6066810287766,35.99929383023866],[126.60669254193098,35.999416399264454],[126.60681000805889,35.99944697501616],[126.60843921312348,35.996872937255276],[126.6068779900203,35.99945678711834]]],[[[126.57717469140422,36.03275773232643],[126.576914512569,36.03290330756357],[126.57663325569436,36.03286774484987],[126.57648944307297,36.032742084122766],[126.57654297135156,36.03269570668203],[126.57643753452054,36.03264544261645],[126.576405232896,36.0326998080943],[126.57629498696102,36.03255304158068],[126.57628219547735,36.032289677806766],[126.5766394821676,36.03192607094173],[126.57726804340297,36.0317161776888],[126.57760883513501,36.031832617245016],[126.5776752858359,36.031994575867074],[126.57763828350082,36.03226247719123],[126.57717469140422,36.03275773232643]]],[[[126.62272601877201,36.038451503553],[126.62265269838385,36.03842040612062],[126.62266100367499,36.0383913863095],[126.62272601877201,36.038451503553]]],[[[126.66194118486712,36.039553147720575],[126.66197634612311,36.03954505767475],[126.66203294572978,36.03955699140938],[126.66194118486712,36.039553147720575]]],[[[126.6621349381178,36.03964139857409],[126.66201593417671,36.03961638889938],[126.66210430420726,36.03958950355495],[126.6621349381178,36.03964139857409]]],[[[126.66190672289866,36.03965248036444],[126.66189913964895,36.03963639133578],[126.66205859744018,36.039657938783236],[126.66190672289866,36.03965248036444]]],[[[126.65912152337414,36.04346333414217],[126.65909877688763,36.043458563137335],[126.6591509202058,36.04343838234766],[126.65912152337414,36.04346333414217]]],[[[126.65915400819311,36.04357110518858],[126.65911435710558,36.043573621924295],[126.6591089657683,36.04353662204774],[126.65915400819311,36.04357110518858]]],[[[126.65806047388611,36.04452260067599],[126.65805168604977,36.044522191863116],[126.65805393124542,36.04452068309651],[126.65806047388611,36.04452260067599]]],[[[126.6583793332326,36.044529448216345],[126.65842253077311,36.044480391175355],[126.65830042347476,36.04436048330676],[126.65849050310234,36.0444168144286],[126.6583793332326,36.044529448216345]]],[[[126.65775221470314,36.044581771177114],[126.65774942986236,36.04457630800925],[126.65775460056402,36.04457112161161],[126.65775221470314,36.044581771177114]]],[[[126.65777114386313,36.044606330051685],[126.6578077557223,36.04460071089134],[126.65781301095652,36.04461510420859],[126.65777114386313,36.044606330051685]]],[[[126.65778892316362,36.04464097828933],[126.6577895823923,36.04462619557473],[126.65782894875173,36.04463389282889],[126.65778892316362,36.04464097828933]]],[[[126.65790382307962,36.04479247800978],[126.65782784024645,36.04482365026448],[126.65782950544315,36.044652084759676],[126.65788341200336,36.044654177273664],[126.65790382307962,36.04479247800978]]],[[[126.65789725546006,36.0449042322147],[126.6578518404695,36.044914822960806],[126.65784063610792,36.04488270200473],[126.65789725546006,36.0449042322147]]],[[[126.65745430042634,36.04502964703422],[126.6574473808993,36.04503194606152],[126.65743425678676,36.045024665711566],[126.65745430042634,36.04502964703422]]],[[[126.65774012730583,36.04505496424579],[126.65771865052866,36.04506988199441],[126.65772516174631,36.045027646499435],[126.65774012730583,36.04505496424579]]],[[[126.6574352574423,36.045079946325245],[126.6573653385395,36.04509864277435],[126.65740730692308,36.0450430294595],[126.65728949900448,36.04498892932052],[126.65740528697158,36.04498620632947],[126.6574352574423,36.045079946325245]]],[[[126.65748196507332,36.04529864438272],[126.65747592283596,36.045300289636536],[126.65746031475733,36.045282433695355],[126.65748196507332,36.04529864438272]]],[[[126.65727056330277,36.04530445218475],[126.65726358161943,36.04531216371445],[126.65724988093876,36.04529200324984],[126.65727056330277,36.04530445218475]]],[[[126.65723539205867,36.045313089801674],[126.6572351652308,36.04530874901178],[126.65723986431844,36.0453084475661],[126.65723539205867,36.045313089801674]]],[[[126.65732822497573,36.045328609013666],[126.65729656881682,36.04527679398765],[126.65736948864502,36.04528778171156],[126.65732822497573,36.045328609013666]]],[[[126.65714630684282,36.045348928834215],[126.6572181292807,36.04531237612885],[126.6572004289721,36.04532542345343],[126.65714630684282,36.045348928834215]]],[[[126.65686408021715,36.04558775574158],[126.65686028203595,36.045599452880985],[126.65682605734963,36.045570632821324],[126.65686408021715,36.04558775574158]]],[[[126.65637768691616,36.04577879191968],[126.65633172998216,36.04579911508801],[126.65633084119817,36.04572728357506],[126.65637768691616,36.04577879191968]]],[[[126.65650170010349,36.045860247481606],[126.65645515324074,36.045857925740755],[126.65652958478083,36.04581517737984],[126.65650170010349,36.045860247481606]]],[[[126.65640978919488,36.04588146535841],[126.65640242261519,36.04585864650033],[126.65643853704344,36.04586288008661],[126.65640978919488,36.04588146535841]]],[[[126.656306737304,36.04600106111596],[126.65604725994463,36.04599427445149],[126.65603857236661,36.045837391936864],[126.65614028197291,36.04587551979722],[126.65621220416827,36.04577082691111],[126.65634322187674,36.045882483612374],[126.65637848285577,36.04583976803013],[126.65636544343701,36.04587761109684],[126.656440758463,36.04590845500761],[126.656306737304,36.04600106111596]]],[[[126.65546311938989,36.04618113513278],[126.65540006993594,36.04608611763768],[126.65552124270134,36.046053766873456],[126.65548839589326,36.04597485841652],[126.655592221325,36.045988351270225],[126.65568409330243,36.0458286924393],[126.65594177651764,36.04587110941564],[126.65597342039221,36.04594086118319],[126.6558913211848,36.04593520560186],[126.65589703689906,36.04602696395618],[126.65574900830472,36.04607464268683],[126.6557061315557,36.04617056212927],[126.65546311938989,36.04618113513278]]],[[[126.6546749287658,36.04645693275816],[126.65473335704311,36.046382382959465],[126.65460205043033,36.04645695169581],[126.65451634221517,36.04638833293097],[126.65451494282533,36.04623172622045],[126.65435127830924,36.04625080194252],[126.65445671545409,36.04620671478659],[126.6543972565108,36.04606070929459],[126.65474489351288,36.046138569685326],[126.65479176097513,36.04596541078102],[126.65492342032714,36.04593824367396],[126.65503253218311,36.04619242780084],[126.65483786589787,36.04626664940122],[126.6548776189521,36.046317048993565],[126.65474716258927,36.04634460949087],[126.65473279918585,36.0464512850265],[126.6546749287658,36.04645693275816]]],[[[126.61845621220222,36.050421112209314],[126.61849014796134,36.050471976777196],[126.61850736041981,36.050564588327646],[126.6184181746991,36.050479822960725],[126.61845621220222,36.050421112209314]]],[[[126.61890887421285,36.050354510045054],[126.61878521178703,36.05083070874847],[126.61851694661073,36.05023595232373],[126.61855992070326,36.05019608604855],[126.61890887421285,36.050354510045054]]],[[[126.61844053300234,36.05122343737342],[126.61840084917354,36.05133277266151],[126.6182539520624,36.05110641388945],[126.61833557194113,36.05095796393374],[126.61851292798907,36.05108224728972],[126.61849675419518,36.05077281792623],[126.6187257546084,36.05093516925532],[126.61875913561846,36.051106147267014],[126.61859010830597,36.05120328577626],[126.61838699579393,36.05110182077142],[126.61834598808271,36.05120542685148],[126.61844053300234,36.05122343737342]]],[[[126.58913355035274,36.05514006052162],[126.58898260120753,36.055182197801884],[126.58901705133644,36.055143698333666],[126.58913355035274,36.05514006052162]]],[[[126.58877139845217,36.05520490465539],[126.58859034948793,36.05518533137944],[126.58867114395743,36.055049532887175],[126.58895702938882,36.054930507753454],[126.58908079571019,36.054786132732445],[126.58905617303144,36.054872773084846],[126.58919421946139,36.05496829734442],[126.58912871698514,36.055070532259926],[126.58908470089185,36.05500199728111],[126.58877139845217,36.05520490465539]]],[[[126.58870113531977,36.055274895240004],[126.58874618845101,36.055240172813704],[126.58882249167245,36.05525067258559],[126.58878676232067,36.05527473024811],[126.58870113531977,36.055274895240004]]],[[[126.60800123170876,36.06012454082259],[126.60824983112003,36.06036247348535],[126.60794043919438,36.060290509419225],[126.60788094881595,36.06019396489763],[126.60800123170876,36.06012454082259]]],[[[126.60871142631221,36.06129584969771],[126.60871888886514,36.061375802472874],[126.60864735369634,36.06137318075167],[126.60863339390762,36.061305292000355],[126.60871142631221,36.06129584969771]]],[[[126.60830731956716,36.061351387374295],[126.60831945087425,36.06149470257211],[126.607964534265,36.06142313014625],[126.60811268220522,36.06132842829626],[126.60830731956716,36.061351387374295]]],[[[126.60806374649248,36.062198556103404],[126.60816743620762,36.06246329460091],[126.60799420343196,36.06257082911626],[126.60761363705491,36.062218649889594],[126.60798287976111,36.06208127828646],[126.60821935102253,36.062154013336844],[126.60806374649248,36.062198556103404]]],[[[126.60782330294342,36.06589877367742],[126.6074953638883,36.065764067555946],[126.60742884846712,36.065662155921714],[126.60745234487904,36.06556425299652],[126.60762084255337,36.06557124866598],[126.60743952080554,36.06548010052333],[126.60747829407988,36.06536608794404],[126.60785195510822,36.065184616200156],[126.60804443332161,36.06528448810722],[126.60830596907812,36.06565893317266],[126.60814250265148,36.06583499249481],[126.60782330294342,36.06589877367742]]],[[[126.61541012336873,36.06764325799435],[126.61522127218787,36.06763184333957],[126.61513588661882,36.06750692429287],[126.61480451014143,36.06737828104522],[126.6147771048135,36.06754583654063],[126.61476777961511,36.06742767441331],[126.61470703625292,36.06744976634932],[126.61471168971707,36.067352486409646],[126.61461965259222,36.06733914339938],[126.61447079264734,36.067095694188495],[126.61434755515043,36.06702763702781],[126.61408378629268,36.067067947935264],[126.61403724069791,36.06689846031468],[126.61374407753847,36.066775256179014],[126.61376384050412,36.06661710888719],[126.61360414273135,36.06661116870485],[126.61341192410758,36.066264690129906],[126.61324346073216,36.06621072302174],[126.61334935209695,36.06602835087957],[126.61346038635966,36.06595494387752],[126.61358457641774,36.06598231928667],[126.61366384266829,36.065872952291095],[126.61361783879238,36.06566897424376],[126.61368980916995,36.065638805023525],[126.6135340110157,36.06544471192635],[126.61354412931624,36.065343146782666],[126.6136309149141,36.06532422943216],[126.61344607671066,36.065156283722644],[126.61354250770798,36.06510534796235],[126.61352305343978,36.06497439711893],[126.61368898052451,36.06494371916586],[126.61377082539525,36.064832240774784],[126.61364147095608,36.06452141301487],[126.61390475732837,36.06433673853706],[126.61465272719327,36.06473884631632],[126.61467819067238,36.06499515340345],[126.61486634475092,36.06510391053401],[126.6149595136808,36.06534926690677],[126.61530060443987,36.06572239376323],[126.61597010009662,36.06598968936481],[126.61609420709905,36.066127504298514],[126.61608264165356,36.066406348136816],[126.61591186620227,36.06685344443782],[126.61581603178472,36.06690707581404],[126.61591259166903,36.066948381317474],[126.61591275793499,36.06703920840734],[126.6158128339068,36.06706978760462],[126.61585938846679,36.06712123724665],[126.6156474893163,36.067324482050736],[126.61566522557821,36.06741880155304],[126.61541012336873,36.06764325799435]]],[[[126.61401018045149,36.068297627707246],[126.61395071216877,36.068291595785],[126.61395126815457,36.06826410169543],[126.61401018045149,36.068297627707246]]],[[[126.61404366941882,36.0683728968969],[126.61401140425536,36.06838119247741],[126.61399180508255,36.06833719526926],[126.61404366941882,36.0683728968969]]],[[[126.61391329730445,36.068379146461474],[126.61383810727948,36.06838062537371],[126.61384711756565,36.06834260507772],[126.61391329730445,36.068379146461474]]],[[[126.61425500145086,36.06839537749666],[126.6142053484977,36.06847966166198],[126.61412300342649,36.068352721471655],[126.61425500145086,36.06839537749666]]],[[[126.59751795055087,36.07182311565918],[126.59747918682646,36.0718359899876],[126.5974791492387,36.0717475261115],[126.59751795055087,36.07182311565918]]],[[[126.59737578854974,36.071867419168555],[126.59727608668335,36.07193784825897],[126.59729493887536,36.07181538229638],[126.59737578854974,36.071867419168555]]],[[[126.59736638122818,36.072016521316236],[126.5973306764785,36.07193448102086],[126.59749033198389,36.07191898396271],[126.59736638122818,36.072016521316236]]],[[[126.59356779027544,36.0719127948328],[126.5935663925155,36.07199453939931],[126.59342910642037,36.07194295751999],[126.59365581766437,36.07173635580708],[126.59357738353658,36.071672914791954],[126.5936855455355,36.07155296037814],[126.59353259022193,36.071655703538305],[126.59344834476919,36.07161502496481],[126.59358008568323,36.07149287972027],[126.593530675161,36.07143036588375],[126.59369394957314,36.07139317663073],[126.59399675088261,36.071513433618],[126.59397574985327,36.07143978691951],[126.59421165068024,36.07133682892295],[126.59414179379333,36.07159151950612],[126.5939212704634,36.071689527806086],[126.5939849343666,36.07176504858865],[126.59376675039617,36.07194560745712],[126.59356779027544,36.0719127948328]]],[[[126.59681875228011,36.072159271614666],[126.59690033858091,36.0720495521424],[126.5969050953725,36.07214207788675],[126.59681875228011,36.072159271614666]]],[[[126.59718349531187,36.072181414695656],[126.59698447184915,36.0721346305425],[126.59699191119306,36.07202320195642],[126.59690534882681,36.07201830614765],[126.59696461688476,36.07187693366353],[126.59704541129241,36.071978771903694],[126.59727600580806,36.07176223672995],[126.59718349531187,36.072181414695656]]],[[[126.59342198706719,36.07212040958101],[126.59302023955355,36.072351713178996],[126.59284624616647,36.07231862398878],[126.59276434846711,36.07222066298449],[126.5928456123722,36.07201940964344],[126.59342198706719,36.07212040958101]]],[[[126.5948158858801,36.07275142963684],[126.59486558674651,36.07283324819293],[126.59474421201587,36.072882251144776],[126.5947571200598,36.07303414959188],[126.59449347959655,36.072973678166335],[126.59409064032151,36.07278647552185],[126.59386211735594,36.072533117672364],[126.59372511466206,36.07255778764562],[126.5937232203705,36.072272132069656],[126.59384700707544,36.07225921393297],[126.59385713916934,36.07218197823257],[126.59411399758326,36.07205384809037],[126.59442810039435,36.072297996392905],[126.59508891994038,36.07233261964016],[126.59516023839215,36.072396666786446],[126.59514531999162,36.072615161687395],[126.5948158858801,36.07275142963684]]],[[[126.59385081168982,36.073047790280874],[126.59378326983033,36.07304847145217],[126.59386115482478,36.072927675833036],[126.59385081168982,36.073047790280874]]],[[[126.57425742249092,36.08717143940464],[126.57419472897513,36.08745257605108],[126.57413787536706,36.08747400286355],[126.57411107355504,36.08727645301423],[126.57425742249092,36.08717143940464]]],[[[126.57612329278416,36.08789586913321],[126.57604713372231,36.0881214435021],[126.5759795755473,36.08813066827881],[126.57600410533688,36.087925458442825],[126.57612329278416,36.08789586913321]]],[[[126.57457766157303,36.08840291150371],[126.57465783448654,36.088524952485095],[126.57459526659528,36.088597546727975],[126.57443961731697,36.08847055567456],[126.57457766157303,36.08840291150371]]],[[[126.57593670788799,36.088752982471405],[126.57573806814501,36.08881518431698],[126.57579648300703,36.08862685858948],[126.57573502377555,36.08853444682396],[126.57569946830182,36.08864228583195],[126.57558032845486,36.088559944679204],[126.57521564631185,36.08879648374838],[126.57492550205788,36.088799058468844],[126.57482305863735,36.08862674507974],[126.57488285304277,36.0884717659771],[126.57451951495297,36.088190651703265],[126.57448030504528,36.08802892366618],[126.57475100100235,36.08786343132632],[126.57529184152494,36.08790392030464],[126.57539237702515,36.0881833834287],[126.57572944908156,36.088208367336925],[126.57575936966467,36.08830174933812],[126.57583817832823,36.08820307542428],[126.57592126466061,36.08823806503595],[126.57593670788799,36.088752982471405]]],[[[126.57468248123594,36.088727312413575],[126.5747346041511,36.08886109122043],[126.57460445422639,36.08890600637886],[126.57461263443372,36.08878247949121],[126.57468248123594,36.088727312413575]]],[[[126.63741793885401,36.09235242152716],[126.637427675545,36.092244723158586],[126.63744611389929,36.092239309556135],[126.63741793885401,36.09235242152716]]],[[[126.64400005789378,36.093647035132896],[126.64382168338004,36.093497826425235],[126.6440566854344,36.093517722941726],[126.64414821109698,36.09363735325311],[126.64400005789378,36.093647035132896]]],[[[126.6114101993014,36.09509770756876],[126.61131718937675,36.09504610924765],[126.61227556228744,36.09394005460069],[126.61236768049146,36.09399236140506],[126.6114101993014,36.09509770756876]]],[[[126.60790873148075,36.101106094661596],[126.60782122953118,36.1010579091398],[126.6078775363727,36.10099462069457],[126.60795385523785,36.10102713429244],[126.60790873148075,36.101106094661596]]],[[[126.59320819310565,36.11983245933244],[126.59314850530133,36.11993707675005],[126.59314675621648,36.11981978737296],[126.59320819310565,36.11983245933244]]],[[[126.5928653711719,36.12022529426295],[126.59257318925518,36.12028192398685],[126.59220567004698,36.11983449461047],[126.59252925991588,36.11972690966914],[126.5927982871028,36.119741964754944],[126.59290555602449,36.1198943631896],[126.5928653711719,36.12022529426295]]],[[[126.59389167535751,36.1222000179316],[126.59384116980904,36.12220590339279],[126.59383383802766,36.12218443902783],[126.59389167535751,36.1222000179316]]],[[[126.55009056705711,36.1239356266198],[126.54984398590372,36.12393570658486],[126.54990576354568,36.123744657730974],[126.55009049111457,36.12366523685072],[126.55021326676551,36.123833079637755],[126.55009056705711,36.1239356266198]]],[[[126.56458948606908,36.12704650914007],[126.56443318737232,36.12711877642135],[126.56437949169711,36.12703973475172],[126.56435803305041,36.127087195399504],[126.56416067108223,36.127025889689556],[126.56416716152626,36.127113834972],[126.56388295777343,36.127051311159676],[126.56386607858022,36.12683738394866],[126.56379432966091,36.12684510740962],[126.56382539173933,36.126796375925316],[126.56399604845429,36.12682561944918],[126.56404296155304,36.12655814982137],[126.56414795586065,36.12675797757416],[126.56415697912296,36.12659053053173],[126.56429388773263,36.126681906320265],[126.5643191760783,36.12659462579852],[126.5644984195407,36.12655521051074],[126.56433409747245,36.126491509905264],[126.56441965905722,36.12638041362786],[126.56403515323461,36.12638915404307],[126.5643060743702,36.12625970832494],[126.56435274847813,36.12629867499436],[126.5643891759658,36.12622787323402],[126.56491621107406,36.12650570216089],[126.56480009678697,36.126599465282254],[126.56492210673716,36.12661687812138],[126.56486743498093,36.126931976213065],[126.56473981129896,36.12697565279754],[126.56464249711225,36.12685124872949],[126.56458948606908,36.12704650914007]]],[[[126.50244137734676,36.128682064949906],[126.50235878608933,36.12876266107104],[126.50231782655206,36.12875436116782],[126.50231889052945,36.128726139426625],[126.50244137734676,36.128682064949906]]],[[[126.50222694750809,36.128862839289],[126.5021812255363,36.12892770774725],[126.50213570709576,36.12892504945973],[126.50213999959473,36.12888338571646],[126.50222694750809,36.128862839289]]],[[[126.5012655396389,36.12923284827367],[126.50116234322896,36.129295538582255],[126.50116302859631,36.129266183177414],[126.5012655396389,36.12923284827367]]],[[[126.55261918430247,36.130134596655616],[126.55263533167832,36.130194244743116],[126.55248952596742,36.13023699353697],[126.55247532930454,36.130131193158604],[126.55232191433147,36.13020925876118],[126.55199076673588,36.13011460211026],[126.55206486335163,36.12991347779435],[126.55238769918952,36.12975591040428],[126.55245595744726,36.12962997830402],[126.55183838366867,36.12994646193713],[126.5516912203753,36.12982549163916],[126.55177972041164,36.129730763716225],[126.5516410460744,36.12976199491044],[126.55162155956874,36.12964317852963],[126.55152085286426,36.129657455692204],[126.55156327482841,36.12951144783583],[126.55137211584588,36.12951257009383],[126.55108319888174,36.12926946026951],[126.55120726263594,36.129152605905624],[126.55113054435675,36.12906281091916],[126.55094477003678,36.12902577794167],[126.55103803851688,36.12891693691191],[126.55072565256492,36.12909078953745],[126.5505912835728,36.12870981416792],[126.54962239038336,36.12864492960593],[126.5494881702133,36.12844722222496],[126.54944340291702,36.12850333472076],[126.54932014536763,36.128443743056664],[126.54937230500528,36.128171170761966],[126.54931823513094,36.128241568161],[126.54931064947745,36.128163702611566],[126.5492444972956,36.12821201018273],[126.54938477976684,36.127936138113306],[126.54976311198213,36.12772791363515],[126.54965793485515,36.1274905997081],[126.549724170212,36.12747413123977],[126.54961550564987,36.12736306429366],[126.54970967062981,36.12725284932511],[126.54968019315672,36.12692529437387],[126.55011252912205,36.1260263345311],[126.54986484170995,36.126187827772675],[126.54970585230787,36.12612226256063],[126.54975413692877,36.12588392215864],[126.54989979362496,36.12586792314784],[126.54991426593759,36.125496563085825],[126.55004705247599,36.12525203296285],[126.55033568005797,36.12501686569474],[126.5504703171727,36.12471233979655],[126.55094921762068,36.124457355105505],[126.55105773711571,36.124610957879554],[126.55098644348936,36.12478079357107],[126.55092905695979,36.124751595170174],[126.55097341427347,36.12482352509567],[126.55105699272502,36.12467741874242],[126.55109143005944,36.12481951513924],[126.55099341288933,36.124975146357485],[126.55112207107675,36.12501990552005],[126.55128240993503,36.124871392322675],[126.55139863373554,36.12498722729089],[126.55134573527566,36.125088792985984],[126.55153138788882,36.12520437440281],[126.55177526720507,36.12522101295803],[126.55183652267536,36.12513637558359],[126.55197154962072,36.12517656116636],[126.55201494446617,36.12507596846526],[126.55212375902745,36.12507855605065],[126.55214425436188,36.12527990807068],[126.552264995501,36.12511293315163],[126.55236674139515,36.12532566439145],[126.55265304701686,36.125189039136096],[126.55276527600181,36.125232004165966],[126.55299038673759,36.125016897615744],[126.5531375163279,36.125436371526035],[126.55321819670364,36.12539926369509],[126.55319996184149,36.12548256678596],[126.55334219205614,36.125436044685976],[126.55346374223082,36.125833929746406],[126.5535528066678,36.12585028511821],[126.5535688005426,36.1260448974941],[126.55369269373662,36.12615675736899],[126.55370921935639,36.126312565433295],[126.55362733663024,36.12628916190019],[126.55349589605466,36.12640764105675],[126.55332125746506,36.12622335969976],[126.55299923920613,36.1263846370869],[126.55295099593108,36.12702687334407],[126.55248039169673,36.12736877298103],[126.55273017149662,36.12781124245397],[126.5529383441666,36.12777500692431],[126.55289042144672,36.12798456627529],[126.55301872371074,36.127895158338845],[126.55308486474001,36.12797763999482],[126.55331774376485,36.12906885960405],[126.55323397108299,36.12920397164744],[126.55375936865742,36.12935343053557],[126.55362237379298,36.12948083705342],[126.55307142726947,36.1295072791221],[126.55292087307176,36.12979201212887],[126.55266050621279,36.13001792743998],[126.55283057676905,36.13008608987408],[126.55261918430247,36.130134596655616]]],[[[126.4998533802764,36.130003358869835],[126.49978061543274,36.130034578945086],[126.49979324033343,36.1299935618668],[126.4998533802764,36.130003358869835]]],[[[126.4997631400917,36.1301712802428],[126.4997290786491,36.130175104973596],[126.4997230644723,36.13015144000319],[126.4997631400917,36.1301712802428]]],[[[126.49938503412079,36.130319660653925],[126.49934850674126,36.13035122286022],[126.49936594015321,36.13028406550016],[126.49938503412079,36.130319660653925]]],[[[126.49954237678158,36.13045886082053],[126.49956167929284,36.1303043208767],[126.49964596120554,36.13026757156725],[126.49964223222152,36.13030377662089],[126.49954237678158,36.13045886082053]]],[[[126.4993645153383,36.13043166692104],[126.49933298471868,36.13061044063231],[126.49931598464549,36.13061999728654],[126.4993041186875,36.130471130867],[126.4993645153383,36.13043166692104]]],[[[126.50955606791753,36.130708186303266],[126.50947834992482,36.13068287855158],[126.50991367837878,36.12983708651654],[126.50999692973487,36.1298638325899],[126.50955606791753,36.130708186303266]]],[[[126.49861558139239,36.1312739281162],[126.49859096448702,36.13127365197806],[126.49859363221007,36.13123494806138],[126.49861558139239,36.1312739281162]]],[[[126.55313849655666,36.131397646155385],[126.55326862682226,36.13151197185145],[126.55327303529411,36.131675016261006],[126.55316819844919,36.131751209434505],[126.553076837322,36.13142160476535],[126.55313849655666,36.131397646155385]]],[[[126.54897352943618,36.13149158586792],[126.54939571938925,36.131704796167725],[126.54946910766499,36.13180987389214],[126.54917293169576,36.13182937897802],[126.5484944987147,36.13163265817928],[126.54861856499615,36.131365504271045],[126.54848217109912,36.13120546820034],[126.54861617241639,36.13105383133556],[126.54847513842681,36.130962999099914],[126.54848554080998,36.13073935915414],[126.54855749377538,36.13062316734427],[126.5487799166884,36.130532749172374],[126.54909896990688,36.13065751472872],[126.54913663790282,36.1308270565236],[126.54932732353907,36.131014251557595],[126.54932930735642,36.13128126815474],[126.54962293095336,36.13136598617619],[126.54968570995112,36.13148059447683],[126.54953697760439,36.13165760838515],[126.54897352943618,36.13149158586792]]],[[[126.55411728125863,36.132183351151845],[126.55414834954047,36.132368800995444],[126.55410845779889,36.132419992553494],[126.55399722972291,36.13215828328831],[126.55411728125863,36.132183351151845]]],[[[126.55395680122665,36.13227845254057],[126.55400738513623,36.132434776454225],[126.55395091561418,36.132527136415504],[126.55388066472764,36.13233586321929],[126.55395680122665,36.13227845254057]]],[[[126.49777713903508,36.13248625360798],[126.49774781931862,36.13252873907641],[126.49774256529973,36.13251262439985],[126.49777713903508,36.13248625360798]]],[[[126.55460238972222,36.13250112879319],[126.55439701076828,36.13273500149546],[126.55440424877288,36.13284997932079],[126.55418934986625,36.13303334813096],[126.55407823298103,36.13247429681994],[126.55415928246411,36.13248831209609],[126.55427238556685,36.1323550673789],[126.55442375102723,36.13239865453649],[126.55447201037738,36.13226469753716],[126.55463346045296,36.13232234507337],[126.55460238972222,36.13250112879319]]],[[[126.55395769932231,36.13309729290776],[126.55399035943644,36.13288382720325],[126.55391508798326,36.132986707414204],[126.55365992542389,36.13276853195902],[126.55393998818958,36.13262088383969],[126.55414579889576,36.13309660400924],[126.55395769932231,36.13309729290776]]],[[[126.50783735862167,36.13025233721984],[126.50795408918664,36.130416656529256],[126.50715688158779,36.131503204760115],[126.50563652078976,36.13287578099721],[126.50540691845968,36.132924128688316],[126.50535088617781,36.132718152696505],[126.50579211934425,36.13245790418943],[126.50679048392425,36.13161182362076],[126.50739863073632,36.13082586276144],[126.50763874072462,36.130321364763056],[126.50783735862167,36.13025233721984]]],[[[126.49304617034414,36.13462827551232],[126.49300615663843,36.13467156599108],[126.49298266233751,36.13462432023525],[126.49304617034414,36.13462827551232]]],[[[126.49231014215748,36.13476394007483],[126.4923069782271,36.13481355717399],[126.49224335481134,36.13487050527864],[126.49222913174677,36.13484301150622],[126.49231014215748,36.13476394007483]]],[[[126.55344742240781,36.13544126223917],[126.55336697237385,36.13545556214647],[126.55336494863135,36.13542853612681],[126.55344742240781,36.13544126223917]]],[[[126.49214874396914,36.13498166581014],[126.49211870614161,36.13504427410065],[126.49209824250576,36.13505433426893],[126.492092797017,36.13500312834985],[126.49214874396914,36.13498166581014]]],[[[126.4852714943266,36.13505623321069],[126.48522379036876,36.13495896857806],[126.4853541260807,36.1349444961877],[126.4852714943266,36.13505623321069]]],[[[126.48489315202212,36.13515433388141],[126.48477696400442,36.13508044768092],[126.48489309758996,36.13506572017747],[126.48489315202212,36.13515433388141]]],[[[126.55352467100471,36.135864630083816],[126.55336632561094,36.13581686207463],[126.55334570216364,36.13567819787202],[126.55352467100471,36.135864630083816]]],[[[126.49164069250891,36.13544018501942],[126.49167642312494,36.13528604545138],[126.49173174870835,36.135260011623316],[126.49170352743047,36.13534208743332],[126.49178682870887,36.135251259856915],[126.49164069250891,36.13544018501942]]],[[[126.49115742936398,36.13538291230655],[126.49102607613493,36.13550760903805],[126.49123577608636,36.13522710519897],[126.49115742936398,36.13538291230655]]],[[[126.48554349903087,36.135506352966786],[126.48552059591282,36.13561493223549],[126.4854678853973,36.13561920975828],[126.48543911458022,36.13556544757902],[126.48554349903087,36.135506352966786]]],[[[126.49145833636057,36.13561947955493],[126.49142995648157,36.13567145003248],[126.49141547512828,36.1356743094447],[126.49141120488599,36.13565722372855],[126.49145833636057,36.13561947955493]]],[[[126.49116060647908,36.13573437570084],[126.49112049142401,36.13574144296335],[126.49129602166327,36.13550316739458],[126.49116060647908,36.13573437570084]]],[[[126.49107854598776,36.13580258575143],[126.49124243983294,36.13574085552439],[126.49120756722135,36.135815643101544],[126.49107854598776,36.13580258575143]]],[[[126.48530381563376,36.13572569695893],[126.48530291395515,36.13582990624604],[126.48522444989955,36.13587717942662],[126.48523888839128,36.135761581309204],[126.48530381563376,36.13572569695893]]],[[[126.50463344649427,36.136214911544826],[126.50364012790459,36.13656598100069],[126.50336735902333,36.136505604108116],[126.50357098558577,36.135919371549654],[126.50383523658994,36.135652718485666],[126.50382721882545,36.13583226763992],[126.50406301225463,36.13578321095593],[126.50425765470735,36.135960226059154],[126.50444615694022,36.13596723297733],[126.50455544323553,36.13608246285283],[126.50443655135335,36.136203426658874],[126.50463344649427,36.136214911544826]]],[[[126.48661675430643,36.13654707123733],[126.48660589672997,36.13660179963259],[126.48652423317677,36.136591067357756],[126.48652958074307,36.13655947790493],[126.48661675430643,36.13654707123733]]],[[[126.48503877448239,36.13657315619622],[126.48492693925958,36.136661957530514],[126.48490788619303,36.1362931278201],[126.48505650069738,36.13610653364321],[126.48499430468729,36.13608151016546],[126.48503793062464,36.136006845506834],[126.48510160017598,36.13605655994332],[126.48518526617733,36.13599061695521],[126.48503877448239,36.13657315619622]]],[[[126.48503742026749,36.1366936594949],[126.48500229570809,36.13677612771542],[126.48493021373498,36.136769788478134],[126.48495173411673,36.13671153007113],[126.48503742026749,36.1366936594949]]],[[[126.48652642995947,36.136643904815614],[126.48654331485264,36.13670764887042],[126.486461516281,36.13680401542554],[126.48647382436992,36.136693723574126],[126.48652642995947,36.136643904815614]]],[[[126.48579545610485,36.13715310651799],[126.48578598349154,36.137168913067754],[126.48577615811301,36.13716048890285],[126.48579545610485,36.13715310651799]]],[[[126.48561137403674,36.13727035567464],[126.48558836487688,36.1372968271517],[126.48555708164642,36.13727431421013],[126.48561137403674,36.13727035567464]]],[[[126.4844581355081,36.13727753285419],[126.48441292169964,36.137304382877325],[126.48440896782347,36.13726656982374],[126.4844581355081,36.13727753285419]]],[[[126.48560735514101,36.13733372986757],[126.48560031433593,36.137340291070565],[126.48559590926207,36.13733428923494],[126.48560735514101,36.13733372986757]]],[[[126.485815103905,36.13731923562086],[126.48561858094118,36.13733904300651],[126.48570961203045,36.137159561118345],[126.4857824714753,36.137190238777094],[126.48583007108832,36.137152670307515],[126.485815103905,36.13731923562086]]],[[[126.48601536406493,36.13735240552837],[126.48600354250608,36.13735978994476],[126.48599795872144,36.13735426497035],[126.48601536406493,36.13735240552837]]],[[[126.48564358151997,36.13735757385129],[126.48564037752134,36.13735867993803],[126.48563942977074,36.13735572210374],[126.48564358151997,36.13735757385129]]],[[[126.48540275126064,36.13732511712851],[126.48535793985216,36.137360098214984],[126.48536101454945,36.137337010830585],[126.48540275126064,36.13732511712851]]],[[[126.48603844882403,36.137375069815086],[126.48603285459347,36.1373497128895],[126.48603888628774,36.137363011042915],[126.48603844882403,36.137375069815086]]],[[[126.48555027914688,36.13737269828989],[126.48555346684954,36.13732192135423],[126.48558972659009,36.13730803298738],[126.48559478971585,36.13732645987847],[126.48555027914688,36.13737269828989]]],[[[126.48553435368073,36.13739246828042],[126.48552654188276,36.13738993822748],[126.48553034750155,36.13738371204016],[126.48553435368073,36.13739246828042]]],[[[126.48531880703369,36.13739919059241],[126.48532437882727,36.13737094507408],[126.48535836518197,36.137385329340155],[126.48531880703369,36.13739919059241]]],[[[126.48499535034624,36.13752847430394],[126.48502685646383,36.13748992953908],[126.48507315741186,36.13747116981406],[126.48506243189503,36.13749156168788],[126.48499535034624,36.13752847430394]]],[[[126.48492355456963,36.137570872404105],[126.48492962884906,36.13751079182229],[126.48499062364517,36.13753916155274],[126.48492355456963,36.137570872404105]]],[[[126.4851637424618,36.13764548290829],[126.48515106959871,36.13764526012578],[126.48515381047964,36.13763480847181],[126.4851637424618,36.13764548290829]]],[[[126.48480916549212,36.13764150685863],[126.48479342801835,36.137640196058044],[126.48480226937708,36.1376256148277],[126.48480916549212,36.13764150685863]]],[[[126.48491663249044,36.13767787134759],[126.48488951900909,36.137687393389236],[126.48489676817026,36.13765137829904],[126.48491663249044,36.13767787134759]]],[[[126.48493924003594,36.13770158568746],[126.4849348829694,36.137707131033686],[126.48492505912576,36.13770531953682],[126.48493924003594,36.13770158568746]]],[[[126.4847990253011,36.13768857904584],[126.48482942378797,36.137655705487745],[126.4848628442818,36.137697625041774],[126.4847990253011,36.13768857904584]]],[[[126.48619992973087,36.13772761537813],[126.48612194262229,36.13774030324559],[126.48620239003124,36.13765697966871],[126.48619992973087,36.13772761537813]]],[[[126.48500144204779,36.13779017794434],[126.48498309556359,36.13774809138479],[126.48502696348194,36.13776818413963],[126.48500144204779,36.13779017794434]]],[[[126.48552744175893,36.13786236934013],[126.48552187108878,36.13786868875905],[126.48551824246,36.1378643595258],[126.48552744175893,36.13786236934013]]],[[[126.48536301573614,36.13806607815218],[126.48534863729614,36.13807401421287],[126.48534703854376,36.138064042365635],[126.48536301573614,36.13806607815218]]],[[[126.48540322579123,36.138117711367144],[126.48540269685572,36.138120810854524],[126.48539123318854,36.138119894245804],[126.48540322579123,36.138117711367144]]],[[[126.48519799482368,36.1381534933117],[126.48516919152046,36.13817201549623],[126.48516964472586,36.13815658784506],[126.48519799482368,36.1381534933117]]],[[[126.48503359368824,36.13820320338866],[126.48499369286648,36.13807701613018],[126.48490666098482,36.13818206493667],[126.48491339240267,36.138079605394246],[126.48480684489677,36.138155234963854],[126.4848125275198,36.13805784485646],[126.48468519318953,36.13807074634734],[126.48479305877035,36.13780110614792],[126.48465978503211,36.1378384482361],[126.48475631418628,36.13770767290982],[126.48485075846874,36.13771412157302],[126.48488742542001,36.13791384272836],[126.4852429735765,36.137626904788846],[126.48527841598393,36.13739616902949],[126.4853690914755,36.13744851200629],[126.48544113823938,36.1373091597855],[126.4855009080462,36.137443215192114],[126.48567504799563,36.137338743240974],[126.48570864535179,36.13762063339351],[126.4854756534062,36.13789469676216],[126.48554143720466,36.13790688374578],[126.48551725122012,36.13809087591861],[126.48546756228208,36.13804774861771],[126.48537095658699,36.13812030665554],[126.48539281466371,36.13803315069027],[126.48531111794858,36.138020749468815],[126.48503359368824,36.13820320338866]]],[[[126.48516240056709,36.13823148598664],[126.48515329979799,36.13824316752611],[126.48515415270674,36.13823243212044],[126.48516240056709,36.13823148598664]]],[[[126.48518165799258,36.138207688299886],[126.48522486018823,36.138177746729646],[126.48522103865038,36.13822447220973],[126.48518165799258,36.138207688299886]]],[[[126.48512285419564,36.138305839038495],[126.4851117733674,36.138309713673564],[126.4851173668854,36.1383033511948],[126.48512285419564,36.138305839038495]]],[[[126.48515974359617,36.1383459686165],[126.48514877467284,36.138352890473435],[126.48515365412744,36.13833535018092],[126.48515974359617,36.1383459686165]]],[[[126.48566843395825,36.13845938035034],[126.4856562806654,36.138391242542525],[126.48570756591509,36.13836883573154],[126.48572470564932,36.138432270110656],[126.48566843395825,36.13845938035034]]],[[[126.48457032322776,36.138689297603946],[126.48456318649002,36.138694834693],[126.48456553867621,36.13868109097796],[126.48457032322776,36.138689297603946]]],[[[126.48483581321483,36.13888317394837],[126.4846992083901,36.1388331764466],[126.4847081516948,36.13861040215653],[126.48464016610228,36.13860810295943],[126.4847998964908,36.13844576625905],[126.48497360537193,36.13851900943963],[126.48492092631862,36.13859799586656],[126.48483709840403,36.13857636983037],[126.48490511444076,36.13877413441087],[126.48483581321483,36.13888317394837]]],[[[126.48471868378928,36.138957239720746],[126.48472614332422,36.138951062568374],[126.4847460838813,36.138956217974595],[126.48471868378928,36.138957239720746]]],[[[126.48440197614241,36.139053408063496],[126.48440723531832,36.1389904699765],[126.48433781786841,36.13901231495816],[126.48448632115033,36.138936973082416],[126.48440197614241,36.139053408063496]]],[[[126.48422344384913,36.13883456392097],[126.48425689477614,36.13893328208604],[126.48423923822611,36.13907642510794],[126.48419662847371,36.13895085021056],[126.48422344384913,36.13883456392097]]],[[[126.48379418354287,36.139079102678785],[126.48368948291937,36.13903832332586],[126.48372165662714,36.138848238312086],[126.48375867776814,36.138889319645266],[126.48379418354287,36.139079102678785]]],[[[126.48374095603049,36.13919084100186],[126.4837050624369,36.139212268692475],[126.4836899238515,36.13916389936183],[126.48374095603049,36.13919084100186]]],[[[126.49308710065421,36.14747695950441],[126.49306462907178,36.14749724518693],[126.49305647383173,36.147482094024575],[126.49308710065421,36.14747695950441]]],[[[126.49296503995015,36.14755429314047],[126.49294601516941,36.147583454494104],[126.49292284971968,36.14756002185656],[126.49296503995015,36.14755429314047]]],[[[126.49314093081922,36.14758178038173],[126.49305336885608,36.147572645480956],[126.493124595094,36.14752883954847],[126.49312186733141,36.14736665580343],[126.49325624497433,36.147404021669345],[126.49314093081922,36.14758178038173]]],[[[126.49630159802035,36.15897000796155],[126.4962504323672,36.15887633039439],[126.49633339201067,36.15887451596765],[126.49630159802035,36.15897000796155]]],[[[126.4956674084556,36.16013019259166],[126.49586950291732,36.160034776822904],[126.49581854386467,36.16011875229148],[126.4956674084556,36.16013019259166]]],[[[126.4955677679924,36.16014883336777],[126.4955945053507,36.15993566061405],[126.49561281993681,36.16000678612529],[126.49570733676458,36.15988237835934],[126.49577384030113,36.15999310826644],[126.4955677679924,36.16014883336777]]],[[[126.49572034820038,36.16016706738085],[126.49572936102741,36.160314632927324],[126.49563074264282,36.16033174431999],[126.49563480856526,36.160160118516636],[126.49572034820038,36.16016706738085]]],[[[126.5127283957382,36.16131305045383],[126.51276520280483,36.16139203579802],[126.51271739360725,36.16146591315598],[126.51267547801629,36.161364322203305],[126.5127283957382,36.16131305045383]]],[[[126.51264761112304,36.16160613312402],[126.51264346998933,36.16163564027803],[126.51256995723564,36.161525440566315],[126.51264761112304,36.16160613312402]]],[[[126.51258615671388,36.161265791351255],[126.51262550411961,36.16129893329743],[126.51249691094304,36.161636359076006],[126.51248498342068,36.16152560702952],[126.51258615671388,36.161265791351255]]],[[[126.51285840412122,36.1616358402466],[126.5128169724648,36.16163413013163],[126.51282534009356,36.161596493570954],[126.51285840412122,36.1616358402466]]],[[[126.51253933186409,36.1616577632481],[126.51253938746078,36.16183061386271],[126.51246945884431,36.16192570557465],[126.51245515781277,36.16172586829857],[126.51253933186409,36.1616577632481]]],[[[126.51286366310735,36.1620000706771],[126.51279386561573,36.1620226590921],[126.51281340227372,36.16196372855406],[126.51286366310735,36.1620000706771]]],[[[126.5134640926793,36.16202824104135],[126.51342080029939,36.162064455750176],[126.5134037692694,36.16202088515495],[126.5134640926793,36.16202824104135]]],[[[126.5124812698971,36.162048227017195],[126.51251009593977,36.16221573985404],[126.51244808218736,36.16231761141018],[126.51249487167296,36.16222812570876],[126.5124812698971,36.162048227017195]]],[[[126.51240584388921,36.16233869957255],[126.51233470578336,36.162525012333646],[126.51231242405822,36.162532067805586],[126.51229759403904,36.16250628615377],[126.51240584388921,36.16233869957255]]],[[[126.51250254478511,36.16264687163649],[126.51249975491494,36.16289677045468],[126.5124222100525,36.16292411251494],[126.51235250057687,36.16287828256322],[126.51250254478511,36.16264687163649]]],[[[126.49021085041124,36.16286925100037],[126.49018716225315,36.162936910951856],[126.49011556082964,36.16293142617052],[126.49011515718794,36.16291782413346],[126.49021085041124,36.16286925100037]]],[[[126.51241973123862,36.16385750068233],[126.51242361031377,36.16388417465429],[126.5123104002058,36.16380660725255],[126.51241973123862,36.16385750068233]]],[[[126.51275290888049,36.16429277483284],[126.5127421660436,36.164331834230005],[126.51263228519547,36.16427542280905],[126.51275290888049,36.16429277483284]]],[[[126.51263376726449,36.16436521646497],[126.51260281563468,36.1643811039835],[126.51259681140681,36.164359693647434],[126.51263376726449,36.16436521646497]]],[[[126.51270056211641,36.16443647597738],[126.51265267633902,36.1644287192115],[126.51268678374848,36.1643929357241],[126.51270056211641,36.16443647597738]]],[[[126.48986654752515,36.16445138500265],[126.48992038120099,36.16395068226623],[126.4898178203378,36.16392827228941],[126.48977582394518,36.164054649170325],[126.48968794532831,36.164055801758266],[126.48967875084669,36.163594921379776],[126.48979267668741,36.163413490275744],[126.48991391035113,36.1634635453578],[126.48996116142156,36.16378371825063],[126.49006077258244,36.16348061597302],[126.49022475357373,36.163289961224116],[126.49203874232329,36.163386747971074],[126.4920948713283,36.16351565473582],[126.4919232900566,36.16362380073029],[126.49147996476691,36.16373605411615],[126.48986654752515,36.16445138500265]]],[[[126.48998117407298,36.16445448956166],[126.48999137056066,36.16450690199162],[126.48993822010787,36.164531496217975],[126.48992220863623,36.16450510327236],[126.48998117407298,36.16445448956166]]],[[[126.49013400844238,36.164529200907005],[126.49011413906798,36.16454232001416],[126.49010055457623,36.164510294990684],[126.49013400844238,36.164529200907005]]],[[[126.51268045767355,36.16473068091616],[126.5126436133882,36.16480294291732],[126.5125721903865,36.16460249402481],[126.51268045767355,36.16473068091616]]],[[[126.5125605596123,36.165295029856246],[126.51250509305176,36.16542358291581],[126.51248527943018,36.16524339868187],[126.5125605596123,36.165295029856246]]],[[[126.49332325546429,36.16509675130403],[126.49294109509148,36.165490184922696],[126.49230333633773,36.16571996675373],[126.49168644780927,36.16572783974339],[126.4913941226333,36.16557102529238],[126.49138456078094,36.16504657984514],[126.4916371251703,36.165033664377546],[126.49177770842519,36.164667431061375],[126.49210946069634,36.164497509757595],[126.49235600868207,36.164513930084816],[126.49244910251119,36.16486056539602],[126.49258819752336,36.16503071714538],[126.49291661075631,36.16493945619407],[126.49331939725253,36.164687706913085],[126.49345498554676,36.16473547204646],[126.49332325546429,36.16509675130403]]],[[[126.57770193407595,36.17905600091061],[126.57100752365884,36.18872356702506],[126.56720090502051,36.19168586425727],[126.56514535656285,36.19214827224707],[126.56311252433167,36.19175905468515],[126.52492571732884,36.187310715179095],[126.52408049946992,36.18610464915537],[126.52352506776911,36.18483005347848],[126.5233913275728,36.18394504805013],[126.52353893981163,36.182574915570896],[126.52525605023,36.179094919550145],[126.5260625664576,36.177738304692205],[126.52613997384304,36.1777411233416],[126.52688630560115,36.176376465220116],[126.52694475040241,36.17604278890692],[126.52652635097654,36.17586384449923],[126.52650369999336,36.1757827941381],[126.52679722137793,36.17546341624255],[126.52753047635696,36.17576670612035],[126.52760053754318,36.17563615245737],[126.52776237928674,36.17558382600781],[126.52797709236766,36.17566696675242],[126.52848151425273,36.174789617270136],[126.52842209896598,36.1747676886264],[126.52850844175538,36.174586910757604],[126.52830029471838,36.17465659727015],[126.52783643695207,36.17451047280959],[126.52781987958697,36.17426119286214],[126.52768087043002,36.174302225705176],[126.52756025304616,36.17420474009111],[126.52763051061537,36.17344595693398],[126.52777990352946,36.17329530866168],[126.52712167126079,36.17280353171663],[126.52662399872686,36.1727042443961],[126.5264165355051,36.172447574490384],[126.52608045705779,36.172233821941624],[126.52610052955782,36.17166547136159],[126.52601072293247,36.17153235127793],[126.52591751834231,36.17160696166466],[126.52589970780612,36.171491438209166],[126.5259160873803,36.17134274261688],[126.52604609095471,36.1713236655616],[126.52613140417179,36.17121929361731],[126.52600155053283,36.171087816687994],[126.5259594409603,36.17070516278647],[126.52581039095097,36.170601862712005],[126.5259620803265,36.17041453677763],[126.52592967167702,36.17026831557871],[126.52616160788946,36.17002383711557],[126.52644132871416,36.16988040969096],[126.52655243770882,36.16948573576048],[126.52600230759461,36.16818063356254],[126.52510539247325,36.16642855436723],[126.52327210737985,36.16390533859011],[126.52331445325375,36.16381178972525],[126.5230841463916,36.16361460973183],[126.52227433321343,36.16251628855753],[126.52192436397476,36.161901175223],[126.52141114233814,36.16151305081434],[126.51984520756854,36.160037682160585],[126.51897617286014,36.15936025054395],[126.51802276843746,36.1588444889891],[126.51704548402138,36.15882757561255],[126.51680418136952,36.158851277211525],[126.5166013585417,36.158997823078224],[126.51646860344226,36.158955971812816],[126.51527826016512,36.160096685060466],[126.51477359920221,36.16031448107642],[126.51466724010315,36.16023407293375],[126.5147773950098,36.16016812557045],[126.5146792581229,36.16014993563012],[126.51459160131213,36.1602787856607],[126.51428133261857,36.160395160604125],[126.51370232054289,36.16037267828932],[126.51369348708934,36.160041343081055],[126.51385558003534,36.15977412883022],[126.51390315138299,36.159332040057],[126.5137855695286,36.15908777046689],[126.51201143260725,36.157998626851516],[126.51117441853212,36.157669798405664],[126.51065465591252,36.15757271590994],[126.51001816319628,36.15806352075343],[126.51017485760761,36.15815328146886],[126.51011171421516,36.15813359565682],[126.50904913147039,36.159321514180874],[126.50919518226561,36.159374888914904],[126.50910520885989,36.15956315082042],[126.50806831212222,36.15930414302527],[126.50760355537281,36.159242342519626],[126.507319584626,36.159281697795116],[126.50622702378128,36.159841767210125],[126.50607601066315,36.159743887882314],[126.50508570742834,36.16042656590275],[126.50488734766277,36.16057015553953],[126.50492656067883,36.160741723173324],[126.5052199744652,36.16095418950465],[126.50552934407638,36.16105227369257],[126.5061057712589,36.161045346406546],[126.50608306158072,36.16089078284328],[126.50640364581997,36.160856935317256],[126.50647291929988,36.1607471269922],[126.50665123403044,36.16076303815797],[126.50671018278604,36.16109424757511],[126.50660952209708,36.161186095913116],[126.50596979315704,36.161258867923685],[126.5053787086637,36.161235304798424],[126.50486590809552,36.161002885029134],[126.50453248633235,36.160704094724046],[126.50454489781552,36.16057703731827],[126.50613785074893,36.15942506077656],[126.50529788322065,36.158879096762604],[126.50488521827978,36.15873516728374],[126.50439699481466,36.15828737442295],[126.50382926536076,36.15794987019844],[126.50385529901234,36.15786333627273],[126.50374893279158,36.15779588513218],[126.50323835523821,36.158334693360004],[126.50296059438539,36.1581645837455],[126.50348419103783,36.1576279477439],[126.50173725131359,36.156514784956315],[126.50174285429827,36.15608235833841],[126.50118902226525,36.156081603752185],[126.50117762005951,36.156501484954205],[126.50072787118474,36.15650248530417],[126.50027247011326,36.15780435794185],[126.50092372265883,36.15795119397176],[126.5008653627843,36.15813542119491],[126.5002083640595,36.15798022567003],[126.49973051928227,36.15935099070947],[126.5027050487304,36.1605931666965],[126.5036991841209,36.161379838854245],[126.50370527959835,36.16152526281806],[126.50353616206372,36.16165625390831],[126.50329632795854,36.16162698913346],[126.50240412777148,36.16080476201148],[126.50204024675236,36.16062990378002],[126.50000000549309,36.159771920450815],[126.49878736263288,36.15916170051596],[126.49873466865931,36.15929619702013],[126.49845726584422,36.159253499314126],[126.49829749465577,36.15863904965843],[126.4976760185355,36.1584122351411],[126.49727926611223,36.15854342483803],[126.49688470944014,36.15842387875709],[126.4945549398587,36.159101122547966],[126.49348783088652,36.15934122209023],[126.49331911411099,36.15932288473551],[126.49287064920958,36.159707767376986],[126.49264705986877,36.15979954437628],[126.49257958390999,36.15965577982019],[126.4926561886472,36.15945549635646],[126.49242754471297,36.15971929148267],[126.49229166742262,36.15972375188308],[126.49257627339989,36.1593968323225],[126.49268152398017,36.15937657881311],[126.49270894294405,36.15943476689531],[126.49275413212018,36.159315297057084],[126.4926712963766,36.159199458873324],[126.49285301730174,36.15918001801755],[126.49306889269815,36.15285347345328],[126.49275762379553,36.152853921661034],[126.49277396846836,36.15233098138516],[126.49279022581779,36.152828452743954],[126.4930694767478,36.15283787560786],[126.4932062109275,36.14772472401119],[126.49325677996879,36.14743765411826],[126.49325619996645,36.14733848640785],[126.49303871317859,36.147372979517904],[126.49313951823059,36.1469519744246],[126.49308675138575,36.14677104273338],[126.49316369986256,36.14669039158607],[126.49309558680447,36.145809962926116],[126.49320337083162,36.145699626691375],[126.49323216942703,36.145056626408085],[126.49086322099072,36.14505283272413],[126.49085915551298,36.14515319009868],[126.49064033742016,36.145187360260586],[126.49064457169216,36.14550986946814],[126.49094014741421,36.14575971938041],[126.49079800117995,36.146207678856825],[126.49070499908854,36.14627218741955],[126.4906172754217,36.14618394288199],[126.49072842403788,36.14612901101408],[126.49082374256514,36.14575160737402],[126.49064588452553,36.14558004297105],[126.49043431743397,36.14557582633152],[126.49044184654359,36.14465385854118],[126.49068353650878,36.1446309306483],[126.49082785887254,36.14452129034711],[126.49074602543385,36.1441969894026],[126.4906317203962,36.144128318433786],[126.49072520741981,36.14405213645917],[126.49094372398218,36.1445241049088],[126.49065500474825,36.14470937297659],[126.49065314303337,36.144796555035974],[126.49086054912125,36.14480065507238],[126.4908739436116,36.14486386059565],[126.49322925918888,36.14487391052611],[126.49317173255736,36.14237522226401],[126.49201715694501,36.142373328858305],[126.49201044726986,36.1433240638323],[126.49175312983034,36.14332308501933],[126.49175985742801,36.142240388764876],[126.49316881008255,36.14225696380864],[126.49310585887325,36.13948406169994],[126.49302036622599,36.13896156488833],[126.4927332665008,36.138521677367585],[126.4927545033475,36.13845667079894],[126.49280088974203,36.138521647481255],[126.49288138960682,36.138453996540015],[126.49262936747593,36.138251919223215],[126.49276954055112,36.1380472570757],[126.49278633859583,36.13780866216759],[126.49259110279121,36.13767713471468],[126.4926981207725,36.13757398197694],[126.49259987700566,36.13751790080457],[126.4929249664448,36.136821498527006],[126.49281156462705,36.136795878110654],[126.49265910272761,36.137166961490045],[126.49278044770494,36.136735684443515],[126.49270903192944,36.13676821147364],[126.49269713586578,36.13667366522959],[126.4928151285284,36.13644955518918],[126.49270285244755,36.136403903104544],[126.49260569607415,36.13662610756569],[126.492622963296,36.13639167984376],[126.49251763746273,36.136518900528955],[126.49257085829434,36.1362408634794],[126.49243594629489,36.136111105325],[126.49256143714115,36.13595708682542],[126.49256336129045,36.13580918068795],[126.49269327094844,36.13586770091457],[126.49263066510224,36.13573240715899],[126.49273519327393,36.13563027916957],[126.49287499484625,36.13564648067743],[126.49292051582067,36.135562247545984],[126.4929766837321,36.13562291867649],[126.49299960019466,36.13554763066288],[126.49307537387743,36.13559380138463],[126.4933119276285,36.13549420001248],[126.49311683280888,36.135250931594356],[126.49328984789177,36.13513434311732],[126.4933244949639,36.1348864914569],[126.49335776193438,36.13506372634064],[126.49348230525139,36.13497561702736],[126.49350894366121,36.13459901160694],[126.49364960598626,36.134320342033355],[126.49385336262917,36.13416471054427],[126.4941153031312,36.13420420892808],[126.49400372558611,36.13370995914424],[126.49418949273829,36.13334548580534],[126.49437743901353,36.133291406156104],[126.49554885598484,36.13328760308055],[126.49575641346298,36.13308689742133],[126.49574052143008,36.1327653806993],[126.49589700235889,36.13263266283566],[126.49592359230616,36.13227884966879],[126.49634357147299,36.13236106628564],[126.49655297560855,36.13328057944303],[126.4977163112513,36.133250083245784],[126.4976569402043,36.13295760993982],[126.49788003325385,36.132718132155034],[126.4982367215362,36.13196641016383],[126.4983691107197,36.13191247885292],[126.49863440852468,36.13203013209944],[126.49873230780761,36.131853058424966],[126.49890714540636,36.13185501575451],[126.49920743181748,36.1314929789856],[126.49949134135842,36.131546958268515],[126.49991228525772,36.13135756217074],[126.49994478545462,36.13122886121658],[126.50010155077527,36.13119346866543],[126.50027935606475,36.13093733009391],[126.50011675816327,36.130566482414984],[126.50024910334344,36.13030510056746],[126.50045822345952,36.1302643278366],[126.50068625295332,36.130423367723125],[126.50085304140843,36.130283745062016],[126.50097477656321,36.130300897947286],[126.50117244630917,36.13006307331955],[126.50106684520702,36.130106802273886],[126.50107608914904,36.13003638402178],[126.50121507107521,36.130014108623335],[126.5012730692472,36.12978976081006],[126.50152013505688,36.129729886297476],[126.50150525366249,36.12966592019664],[126.50167973704545,36.12958780806715],[126.50187622830737,36.12931425456834],[126.50219229695898,36.12926565034233],[126.50255555827583,36.129067092349054],[126.50317100448287,36.12903443905452],[126.50501163366039,36.12866875384297],[126.50655893437198,36.128474854207944],[126.5070503569999,36.12851936562109],[126.50746553814362,36.12864345269159],[126.50882880561016,36.1293773127811],[126.50891725573175,36.12957563017444],[126.50864038627103,36.12965988067192],[126.50732142920221,36.12890719024521],[126.50671814873283,36.12876750876682],[126.5063175768597,36.12880177924467],[126.50635194382475,36.128963894090134],[126.50572965054555,36.12905336029984],[126.50581278893628,36.129436478995366],[126.50546898612096,36.12947985719256],[126.50537501642617,36.12909427098608],[126.50401962595477,36.1292951324167],[126.50416210399199,36.1299188761289],[126.50401731973888,36.129942999925625],[126.503956358798,36.1300611906166],[126.50343863352589,36.13152509960872],[126.5030646907969,36.13354104897285],[126.50383744715495,36.1336083862904],[126.50378032932494,36.134010393117066],[126.50486167855738,36.13410888690937],[126.50522852176906,36.13407264020392],[126.5057007800053,36.133914678070106],[126.50626345851553,36.13348107515879],[126.50641091133024,36.13351955162959],[126.50646619620275,36.13362004341107],[126.50604069642253,36.13402835826835],[126.50600711219954,36.134220433227135],[126.50584112717736,36.13434706775245],[126.50561600141698,36.13437183371285],[126.50542461403317,36.13429449238634],[126.50492100752734,36.13434349970029],[126.50477045330683,36.13512858145018],[126.5031623160305,36.13498566543416],[126.5028351317537,36.13521304884016],[126.50271009055649,36.13594032926456],[126.50277457076186,36.136659170740096],[126.5028801022369,36.136953589976514],[126.50247741528061,36.137985353740056],[126.50245928367117,36.13829323804091],[126.5022900899264,36.13862519609147],[126.50192067541123,36.13899560447941],[126.50136276972579,36.14011764964113],[126.50106015919397,36.140534169311984],[126.50090062373526,36.14088843481305],[126.50090048576614,36.141229501793504],[126.5011085407866,36.14163787920979],[126.50124851649876,36.14161695102775],[126.50170590977173,36.142191475283994],[126.5018154571204,36.142168887306816],[126.50176111302095,36.14223602030735],[126.50208087794726,36.14263323309257],[126.50292159921298,36.14316330943262],[126.50400091871082,36.14435832421719],[126.50409345525289,36.14468245668471],[126.50388178773116,36.14540325957217],[126.50474237749374,36.146003935869764],[126.5049223913117,36.145884605072105],[126.50498090198374,36.14592029692351],[126.50485167947609,36.146065975214256],[126.50540931497687,36.14643253369139],[126.50558485364026,36.146273232337414],[126.50563377988547,36.14630682485415],[126.50544794704861,36.146516587805735],[126.50571362902186,36.146666194288926],[126.50592178278661,36.14698340762444],[126.50633721838751,36.14722428532427],[126.50603272253144,36.147682319617516],[126.50595534053657,36.14794397308652],[126.50583665726016,36.14856040996214],[126.5058651359307,36.14886522481438],[126.50621702344806,36.14943064733898],[126.50636655035738,36.14990827748461],[126.50684330214945,36.150215847147905],[126.5069268951683,36.15011897772133],[126.50698727042851,36.15015495361795],[126.506902383565,36.150253055566345],[126.50745032945929,36.15063087988889],[126.50786392602357,36.15076257168732],[126.50793372012603,36.150597033970755],[126.50789794724669,36.15077241518849],[126.50807894444867,36.15077348458883],[126.50895693631595,36.151115776408034],[126.51152652385292,36.15167258387267],[126.51310763520291,36.151854251969844],[126.51314860661452,36.15164334210064],[126.51322229689409,36.15164263855266],[126.5131975432566,36.15186897656312],[126.51448323737371,36.15197964289984],[126.5150391592455,36.152114687335256],[126.517028701933,36.15182249408751],[126.51748932505014,36.1519531134723],[126.5179479909878,36.15220399999355],[126.5179838991505,36.151991516966135],[126.51804307554353,36.151999706733854],[126.51803098511031,36.15225080834503],[126.51822413606519,36.1523309803766],[126.51896828654066,36.152399514816686],[126.51903060738407,36.15215876217754],[126.5190191177346,36.15240489688333],[126.52027628070867,36.15239017273697],[126.5202560808814,36.152123909761855],[126.52031411729033,36.15212082354981],[126.5203286711336,36.15238933742611],[126.52170753025953,36.15230698640062],[126.52140987153857,36.15211677339054],[126.52161203329146,36.15214834716362],[126.52177938638201,36.152302927840665],[126.52318502951493,36.15218625353323],[126.52296656983049,36.15132540114993],[126.52307598026916,36.15130651961356],[126.52329157454089,36.15217254486251],[126.52414430143871,36.15201218195082],[126.52394717602442,36.15176441037725],[126.52413711436877,36.15181609439176],[126.52420289577222,36.15199966657708],[126.5247730201149,36.15185984522689],[126.52470513982485,36.15160912821243],[126.52482504568431,36.15183996553073],[126.5261428095124,36.1514935805145],[126.52606551407085,36.15111540213341],[126.5261268389121,36.1511141050407],[126.52620507435819,36.15148110302108],[126.52687661443872,36.15125696373357],[126.52811717208233,36.15098729793772],[126.53238131709753,36.150343786295956],[126.5346874530931,36.14977482857385],[126.53705534348435,36.14901203519708],[126.53852546245908,36.14842625949724],[126.53972863570887,36.14785568694786],[126.54412504723471,36.14549134459258],[126.54590734047707,36.144325082355856],[126.54717461116836,36.143377120326235],[126.55119577202747,36.13997572042166],[126.55270378294551,36.1385323235961],[126.55551139093966,36.13543148315251],[126.555556380306,36.135345783579105],[126.55546734220226,36.135127766981604],[126.55517431671174,36.13465791713768],[126.55527020129198,36.13445386155196],[126.55520670604375,36.13425758663036],[126.55544857322866,36.13417726789883],[126.55559713302301,36.133948480872526],[126.55534062159731,36.13382457743317],[126.5552573020232,36.13390088080967],[126.55536847656703,36.13372549377601],[126.55533434014706,36.13343727914936],[126.55574635382021,36.13322967401321],[126.55620700357606,36.1320038952742],[126.55635961478124,36.13133842466382],[126.5559830559511,36.131184302029325],[126.55588503297548,36.13102953515867],[126.5558415145706,36.130600417483514],[126.55590918894525,36.130214421393156],[126.55569077330958,36.13009994163739],[126.55572854609358,36.129996957532555],[126.55559784697948,36.129837444945245],[126.5557030422164,36.12992749587091],[126.55571431785864,36.12941503110561],[126.55586905574539,36.12939135497346],[126.55585277751601,36.12907253683115],[126.55613098918317,36.1288321799266],[126.55634074215075,36.12906404472587],[126.55642414999735,36.12898086516222],[126.55668352838784,36.12916148113589],[126.55677012541679,36.12935459716615],[126.55673870622587,36.12954091297188],[126.55691153200766,36.12955817971452],[126.55693580741911,36.12964865981515],[126.55704551341975,36.129628275212845],[126.55716689502827,36.129991405336504],[126.55716512024756,36.12980502918072],[126.55726594863829,36.129767038693274],[126.5574655374126,36.129851434598216],[126.55754908498577,36.130075908578995],[126.55780774982149,36.13014910555545],[126.55825332773787,36.13013082325281],[126.55881484463126,36.12997883101993],[126.5590377833911,36.12983355812103],[126.55918910507432,36.13008696634612],[126.55924708030047,36.129968346650834],[126.55957130460567,36.13004086019851],[126.55962556500758,36.130451919397075],[126.55975277268767,36.130494320268454],[126.55990726689778,36.13042089919488],[126.55991056028286,36.13073636036657],[126.56010439740224,36.1307336389741],[126.5602810580919,36.1310877228015],[126.56027953329439,36.13125169146947],[126.56003957498974,36.1313348839327],[126.55997793166793,36.1314617720459],[126.56004313610389,36.13171786418655],[126.56017532343803,36.13180391015148],[126.56009311080001,36.13213501720077],[126.56045788903067,36.13214273670752],[126.5604788076218,36.13223254695725],[126.56056294115248,36.13220430541066],[126.56068073950732,36.13234290125617],[126.56089123254779,36.13231643833875],[126.56094487376329,36.13239137277316],[126.56119200312587,36.132415340066096],[126.56130398514489,36.13211422531035],[126.56257447269229,36.13235647945918],[126.56261750454124,36.1321690043759],[126.56280099010193,36.13218652098496],[126.56281376459974,36.13261462581605],[126.56340018161112,36.13265127704005],[126.56418951382445,36.13258789060259],[126.56431886134176,36.13264535453649],[126.56431544531814,36.13272078292916],[126.5640403905763,36.13280308263277],[126.56302887040505,36.1328400550222],[126.56284167850906,36.133317301364556],[126.56320032541352,36.133383007352464],[126.56318302371717,36.13348641177551],[126.56282797286198,36.13342602319083],[126.5627907435425,36.133819641427614],[126.56296570119574,36.134718234524414],[126.56407894953784,36.13519297874845],[126.56552926191335,36.1350583985532],[126.5663808138227,36.134820762657625],[126.56636783344295,36.13472201706241],[126.56646568186106,36.13471912674867],[126.56650884119921,36.13463666956128],[126.56661018198919,36.13473611460987],[126.56696542277287,36.1346562647781],[126.56719602526208,36.134432120411724],[126.56754434010497,36.13466047399689],[126.56771453591983,36.13483376809202],[126.5677894591338,36.13505869074285],[126.56768102659204,36.13553684883284],[126.56758802290706,36.13562456112156],[126.56754386866068,36.13619899604026],[126.5677469547311,36.13717119714425],[126.567735918975,36.137692450274706],[126.56769402903463,36.137834978135615],[126.56753032686807,36.13791074633262],[126.5676732674518,36.13798819860485],[126.56773815681053,36.13824865559257],[126.56899934848417,36.13891910982173],[126.56974697638296,36.139439945708276],[126.56983755986849,36.13962316181523],[126.56971894380627,36.13973325033824],[126.56954142616154,36.13969561779799],[126.56941114773832,36.13943278213665],[126.56919449788646,36.13923086266711],[126.56869758590038,36.13910678147054],[126.56871355926374,36.13887810373477],[126.56853496820699,36.13874061345072],[126.5681972773194,36.13864795008673],[126.56823183290156,36.138866599115374],[126.56816357310159,36.13900000214722],[126.5680956136931,36.1389913577251],[126.5679237927556,36.13857587713551],[126.56800438038474,36.138498033618156],[126.56778325041479,36.138382872208155],[126.56768388188544,36.13849178509133],[126.56771537079386,36.13860482960753],[126.56757262263305,36.13899408466453],[126.5676082945678,36.13923162703196],[126.56783561953651,36.139492422545764],[126.56882786830579,36.13992290368555],[126.5700331627545,36.14065697836824],[126.57024984330589,36.14030426752695],[126.57112150886604,36.13991061827885],[126.57275265207389,36.1395353134224],[126.57381329026913,36.139209321630446],[126.57544327482591,36.138571163746555],[126.57586970251855,36.13871730084219],[126.57627693601749,36.13856800419728],[126.57618463158215,36.13848944356338],[126.57627472393382,36.13831601910937],[126.57662001867752,36.137983479311714],[126.57760777024055,36.13742658746197],[126.57815643246093,36.13702626831965],[126.5780913359447,36.13689189698596],[126.57751277633409,36.13641205664151],[126.57812156867018,36.13686054972827],[126.57882510004977,36.13593581549591],[126.57981811094508,36.135373171945716],[126.57996564296822,36.135224588682014],[126.57982229256449,36.13507605073765],[126.57986658253135,36.13503208310271],[126.58009784429242,36.13513119505463],[126.58217260805226,36.13278082153772],[126.58201169910312,36.13256351744945],[126.58230907741567,36.13260558393823],[126.58275049651576,36.131565519530525],[126.5829883606546,36.13123872809681],[126.58326487282852,36.13107150419671],[126.58408656674031,36.130867904057425],[126.58513076409326,36.13095017401303],[126.5856292395492,36.130848267761124],[126.58529643748088,36.1302431250878],[126.58535766417002,36.130216074960764],[126.58570788798292,36.130813062606364],[126.58580402061833,36.13082780631308],[126.58729477616063,36.13025394102354],[126.58721732372396,36.129980889297244],[126.58727243043649,36.12995951812503],[126.587497534645,36.13018141089658],[126.58904903232586,36.129575441597225],[126.58896325970055,36.12928632171573],[126.58905759404418,36.129269818884296],[126.5892997421828,36.12953308158371],[126.58965773590214,36.12924562344081],[126.58982300260342,36.12896417179761],[126.59016449961028,36.12876581484902],[126.59028552025273,36.128571426228525],[126.59058237152,36.1283806598117],[126.59045904736263,36.12820941165397],[126.59051265729886,36.12807216346459],[126.59065181829921,36.1280910218582],[126.5907932793492,36.128336242734704],[126.59144046091338,36.12835308096813],[126.59149671975223,36.128036861524215],[126.59164408166227,36.12779866077677],[126.59195330473275,36.127647793133974],[126.59204514498315,36.12763582630596],[126.59205839566674,36.127711499270795],[126.59232442205011,36.127693323695915],[126.59357905431794,36.12653652506193],[126.59386261496451,36.12647770474442],[126.59359464448086,36.12624259382969],[126.59383261289703,36.126326978180536],[126.59386387919159,36.126037160215574],[126.5944288994221,36.125565409757684],[126.59504435051203,36.1248026351796],[126.59537865811173,36.12423969941185],[126.5952057337606,36.123796288384035],[126.59535345767783,36.12366731173843],[126.59551235734341,36.12368542099778],[126.59566647466433,36.123604877051726],[126.59610602367222,36.123043844266654],[126.59613642278131,36.12283859704999],[126.59635619995593,36.12257323848568],[126.5966298234989,36.1225039291097],[126.59722643483087,36.12189344763394],[126.59705985712039,36.121783495937215],[126.59704370689252,36.12168529458389],[126.59726176160501,36.12179936844123],[126.59820780821094,36.120939533895374],[126.59907286389998,36.11997626345304],[126.59975684633622,36.119006029041024],[126.60106303884194,36.11633862470418],[126.601930519319,36.1142702868962],[126.60282683397502,36.11133691217262],[126.60337380334295,36.110456024779566],[126.60367830197563,36.11045255328624],[126.60379681948186,36.11077077522975],[126.60414692408301,36.11096848962737],[126.6040441333936,36.11058439354255],[126.60437495160927,36.11102581079417],[126.6045298746255,36.11139549201574],[126.60506627007591,36.111509105369706],[126.60505786861499,36.111594560341466],[126.60517164593666,36.11167134636061],[126.60523356133609,36.111597574799546],[126.60542443336598,36.111634000866026],[126.60637460597732,36.1121084128638],[126.6066857262204,36.11214771723521],[126.60743299722981,36.1104775603444],[126.6068676050452,36.1105888254119],[126.60674614555502,36.110671201788634],[126.606160273173,36.11058872767483],[126.6056862589501,36.1111384387466],[126.60525119865262,36.111044731134704],[126.60489228839674,36.1110813807844],[126.604813492442,36.11100500464973],[126.60547136683174,36.110242207153846],[126.606316681742,36.10833465667001],[126.60751017946747,36.106324373354255],[126.60829959303274,36.10449831762005],[126.60890394911571,36.1024718806864],[126.60886440989431,36.10211873798075],[126.60874897689024,36.102086340605474],[126.60869703304459,36.102151750786085],[126.60820222720034,36.1019049869766],[126.60808404910875,36.10196954596281],[126.60793247741047,36.10186332078674],[126.60801504446205,36.10167584519408],[126.60796202826607,36.10135446786554],[126.6081866379328,36.10071127072661],[126.60814153090523,36.10041469341179],[126.6079607665262,36.099866919134584],[126.60745694903925,36.099708641296615],[126.60742976215519,36.0996127766641],[126.607519194365,36.09956487749075],[126.60802279038056,36.09963978027426],[126.60822301839384,36.099433325582794],[126.60880414221549,36.099340039925714],[126.60915659921216,36.09920078831506],[126.60985841141206,36.09925809918321],[126.61076024382174,36.098916649255926],[126.61169213855149,36.09747434434004],[126.61268938326445,36.096675338976155],[126.6118713479688,36.0951384613553],[126.61205187439968,36.09505833102302],[126.61212947681256,36.09517714481984],[126.61257542381651,36.095008719084085],[126.61337575474832,36.09639597647257],[126.61448085852014,36.09597709232557],[126.61467327793315,36.09630694587675],[126.61440064166004,36.0964106464882],[126.6138006722664,36.096909850571315],[126.61453643823391,36.09781513179128],[126.6146908124181,36.098077162029625],[126.61463035592989,36.09810186215128],[126.61573551751853,36.09989514919231],[126.61605936843192,36.09974923717244],[126.61608685499989,36.099804710146636],[126.61577891913957,36.099937691610876],[126.61600044515092,36.100084731210565],[126.61624779832374,36.10069787546956],[126.61633266327182,36.100678411345235],[126.61626149193447,36.100734133882504],[126.61643460994836,36.10123434430971],[126.61646199664334,36.10162293862506],[126.61675227843045,36.10202214860512],[126.61741938997889,36.10212788629651],[126.61748502435961,36.10191537319414],[126.6176356088921,36.10194692747607],[126.61755542732054,36.102209994998844],[126.6176670901581,36.102228402919536],[126.62023209285552,36.10229119169034],[126.62057644234898,36.10227285250633],[126.62044105941762,36.10212157637423],[126.62054356712615,36.10206188648009],[126.62085107008542,36.102248379615936],[126.62237709730131,36.101827655410894],[126.62302263940401,36.10147152197136],[126.62313474268521,36.10152589792715],[126.62967087477048,36.100065171545346],[126.6301998058452,36.09963310531461],[126.62971157524717,36.09876965063876],[126.62982449896562,36.09871756348511],[126.6304673024691,36.09984227205152],[126.6306574026252,36.100010611751635],[126.63107802488102,36.09991819443213],[126.63109171368268,36.099805879760595],[126.63127031393596,36.09965786505747],[126.63158315131668,36.09958723193888],[126.63144748521393,36.09941070736485],[126.63173745870515,36.09934376040371],[126.63164852064463,36.09888279021236],[126.63179609906017,36.09939296806546],[126.63191093711592,36.09920549390253],[126.63185797412937,36.09913492018514],[126.63194253654093,36.09890645142004],[126.632542893827,36.09790933495331],[126.63254537562618,36.09770780469907],[126.6323747000948,36.09757152248972],[126.63236069641319,36.09729750110348],[126.63272165745063,36.09640319043711],[126.63246745909422,36.09593517599581],[126.63246223793394,36.09512479879214],[126.63233235358808,36.095007592881196],[126.6320986703,36.094484893982],[126.63194187849973,36.094349346384966],[126.6313624812238,36.09417965126586],[126.63109382861374,36.0939233126616],[126.63097843865384,36.09311259427387],[126.63080060087616,36.09267037150089],[126.63084249554747,36.09248528187111],[126.63069439066268,36.09234328105725],[126.63069586165194,36.09221152861645],[126.6308716725921,36.09209660605624],[126.63085047372073,36.09172430387686],[126.6311622116032,36.091800073278236],[126.63161139646489,36.09159204873689],[126.63195041784788,36.09172982308419],[126.63218633990616,36.09155079123409],[126.63234241272431,36.0915320017211],[126.63241395255321,36.09163469853584],[126.63239614996216,36.09188826363241],[126.6326539345493,36.09234898022544],[126.63305180815794,36.0927996244411],[126.63326316220417,36.09280097220163],[126.63343971606005,36.093093202302704],[126.63362191837562,36.09321968361181],[126.63482767111431,36.093101098669905],[126.63506166225186,36.093265224447364],[126.63639383019357,36.09316988195861],[126.63649803267539,36.09329092296502],[126.63797343027996,36.091998018090635],[126.63844999541818,36.09200601816746],[126.63863863709477,36.09190295512014],[126.63921977082819,36.091062395718474],[126.63945395156276,36.09095734960065],[126.64030118576791,36.09081590956682],[126.6404978405597,36.090997394857595],[126.64050462762323,36.09130128009775],[126.640735483526,36.09165046317354],[126.64121042921354,36.09275349482451],[126.64242850521592,36.09291964345129],[126.64274893739037,36.09324962329419],[126.64269031189686,36.09330283612472],[126.64245246829059,36.093130291531],[126.64287521980461,36.09372128049568],[126.64315405053013,36.0939479822058],[126.64373569363698,36.09420092612004],[126.64389842851753,36.09413676446258],[126.64387586108262,36.093915044809165],[126.64461666341573,36.09391094847181],[126.64470593648556,36.09361387702362],[126.64458318206043,36.09368004266807],[126.64394054475851,36.09366661084156],[126.64465813066971,36.093616106100555],[126.64487609300748,36.09323391008203],[126.64485007034013,36.093111980045045],[126.64610439292314,36.09127442887039],[126.64623066133984,36.09061330975149],[126.64610335554606,36.09018564138992],[126.64627931415838,36.08992270853836],[126.64625562093174,36.08970914105395],[126.64612434001616,36.089559034294865],[126.64623269431404,36.08950799426544],[126.64617076132315,36.0892821113906],[126.6468061711697,36.08844128875961],[126.64599291496027,36.088052475701105],[126.64583996163564,36.08894505253848],[126.64533969410395,36.089107348246856],[126.64442587456863,36.089101567391374],[126.6442877036796,36.0890168421324],[126.64358184680815,36.087852698373744],[126.64305881268403,36.08742814540937],[126.64288445530512,36.08741289646063],[126.64286315854565,36.087298694440015],[126.64260515927452,36.08710785771984],[126.64203900447905,36.0868482233852],[126.64206054242582,36.086750610786815],[126.6415823335161,36.08674669931576],[126.64127881686305,36.08664457257701],[126.64124517771535,36.08674168540177],[126.6415896128657,36.08677900711912],[126.6414762020446,36.08686571714859],[126.64149977871803,36.08711653229423],[126.64140087226883,36.087145841687985],[126.64091566553994,36.08660411002875],[126.64067013954187,36.08648790144737],[126.64019337648794,36.08586427199856],[126.63982372629035,36.08556749932295],[126.63950304367731,36.08558656919518],[126.63957729570852,36.08573582656085],[126.63938516874997,36.08585299355156],[126.63935965826859,36.08564307733965],[126.63914693394263,36.08557589942498],[126.63870591808525,36.08558537747394],[126.63804565684269,36.08511665375477],[126.63709798474393,36.08471618082599],[126.63662304796189,36.08437245103966],[126.63657802358095,36.08419943473152],[126.63632467572813,36.08411875503104],[126.63575495199755,36.083618454321545],[126.63550582118496,36.08306023236335],[126.63558673612467,36.0833995248304],[126.63553157848818,36.083433369634946],[126.63377619309362,36.081997193376345],[126.63300651331815,36.0816047840854],[126.6325402592633,36.08149753433664],[126.63185121892542,36.081485217897075],[126.63142335411501,36.08158840766295],[126.63095371554937,36.08154568722533],[126.63035567553223,36.08167446641637],[126.63001333287198,36.08186205183649],[126.62983428162867,36.08218017822314],[126.62951146409029,36.08239416609015],[126.6286304552743,36.08253998648166],[126.62827859377396,36.08294149579862],[126.62771605363892,36.08301174789354],[126.62733993968094,36.08325535896717],[126.62680947956072,36.08324172040466],[126.6264978009316,36.08339132491635],[126.62598709108785,36.083459864959565],[126.62540645421525,36.084111640284014],[126.62475882717047,36.08405266582742],[126.62448732243075,36.08414137841874],[126.62447410700393,36.08423308031283],[126.62417977099325,36.08426674629102],[126.62395473617462,36.08406261799638],[126.62385962747217,36.08372312049783],[126.62392987122436,36.08355571507632],[126.62412636156239,36.083439722749844],[126.62404097066957,36.082528291256004],[126.62382157880823,36.081683749497074],[126.62348448722648,36.081095106885485],[126.62322505956843,36.080768791950426],[126.62289329846658,36.08054521056977],[126.62258901180019,36.08057291099576],[126.62170496721978,36.081043631758],[126.62086035879949,36.0810310134669],[126.62032496126265,36.080934753395475],[126.62027284743726,36.08099233867333],[126.62025339429893,36.08072729271539],[126.62011505899748,36.08051076174545],[126.620272271067,36.08029726508886],[126.62019134287917,36.08027506445742],[126.62023292999962,36.08019223878184],[126.6200939932261,36.079791848564845],[126.61990184657873,36.07945331040513],[126.61954221437199,36.07939676247388],[126.61944473800443,36.07929100225758],[126.61955257925986,36.078722298315185],[126.61947494326719,36.07862791087206],[126.61949408915957,36.07844221330413],[126.61965719223967,36.07830058170442],[126.61961175871768,36.07805710991198],[126.6194577481576,36.07792953158748],[126.61951914716657,36.07784286683713],[126.61925978962019,36.077637557060086],[126.61926676662827,36.077539635114995],[126.61932302908511,36.0774223945143],[126.61960135189516,36.07753034267084],[126.62003737192664,36.076398534113785],[126.62025116756588,36.07630751359345],[126.62038148028466,36.076343533174814],[126.62041297433663,36.0764645449801],[126.62024295956083,36.076553856882256],[126.62007091590566,36.07692013503611],[126.62141086654265,36.07731929096491],[126.62163660565376,36.07683219462412],[126.62206401472173,36.07695641805892],[126.62169087134275,36.077773641046086],[126.62247586698804,36.078137839594525],[126.62281012024653,36.078482903503534],[126.62299753515634,36.078856517860864],[126.62317024129429,36.078818661519556],[126.62323782443067,36.07976893240302],[126.62357916834947,36.08045661056468],[126.62432663498156,36.08072039468527],[126.62479815909323,36.08069371024684],[126.62571707436364,36.08045378054204],[126.6261000563547,36.08067175851385],[126.62667053145438,36.08044229308042],[126.6271171030296,36.080426254289605],[126.62730344354101,36.08031996720692],[126.62795730886972,36.08040000270778],[126.6286355832587,36.07994049104662],[126.629611158088,36.07900572176908],[126.62950636167257,36.07893716583972],[126.63024617175716,36.07821221911046],[126.63127129299822,36.07657042057904],[126.6320131775358,36.07466535790655],[126.63212743312974,36.07415703337394],[126.6319494853429,36.07413515684986],[126.63203988768771,36.073578497816605],[126.63167901326776,36.073518761546794],[126.62992130247595,36.07223993230074],[126.62974816830447,36.07219435413752],[126.62975200023594,36.0721347199963],[126.62791916078496,36.070872603222604],[126.6278373816355,36.07088831812626],[126.62779102763524,36.07077806816736],[126.6266415591904,36.06998265601328],[126.62646676974956,36.069929723347805],[126.62648817635267,36.06987781025637],[126.62606394465524,36.06958560909488],[126.62991469965229,36.07218375017265],[126.63145648429553,36.07332059471384],[126.6316857045049,36.07345791924866],[126.63172644434678,36.0734111362892],[126.6320882979997,36.073463981736076],[126.63221933269035,36.072931159841374],[126.63252685020173,36.07295182633136],[126.63255102008608,36.07242744795428],[126.63223839665037,36.07240947356632],[126.63254700049569,36.07238624680649],[126.63261211034259,36.07061209469775],[126.63197717696214,36.06548180270534],[126.63197265853712,36.06440716707524],[126.63171227277245,36.064359862717545],[126.63172415443267,36.0642904084237],[126.6319592867717,36.064319157132914],[126.6320798748901,36.06411113788974],[126.63256328450069,36.058892083202565],[126.6327281116745,36.05801681428044],[126.6329801072776,36.05733310384449],[126.63300067341018,36.055651986171625],[126.63284391878058,36.05540079460825],[126.63274120612795,36.05537569608083],[126.63107673121516,36.05583780321306],[126.63100278830063,36.05557264852468],[126.63175893280754,36.05542256531171],[126.63099667072174,36.05456832533939],[126.63100638128252,36.05427584053445],[126.63117147006587,36.0540422174643],[126.6315353422849,36.05378451682627],[126.63186037348343,36.053763968011836],[126.63219481136173,36.0538702656739],[126.63243972667844,36.054047901864905],[126.63256276475315,36.054248069074994],[126.63277895802895,36.05511903710175],[126.63348828468298,36.05530976763044],[126.63357385681445,36.055096054272695],[126.63313950383144,36.05510480202105],[126.63309892325044,36.05501674497423],[126.63344071650498,36.05497512750252],[126.63384875669979,36.05515400391548],[126.63414270152037,36.05517911344238],[126.634350827404,36.05527138952385],[126.63437711899319,36.055445331407434],[126.63522274036445,36.05596728953256],[126.63546792133428,36.05596928610493],[126.63590261811522,36.055792709911884],[126.6352134747749,36.05575979220563],[126.63513852013809,36.0556696495923],[126.6364605730769,36.05554872915789],[126.63703731582504,36.05528737464206],[126.63731035562984,36.05507171005677],[126.63755952535853,36.055125905797354],[126.63770697245523,36.05503342661972],[126.63769809033118,36.05513336315017],[126.63779026544579,36.0551766931206],[126.63793822029209,36.05506543432395],[126.63804433847126,36.055076469711125],[126.63813655217082,36.05523988675122],[126.63838039183726,36.05532674365378],[126.63892706799473,36.05530686072962],[126.63959271374245,36.05510822516997],[126.63966465694395,36.05522962917],[126.63947818768568,36.05526633456145],[126.63935765118286,36.055403749676714],[126.63920583196521,36.055355329794715],[126.63839282548517,36.05542058026151],[126.6381113606378,36.05529532613281],[126.63806776490523,36.05539232827034],[126.6385045991053,36.055920752781425],[126.63867287359066,36.05599207677139],[126.63897000124715,36.05594152087577],[126.63928388866879,36.05599319012843],[126.63919938097509,36.05616329536136],[126.6394637013877,36.056301170052244],[126.63964910328497,36.056121618364486],[126.63966657930769,36.056195661337675],[126.63986289814612,36.056267889047],[126.64029582430194,36.05622457810197],[126.64053501661655,36.05611422914432],[126.64097705466502,36.05617819753226],[126.64169966863398,36.05577747837455],[126.64184903463962,36.05554239089003],[126.64233674165847,36.0554839065496],[126.6427433862611,36.05554257188795],[126.64335029354599,36.05582559547569],[126.64383495769296,36.056641558050934],[126.6444913151409,36.05675947033275],[126.64458657505068,36.05683334466014],[126.64466011912212,36.056704255623785],[126.64389479224229,36.05654318039938],[126.64369583298063,36.05617766375558],[126.6440035092198,36.05583636880895],[126.64393603047381,36.055732543518175],[126.64401294883477,36.05563932297025],[126.64413642800673,36.05568746773507],[126.64474382995135,36.05498697795761],[126.64484301990038,36.054759305468934],[126.64502030397634,36.05466960401083],[126.64637444328599,36.05300915194767],[126.64635134892428,36.052900808961915],[126.64590525537633,36.05255314903061],[126.64619116453719,36.052481511460904],[126.64643604698236,36.05273763820079],[126.64652462119753,36.052710655990495],[126.6464695443314,36.05238964999752],[126.64603573856162,36.05235969332239],[126.64616118697201,36.052209748536626],[126.64617207831519,36.051546752731554],[126.64630716533492,36.05132081937423],[126.64652817038755,36.05142794080127],[126.646677609723,36.051397470897996],[126.64685414461904,36.0512339148568],[126.6468692828897,36.05108233674072],[126.64723032291559,36.05117198136932],[126.64739639193583,36.05107301054592],[126.64754112921123,36.050837280462986],[126.64776383233756,36.05086230430376],[126.64786357786446,36.05075080029804],[126.64833293767286,36.050550449815645],[126.64872442992245,36.049978392899405],[126.64916026716942,36.04910525010684],[126.64978320546993,36.047657430007774],[126.64962638602131,36.0475948153902],[126.64964331648308,36.047497955953524],[126.64989009759643,36.04706583835875],[126.65019501974577,36.0469384753141],[126.65021940291683,36.046802470729716],[126.65043752705013,36.046819149251505],[126.65076173778257,36.04670384541988],[126.65080740994874,36.04653904522431],[126.65109908983919,36.04660051086249],[126.6514130271124,36.0464411870273],[126.65158584015802,36.046659361612996],[126.65301467958753,36.04666042919263],[126.65344534236137,36.04680388123162],[126.65381080245362,36.04662402131821],[126.65448587910258,36.046533001001436],[126.65468720426033,36.046681382578655],[126.65468512249376,36.04650321573863],[126.65503933927238,36.04635649153845],[126.65524161273464,36.04655197801696],[126.65512048312615,36.046310189650924],[126.65545562434164,36.04627856319225],[126.65594081667109,36.04609705090678],[126.65593688186537,36.04597614693274],[126.65599042025939,36.04607437796025],[126.65619223878494,36.04600722974859],[126.65624815783742,36.046072987102065],[126.65695008591099,36.04566086378944],[126.6570212518249,36.04570133834649],[126.65696575270795,36.045555029257045],[126.65742472884968,36.045304255533175],[126.65763172987293,36.045310550599254],[126.65769248315748,36.0452333299177],[126.65744920171602,36.04524904575741],[126.65737705438546,36.045170257383006],[126.65789289092984,36.04506658917957],[126.65789382104016,36.04497383356856],[126.65774502769816,36.04498604936495],[126.65790870812766,36.04492825892385],[126.65816746000577,36.044567746437195],[126.65807460763355,36.044397519571056],[126.65821739480897,36.04442266951321],[126.65814660420362,36.04447357746233],[126.6582275465602,36.04452333207083],[126.65833503660294,36.04449882508413],[126.65838059536775,36.04461571178868],[126.6591248521773,36.04366203736981],[126.65938869547435,36.04344790949542],[126.65912755536914,36.04330844284793],[126.65973109395321,36.04249339618899],[126.6597640390051,36.042264209432275],[126.6599357021157,36.04226771583102],[126.66113362030306,36.04111282916774],[126.66158783522584,36.0405710521592],[126.66165828012959,36.04059347334949],[126.66159114603022,36.04045487435739],[126.66169338209122,36.04052284908649],[126.66185252285248,36.04010868044412],[126.66217738516008,36.0398499606166],[126.66211543284754,36.039682829522945],[126.66231111864504,36.039374772072385],[126.66252944980174,36.039253028078754],[126.66260681695759,36.038958329639144],[126.66251544904927,36.03882581778602],[126.66275790818047,36.0388038253515],[126.66282778746053,36.0386568245998],[126.66270341921918,36.03856592920975],[126.66273752355858,36.03846836086772],[126.6629245975993,36.03841832690489],[126.6631768665594,36.03792709476206],[126.66310240858152,36.037688043334676],[126.66327521439482,36.037652704695965],[126.66367752187652,36.036902654788314],[126.66369767352393,36.036659688146216],[126.66359230720137,36.03652620041091],[126.66371408773047,36.036431724412864],[126.66381907799206,36.03646828370446],[126.66391501444241,36.036376789932646],[126.66384879380422,36.036293169241596],[126.6639529591116,36.03629655249948],[126.66383763963346,36.03618152171],[126.66407427259752,36.03610293111373],[126.66410828384959,36.03588029828567],[126.66421738962858,36.03590402607861],[126.66499860325749,36.03498562040097],[126.66499863913641,36.03481734368426],[126.6651694428812,36.03477372461773],[126.66543776785326,36.034428151330154],[126.66596832550742,36.034003909578445],[126.66652572045236,36.03379736856959],[126.66678562566551,36.0335652057388],[126.66711604939465,36.03343937529697],[126.66874834635016,36.031223698431965],[126.66643006817355,36.028828325229036],[126.66501910985706,36.029315372945526],[126.66500944131155,36.02951709282984],[126.6648294006576,36.02959555404986],[126.66425781376577,36.029528848293474],[126.66432775060578,36.02939382039757],[126.66467273386303,36.029342198121064],[126.6644570231434,36.029346751023546],[126.66405655197727,36.02906388929883],[126.66275529618873,36.028854567958085],[126.66244017196307,36.02886116291946],[126.66194730950504,36.028698544426874],[126.66191973726724,36.02882082595987],[126.6611677717233,36.02899413821748],[126.66074595566536,36.02922456631814],[126.65999024999945,36.02910475324992],[126.65965395350644,36.029120192833545],[126.65941326258528,36.02904022067185],[126.65981010279842,36.02868899716016],[126.65985207151358,36.028438458295156],[126.66000135642486,36.028389311591376],[126.66014099009907,36.02818357996879],[126.66036031415803,36.02812032527769],[126.66043893581812,36.02785579365342],[126.66055757568594,36.02774602895444],[126.6613448796468,36.027610181279904],[126.66205242932642,36.02762416580763],[126.66193602778269,36.02749840510755],[126.6625018118696,36.02702291808434],[126.66298588733481,36.02604261970598],[126.66310436736988,36.02600582271254],[126.66310568966506,36.02622667100723],[126.66325492218941,36.02603401211994],[126.66362284946278,36.02369283273006],[126.66373379624963,36.02350640996022],[126.66386180598134,36.02346064499121],[126.66393794851304,36.022009875212675],[126.66403288339731,36.0217922257806],[126.66392706742897,36.0217402604834],[126.6642254378736,36.02150000151694],[126.66451154196065,36.020596097190605],[126.6646574031461,36.01692759460369],[126.6644469251592,36.0158402986827],[126.66410882929321,36.01507965402674],[126.66380645766219,36.014683133416696],[126.66310787907481,36.01484419503384],[126.66280811488801,36.014747417199004],[126.66238657974195,36.01488359575152],[126.66232787021691,36.014627437750704],[126.66262809297943,36.01438692481081],[126.66275586734216,36.01400522718749],[126.66259943878119,36.013762700270455],[126.66222835108992,36.01360274185537],[126.66212109987173,36.01336983850682],[126.66214452022085,36.01330332888089],[126.66229280364547,36.013559483416806],[126.66251993177886,36.013650222448064],[126.66286394190618,36.01352670924125],[126.66301018115786,36.01329414409548],[126.66293111419255,36.01304075809614],[126.66305899564298,36.01308406998702],[126.66292316559513,36.01277649611895],[126.66298365247589,36.01275346862996],[126.66270620859744,36.01253341069659],[126.66262335054316,36.01269629992454],[126.662539490414,36.01260771647336],[126.66195738712962,36.01265046405139],[126.66199756103717,36.01299365854986],[126.66136793277188,36.01159507228882],[126.6612236948883,36.01139905384437],[126.66102621229403,36.01129525055599],[126.66061882654324,36.01136191961101],[126.66059956175451,36.01124250084092],[126.66096662094402,36.01117592749591],[126.66087558953325,36.01108134690711],[126.66057753565401,36.01113788983821],[126.66047737059804,36.01077756353221],[126.66079633927771,36.01071942356053],[126.66083775005939,36.010365172870046],[126.66111202210564,36.009709812601294],[126.66135264122688,36.00969913310584],[126.66139732337551,36.00933493373242],[126.6619935000982,36.00939422134569],[126.66281171195827,36.00935581559611],[126.66320596398835,36.00945641623086],[126.66345890959882,36.00929371309121],[126.66333360155897,36.00921030093304],[126.66353241308113,36.009237482257966],[126.66358447432778,36.00915327780802],[126.66378568617515,36.00922382711461],[126.66395218527633,36.00913164810181],[126.66409549729252,36.008742016794564],[126.66396858871352,36.00823547157588],[126.66363476553191,36.00773886485536],[126.66362499797546,36.007596703150256],[126.66412409858017,36.006985027702086],[126.66422180214363,36.00645382305047],[126.6643882659054,36.006293622836516],[126.66467668610682,36.00619661942554],[126.66497034212877,36.00624846746867],[126.66554510848117,36.0061533334246],[126.66592559267217,36.005742072875506],[126.66580013401457,36.00520568590213],[126.6659798135798,36.00561996345324],[126.66614168296569,36.00546269855463],[126.66609425528029,36.005118144529405],[126.66594578344271,36.005035226752945],[126.66626484707209,36.004803408016286],[126.6668988120275,36.00463721819268],[126.6675136382548,36.004676474917105],[126.66763713907106,36.00462966452591],[126.66760932560521,36.004546692601316],[126.66792812252544,36.0044135274927],[126.6678957917363,36.004516304201225],[126.66808273132986,36.004627506099894],[126.66972891677922,36.00535350575016],[126.67175857394604,36.00604774494518],[126.67197541531726,36.00595856728562],[126.67223323168552,36.00604838277846],[126.67235891899557,36.00616770573967],[126.6723582099677,36.00634467518785],[126.67333367253838,36.00735486925978],[126.67470825960662,36.00834272987962],[126.67474102487807,36.00848225778783],[126.67487516407265,36.00852501684893],[126.67512737499148,36.0082988317705],[126.67494296034114,36.008550833410844],[126.67513658125633,36.00876537783486],[126.67543822745822,36.00892901404947],[126.67555918523439,36.008936623511104],[126.67567733097762,36.00877106364739],[126.67573328947911,36.008963977223296],[126.67609997265238,36.009014088408826],[126.67641819092775,36.00890376775223],[126.67658733079519,36.008669615422136],[126.6766234454803,36.009151617721315],[126.67670435423803,36.00898001586715],[126.67730005144828,36.00909469738644],[126.68036632421219,36.00888269405849],[126.68092434574781,36.008825719956384],[126.68113505249464,36.008589692045135],[126.68118679768769,36.00875781473398],[126.68137956360341,36.008796166836326],[126.68233185525905,36.00872549059475],[126.68230707724524,36.008650179876916],[126.68260425023884,36.008690143331194],[126.68307575017263,36.00860458765732],[126.68344710110057,36.00864031020378],[126.6836561521951,36.00853471121646],[126.6839101006829,36.00856353050689],[126.68392116391512,36.008365732175875],[126.6837290610086,36.00836293014943],[126.68373804422858,36.00799494914249],[126.68395597324673,36.00799369762594],[126.68397754756214,36.00683516864257],[126.68762647528226,36.00686789029514],[126.68770717096305,36.00731070860749],[126.69343269680192,36.00702362361436],[126.69400747730829,36.007291783170764],[126.6940097580424,36.00736607938163],[126.69408017041754,36.007355825695235],[126.69404767721501,36.006991336113074],[126.69410832622076,36.006956081301226],[126.69483158120696,36.006743909280736],[126.69612372131733,36.00667081339806],[126.69619896022606,36.00747713075697],[126.69829494540303,36.00735032802136],[126.69823605289018,36.00672811447659],[126.69651915316868,36.00682748920112],[126.69650570267436,36.006651537873246],[126.70130118119418,36.00643565419384],[126.70133723882292,36.00628073115228],[126.70154995520947,36.00626732562403],[126.70198404086449,36.006769944524706],[126.70219443709075,36.00680875015252],[126.70228938417365,36.00677033483085],[126.70224521652904,36.00665095139467],[126.70274809052114,36.00647429010931],[126.70208567839892,36.00562732833092],[126.7021500546196,36.005610766551385],[126.70243765788277,36.0059786719509],[126.70275469812348,36.00581502310653],[126.70260024369065,36.00561327705452],[126.70294134803515,36.00543505517701],[126.702800496405,36.00526469674179],[126.70290274997646,36.00520920962829],[126.70319976598549,36.00558271050536],[126.7033707471885,36.00549325232462],[126.70321369669708,36.005297771017794],[126.7035539586265,36.00511466790754],[126.70341570496066,36.00493734930733],[126.70351710771834,36.00487976888492],[126.70460796180633,36.005856322373226],[126.70527538641383,36.00561447273895],[126.70518542343608,36.005391296075835],[126.70528153927968,36.00537132584341],[126.70542627877123,36.005658027267046],[126.7062281194068,36.005610217902515],[126.70650577792372,36.00534681146844],[126.70712899260865,36.00522984871292],[126.70732536067034,36.0054539300523],[126.70766289048505,36.00545939502515],[126.71525158946747,36.003019084438854],[126.71898181253798,36.00170935394241],[126.7199733033336,36.00120503664117],[126.7192979331677,36.000751808874334],[126.71950941793055,36.000568974011074],[126.72020598655524,36.001039301416746],[126.72067416524558,36.00068750035907],[126.72086840359863,36.00066607781291],[126.720870076484,36.00053696335727],[126.72097998142667,36.00068982314995],[126.72193047377525,36.00057593858441],[126.7219887506734,36.00066407164837],[126.7223954344834,36.000828847701484],[126.72269331283266,36.000811034034605],[126.72275483865826,36.00072750661436],[126.7228557929469,36.00079608939788],[126.72290068282385,36.000724968790436],[126.72330422749825,36.00075706465235],[126.72314074581496,36.000208669150744],[126.72325215809468,36.00012179875906],[126.7244386383293,36.000087196870574],[126.72462892459873,36.00053042646334],[126.72531779966255,36.00037169978659],[126.72606274633785,36.00049004760679],[126.72672901738211,36.00033269782309],[126.72680064477323,36.00025909296932],[126.72687160845685,36.0004065728004],[126.72730881709309,36.00071603513487],[126.72732679520212,36.00084880776734],[126.72752591035488,36.0010450499455],[126.72756608351004,36.00125896420418],[126.72839615500324,36.001936921081665],[126.72832427575413,36.00222414291313],[126.72896454595504,36.00268531770158],[126.72956139210321,36.00335695541856],[126.72986423879017,36.003267316220565],[126.7300869623078,36.003350884333614],[126.73077428553296,36.00391286827519],[126.73080715930482,36.00420979699965],[126.73048988097172,36.0044563559082],[126.7308168889597,36.00470033605736],[126.73096130552588,36.00447214920087],[126.73110502976508,36.004429573535475],[126.73129595267066,36.00422959602816],[126.73371785521766,36.006613522259286],[126.73428162939449,36.00722546132772],[126.73501777759455,36.008310047152435],[126.73556245125604,36.00884948134737],[126.73615765040664,36.009800383220735],[126.73655428345492,36.01009744811133],[126.73667145624094,36.0103295380342],[126.73665987978463,36.01054861929096],[126.73669551584173,36.01047627528176],[126.73678498488724,36.0104903320984],[126.73686493604676,36.01060781295945],[126.73687897913854,36.010748109643366],[126.73678408934599,36.01071963929506],[126.73675764782986,36.010858866049375],[126.73688017345094,36.01099283251485],[126.73681283710542,36.011124281796455],[126.73700401899701,36.01186139296547],[126.73686052444086,36.012055418788215],[126.73755958343642,36.014202371621344],[126.73799959651876,36.01617276118005],[126.73981565741745,36.01924280543157],[126.74352143703112,36.01779665664425],[126.74384506059211,36.018813845107346],[126.74498745041056,36.021303892376494],[126.74610072042648,36.02324842531812],[126.7480472310209,36.0257511718674],[126.74915478080818,36.026024945625075],[126.75665045007041,36.02629482266579],[126.76165507591834,36.026024737600814],[126.76472271392262,36.02717690399387],[126.76693341838092,36.02852876397204],[126.76971252605134,36.02964062227497],[126.7866557573468,36.03158405288656],[126.79387911577832,36.03213924556892],[126.80276827101046,36.03352345606034],[126.80582148805371,36.034361347640676],[126.80831979624509,36.03574379837358],[126.81248510662144,36.039638937790684],[126.81415317831582,36.04130454026145],[126.81607537892492,36.04380598668668],[126.81887499430623,36.048241398148136],[126.82109738173823,36.04991904528777],[126.82970751026978,36.05185527746008],[126.83886842843145,36.05269325061558],[126.84054096956562,36.05296460254992],[126.84831585577633,36.055341637741115],[126.85416474093698,36.057411413251586],[126.86385803839839,36.06018952498291],[126.8655295119951,36.06092551980896],[126.86803632236509,36.062411756441854],[126.87081771121454,36.067404507977386],[126.87108507623485,36.07156615660263],[126.86429163443007,36.07379453681387],[126.86375540396065,36.07422089282114],[126.86287006919396,36.07470609352338],[126.86203463286834,36.0747402636107],[126.86127244746548,36.07451612656563],[126.86113458616661,36.07437559138906],[126.8608463704224,36.0736288041464],[126.86083624450056,36.07336198578746],[126.86099086891272,36.07288962512316],[126.8609622747921,36.07272653443436],[126.86079116880552,36.07255402334761],[126.86059911792265,36.07253722156313],[126.86028349896274,36.07264042922508],[126.85945357586444,36.07310166463969],[126.85909675128185,36.0732137204835],[126.85864953862823,36.07314301122716],[126.85842595894424,36.07299735132938],[126.85827084279597,36.072722069818056],[126.85806239247174,36.07192402871716],[126.8577565886787,36.071249867262736],[126.85755672300724,36.07108292961533],[126.85721746887222,36.0710655965879],[126.85706474405967,36.0712236496365],[126.85707545757577,36.07204790437121],[126.85670179557377,36.07281356840097],[126.85592856297215,36.07404218792607],[126.85555862107589,36.07436893363748],[126.8543308223793,36.074993560315846],[126.85425030210922,36.07524427919123],[126.85439374927432,36.075861796587226],[126.8537812240762,36.076389831209596],[126.85320211190246,36.076644042886024],[126.85290038081068,36.07667400500876],[126.85253415962404,36.07655060617735],[126.85240173865283,36.07642799372849],[126.85200176485141,36.07573840830584],[126.8522627456033,36.0750356515153],[126.85218198889302,36.07487377355227],[126.85135671691539,36.07440544390217],[126.85092428022176,36.07436870989711],[126.85041451568267,36.07452266185405],[126.84930813410453,36.07461059267105],[126.84865849029491,36.07450368330525],[126.84835714764165,36.074532047583816],[126.84816272736515,36.07489982065915],[126.84804009384041,36.07579567710079],[126.8479277560826,36.07600693192071],[126.8473708427027,36.07632369654132],[126.84639634877334,36.07650417162596],[126.8461892272453,36.07667844855268],[126.84612937283552,36.07684589058918],[126.84618186290038,36.077041890408466],[126.84714899787488,36.07750049804389],[126.84756528120126,36.07796131870706],[126.84761309323598,36.078276435977685],[126.84710157270061,36.07869915105516],[126.84683713902155,36.07881162468236],[126.84582555629223,36.078686632080505],[126.84494154093713,36.07840354474788],[126.84465642276682,36.07845451478753],[126.84408598062281,36.078836252176856],[126.84349273419674,36.0789382002746],[126.84200198160535,36.079916208009436],[126.84159997562445,36.08050847342041],[126.84137747731151,36.08118823448492],[126.84156231930208,36.0815654474702],[126.84190374568207,36.08177620971425],[126.84190896829591,36.08221304419271],[126.84179383266613,36.08234753284917],[126.84084965062073,36.08243410283277],[126.8406964934663,36.082537320625036],[126.8407145294652,36.08280806200025],[126.84100421443047,36.08319024849408],[126.84099959724183,36.08339188120806],[126.84055742745895,36.08374634723543],[126.83915743081239,36.08442849898721],[126.83888247842653,36.08488359896906],[126.83852012633967,36.08516462894094],[126.83844039170285,36.08531827854318],[126.83841695304906,36.085426228521314],[126.83862332173386,36.08568980718541],[126.83907006000369,36.08590385604205],[126.83906308827164,36.08656207570487],[126.8393643545568,36.08688774053409],[126.8394218107728,36.08758627614855],[126.83880032079671,36.089565518119336],[126.83848205947388,36.09029385943064],[126.8381149867766,36.09271544948619],[126.83794399755925,36.09311211891213],[126.83804523699692,36.093538476827796],[126.83773856225817,36.09436615413541],[126.83773033663154,36.095204568121645],[126.83797156997402,36.09550272043059],[126.83792073678073,36.09600519529171],[126.83804062444435,36.096383599237896],[126.83833365161,36.09668013280422],[126.83821905044645,36.096791313360576],[126.83740579429193,36.09709046126449],[126.83717983112074,36.09726631962132],[126.83700434627158,36.0983000289307],[126.83707774037056,36.09832997916176],[126.83686671799015,36.09873572019776],[126.83660386959136,36.099607163627944],[126.83667870114559,36.099784743618216],[126.83700376271075,36.1000401066611],[126.83706118429257,36.10035505824141],[126.83745596473649,36.100894883923566],[126.83749961151464,36.1012833300406],[126.83740176291985,36.101760089542395],[126.83764360019778,36.10202369061208],[126.83716269161901,36.10339163186857],[126.83727297239902,36.10372606801518],[126.83720519639647,36.10405142859966],[126.8373618543466,36.10491482303862],[126.83786085708438,36.105307459592304],[126.83789211112307,36.10549894694374],[126.84042080061559,36.10564685525252],[126.840558864055,36.105670029809794],[126.84058361065878,36.10577767704975],[126.84056016142168,36.10642293874383],[126.84037466649775,36.1067953672076],[126.840890586831,36.108471175152815],[126.84101607726447,36.10991178232448],[126.84079155989726,36.11039855228825],[126.840893223527,36.11056969207106],[126.8409315342815,36.11205282717407],[126.84075404659701,36.11339580471211],[126.8404582923712,36.114012033212155],[126.84031878769093,36.11504579476972],[126.8404151924812,36.11504861914948],[126.840421364765,36.115212980230204],[126.84019350568931,36.115755814312294],[126.84008720410577,36.11692584657315],[126.83982480190676,36.11731266053403],[126.83961155608895,36.11741354339802],[126.83853763961004,36.117409888687725],[126.83821349056271,36.117578341491175],[126.83769242651158,36.11754449335611],[126.83720009699172,36.11760618318239],[126.8365414726554,36.11788805182648],[126.83623124151293,36.11816489128127],[126.83627890417438,36.118949132102145],[126.83599648621579,36.1188843425924],[126.83595721597919,36.11895597907891],[126.83572032663876,36.1189282825422],[126.83555349531991,36.119079697155435],[126.83512605776922,36.119610205725905],[126.83512616556915,36.11984888109967],[126.83496233551203,36.12020772205188],[126.8345902791293,36.12052388236817],[126.83371610274412,36.120892661292345],[126.83276786101808,36.120736284219696],[126.83233211264454,36.120788561055406],[126.83221890361573,36.12090677512169],[126.83157882909013,36.121019006756526],[126.83114221978153,36.12136481967955],[126.83101296053823,36.12134281032197],[126.83056116590465,36.12154982269975],[126.83027211475076,36.12193918169506],[126.83041161814354,36.12249324530755],[126.8298838498584,36.12302492457234],[126.82975380436886,36.12332756188431],[126.82968491683417,36.123850299350494],[126.82928588458147,36.124456255921615],[126.82764506636049,36.125235062892926],[126.82737132098067,36.125537613827966],[126.82661181109036,36.12575829751385],[126.8254688420606,36.1258043679772],[126.82478201730054,36.12636274488142],[126.82452590001402,36.12685179427619],[126.82390004774061,36.127552710370935],[126.82381872433533,36.12785669411733],[126.82361901475562,36.12804247893489],[126.8233482739239,36.12917152231176],[126.82242854756201,36.1296030204652],[126.82132397433071,36.12980252184487],[126.82151572102214,36.1302628478165],[126.82033836279527,36.130910402754],[126.82032152990676,36.1311143399908],[126.82008731211894,36.131361652394325],[126.81965966360958,36.131629672604085],[126.81946736981493,36.13160201139282],[126.81947281222494,36.13173214391618],[126.81878153991428,36.13253391419638],[126.81955463894056,36.135263156706074],[126.81891189515652,36.135605684153795],[126.81761950368646,36.135915496602934],[126.8168603823887,36.135421975078096],[126.81614506764531,36.135259589142386],[126.81563362771891,36.13555579823057],[126.815201263645,36.13560235890379],[126.8148585130827,36.13578108462002],[126.81443151977591,36.1358488741729],[126.81446667287169,36.13595608444403],[126.81427664510835,36.13604177122251],[126.8141198518075,36.13623691456599],[126.81365715464122,36.13625512416829],[126.8132740690807,36.13639167747086],[126.81279281872416,36.136186338022235],[126.8122622616138,36.136070894172825],[126.81180032199998,36.13612053272984],[126.81148014914942,36.13648714866653],[126.81084654555804,36.13682254476707],[126.80994193540265,36.1370354167204],[126.80958746988154,36.137226580496346],[126.80849433514877,36.137516465162705],[126.80716568693342,36.138140645800846],[126.8058731680258,36.13844319347575],[126.80523109843178,36.13878003231126],[126.80510986684796,36.13943441549207],[126.80429112670228,36.139669897384834],[126.80271650219238,36.13995415786669],[126.80233320978537,36.14030173720902],[126.80219834570018,36.140651019024425],[126.80212968654718,36.141286056703095],[126.80080908406717,36.140695093050525],[126.7999418717697,36.14017703109731],[126.7990242058667,36.13917388468809],[126.7984712931424,36.13873560306666],[126.79836248674724,36.13821965796387],[126.79771164702126,36.137919164020126],[126.79731313722569,36.13786672012463],[126.7960987716456,36.13815091162323],[126.79576269365889,36.137982630151896],[126.79478959130329,36.137055102823794],[126.79418160491515,36.13688120911646],[126.79373705832784,36.136867948416715],[126.79360527348263,36.13749085817243],[126.79394900083773,36.138376103581535],[126.79354462643332,36.13898480754811],[126.79393203184071,36.140542075066776],[126.79374384653637,36.14084731111567],[126.7932024934057,36.14113738882603],[126.79272335805845,36.14154807149048],[126.7921192278566,36.1416797386352],[126.7914362384415,36.14216766041752],[126.79198309296783,36.14322444254131],[126.79215590661622,36.14339364853322],[126.79195687695946,36.1440874709451],[126.79298596743592,36.14482441505464],[126.79319650862107,36.14487290452601],[126.79325435027545,36.14502097411422],[126.7936604309078,36.145362648924085],[126.79392386748374,36.1461474504288],[126.79391546963598,36.146462830292876],[126.79381915621914,36.14654717951548],[126.79409765041268,36.14681378732696],[126.79436791314401,36.14688219583603],[126.79427872590061,36.14696494478437],[126.79405915954563,36.14694146532127],[126.79406032039336,36.14703197709172],[126.79417832243755,36.14704126441015],[126.79371277440461,36.14765557375717],[126.79386868297786,36.14822407907927],[126.79394663553829,36.14904970849619],[126.79508532503822,36.149377027972875],[126.79508475456045,36.14976870702392],[126.79555758169676,36.15043861173869],[126.79505104417495,36.15093396856966],[126.79510147716456,36.151198504549086],[126.79457767367431,36.15181660111892],[126.79466114457247,36.15200433943774],[126.79444162975184,36.152289227263275],[126.79492906882881,36.15256922402419],[126.79505108895495,36.15333775503434],[126.79515561856843,36.15355618851664],[126.79552874664412,36.153872350889166],[126.79451171751657,36.154787653988826],[126.79457032164925,36.15551241095225],[126.7942422690269,36.15594947686795],[126.79414422754222,36.15655923924568],[126.7946317434115,36.156790025605325],[126.79454186330999,36.157462393042906],[126.79504338903318,36.15766637965763],[126.79589858150165,36.15760603634198],[126.79600994551764,36.15840688322467],[126.79573508633642,36.15888711998447],[126.79550992900651,36.15898178348395],[126.79535800612264,36.15947652722497],[126.79425126721587,36.1600608035729],[126.79425219210898,36.16072292664651],[126.79443377642171,36.16103896561395],[126.79471737531453,36.161219408193375],[126.79560422039401,36.16147033321049],[126.79539751413554,36.16202084706534],[126.79537895869254,36.162723453885356],[126.79508549443263,36.16327281637826],[126.79456059046032,36.163611231689245],[126.79356043900688,36.16537661836948],[126.79315479945838,36.165867347912425],[126.79233053099422,36.16724295488921],[126.79222333147898,36.16768741914193],[126.79306238135354,36.169992006839784],[126.79372533301715,36.17084609161051],[126.79508176436084,36.170593399500426],[126.79516924486593,36.170256185696005],[126.79550652120896,36.16975908826244],[126.79576229924629,36.16961208102629],[126.79785184331423,36.17012601992794],[126.7977035403938,36.170662782837994],[126.79736020594238,36.17102576006496],[126.79740989317676,36.17112764528343],[126.79678549342408,36.17152803876485],[126.79647458325289,36.172050290906455],[126.79657461186152,36.172957339701846],[126.79684956083355,36.17331522477992],[126.79659215318212,36.17373026549936],[126.79609560622978,36.17414085621518],[126.79612485066237,36.17470730263628],[126.79595528239751,36.17511766894681],[126.7959586921247,36.175531769608014],[126.79551627824323,36.17643838085596],[126.79599995244777,36.177004550461085],[126.79624424693955,36.17768557281866],[126.79581226520608,36.17846748648389],[126.79564405752588,36.17919033790244],[126.7948657498762,36.17899775481056],[126.79458781720027,36.17879936391821],[126.79405588039592,36.17895238341556],[126.79381670173372,36.17922459933901],[126.79367829420079,36.17975151561867],[126.7931748496657,36.180786541289095],[126.7909256873844,36.18060674100342],[126.79056624510818,36.18110007949676],[126.7905762508953,36.18133595076025],[126.78946558011597,36.18113891571078],[126.78721509313276,36.18158444553798],[126.78637344249834,36.181838831159375],[126.78566769635484,36.18177316179672],[126.78558637162195,36.18190606737397],[126.78499876363863,36.182174636616054],[126.78392230992563,36.18230451245912],[126.78285121724983,36.18354337626804],[126.78130818260921,36.18374960063796],[126.78015071892573,36.183467164511875],[126.77939714549817,36.18351008978616],[126.7782628329933,36.1833149001065],[126.77801395585132,36.18295429056257],[126.77750554924542,36.18290817443935],[126.77573488260006,36.182213717809326],[126.77469900139566,36.18223874233386],[126.77300911681907,36.18168443831473],[126.77226962531687,36.18220218662678],[126.77106237302388,36.182120355931545],[126.77049391672682,36.18227341933164],[126.76933280209433,36.18243548934247],[126.76861329561581,36.182102129207074],[126.76785095468954,36.182041155089685],[126.76704105907828,36.18155132859718],[126.76553655024375,36.18336691778074],[126.76497490213586,36.183667152032676],[126.76414459456055,36.18348431516426],[126.76341133497661,36.18358881482174],[126.7621586393587,36.1831594084427],[126.76177106324957,36.18319809689025],[126.76087118875367,36.183127559021415],[126.76035651715301,36.18267643724749],[126.75878388521541,36.18224014471527],[126.7579840845717,36.182119590318976],[126.75747517612163,36.18226239294371],[126.75700199690962,36.18224621695387],[126.75728811523706,36.181564890882086],[126.75691781368833,36.181187381136496],[126.75659290473784,36.18118419369367],[126.7554062258769,36.18162873540788],[126.75509926399191,36.181623661314504],[126.75460954629725,36.181817106298006],[126.7533241863635,36.181620869899064],[126.75120256771974,36.18196463089229],[126.75031325879766,36.181823479983464],[126.74967916926826,36.18136451099134],[126.74898305215832,36.1810910279537],[126.7476443596514,36.18111207011988],[126.7469822301799,36.18162026483244],[126.7457943274456,36.181386216246175],[126.74535637894564,36.18177892357802],[126.7447931280661,36.18211101604876],[126.74473413041004,36.1823401622613],[126.74340490799045,36.18264596714222],[126.74193828231024,36.18336769016967],[126.74112264439383,36.18308559546347],[126.73972569332587,36.18236956692648],[126.73870721284196,36.18208970324804],[126.73812974370998,36.18231020883628],[126.73710211608193,36.18204860708622],[126.73616715544064,36.18190103255304],[126.7355242325911,36.1818924695124],[126.73525255529766,36.18207087866327],[126.7344239630724,36.18186338815486],[126.73398221499717,36.181351432412555],[126.73291445571505,36.180869659025646],[126.7307041156998,36.179540164553245],[126.72971850707948,36.17903492944861],[126.72839484266719,36.17783514480071],[126.72799731019056,36.17662851579559],[126.72761272603006,36.17607357155927],[126.7272926414579,36.176076740387884],[126.72705154848839,36.176219082878404],[126.72583730271047,36.17638404291666],[126.72533772174009,36.17625439157351],[126.72422609705531,36.17650556283387],[126.72351495269275,36.176008154902426],[126.72261708418935,36.17621755142532],[126.72225237404122,36.176222838530414],[126.72179504845532,36.17549906540188],[126.72128331220904,36.17505594019071],[126.7209212989363,36.174948398340995],[126.72029368459803,36.175379122785536],[126.71898286247374,36.175154469728696],[126.71837596722682,36.17516159972327],[126.71787152594595,36.17568300825606],[126.71737411250098,36.17580099336536],[126.71644131139979,36.175695518395564],[126.71604063837421,36.175371448656705],[126.71533724526118,36.175320935798965],[126.71490286057721,36.17561802017995],[126.7136703404321,36.17545052226591],[126.71209387717445,36.17563420889255],[126.71085276435787,36.175985744010866],[126.71045757422137,36.1766013723558],[126.71005343005731,36.17697447603707],[126.70941475205763,36.17732855964147],[126.70888332974407,36.177765190533904],[126.70819702581865,36.17802491302235],[126.70759866158883,36.178027176337444],[126.70698699406961,36.178474686415356],[126.70575527818191,36.178109593613414],[126.7048165350163,36.17807627055094],[126.70376889725587,36.1784731434548],[126.70248919330646,36.178682745750976],[126.70180413004597,36.17936257200618],[126.70092121741926,36.17937964589835],[126.70049852619371,36.17947094633844],[126.70004868011853,36.180129725968605],[126.70000729814717,36.18120862202672],[126.69974651677347,36.181562875591275],[126.6996695920194,36.18187042119669],[126.7000591459227,36.18222345540516],[126.70032605224709,36.18265662018527],[126.69996963667884,36.18314020664608],[126.69937686890198,36.18323849264897],[126.69900193658938,36.18354303269924],[126.69816081606764,36.18466554322119],[126.69760440687584,36.18473222871547],[126.69759220583438,36.18534705636696],[126.69746292700894,36.185626357513],[126.69703763302822,36.18610166028012],[126.69685146182985,36.186436014717096],[126.69566800128989,36.18720699824445],[126.69534998112177,36.18763074792851],[126.69537066505927,36.18791230775579],[126.69515396581808,36.1884122129076],[126.69448174725083,36.18902757656663],[126.6920647104518,36.19015002720932],[126.69188990587294,36.18991328243078],[126.69140285977075,36.189865195856875],[126.69102932266753,36.18954961273894],[126.69041530361335,36.18923499683488],[126.69005793379633,36.18928246136128],[126.68929529131998,36.18958158394571],[126.68883855060332,36.18902777777446],[126.68760710686111,36.188702396878504],[126.68736708628455,36.188704435102984],[126.68711000967637,36.188590246104816],[126.6859398866686,36.18886467202149],[126.68552521212412,36.18887784445851],[126.6850894774349,36.188404964678284],[126.68473268068797,36.188376821439434],[126.68399979686795,36.187758969208616],[126.68374758496122,36.187804793141076],[126.68340211848385,36.187686358439954],[126.68358808592602,36.18754050674556],[126.68307910310095,36.186778240161104],[126.68269378075874,36.185945475228905],[126.68231221191442,36.18532092149099],[126.6816348671432,36.18461068383976],[126.68147786861228,36.18428478790635],[126.68124019961485,36.183206694836954],[126.68080056659593,36.182779781805934],[126.68084831731804,36.18242129796404],[126.68014572454267,36.18234727521024],[126.6792133580185,36.18179567871215],[126.67798496637617,36.181938547958005],[126.6772539344222,36.18182962537768],[126.67602736566532,36.181103412897926],[126.67550716748885,36.180467629058924],[126.6752583590474,36.179978159299914],[126.67466265194203,36.179634153826015],[126.674018951743,36.17889766834929],[126.67349870217637,36.178598930096655],[126.67280187772405,36.17852426596872],[126.67237012393495,36.17856411034912],[126.67171327740894,36.177966360414935],[126.67121778266409,36.17797885590618],[126.6703954771377,36.17774336344897],[126.6694198226149,36.17765096657482],[126.66907507398042,36.17718060351972],[126.66874172296671,36.17691002205216],[126.66840163491439,36.17670874102199],[126.66768312076697,36.17650402627825],[126.66747247904686,36.17619507381345],[126.66687191781415,36.17600354354126],[126.66631277334467,36.17636877523976],[126.66501248662333,36.17699151313356],[126.66476870266388,36.176888614857546],[126.664609479806,36.17671508285442],[126.66368068055402,36.17728428610871],[126.66321782378357,36.177353477709715],[126.66310450763973,36.17747824283096],[126.66265254002622,36.177586947046386],[126.66215787345239,36.17762371449585],[126.66134755507902,36.177986306278555],[126.66079178342439,36.17814605872205],[126.65981246739501,36.17811000500194],[126.65884891444973,36.177769736317174],[126.65864069156233,36.17778787613325],[126.65811896103826,36.178147183589616],[126.65795598548615,36.17839530173184],[126.65795820413429,36.17885987430782],[126.6576229961263,36.17919197567386],[126.65747521446121,36.17950358170548],[126.65801452530269,36.18085508450637],[126.65653335114513,36.181236023782404],[126.65539797468995,36.18121874358663],[126.65450031384918,36.181044295415894],[126.65256588251728,36.18087180952272],[126.65216494688475,36.18043248786079],[126.65155522442286,36.18033268624081],[126.65146634093888,36.18004999957622],[126.65105129902986,36.179610309148565],[126.65032437351327,36.179526467515544],[126.64968893806348,36.17961735274606],[126.64783814396074,36.17908406316687],[126.64737656391374,36.179185100600414],[126.64689548718911,36.17905696908565],[126.64681655791037,36.17885804864259],[126.64612679297173,36.1780428816765],[126.64515975199173,36.17773062065388],[126.64498323534292,36.177828242443724],[126.6443308973727,36.17792026597257],[126.6441387463988,36.17802609594004],[126.64323935804562,36.17821311075951],[126.64248411054777,36.177292629035975],[126.64155048754681,36.17722266078331],[126.64070476011331,36.17643135294678],[126.64021209781934,36.17650370525861],[126.63958213757485,36.17621954601834],[126.63922853795572,36.176157270095025],[126.63809711160621,36.17637738971762],[126.63727730253974,36.17636290379693],[126.63654916035566,36.1764719114012],[126.63644424640451,36.1763866554483],[126.63578869974694,36.17633730789498],[126.63481938882907,36.17592185564977],[126.63448676330655,36.175958724053615],[126.6335627531342,36.17576779857687],[126.63278800667351,36.17586609727312],[126.63193924779479,36.17610065791288],[126.63132877444961,36.175834982650784],[126.6309515509452,36.17524878687435],[126.62941100697053,36.174289897171235],[126.62922468640332,36.17360673542279],[126.62885062872644,36.17340007939455],[126.62819266750961,36.17347444295234],[126.62769290133319,36.17342175177403],[126.62681023441725,36.17308998158233],[126.62613632453777,36.173425296993344],[126.62563106318922,36.173544103204684],[126.62517406897474,36.17376100272215],[126.62467419297461,36.173227751470215],[126.62325988326387,36.17307640489565],[126.62284373976038,36.173342816722645],[126.62240031650406,36.173796581721255],[126.62146532603705,36.174436649017714],[126.62087112415806,36.17432630072851],[126.62039752534365,36.17442472076359],[126.6194885161974,36.17500827564225],[126.61859053446166,36.17470675019345],[126.61745338000503,36.17416439317139],[126.61645614988628,36.17272867722994],[126.61489469401387,36.17241199523777],[126.6147176724103,36.17211793254482],[126.61511628955468,36.172147308898],[126.61476249102837,36.172078837998676],[126.61468960315783,36.172139479935346],[126.61462327341984,36.17205481395142],[126.61329048131441,36.173101826276024],[126.61284938208372,36.17326775585936],[126.61199985542952,36.173329431573066],[126.61098922988124,36.17291983565039],[126.61072219537378,36.172762210488216],[126.60994500721513,36.172049394369004],[126.60965542006552,36.1718834375714],[126.60936734056874,36.17186164316105],[126.60899163037107,36.17192459292362],[126.60837146207241,36.172347005893364],[126.6080962893459,36.17285377892686],[126.60687430320338,36.1731051404033],[126.60578512712871,36.17363702567324],[126.60523581532924,36.1735750717585],[126.60455445052476,36.17374533304877],[126.60381080998506,36.17357165586061],[126.60344801509889,36.17364511375301],[126.60305695450977,36.17392731100868],[126.6026124033629,36.17411753356206],[126.60194538521814,36.17486955372101],[126.60160608276061,36.1750933967062],[126.60106756326303,36.17486657707196],[126.60095182455179,36.17488679213176],[126.60075146077251,36.17508514024451],[126.60019746620868,36.17527350112468],[126.59933149302657,36.17540871486177],[126.5989028984343,36.17520162756496],[126.59805411459851,36.17501942409157],[126.59519253917581,36.1747986350714],[126.59416834593517,36.174524076556814],[126.59288142520953,36.17484321977003],[126.5890078492504,36.17551881139984],[126.58396313694591,36.17664313869944],[126.58004561875306,36.17767669071465],[126.57770193407595,36.17905600091061]]]]}}
