{"type":"Feature","bbox":[128.98946791170528,36.014151773173,129.46447332645224,36.333365356183194],"properties":{"regionCode":"47113","version":"vworld-20260909-3f8952dfda77-p3","name":"경상북도 포항시 북구","attribution":"국토교통부/K-Geo플랫폼 · VWorld 법정구역정보, CC BY 2.0 KR; 두꺼비집 가공"},"geometry":{"type":"MultiPolygon","coordinates":[[[[129.41613952044975,36.07291851531517],[129.41616383776315,36.072854782210804],[129.41625307911937,36.07289852462063],[129.41613952044975,36.07291851531517]]],[[[129.41861538113693,36.0735178500744],[129.41826249096076,36.0732300615367],[129.41823405522788,36.07311440846744],[129.4183544806157,36.07309923665475],[129.41859861081866,36.073332384981875],[129.41861538113693,36.0735178500744]]],[[[129.42179925940948,36.089540098969984],[129.42185095686128,36.089622828936506],[129.42184052790253,36.0897094176024],[129.42180230905015,36.08964239145854],[129.42179925940948,36.089540098969984]]],[[[129.4218593545413,36.089821136470874],[129.4219031291303,36.08979993309179],[129.42192210010572,36.08982062110066],[129.4218593545413,36.089821136470874]]],[[[129.42197945529014,36.08992305010227],[129.421969647563,36.0899542894687],[129.42192870598552,36.08992838135398],[129.42197945529014,36.08992305010227]]],[[[129.42202907201397,36.09005334546598],[129.4220070780992,36.090077857417285],[129.4219834007994,36.09002495050671],[129.42202907201397,36.09005334546598]]],[[[129.42210610268629,36.09024836850932],[129.42204438602647,36.090209564474044],[129.42200352446045,36.090113940755145],[129.42210610268629,36.09024836850932]]],[[[129.45388240140403,36.09102689087119],[129.45400299993756,36.09107295585838],[129.45395836136902,36.091201614254636],[129.45379581011227,36.09116622301017],[129.45376650884353,36.09101505881401],[129.44714290022003,36.08087471403068],[129.44729730859805,36.08081408253951],[129.45388240140403,36.09102689087119]]],[[[129.43974705347998,36.118236384714535],[129.43960470080233,36.118134652381706],[129.4639279401321,36.098154051124865],[129.4640012956712,36.098004788935505],[129.46395507041055,36.09006323883839],[129.4639473955582,36.08970990718872],[129.46386163346494,36.08959330593581],[129.46395130107084,36.089448332047205],[129.46385715584296,36.08929095648662],[129.46393625786305,36.08918738665301],[129.46447332645224,36.08918614880501],[129.46447068940668,36.089339024663175],[129.46420672063235,36.08933709373833],[129.46421315824895,36.089748478009916],[129.46415117706627,36.08975298818474],[129.46420040652748,36.09769023163248],[129.46435169878683,36.097801460673054],[129.46432066748315,36.09822876041216],[129.4641370538788,36.098433575966745],[129.46368662009976,36.098720206488316],[129.46378345418765,36.09883667291852],[129.4636770618037,36.0989491904053],[129.46348337894088,36.09899319244247],[129.4634083211393,36.09909332168528],[129.46312973431034,36.09908709074803],[129.46277374507264,36.09937879808445],[129.4628828652709,36.09942092422448],[129.4628607960308,36.099494935199445],[129.462121804924,36.10018038752299],[129.46167646207044,36.10044726646554],[129.46118322134126,36.10091817310986],[129.46109693711097,36.10091787136671],[129.46078666534032,36.10126274803473],[129.45966763990043,36.1021074406335],[129.45955443264114,36.10229431121591],[129.45865461783143,36.10292576740786],[129.4583967398924,36.103195020460255],[129.45812192316373,36.10331841675065],[129.45797059146227,36.10349543829471],[129.45785599262783,36.10349952639125],[129.4575557997557,36.103874040896315],[129.45518249061712,36.105825032324766],[129.45475889254288,36.10608052122047],[129.45482112472573,36.10615846872799],[129.45371786125048,36.106924789743445],[129.45371301536028,36.10701773094796],[129.4524366477657,36.10806572362657],[129.4523318562337,36.10793155589252],[129.43974705347998,36.118236384714535]]],[[[129.39815433659004,36.135964092940114],[129.39807715039925,36.13591943507975],[129.39811911838333,36.135875436618925],[129.39815433659004,36.135964092940114]]],[[[129.3983901754579,36.13635412475946],[129.3982569117985,36.13632513854629],[129.39830470824347,36.13616352473558],[129.39837512772996,36.13620723596646],[129.39831662180183,36.13628180883201],[129.3983901754579,36.13635412475946]]],[[[129.39831086563174,36.1364244644719],[129.3984032951992,36.13648925351751],[129.39837302520124,36.136542790242366],[129.39832145933653,36.136507847503836],[129.39831086563174,36.1364244644719]]],[[[129.3985311402295,36.13655907966438],[129.39848782038288,36.13659296050963],[129.39845021576426,36.136470508174725],[129.3985311402295,36.13655907966438]]],[[[129.39846920410614,36.13664828749069],[129.3984540645135,36.13662496798029],[129.39851790173236,36.1366336027932],[129.39846920410614,36.13664828749069]]],[[[129.39845431092323,36.13666097226954],[129.39844407771872,36.13667210663066],[129.39842338199955,36.1366488887337],[129.39845431092323,36.13666097226954]]],[[[129.3980447992592,36.136667688235654],[129.3981431652245,36.13644627747598],[129.398214639654,36.136457249557154],[129.39824591479032,36.136630140420486],[129.3980447992592,36.136667688235654]]],[[[129.39820989862687,36.13677672012206],[129.3982036417849,36.13679630625363],[129.39813714830194,36.13675145549323],[129.39820989862687,36.13677672012206]]],[[[129.39852032241348,36.13679570765747],[129.39843140104296,36.136799232326084],[129.39840516090212,36.136729933313966],[129.3985135399873,36.136732425417804],[129.39852032241348,36.13679570765747]]],[[[129.39841970848713,36.13711347937915],[129.3982907708337,36.13709551572759],[129.39824216614082,36.137010253720334],[129.39838440416813,36.13698877306498],[129.39841970848713,36.13711347937915]]],[[[129.39805731788192,36.13716759862949],[129.39793266705303,36.13707816320781],[129.39793730933442,36.136965123433555],[129.3980009002039,36.13699585807636],[129.39805731788192,36.13716759862949]]],[[[129.3984530725979,36.137665761664664],[129.39822714381944,36.13757808652707],[129.39831812644778,36.137366155767516],[129.39848388247103,36.13740372022678],[129.3983577922042,36.137525201111124],[129.39853553018605,36.13742686017058],[129.3984530725979,36.137665761664664]]],[[[129.39780981043728,36.14164845649313],[129.3977409566784,36.141690131678615],[129.39773716769753,36.14160242575601],[129.39780981043728,36.14164845649313]]],[[[129.39781037521783,36.14357422290425],[129.3977551194062,36.143597115089854],[129.39771709345757,36.14354898701769],[129.39774580972988,36.143529275682894],[129.39781037521783,36.14357422290425]]],[[[129.39784218256602,36.143755300044354],[129.39783013548802,36.143669518888316],[129.39795834580912,36.143577665269675],[129.39804371637112,36.14368731916165],[129.39784218256602,36.143755300044354]]],[[[129.39818903523755,36.14421751431867],[129.39820264843067,36.14407847876911],[129.39805112740703,36.144116460113004],[129.39810448549156,36.14416930010191],[129.39799899823134,36.14421395221292],[129.39793619203732,36.14405248569183],[129.3980522196262,36.143977267016666],[129.39798464437771,36.14396111125806],[129.3980081378323,36.14382303684991],[129.3982915784207,36.14362455096527],[129.39835852345482,36.14375239268034],[129.3981953422642,36.14380871279993],[129.3981886871266,36.14399265229005],[129.39842346366345,36.14411063235179],[129.39818903523755,36.14421751431867]]],[[[129.3984476704792,36.14429662717525],[129.39828274611827,36.14422228887731],[129.3983367722451,36.14420900165317],[129.3984476704792,36.14429662717525]]],[[[129.39835328034067,36.145029136463044],[129.39821873535004,36.14496530922115],[129.39823655384936,36.14489036112137],[129.39836711687045,36.14489790007023],[129.39835328034067,36.145029136463044]]],[[[129.39777978990142,36.14534082741012],[129.39774726952785,36.14531029887664],[129.39785422041555,36.14527235738381],[129.39777978990142,36.14534082741012]]],[[[129.39815637631952,36.14538359983068],[129.397941660028,36.14508417882791],[129.39812789360803,36.14512462703803],[129.39802714151568,36.14517226263191],[129.39815637631952,36.14538359983068]]],[[[129.39781912767478,36.14642716033632],[129.39764542257973,36.14632298098209],[129.3977056480665,36.146321065437704],[129.39781912767478,36.14642716033632]]],[[[129.3975145606261,36.146516287949275],[129.39752577120285,36.146471765777854],[129.39762984106164,36.14650989685014],[129.3975145606261,36.146516287949275]]],[[[129.39780914036916,36.14657483072964],[129.39776396973633,36.14660727316956],[129.3976764489469,36.14656477482991],[129.397714970039,36.14654842992984],[129.39780914036916,36.14657483072964]]],[[[129.39788984504014,36.146643712533866],[129.3979678694471,36.14673520473725],[129.39795741000884,36.14675928073499],[129.3978592547145,36.14668776402939],[129.39788984504014,36.146643712533866]]],[[[129.39782966146507,36.146757096276765],[129.3976265237952,36.14675842962923],[129.39753083583935,36.14660327218619],[129.39765151429293,36.14660120705953],[129.39782966146507,36.146757096276765]]],[[[129.39773016202435,36.146886787027576],[129.3976553240278,36.14681526110771],[129.3979493806748,36.14683941180406],[129.39773016202435,36.146886787027576]]],[[[129.3984090720046,36.14805884375478],[129.3983444282976,36.148166153481306],[129.39822190548315,36.14820126400418],[129.39833852651304,36.14809049080126],[129.3984090720046,36.14805884375478]]],[[[129.39777730914565,36.14852292905864],[129.39774674909881,36.14853616859552],[129.39774061925976,36.14849372773893],[129.39777730914565,36.14852292905864]]],[[[129.39829119403575,36.14856373519651],[129.39828855049163,36.14849787247603],[129.39832718689513,36.148461288658844],[129.39833956060116,36.1485166641086],[129.39829119403575,36.14856373519651]]],[[[129.3982588688576,36.14912093513546],[129.39820070342935,36.148921652883715],[129.39829228021964,36.14895583577106],[129.3982588688576,36.14912093513546]]],[[[129.39858581172044,36.14916259017868],[129.3985839203181,36.14905814197565],[129.398629595869,36.14907365848477],[129.39858581172044,36.14916259017868]]],[[[129.39841376119304,36.149444574060226],[129.39837670474765,36.14929701598865],[129.3984759770201,36.14931839912374],[129.39841376119304,36.149444574060226]]],[[[129.39843704769945,36.14958875471311],[129.3984267643261,36.14947510448332],[129.39849561385955,36.14951887994776],[129.39843704769945,36.14958875471311]]],[[[129.39856407880131,36.149902397673145],[129.39848012701722,36.14987367659089],[129.39845304103773,36.14975949417026],[129.398591802358,36.14981169611073],[129.39856407880131,36.149902397673145]]],[[[129.3989978839437,36.15094400372159],[129.39904378653722,36.15107211640324],[129.39900527599062,36.15107819260574],[129.3989978839437,36.15094400372159]]],[[[129.3993651157126,36.151291384737874],[129.39934659874842,36.15130646270988],[129.3993326759005,36.15126755297581],[129.3993651157126,36.151291384737874]]],[[[129.39920804496802,36.151400226206924],[129.39918625063925,36.15140781126572],[129.39917981653974,36.151393213887474],[129.39920804496802,36.151400226206924]]],[[[129.39923260028587,36.15132380008681],[129.3992782600447,36.15137638655778],[129.39931087703405,36.151481426226546],[129.3992683348547,36.15145238497005],[129.39923260028587,36.15132380008681]]],[[[129.39928800365277,36.151511414280414],[129.3992879277464,36.15149633293034],[129.39933768069878,36.15150968504587],[129.39928800365277,36.151511414280414]]],[[[129.39922585859117,36.15152307482751],[129.3992176673062,36.15155990698495],[129.39919666639437,36.15147527774377],[129.39922585859117,36.15152307482751]]],[[[129.39916567609401,36.151394126900875],[129.3991713918489,36.15156147223294],[129.39909056156586,36.15130966921591],[129.39916567609401,36.151394126900875]]],[[[129.39908324422058,36.15146992972436],[129.39912512093028,36.1515527188396],[129.3991865677042,36.151598923440346],[129.399106439431,36.151561670632866],[129.39908324422058,36.15146992972436]]],[[[129.399207729305,36.15167026050172],[129.39918135043573,36.15168518914373],[129.39917071322196,36.151654347256574],[129.399207729305,36.15167026050172]]],[[[129.3994396472528,36.15203597192004],[129.39932864046398,36.151937171705384],[129.39924716603625,36.15151253722336],[129.39934159684393,36.15164613751505],[129.3994396472528,36.15203597192004]]],[[[129.3993402108778,36.15158692992202],[129.39954770371597,36.15192769425453],[129.3995269459049,36.152057309733664],[129.3994625791422,36.15195878367793],[129.3993402108778,36.15158692992202]]],[[[129.39968645559154,36.1524854236895],[129.39955146737728,36.15213023399438],[129.39961838436696,36.15217892060571],[129.39968645559154,36.1524854236895]]],[[[129.40001065942946,36.1526918578857],[129.3999944121447,36.15272638141091],[129.3999622955623,36.15263665995924],[129.40001065942946,36.1526918578857]]],[[[129.40377882207306,36.15531518080441],[129.40343760919413,36.15517740295059],[129.40300989519605,36.15480221615325],[129.40306020438373,36.154742130973695],[129.40325478399274,36.15478541278634],[129.4034607606909,36.15448040862822],[129.40361668463635,36.15457771445969],[129.4035381744343,36.15446466843487],[129.4036328381738,36.15434114078155],[129.40405169956938,36.154117662853025],[129.40407329252787,36.154182998562455],[129.40420664153527,36.15419431401202],[129.40420596152967,36.15432851810538],[129.4043163223637,36.154437578437225],[129.40402924856446,36.15489240066708],[129.40377165155454,36.154783256005985],[129.40394492603207,36.155039349764124],[129.40377882207306,36.15531518080441]]],[[[129.40356518078747,36.15538183620753],[129.40351138708735,36.15552559708842],[129.40327383312734,36.15567531483354],[129.40301930933177,36.15541972303876],[129.402688445744,36.15528990570276],[129.40267604908996,36.15501865132572],[129.40226391984183,36.154676082514115],[129.402529950871,36.154710478776835],[129.40271560169188,36.154869495903114],[129.40288808312945,36.15487911361389],[129.40356518078747,36.15538183620753]]],[[[129.40290343873218,36.15618568848309],[129.4024890992587,36.15572923896392],[129.40256109602365,36.155477374135224],[129.40267825030904,36.15540537452066],[129.40306311101872,36.15552444850887],[129.403112365758,36.15592174360387],[129.40290343873218,36.15618568848309]]],[[[129.3982373059155,36.157365020978354],[129.3982223033304,36.157351568128774],[129.39837346158853,36.1573385261943],[129.3982373059155,36.157365020978354]]],[[[129.39926236419063,36.158221184584725],[129.39910165073957,36.158347080044365],[129.399062066962,36.157664054842684],[129.3992542834268,36.15777540163362],[129.39913635667094,36.157843440367834],[129.39924004270904,36.157927472484864],[129.39926236419063,36.158221184584725]]],[[[129.39970673553495,36.158718373337734],[129.39967053312878,36.158601452450135],[129.39994550160213,36.158666484165536],[129.39970673553495,36.158718373337734]]],[[[129.39969349647535,36.158823664518884],[129.39962680493954,36.1587993966353],[129.39964947652336,36.15874931549617],[129.39969349647535,36.158823664518884]]],[[[129.39962574940014,36.159037743969236],[129.39955449288192,36.158968674970275],[129.3997216964949,36.158884197952666],[129.39987012107926,36.158979221678635],[129.39962574940014,36.159037743969236]]],[[[129.4002250982586,36.159161705971655],[129.4001434072046,36.15936610405797],[129.4000218288927,36.159352141902524],[129.40008504971078,36.15919354880059],[129.4002250982586,36.159161705971655]]],[[[129.40061857001456,36.15943473211494],[129.40062404324317,36.15936773652802],[129.40064240119025,36.15940410663031],[129.40061857001456,36.15943473211494]]],[[[129.40022026053967,36.15964280851787],[129.40015764573712,36.15960846687832],[129.40024598156862,36.15950093069126],[129.40026818601868,36.159540177512795],[129.40022026053967,36.15964280851787]]],[[[129.3999539009165,36.15963718134751],[129.39992316609255,36.15969667062245],[129.39979937989483,36.15963127139285],[129.39985255217837,36.1596037851574],[129.3999539009165,36.15963718134751]]],[[[129.39966542476074,36.159735917454505],[129.3996846365509,36.15967410697431],[129.3998255687216,36.159677635762115],[129.39966542476074,36.159735917454505]]],[[[129.39925250757196,36.15980612788173],[129.39916433031706,36.15979171783162],[129.39920580402205,36.159751035926554],[129.39925250757196,36.15980612788173]]],[[[129.40212603548176,36.159812979392065],[129.40207048731602,36.15978434422868],[129.40226075745645,36.15972736449597],[129.40212603548176,36.159812979392065]]],[[[129.40011756457065,36.15983266751823],[129.40016154293335,36.159775161118816],[129.40018284100373,36.15978127989031],[129.40011756457065,36.15983266751823]]],[[[129.39914178151383,36.159947490064354],[129.39913267687066,36.159926361937075],[129.3992486885159,36.15994716673661],[129.39914178151383,36.159947490064354]]],[[[129.4027295407838,36.1601855647684],[129.40260309952177,36.16019753072386],[129.40241814845024,36.16007540304959],[129.40231197981652,36.159941478299956],[129.40234385917248,36.15984593696119],[129.40247010203,36.15981939039693],[129.4027270498147,36.15993742866497],[129.40285218246464,36.160068615942926],[129.40272182350614,36.16004740000353],[129.4027295407838,36.1601855647684]]],[[[129.39876183992348,36.160358082239654],[129.39856885824221,36.160329683739185],[129.39855694838374,36.16029197970406],[129.3985970378224,36.16025582344807],[129.39876183992348,36.160358082239654]]],[[[129.39878790998088,36.16038866217665],[129.39880331901006,36.1602936867663],[129.39896983876432,36.16025310176895],[129.39896738389163,36.160320447835126],[129.39878790998088,36.16038866217665]]],[[[129.39906930826993,36.16046568184077],[129.39900329491476,36.16037922031718],[129.39893960082173,36.16040791964819],[129.39903086678467,36.16028603864986],[129.3991720931882,36.160317520119136],[129.39906930826993,36.16046568184077]]],[[[129.3986928409961,36.16046451739127],[129.39861537991297,36.160381616648166],[129.39857006712455,36.16042589010147],[129.39859176941778,36.16035037117542],[129.39874792610956,36.160408548919854],[129.3986928409961,36.16046451739127]]],[[[129.39879623251267,36.16050040611932],[129.39874822917741,36.16052046604613],[129.39877289630016,36.16042099804597],[129.39879623251267,36.16050040611932]]],[[[129.3996050655373,36.16226536828649],[129.3996257349082,36.16216674241264],[129.3997025366113,36.16224965380604],[129.39978285359425,36.16217418697088],[129.39978764711512,36.1622645078104],[129.3996050655373,36.16226536828649]]],[[[129.39900676900422,36.16264251952975],[129.39896225631082,36.16268894294076],[129.39890472244588,36.16264056792814],[129.3989200608065,36.162624532651996],[129.39900676900422,36.16264251952975]]],[[[129.39877910423107,36.16277098123115],[129.398685272889,36.162802084839896],[129.39872031434766,36.16275569548484],[129.39877910423107,36.16277098123115]]],[[[129.39920415198577,36.16329118355133],[129.39927302515198,36.16336857271116],[129.3992077350897,36.16348587718125],[129.3990554489009,36.163329919611826],[129.39920415198577,36.16329118355133]]],[[[129.3996542907902,36.1635746423492],[129.39955559869298,36.163604178700325],[129.39958135291025,36.16355017617781],[129.3996542907902,36.1635746423492]]],[[[129.39964272772366,36.163652308146915],[129.39958083959368,36.1636767560344],[129.39956789462164,36.16363913526466],[129.39964272772366,36.163652308146915]]],[[[129.3996034508484,36.16372816653171],[129.39957966095125,36.16378673151074],[129.39954928381636,36.16379584827208],[129.39952353552542,36.163712888339255],[129.3996034508484,36.16372816653171]]],[[[129.39966768274505,36.163805978855876],[129.39963528158958,36.16383320840348],[129.39962866068495,36.16379867018339],[129.39966768274505,36.163805978855876]]],[[[129.399414102679,36.163724701877136],[129.39937101808326,36.163849431495976],[129.39928734906354,36.16363655066183],[129.399414102679,36.163724701877136]]],[[[129.39965137773603,36.16417390798389],[129.39948940075809,36.163935899096664],[129.3997100067405,36.163998626137456],[129.39965137773603,36.16417390798389]]],[[[129.3997224335174,36.1643363254208],[129.39974753129556,36.16416964793302],[129.3998653593902,36.16424157776631],[129.3997224335174,36.1643363254208]]],[[[129.4001752005973,36.16456577971793],[129.4001801568222,36.16449433849436],[129.40012072350945,36.16451886307622],[129.40029098821202,36.16442599756697],[129.40020163138664,36.1644899871749],[129.40029760983862,36.16449669249999],[129.4001752005973,36.16456577971793]]],[[[129.4001311150835,36.16462590463536],[129.400223369699,36.16460742853282],[129.4002370567274,36.16464868998388],[129.4001311150835,36.16462590463536]]],[[[129.4004759543876,36.164638125664],[129.4005527276445,36.16468298263577],[129.40054544945912,36.164686983310375],[129.4004759543876,36.164638125664]]],[[[129.39983412878067,36.1647287255349],[129.400000843506,36.16450176597247],[129.4000080412429,36.16462580489744],[129.39983412878067,36.1647287255349]]],[[[129.40015492084726,36.16550940016768],[129.40031202984517,36.165386013229195],[129.40028129768837,36.165508023958026],[129.40015492084726,36.16550940016768]]],[[[129.40057869835982,36.16566959735657],[129.40062277057356,36.16556748536125],[129.40070088493226,36.16562377884141],[129.40057869835982,36.16566959735657]]],[[[129.39943484121613,36.16583214742147],[129.39948768541274,36.1658858653284],[129.3994854344263,36.165906460586044],[129.39943459103645,36.16589100946325],[129.39943484121613,36.16583214742147]]],[[[129.40000568075544,36.16590085808926],[129.40003551275814,36.16585485753766],[129.4000775009898,36.165903431846],[129.40000568075544,36.16590085808926]]],[[[129.400332740049,36.16589831071702],[129.40021654895568,36.16582017529504],[129.40022265725378,36.165677202725654],[129.40030301976176,36.16576657255],[129.40037099728926,36.16574269554665],[129.4003523825439,36.165838376395875],[129.40041986733547,36.16581494707914],[129.400332740049,36.16589831071702]]],[[[129.399638260992,36.1659510414387],[129.3994735140089,36.16568589254998],[129.39960867340088,36.16572642520536],[129.399638260992,36.1659510414387]]],[[[129.40044919306774,36.16596366697344],[129.4003558959148,36.16590892414823],[129.40044517504057,36.165829412339235],[129.40044919306774,36.16596366697344]]],[[[129.39946508309973,36.16593410732366],[129.3994743086118,36.16601745834297],[129.39941106992336,36.165944342813916],[129.39946508309973,36.16593410732366]]],[[[129.4004702669615,36.166092411758264],[129.40044417471717,36.16609808040447],[129.40045222708991,36.16608120331285],[129.4004702669615,36.166092411758264]]],[[[129.3998378853207,36.16622997173402],[129.39974182079376,36.16622430046134],[129.3997467190464,36.166170288195495],[129.39981193380365,36.16616466218768],[129.3998378853207,36.16622997173402]]],[[[129.3996680068194,36.166213981619684],[129.3996634085273,36.16626398141918],[129.3996216571476,36.16619026176794],[129.3996680068194,36.166213981619684]]],[[[129.39954250519762,36.16625134322495],[129.3995692099768,36.16620306765933],[129.3996363588782,36.16624090715796],[129.39954250519762,36.16625134322495]]],[[[129.400159588872,36.16622931626607],[129.40013912653714,36.166283206945735],[129.40011169992076,36.166228871306735],[129.400159588872,36.16622931626607]]],[[[129.39992336944758,36.166290880279426],[129.39991753479208,36.166200882513216],[129.39999998132387,36.16614826871396],[129.40003337096866,36.16625090683401],[129.39992336944758,36.166290880279426]]],[[[129.39990164531847,36.166309688846106],[129.39997249022764,36.166315316820715],[129.40000479341668,36.16637608421807],[129.39998505404117,36.166361663886974],[129.39990164531847,36.166309688846106]]],[[[129.39997937505953,36.166433061573095],[129.39995135664654,36.16646444658298],[129.39991719860438,36.166423640760165],[129.39997937505953,36.166433061573095]]],[[[129.4001585896055,36.167604700509266],[129.39972312684955,36.167400649626565],[129.3997749853533,36.167272387731636],[129.40014693301237,36.16748083790707],[129.40039376521156,36.16736151786368],[129.4004821005017,36.16741451584075],[129.4001585896055,36.167604700509266]]],[[[129.39791061787443,36.167877733586494],[129.3977365384865,36.167829712408896],[129.39772807886783,36.167772432536374],[129.39785871878928,36.16775834976246],[129.39791061787443,36.167877733586494]]],[[[129.39806827785634,36.16867491896835],[129.39837648560956,36.168679073095625],[129.3984302452765,36.16872345084488],[129.39806827785634,36.16867491896835]]],[[[129.39791637661457,36.16864897815594],[129.39799655763005,36.16868894746773],[129.39792343754306,36.16878054347224],[129.39790249606077,36.16876289315826],[129.39791637661457,36.16864897815594]]],[[[129.39819442401856,36.16881608159721],[129.39820953417598,36.16885855563143],[129.39804062682254,36.16880930811092],[129.39819442401856,36.16881608159721]]],[[[129.39809206794286,36.16905415116805],[129.39807703721308,36.16906677320422],[129.39806768894468,36.16905839584411],[129.39809206794286,36.16905415116805]]],[[[129.39790008611965,36.168932021987565],[129.39802802203582,36.16909640306211],[129.39784836652274,36.16901126631231],[129.39785857132298,36.16887769469899],[129.39812547379756,36.16893766665482],[129.39807570579305,36.168996920036555],[129.39790008611965,36.168932021987565]]],[[[129.39784560826695,36.16922809285866],[129.39781018148918,36.16918986569415],[129.39786415630533,36.16917379032068],[129.39784560826695,36.16922809285866]]],[[[129.39776560773677,36.16944030657522],[129.39775035939866,36.169382279816666],[129.3978597520436,36.169349287728316],[129.39776560773677,36.16944030657522]]],[[[129.39776060289373,36.16960109785734],[129.39785964169985,36.16948419291952],[129.39808133726208,36.16948184292788],[129.3979801078781,36.16960194134878],[129.39776060289373,36.16960109785734]]],[[[129.39779290574927,36.16972856081163],[129.3977914311516,36.169734904030825],[129.39775683646664,36.1697352894022],[129.39779290574927,36.16972856081163]]],[[[129.39777132160665,36.17037768653681],[129.39764229038053,36.17028624637601],[129.39774762410931,36.170291785816964],[129.39777132160665,36.17037768653681]]],[[[129.39771881657032,36.1704392033629],[129.39759904238298,36.170374021602434],[129.39762479639498,36.170339094403836],[129.39771881657032,36.1704392033629]]],[[[129.39756078003862,36.1704978745243],[129.39754434479386,36.17044941257741],[129.3976968682959,36.17053176005199],[129.39756078003862,36.1704978745243]]],[[[129.39783191416726,36.17057815018778],[129.3977514404347,36.17052243497775],[129.39778947834574,36.170509134485265],[129.39783191416726,36.17057815018778]]],[[[129.3975920922007,36.17056152655981],[129.39766725541125,36.17058996805901],[129.39768248897042,36.17062865784395],[129.3975976563488,36.17062043430925],[129.3975920922007,36.17056152655981]]],[[[129.39784642878098,36.17069912731829],[129.39782854657165,36.170716149287024],[129.3978113074411,36.17069793006057],[129.39784642878098,36.17069912731829]]],[[[129.3975744428879,36.17067943774424],[129.3976359621576,36.170725923809016],[129.39742326912076,36.17063619564486],[129.39751261025557,36.17057675774579],[129.39763771214373,36.17068397835218],[129.3975744428879,36.17067943774424]]],[[[129.39770184567334,36.170718591830706],[129.39768997424278,36.170735319262434],[129.39766665662881,36.17072127169881],[129.39770184567334,36.170718591830706]]],[[[129.3976976890957,36.170750040580515],[129.3976838353529,36.17076349304304],[129.39766433863775,36.17076257533806],[129.3976976890957,36.170750040580515]]],[[[129.3972988094711,36.1707734001923],[129.39728104643152,36.17069407399237],[129.3974383766594,36.17069216222333],[129.39746067783705,36.17074723052257],[129.3972988094711,36.1707734001923]]],[[[129.39764602555937,36.17120800270265],[129.3976514313924,36.17130330407064],[129.39749808198715,36.171308061899325],[129.3972270941823,36.17111397564799],[129.39741816051674,36.17113834538604],[129.3973271122861,36.171096035752704],[129.3974758007,36.17109159632637],[129.39741234870522,36.17103592383135],[129.39747185738284,36.170972427466],[129.39774179349783,36.17099895636191],[129.39763931645388,36.171053314988576],[129.39783436604253,36.17112068341467],[129.39779383985282,36.17118340121561],[129.39765367662244,36.171158169131154],[129.39773129489237,36.171221077006905],[129.39764602555937,36.17120800270265]]],[[[129.3974957148514,36.17139407751248],[129.39748771897078,36.171366136846466],[129.3975318262015,36.17137440126775],[129.3974957148514,36.17139407751248]]],[[[129.39795166728746,36.171357338366235],[129.39795372679328,36.171397319618656],[129.3978708096749,36.1713706463551],[129.39795166728746,36.171357338366235]]],[[[129.39729524191054,36.17145129557297],[129.39725953260074,36.17129414064265],[129.3973602072753,36.1713006529732],[129.39729524191054,36.17145129557297]]],[[[129.39758242075797,36.17165575986147],[129.39750641779705,36.171484757172465],[129.39759081101053,36.17148518685953],[129.39761955028973,36.171604310516706],[129.39772047182888,36.171583795937366],[129.39758242075797,36.17165575986147]]],[[[129.39672252009564,36.17159586421841],[129.39677723960574,36.17164306963493],[129.39675622953357,36.171750943494565],[129.39672122327318,36.17168812771366],[129.39672252009564,36.17159586421841]]],[[[129.3954156000126,36.171916525854314],[129.39534857381818,36.17196656311602],[129.39534068311738,36.17191226859177],[129.3954156000126,36.171916525854314]]],[[[129.39554982616116,36.17219285248875],[129.39539394448505,36.17217093694458],[129.3953550002401,36.17202126933848],[129.39546340830125,36.17202954384975],[129.39554982616116,36.17219285248875]]],[[[129.39526244881876,36.172667664041896],[129.39527372288077,36.172436829899034],[129.39531546570873,36.17245164621578],[129.39526244881876,36.172667664041896]]],[[[129.39572634054358,36.17513482210027],[129.39565754099303,36.17494645650041],[129.39581624680065,36.17486502718316],[129.39577782324423,36.17509034828692],[129.39572634054358,36.17513482210027]]],[[[129.3951010141044,36.176135112417],[129.3951706986179,36.17617104278746],[129.3951996495531,36.17626454444551],[129.39515004977113,36.17626524243292],[129.3951010141044,36.176135112417]]],[[[129.3950466120577,36.176273291206634],[129.39499105640357,36.17624039657757],[129.3950331657188,36.17618006412729],[129.3950620399195,36.1762146323893],[129.3950466120577,36.176273291206634]]],[[[129.39506906022572,36.17629651862885],[129.39509069909616,36.17622379670785],[129.39512562298313,36.17625006446169],[129.39506906022572,36.17629651862885]]],[[[129.39500138943373,36.17647333130092],[129.39489718009403,36.17642023192186],[129.39499077476592,36.176427960684435],[129.39500138943373,36.17647333130092]]],[[[129.39500457133457,36.17654389612571],[129.3950107209099,36.17661829906691],[129.3949499315662,36.176616697054726],[129.39492758589265,36.176553000674794],[129.39500457133457,36.17654389612571]]],[[[129.39482103285297,36.176661096381586],[129.39477142247594,36.176573058889495],[129.3948255805891,36.17658263805634],[129.39482103285297,36.176661096381586]]],[[[129.39481742621982,36.1773024449637],[129.39477325323722,36.1773876386389],[129.39470378080142,36.17731235874946],[129.39481742621982,36.1773024449637]]],[[[129.39498912136602,36.177435022855164],[129.39515297099368,36.177245245542785],[129.3952632993286,36.17737136530131],[129.39498912136602,36.177435022855164]]],[[[129.3949872221839,36.17749515670086],[129.39498858215347,36.17756624253678],[129.39493140171805,36.17753323210286],[129.3949872221839,36.17749515670086]]],[[[129.39446760335548,36.17760251739362],[129.39437204567744,36.17755553015314],[129.39442066475522,36.177532357647515],[129.39446760335548,36.17760251739362]]],[[[129.3948433035764,36.17759657684314],[129.39491249413652,36.17754511648325],[129.39490605189908,36.177612174830095],[129.3948433035764,36.17759657684314]]],[[[129.3939452306214,36.17763254719752],[129.39392459635857,36.17752940368001],[129.39406824142503,36.17745786011503],[129.39411671058951,36.17760840848958],[129.3939452306214,36.17763254719752]]],[[[129.3939887386278,36.177831677579526],[129.39394234902446,36.17776246535923],[129.39404286577664,36.177773811755834],[129.3939887386278,36.177831677579526]]],[[[129.3940468701822,36.17801105091053],[129.39400895279502,36.17803428917553],[129.393983590562,36.177985307322814],[129.3940468701822,36.17801105091053]]],[[[129.39395079708342,36.17802620616963],[129.39390149394868,36.17805331137909],[129.39389829422285,36.17798427921894],[129.39395079708342,36.17802620616963]]],[[[129.39407389571048,36.1783838638967],[129.39411268937997,36.178321468613426],[129.39417430555778,36.17837822375951],[129.39407389571048,36.1783838638967]]],[[[129.39382302715137,36.17846245417911],[129.39396383238736,36.17826120751131],[129.39400928063145,36.17840333670566],[129.39382302715137,36.17846245417911]]],[[[129.394015388736,36.1786076065767],[129.3940300073249,36.178634657506194],[129.3939676772491,36.17863244029555],[129.394015388736,36.1786076065767]]],[[[129.39413671377642,36.17867642962588],[129.3941065113156,36.17876431171954],[129.39407946213794,36.17862967692135],[129.39413671377642,36.17867642962588]]],[[[129.394070432519,36.17883099714383],[129.39402757725858,36.17887059495757],[129.39400083129712,36.17882571212601],[129.394070432519,36.17883099714383]]],[[[129.39454752990875,36.17879089526978],[129.39456213652883,36.178837752249414],[129.39452829992527,36.17888316853746],[129.39449965914184,36.17886400349129],[129.39454752990875,36.17879089526978]]],[[[129.39386623190092,36.178763876759575],[129.39376516751489,36.1788980347989],[129.3938393804966,36.17870195517276],[129.39395832277697,36.178776687937756],[129.39386623190092,36.178763876759575]]],[[[129.39403360639471,36.17897109946293],[129.3939054612123,36.17890635859371],[129.3939186594023,36.17888494389849],[129.39403360639471,36.17897109946293]]],[[[129.39400647774312,36.179008959235745],[129.39400384638984,36.17902638650602],[129.39392449738486,36.1790176446377],[129.39400647774312,36.179008959235745]]],[[[129.39399082898834,36.179114416658834],[129.39406552558532,36.1791243408555],[129.39401624563624,36.179122789709055],[129.39399082898834,36.179114416658834]]],[[[129.39370314349767,36.1809460643162],[129.39369420247678,36.180965127432884],[129.39363400765316,36.180934415859326],[129.39370314349767,36.1809460643162]]],[[[129.39421045287781,36.18094533897743],[129.3941613719472,36.18096064124662],[129.39413169482015,36.18091393802878],[129.39421045287781,36.18094533897743]]],[[[129.39391969631444,36.18108984057259],[129.39380695480014,36.181063686214685],[129.39381725586435,36.18097245308424],[129.39386351447936,36.18107502789467],[129.39391969631444,36.18108984057259]]],[[[129.39383236193012,36.181497176509495],[129.3937589497066,36.18139646734288],[129.3938113110883,36.18138545905201],[129.39383236193012,36.181497176509495]]],[[[129.39368447525237,36.18135757335205],[129.39371170194875,36.18155077671542],[129.39349950424673,36.18116062271241],[129.39355495166066,36.18124893967858],[129.39358116651312,36.18118800197514],[129.39360351887905,36.18134599113697],[129.39368447525237,36.18135757335205]]],[[[129.39431243774078,36.18181708460484],[129.3940577507439,36.181722728872224],[129.39386907810797,36.18173928293932],[129.39381864894585,36.18160408697914],[129.39389825952685,36.18150153765839],[129.39400542608664,36.18153399631905],[129.39409899660305,36.18140768003152],[129.3942386398325,36.181478559348456],[129.39406053813434,36.181481283619],[129.3942670572221,36.18162862265715],[129.39425365253516,36.18170800533869],[129.3943792037381,36.181658655764835],[129.39442365359568,36.18170602918066],[129.39435360068893,36.18169613179705],[129.39439486845495,36.18176802634489],[129.39431243774078,36.18181708460484]]],[[[129.39439823596973,36.18183272989125],[129.39444073138063,36.1817569466717],[129.39452396957736,36.18179524171983],[129.3944433814783,36.18177769138267],[129.39452883217365,36.181825347767266],[129.39439823596973,36.18183272989125]]],[[[129.3938452726616,36.1818615843582],[129.39383905575448,36.18183345308112],[129.39390789003303,36.181826125052176],[129.3938452726616,36.1818615843582]]],[[[129.39409021530625,36.18196444548657],[129.39401614687026,36.18204185324979],[129.3938590527738,36.181928688575375],[129.39381607744406,36.181999575484326],[129.3937130586447,36.181953345893376],[129.39384691334772,36.18188058909897],[129.39409021530625,36.18196444548657]]],[[[129.39341387783756,36.18208601330182],[129.39351922790138,36.182062392456615],[129.39351420388246,36.1820949833378],[129.39341387783756,36.18208601330182]]],[[[129.39404445197067,36.182121649363964],[129.3940415438364,36.18223142841579],[129.39394931420583,36.18212058241141],[129.39404445197067,36.182121649363964]]],[[[129.39421062814233,36.182218948426666],[129.39419491792927,36.182175089885305],[129.39424513782558,36.18217260663724],[129.39421062814233,36.182218948426666]]],[[[129.39424262756808,36.18237257781657],[129.3943043913014,36.18239593841362],[129.3942869218002,36.18241384483852],[129.39424262756808,36.18237257781657]]],[[[129.3931096943401,36.182439575514366],[129.39299745896128,36.182466443651364],[129.3929627813517,36.18236632378345],[129.39303590389966,36.18236995093998],[129.3931096943401,36.182439575514366]]],[[[129.39468102543358,36.182519342821706],[129.394579774977,36.18244183660253],[129.39460597340488,36.18240433036582],[129.39468102543358,36.182519342821706]]],[[[129.3930460081032,36.182787946509826],[129.39303448830927,36.18276252760633],[129.39331310461063,36.18279880362377],[129.3930460081032,36.182787946509826]]],[[[129.39415675625972,36.18282909816551],[129.39419443749833,36.182786868030846],[129.39434467213235,36.1827589528717],[129.39424214455286,36.18281664387518],[129.39415675625972,36.18282909816551]]],[[[129.39317006695794,36.18327903987019],[129.3931814467121,36.18322893129216],[129.39327711809784,36.18316753485869],[129.39334564829338,36.18315306732249],[129.3932632469692,36.18318098439569],[129.3932823424946,36.18327453416292],[129.39317006695794,36.18327903987019]]],[[[129.39255463022124,36.18358615972271],[129.3926626930608,36.18344336009796],[129.39284825178967,36.18351124323054],[129.39277782406955,36.183566685536924],[129.39255463022124,36.18358615972271]]],[[[129.39311556689483,36.18411783073074],[129.39291903573263,36.18410199901328],[129.39290280378637,36.184022083795874],[129.39318250477976,36.18403154558905],[129.39311556689483,36.18411783073074]]],[[[129.39259914503205,36.1843626803854],[129.39232337122152,36.18423060938675],[129.3925970856883,36.184145789811154],[129.39259389101096,36.18405526962273],[129.39284473593335,36.184096741738664],[129.39281316851506,36.18429275103194],[129.39259914503205,36.1843626803854]]],[[[129.39314937078765,36.1844547447548],[129.39314539470138,36.1844087011156],[129.39321298307868,36.18441538945722],[129.39314937078765,36.1844547447548]]],[[[129.39319772963373,36.18452191585678],[129.39310428409868,36.18454937205748],[129.39308289088257,36.18447881679915],[129.39292744221126,36.18448383038294],[129.3930667825096,36.18444622130666],[129.39319772963373,36.18452191585678]]],[[[129.3930242173968,36.184596411651604],[129.3930069517276,36.18455916061527],[129.39308617074371,36.18455562056509],[129.3930242173968,36.184596411651604]]],[[[129.39293127577702,36.18462365152037],[129.3929365483808,36.18454505926913],[129.3929554672756,36.184591310046265],[129.39293127577702,36.18462365152037]]],[[[129.39219619617324,36.18462719641105],[129.39208503136436,36.184638344129056],[129.39215671888348,36.18462688494113],[129.39213643942693,36.18456076128392],[129.39219619617324,36.18462719641105]]],[[[129.39287948707042,36.18462352871986],[129.39288192016568,36.18469121544088],[129.3928418102428,36.184699870676354],[129.39278396314575,36.18461388911272],[129.39287948707042,36.18462352871986]]],[[[129.3915169943028,36.18481234535],[129.3914757246391,36.18483788576575],[129.39144993101465,36.18477201860897],[129.3915169943028,36.18481234535]]],[[[129.3918398034996,36.18496711324983],[129.39166609197255,36.18478341934802],[129.3916922270504,36.18467768652378],[129.39179950598106,36.18483984652557],[129.39180491665866,36.184772817300804],[129.39188464182402,36.184798810358686],[129.39180664899575,36.1848100706951],[129.3919228347746,36.184891051538465],[129.3917939312357,36.184876434807016],[129.3918398034996,36.18496711324983]]],[[[129.3919267091085,36.18496746735371],[129.39200942509302,36.18503614287994],[129.39203309208895,36.18512128245768],[129.39197857701464,36.18509307818671],[129.3919267091085,36.18496746735371]]],[[[129.38475429254024,36.185264660726645],[129.38477629253336,36.185283955217],[129.38464252935944,36.185288603890726],[129.38475429254024,36.185264660726645]]],[[[129.39216802457156,36.18517557588749],[129.3920990806861,36.185166322232256],[129.3920617669333,36.18507033715571],[129.3921205088362,36.18509642653941],[129.39216802457156,36.18517557588749]]],[[[129.39160840495333,36.185316531971154],[129.3915803212661,36.185254676296154],[129.39161649306885,36.18523626730454],[129.39160840495333,36.185316531971154]]],[[[129.39177568360788,36.18540444216369],[129.39171135835468,36.185381123489385],[129.39176300453693,36.185342203291775],[129.39177568360788,36.18540444216369]]],[[[129.39242890695755,36.185354138849945],[129.39247847071894,36.18543404531847],[129.39233936493196,36.18534197408478],[129.39242890695755,36.185354138849945]]],[[[129.38384377368817,36.185729244898305],[129.38388913021237,36.185691712481464],[129.3839145979794,36.18574650084095],[129.38384377368817,36.185729244898305]]],[[[129.3837581374934,36.18574580799148],[129.38382600804783,36.185701636509904],[129.3838555427618,36.18576206322789],[129.3837581374934,36.18574580799148]]],[[[129.38453836984286,36.18574038056024],[129.38452955043368,36.18565252487946],[129.38466314260336,36.18576023799433],[129.38453836984286,36.18574038056024]]],[[[129.38995585894426,36.1856656667943],[129.389878978111,36.18564208840478],[129.3898942104582,36.18557655012793],[129.38994928405063,36.18557683687155],[129.38995585894426,36.1856656667943]]],[[[129.39159261675238,36.1856840275704],[129.39153923777243,36.18564643492363],[129.39159723698745,36.185407256678474],[129.39163283884122,36.18564464439519],[129.39159261675238,36.1856840275704]]],[[[129.3827022838175,36.18581060475045],[129.38262154952145,36.18581014957061],[129.38259560637627,36.18577211584277],[129.3826684795839,36.185759821567494],[129.3827022838175,36.18581060475045]]],[[[129.3902900395723,36.18573669704788],[129.3901934596455,36.18568196518328],[129.39017533829602,36.18563085895065],[129.39023330156485,36.18565051462984],[129.3902900395723,36.18573669704788]]],[[[129.38332649003152,36.18583763448594],[129.38327076685206,36.185869759076816],[129.38323713806525,36.18582980112804],[129.38325793359397,36.18580591261129],[129.38332649003152,36.18583763448594]]],[[[129.38285800140554,36.18584881325043],[129.38281173159726,36.185880038911556],[129.3827956059143,36.18585305899304],[129.38285800140554,36.18584881325043]]],[[[129.39000273407888,36.18567576240361],[129.39007008833545,36.18573989807645],[129.39007316901677,36.18576994681697],[129.39002408956432,36.185744569180656],[129.39000273407888,36.18567576240361]]],[[[129.3927503560589,36.1855771097512],[129.39289366936285,36.18567200117322],[129.39294646086302,36.18575810319237],[129.392754693061,36.18562258520576],[129.3927503560589,36.1855771097512]]],[[[129.3831642353382,36.18585214521789],[129.38304030313088,36.18585688800194],[129.3831669670268,36.1857901360777],[129.38329621737418,36.185921056652695],[129.3831642353382,36.18585214521789]]],[[[129.38966476143406,36.185879858501394],[129.38957745826798,36.18584504608408],[129.3896202447364,36.1858090953369],[129.38966476143406,36.185879858501394]]],[[[129.38368669337754,36.1859319097952],[129.3837896092707,36.1859263722057],[129.38373506796933,36.18597055469675],[129.38368669337754,36.1859319097952]]],[[[129.39158725885088,36.185808225571165],[129.39164228327186,36.185842519141104],[129.39165598584046,36.185865808771425],[129.39158482116895,36.18586170186498],[129.39158725885088,36.185808225571165]]],[[[129.38344194089493,36.18599459047345],[129.3834722398467,36.18592076795583],[129.38359163500454,36.18588500173763],[129.38362075251618,36.18597564608954],[129.38344194089493,36.18599459047345]]],[[[129.38319354047314,36.18607216539595],[129.38321187426314,36.18602650312352],[129.38325883254592,36.18603684526283],[129.38319354047314,36.18607216539595]]],[[[129.38360300135292,36.186102492633154],[129.38371380047437,36.186126581405865],[129.3836128088059,36.18624403388515],[129.3835080041126,36.1861854462693],[129.38360300135292,36.186102492633154]]],[[[129.39051848900556,36.1862079544228],[129.39045404536694,36.18611057116522],[129.3905459173571,36.18612947917535],[129.39051848900556,36.1862079544228]]],[[[129.3838273003055,36.18635768405673],[129.38381451042227,36.18630945764355],[129.38385717854268,36.18632103621803],[129.3838273003055,36.18635768405673]]],[[[129.38373190943886,36.18645433479368],[129.3836549207087,36.186454342380024],[129.38358911191557,36.18635013143459],[129.38373671001625,36.18636642060042],[129.38373190943886,36.18645433479368]]],[[[129.3815139543152,36.186561555753265],[129.38144122278823,36.18640840178229],[129.38147263757196,36.18642495999086],[129.3815139543152,36.186561555753265]]],[[[129.38414901803495,36.186759255703805],[129.38415339469023,36.186775634054996],[129.38407724111804,36.1867692521417],[129.38414901803495,36.186759255703805]]],[[[129.38087953388438,36.18696346182273],[129.38087790136623,36.18702036153951],[129.38086441802207,36.18695650789466],[129.38074496490623,36.18696914285253],[129.3807853291744,36.18690750500896],[129.38087953388438,36.18696346182273]]],[[[129.381616260681,36.18742231187515],[129.38155402403189,36.187405971517855],[129.3815624312181,36.18731764732664],[129.3816302449821,36.18733377829543],[129.381616260681,36.18742231187515]]],[[[129.38089884064576,36.187493003642494],[129.3810022447922,36.1874554838552],[129.38099836339845,36.1875014838189],[129.38089884064576,36.187493003642494]]],[[[129.3810638020021,36.18752393712681],[129.38107996772467,36.18758825427031],[129.38103203785684,36.187605193543895],[129.38102477063032,36.18757914683112],[129.3810638020021,36.18752393712681]]],[[[129.38087161773598,36.187592159305666],[129.38082360264633,36.18761981048175],[129.3808018620568,36.187571180857596],[129.38087161773598,36.187592159305666]]],[[[129.38076899534465,36.18764168529911],[129.3808084419418,36.187686071306324],[129.3807613898988,36.18771693620025],[129.38071720746782,36.18769245579871],[129.38076899534465,36.18764168529911]]],[[[129.3802562682769,36.18791953786646],[129.38018634631905,36.18794248956833],[129.38017767454645,36.18793107865596],[129.3802562682769,36.18791953786646]]],[[[129.379834407678,36.18788724599524],[129.37987149729804,36.187931109560786],[129.37979849873554,36.18795612584051],[129.37978620203307,36.187938394310294],[129.379834407678,36.18788724599524]]],[[[129.37947082606163,36.18856053982651],[129.37945507529582,36.18846301311628],[129.37952674236863,36.18849331723474],[129.37947082606163,36.18856053982651]]],[[[129.37962018754027,36.1889042688831],[129.37953493776348,36.1888378104663],[129.37963976112414,36.18876498624521],[129.37969521643143,36.188831291525695],[129.37962018754027,36.1889042688831]]],[[[129.37887252773888,36.18903412400113],[129.37886517091255,36.18906745676054],[129.37881621595298,36.189034617832974],[129.37887252773888,36.18903412400113]]],[[[129.37894494287448,36.18912596913399],[129.37891111871903,36.1890637047546],[129.37898147789673,36.1890614587968],[129.37894494287448,36.18912596913399]]],[[[129.37863518434344,36.18912198416809],[129.37863376321363,36.189142418185796],[129.37856965923984,36.189129731107414],[129.37863518434344,36.18912198416809]]],[[[129.37882680041892,36.18913743593871],[129.378803309587,36.18917343330236],[129.37875277336087,36.1891407832347],[129.37882680041892,36.18913743593871]]],[[[129.37905755435318,36.18918091538917],[129.37899894205205,36.18921115977063],[129.37897196819424,36.189179902986844],[129.37905755435318,36.18918091538917]]],[[[129.37877409167632,36.18929850224122],[129.37871943327798,36.189239096994285],[129.37881122840653,36.189202014624286],[129.37877409167632,36.18929850224122]]],[[[129.37821475518706,36.18930517339898],[129.37820436347735,36.189362533275364],[129.37813481630738,36.18934371161592],[129.37821475518706,36.18930517339898]]],[[[129.37895108185376,36.18932479853336],[129.37897129783053,36.189283359323326],[129.37902621079377,36.1893126440849],[129.37895108185376,36.18932479853336]]],[[[129.3790947545001,36.189387651930026],[129.37905960550623,36.189426822413175],[129.37901587742687,36.189383774968974],[129.3790947545001,36.189387651930026]]],[[[129.37883391963217,36.18959431146087],[129.37877572431466,36.189624105691856],[129.37874028082481,36.18957719440299],[129.37883391963217,36.18959431146087]]],[[[129.37677561394128,36.19031518897946],[129.37675655966038,36.190371486615014],[129.3766943129173,36.19031080045288],[129.37677561394128,36.19031518897946]]],[[[129.37816511765368,36.19102893607519],[129.37817172310935,36.19108619321414],[129.37812572185413,36.19112374534936],[129.37808381235922,36.191063136462965],[129.37816511765368,36.19102893607519]]],[[[129.37807218324707,36.19114575363183],[129.37806142463089,36.191162997140346],[129.37799861929415,36.19112373543535],[129.37807218324707,36.19114575363183]]],[[[129.37868376010562,36.20898517145227],[129.3786384365892,36.209009193756444],[129.37866053956043,36.208931570154704],[129.37868376010562,36.20898517145227]]],[[[129.37869080285185,36.2091175085022],[129.37865470377702,36.20905170686478],[129.378678601139,36.20904354969026],[129.37869080285185,36.2091175085022]]],[[[129.37878214915287,36.20912764010798],[129.37881396952605,36.20918647154922],[129.378755271209,36.209201684376374],[129.37871317979906,36.20916890014871],[129.37878214915287,36.20912764010798]]],[[[129.38230977481126,36.21042291184884],[129.38223223817434,36.21040906280595],[129.38223546055912,36.21037284645801],[129.38230977481126,36.21042291184884]]],[[[129.38242201809737,36.2104879261962],[129.38241098167134,36.2105052898219],[129.38234799502476,36.21047769160363],[129.38242201809737,36.2104879261962]]],[[[129.3826279036869,36.210871313051406],[129.38256862869133,36.210834067302244],[129.3826150395776,36.2108042771843],[129.3826279036869,36.210871313051406]]],[[[129.38263073780405,36.210883657491706],[129.38263304342354,36.21093981718297],[129.38255567445754,36.21093670336807],[129.38255594056943,36.21092445887505],[129.38263073780405,36.210883657491706]]],[[[129.3827090255663,36.210985739304675],[129.38271569927826,36.211034329583335],[129.38261129743617,36.21100540916238],[129.3827090255663,36.210985739304675]]],[[[129.38277330244375,36.21125732716386],[129.38277386026482,36.21117008582047],[129.3828479205519,36.21118704230046],[129.38277330244375,36.21125732716386]]],[[[129.3849315397407,36.2121064835575],[129.3845424729087,36.2117080530074],[129.38467822965885,36.21177179155832],[129.38474286999383,36.21170730376756],[129.38483899004515,36.21174693808259],[129.38485745033321,36.21185992792219],[129.38492811438792,36.21191317704689],[129.38494281895726,36.21183081394278],[129.38498447591033,36.21189358467949],[129.38497757663507,36.212013128916404],[129.38508870108944,36.21197968245761],[129.3849315397407,36.2121064835575]]],[[[129.38499063560417,36.21218049778793],[129.38510139571756,36.21228530418342],[129.38506887995425,36.21234706580093],[129.3850020672204,36.21230405293636],[129.38499063560417,36.21218049778793]]],[[[129.38529978768852,36.212389735497],[129.38523133959995,36.21254057772659],[129.38508256870588,36.21249843725292],[129.38517375847178,36.21236755551364],[129.38529978768852,36.212389735497]]],[[[129.38454804950447,36.213558813809556],[129.38465472498254,36.21363086895911],[129.38468513166697,36.21370441763122],[129.3845975576227,36.21367381959129],[129.38454804950447,36.213558813809556]]],[[[129.38470861699685,36.21367474268324],[129.38485400636074,36.21379598723308],[129.38482548631472,36.21385426135704],[129.384727214629,36.21375755371883],[129.38470861699685,36.21367474268324]]],[[[129.38510997385882,36.21407389640805],[129.38483315048737,36.21386102920895],[129.38492660080328,36.21384922573634],[129.38510997385882,36.21407389640805]]],[[[129.3861504153584,36.21669175446247],[129.38613600900882,36.21672679597678],[129.38606341421342,36.21670250806526],[129.3861504153584,36.21669175446247]]],[[[129.3862776139616,36.21706014938813],[129.3861700455729,36.21705304226884],[129.38618876254355,36.21691149574433],[129.38613500275346,36.216964385547435],[129.38617516826898,36.21675701499702],[129.38632729674478,36.21689589925312],[129.38624918945595,36.21689420576104],[129.38632559635124,36.21696948046119],[129.3862776139616,36.21706014938813]]],[[[129.38639367953084,36.2170103974053],[129.38637246209018,36.217097788636565],[129.38631978279543,36.21709830111043],[129.38633391165845,36.21703095280481],[129.38639367953084,36.2170103974053]]],[[[129.38644302030693,36.217076766496994],[129.38640939780484,36.21711688584933],[129.38637814968308,36.217093751663256],[129.38644302030693,36.217076766496994]]],[[[129.38652967195605,36.2173884084429],[129.386421761386,36.217380273934104],[129.386451964148,36.21733949458673],[129.38652967195605,36.2173884084429]]],[[[129.38654991421487,36.217467271127255],[129.38651720390183,36.217521521995494],[129.38648185392054,36.2174632244109],[129.38654991421487,36.217467271127255]]],[[[129.3865008242606,36.21753299207413],[129.3864762962014,36.21755618281779],[129.3864485136361,36.21750301120916],[129.3865008242606,36.21753299207413]]],[[[129.3861897459005,36.21861229397796],[129.38629418492405,36.218630517938905],[129.38626380157845,36.21866282771566],[129.3861897459005,36.21861229397796]]],[[[129.3861916830567,36.21883281569367],[129.38625679081716,36.21886386045266],[129.38624385957567,36.218924763680995],[129.38618639526115,36.218912107105645],[129.3861916830567,36.21883281569367]]],[[[129.3862598582152,36.21899066248621],[129.3861649431563,36.21903376197801],[129.38618912597434,36.21894919954854],[129.3862598582152,36.21899066248621]]],[[[129.38613433672148,36.21925043036008],[129.3860433182037,36.21916529645116],[129.38613970262963,36.219073307402496],[129.3861624292304,36.2190899154575],[129.38613433672148,36.21925043036008]]],[[[129.38609993766315,36.21932853117583],[129.3860012490905,36.219248876165594],[129.38618086214018,36.2192930844766],[129.38609993766315,36.21932853117583]]],[[[129.38615063673117,36.219664825875505],[129.38600543070717,36.21964655587359],[129.3859306752142,36.2195459225952],[129.3860204614564,36.21953710283916],[129.38615063673117,36.219664825875505]]],[[[129.3859822862197,36.21966239982694],[129.38605424472863,36.219683146206044],[129.3860513596046,36.21974793475461],[129.38600425045556,36.21974616345075],[129.3859822862197,36.21966239982694]]],[[[129.386141807799,36.21999352186159],[129.38617981070368,36.22001058583253],[129.38609086381712,36.219986652274564],[129.386141807799,36.21999352186159]]],[[[129.38637088886958,36.22082462482653],[129.38640426024767,36.22090686987095],[129.38629378287015,36.22084621083015],[129.38637088886958,36.22082462482653]]],[[[129.38642246975434,36.221205220635674],[129.3863220836723,36.22114083199688],[129.38640525963027,36.22114013693395],[129.38642246975434,36.221205220635674]]],[[[129.38669065290452,36.22254729627377],[129.38657532318172,36.2225979970123],[129.3864918011388,36.22259222192756],[129.38663710902804,36.22249608692455],[129.38669065290452,36.22254729627377]]],[[[129.38676340341794,36.222614226156274],[129.386690052692,36.22259353376063],[129.38669667280138,36.22258217521555],[129.38676340341794,36.222614226156274]]],[[[129.38683772479376,36.222617344589246],[129.38684951810188,36.22255167728628],[129.3869818459568,36.22260217199324],[129.38683772479376,36.222617344589246]]],[[[129.38635267053772,36.22430559180622],[129.3863568731867,36.224234249985976],[129.38642157218044,36.22426744367015],[129.38635267053772,36.22430559180622]]],[[[129.38591531100755,36.22440990366766],[129.38595113032775,36.22448688019316],[129.38600313211046,36.22454281409819],[129.38591618195235,36.22449318941987],[129.38591531100755,36.22440990366766]]],[[[129.38519506145812,36.22456838013116],[129.3852350423162,36.22461325150025],[129.38524539517022,36.22466157529004],[129.38519010333687,36.2246215505432],[129.38519506145812,36.22456838013116]]],[[[129.38444559551365,36.23591584329783],[129.38447431261918,36.23580256846688],[129.38436340361545,36.23575591194955],[129.38438417239428,36.23569429421215],[129.38452042751527,36.235771191201515],[129.38444559551365,36.23591584329783]]],[[[129.38493213710143,36.236026839939626],[129.38477186249588,36.23608820802905],[129.38462942279102,36.235757089294424],[129.38445387771824,36.235665260345634],[129.384928713799,36.23579021681383],[129.3849388193637,36.235891285964776],[129.3847880997391,36.23587707885288],[129.38493213710143,36.236026839939626]]],[[[129.38484601035069,36.23610335597425],[129.38501728877424,36.236024728121556],[129.38498493379714,36.23614448475714],[129.38484601035069,36.23610335597425]]],[[[129.38467939182172,36.236414449754015],[129.3846112302834,36.23644176658181],[129.38462072179706,36.236369853919975],[129.38467939182172,36.236414449754015]]],[[[129.3848255197786,36.236683861886284],[129.3847752096566,36.23674410905445],[129.3847544597165,36.23666044531527],[129.3848255197786,36.236683861886284]]],[[[129.38488155236274,36.23646259298556],[129.38500674345323,36.23660513680214],[129.38503942179346,36.23692227611782],[129.38479176670182,36.23662484121201],[129.3847394714969,36.23632455722306],[129.38456291031542,36.23631536506754],[129.38460542041537,36.23619417483034],[129.38479595462243,36.2361356743428],[129.38480329162732,36.236300085084046],[129.3849430877688,36.23636716258406],[129.38488155236274,36.23646259298556]]],[[[129.38486327056359,36.236956486288335],[129.38483684820145,36.23671343080842],[129.38487804296395,36.2369194750324],[129.3849379812207,36.23688123635747],[129.38500161490776,36.2369636139353],[129.38486327056359,36.236956486288335]]],[[[129.3852603363761,36.238139619193774],[129.3852663606343,36.23818502021193],[129.38521101837324,36.23815095029597],[129.3852603363761,36.238139619193774]]],[[[129.38483351239398,36.24071947856069],[129.3848388849748,36.24073185948795],[129.38475034605702,36.240735201869086],[129.38483351239398,36.24071947856069]]],[[[129.38363789717863,36.241400004472275],[129.3835129227323,36.241374241775134],[129.38350658715538,36.24130443449528],[129.38363816359745,36.24124002792821],[129.38355145744444,36.24119513405123],[129.38366313109952,36.24119489770439],[129.38373271256424,36.241288816696546],[129.38363789717863,36.241400004472275]]],[[[129.38392227244418,36.24144743562222],[129.38389834996684,36.241360686668585],[129.3839283526719,36.241371325738356],[129.38392227244418,36.24144743562222]]],[[[129.38280024756494,36.241655313305344],[129.38279694175117,36.24169701951317],[129.38276271022124,36.24167954733922],[129.38280024756494,36.241655313305344]]],[[[129.3835336939432,36.24166844588607],[129.38355209736764,36.24172276256561],[129.38347520433348,36.24170017813295],[129.3835336939432,36.24166844588607]]],[[[129.38232128834824,36.242189853092135],[129.3822667705829,36.24213279102964],[129.38237250126335,36.24211785095429],[129.38240796158001,36.24215987183093],[129.38232128834824,36.242189853092135]]],[[[129.38249126991968,36.242177772296046],[129.38253182770683,36.242300778513986],[129.3824288879188,36.24217191791193],[129.38249126991968,36.242177772296046]]],[[[129.38235333720488,36.24225647397821],[129.3824606484934,36.2423149369146],[129.38238366449974,36.2423851606034],[129.3823307733995,36.2423645629558],[129.38235333720488,36.24225647397821]]],[[[129.38193045415304,36.242835787845266],[129.38193123343316,36.24288735517296],[129.381832671147,36.242778852938784],[129.38193045415304,36.242835787845266]]],[[[129.38181049939226,36.2430991573496],[129.3818130399038,36.24314087700205],[129.38175081128207,36.243095692237695],[129.38181049939226,36.2430991573496]]],[[[129.37987674545408,36.24431096227158],[129.37993742616058,36.24434648758611],[129.37990660287554,36.244387463459574],[129.37986065804225,36.244378517144725],[129.37987674545408,36.24431096227158]]],[[[129.37342268304664,36.25545851284174],[129.37330535717288,36.25551326998587],[129.3732796406009,36.2553954349333],[129.37342268304664,36.25545851284174]]],[[[129.3734692895085,36.25548601480656],[129.37359365167464,36.25558363784276],[129.373569322477,36.255655865902945],[129.37337453233917,36.25555303275335],[129.3734692895085,36.25548601480656]]],[[[129.37365346191555,36.255702767571876],[129.37360494223898,36.25574148347144],[129.37359202741402,36.25570089883955],[129.37365346191555,36.255702767571876]]],[[[129.37368798258123,36.255757930180145],[129.3736564686053,36.255780696005964],[129.37365301055036,36.25574155419159],[129.37368798258123,36.255757930180145]]],[[[129.37505852093966,36.25928196280093],[129.37499574966736,36.2594194132317],[129.37490136800182,36.25927488473998],[129.37505852093966,36.25928196280093]]],[[[129.3752186973916,36.2644690317324],[129.37521137623406,36.2644496526978],[129.37527276464266,36.264447444154605],[129.3752186973916,36.2644690317324]]],[[[129.3755402930488,36.264985426060164],[129.3755171911759,36.265034026397245],[129.37549464278231,36.2650038980726],[129.3755402930488,36.264985426060164]]],[[[129.3758062498636,36.26570950778917],[129.37578902463275,36.2657610176663],[129.37565984588926,36.26581179957474],[129.37570994519555,36.26572341840774],[129.3758062498636,36.26570950778917]]],[[[129.3762473315632,36.265946187097],[129.3762246476123,36.26597154180579],[129.37614845903138,36.26592861523007],[129.3762473315632,36.265946187097]]],[[[129.3761376687,36.26745399546901],[129.37612355501764,36.267429605800125],[129.37613643249526,36.26742382491892],[129.3761376687,36.26745399546901]]],[[[129.28747134565648,36.33165571721736],[129.28644146435485,36.333365356183194],[129.28490439288348,36.333308846004314],[129.28446844784906,36.33246469808341],[129.283714474671,36.332012438928224],[129.28328878320065,36.33166407809097],[129.28302023787924,36.33165600869013],[129.28260872796065,36.331234763583716],[129.28241473135688,36.33096928713295],[129.28218605444212,36.33009788010237],[129.28200855558532,36.3297806157957],[129.2814676199048,36.329670292199694],[129.2811293690289,36.32951901528424],[129.2807453975868,36.32961068094809],[129.2803679349371,36.329353296693625],[129.27975834712652,36.32945285480601],[129.27916640834025,36.32972218795916],[129.278024891854,36.32922515202891],[129.27561068266039,36.32788533128373],[129.274736368533,36.3276413126509],[129.27369452563244,36.3282120070763],[129.2732862333224,36.328204039281474],[129.27236001335743,36.32865962806486],[129.2718779566502,36.32909332347119],[129.2714311360908,36.329814341671145],[129.27117605703782,36.329823468434846],[129.2708814765424,36.329975120539125],[129.2700522957049,36.33174559719827],[129.27110584897844,36.33275700300454],[129.27123657229282,36.33296785856705],[129.27094129590134,36.33311014469567],[129.26986562933845,36.331894665621704],[129.26927504614918,36.33143997127161],[129.2679266874351,36.330709259676105],[129.26763637885682,36.33071237933446],[129.26757162137727,36.33018097390977],[129.2672570355305,36.33025195877274],[129.2672574917316,36.32982921692306],[129.26765036312304,36.32883002019089],[129.2680082658137,36.327998159179785],[129.26839653614962,36.32745208145731],[129.26838717367113,36.32735162020471],[129.26827542350148,36.327436581051515],[129.26824806950376,36.32728542538675],[129.26834355953628,36.32716832814636],[129.26833293489906,36.32699181146741],[129.2685769387297,36.32650012675379],[129.2687408976307,36.326499231399424],[129.26894548479873,36.32606933283625],[129.268915132304,36.325856829855276],[129.26869296159614,36.325602218053234],[129.26827298294543,36.3255884799984],[129.26790639850577,36.32571796615509],[129.26755117103005,36.325509183614095],[129.26718824345687,36.32518518665785],[129.26685823274136,36.32465363024696],[129.26691772124576,36.32199273863744],[129.26664904183914,36.32076707745486],[129.26331945551883,36.320930592889326],[129.26213581836708,36.32176113509921],[129.26041565775998,36.32200033378582],[129.2588858516407,36.322905653750986],[129.25604227158468,36.32380329246313],[129.25448468958464,36.323246377713836],[129.25351821089302,36.32304794284157],[129.25263119171487,36.32206219289973],[129.25180707941567,36.32154016466346],[129.24877622173082,36.318780718843925],[129.24677804777048,36.31791213950446],[129.2438999129798,36.31781925001556],[129.24305586867683,36.31747622220667],[129.2420409506859,36.317937318446575],[129.2408205185319,36.318810625458525],[129.2403560659709,36.31816061853761],[129.23991377142875,36.31797286220441],[129.23884216618777,36.31801909703379],[129.23798509226248,36.31751982247151],[129.23792487401832,36.31722344723228],[129.23645932116057,36.3165531193043],[129.236484588273,36.31441206033187],[129.23447917250638,36.31418975442526],[129.23210872842824,36.31319525011506],[129.23197939653426,36.31125164770863],[129.2310327659918,36.3107290444728],[129.2305743770821,36.309934753586035],[129.23128982767463,36.3086069734951],[129.2284478844843,36.306931076569946],[129.22518688665735,36.305305623254874],[129.22348541675981,36.30185209927663],[129.2238607425607,36.29990191792513],[129.22507320418111,36.298214043178426],[129.2272534607164,36.2978698022104],[129.22771509245408,36.29702170900496],[129.22861731483118,36.295823879254556],[129.2277884482084,36.2949840424212],[129.22552366025647,36.29429769469845],[129.22558991477203,36.293076374226466],[129.22511859391074,36.292071911416116],[129.2253683823488,36.29104911327409],[129.22466548795623,36.290187707978596],[129.22334076783358,36.28936867302289],[129.2217723653019,36.28892087407229],[129.22093612785383,36.287795160141656],[129.2234963460213,36.28527514113758],[129.2262692901153,36.28328370773003],[129.22671198182687,36.28206534270384],[129.22700610087304,36.28054599542661],[129.227214849695,36.27873678771593],[129.22650982772774,36.27803603964099],[129.2268355252794,36.27699859593337],[129.22560794236375,36.27579490210426],[129.22482521542346,36.274768188331464],[129.2227592941482,36.27333383257545],[129.22093893666676,36.273318816786244],[129.21980004900033,36.27223417191983],[129.21852185709216,36.27217048800788],[129.21719457506032,36.271702509602804],[129.2160039808988,36.27167857543238],[129.21543131104673,36.27202201552506],[129.21415387439382,36.27198566844812],[129.21336982906732,36.27138938141203],[129.21343826040544,36.269281407133334],[129.21373037550748,36.268257611174214],[129.2137092413678,36.26744751416778],[129.2127290303135,36.26745599701091],[129.21059862626683,36.26814162277576],[129.20841796967224,36.267054782090206],[129.2072019619807,36.26669368176104],[129.20709709472658,36.265384423133824],[129.206662633969,36.264875756948456],[129.2071097551666,36.263693957573466],[129.2064094107803,36.26321871231175],[129.20620516255693,36.2625359531613],[129.20547532383387,36.26173781830784],[129.20571231533316,36.261188127545815],[129.20563133496057,36.25999118303783],[129.20594850811088,36.25899818735309],[129.20609647933188,36.257385449326854],[129.2046619414551,36.256417390440475],[129.2036105569672,36.25468961080025],[129.20251213893152,36.25322528417694],[129.201192619467,36.25083663700829],[129.19848397717723,36.24964846559428],[129.19816739886102,36.24824720675761],[129.1992264289112,36.247107411306395],[129.19829595888797,36.245962376742106],[129.19781560192527,36.24475209969161],[129.19732752370848,36.24417714587459],[129.1964370881207,36.2439412799831],[129.19552657346512,36.24388301026008],[129.1943500290961,36.24362862318466],[129.19340117263596,36.24246673033478],[129.1934023081052,36.24210160109153],[129.19271806033117,36.241139159533326],[129.1919563104392,36.24064692964321],[129.19213342965227,36.23974396233287],[129.19142334529928,36.238707574266556],[129.19053410983383,36.237856810560416],[129.1904506042044,36.236778392685665],[129.18931582435263,36.23589281952792],[129.18789962393453,36.235435047609386],[129.18715114919775,36.23485898429178],[129.1865783149808,36.2334242767768],[129.18524665301598,36.23264353283684],[129.18458171543963,36.23256668895627],[129.1841872969088,36.231997684332505],[129.18319074573907,36.23148618204958],[129.1822071605055,36.230509862539726],[129.18084885030555,36.23014105019686],[129.18029562387508,36.22906998778907],[129.1786065956424,36.22846537987631],[129.1785819523898,36.22814210969005],[129.1781831664411,36.22756355940916],[129.17703193027927,36.22730747420504],[129.17570754806644,36.22712340740324],[129.17409842132636,36.22623714393131],[129.17294261373578,36.22538756346231],[129.1710113192607,36.22476177241089],[129.1698806092536,36.22559706592634],[129.16962527619566,36.22657448316291],[129.1684298562202,36.22738134781856],[129.16609983037287,36.22926598921547],[129.1655454751815,36.23067735098484],[129.16595603650043,36.23204421514659],[129.16210691711228,36.23279928118211],[129.1555142344582,36.23478191417203],[129.15270063673464,36.235330167687536],[129.15206890281436,36.23625842262275],[129.1514254216523,36.23663976215962],[129.150814786846,36.237562404357696],[129.1496889553492,36.23834260780077],[129.14820882915168,36.23846130283941],[129.1472109553197,36.239146339268466],[129.14646156575938,36.24054543990158],[129.14686056025354,36.24104598562701],[129.1467243874445,36.24147071751909],[129.14545108971916,36.24333602506484],[129.14368778406143,36.24486632030301],[129.14230683526478,36.24566438618269],[129.14193179187268,36.24652984573168],[129.14155926819754,36.246970847636604],[129.14039846564782,36.247140362805546],[129.1401234369033,36.2475245841944],[129.13950954106494,36.24791372844405],[129.13967165771527,36.249190180321584],[129.13701016124975,36.25033924675017],[129.1368842997726,36.25210240005312],[129.1375223015313,36.253003402054084],[129.1374986665569,36.25509308098709],[129.1363837977159,36.25655723110245],[129.13379662890716,36.25805934892687],[129.1338895072009,36.2588223713416],[129.13352009527438,36.25942898791051],[129.13339785513006,36.26052543998131],[129.1335596053742,36.26133938528507],[129.1329336877593,36.26190571343126],[129.13118592625082,36.26223560222007],[129.12961246746764,36.26280329821894],[129.12937912553397,36.26308397135946],[129.12819475116174,36.263717910504155],[129.1268213762055,36.26381703322754],[129.1262863975916,36.26392421916538],[129.1259378095379,36.26295855791747],[129.12577970337847,36.26274205496107],[129.12513852303894,36.26279094441511],[129.1243654706776,36.26257428752251],[129.123696839105,36.26195852799783],[129.12288879860435,36.2614816150133],[129.12178733089107,36.26154301535722],[129.12140430145251,36.26270266550053],[129.12093909963056,36.26356633891453],[129.1199225466929,36.26400297889057],[129.1196924734651,36.26400086528668],[129.1171292262119,36.26581223093906],[129.11623831214675,36.265607705727994],[129.11481504567226,36.26488967092008],[129.11440895401284,36.264324585750366],[129.1133309741178,36.26442795772087],[129.11193166361068,36.264091415610984],[129.10900303713473,36.26638076817907],[129.1064564202495,36.267214595276386],[129.10314251388206,36.265297965052945],[129.10249919972318,36.26469886816474],[129.10208361155117,36.26484956635295],[129.10078319925228,36.26652499148082],[129.09893366605533,36.26783489719024],[129.09938783377964,36.26925318247828],[129.09913725154905,36.27035560752792],[129.09892573499022,36.270757020122716],[129.09745740514578,36.27143388238946],[129.09659777338155,36.27163315182387],[129.09537237210924,36.27272606745588],[129.0958173651776,36.27265273333009],[129.09500243167136,36.27295688767151],[129.09429422588875,36.27332745460359],[129.09318866512888,36.27442118050638],[129.09291937745888,36.27393130155967],[129.09216801295963,36.27349584080094],[129.09168175744375,36.272888001539094],[129.09088933824813,36.27258643020723],[129.09045237103211,36.272526057271335],[129.0897779964995,36.27219368145455],[129.08934058116142,36.27175410708166],[129.08891357580362,36.27229320348829],[129.08704183079908,36.273350817386586],[129.08528365811193,36.2745202663843],[129.08338069099244,36.276529354341534],[129.0802173555278,36.27712922145284],[129.07853220214585,36.276871648455334],[129.07722456134735,36.27559918919226],[129.074997607142,36.273776406295205],[129.0741914588675,36.27345276846203],[129.07378683817936,36.27345735030474],[129.07355658539683,36.273212409801715],[129.07230585976788,36.27237686091771],[129.07143885032252,36.27205917877329],[129.07047307984496,36.27119779904383],[129.07011131510703,36.27155474152367],[129.06858770480784,36.27211484327718],[129.06780602420983,36.27266377188579],[129.06725465092103,36.27230394019595],[129.06503428583852,36.27199645889467],[129.06380576525225,36.27168021055969],[129.0632202358995,36.271688085163994],[129.06281448343796,36.271560882927545],[129.06248505445535,36.271232280166444],[129.06198907445153,36.27049962907037],[129.06166133589488,36.27048017650142],[129.06075307393257,36.27092744405352],[129.06018818410453,36.27096047151525],[129.0593917942005,36.2705957497067],[129.058891955236,36.27027014872448],[129.05777123770272,36.26860492413002],[129.05666363429478,36.268383001861714],[129.05228962022113,36.26575261927284],[129.05229518491416,36.265344294679124],[129.05304136669915,36.263826880500936],[129.0524959751745,36.262278466726976],[129.05339382524613,36.26096239677007],[129.05358425215854,36.25965714424081],[129.0556096448896,36.25750310378434],[129.05598493221564,36.256678139137904],[129.05598827693618,36.25581841587646],[129.05649577235326,36.25567810441282],[129.05782195109313,36.25447329963925],[129.05892705621577,36.25390851969329],[129.05948779710226,36.25334289110818],[129.06067120432166,36.253343144533716],[129.06090159487093,36.25304713793474],[129.06196080390376,36.25226626645089],[129.0629589302905,36.252207210727356],[129.06374991695898,36.252616795479874],[129.06373581862243,36.253232756128654],[129.0648020062695,36.25358153593333],[129.06557300122483,36.25400454549585],[129.06639418758496,36.253626745844684],[129.06710431221325,36.2534944213531],[129.0686443504464,36.251829858848005],[129.07022409690305,36.25113488213765],[129.07101663614887,36.25123506433537],[129.07220126341326,36.25154538168866],[129.07255655688883,36.251960847293205],[129.07272087517575,36.252393282637186],[129.07360069714096,36.252345925294584],[129.0739997543582,36.25151590011617],[129.0743109447818,36.25114855453019],[129.07470968467385,36.25092623509513],[129.07491406581562,36.25057523494362],[129.0756180222585,36.25020072101848],[129.0755972899167,36.24943916874607],[129.0758070051625,36.249116860379196],[129.07499042355388,36.247678665244564],[129.07523170267433,36.247262421752396],[129.0752957629315,36.24665680351432],[129.07575027679664,36.24604038594843],[129.07567606196025,36.24547141407675],[129.07669246087326,36.24464251936684],[129.0780532329548,36.244671246884664],[129.0785395599322,36.24376405352768],[129.07872946781475,36.242790201671106],[129.07866832267172,36.24247154968805],[129.07814409960173,36.24152728393775],[129.07820321526637,36.24061470285631],[129.07806972202934,36.24010650786141],[129.07901734019535,36.23912724978105],[129.0793115680299,36.23823060271016],[129.08018782006795,36.23754614108507],[129.08085401401294,36.23583495420081],[129.0821030302514,36.23590702832749],[129.08187525548823,36.23491884107816],[129.08085729555543,36.23389442320273],[129.07910249083844,36.23317674601107],[129.07837334753572,36.23253209116056],[129.07756131476998,36.232556712502486],[129.07709342768956,36.232110434350254],[129.0765752336875,36.23189692052243],[129.07586321356578,36.23190066852108],[129.0750157746168,36.23161413447307],[129.0739593136851,36.23071525780462],[129.0739538187623,36.2297836948921],[129.07332037640262,36.22939514169123],[129.0727298058834,36.229268136130344],[129.0709502089871,36.228647794631655],[129.06959262601268,36.22945832199807],[129.06792338345696,36.22887493978687],[129.0658919751202,36.22710959809391],[129.0644495738224,36.22570610438239],[129.06422389866003,36.225168537468456],[129.06528800647837,36.224120844844485],[129.06517393745608,36.2239068202508],[129.065248103602,36.22278439782908],[129.06556762044875,36.220925447991675],[129.06492343513693,36.21956709683904],[129.06347255881624,36.22012727520365],[129.06220698476974,36.220157354711816],[129.06155557156376,36.22092127462963],[129.06013878178203,36.222228030763],[129.0581355418303,36.223501063581],[129.05662393786153,36.223940214103415],[129.05555992675917,36.22373379494761],[129.05491262473083,36.22346602611403],[129.05280703063275,36.22319640130247],[129.05227018087947,36.22267384155101],[129.05197474049518,36.22260174456734],[129.05146096499362,36.22232280964187],[129.05072622272573,36.22239743380296],[129.04973720849526,36.22332652813595],[129.0489209147104,36.22241767838612],[129.04765914505575,36.22234759932831],[129.04688033901294,36.2225920119864],[129.04494436143625,36.22160315337782],[129.04388804864715,36.22246099732975],[129.04207269111149,36.22201847590491],[129.03943044422712,36.21932054081782],[129.03863833858898,36.218135484958374],[129.03838720133768,36.21790121510457],[129.03719043829864,36.21570895629275],[129.03713468017887,36.21508659577533],[129.03629141373176,36.2141086457627],[129.03578555637003,36.213308966618406],[129.0356006142862,36.21205913158068],[129.03587840731143,36.211029710987816],[129.0352660076086,36.21023699644921],[129.03510720728121,36.20784428868759],[129.0351905470178,36.20691378972437],[129.0353270115574,36.206601293144026],[129.03519578334132,36.20533848695097],[129.035404809492,36.20349457377968],[129.03461297303505,36.20343992338303],[129.0326018174203,36.203574013718146],[129.03251151272465,36.202391501086574],[129.03229591176415,36.20179415103738],[129.03240633944128,36.20028065436749],[129.03205281460959,36.19867263864382],[129.03182833166795,36.19815696022034],[129.03154994140968,36.19816137808434],[129.03004649435755,36.19787266219898],[129.02876945337138,36.19704634997714],[129.02821835446773,36.19646517103994],[129.02796713161462,36.19561977578773],[129.02793909807085,36.19443569782522],[129.0275651889278,36.192736737463996],[129.0276464034449,36.191885414935776],[129.0282890211797,36.19032501817304],[129.0278920608519,36.189137554654764],[129.0279435902578,36.1887743335698],[129.02746677926072,36.18737358877483],[129.02746825221232,36.18486327237348],[129.02691683147575,36.18417510306592],[129.02663115374614,36.18343106540813],[129.02586828833424,36.18291211432427],[129.02527051641772,36.18268875203193],[129.02396759019936,36.182967874999406],[129.02289537191032,36.183105269146935],[129.02174306720352,36.18315857867096],[129.02138508418463,36.1830562099339],[129.020633868618,36.182613912802395],[129.0195783497586,36.18184062182217],[129.0183391305793,36.18133418454802],[129.01746185244167,36.18051780171427],[129.0167515127723,36.1803629829529],[129.01526542940456,36.180260447868584],[129.01394988356793,36.179852505887105],[129.01291545005373,36.179758952443784],[129.01194279376526,36.17948903009967],[129.01085910052294,36.179495596264275],[129.00961951197658,36.17884747612424],[129.00908509029188,36.178880247962994],[129.00741125824354,36.179498031313294],[129.0066182563152,36.17915953009577],[129.00566993994508,36.179027663871224],[129.00455700554542,36.17875248622102],[129.00326182113065,36.17911329714558],[129.0021357286881,36.179068638900425],[129.0011614490787,36.1796284255709],[129.0000211761152,36.179427070859816],[128.99796217441983,36.1787525656063],[128.99716657076843,36.178920391302476],[128.99644433894548,36.17839178425049],[128.99621079710727,36.17795769287012],[128.99268826196197,36.17619417802952],[128.9906955389091,36.17528217405659],[128.99141007413238,36.17301914839916],[128.9914046029131,36.17204915740994],[128.99115297026344,36.17085463029472],[128.99013589243006,36.16998060624188],[128.98946791170528,36.168108248433],[128.9900765427642,36.168073179000416],[128.99222906028766,36.16825605286202],[128.99383095510507,36.168279272305085],[128.99659610363904,36.16754812122389],[128.99772438351803,36.16775345079651],[128.99839652385413,36.167509808652014],[128.99851046556537,36.167198347182065],[128.99896670869725,36.1669275059608],[128.99936475686096,36.16701313730046],[129.00004860147962,36.16634995711859],[129.00067462187096,36.166529963924624],[129.00116015550728,36.1665311259901],[129.0021658668998,36.16573559940866],[129.00256795906617,36.16570417422642],[129.002748632818,36.165561436783655],[129.0031451194927,36.16557524390908],[129.0035641478803,36.16538103624568],[129.00573686039897,36.16362719509469],[129.0067087128285,36.163433731368926],[129.0072321902422,36.163718121430186],[129.01138629473908,36.163611635937116],[129.01279846555326,36.16377286940244],[129.01321363932507,36.16299533707645],[129.01481071425022,36.1620227973107],[129.01642020936328,36.161498893933924],[129.01823654795152,36.16112860746596],[129.01951048499146,36.16048599306022],[129.02019866125912,36.16045862116208],[129.02089724523915,36.16019973924658],[129.02139132416002,36.16027919149953],[129.02169744283938,36.16024904820545],[129.0222005651578,36.16006391708627],[129.02305785958671,36.16000784259994],[129.0239270509575,36.159843635762286],[129.02457032609558,36.15916758782972],[129.02550494641264,36.159349013766615],[129.02641372565157,36.159804657961246],[129.027509350724,36.15927125175402],[129.02934398851053,36.158957317269774],[129.03067161950636,36.15902677785982],[129.0323009809209,36.15830055991818],[129.03376744356538,36.15744839991219],[129.03635261042544,36.15565567433462],[129.03803698649327,36.1560018046722],[129.04028629985598,36.15602443524164],[129.04118706028675,36.156254639265974],[129.04183067412288,36.1560940830305],[129.04241360553127,36.15620162188732],[129.04444074058244,36.15611626195462],[129.04405098572448,36.15450717720967],[129.04582595797118,36.15192798485829],[129.04726826877723,36.15036302708511],[129.0479641427525,36.149926127491014],[129.04913610927275,36.149527006221746],[129.0529661590695,36.14930017877429],[129.0538159176669,36.14944435830049],[129.05392233699496,36.14818432096529],[129.0553104151873,36.14640638278816],[129.05668919868998,36.145963356784925],[129.05900359554334,36.144479202246444],[129.0615505285384,36.143993378221424],[129.06287899761375,36.143535802092764],[129.06332642905,36.142975290398375],[129.06354828795733,36.14106433686854],[129.06300061163572,36.138791140339485],[129.0646419763598,36.136927897883254],[129.06451829304433,36.13511546646361],[129.06388061462036,36.13370451291229],[129.0627450875179,36.132393353713496],[129.0594903830948,36.130275533015606],[129.05926848491,36.12977942692139],[129.0601780411808,36.12888966764406],[129.06085005685776,36.12877663938544],[129.06175650118246,36.12813978622946],[129.06272326135092,36.1270468868416],[129.0637365816232,36.126112903561],[129.06463724561192,36.12592557299058],[129.06512010558535,36.1251718297198],[129.0667950465003,36.123727752327646],[129.06632858191452,36.12309270522005],[129.06661449499393,36.1226082375151],[129.06720821237482,36.12205554248702],[129.068342581779,36.12036856866643],[129.06877052778137,36.12008205986289],[129.06803268066176,36.11791191640046],[129.06869828325355,36.117628146857506],[129.06968655322117,36.11627185517874],[129.0700371825406,36.11612118668907],[129.07055671665356,36.11537853744034],[129.0704745899155,36.114607728214885],[129.07098920023722,36.1141755079296],[129.07283488313774,36.114214807103636],[129.07445888611645,36.114058978159946],[129.075526514528,36.11381555083061],[129.07617746643422,36.113840427555154],[129.07637480429773,36.11377288129954],[129.07744949083377,36.11241574465421],[129.07892440861235,36.11100707066046],[129.07918972855083,36.111658479867835],[129.0792715355911,36.11235679936051],[129.079898621457,36.11346006786439],[129.08036698935672,36.11541601761471],[129.08141231415914,36.117449311836296],[129.0822664139526,36.11739820827178],[129.08362284099488,36.11762547590586],[129.0842935351013,36.11806853491912],[129.08509891470626,36.11800538266318],[129.0858624195739,36.11761611545096],[129.08640217140268,36.11808258919078],[129.0868167171555,36.1180229932458],[129.08768491579923,36.118253600760525],[129.08913822732504,36.118342768177115],[129.09062368253956,36.11971180674895],[129.09201725715258,36.12041530637274],[129.09309601196654,36.12072043369622],[129.0940830632807,36.120583705258596],[129.09481777370905,36.12062557467589],[129.09554005404604,36.12148294025028],[129.0967843230785,36.12171000992116],[129.09795885950928,36.122016056915335],[129.09848945183742,36.12196573472461],[129.09930738913067,36.121088253646256],[129.10025014983162,36.11978166822596],[129.10107781844107,36.11913769495446],[129.10137729794383,36.11861165092825],[129.10214805458082,36.11816648927216],[129.102328740832,36.117841222132874],[129.10297167406637,36.11747642375952],[129.10429366015416,36.116976155056186],[129.10407682192206,36.116411469791785],[129.10408731966,36.11581402542356],[129.10515226015343,36.11407054579581],[129.10373577024635,36.111983489486285],[129.10246022669412,36.11105521050691],[129.10217939372717,36.11041291318855],[129.09945029087447,36.10700373276405],[129.09947527203656,36.10636709834673],[129.0973064535115,36.10594290535291],[129.0966554754826,36.106123716317555],[129.09626079105985,36.10579385118993],[129.09456305364313,36.10525031579638],[129.0943387176513,36.104593630609344],[129.0935209514382,36.104259248511475],[129.09332816738413,36.10349479425855],[129.09331801734686,36.10294120947812],[129.09300115930054,36.10172977833364],[129.09301044279096,36.100781411219934],[129.0932302991608,36.100113102035],[129.09423243407326,36.099255133976506],[129.09443952291548,36.09861665272108],[129.09440335193534,36.098080190416674],[129.09448068642646,36.09752258150972],[129.09441106038238,36.096886327898766],[129.09408533454263,36.096325479162715],[129.0950509236534,36.09515540880902],[129.09608817408514,36.094906450577334],[129.0977875695815,36.093990698672776],[129.098000408357,36.092661830434636],[129.10069566550658,36.090505304343424],[129.10144745626198,36.08958590118832],[129.10177170931598,36.08890222971175],[129.1025717298675,36.08832809673348],[129.10280731167677,36.08779684311121],[129.10328177825042,36.08748772095856],[129.1037728468398,36.08729063866278],[129.104589627294,36.08642181301052],[129.1050832611209,36.08560909373371],[129.10629120522057,36.08512843267823],[129.10717599498707,36.085104803214044],[129.1077212908052,36.085259303422],[129.1083121108823,36.08494973793831],[129.10920998555974,36.08386527129077],[129.10973209233458,36.083619798728336],[129.1108811393106,36.083346502319856],[129.112138874251,36.0820317533834],[129.11189138341751,36.08124185817165],[129.11128577671167,36.0807271282942],[129.11168270119168,36.0801558602147],[129.11179743687913,36.079258064244954],[129.1125205378365,36.079085833984855],[129.11462198901327,36.07985355072818],[129.11536985867434,36.07967994544348],[129.11646782101977,36.07986472215797],[129.11700774143569,36.08009984627308],[129.11753931650054,36.07990881986118],[129.11884515826623,36.07899305750395],[129.12019696549098,36.079169475229264],[129.12060298162308,36.07951281228347],[129.12187434137178,36.07936990541061],[129.12409484875042,36.08031442976438],[129.12769763829925,36.0810538426551],[129.12878850278864,36.07940540039459],[129.1301735284015,36.078126005543],[129.1304864446497,36.07732055217435],[129.13085840890918,36.07705563782309],[129.13120761415118,36.07667167574848],[129.13178874202632,36.07651631523036],[129.1346949602977,36.074448139997685],[129.13477477314083,36.07265286295197],[129.13443045958243,36.0713511763432],[129.13395319545447,36.07059346716862],[129.13344765332934,36.06843882221115],[129.13431393418622,36.06737353069882],[129.13479615024846,36.06705874229217],[129.13575400039187,36.066722487180066],[129.13613320316037,36.066225621413366],[129.1365516990827,36.065414756680546],[129.13724013181192,36.064627959230656],[129.13693482699182,36.063820981024456],[129.13600846414587,36.06232504597095],[129.13701032507416,36.06119346335821],[129.13867260469058,36.061035774156196],[129.13989020752575,36.060055650629764],[129.1403184196222,36.05909053340842],[129.14084005772781,36.05872541679975],[129.14212265006128,36.058471940382866],[129.1433811693227,36.05783477369424],[129.1440510433937,36.057262928042384],[129.14571796795644,36.057033085168726],[129.1466823402134,36.058003366639156],[129.1471902950459,36.05832561415742],[129.1475947804916,36.05840948186848],[129.14858105235675,36.05823511852961],[129.14903216325115,36.056780145413406],[129.1495204420287,36.056311312701084],[129.15055397918968,36.05558394677729],[129.15087667376503,36.05510035471431],[129.15469576625517,36.054498084188204],[129.1647007769587,36.05515810943045],[129.1655878725477,36.05436819629281],[129.16697396952023,36.05385809260931],[129.17003623293536,36.05332317779842],[129.17057424726036,36.0520068822491],[129.17025263608295,36.05064180756603],[129.17043642317498,36.048943445949334],[129.17197845613364,36.048984779430945],[129.1723442068965,36.04868686561471],[129.17399916486042,36.04805377798578],[129.17634230454857,36.047779283731046],[129.17728247849425,36.04593773489269],[129.17722444104896,36.045086477910786],[129.17651087966874,36.043509319632676],[129.17569106899452,36.04218204314128],[129.17817075090286,36.040767592846066],[129.17838569973313,36.03429296327783],[129.17706297641269,36.03305411812953],[129.17645437270292,36.032379096695465],[129.17629076151596,36.03167717805327],[129.17644922504843,36.03113917722519],[129.1779347944208,36.02876607871326],[129.1784177992016,36.02743277027662],[129.18123723903082,36.02754248377441],[129.18328495350224,36.02884972413794],[129.18394696219204,36.02897688981425],[129.18908641635065,36.032331066055846],[129.18960907627326,36.033550895807124],[129.19077598417923,36.03471225381351],[129.19408093029315,36.03665292307701],[129.1975007099617,36.04059360570704],[129.20113810853428,36.041126278100265],[129.20385839714635,36.04329915379428],[129.20793918921692,36.04283995809902],[129.20903772976962,36.04294733922065],[129.21797367535677,36.04283053470555],[129.22106449046385,36.043445364436224],[129.22373974309582,36.04378667184735],[129.22502108073817,36.04486972632773],[129.2257336668353,36.04631914292912],[129.22650100566497,36.04722648772049],[129.2273647752909,36.047931967240075],[129.229031283536,36.047984979005],[129.2296214529545,36.04791590212126],[129.23007491812805,36.048724511450345],[129.23096739714,36.04931609391203],[129.231774972764,36.049637324476265],[129.23297540230038,36.049197827623054],[129.2346988434856,36.049294315739274],[129.23546608930522,36.05079928919326],[129.23617558913608,36.05169879793282],[129.2382612890901,36.05241378569186],[129.23903156257253,36.05303706662314],[129.23883669277336,36.05338324122563],[129.23884589451606,36.05438024966612],[129.23904225869614,36.05589737494439],[129.23924723338953,36.05634742963763],[129.23985341545583,36.05717385445851],[129.24189733921386,36.05906661259527],[129.24202111863434,36.05980955522552],[129.24198685851778,36.060183043399086],[129.241733524559,36.06094305636714],[129.24166025486645,36.061562983530415],[129.24180467411458,36.06266536655712],[129.24210601833897,36.06341425180606],[129.24368104246184,36.06528160328645],[129.24387096416004,36.06567758035776],[129.24364852312974,36.066233737401866],[129.2436024163055,36.066749108542524],[129.24378759586148,36.067314473119424],[129.244317653489,36.06780451134804],[129.24445231813695,36.068284099203375],[129.2441555809165,36.06976389455504],[129.24435544322247,36.07060981837876],[129.24484565382872,36.07179765278692],[129.2455844137227,36.07269508283231],[129.24618285551406,36.073273361294184],[129.24678877908852,36.073703842366186],[129.2471521523121,36.07432998577639],[129.24731526138697,36.075000257541845],[129.24818265135974,36.075874931275315],[129.24827927804787,36.075497384674385],[129.24798443350963,36.07476855052876],[129.24781592166576,36.07359788412879],[129.24831239243184,36.073763576120285],[129.24794487449975,36.073584176004616],[129.24990682800842,36.073364613584225],[129.25084412888597,36.073048967179886],[129.25181742456107,36.07402421611451],[129.25277007458473,36.074768115997955],[129.25381249494805,36.07519823980569],[129.25424544195576,36.07576019020883],[129.25478584581123,36.075012026117825],[129.25657288368632,36.074455416290405],[129.25732989840915,36.07435704658468],[129.25878467634558,36.074969355643645],[129.25998229635914,36.07462404593863],[129.26142006195906,36.07480042507915],[129.26325125424947,36.0751463085532],[129.26419572564646,36.07604759882251],[129.2644395704419,36.07668500103195],[129.26496996470132,36.07683634942789],[129.26630055919216,36.077014494841876],[129.26701786724365,36.07693452844151],[129.2684359863673,36.07749966783897],[129.26949825315484,36.07812474959801],[129.2699681504773,36.078800402922894],[129.26990912302688,36.07942650767494],[129.27120453472924,36.07952917400923],[129.27173726114495,36.079402291864454],[129.27300353615885,36.07969726281001],[129.27445106813764,36.079613229744375],[129.27508194814283,36.079224479388145],[129.27620431296,36.07915922370457],[129.27703373271373,36.07782516885837],[129.27721752746578,36.0772343088473],[129.27757878968453,36.07663646362858],[129.27798293443732,36.076492536532506],[129.2793530109988,36.075700727646485],[129.27941692456236,36.074999681034676],[129.2802884501677,36.07460752630338],[129.2810539587864,36.07469837062194],[129.2827228919578,36.07369687001881],[129.28315791633224,36.07288599666165],[129.2850500407716,36.07182557821382],[129.28506796471024,36.071234219829066],[129.28571566459476,36.07085828362357],[129.2860194446318,36.07030982221875],[129.28647457645454,36.07000963418834],[129.28593928525905,36.06964809184071],[129.2857780389909,36.06926233128646],[129.28505650586376,36.06822251573789],[129.2848507147359,36.06692569641333],[129.28493528379445,36.06655281891684],[129.2853738260373,36.065660285889244],[129.2856138495203,36.065491052071096],[129.28576454059106,36.065205915610406],[129.28622051683706,36.06487869337154],[129.2864922531367,36.06435041844042],[129.28641826289302,36.0639152525573],[129.28655519710523,36.063613645182926],[129.2863733683395,36.06287652924107],[129.287260383994,36.06200197046923],[129.28824058873568,36.06206594315398],[129.28867260432168,36.06188522849169],[129.289150836143,36.06147611807943],[129.2902375793679,36.06204077834472],[129.29173924678827,36.06101661071708],[129.29227809747658,36.06105588173734],[129.2926759457283,36.06082135962833],[129.29320427028674,36.06068560275819],[129.2944507990671,36.05978031165051],[129.29517746406947,36.058854694581406],[129.29594806589967,36.05849376267755],[129.2967878375208,36.05791749293931],[129.29682867684411,36.05740704485757],[129.2965348529832,36.0570653116662],[129.2970628536294,36.0563486107997],[129.29867143731627,36.05575004849105],[129.29860938936832,36.055512643966],[129.2988716730424,36.05470936963157],[129.29985276194031,36.053795760387345],[129.3000995752766,36.053401481156754],[129.30145271195246,36.05249292913627],[129.30219640269675,36.05146766500624],[129.3026899834647,36.051016393163955],[129.30286922967574,36.05055014516253],[129.30368778514912,36.05034597941347],[129.3038279876915,36.050105036055825],[129.30478754318585,36.04935532332952],[129.30511236536802,36.04844576783712],[129.3050737027461,36.04788864201602],[129.30558167264738,36.04776816179741],[129.30619627444202,36.04686786301048],[129.3065412699504,36.04612970125028],[129.30670405515207,36.04605041982771],[129.30685111933386,36.045803761659435],[129.30643675164353,36.04474536876801],[129.3063783275725,36.04432797076869],[129.30674564388514,36.04362525583015],[129.30758847127433,36.04338111582328],[129.30816193478745,36.04308098642327],[129.3089944783885,36.04292204344101],[129.30938921635163,36.042776068684724],[129.30966975328047,36.042912508111534],[129.3100012250783,36.0429411090923],[129.3105307573052,36.04329355026478],[129.31168685128242,36.04350674594353],[129.3120064921003,36.04326098055741],[129.31261350747923,36.04363211789318],[129.3129393150092,36.043592444060074],[129.3146420007844,36.044119991167875],[129.31497341512872,36.043923889772856],[129.31507781822103,36.04335557327999],[129.31544074843546,36.043070401815996],[129.31543850189243,36.04248698833759],[129.31590995127792,36.04216671006944],[129.3159938304694,36.04157707434851],[129.31651549969018,36.0411384498683],[129.31710252939138,36.0408468283958],[129.31761120371127,36.040918142266484],[129.31818787529053,36.0413615460263],[129.31877165068468,36.04197026006206],[129.3194857675265,36.04216741833903],[129.32046656847535,36.041987238459534],[129.32096989923986,36.04205974046684],[129.32141896547205,36.041829792134735],[129.32211264048365,36.04163419023109],[129.322542321369,36.04175332286474],[129.3239813903892,36.04184551986233],[129.3252878528401,36.042138415707065],[129.32558573138203,36.04206045999345],[129.32599053803196,36.04206498857006],[129.32646037274944,36.042254985380325],[129.32680280872026,36.04252721744137],[129.32735432561924,36.04235042586958],[129.3296445533207,36.04264306268144],[129.33057203223325,36.042612129113685],[129.3310327256906,36.04246022466877],[129.33144585639732,36.04249530542124],[129.33165715282044,36.04214090071988],[129.33278222415615,36.04182437795133],[129.33376752772492,36.04143803337412],[129.33452484866413,36.04093953118417],[129.33448440902794,36.040390649146296],[129.33466976049252,36.04006530771401],[129.33586433336967,36.03957920178627],[129.33618841385825,36.0393540273595],[129.33626484909132,36.038853937387536],[129.33611414679672,36.037824435848215],[129.33602856497498,36.03775979703246],[129.33624475879486,36.03716430808813],[129.33657324552385,36.03696511334671],[129.33666015238916,36.03594152859013],[129.33679568451618,36.03549304720285],[129.33712689875415,36.03529580681562],[129.33722907333544,36.034695284594534],[129.33775431940282,36.034478555825544],[129.33801663452303,36.03447956765299],[129.33885175547675,36.03421534484062],[129.339291108851,36.03384122939486],[129.33954805716877,36.03280459830396],[129.3391780298961,36.03241828079623],[129.3382596435171,36.03240785915879],[129.33912951644584,36.03045760612106],[129.34119949387846,36.0305271931712],[129.34096394688726,36.03019905904111],[129.3416802134011,36.02952151954326],[129.34217312654127,36.029348628102966],[129.34257624305192,36.02890163144792],[129.34262909779022,36.02860779886815],[129.34371624194844,36.028314599753436],[129.34416782115377,36.02791712610857],[129.3442056497748,36.02771923586767],[129.34404023499155,36.027351587569186],[129.3442991395681,36.02648310799092],[129.34541098874072,36.0256055251902],[129.34517397303028,36.024842496018195],[129.34525315037993,36.02435436524491],[129.34588455386003,36.02370097887775],[129.34696392722776,36.02323950787868],[129.34690156602434,36.02273063997024],[129.34700495612086,36.022030075429186],[129.34685353760534,36.02159102433314],[129.34621366515103,36.02109885379935],[129.34621465187593,36.020846778161086],[129.34631764395593,36.020678294847684],[129.34630437547665,36.0201736949671],[129.34599465559884,36.01932314711893],[129.34615760243406,36.01914879905113],[129.34651068131188,36.01905579518489],[129.3465608448554,36.018923119411596],[129.34667312351434,36.01902554311955],[129.3467851641271,36.01901439902176],[129.34688111076042,36.01884913374141],[129.34702933008126,36.01878773358511],[129.34697910871196,36.01851563419144],[129.34730759655884,36.01833573246396],[129.34745806842136,36.01853853429909],[129.35033211587626,36.01704377988573],[129.3489637564858,36.015322094833095],[129.35119536973986,36.014151773173],[129.35256375195232,36.01587244069661],[129.35396972307421,36.01513391412314],[129.35521261442508,36.01668924904077],[129.3558357087969,36.01703427028059],[129.3564352665285,36.017628934499385],[129.3568871891101,36.01822788159353],[129.35700972664185,36.018176382605375],[129.35712734055346,36.01797902583291],[129.35746882732764,36.018085161488095],[129.35952500083752,36.0203176780338],[129.35989968603084,36.02048089025366],[129.36020796393777,36.02049236944506],[129.36077602472298,36.02072880616566],[129.36103829542404,36.020690086446066],[129.3610342692983,36.021501297406175],[129.3605910678871,36.02346659789899],[129.36185285561217,36.02505500588006],[129.36101576424878,36.02549423443497],[129.36099875286595,36.02558855144241],[129.3611972464267,36.02612647799088],[129.36185124788,36.02706544242169],[129.3636317053268,36.02774837669338],[129.36449719585778,36.02789676995389],[129.3645047958344,36.02799791522195],[129.3646258929791,36.02791804257058],[129.3656158840458,36.0280892014363],[129.3656992924615,36.02816583209384],[129.36574877605844,36.028110732974476],[129.36598580734315,36.0281520364329],[129.36675054522422,36.02798805090917],[129.36717537748098,36.028299035939476],[129.36719483188574,36.02821575163901],[129.3678769984079,36.0283297992205],[129.3684189335446,36.02883000377444],[129.36913621041973,36.03016134981567],[129.36962725138912,36.031419446686165],[129.3710654456761,36.032927701401306],[129.37147979680378,36.03266485276933],[129.37175420335748,36.03284440263209],[129.37127329305227,36.033131778275035],[129.37112798104425,36.03384034020679],[129.37089078709127,36.03383704277047],[129.3706488257495,36.034214830032866],[129.37044421711357,36.034870302193134],[129.36979950410756,36.03609566843801],[129.36998959519622,36.03616399166329],[129.36981707325913,36.0367996641107],[129.36942846402067,36.03680514039204],[129.36946113064053,36.0370747807325],[129.36982312526214,36.03725338154002],[129.36947133861116,36.0371697207254],[129.36947015186587,36.03722740253698],[129.36985274693274,36.03732632460229],[129.37080833347116,36.04254637743668],[129.37228174641155,36.04871529333419],[129.37219003324208,36.048728475358686],[129.372162308008,36.04862346185635],[129.37208200001393,36.04863174751364],[129.3720352815962,36.04874885287771],[129.37165869691268,36.04882465354964],[129.3717080761444,36.04893781964913],[129.37222557937787,36.04884485460319],[129.37235054447865,36.04889350373145],[129.37281376239747,36.05076590429492],[129.37433160536125,36.0515370876939],[129.3762103310661,36.05189354734363],[129.37625901300802,36.05171518684376],[129.38022185515695,36.05093166625856],[129.38158643829152,36.04951232299789],[129.38214766226443,36.048528767002225],[129.38246284935934,36.04864877936165],[129.3830326554374,36.04763076685622],[129.38380724412283,36.047169175435805],[129.38377069511492,36.047124805188865],[129.38423048774231,36.04691367721961],[129.3846185642892,36.04617500364974],[129.38452552583524,36.04607762680091],[129.38458354610466,36.04586488961091],[129.38482766881435,36.04579829460263],[129.38499638492402,36.04588810066578],[129.3850056541681,36.046101038166526],[129.38441471328855,36.04707559220236],[129.38319695022858,36.047800897030605],[129.38161612744005,36.050723845901906],[129.38046813424555,36.051213205992084],[129.38052623803415,36.05145124248899],[129.3788407394237,36.05209879458044],[129.3787944417527,36.05235857605422],[129.37852099382016,36.05526159540926],[129.3788862889126,36.05690996385873],[129.37945569991882,36.058186613726534],[129.3807092150495,36.06032740833154],[129.38156378023194,36.06139054825442],[129.38261840474416,36.06244052018965],[129.38343176745005,36.063035767294934],[129.38467543543553,36.06356176507473],[129.3852041405089,36.06372535555108],[129.38632455667778,36.06373273029323],[129.3874490366098,36.06331661915091],[129.38650590823636,36.06229801567161],[129.3869370090272,36.06201309977737],[129.38701714005595,36.06201866452957],[129.38704657902744,36.062114795875274],[129.3867311524486,36.062327325822025],[129.38750848219374,36.06319813318755],[129.38780617221434,36.06303807271508],[129.3879826778526,36.06322190757663],[129.38836316429774,36.06312753574077],[129.3885501062545,36.06287101286724],[129.3885507682681,36.06270142569649],[129.38948356030207,36.062344642645925],[129.3893433628513,36.06215281243928],[129.38900407831335,36.06205543035758],[129.3878424712923,36.06145104907541],[129.38726671941689,36.061599265139925],[129.38730925465686,36.06166449364819],[129.38697695220793,36.06157407834969],[129.3870025630564,36.06150669943455],[129.38785773418994,36.06132708325239],[129.38952798820438,36.062071803916545],[129.3897986609318,36.06251621137529],[129.39210331238422,36.06307786879188],[129.3929679810795,36.0631684372878],[129.39489539164447,36.06302123087081],[129.3958185817029,36.06303990159918],[129.39623721171046,36.06314219514143],[129.39663039569228,36.06331928874119],[129.39800353853303,36.064254156504134],[129.39959103461135,36.06605630602524],[129.40004545878887,36.06699064501552],[129.40048329392846,36.068523168591824],[129.4016794130209,36.06973494665153],[129.40406219783935,36.070773134646835],[129.4045023099492,36.07109840158331],[129.40571137872837,36.0705127112431],[129.40579703173105,36.070665625880466],[129.4049814534806,36.07105151849209],[129.4056060279212,36.07161823313814],[129.40639687347874,36.07154791363215],[129.4069147578729,36.07130722829977],[129.40652521653087,36.070869463329615],[129.40657262527162,36.07083199916294],[129.40619397139608,36.070217663554644],[129.405773627862,36.07002186812519],[129.4058421162025,36.06989321568378],[129.40597958028107,36.06984812289565],[129.40626777819307,36.07007785401237],[129.40651154268957,36.07053453847324],[129.4068874550937,36.07091473611317],[129.40688706109194,36.07101351739853],[129.40738167623155,36.0716391123743],[129.4075847855631,36.072103569163986],[129.40828735908661,36.0723563074265],[129.40880489436933,36.0728182309541],[129.41071370207564,36.07292585942918],[129.4110892361007,36.07288659309331],[129.4115416116755,36.07257091166159],[129.4111755460821,36.07200510680535],[129.41152067280987,36.071557076584554],[129.41166195661123,36.07160310574978],[129.41134007914889,36.07199048697763],[129.41168223080123,36.07263256861905],[129.41284172294726,36.072229295052296],[129.4121989957631,36.07111845320497],[129.41131340224985,36.07119656202979],[129.41134299017585,36.07102674858615],[129.41212186238783,36.070971708368084],[129.41243873665135,36.07109547248308],[129.41314765766037,36.07217354114871],[129.4137746792812,36.07224275697938],[129.4138917890815,36.07234373752759],[129.41415664223638,36.07235440182935],[129.41449170142312,36.072475719937216],[129.41456965157553,36.07220388107531],[129.4147142527032,36.07214536187048],[129.41471042076972,36.072061141403495],[129.4149616938401,36.072070130653266],[129.41515318992606,36.07221185548602],[129.41522207206745,36.072383077700295],[129.4150786878691,36.07243395108664],[129.41505804211482,36.072515738591285],[129.41562718734323,36.07324157533408],[129.4157247890741,36.07327283130403],[129.41603606786614,36.07315695669151],[129.4169824065731,36.073236889575014],[129.418047936108,36.07363770261616],[129.41837887816226,36.07391258948921],[129.4189121683524,36.07465646352852],[129.4193635903941,36.07561007255793],[129.41977070758622,36.07619163704636],[129.41985329691443,36.076513365986365],[129.4197228440404,36.07701127146111],[129.4190758002799,36.07741582562554],[129.41862204181388,36.078359225148546],[129.41812213369508,36.07906181292521],[129.41819040234412,36.0791853547442],[129.41812171946017,36.07934002136443],[129.41766946149082,36.08002415031027],[129.4175312496724,36.08002375736839],[129.41725712322952,36.08034271254235],[129.41712144581453,36.08067168860849],[129.41692718990745,36.08240610227267],[129.4174765024534,36.084984637407615],[129.4185204780618,36.08672293468387],[129.41932283867487,36.08767064378993],[129.4197797735831,36.08806518729501],[129.42030668911505,36.088248452643704],[129.4203990979114,36.08793486740168],[129.4205510819027,36.08796019931474],[129.42064130798357,36.08781121209427],[129.42073592247968,36.08785027188359],[129.4203481939513,36.08892491955594],[129.42039655438214,36.08921568037623],[129.4207443828639,36.08952553852804],[129.42141885679032,36.08977336263031],[129.42187354091786,36.09004694913532],[129.4227663075779,36.09136538835691],[129.42387234339424,36.09224422789063],[129.42492571164863,36.09368685187011],[129.42565707958113,36.09420697635141],[129.4258611964384,36.09452717956668],[129.42649979208517,36.09512962703326],[129.4268808304178,36.095247497997484],[129.42710210148647,36.0954596840493],[129.4267988611228,36.09555354880327],[129.42703707525826,36.09602248776968],[129.42763302390202,36.09634990394388],[129.42785379995004,36.096361749012296],[129.42796858085293,36.09621785999502],[129.4280047524966,36.096322113230954],[129.42823215311697,36.0964156433405],[129.42906120204924,36.09632278763764],[129.42899447346306,36.092972033490206],[129.42856871025884,36.092820601747704],[129.42667777754204,36.09281083748458],[129.43138689885123,36.09279867522866],[129.43146999845806,36.09268746099827],[129.43235937050736,36.0926848000282],[129.43239239439907,36.092788249964414],[129.4348022568606,36.09278199223088],[129.43483334026118,36.09237074289388],[129.4357971876168,36.09235441296325],[129.4358285914625,36.09277750605603],[129.43633576464265,36.09279129098917],[129.43635147408253,36.094483275535474],[129.43964681156382,36.09450393090777],[129.4397322852607,36.11082241585851],[129.44115233657422,36.111964019796424],[129.44108708979743,36.11201747404847],[129.43963591111665,36.110854827760015],[129.43963424196664,36.11064262479168],[129.43222317848037,36.110663818739226],[129.43223004571325,36.11181535192952],[129.43206157727315,36.11181614438427],[129.43205914093602,36.111634916292296],[129.43124298025134,36.11163706279087],[129.4312343475936,36.11244591439671],[129.43206465786872,36.11244337100695],[129.4320607734733,36.112079089760094],[129.43223005338115,36.112080516121644],[129.43223583491243,36.11316761328549],[129.43390200487488,36.11316053665481],[129.433905040729,36.113433651910185],[129.43698422502376,36.113423825483686],[129.4396822668424,36.11234729297887],[129.4401875074851,36.11277728667021],[129.44006272948394,36.11285562752441],[129.43970191808836,36.11255332199421],[129.4370293385573,36.11358529349738],[129.43109907062396,36.1135962772775],[129.43071280692376,36.112427035537145],[129.43060685332566,36.11241853228926],[129.43007271744426,36.11244150558281],[129.4289699112704,36.11267817116066],[129.42846787906643,36.11271101270975],[129.428120029983,36.11282650012185],[129.42803831422722,36.11277910202179],[129.42705432125965,36.11321305838467],[129.42633499821392,36.113717645355955],[129.42534372442975,36.11412527625078],[129.42502278471545,36.114445153764656],[129.42420513517257,36.114905531795735],[129.4238564355027,36.11527137942377],[129.42325889070293,36.11561667331809],[129.42263030654732,36.116291798446554],[129.42105582249854,36.117374978979775],[129.4203017489989,36.11809302150815],[129.41919923507808,36.11892144499946],[129.41757028198006,36.11995340461672],[129.41650159431003,36.12094001139558],[129.41431622623816,36.122259998500226],[129.41371210857986,36.12243762691373],[129.4128754970372,36.122906584666836],[129.4096181630557,36.12518575933871],[129.40933953853752,36.125532178164455],[129.40884141406733,36.12571629615577],[129.40763024036752,36.126517033126426],[129.406915226158,36.12721513376248],[129.40560925564716,36.12810620352128],[129.40495905018707,36.12863152066519],[129.40475398441083,36.128911045187216],[129.40401151270208,36.12928366106712],[129.40330162000163,36.129818855164324],[129.40218530938776,36.13069453036591],[129.40017947681122,36.132482136647916],[129.39979510533507,36.13270082448568],[129.3986741450417,36.133717834855624],[129.39760883407922,36.134962728580334],[129.39751788446267,36.13496929814122],[129.39751252689555,36.13513954631544],[129.39742372942467,36.135181640102225],[129.39751392168805,36.13536416402292],[129.39762087549315,36.135401725941065],[129.39762733901412,36.13572793469897],[129.39789775804414,36.13608567050849],[129.39790331037534,36.13633368267067],[129.39771367018008,36.136700296001365],[129.3978100853703,36.1369184100883],[129.39781481550517,36.137271333719795],[129.3980262629752,36.137538206601846],[129.39811385167798,36.13754658228572],[129.39810028469097,36.137426089776916],[129.3981954930872,36.13740493752594],[129.3981440418489,36.137354802145126],[129.3982106450796,36.137388919724465],[129.39812327377643,36.13761274871181],[129.39792439385295,36.137647622451915],[129.39793665860378,36.137730261485814],[129.39814609305353,36.13777017000979],[129.398226009471,36.137654749696615],[129.39840638266224,36.137905961932205],[129.398247640946,36.13795237169288],[129.39814116445606,36.13780199261194],[129.39806087295014,36.13806993125598],[129.39812390592945,36.13810892717475],[129.3978353373359,36.137984399953204],[129.39795738453296,36.138148554098116],[129.3975734228035,36.13820828990711],[129.3974884580238,36.13813854041782],[129.39737861369602,36.1381851521472],[129.39737949030516,36.13807602204834],[129.39717324304524,36.138066911948954],[129.39677437568054,36.138346268535415],[129.39578456183625,36.139534677896805],[129.3952561011853,36.1404939750207],[129.39512335312747,36.14098716369689],[129.39516126981383,36.14165527691624],[129.3954531613367,36.14228857060586],[129.3955584596987,36.14225107471117],[129.39560169945577,36.14235864362227],[129.39660213059864,36.1426050979974],[129.39659577220203,36.142695685197076],[129.39608604201558,36.142784521734356],[129.3956957363702,36.14298949735286],[129.3965544457868,36.14377161821259],[129.39694464827332,36.143788591138716],[129.3972949861203,36.143386329732415],[129.39700395067712,36.14262736561347],[129.3969154002596,36.142616851843705],[129.39699902819498,36.14246372477391],[129.39713274710275,36.142513870380704],[129.39740961715233,36.14318524314113],[129.39763778987233,36.14340724979394],[129.39755551837465,36.14361500443709],[129.39762951638306,36.143786403230045],[129.39743123117242,36.14425553368882],[129.39772555826679,36.14455661982833],[129.39800478692004,36.1447598312173],[129.39808289457966,36.144705116130204],[129.39814814738025,36.14482284828651],[129.39803882296832,36.144904032761694],[129.39811728124207,36.14494446967544],[129.39808477679475,36.14503071913783],[129.39792069961683,36.14507197414999],[129.3978585432331,36.14519720591602],[129.39792821864395,36.14530503357379],[129.39776046624252,36.14513332558139],[129.3974483333887,36.14526554453511],[129.3972583737797,36.14549759073708],[129.39713583565097,36.14588653146104],[129.39712292777784,36.14601336218681],[129.39738519297302,36.146225131396605],[129.39726984021365,36.14689471932979],[129.3972958656294,36.146982391906505],[129.39743437465626,36.147012966096014],[129.39744363872026,36.147259310021994],[129.39764196114166,36.14747440322582],[129.39750337078604,36.14754224677133],[129.39762725940713,36.14768242900685],[129.3975484858656,36.14786909708932],[129.39781203888703,36.1479215223394],[129.39748148762152,36.148010423631895],[129.39752547701627,36.148398940817515],[129.3980731457269,36.14915882613089],[129.39813747628494,36.1494097522072],[129.3980814973413,36.149644057099444],[129.39819176035357,36.149856937868094],[129.39844350012115,36.15004347109309],[129.3985220028074,36.15022750944762],[129.39864735452224,36.150322137462716],[129.39876450402912,36.15031425885929],[129.398704404486,36.1503522676381],[129.398814811093,36.150627312819445],[129.39883469776703,36.1512336475391],[129.3990993302308,36.151957704067556],[129.39939463620829,36.15204052433194],[129.3996922896724,36.15257105790615],[129.39996936933431,36.1527118865233],[129.40043070729564,36.153570700478404],[129.39982433234135,36.152655001148595],[129.39975671321892,36.15265458239579],[129.40041096427115,36.1537100298741],[129.40049258641824,36.153691724306924],[129.40048710520415,36.15360431146331],[129.40091321998662,36.153638500908926],[129.40088037482474,36.15356382607543],[129.40105396420418,36.15345939575632],[129.40118135502613,36.15364931003879],[129.40078158510337,36.15398933574855],[129.40035125069392,36.15403271326296],[129.40027631816437,36.15415504178769],[129.4004333769844,36.15444087194494],[129.4007409081295,36.1544762188001],[129.40101132768726,36.15433363087279],[129.40090803914063,36.154115901727344],[129.40107958100342,36.15404889023221],[129.401183720568,36.15429231778683],[129.40137362885883,36.15424033830212],[129.40160078696016,36.15382764270888],[129.40144335183348,36.15353808640023],[129.40150121926536,36.1534612758646],[129.40167397027705,36.15348071475666],[129.401799371137,36.153789869928595],[129.4017161359416,36.15414040194503],[129.40150702050923,36.154400653432006],[129.40081048637455,36.1546505328677],[129.40069483186826,36.15480581600282],[129.4008491101201,36.15478705424837],[129.4009653668409,36.15486296185554],[129.40078462086714,36.154889002025726],[129.40097494372992,36.15497740175979],[129.4009483530261,36.15505402096253],[129.4007339553557,36.154982516546426],[129.40071018819935,36.15512085068759],[129.40070823969944,36.15493107163025],[129.40054545657162,36.15494351497549],[129.40057256788984,36.154856077773374],[129.4003922239347,36.15487432631429],[129.4005225252314,36.15478238170582],[129.40029981535116,36.15476221447214],[129.4003052633579,36.15482209759788],[129.40011659308954,36.15484587829987],[129.3998585225478,36.154632086894345],[129.39961053654923,36.15470518101732],[129.3991466747621,36.15500368764767],[129.39844346429726,36.15586517139804],[129.39805447423416,36.15704937841405],[129.39809708570678,36.157401219833325],[129.39872615812067,36.15791113224017],[129.3988815050772,36.15795068770839],[129.39895890818565,36.15847930932611],[129.39937150285786,36.15865086201002],[129.39932012762407,36.15874723477956],[129.3995361832764,36.159004669812624],[129.39943860603216,36.159521817935165],[129.39892333634324,36.15975855953316],[129.39857092907442,36.16009002857929],[129.398263766681,36.16023559346329],[129.39770052437862,36.16086947419408],[129.39785044246977,36.16167320536509],[129.39807357307572,36.16223295029595],[129.3994780120717,36.16418574105591],[129.3995303423135,36.16458249090227],[129.39904222666203,36.16587447357112],[129.39935789930558,36.16631583239952],[129.39949018698795,36.166283081314056],[129.3998357052203,36.166658502406314],[129.39938563086696,36.16665116861723],[129.3992785741664,36.16643792438322],[129.39896174014635,36.16657587449645],[129.39892474358504,36.166472700155104],[129.39919140199322,36.16632861349098],[129.39891166773887,36.165932179524674],[129.39824929891188,36.166444110486],[129.39817085585136,36.16658012729473],[129.39870471946247,36.16684084293928],[129.3991904188361,36.166889848134765],[129.39946947681892,36.167001931773285],[129.3994232328769,36.16716237609752],[129.39875470043128,36.16693318365171],[129.39836833448658,36.167857786499006],[129.3981909141275,36.16785377660849],[129.3981821249255,36.1677947838977],[129.3983053288819,36.16778822641296],[129.3983854034783,36.167653398760855],[129.39861573468735,36.16692203085357],[129.39818541362953,36.16673572993772],[129.39770171266088,36.16718867955377],[129.3976161990299,36.167438907775555],[129.39763937028422,36.167767654361064],[129.3977618008634,36.16812454780601],[129.39783576662626,36.168072965039975],[129.39795705306568,36.16811871152347],[129.39807875866848,36.16838527061164],[129.39799911208937,36.16853199449365],[129.3978659731436,36.168517555644605],[129.39793493053406,36.16861202689931],[129.39776195622125,36.16870024655396],[129.3977481524141,36.168961314945406],[129.3976900477741,36.16890326907454],[129.39741425985443,36.16967314593687],[129.39751280849734,36.169740536654864],[129.39727790248438,36.16972513516776],[129.397208902426,36.169899336244114],[129.3972244215641,36.17057188844491],[129.3973345813049,36.17057856144773],[129.3975938216922,36.17003473242039],[129.39792634852606,36.17004685730489],[129.3979338966682,36.170134590655266],[129.39761242230796,36.17026370854124],[129.39747164720754,36.17059107084421],[129.39726606137324,36.17069251681075],[129.39698022495364,36.17098582828446],[129.39729297592365,36.17188172490501],[129.39740759662402,36.17198930746376],[129.397378021428,36.17236385004616],[129.39724144762036,36.1726591135786],[129.3969908554351,36.172751878879716],[129.39687887347242,36.1726154736705],[129.39706430587097,36.17250401752212],[129.39683332103107,36.17244957133927],[129.39691229860503,36.17230902723574],[129.3971463148285,36.17241169972004],[129.39725412711533,36.172110537223325],[129.39701804016204,36.17134577876926],[129.3964771477168,36.1714318796993],[129.3965953971096,36.171871611239524],[129.39686574113043,36.17194081230977],[129.3967927857018,36.17210628158797],[129.3963811928924,36.171957053319915],[129.39635758289168,36.17187608079584],[129.39647221546306,36.17184717145798],[129.3963469681268,36.17137196179718],[129.39569372072572,36.17153478948626],[129.39531108086862,36.1718892734658],[129.39511584632672,36.17250497015874],[129.3951290849374,36.1734694827562],[129.39545529567022,36.17341737475666],[129.39584376789202,36.173593537106235],[129.3957262278292,36.17372581868475],[129.39535685203515,36.173557576276146],[129.3951558526399,36.17363528027056],[129.39525282471237,36.17426434742898],[129.3951553792673,36.17428242609058],[129.39530964536388,36.1747160095643],[129.39565297937438,36.174706341647266],[129.39573376470662,36.17403791508727],[129.3958788635493,36.17404899012702],[129.39598245968435,36.1738597803464],[129.39647848532817,36.17355557879213],[129.39644822830317,36.17347884644033],[129.39669482731088,36.17346128495798],[129.3967563181406,36.17356826869233],[129.39604826171464,36.17399090280863],[129.39583853787536,36.17480640197308],[129.39553409305552,36.175009535028856],[129.39543892376636,36.17554975980199],[129.3952038700014,36.17549025950292],[129.39544758720172,36.17564233334182],[129.3953741601109,36.176054286387206],[129.39527952035456,36.17611871938102],[129.3953271612177,36.17616256343456],[129.3952130753145,36.17615504494279],[129.39504922600904,36.17595814686175],[129.39504986203323,36.17604058219992],[129.3949730962543,36.17600999750514],[129.39492393200916,36.1761236252451],[129.3947374667533,36.17619558000584],[129.39448262533173,36.17659355969807],[129.39445480918087,36.17692384113814],[129.3943721231993,36.176976912947545],[129.39438976427442,36.17683325611626],[129.39395784439265,36.17708747521535],[129.39356707105176,36.17762108953291],[129.39346917357727,36.178042722229485],[129.39344786390282,36.17883782252429],[129.39390182829365,36.17905443864941],[129.39407295392218,36.17974876269165],[129.393943917741,36.1798207475596],[129.39381472582178,36.179766480520684],[129.39389302623553,36.179656876713466],[129.39375645583786,36.179118090426776],[129.3932470129899,36.178928195035056],[129.39284395439117,36.179538278386175],[129.39280333193813,36.17987036016767],[129.39309279954216,36.179816999607766],[129.39310041322526,36.179893576225396],[129.39282368297472,36.17992687893916],[129.3929172827422,36.18027724404676],[129.3932460692933,36.18038861527563],[129.39348127126823,36.17986236091079],[129.39363715270122,36.17988152399376],[129.39338795386007,36.1804399156572],[129.3934493764301,36.18052026338072],[129.39400876252847,36.18020030668125],[129.39399403333258,36.18012531566315],[129.3941337992052,36.180131529182006],[129.394176610386,36.18027730205218],[129.39392353506395,36.18037577492567],[129.39335472251787,36.18078075056077],[129.39342548648983,36.18144308356766],[129.39266544190755,36.182191885445135],[129.39194914577806,36.18382957285918],[129.3912484304135,36.18442558797097],[129.39032139286982,36.184543374322224],[129.38974789949802,36.18476689427805],[129.3889285637949,36.184887872808595],[129.38846752011113,36.18461325545838],[129.388168801473,36.18453578685841],[129.38745137655948,36.184965127478876],[129.3870029368327,36.186098547185594],[129.38634283927507,36.18660501211807],[129.3860952756255,36.18639687841976],[129.3867976004703,36.18596481185707],[129.38725164820033,36.18484197089579],[129.38834286027233,36.184248329652746],[129.38722650798962,36.18370841877124],[129.38600907196744,36.18387659430838],[129.38542753679442,36.184072189019886],[129.3849410432646,36.184990396269555],[129.3863317839113,36.18537185486182],[129.38639339289537,36.185489259618414],[129.38467959049015,36.18503519604901],[129.3838125243258,36.18561803406333],[129.3834262769509,36.18564169854612],[129.38326340652816,36.1857556643938],[129.38309163836269,36.18569728376905],[129.38307973308716,36.18581256591836],[129.38286941036608,36.18571557457491],[129.3828690745271,36.185626216912894],[129.3825427195432,36.18572425054013],[129.382437250668,36.18566516851636],[129.38227797852562,36.18590597803416],[129.3821202563742,36.18585077162019],[129.38209336597382,36.185950262161775],[129.38193620037916,36.18588397283353],[129.38185804979466,36.18598545030088],[129.38150804595094,36.18610746746996],[129.38117070116527,36.18644276832882],[129.38118945434758,36.186534792239684],[129.38103734783135,36.18652838002266],[129.38085122824023,36.18666024066721],[129.38054539004318,36.18704600265622],[129.38058361677227,36.18716461714387],[129.3805070894038,36.187132054445364],[129.38000236493517,36.1875015156536],[129.37979981228187,36.1878140291262],[129.37961946917395,36.187862302420385],[129.3795723721507,36.18803241138899],[129.37931694888232,36.18829306570264],[129.37939373010724,36.18845193183681],[129.3790799961357,36.18845379121595],[129.37914902496678,36.18861045899224],[129.37891704347606,36.18875734688394],[129.37882435832373,36.18867366411756],[129.37865311709265,36.18872344447469],[129.37872771267482,36.18889144696887],[129.3786302370833,36.188863620808014],[129.37855531008887,36.18894360623839],[129.37863795814854,36.18906531174529],[129.37847889427093,36.18906312414295],[129.37846754983556,36.18916507952241],[129.37828972753223,36.18913469772178],[129.3781039406236,36.189268503237955],[129.37799791744217,36.18925956562117],[129.37790764188335,36.189427668969536],[129.37766702071477,36.18958875579249],[129.37729774292765,36.189567503468304],[129.37707178246168,36.18966278365231],[129.3767220044445,36.190030172070216],[129.37653803077922,36.190374952511505],[129.37642400017285,36.19037987850373],[129.37618411331982,36.19065433576136],[129.37606534744796,36.1908521273578],[129.3760450353456,36.191106150825824],[129.37577979216312,36.19126685735097],[129.37505190825266,36.19226466180258],[129.37323695932827,36.195454853335974],[129.3725689656203,36.1972642668653],[129.37250899190835,36.19784950170254],[129.37224633819298,36.19841003621067],[129.37180580595958,36.200181291277026],[129.37164476097223,36.201470961627614],[129.37159866686315,36.203150484832385],[129.37166794644477,36.20405843421782],[129.37203500614825,36.205610504813414],[129.37244967254844,36.2064741650583],[129.37274235397015,36.20689272523118],[129.37362134811937,36.207542156739756],[129.3740916338178,36.207744784854874],[129.3743966651193,36.20773654670842],[129.37463334541883,36.20763337888178],[129.3747531622611,36.207451741039314],[129.37456132185662,36.207417221945825],[129.37457440022737,36.20733498546157],[129.37499945911395,36.20739411639231],[129.3750464144178,36.20722805810094],[129.37530680793085,36.207157596586896],[129.37532205312343,36.20723721587222],[129.37514391121533,36.207301534187955],[129.3749853549257,36.208066966822535],[129.3757877622661,36.20817287187827],[129.37584531907024,36.207891750829155],[129.3764998470881,36.20800043656878],[129.37644417425,36.208290300926556],[129.3767017986531,36.20835491725487],[129.37692967593196,36.20831227603483],[129.37726073907186,36.20810441472797],[129.3771813016973,36.207885162273385],[129.37741775055918,36.20750020197817],[129.37631821093004,36.206998194977686],[129.3761571582355,36.206992681809766],[129.3760909383634,36.20693930354389],[129.37614947666435,36.20682403106946],[129.37624568145995,36.206774384990496],[129.37645035314586,36.20683889848377],[129.3776889431353,36.20746126140793],[129.37792811414732,36.207090947777836],[129.37782715812546,36.20703902164027],[129.37789080979383,36.20691516143235],[129.3781747996314,36.20697322847889],[129.37820451439276,36.207092284297026],[129.3776179888478,36.20796724701466],[129.37757712891263,36.208269948092905],[129.37747537161596,36.20836511552461],[129.37759477235946,36.20843157804313],[129.3777097957005,36.20835744235789],[129.37777424222094,36.208447431463235],[129.37788847210362,36.20842299137615],[129.3779256325964,36.208517001722726],[129.37799649070874,36.20847258637787],[129.37819041603117,36.20862710774779],[129.3782187909681,36.20857900716637],[129.37828228599,36.20880081226516],[129.3784049188368,36.20867956206436],[129.3784894435234,36.20881971297692],[129.37839590862956,36.209053760226865],[129.37857686855196,36.209112285457536],[129.37861860266497,36.20930016743711],[129.37903208299687,36.209247594606715],[129.37908007468818,36.20929183948515],[129.37910327526356,36.20923710443021],[129.3797261379542,36.20914794929235],[129.3797804954909,36.20920278735341],[129.37968494316132,36.209261367154454],[129.37985613807137,36.20920029987887],[129.37976895853512,36.209285817678634],[129.37950140534517,36.209304881936006],[129.37994323015363,36.20991980914726],[129.38029157687765,36.209955683628856],[129.38050371036132,36.209824164628834],[129.38043247743656,36.20980540897647],[129.38059591871374,36.209653382651275],[129.38071077651168,36.20966838581688],[129.38081612988287,36.209835948601594],[129.38066645752002,36.20978497200061],[129.38026004955697,36.21010140156506],[129.3808767887706,36.210411101743496],[129.38117237721883,36.21015948647406],[129.38125125039952,36.210217420512315],[129.38099480038343,36.210431834004986],[129.38121780621955,36.210482074419275],[129.3810614879827,36.21052199963468],[129.38106066267574,36.21058026202538],[129.3813896436025,36.210621371187564],[129.38145824882562,36.21056426306271],[129.38133868724952,36.210403698456474],[129.3814029506399,36.21033770488933],[129.38192389626033,36.210597107096994],[129.38203338500284,36.210484627048125],[129.38082990869592,36.20933445791258],[129.38087239370034,36.20923681128213],[129.3810313821821,36.20922638191791],[129.38212564789183,36.21039052641599],[129.38256505473026,36.21072246444109],[129.38239602386705,36.21088216496122],[129.3828626217542,36.21143343967296],[129.38306811027724,36.21136450676882],[129.38298725176784,36.211464298626744],[129.38288415909835,36.21144895748621],[129.382941036076,36.211514263974834],[129.38346777928055,36.211874419993244],[129.38426071699524,36.21220008566347],[129.38412129153747,36.21292031090837],[129.38419774191485,36.213348560221846],[129.38430584795864,36.2135233218776],[129.38452275529062,36.21358384519438],[129.3845263594882,36.21373882345892],[129.38482860309128,36.21391415986172],[129.38499351093643,36.21413295326198],[129.38517982644595,36.214158550750376],[129.3851587408251,36.21408676633332],[129.38526746150052,36.21404657622436],[129.38543834122683,36.21411660385086],[129.38541072769615,36.21421087438697],[129.3855324094169,36.21417484170809],[129.385666230067,36.21428431392343],[129.3856390465322,36.2144213290628],[129.3854982870427,36.21444752704606],[129.38573676647718,36.21473922891473],[129.3856600365521,36.21483672014506],[129.38581708599008,36.214931727014125],[129.38585312428853,36.215123397014075],[129.38566017308165,36.21502383607635],[129.38547217060378,36.21504998184502],[129.38550361747696,36.21517348463012],[129.38538375014053,36.21537166467646],[129.38553017724777,36.21611016712289],[129.3857063487891,36.216141863010975],[129.38558471438853,36.21619231595924],[129.3856397747317,36.21633485751202],[129.38582147306795,36.216499021606815],[129.3859424092705,36.216514643085546],[129.38592235921618,36.21671642138679],[129.38607279505126,36.216800352775515],[129.3861155489503,36.217103834374875],[129.386342020948,36.217175749598084],[129.38622143142024,36.21728708888865],[129.38624804238728,36.21737023297938],[129.3864337275556,36.217427980007294],[129.38624538021912,36.217484740872976],[129.3863997250671,36.21759717414987],[129.38622978586272,36.21780278617819],[129.38625945715606,36.217893845084305],[129.38618420091768,36.21791053419135],[129.38620812713293,36.21816861903722],[129.38612115200064,36.21818617525444],[129.3860037965892,36.218526561914466],[129.38596180735755,36.21867516917902],[129.38604142681004,36.21868333637639],[129.38593397229354,36.21873323262534],[129.38604569489726,36.219058857125],[129.38599807834595,36.21912576884195],[129.3859701441268,36.21902788585183],[129.3858818055943,36.219128482612824],[129.38591366079916,36.219322118570055],[129.38620618922243,36.21941125965368],[129.38609036293596,36.2194602397106],[129.3861664081572,36.21958224037039],[129.3859315239704,36.21942810359184],[129.38585494987663,36.21968561306184],[129.38586276393838,36.221185207804744],[129.38591480827333,36.221293926946664],[129.38620029635965,36.22130607029477],[129.38629659677306,36.22144842712057],[129.38706995108936,36.221335486099946],[129.38725287702337,36.221390439368626],[129.38718373608967,36.22153536310997],[129.38713652237846,36.22148622831157],[129.38603057532478,36.221536948797905],[129.38608715046212,36.22182652880474],[129.38597560369683,36.22184377739522],[129.38605912840947,36.222124678272536],[129.3864317064781,36.222212110255505],[129.38682322279516,36.22220436871572],[129.38680913392477,36.221838769931416],[129.38688192413193,36.2218351419916],[129.3868891662421,36.22220348268955],[129.38710849316627,36.22220175355705],[129.3872823602433,36.22212376156768],[129.38783841925755,36.221216849078395],[129.38801825279756,36.221166709267244],[129.3881117563414,36.22126978463147],[129.3874923924897,36.222069787405836],[129.3873861470455,36.22237257509385],[129.38670542034222,36.222467287480036],[129.3866054848762,36.222508335599244],[129.38644515662702,36.22259837952698],[129.3863882349263,36.22261509696732],[129.38679387290753,36.22267463414479],[129.38677625579732,36.2227305372613],[129.38651377365667,36.222693773739145],[129.38664921899743,36.22274432511282],[129.386404808288,36.22274679513804],[129.3863939453683,36.222817912089084],[129.38656064143774,36.22294360642374],[129.38646066573048,36.22298532300933],[129.3866337261699,36.22298243499321],[129.3867010474191,36.223077029236585],[129.38690169855886,36.22312065389574],[129.38676912348924,36.2231545063376],[129.38667692892042,36.22309228204058],[129.38672894321348,36.22324322067396],[129.38684618301107,36.22325790872785],[129.38674408412783,36.22330609602572],[129.38681175811996,36.22330890105859],[129.38672645489717,36.22336020461187],[129.38680348585177,36.22338563894216],[129.3866819556667,36.223415574414055],[129.3867484719124,36.22351470640378],[129.386590829976,36.22358267495429],[129.3867337776039,36.22369796897931],[129.38656753655252,36.223662937179014],[129.38652071739844,36.223761419286795],[129.38668043900782,36.22377749722618],[129.38671442739593,36.223843445682924],[129.38665190055784,36.223917281296494],[129.38635343997203,36.223745213299225],[129.38644302274244,36.22388426309957],[129.3864132112316,36.22393049882605],[129.38633869789922,36.22386085175544],[129.38630063910458,36.22393787904056],[129.38638960056372,36.223928604118015],[129.38647263157162,36.22405688978732],[129.38638632099824,36.223983351714175],[129.38616945726844,36.224029667855774],[129.3862604209886,36.22408605456008],[129.3861828069552,36.224131690096826],[129.3862111413905,36.22431464098502],[129.38609603134785,36.224284699309],[129.38610799832293,36.22434726421645],[129.3860433815935,36.224297250519655],[129.3859788507559,36.22435008113503],[129.3859631445924,36.22428899308839],[129.38583110808412,36.22429399444535],[129.38586573505165,36.224406149373586],[129.38578982442536,36.2243409968011],[129.3857182193953,36.22446510348115],[129.3856160174682,36.224404474801574],[129.38566541550125,36.22455945739561],[129.385478131927,36.22450931643076],[129.38534143125793,36.22435425941809],[129.38540804159018,36.22454371756848],[129.38526063524276,36.22447309320879],[129.3853837703046,36.224630853828856],[129.3851018085982,36.2244955049067],[129.3851398296241,36.224587297751874],[129.38504884555465,36.22452588424228],[129.3849792853076,36.224619826767565],[129.3847809375184,36.224389723553166],[129.38496647820594,36.22446257622198],[129.38506206461818,36.22435848830899],[129.38456856181546,36.22410161246592],[129.38448009021565,36.224168917553044],[129.3847339524067,36.22442656452894],[129.38477384377794,36.224640107910965],[129.3846485244599,36.22465681153057],[129.38450635135425,36.224471009667305],[129.3845155136291,36.2245646383329],[129.38441282073654,36.22452885927027],[129.38449228522802,36.224619429748074],[129.3844080621552,36.224619111514286],[129.38422253927595,36.22444763237845],[129.38384324196258,36.2246577420994],[129.38345734969133,36.22507175479224],[129.3820740396009,36.22713036210109],[129.38137437069074,36.22882020060792],[129.38103624809895,36.23017071643139],[129.38112656886472,36.23084367290886],[129.38133572252212,36.23131894016699],[129.381554139583,36.231419021707616],[129.3814903857292,36.23154289242445],[129.3816046894854,36.23145887115907],[129.3816862956984,36.23157702441332],[129.38252369132684,36.231581640542394],[129.38242856395263,36.23166810296789],[129.38124773386485,36.231712925901924],[129.38131783509948,36.23177280020402],[129.38122786624413,36.23209299143324],[129.38134128128303,36.23240757691743],[129.38244850225004,36.233153839013745],[129.38269756036135,36.232957231424145],[129.38251432591255,36.2331600512695],[129.38291397780614,36.23328917131029],[129.3832076927438,36.233473712778945],[129.38350930763545,36.234034943283234],[129.38362846955312,36.23395176212619],[129.38345552001235,36.23358506760677],[129.3834449874317,36.23327920797199],[129.38301086300365,36.23278841111545],[129.38327967056847,36.23146791275024],[129.38316045295957,36.231450206643615],[129.38315737230647,36.23132274778431],[129.38328388467127,36.23116571309503],[129.383414981706,36.23116836594893],[129.38348392401153,36.231247874636],[129.38332938061643,36.23254381908073],[129.38379657657794,36.23364963243554],[129.38381265929917,36.2337196675631],[129.38366758776465,36.233763484890595],[129.3836930044465,36.233814741767866],[129.3838676023091,36.233757195991835],[129.38397281447982,36.23382025469427],[129.38418016399962,36.23435171806194],[129.38413830434195,36.23441215184675],[129.38396608662677,36.23434082367121],[129.3845791501894,36.234900125114194],[129.3844827302831,36.23513943290739],[129.38456646989422,36.235208173826344],[129.38466539206732,36.235145670715504],[129.38458945905234,36.2352130992661],[129.38471931498802,36.235206366633136],[129.38478073458236,36.235384790319266],[129.3848952642859,36.23544911653778],[129.3847924643628,36.23561000412072],[129.38468134730397,36.235617241112145],[129.38474977806746,36.23568096699483],[129.3845229511985,36.23554924214683],[129.38448317079101,36.23541010159446],[129.3843103657548,36.2354277434446],[129.38421530015526,36.235646025914285],[129.38439001690625,36.235683571793324],[129.38416106550855,36.235732499005756],[129.38409775031857,36.235981180658825],[129.3847237294254,36.2365875962214],[129.38480581476867,36.23704505391941],[129.38494486921627,36.23697234873953],[129.3850498972527,36.237006624554404],[129.3851121108678,36.237153566338755],[129.3850216103314,36.23717439559871],[129.38500900556485,36.23730009132412],[129.38518565571277,36.237554033232065],[129.3850508050622,36.237759140101154],[129.3851787282804,36.23779147655624],[129.3851704324736,36.237886842218764],[129.38527267365822,36.237840151096876],[129.38530482528864,36.23792284084858],[129.38536475993033,36.23785645006995],[129.3854143032074,36.237976472466165],[129.38536225713423,36.23806480002992],[129.38528680440356,36.23792712447439],[129.3852836746772,36.23806097194009],[129.38512432554978,36.23797483449054],[129.38514227844288,36.23809567942874],[129.38560578912006,36.238678501568714],[129.38646533922022,36.23921020699262],[129.38651754132465,36.239307041431495],[129.38634430981293,36.23941093364388],[129.38606508963062,36.23919973892734],[129.38597166444478,36.2392854210219],[129.38586718299766,36.23921638269254],[129.38594922516464,36.2391232497414],[129.38522095400575,36.238503598444034],[129.38485965270644,36.23805005149122],[129.38461576876728,36.23846080852964],[129.38484738176223,36.23845136705933],[129.38485224488792,36.23853215323058],[129.38473156504193,36.238538955111444],[129.3847757717236,36.23896871431528],[129.38525262201352,36.239050844768094],[129.3853160240741,36.23880719113259],[129.3853913774504,36.23881798391036],[129.38532412208568,36.239063807624554],[129.38544630316272,36.239086302537004],[129.38533448407424,36.2391664257673],[129.38528615565681,36.23938366213754],[129.3856034162772,36.23941315034447],[129.38638550152822,36.23985587429332],[129.38700245236498,36.23974918426218],[129.3871041192347,36.239645882180035],[129.3872211777896,36.23972100196128],[129.38723321799725,36.239840365041715],[129.38704139337526,36.239935917050694],[129.38637093389434,36.24001306295561],[129.38553095592778,36.23956560343049],[129.38508744571195,36.23950707759236],[129.3851751394463,36.23964154235527],[129.38511105358302,36.23979607885771],[129.38499411549307,36.23977774121665],[129.38505054184475,36.23984545908543],[129.38497389622916,36.23998531299889],[129.38506321580317,36.24009238719909],[129.38490693332955,36.240136515351715],[129.38501241938383,36.24021854601892],[129.38499902671956,36.240360836449874],[129.38491096733543,36.24038227440385],[129.3849862698361,36.24044745659189],[129.38490413523152,36.240436117836346],[129.38495828864447,36.24057217229564],[129.38489169664493,36.240594930484896],[129.38477923258824,36.24044387785099],[129.38478459921305,36.24055299098791],[129.3845654190169,36.24061431817745],[129.38472787783766,36.240627485902245],[129.3845795178823,36.24079352979085],[129.38476731000978,36.240866659373694],[129.38473001991358,36.240978204294414],[129.38460627116876,36.24096482321501],[129.3846875499294,36.24094666439322],[129.38453858568863,36.240849982881656],[129.38451609413173,36.240968356197705],[129.38442366967007,36.2409558686088],[129.38450798969342,36.24113447765029],[129.38438077480984,36.24113765397155],[129.3844022021242,36.241294903555364],[129.38430018766263,36.24129159640379],[129.38430160041946,36.24137856922299],[129.38425091147894,36.24130443273053],[129.38427016285854,36.24142561244533],[129.38418204665575,36.24131997089248],[129.38418804692174,36.24139492865908],[129.38405721231788,36.24146399254354],[129.38385447576383,36.24129298689234],[129.38388615630447,36.24178117739255],[129.3837653540846,36.241751708453705],[129.3835729779253,36.24151114228816],[129.38380564377704,36.241939546049124],[129.38360121858523,36.24191945721859],[129.38359179307997,36.24162920921225],[129.38346513628497,36.24157880047178],[129.3837518052552,36.2413683709873],[129.38373030150822,36.241140800768875],[129.38322988302437,36.24118879623748],[129.38335648416887,36.24250500669248],[129.38346460295276,36.24284252619974],[129.38334206437898,36.24315154019019],[129.38339191748182,36.243301647508986],[129.38332597640996,36.24330611040521],[129.38326924963414,36.24314964458414],[129.38339724679443,36.24283034254382],[129.38328927930033,36.24227556635452],[129.38290144866764,36.24230676103361],[129.38285458364567,36.24224745684288],[129.38286126645932,36.24219609384755],[129.3832713482003,36.24212356721181],[129.38315867259172,36.241228920652794],[129.38279920991135,36.24120055286565],[129.38219956493063,36.2413197229302],[129.38238730121503,36.24183486365675],[129.38224365285788,36.24189264690458],[129.38224006422456,36.242426849322094],[129.38233525222037,36.242437582403305],[129.38245787370496,36.242561658683606],[129.38228225879618,36.24244770099485],[129.38241089950887,36.242748400433804],[129.38279496023358,36.24316353222688],[129.38264062790304,36.24317153253482],[129.38230973230063,36.24283658311614],[129.3821748797601,36.24284463137349],[129.38210132343372,36.24275375771079],[129.38214248040435,36.24285002511067],[129.3820641175712,36.2428194980545],[129.38204143485248,36.242872445983934],[129.3817911290174,36.24269300367504],[129.38180516807958,36.24281097928225],[129.38172334938542,36.242840746719516],[129.38185344793018,36.242997423553895],[129.38177213443686,36.24302510983324],[129.38161028632814,36.24293225199829],[129.38178509082383,36.24292729767006],[129.38161370178008,36.242896390643224],[129.38156547570387,36.24275091631498],[129.38130636309077,36.242784832010855],[129.38082073655107,36.24309936895147],[129.38018955143053,36.243708225053986],[129.37983630919385,36.24413530366316],[129.37986516162923,36.244227086946786],[129.37975088834574,36.24422573632193],[129.37977982901552,36.24453429028461],[129.37963732382576,36.244521292694266],[129.37963047185337,36.244660135542],[129.3793601268963,36.24457021211856],[129.37923532508725,36.244664127955176],[129.37817021573593,36.24611461278673],[129.37762739769707,36.24699774884866],[129.3772983261934,36.247276782419725],[129.3766641216764,36.24815561939156],[129.37584072519797,36.24960987499414],[129.37522849659672,36.25057691973624],[129.37500412420624,36.250792723660254],[129.3743008594793,36.252117453632536],[129.37424452775517,36.25237707910174],[129.37357186175984,36.25344557088181],[129.37327757899914,36.25411045422904],[129.37273198011204,36.25486550727515],[129.3728004506593,36.255100294255875],[129.372979096009,36.255146796149155],[129.37308337374603,36.25540806077343],[129.37318314556254,36.25549813251611],[129.3731483334382,36.255432469288856],[129.37320614169542,36.255445336370464],[129.37397603327946,36.25637664280488],[129.37405901115872,36.25649488189668],[129.37401644301602,36.25656106618579],[129.37420009235348,36.25669273316023],[129.3741504090846,36.25692027494648],[129.3743089892226,36.25702244300802],[129.37416064903815,36.257048391329185],[129.37416767161548,36.25714754446991],[129.37408070023008,36.25713591556595],[129.3741694193416,36.25729269898149],[129.37407767938834,36.257351251936406],[129.3743704916625,36.25734400054604],[129.37443274225515,36.25750421836816],[129.3743073953271,36.25746774711189],[129.3742956349497,36.2575519788614],[129.37466156588093,36.25786823128855],[129.3746092469302,36.2579480726608],[129.3747056203201,36.25811204335809],[129.3746656265551,36.25825879782784],[129.37436152064814,36.25845816228618],[129.3744113995103,36.25888204329707],[129.37470490517612,36.25895287462252],[129.3746257571825,36.25904494418633],[129.3745071299149,36.25899155475105],[129.37448556108328,36.25907398871252],[129.3746434375441,36.25913202976686],[129.37449998262753,36.25921836307856],[129.37471655931978,36.25922302809834],[129.37453392920762,36.25929905327549],[129.37482194279914,36.25928449607491],[129.3749042291476,36.25945779526201],[129.37500301890194,36.259468302541826],[129.37498955166487,36.259571248203095],[129.3748260934274,36.259479545489164],[129.3748449039808,36.25972354230608],[129.37556491925426,36.2597497041515],[129.3754908253621,36.25986852002454],[129.3747903209175,36.25981612551109],[129.37477174879248,36.26003536984515],[129.37457215720957,36.26016636754514],[129.37494468494052,36.2612741821806],[129.37506869945565,36.26124250632182],[129.37510089623532,36.26131297924294],[129.374835542426,36.26138452593462],[129.3748717424842,36.26159056390957],[129.3751104008231,36.261949154417096],[129.37536201483653,36.261860770650806],[129.37541907350635,36.261063690286],[129.37604074555995,36.2605145801226],[129.37623800461012,36.259630807798054],[129.37633875740246,36.25943779644269],[129.37645213722175,36.2594484188129],[129.3761812629601,36.26057593098438],[129.37553044062676,36.26113708130902],[129.37548192331985,36.26200298819144],[129.3755833699053,36.262386454320385],[129.37527400226017,36.26291706135774],[129.37509919470972,36.26402414538514],[129.37510380332694,36.264146353661815],[129.3752103762745,36.264182280027306],[129.37508183432962,36.264233813896745],[129.37521684670273,36.2645882485664],[129.37514939948647,36.26469150261826],[129.37520887442068,36.26474080804702],[129.37536171333713,36.26468842511468],[129.37526818880536,36.26480401567785],[129.37531807297862,36.26491506018669],[129.37547937603495,36.26485820677004],[129.37537266148092,36.26493349952991],[129.37540033865199,36.26537707293732],[129.37550875611032,36.26567427566247],[129.3757628855307,36.265936711042976],[129.37583185275446,36.266298288006716],[129.37607991898082,36.26679905445969],[129.3760054694063,36.268184767825],[129.37495230044945,36.26811725622085],[129.3731666866134,36.26768209036504],[129.37245740829707,36.26765993125697],[129.37126556254177,36.267795948704546],[129.37061163846323,36.26802278813866],[129.36995109643368,36.268365473812935],[129.36959688034946,36.26843639602825],[129.36786958816674,36.26842956174791],[129.36787023481784,36.268568934699196],[129.3664270994094,36.26857334791728],[129.36478585779517,36.26927672169023],[129.36397734002728,36.26978823604504],[129.3613597212742,36.27089669694926],[129.36048002781166,36.27133590515076],[129.35904706913107,36.27219568430893],[129.3588039962036,36.27168426653287],[129.3574663800043,36.27208444448045],[129.35555516439115,36.27233212651869],[129.3543326678855,36.272619265131205],[129.35388924278016,36.272436458050095],[129.35362030007664,36.272604553174716],[129.35262891122468,36.27232904704346],[129.3523147385438,36.272081318037316],[129.35184596512022,36.271436234189125],[129.35098548149517,36.27087503035981],[129.3504090879809,36.27086724039086],[129.3494170438294,36.2706177662129],[129.3486270018198,36.27061015338185],[129.34766201644416,36.27078189947768],[129.34732136973443,36.271162004570506],[129.34639281922523,36.27051460183075],[129.34629430639376,36.270163070729154],[129.34548812853959,36.2701894405227],[129.3444541668641,36.270507035483],[129.3439903704919,36.270428010962334],[129.3434148074608,36.27017125294461],[129.34286262927773,36.270031942664424],[129.34254102577353,36.269308417280676],[129.34248200565037,36.26880848748117],[129.34267117788633,36.2683546800697],[129.34166513566944,36.268268741099085],[129.34071819473226,36.26732858981788],[129.33985498550805,36.26670948943199],[129.3392150806699,36.26655609212288],[129.33871381153205,36.26667091863944],[129.33810101627986,36.26699920692611],[129.33761610954645,36.26754080045125],[129.3368974657732,36.267926784594465],[129.33650907520584,36.26789201785803],[129.3361699344015,36.268030154505404],[129.33563276430164,36.268795722018815],[129.33524899812363,36.268986352692046],[129.33462127980133,36.268748229121414],[129.33320919759188,36.267681102560914],[129.3330051948352,36.26733504755489],[129.33260478216494,36.267400284016674],[129.33233103674434,36.26728221703606],[129.33194081632908,36.267552536356135],[129.3311620560453,36.26771583318272],[129.33032376369462,36.26801073424683],[129.32898353227162,36.26749402358134],[129.32862669195674,36.26749652861525],[129.32812001885063,36.26757170067786],[129.32774667610718,36.26903753500275],[129.32646940113563,36.2692975982515],[129.3258450868924,36.269269943244595],[129.3254439890115,36.26936362944457],[129.3245163790353,36.26915840005339],[129.32378046549033,36.2692844627123],[129.3228552799035,36.26932548799502],[129.32117854455132,36.27015140519073],[129.31855026001162,36.27049773179981],[129.31568057354977,36.27183503184651],[129.3146759878428,36.27143304859339],[129.31332640450375,36.27142566569305],[129.31053911097587,36.26924171802424],[129.3097957739903,36.26930700481572],[129.30915652427495,36.26898311503532],[129.30853607933918,36.26851051523806],[129.3081441942776,36.2680830188546],[129.30753513272,36.2679625337338],[129.3054919146126,36.26802807520794],[129.3041153290606,36.267866025099565],[129.30326606486963,36.268760097848926],[129.30291319423753,36.26959790293577],[129.30190895797233,36.270289021122395],[129.30151091746575,36.27091628428264],[129.30024830733112,36.27138888175033],[129.30029703487642,36.272543876804605],[129.30019955132204,36.2736922158939],[129.2985887046023,36.27434117180732],[129.29730858701248,36.27457677048864],[129.29653073140256,36.27505374152132],[129.29576070825905,36.275048278516586],[129.29531843023318,36.27535795084506],[129.29511204760936,36.27574924591901],[129.2947899039676,36.27607872849534],[129.29336282313758,36.276525202491754],[129.29318246531378,36.277250515997096],[129.29206571154444,36.27868732421042],[129.29092366578007,36.279383902410444],[129.29087914805254,36.28038274845884],[129.2901301264418,36.28193438709729],[129.28963126549164,36.282701561134424],[129.2892207444989,36.283202932903066],[129.28724844063814,36.28475955582977],[129.28647300895932,36.28636566366811],[129.28807571888007,36.287572592053635],[129.28813363018364,36.288222603942216],[129.28773014532922,36.289010830120674],[129.286484204282,36.2939258123588],[129.28557330843543,36.29504701653821],[129.2852949302918,36.295947403858854],[129.28499917229516,36.29652559222192],[129.2851751544774,36.29769374766847],[129.28737513046156,36.29826733813326],[129.28960554263375,36.29912734289458],[129.2899082243375,36.29977108859846],[129.28995389490504,36.30043720041454],[129.29032746740793,36.300942425291204],[129.29067624652725,36.30122303589915],[129.2913410458425,36.30122142569744],[129.29188503122649,36.301970523062955],[129.2919609551497,36.30620145159024],[129.29309292921647,36.3063733474982],[129.29501797662337,36.306997336223894],[129.29603692708884,36.30744266350003],[129.29691844676464,36.30810060064309],[129.2978054354065,36.309063554874],[129.29828041117787,36.3099806709608],[129.29794271348692,36.31144564914191],[129.2980919602026,36.312367096658534],[129.2977888869131,36.313544956809515],[129.2978476702497,36.314382486968974],[129.29765663180018,36.31473593938248],[129.29768876341132,36.31521188628798],[129.2980739665563,36.315898566556044],[129.29786217238748,36.31665378665082],[129.29781680172277,36.318634785843344],[129.29882055492018,36.319062853793554],[129.29884254975826,36.319226559947595],[129.2986730180029,36.32153768476871],[129.29773261433047,36.3238658279694],[129.29516111848758,36.32611243383684],[129.2926844330181,36.32673400415012],[129.29050176635565,36.328027468694465],[129.28975399688372,36.32929912120983],[129.28747134565648,36.33165571721736]]]]}}
