{"type":"Feature","bbox":[128.1246146481917,34.49746186240419,128.73512719469915,34.976389615915615],"properties":{"regionCode":"48220","version":"vworld-20260909-3f8952dfda77-p3","name":"경상남도 통영시","attribution":"국토교통부/K-Geo플랫폼 · VWorld 법정구역정보, CC BY 2.0 KR; 두꺼비집 가공"},"geometry":{"type":"MultiPolygon","coordinates":[[[[128.47654963639937,34.49775861280955],[128.47645784555223,34.497985924613154],[128.47619257633545,34.49821790050866],[128.4758511385864,34.49785035992046],[128.4757651105953,34.497574058909414],[128.47594100029562,34.49746186240419],[128.47610209332672,34.497609127909485],[128.47654963639937,34.49775861280955]]],[[[128.43669002468482,34.53707700531697],[128.43599342706545,34.53682769958078],[128.4357726139465,34.536494346611846],[128.43581253899646,34.53640575921478],[128.43624744602866,34.53637055524377],[128.43693181717728,34.536664982341755],[128.43753889389922,34.53673446647728],[128.4374801793237,34.536911102250194],[128.43730074067432,34.5368969268669],[128.43669002468482,34.53707700531697]]],[[[128.4379211390567,34.53753410858241],[128.43761341036765,34.537542770643356],[128.43698858130057,34.53729110522563],[128.43768288555208,34.537289024862694],[128.43792615867304,34.53742124516442],[128.4379211390567,34.53753410858241]]],[[[128.43935008678343,34.537055519625305],[128.43936878594477,34.53742421200157],[128.43912353922613,34.537547667646606],[128.43894201434435,34.53753524123073],[128.4388760170336,34.53744901200476],[128.4392361076446,34.53707926160723],[128.43935008678343,34.537055519625305]]],[[[128.73512719469915,34.53713627392536],[128.73512254623103,34.53721993724924],[128.73502827552718,34.537215117857976],[128.7350114649334,34.5371145511953],[128.73512719469915,34.53713627392536]]],[[[128.73446798115262,34.5378471692122],[128.73433903935384,34.53788008223877],[128.73412658210597,34.5378063503592],[128.7342199852108,34.537798046305646],[128.73446798115262,34.5378471692122]]],[[[128.73086016909372,34.5379754560732],[128.73085839470582,34.537995491636764],[128.73078654939886,34.53796944324854],[128.73086016909372,34.5379754560732]]],[[[128.73099674655265,34.537970132336326],[128.73097730518285,34.537996024252614],[128.73088971496804,34.53795413872789],[128.73099674655265,34.537970132336326]]],[[[128.43392911854914,34.54066504513303],[128.433775987718,34.54066616754423],[128.4336373550632,34.54056168994736],[128.43377392220722,34.5405694289136],[128.43392911854914,34.54066504513303]]],[[[128.4347881738622,34.54000126597315],[128.43572571073216,34.54065264625469],[128.43547176050842,34.54079149320013],[128.43477461145648,34.540570492550685],[128.43436814812216,34.540208157899876],[128.43437797753666,34.53997351086576],[128.4347881738622,34.54000126597315]]],[[[128.73425456770943,34.53841638685824],[128.73422483374364,34.53834186305402],[128.73426425463614,34.53835139361071],[128.73425456770943,34.53841638685824]]],[[[128.7338760120225,34.53858076714411],[128.73372819547367,34.53872018690401],[128.73354550053082,34.5386312340747],[128.7335835101746,34.538561354080095],[128.7338760120225,34.53858076714411]]],[[[128.73040798495435,34.53914236872853],[128.73008354841863,34.53918172152972],[128.73007023289657,34.53907406915904],[128.72985294840404,34.538898590315725],[128.72989451462237,34.53873083706378],[128.73015626116467,34.53882435081354],[128.73040798495435,34.53914236872853]]],[[[128.44422029451974,34.54214238126425],[128.44403683057553,34.54212777991182],[128.44400340843137,34.54206372330555],[128.44418628039227,34.54198953669698],[128.44433173625228,34.54202424632639],[128.44422029451974,34.54214238126425]]],[[[128.73118152595808,34.53962121844183],[128.73122520685914,34.53968018445565],[128.73113106541274,34.53966981509568],[128.73089965003902,34.5393900350951],[128.73099973051737,34.53921939668908],[128.7305939677259,34.539132784610764],[128.73030792420707,34.538655172574074],[128.73054384520216,34.53861808372384],[128.7306294418258,34.538520186867196],[128.73116724877326,34.538566739711214],[128.73100970141243,34.53832434138073],[128.73102654755638,34.53807694751843],[128.73117874879358,34.53781871978915],[128.73137073453768,34.537745551076036],[128.73123005704545,34.53761293626108],[128.73136419803404,34.537523748021606],[128.73103340554167,34.53747820203291],[128.7316729227039,34.53741742681619],[128.73179347917403,34.53750511753945],[128.73197886721783,34.537431095566795],[128.7318640277776,34.53711940438253],[128.73189375886167,34.53698362464604],[128.7316316532571,34.536734814568575],[128.73170767499366,34.53662855433708],[128.73190601164916,34.53666442470951],[128.73200953414852,34.53652666146333],[128.73179794442154,34.53627681089477],[128.73191410311009,34.53612075203665],[128.73188360544466,34.53568633275146],[128.7322548986096,34.53576184917129],[128.73225904982962,34.53538662207029],[128.73210425924336,34.53502264559735],[128.73220369425843,34.53495209569215],[128.73234459865625,34.53502955508268],[128.7330869477627,34.53470959339054],[128.73320910659007,34.53482579488244],[128.7328734282587,34.53509489422401],[128.73301904753208,34.53526585060972],[128.73295186188238,34.53552187323078],[128.73309763247323,34.53556550890184],[128.73316310273427,34.53575166347129],[128.73301165256987,34.53599779646408],[128.73280707902913,34.53600828876571],[128.73278576058715,34.53607693687995],[128.73320455241074,34.536162339907754],[128.73361955199098,34.53643151696789],[128.73373629276693,34.53642391893583],[128.73395552754894,34.53663399071519],[128.7340934281393,34.53661999078182],[128.73430684320743,34.53676214143849],[128.73440563019602,34.536960142756215],[128.73436256207975,34.537068153616744],[128.73476155765835,34.537158203210026],[128.73479064970147,34.53734930819604],[128.73473183212482,34.53739167596006],[128.73459982709255,34.53730245645268],[128.7346281370509,34.537464821094424],[128.7343916002126,34.537616328342374],[128.7338441289328,34.537737398568005],[128.73381128618018,34.53792204646899],[128.73395432888827,34.53809810350067],[128.7339345383861,34.53823407538973],[128.73372629609918,34.53828800157434],[128.73342655870113,34.538507119375566],[128.73327313154908,34.538512065064694],[128.73295589733505,34.538808869990945],[128.73243712073017,34.53893228452828],[128.73235017201188,34.538852933623986],[128.73196713330512,34.53892563215568],[128.73190271931594,34.53886094936178],[128.73153755614825,34.53881649370459],[128.73179717265384,34.539098580514],[128.73128049242436,34.53920076375967],[128.73186126451412,34.53936091303821],[128.73190512760223,34.539490871660306],[128.73178480054358,34.53953530948248],[128.73126971307,34.53935682706602],[128.73125811918786,34.5394455928928],[128.73147695338258,34.53959681303335],[128.73118152595808,34.53962121844183]]],[[[128.44583953201158,34.54832635764659],[128.4457741673823,34.548409470355026],[128.4454160474491,34.54844024105706],[128.44515457841274,34.54842801116969],[128.44507128747327,34.548333228212606],[128.4448163939006,34.548337867457576],[128.444688601619,34.54825344542092],[128.44455325805728,34.5482955716367],[128.44433182353526,34.547910296530276],[128.443949029152,34.547648206456564],[128.4438737765291,34.54744007418763],[128.44361943906205,34.54752975499199],[128.44317867781893,34.547118949086666],[128.44298412126116,34.54717600883133],[128.4428199213154,34.54712728378758],[128.44281073668262,34.546807881043094],[128.4429224012426,34.54669371256342],[128.44228644026325,34.546449051730995],[128.44228874440017,34.546386710085734],[128.4426562709947,34.546285208976336],[128.44226252847398,34.54624913403578],[128.44176632992804,34.5459433629057],[128.44174740345784,34.54572575182038],[128.44158029113788,34.545658971595145],[128.44120956824435,34.54530319231227],[128.44077532123967,34.54514374998244],[128.44031309527276,34.545147709099815],[128.4401839523442,34.544987605433825],[128.44028061169442,34.54481610503172],[128.4401205317836,34.544618795406606],[128.43964181574708,34.54451923059826],[128.43934255234822,34.54433497724149],[128.43931591244132,34.54392958127716],[128.43959253263816,34.54384893511116],[128.43962821386006,34.54377465512395],[128.44017036172184,34.54369152036153],[128.44000159925395,34.543644021399636],[128.439935280086,34.543437616707656],[128.43953366819395,34.54344088885397],[128.43956058065604,34.543344487443875],[128.43976124051244,34.54329288789258],[128.4393422214474,34.543208914730236],[128.43922997453697,34.5429571721356],[128.43933889614118,34.54280761191358],[128.43964216791522,34.542709813689065],[128.43957402448365,34.54243664233489],[128.43929508493275,34.542531595701234],[128.43887269480393,34.54247787589478],[128.43877662625866,34.54227216185057],[128.43844084565333,34.542090145519985],[128.43826076602178,34.54210997596372],[128.437796231601,34.541928125603775],[128.43760367404775,34.54177613321942],[128.43756911172878,34.54188235101445],[128.4374210413495,34.54183084169794],[128.43729904473145,34.5416039256076],[128.43752041820602,34.54138814983533],[128.43788537886203,34.54123525497839],[128.4372384014411,34.54129997379693],[128.43695959927132,34.54104621037986],[128.43707083948217,34.54093564936109],[128.43629382665495,34.54077328109459],[128.4359575140207,34.540797876987504],[128.43575845358097,34.54063880387605],[128.43569564177866,34.540468189863475],[128.43538829979963,34.54030511775046],[128.4352219862837,34.539961675060994],[128.43553133808382,34.53979717178975],[128.43634448541124,34.53968152036337],[128.43695662159396,34.539758300664616],[128.43715208682778,34.539721434207216],[128.43544823621616,34.53944342486646],[128.43506645543124,34.53919787366654],[128.43508476034725,34.53902806650097],[128.43516310839033,34.53903731924311],[128.4357139602114,34.538507877398295],[128.4361499867217,34.538320070416056],[128.43614028397727,34.53826548405231],[128.43560485977574,34.53812127085586],[128.4355860355204,34.53801849343477],[128.4357350481207,34.537916323723934],[128.43640784564448,34.53763604998407],[128.43690953606136,34.537672538847694],[128.43706298872766,34.5373934360732],[128.43710667950924,34.53758738970732],[128.43751857461422,34.537586368891006],[128.4377582910047,34.5377261249533],[128.4378524267793,34.53787982818524],[128.43826054795954,34.5379237284168],[128.43847571161436,34.53787569069949],[128.43879817030708,34.5379587683185],[128.43923153931848,34.538121629150055],[128.43935237534845,34.53824814939809],[128.44008158924527,34.538383518457934],[128.44039469690583,34.53861308222388],[128.44113775806215,34.53856396353498],[128.4413120521981,34.53868484493029],[128.44145553818223,34.53897727260888],[128.4421457033704,34.53925492909586],[128.442240513106,34.53919060302386],[128.44235793014226,34.53941004410016],[128.44270525354293,34.53971302486943],[128.44264434473567,34.53977059235747],[128.44270387941793,34.53989774201448],[128.44199463588518,34.539878305886],[128.44263328603242,34.54008630661719],[128.4426986581254,34.54005033900569],[128.44285642202783,34.54015298573065],[128.44273129196839,34.540215912361816],[128.44225954057407,34.540228279988646],[128.4421700169161,34.540300317791996],[128.44291855593144,34.54039518625915],[128.443134764481,34.54031116792189],[128.44357324004764,34.54036047348999],[128.4437943291266,34.54029926347937],[128.44378211352054,34.54036554498464],[128.44404528483167,34.54040580266672],[128.4446678476677,34.54108358133824],[128.4447212322571,34.541249194654334],[128.44461463173246,34.54141864277961],[128.44419152136228,34.541400419773545],[128.4440393529844,34.54162363959121],[128.4432784019852,34.54179968941764],[128.4433110235046,34.54226217340967],[128.443569791433,34.54222644522129],[128.44466704002397,34.542429170681125],[128.44471464983928,34.542561043898814],[128.44450831496107,34.542704965250216],[128.44458910621853,34.54278365347575],[128.4450094455127,34.54292294799668],[128.4452912277675,34.54310755092009],[128.44574225021938,34.54311692392845],[128.44605712374562,34.543244567399796],[128.44628971402548,34.54354367682097],[128.44605047950958,34.543654470478415],[128.4461514469028,34.54376767066906],[128.44635065182803,34.54372857640104],[128.4465809246065,34.54399103731725],[128.44672516617786,34.544029758207934],[128.44760828743358,34.543979507437555],[128.4477764079671,34.544091172392726],[128.44781606304295,34.544015162105104],[128.4479894228624,34.54403304647118],[128.4481604562272,34.54418855114237],[128.44835552032242,34.54411346736794],[128.44859362916023,34.544465689486024],[128.44844098738108,34.54457034132034],[128.44861570648234,34.54467784267656],[128.44892395246615,34.544723133848855],[128.44914934811763,34.5448757726085],[128.44919951189806,34.544993790088995],[128.44883999294558,34.54485495196901],[128.4486349985466,34.54487310935914],[128.44918723326728,34.54515267501087],[128.44929555511288,34.54557430535642],[128.4495545887636,34.54580923404911],[128.44934378362044,34.545787487752904],[128.44910176054054,34.545656318965406],[128.44905827055254,34.54572424445386],[128.44918430444096,34.54594948743653],[128.44877635717828,34.546002616883214],[128.44913870215547,34.54621753417233],[128.44919232987485,34.54638715446139],[128.4491311255182,34.546668373739756],[128.44924813698273,34.5468429244836],[128.44892420115747,34.54714055922985],[128.448822479419,34.547427371263815],[128.44794814564196,34.547680556915765],[128.44758852026322,34.54794706210353],[128.44731962197253,34.54791897380603],[128.44712707865648,34.54815361939284],[128.44694576300805,34.548232116017864],[128.4466673690669,34.548186603854724],[128.44583953201158,34.54832635764659]]],[[[128.44572962501366,34.54887475740038],[128.4452688162139,34.54878627623347],[128.4451096660589,34.548579521137825],[128.44545689855744,34.54843935210722],[128.4459954568852,34.54850446058841],[128.44595760529336,34.54858472435301],[128.44568714388126,34.54854239756942],[128.44579886582136,34.54878443933255],[128.44572962501366,34.54887475740038]]],[[[128.34335621324982,34.554958684676336],[128.34325488490714,34.55502865444625],[128.34324038576483,34.55481051329425],[128.34335621324982,34.554958684676336]]],[[[128.34276171027543,34.556151469237925],[128.34274754383833,34.55629564451451],[128.34251306675773,34.55629973824828],[128.34266001270268,34.55615107376051],[128.34276171027543,34.556151469237925]]],[[[128.18316626655897,34.55753538512783],[128.1827075013176,34.55731583771214],[128.18246554869273,34.55733480327244],[128.18243492175236,34.55713686903086],[128.18278897852136,34.556915818336705],[128.18279018575154,34.55681490613899],[128.18309376668628,34.55674797538134],[128.18321708177334,34.55677295652271],[128.18331207162805,34.55690263662161],[128.1835589544677,34.55684655670449],[128.1837952588351,34.5569150605785],[128.18397564681564,34.55720252720067],[128.18393265761452,34.55730726979202],[128.18316626655897,34.55753538512783]]],[[[128.34272019904546,34.55649705713241],[128.34259738852114,34.55663711810765],[128.3424329158595,34.55666394020684],[128.3423522740384,34.556605706328234],[128.34247659233597,34.556474723279145],[128.34272019904546,34.55649705713241]]],[[[128.34307249529022,34.556671496226315],[128.34298866904047,34.556662841800254],[128.34299759224692,34.55661903598832],[128.34307249529022,34.556671496226315]]],[[[128.1830836344904,34.557685568444526],[128.1830823843234,34.55771744638726],[128.1829952516695,34.55768044208768],[128.1830836344904,34.557685568444526]]],[[[128.18329827712319,34.55780128756419],[128.1833097620555,34.55783041682579],[128.1832228651938,34.55783387634564],[128.18329827712319,34.55780128756419]]],[[[128.18144767127038,34.55824543210835],[128.18153967954368,34.558309438645175],[128.1814956751424,34.55835844210012],[128.1813206596828,34.558275435534256],[128.18144767127038,34.55824543210835]]],[[[128.34217182715372,34.55780169560696],[128.3421284661521,34.557662731836785],[128.34195152892852,34.55777507522766],[128.34169509515715,34.55772084776632],[128.34139090865435,34.557815209685124],[128.34116258592834,34.55769794537448],[128.34132962539434,34.557596059775925],[128.34142983919236,34.55741364073684],[128.34169892014123,34.55731583340816],[128.34207940714634,34.55700818962142],[128.3431216581334,34.55677545148444],[128.34344496735082,34.55714979760635],[128.34324006165755,34.55743949693977],[128.34334499768437,34.557640517128895],[128.343035437532,34.55774341496951],[128.34217182715372,34.55780169560696]]],[[[128.3463236012131,34.55770875829418],[128.34631268981397,34.55780104217489],[128.34620701997994,34.557810822167845],[128.34621371674638,34.55773632344836],[128.3463236012131,34.55770875829418]]],[[[128.34278979388637,34.55785829274809],[128.34269348879354,34.557810140874935],[128.34289091403332,34.55778124857788],[128.34278979388637,34.55785829274809]]],[[[128.34324001998465,34.55788718417956],[128.34316779200648,34.5578342168265],[128.3432472439203,34.557766803273324],[128.34324001998465,34.55788718417956]]],[[[128.3430763012435,34.557904037340094],[128.3430233337542,34.55786070040503],[128.34307630155178,34.55783903200808],[128.3430763012435,34.557904037340094]]],[[[128.18348065927825,34.55852322452279],[128.18338529939368,34.558630583993995],[128.18360873532833,34.55872557804904],[128.1836744420905,34.55883457517471],[128.18359723590441,34.55898063521538],[128.18346696959026,34.5590181520421],[128.18277938661828,34.558648048366386],[128.18257923890081,34.55834313994352],[128.18263352012767,34.55824393028051],[128.18286048776486,34.558139884355505],[128.18283343917233,34.557990905368825],[128.18304227716874,34.5580199884782],[128.18348065927825,34.55852322452279]]],[[[128.17648805759148,34.55935832895288],[128.17623796132557,34.559447844370126],[128.1761612431487,34.5593452680933],[128.17618305116827,34.55930455877622],[128.17648805759148,34.55935832895288]]],[[[128.3450210951393,34.558325382053695],[128.344810693485,34.55840273877858],[128.3446707373274,34.55830195818475],[128.3449032448979,34.55817584757636],[128.3450210951393,34.558325382053695]]],[[[128.34459337347977,34.55839072845974],[128.34456913470407,34.55842207500061],[128.34451002036354,34.55839240435427],[128.34459337347977,34.55839072845974]]],[[[128.34444345238919,34.558525789992544],[128.34437295545578,34.558528838643255],[128.34440283041906,34.55844967624317],[128.34444345238919,34.558525789992544]]],[[[128.34820887444943,34.55851823215462],[128.34813958974675,34.55856863573643],[128.34811875924908,34.55849513435859],[128.34820887444943,34.55851823215462]]],[[[128.34800111222947,34.55859292119607],[128.3479601822718,34.55865551899415],[128.34788554519648,34.55859773588787],[128.34793610536283,34.55856402990038],[128.34800111222947,34.55859292119607]]],[[[128.34788012860685,34.559486152668384],[128.34785123661095,34.55952708195356],[128.34774770842475,34.559442815027424],[128.34788012860685,34.559486152668384]]],[[[128.3479312900765,34.56061472995412],[128.34793610555096,34.560665289628204],[128.3477988716863,34.560631583982065],[128.3479312900765,34.56061472995412]]],[[[128.18529802016403,34.56179267814484],[128.18543482649764,34.561832956691326],[128.18542490783466,34.561887546085934],[128.18532392485807,34.56191366332666],[128.18529802016403,34.56179267814484]]],[[[128.3473967313433,34.56091134872117],[128.34767462630543,34.56083967891882],[128.34758864111112,34.56090587729165],[128.3473967313433,34.56091134872117]]],[[[128.18508567380775,34.56197109437877],[128.1850987228383,34.56201414816295],[128.18498721756808,34.56197276868092],[128.18508567380775,34.56197109437877]]],[[[128.17988513095773,34.562111194315335],[128.17982139819122,34.56214699034671],[128.17974456891562,34.56211119430759],[128.17975417361166,34.562089368999615],[128.17988513095773,34.562111194315335]]],[[[128.34426085625782,34.56148508803529],[128.3441645514976,34.56144415879422],[128.34428974818445,34.56137433703178],[128.34426085625782,34.56148508803529]]],[[[128.18748979230415,34.56206623717158],[128.1877062735515,34.5622952825493],[128.18758228134394,34.56233752534441],[128.18752858267695,34.56246897358449],[128.18734655966887,34.5624287463904],[128.18727696147226,34.56225868087899],[128.18748979230415,34.56206623717158]]],[[[128.34689239829524,34.561518795319124],[128.3467371058288,34.56150434941084],[128.3467659968488,34.56143212163254],[128.34689239829524,34.561518795319124]]],[[[128.3444943968872,34.561578986785854],[128.34444865173379,34.56156213345351],[128.34445828144084,34.5614971264851],[128.3444943968872,34.561578986785854]]],[[[128.1865935555866,34.56271972641422],[128.1865055992212,34.56272007678472],[128.1865239878294,34.562681489665394],[128.1865935555866,34.56271972641422]]],[[[128.18606414811197,34.562754175107564],[128.18601474142355,34.562759206973496],[128.18600497651738,34.56271685626995],[128.18606414811197,34.562754175107564]]],[[[128.34674793923918,34.561782430915756],[128.3466901567831,34.56182576875331],[128.34663237314084,34.56181854591778],[128.34663959688265,34.56173668599594],[128.34674793923918,34.561782430915756]]],[[[128.18839568249268,34.56457470898402],[128.18830582298256,34.564505853052864],[128.18843857476074,34.5644977377877],[128.18839568249268,34.56457470898402]]],[[[128.34502631814127,34.56375904322901],[128.34505405993698,34.56361630511795],[128.3447898112959,34.563471114323875],[128.34475866222988,34.56332166970822],[128.34490548348523,34.56317766384977],[128.34470445907,34.563132296254416],[128.3446208834361,34.56289301352492],[128.34481850983227,34.562700937974604],[128.34461451382242,34.56252163407802],[128.34474884803123,34.56235872072985],[128.34453274364998,34.56232337939929],[128.34440120624498,34.56218216073184],[128.34455039196052,34.562114754546656],[128.34456283459207,34.56194682939373],[128.3445264313384,34.56184654877011],[128.34431701374282,34.56182858305795],[128.34435598105864,34.56170500135535],[128.34463105554028,34.561680411625495],[128.34449557302167,34.561409134017794],[128.344538914349,34.56123099892972],[128.3444621274364,34.56107623380412],[128.34461699578188,34.56085496630895],[128.34424294478222,34.560808727118825],[128.3437436650381,34.56087167708969],[128.343641820127,34.560760209258476],[128.34341071008453,34.56070138819872],[128.34321326547968,34.560408672728606],[128.3428355125517,34.5602411201292],[128.3429290854896,34.56010179469118],[128.34311879166435,34.56019114093832],[128.34312164616122,34.55991187777431],[128.34357803492108,34.559832528611295],[128.34341583012593,34.55962405444131],[128.3431322118029,34.55959322053052],[128.34315805810195,34.55948431327522],[128.34332888947452,34.55952463565322],[128.3433530684381,34.55943469337061],[128.3430727238141,34.5592272025265],[128.3433063864179,34.55906491949431],[128.34320398571805,34.55891732187995],[128.34292032643808,34.558970567392045],[128.3427461812121,34.55889680515594],[128.34254823616675,34.55872848091553],[128.3425869636806,34.55852889077913],[128.34305329796643,34.55836243478506],[128.34410057367916,34.55827385088896],[128.34422774569836,34.5583608377306],[128.34424753474502,34.558673264939316],[128.34435677213142,34.55871339862199],[128.344538936505,34.55863003561405],[128.34499592965233,34.55863143632617],[128.34517704290454,34.55882183580736],[128.34539065428908,34.5588903561001],[128.3454427164696,34.55861532681923],[128.3456437071742,34.558468416313055],[128.34546219284897,34.55844933398594],[128.34546700382361,34.558277157343014],[128.34534599651317,34.55820910515319],[128.34543546768356,34.558033236540616],[128.3452648741073,34.55801632370128],[128.3453074730662,34.557936444446156],[128.34576514962865,34.5578884681295],[128.34598498142483,34.55804156502124],[128.34621890332178,34.557891243005024],[128.34639213881877,34.557926756935025],[128.34656886082203,34.55786355985914],[128.34677339997617,34.55799178492097],[128.34659127414415,34.558146907867915],[128.34669987284806,34.558261660297774],[128.34706219457888,34.55824731559101],[128.34714861479142,34.55815683879595],[128.347531525594,34.55808291027699],[128.34768998217103,34.55811332081626],[128.34779949691938,34.55801934393294],[128.3480242712007,34.55818475800235],[128.34805330255577,34.558306788224186],[128.34779009024066,34.55845669762065],[128.347797732713,34.55863528962206],[128.34762941920522,34.55880784686315],[128.34764524587965,34.55898048984937],[128.34744786470654,34.55890249322522],[128.34727898930143,34.55901449434023],[128.34745785304946,34.55926440504739],[128.34738388898748,34.55946926228689],[128.34777184590382,34.559551762070065],[128.34780312805748,34.559714697395],[128.34767852551457,34.559801504427966],[128.34737373520863,34.55969021601429],[128.3475138907715,34.5599212199511],[128.34733761037762,34.560057982061764],[128.34719095228098,34.560002021322504],[128.3471267231192,34.560078300822475],[128.34728066310512,34.5603540130975],[128.3476188133767,34.5602185467372],[128.34800105405984,34.560205834669205],[128.34770982069165,34.5605028032408],[128.34766766583118,34.56075130471458],[128.34743229238177,34.56074377231354],[128.34710545138034,34.56094625527485],[128.3471560304604,34.561151828866784],[128.34682550920724,34.561172863646235],[128.3468178576997,34.56101859074408],[128.34657338381308,34.561050851978806],[128.34650129511354,34.56141556212502],[128.34660888651675,34.56169124577702],[128.3464066658287,34.561872377867054],[128.34670960399995,34.56214141791644],[128.34668555407376,34.56243988877231],[128.34687596980953,34.56249088704742],[128.3469547993276,34.56286118735943],[128.34676473658374,34.56306600912996],[128.34639479830912,34.562986958716785],[128.34627182510667,34.5631563554873],[128.34608018401335,34.563129462874656],[128.34597921315128,34.56320242357908],[128.34577307411698,34.56314537825146],[128.34547298689102,34.563267125076585],[128.34530515948356,34.56352282467135],[128.34529147786338,34.56375303852263],[128.34502631814127,34.56375904322901]]],[[[128.1886578051055,34.56524497406052],[128.1885422386113,34.565235342898106],[128.18854223862897,34.565200031691],[128.1886578051055,34.56524497406052]]],[[[128.18889535853987,34.56567834649905],[128.18883918008024,34.5657634169],[128.18860323140717,34.565740945477806],[128.18864014941664,34.56568476792052],[128.18889535853987,34.56567834649905]]],[[[128.34584112906165,34.565554202979435],[128.34594626397413,34.565473084050346],[128.3461562119186,34.565490923271],[128.34613879001452,34.56551933717171],[128.34584112906165,34.565554202979435]]],[[[128.34597028498715,34.56586691136074],[128.34588546166032,34.56568968120461],[128.34639019994688,34.56562561315629],[128.34649004434223,34.565676292146506],[128.34644470529742,34.56582920010343],[128.34597028498715,34.56586691136074]]],[[[128.34571856271188,34.56590402044078],[128.34547558252154,34.56579569808494],[128.34567801014785,34.56579346623529],[128.34571856271188,34.56590402044078]]],[[[128.34532794744808,34.566074860803155],[128.3452296901964,34.56606154026221],[128.34527363307734,34.56600193537194],[128.34532794744808,34.566074860803155]]],[[[128.18419733507795,34.567269910002274],[128.18412422467932,34.56724029662232],[128.18413979774107,34.56721892721128],[128.18419733507795,34.567269910002274]]],[[[128.188353969405,34.56737305653569],[128.1883302566271,34.56738137304708],[128.18832910723685,34.56734349012961],[128.188353969405,34.56737305653569]]],[[[128.5327479303246,34.565557384438634],[128.53275332642687,34.56557177409451],[128.53273909773876,34.56555758541316],[128.5327479303246,34.565557384438634]]],[[[128.5332296970174,34.56563659092584],[128.5332342429911,34.5655476979224],[128.53334173685622,34.56558790805528],[128.5332296970174,34.56563659092584]]],[[[128.53297451831995,34.565644591308185],[128.53294366200413,34.565563532069774],[128.53314408218085,34.56561648412322],[128.53297451831995,34.565644591308185]]],[[[128.53289636371392,34.56569921644761],[128.5327848243075,34.5656996245818],[128.5327193085709,34.56563342008733],[128.5328096438325,34.565630994748865],[128.53289636371392,34.56569921644761]]],[[[128.53322808249808,34.56577670590459],[128.53313925415125,34.565725854781256],[128.5331901754402,34.56571187760366],[128.53322808249808,34.56577670590459]]],[[[128.5331714703949,34.5658507440252],[128.5330583682863,34.56583014029658],[128.53293951504725,34.565736992872885],[128.53304189087032,34.565730203772695],[128.5331714703949,34.5658507440252]]],[[[128.53349218709133,34.56590121278239],[128.53345928633524,34.56582623800678],[128.53377000369179,34.56592540795749],[128.53349218709133,34.56590121278239]]],[[[128.18932023021935,34.56841290156172],[128.18915522345625,34.56840766323252],[128.1891534773132,34.568295913096605],[128.18932023021935,34.56841290156172]]],[[[128.34577236071698,34.56734364062166],[128.34589332515202,34.567396844787446],[128.3458504728725,34.56752994224759],[128.3456437371994,34.56742223032783],[128.34577236071698,34.56734364062166]]],[[[128.5330375515747,34.56632572944576],[128.53275749584895,34.566222269179896],[128.53267971239043,34.566116954708],[128.53282830951895,34.566149499790704],[128.53285786151199,34.56607410822021],[128.53313826977077,34.56611549922332],[128.53332286397426,34.56606143467235],[128.53383870809301,34.566247576213364],[128.53376791801426,34.56632412433728],[128.5330375515747,34.56632572944576]]],[[[128.18489073786623,34.56883742903561],[128.1848386102483,34.56883760156185],[128.1848662881969,34.56880768646904],[128.18489073786623,34.56883742903561]]],[[[128.3487155174118,34.567685767785775],[128.34883923142453,34.56772997274478],[128.3488338170943,34.56781550115938],[128.3485475167926,34.56780087475469],[128.34856112217176,34.56775661585319],[128.3487155174118,34.567685767785775]]],[[[128.34730954720104,34.56786309277847],[128.34728161245073,34.56792346739652],[128.34716603266907,34.567902290690434],[128.34650064721575,34.56756810799069],[128.34611357801845,34.56749427525831],[128.34594599464157,34.56735908957296],[128.3461900985032,34.56724390860434],[128.34621630863126,34.56708942361559],[128.3463871506187,34.566994843420304],[128.3464064887824,34.5667391765934],[128.34630202807074,34.56660741416192],[128.3458865767248,34.56663549474342],[128.34595474402474,34.56652262263564],[128.34554954820368,34.56639126512022],[128.34586311171506,34.566320034919286],[128.34603054332248,34.56599970188514],[128.34656459396362,34.565941865900776],[128.3466279432278,34.56599318472529],[128.34632981996015,34.566009570392474],[128.34631533911875,34.56614880989005],[128.3471671760115,34.56622086655493],[128.3472693708031,34.56630260909383],[128.34725856282395,34.56639927302827],[128.3469413314351,34.56649839884827],[128.34695316039497,34.566594749685876],[128.34708226460467,34.56666345990677],[128.34716512640685,34.56655857406818],[128.34752579586333,34.5665847784007],[128.34760770980952,34.566528567538064],[128.34804930253546,34.5665910674582],[128.34834021243373,34.56672241738224],[128.34866736322456,34.56673758722766],[128.34856259998622,34.56688490955193],[128.34824966535078,34.566949874988886],[128.3480606006161,34.56686918232506],[128.34783684069205,34.56702601116751],[128.34791634175374,34.56718011301571],[128.3480516257642,34.567203550844006],[128.34822530943532,34.56738169587436],[128.3476974902838,34.567853906530694],[128.34730954720104,34.56786309277847]]],[[[128.34831997976121,34.56878457786435],[128.347418649836,34.56834409401856],[128.34749902437815,34.56817541940173],[128.3474423095934,34.568102178897306],[128.34797732751443,34.5678656571817],[128.34814863270196,34.56788974371889],[128.3491756050054,34.56849999155832],[128.34909134951397,34.56859028601504],[128.34831997976121,34.56878457786435]]],[[[128.3534003299188,34.5691460511053],[128.35274281680634,34.56909847425101],[128.35247137966053,34.568913451758924],[128.35201527077507,34.56887855623146],[128.35199137692774,34.568821471286384],[128.352414909797,34.56861558221722],[128.3526757472188,34.56860569047293],[128.3533377981853,34.568733427901094],[128.35341408367316,34.568792623459835],[128.35333649904913,34.56886545102897],[128.35369399571107,34.56886945036477],[128.35363424651743,34.5689742249102],[128.3534711209902,34.56902841684893],[128.35388443991314,34.569097971897826],[128.3534003299188,34.5691460511053]]],[[[128.34853049082417,34.569062905871526],[128.34878712707584,34.56923617909503],[128.34860018158153,34.56936721421552],[128.34806340566445,34.569117847845376],[128.34814749160765,34.56899126343112],[128.34853049082417,34.569062905871526]]],[[[128.3487811436612,34.56951491891619],[128.34877671753156,34.56962411286368],[128.34869451534476,34.56964037167004],[128.3486391080973,34.56952843121152],[128.3487811436612,34.56951491891619]]],[[[128.34875882914406,34.5710515094087],[128.3484368919455,34.570974301452246],[128.34817913975027,34.57080238798935],[128.34818744526086,34.57061448567442],[128.3483797444052,34.57053708566629],[128.34854403791644,34.57032189714566],[128.34877092787656,34.5703882447599],[128.34884720760056,34.57031842753702],[128.3490719637205,34.570355545852664],[128.34924713240508,34.570516007810305],[128.34951768836294,34.57056023182974],[128.34953600455285,34.570752757181815],[128.34939133471116,34.570944898225704],[128.34907356652465,34.5709363563443],[128.34875882914406,34.5710515094087]]],[[[128.34877619457467,34.571322917700144],[128.34880435215788,34.571396777237645],[128.3487259684057,34.57142163767761],[128.3487256620533,34.5713625268329],[128.34877619457467,34.571322917700144]]],[[[128.18678127264724,34.57251601700201],[128.18658577218838,34.57268578116543],[128.18621027684523,34.5727792804474],[128.18587800799497,34.57271222908882],[128.18583705267895,34.57257687051951],[128.18557518686592,34.57247421526041],[128.18542272588942,34.57258865664246],[128.18499192637515,34.57249083082029],[128.18478880893846,34.5725856812533],[128.18429934447886,34.57258502292449],[128.18407281047322,34.57271992183929],[128.1835303683373,34.57264274331624],[128.18337215887692,34.57254854229701],[128.1831418317224,34.57259814198834],[128.18313166248618,34.572288815539],[128.18292134770516,34.57223723168829],[128.1827664328481,34.5720755110484],[128.1829315369472,34.571698766833535],[128.18328314948923,34.571459485419304],[128.18297891400837,34.571366213009256],[128.18313293826643,34.57103436452327],[128.18332651275634,34.57087917231642],[128.1836535531111,34.57083322216012],[128.18363536060528,34.57071979745759],[128.1834429048461,34.57063402337278],[128.1833792011539,34.570520877783544],[128.1835405350207,34.57028678460418],[128.1837779343238,34.57019846430765],[128.1839016070612,34.57023191394145],[128.18403555052217,34.570116553772685],[128.18428969492226,34.57013415337895],[128.18440975225462,34.569951748091285],[128.1846656017854,34.569954384862456],[128.1847056683671,34.569822944110705],[128.18507243271588,34.56980077917061],[128.18479484835433,34.56956031841616],[128.18479672448478,34.56922629486344],[128.18486043992806,34.569036025995295],[128.18523317628376,34.569026395262206],[128.1853157996061,34.56890698057431],[128.18511736151066,34.56872884758659],[128.18517130925605,34.56849300124239],[128.18483803749854,34.5683762993346],[128.18477295744975,34.568110835316716],[128.1848474569298,34.56801709884291],[128.18459585705588,34.56797107443873],[128.1844045226662,34.56772200475408],[128.18456835070145,34.56761513446657],[128.18478116777476,34.56763496321671],[128.1848585533882,34.56752964334216],[128.1846820449946,34.567376986424286],[128.18450437619907,34.56734072647004],[128.1843432507723,34.567119424563074],[128.18442533378493,34.56703032879105],[128.18471376676507,34.56702228333911],[128.18484507259444,34.56689577115044],[128.18461557744183,34.566657150188476],[128.18491207455904,34.5664372567231],[128.18490642216966,34.56618169901183],[128.18427605409474,34.56594754516998],[128.1842506850043,34.565792114045266],[128.1844872242374,34.56565328730226],[128.1844622550853,34.5655537556586],[128.18400286801818,34.56538671643098],[128.18415305513273,34.56526564604865],[128.18405179057063,34.56506914542599],[128.1844374901321,34.564945330830994],[128.18427104660628,34.5646452361501],[128.18440498116718,34.56448455543939],[128.1842213611405,34.56433554474822],[128.1843073070008,34.56404947827616],[128.18396707719106,34.563909415057346],[128.18394259137972,34.56378316155209],[128.18353610503593,34.56359160389481],[128.18360041102213,34.56349763302703],[128.18385579346003,34.56348557512822],[128.1838246110873,34.56314511100255],[128.18373061995686,34.56308104253971],[128.18346926989233,34.56313299522511],[128.18327419025488,34.56305796840559],[128.1832578221104,34.563000847108675],[128.18348252840795,34.56306022622504],[128.18357665958166,34.5629117512622],[128.18338000377096,34.562322001177954],[128.18312871837762,34.562053067441326],[128.1824375604901,34.56162907699905],[128.18230260926316,34.56171710528774],[128.1820021403623,34.56174264009679],[128.181986132964,34.56185416956047],[128.18131086196223,34.56169947635832],[128.18061314417548,34.56196314674016],[128.18043152733483,34.561928758630046],[128.18034798010265,34.562050675047566],[128.1794374252352,34.56204166570627],[128.17904420435272,34.561873075062145],[128.17900016054426,34.56176781373241],[128.17926657976446,34.561771451068886],[128.17932529453472,34.56161615325974],[128.17875904940547,34.5614218946048],[128.1786988102595,34.56125760477917],[128.1787401531127,34.56085562269933],[128.17831169198325,34.56085158337108],[128.17809137965025,34.56069136222328],[128.17782512114883,34.56070818294691],[128.17745253042187,34.56042789626459],[128.1775126350081,34.5601437785397],[128.17739745735918,34.56004166358528],[128.17730227658924,34.56006498975094],[128.17722710392982,34.559883681404244],[128.17694824356357,34.559748990557],[128.17673184506774,34.559748723990985],[128.17689076141676,34.55959759896777],[128.1774807081482,34.5597253327515],[128.17759465130246,34.55962162885456],[128.17740668507247,34.55938747874378],[128.1769238390815,34.559111806002136],[128.17664065297933,34.55882523778796],[128.1767420613774,34.55846199498022],[128.17697374377977,34.55853582033715],[128.17713780624933,34.55840522358161],[128.1776437550034,34.558383163154595],[128.17783268103074,34.55857028844567],[128.17797945816318,34.55862486569158],[128.17831873056204,34.5585950185042],[128.17913682383445,34.55897311742259],[128.17932450852544,34.559133011498034],[128.17949514028442,34.55904477976926],[128.17918020427632,34.55872791922063],[128.17889082490734,34.558601816794095],[128.17864563898084,34.558260154656445],[128.17913999387312,34.557956293553126],[128.17992189768427,34.55806642240034],[128.18006816812954,34.55823761994168],[128.18089837963308,34.55846864018048],[128.18126749821843,34.55875430412815],[128.18126337683725,34.55857301298122],[128.1813863930857,34.55851964226938],[128.18226941877123,34.558590928777406],[128.18345840626105,34.559181258318624],[128.18345727785407,34.559295438023156],[128.18334117196446,34.55936205815527],[128.18350786227847,34.55959598177904],[128.18314520000655,34.559703155483724],[128.18322992913315,34.560002105991195],[128.18338316124027,34.560251168512764],[128.1837645823805,34.560255141513935],[128.18406206837471,34.56039775626877],[128.18409845478112,34.56064267773025],[128.18380575907835,34.56069591324529],[128.18373243761084,34.560796298647624],[128.1841307550567,34.56088296975315],[128.18422626305968,34.56100035837379],[128.18421367937103,34.56111189057741],[128.1840812634702,34.56117560527917],[128.18440276081756,34.56145609576159],[128.18442163823323,34.561557200993036],[128.18411510921925,34.561708595778285],[128.1842449280226,34.56192196396293],[128.184491080969,34.562063129361874],[128.18492468793158,34.56204467894594],[128.18499705992946,34.56214323667873],[128.18541768552979,34.56204147010229],[128.18559692113504,34.56210833295489],[128.18554321932274,34.562232190030514],[128.18521808257526,34.56235223867246],[128.18582938594045,34.562728783326804],[128.18594612202153,34.56289061933626],[128.18642332526994,34.56310371000802],[128.1868086406453,34.56311171766764],[128.1868875791775,34.56298421643099],[128.1872722918096,34.563133818099985],[128.1873351583982,34.5630194072025],[128.18703100333306,34.56285634052146],[128.18789801055365,34.562867259156896],[128.18825165290457,34.56320093214894],[128.18836150380608,34.563540169609446],[128.18815485560776,34.56362240339841],[128.1879046072884,34.563898118947186],[128.18829681303632,34.56384797109581],[128.18832111727036,34.56395641354331],[128.18819791692997,34.56406751825231],[128.18823368793488,34.56416777278585],[128.18780520767348,34.564361304916325],[128.18772563417005,34.564482367939284],[128.18744090127242,34.564533983812865],[128.18753508913298,34.564628433026634],[128.18812828820577,34.56466330378716],[128.1882862362838,34.564824744627295],[128.18831440025292,34.565027577712264],[128.18798519435333,34.56519837577132],[128.18812221563556,34.565385402963976],[128.1886682532158,34.56532702266864],[128.1887760055978,34.56541435323487],[128.18874185787678,34.56549249261261],[128.18803830274112,34.56552933195455],[128.18815523279986,34.566020589484275],[128.18809250721802,34.56622080121469],[128.18785124187656,34.56649208417869],[128.18798312663128,34.56677751164991],[128.18799255939564,34.56707530728047],[128.18786452678094,34.56712813936077],[128.1878220728006,34.5673295235411],[128.18784106466165,34.56740995765391],[128.18804719484956,34.56751353920552],[128.1878627640371,34.56767924996346],[128.18821371022094,34.5677844048287],[128.18826600072654,34.56798798554623],[128.18860659068554,34.56830637148177],[128.1888190575152,34.56830825864741],[128.1889687452878,34.568185159816366],[128.18909964017848,34.5682146217352],[128.18906599250303,34.568383074804736],[128.18881903164237,34.56847644707276],[128.18926565783315,34.56865683408919],[128.18924284199286,34.568815365015055],[128.18943853127573,34.568790671033575],[128.18957385339067,34.568861606659055],[128.18963883792634,34.56900980044717],[128.18952542907877,34.56907968014316],[128.18966499428802,34.56913327742733],[128.19011425714075,34.56902189471685],[128.1902091992876,34.56910597778143],[128.19010059823646,34.569164490882024],[128.19015736993845,34.569383972694304],[128.18954408123528,34.56936248626765],[128.1893448955355,34.56969349311776],[128.1894084206702,34.56979731662649],[128.18964823872855,34.56989618627419],[128.18934398135755,34.57025215831943],[128.18952352056866,34.57055227986508],[128.18929878219743,34.57067149536022],[128.18931944278378,34.570900352577766],[128.18915503031175,34.57101437371864],[128.18882713777555,34.571006400468875],[128.18870601700291,34.57116474378661],[128.18833741240954,34.57112758181204],[128.18853121227139,34.571219348239275],[128.18849378403044,34.57131681770844],[128.18875607083663,34.57146511808512],[128.1886779861739,34.571708006994264],[128.18878864382293,34.57173086057019],[128.18878324916025,34.5718303533139],[128.18898546188663,34.571984745531104],[128.18829997906624,34.572099252751194],[128.18895739770224,34.572278353554154],[128.1890496242276,34.57238498927782],[128.18860051662207,34.57245502044848],[128.18826133407327,34.572380011246366],[128.18802136104676,34.57254183754233],[128.18715052061998,34.57262554008766],[128.18678127264724,34.57251601700201]]],[[[128.34978900965237,34.5758014614976],[128.34972985379125,34.575854179708216],[128.3494796631719,34.575787420898536],[128.349265398409,34.575832702902],[128.34901560269296,34.57574705368506],[128.34873151041444,34.5757939197195],[128.34849475122223,34.57564453714429],[128.3483203500481,34.575683870921],[128.34812435416163,34.57586013613702],[128.34794612603451,34.57571183728814],[128.3479430619088,34.57539194153193],[128.3478315018514,34.57512569558603],[128.34792584034312,34.57492539337746],[128.3477733002608,34.57443174636109],[128.34793025598555,34.57437536934488],[128.34789440348683,34.574087199287995],[128.34814456017156,34.573086495380885],[128.3481361325209,34.57278716831644],[128.34782706112958,34.57233883886907],[128.3479910733073,34.57219134189614],[128.34832312631937,34.572288086103455],[128.34864540746366,34.57211230785622],[128.34870626185904,34.572189800555584],[128.3489098572439,34.57214253142961],[128.34899219580834,34.57264712695995],[128.34918529502454,34.572688341911295],[128.34929583604946,34.57258961871968],[128.34938896940923,34.57264371091953],[128.34945940710853,34.5729199682443],[128.34971257781302,34.57306178166603],[128.35007478960856,34.573426562975726],[128.3500975008878,34.573769084403786],[128.3502149616456,34.57373395835097],[128.35030849516326,34.57383723057142],[128.34995161721565,34.57413079555084],[128.34920559681376,34.574454227146724],[128.34936172480593,34.57462697802549],[128.34946343913055,34.575143390242786],[128.34968126634837,34.575362903667354],[128.349647604679,34.57548045848347],[128.34978900965237,34.5758014614976]]],[[[128.35231693160517,34.577971050098306],[128.35223230021847,34.57803460273151],[128.3521783422052,34.57788152692036],[128.35231693160517,34.577971050098306]]],[[[128.55194069633603,34.578496983148874],[128.55192246425582,34.57850295840124],[128.5519118305212,34.578494171402895],[128.55194069633603,34.578496983148874]]],[[[128.55208348109122,34.57870670554997],[128.55189688848006,34.578699585876755],[128.55178930459115,34.57861775298552],[128.55202143007483,34.57860307454648],[128.55208348109122,34.57870670554997]]],[[[128.5515052459974,34.57912307002407],[128.5514815045265,34.579038653250564],[128.5516849956821,34.57904447639544],[128.55173492253087,34.579107390630206],[128.5515052459974,34.57912307002407]]],[[[128.55265134840343,34.57936975107175],[128.55240191004052,34.57927087991166],[128.55242718456765,34.579001656700456],[128.55266054569148,34.578966613838],[128.55280670090517,34.57905702522957],[128.55268380070524,34.579125199163414],[128.5528051298975,34.57921256936169],[128.55265134840343,34.57936975107175]]],[[[128.55021603492085,34.57946103531075],[128.55016939402057,34.579479257089325],[128.55016381354255,34.579462918467236],[128.55021603492085,34.57946103531075]]],[[[128.55029048240792,34.57942978466435],[128.55035084974446,34.579513056850395],[128.55029408700142,34.57958822577465],[128.55023453771534,34.579541383623784],[128.55029048240792,34.57942978466435]]],[[[128.54952010518377,34.57977944131527],[128.54951547009463,34.57970118022263],[128.5496325431638,34.57974401567734],[128.54952010518377,34.57977944131527]]],[[[128.54878070387787,34.57976113744719],[128.54861693444965,34.579839144057765],[128.5482189452901,34.57984780852696],[128.54808739102074,34.57970797824218],[128.54790175576733,34.579692252359074],[128.54759089442064,34.57935129301803],[128.54773768713108,34.57923989283988],[128.54820876408172,34.57922602134691],[128.54815911899382,34.57915330117609],[128.54846952345525,34.57905362346376],[128.54854405392533,34.578942752028915],[128.54885502321076,34.57891998527084],[128.54914090908744,34.57911873150917],[128.54935949303785,34.57946713164964],[128.54966531005942,34.57959756883527],[128.5497428958105,34.5795204617733],[128.5498683233758,34.57961731134138],[128.54976748096627,34.57967028384384],[128.54951756726865,34.579574343354174],[128.54932864190752,34.57982234014377],[128.54878070387787,34.57976113744719]]],[[[128.5488514437239,34.579971368226445],[128.54873176628467,34.57993566562167],[128.54874846284645,34.579871722265054],[128.54892146798713,34.57987087569501],[128.5488514437239,34.579971368226445]]],[[[128.54712705625127,34.57998454809756],[128.5467609489235,34.57967783217223],[128.54690693104456,34.57966354786466],[128.54697336693883,34.57973109001892],[128.54694589909082,34.5796190340195],[128.54711031793363,34.579645218866766],[128.54716251145751,34.579762879880064],[128.54710079069298,34.579803211902764],[128.54718848553068,34.57987350854364],[128.54725354295877,34.57977715172047],[128.5473487702454,34.579788416210626],[128.5472929003516,34.579683465468754],[128.54805453013208,34.57989336586574],[128.5480550370393,34.57997065702208],[128.54760696632965,34.580045995012874],[128.5476468873959,34.58013061633752],[128.54712705625127,34.57998454809756]]],[[[128.54838611521268,34.580157342788546],[128.5483686358233,34.58021202100326],[128.54827115861755,34.58019128479646],[128.5483132425828,34.58015444652722],[128.54838611521268,34.580157342788546]]],[[[128.5484365106633,34.580257018795486],[128.5483958337817,34.58024511432453],[128.54844870756799,34.580229158077515],[128.5484365106633,34.580257018795486]]],[[[128.33255598977155,34.59350615229098],[128.33251857701205,34.593406463430334],[128.3326569777606,34.59330070723984],[128.33315510103512,34.59333320759528],[128.33310907151755,34.59345772179317],[128.33255598977155,34.59350615229098]]],[[[128.32551133346664,34.60612525412374],[128.32548910776603,34.60604582428011],[128.32606016175023,34.60582445608022],[128.3263639762247,34.60590371660381],[128.32639781500174,34.60599705406226],[128.32630712911828,34.6060903926916],[128.32551133346664,34.60612525412374]]],[[[128.25995015808994,34.6066313120547],[128.26001965749637,34.60668557714975],[128.25976520194706,34.60672786536759],[128.25985643366764,34.606705290308916],[128.25995015808994,34.6066313120547]]],[[[128.27371393938935,34.61063054523347],[128.27352411573216,34.6106506032031],[128.27356148026593,34.610415854018854],[128.27421363197683,34.610106098334015],[128.27426175648264,34.610256723503284],[128.27371393938935,34.61063054523347]]],[[[128.27341722253425,34.61063628081888],[128.27340221816218,34.610726401698024],[128.27326239703513,34.61070692688053],[128.2732983500092,34.610674154022995],[128.27341722253425,34.61063628081888]]],[[[128.2449737291544,34.61270448514349],[128.24503726495522,34.612806921065854],[128.2450318059035,34.61282877644262],[128.24492386115097,34.61279897457875],[128.2449737291544,34.61270448514349]]],[[[128.24581213754809,34.61374706997943],[128.24587943941788,34.613862197425284],[128.2458293137168,34.61398100422456],[128.2457552440675,34.613832003300416],[128.24581213754809,34.61374706997943]]],[[[128.24576995712138,34.61446423827882],[128.24575315633075,34.61447850424805],[128.24573582045804,34.6144581868427],[128.24576995712138,34.61446423827882]]],[[[128.23195391695356,34.61561994626044],[128.23151746218008,34.61598045704493],[128.23131398374824,34.615993868124434],[128.23138897594592,34.61589398793382],[128.23125171300546,34.61559948852743],[128.23137241112644,34.615522867080365],[128.23195391695356,34.61561994626044]]],[[[128.59278282321316,34.61359286952859],[128.59277457638433,34.61360826040947],[128.5927309079861,34.61359684597178],[128.59278282321316,34.61359286952859]]],[[[128.59310067110786,34.61352325672653],[128.5931247774357,34.61358680114446],[128.59300758686769,34.613605970855055],[128.59299395459428,34.6135614819781],[128.59310067110786,34.61352325672653]]],[[[128.59212295869463,34.6137939287416],[128.59211947943987,34.61361173387724],[128.59238506151345,34.61352677878478],[128.59249416236688,34.61365203312586],[128.59212295869463,34.6137939287416]]],[[[128.59135393087627,34.61384229416976],[128.59123264171726,34.61384387608605],[128.59116844428445,34.61376337192978],[128.59126919985613,34.613623201831956],[128.59145403837283,34.6137202069629],[128.59135393087627,34.61384229416976]]],[[[128.59277087658234,34.61389403602255],[128.5927687889216,34.61391283983063],[128.5927395122879,34.61388620490598],[128.59277087658234,34.61389403602255]]],[[[128.5922680712394,34.61404690835517],[128.59221946934687,34.613944562876455],[128.59251965892392,34.61386175126075],[128.59257893365174,34.61398865197019],[128.5922680712394,34.61404690835517]]],[[[128.59171201600003,34.614164224259774],[128.5916991831845,34.61411777220092],[128.59177814449743,34.61415074381387],[128.59171201600003,34.614164224259774]]],[[[128.59232060429537,34.61418548129659],[128.59230022944558,34.61421941327024],[128.59224790409297,34.61412941715189],[128.59232060429537,34.61418548129659]]],[[[128.5918525148978,34.614249001170876],[128.5918269576376,34.614276916134],[128.5917821611613,34.61422201588881],[128.5918525148978,34.614249001170876]]],[[[128.5920836574678,34.61420763412011],[128.59209583671978,34.61430284922228],[128.59191607856377,34.6142672885627],[128.5919716202521,34.61419197648609],[128.5920836574678,34.61420763412011]]],[[[128.5916679403146,34.614429529125374],[128.59168929415418,34.61447967511452],[128.59156161250394,34.61449375231489],[128.59156648891022,34.61445766601662],[128.5916679403146,34.614429529125374]]],[[[128.59161225855337,34.614382123229404],[128.5914357336037,34.61450106911728],[128.59129372457105,34.61451508215676],[128.59122483430173,34.61444707760527],[128.59130468742916,34.61428975936145],[128.59161225855337,34.614382123229404]]],[[[128.59261351074323,34.6145518692958],[128.59226583902705,34.61454692129247],[128.5922086027208,34.61449869277604],[128.59248775363002,34.61436644849416],[128.59261351074323,34.6145518692958]]],[[[128.59188699435177,34.61458124629663],[128.59172872970535,34.61452348323836],[128.5919634639556,34.61438994057473],[128.5920532028089,34.614490607651646],[128.59188699435177,34.61458124629663]]],[[[128.59162938104575,34.61456402918351],[128.59165079615306,34.61463059987583],[128.59141641610503,34.614702217896905],[128.59143147280002,34.61458218835233],[128.59162938104575,34.61456402918351]]],[[[128.59192354075753,34.61472274797923],[128.5919312659164,34.61459138056731],[128.59206862192244,34.61453589130088],[128.5923367126243,34.61459182557579],[128.59231708867514,34.61467167568435],[128.59192354075753,34.61472274797923]]],[[[128.23149322907085,34.617568568229686],[128.2313819185479,34.61751671899004],[128.23143459785055,34.617426419553595],[128.2316108201267,34.61739165086801],[128.23166075662172,34.6172153078171],[128.23180287515524,34.61725213599823],[128.23185682548686,34.61735715946412],[128.23173481149226,34.61749662493421],[128.23149322907085,34.617568568229686]]],[[[128.27149749948177,34.61760733630128],[128.27164117669238,34.61779509441508],[128.27155050885918,34.6178832073925],[128.27143323493283,34.61765250215672],[128.27149749948177,34.61760733630128]]],[[[128.2711336163837,34.618692026399216],[128.27066470727544,34.618555535229135],[128.27061244256467,34.61839241659056],[128.2709496847902,34.61801069213337],[128.27146311870325,34.618057261858624],[128.27161059475407,34.618330112383234],[128.2711336163837,34.618692026399216]]],[[[128.30291066647172,34.618526610149004],[128.30293325474875,34.61852299777544],[128.30293270291168,34.61853512749743],[128.30291066647172,34.618526610149004]]],[[[128.30767477088057,34.61867821249575],[128.3076070660353,34.618734938340104],[128.3075119126181,34.618720299520405],[128.30755948989002,34.61865442416961],[128.30767477088057,34.61867821249575]]],[[[128.3077644351987,34.618850220929744],[128.30764000379347,34.61882277347839],[128.30780103325418,34.61880447442702],[128.3077644351987,34.618850220929744]]],[[[128.25027328138754,34.619177245533066],[128.25025620310274,34.61922360251229],[128.250152509725,34.61916382773707],[128.25027328138754,34.619177245533066]]],[[[128.3077626056787,34.61897831305724],[128.30774247696,34.619020399329415],[128.3076802609332,34.618969162484845],[128.3077626056787,34.61897831305724]]],[[[128.30751008257795,34.61900942049401],[128.3075357002477,34.61907712523541],[128.30751557197408,34.61908627526762],[128.30743688713,34.619042358762435],[128.30751008257795,34.61900942049401]]],[[[128.307718688727,34.61913568204573],[128.3076601323295,34.61914300165745],[128.30765281381574,34.619089935035824],[128.307718688727,34.61913568204573]]],[[[128.25526459028276,34.61966105805946],[128.2551722794807,34.619589928719265],[128.25523544703836,34.61936436501951],[128.2556098284283,34.61911804132082],[128.25584709923376,34.61916746381712],[128.2561632513524,34.61941789168306],[128.25604210715937,34.61962635055858],[128.25526459028276,34.61966105805946]]],[[[128.54858892460172,34.617880520453916],[128.54854056634326,34.617979168848045],[128.54832030958295,34.61786356884764],[128.54858892460172,34.617880520453916]]],[[[128.2883041415474,34.62000185383109],[128.28814831564446,34.61992722837791],[128.28820354551695,34.619826485570975],[128.2886295810911,34.619837236891264],[128.28860242780797,34.619890314776136],[128.2883041415474,34.62000185383109]]],[[[128.5490370490336,34.61801387991258],[128.54874794082235,34.61807994897802],[128.54858816953472,34.61792889033619],[128.54877732635498,34.61789330525025],[128.5490370490336,34.61801387991258]]],[[[128.3244584172683,34.61982594620164],[128.32443920389247,34.61989456708402],[128.32432117577994,34.61987809859862],[128.32436783759448,34.61982594697854],[128.3244584172683,34.61982594620164]]],[[[128.5483139567929,34.61823533704533],[128.54833055484224,34.61827167456859],[128.54826847832095,34.618273317202664],[128.5483139567929,34.61823533704533]]],[[[128.256152371565,34.62000826755321],[128.25643348890372,34.62026186783481],[128.25639671024422,34.62041160796487],[128.2561810233294,34.62051435492866],[128.2558376828947,34.620381748102425],[128.2555139742833,34.62005502759861],[128.2555885990057,34.61987662491816],[128.25581621379692,34.62000472649955],[128.256152371565,34.62000826755321]]],[[[128.5507129241129,34.61844441460876],[128.5506386442886,34.618464598874155],[128.5504518573646,34.618401334107986],[128.5505305712405,34.61836185496963],[128.5507129241129,34.61844441460876]]],[[[128.55056278885644,34.61852672337328],[128.55053743890554,34.61853663547526],[128.55050480576,34.61848152853753],[128.55056278885644,34.61852672337328]]],[[[128.2423689087536,34.62082994154282],[128.2423218000653,34.62082074067112],[128.24232850965456,34.62081154142938],[128.2423689087536,34.62082994154282]]],[[[128.5508168493219,34.61857675513577],[128.55069344601705,34.61857040309032],[128.55068395665745,34.61850205578786],[128.5508531616943,34.61850386523806],[128.5508168493219,34.61857675513577]]],[[[128.54835352024628,34.61866464332817],[128.54823466087365,34.61856076639948],[128.54832363978943,34.61855570039454],[128.54835352024628,34.61866464332817]]],[[[128.2559672718723,34.62084635253084],[128.25594043436476,34.62084757211869],[128.25595751367499,34.62081463454559],[128.2559672718723,34.62084635253084]]],[[[128.5503204746523,34.619118791316275],[128.5502702173772,34.61910477807466],[128.5502785416216,34.619081704649425],[128.5503204746523,34.619118791316275]]],[[[128.54965522252817,34.61944862262285],[128.5495991302207,34.61949340540187],[128.54957992327746,34.619429774807216],[128.54965522252817,34.61944862262285]]],[[[128.54973069617742,34.61955009682906],[128.54971872539377,34.61955784846178],[128.54969501757816,34.61953439606471],[128.54973069617742,34.61955009682906]]],[[[128.54945590911177,34.619617949746],[128.54940484448412,34.61962031250195],[128.54940649938573,34.61959459217497],[128.54945590911177,34.619617949746]]],[[[128.55035407567547,34.61964313900348],[128.5500961306554,34.619543878245445],[128.55031839804403,34.619557661272346],[128.55035407567547,34.61964313900348]]],[[[128.5495818177336,34.61972613825238],[128.54947192435463,34.61971675609658],[128.54949023905763,34.61969218643707],[128.5495818177336,34.61972613825238]]],[[[128.29856713086667,34.621769689494606],[128.29816470432965,34.621807238079505],[128.29793950944816,34.621405276148025],[128.298128699376,34.621264947744606],[128.29826878487316,34.62126300937546],[128.29856713086667,34.621769689494606]]],[[[128.54976090751762,34.6198920757847],[128.54950160405392,34.61991963266793],[128.5494424179601,34.61980412498787],[128.54952900289075,34.6197534972053],[128.549700931303,34.619788258060595],[128.54976090751762,34.6198920757847]]],[[[128.54899058624417,34.61996382158921],[128.54896545422355,34.61996752387058],[128.5489671685409,34.61993489836516],[128.54899058624417,34.61996382158921]]],[[[128.54503182157114,34.62020056535447],[128.54465317315237,34.62015891623483],[128.54460801467505,34.620055170136624],[128.54476170362344,34.61994961821869],[128.5451180236045,34.6199529672566],[128.54529591865472,34.620127196086955],[128.54503182157114,34.62020056535447]]],[[[128.5459267385428,34.620461695752205],[128.54581506571463,34.62048363331322],[128.54581463285487,34.62040322284998],[128.5459267385428,34.620461695752205]]],[[[128.54993618731646,34.620528752057766],[128.54983987324655,34.62052422288261],[128.54982016844508,34.620504417893436],[128.54989184689876,34.6204830481646],[128.54993618731646,34.620528752057766]]],[[[128.5461746728776,34.62055525296467],[128.5461737805664,34.62058071602735],[128.5460688006088,34.62056865376709],[128.5461746728776,34.62055525296467]]],[[[128.5500646758684,34.62073083650941],[128.55006076069807,34.620755318360835],[128.54995871786332,34.62070985512947],[128.5500646758684,34.62073083650941]]],[[[128.54942998207477,34.62085325528526],[128.54935385356904,34.62083864457273],[128.5495875341829,34.62082488876387],[128.54942998207477,34.62085325528526]]],[[[128.54951542242964,34.620943822886545],[128.5494385258614,34.62092331690657],[128.54950995452242,34.62090520304935],[128.54951542242964,34.620943822886545]]],[[[128.5457636978481,34.62096627199682],[128.54561422916163,34.62095029213937],[128.54552799446898,34.620875460447564],[128.5456973135198,34.62084562832483],[128.5457636978481,34.62096627199682]]],[[[128.54532849225447,34.62115628079993],[128.5450975375382,34.62111936390748],[128.54503176959994,34.62102180561766],[128.5453805471176,34.62104421917061],[128.54532849225447,34.62115628079993]]],[[[128.30569821996642,34.62303266878724],[128.30562923243824,34.62302704382416],[128.30576558024532,34.623019365523355],[128.30569821996642,34.62303266878724]]],[[[128.54951279843425,34.62121148558422],[128.54948353823661,34.621238735628744],[128.54945807552158,34.62120545573372],[128.54951279843425,34.62121148558422]]],[[[128.5480082184092,34.62190500262525],[128.54773211419132,34.621735754225156],[128.54780222788082,34.62166362181266],[128.54756683355455,34.62162212360563],[128.54756589349088,34.62154176532787],[128.54788402907377,34.62155189155765],[128.54786715972227,34.621496007366176],[128.54730978517748,34.62119404997957],[128.5474011860723,34.62110674888811],[128.54727111015268,34.620972251203355],[128.54705773541278,34.6209290714398],[128.54716892323148,34.62104538277388],[128.54711838068476,34.621160067966414],[128.54687462379184,34.62120993842944],[128.54644304434348,34.62104134863147],[128.54625094150722,34.62086354624772],[128.5460357599614,34.62092040824555],[128.54579587638707,34.62083584880364],[128.54585017913448,34.620750958975464],[128.5460180742244,34.62080926452629],[128.5458903202916,34.6207443395351],[128.54599319551767,34.62066358426454],[128.5462417486556,34.62058607376555],[128.54642915829368,34.6206325851464],[128.54594409818142,34.62031605275231],[128.54631997157043,34.62033369461048],[128.54635752913254,34.62018722182482],[128.54600370161188,34.620206642187874],[128.54558382352113,34.61989899782827],[128.54585267434047,34.61981088453484],[128.54611754310577,34.61997474927394],[128.54609395472875,34.61992510571123],[128.54631777540934,34.61982744032074],[128.54574104868655,34.619473221168825],[128.54562339982024,34.61930985117651],[128.5456396647645,34.61917978262979],[128.54598434045243,34.619329684416364],[128.54637610662974,34.6193350920259],[128.54638537857173,34.619256559603265],[128.54600289714784,34.61905109377523],[128.54607286827917,34.61898869160274],[128.5466843445035,34.61900065059018],[128.5472286086977,34.61920009585059],[128.54722769020728,34.61910718142738],[128.54735347362598,34.61911184109261],[128.54730259949025,34.61888267601671],[128.5477210232558,34.61907608197867],[128.54800041837092,34.61941099103755],[128.54826053348577,34.61946203023035],[128.54800522929742,34.61902015249114],[128.5481726686116,34.61905347613156],[128.5482601989166,34.618953896108685],[128.54878682284442,34.61919545146554],[128.5488002874503,34.619108582251876],[128.5484934781921,34.61876414475817],[128.54841161412952,34.6185242695696],[128.54902355924528,34.618477182679705],[128.54856302436,34.618414287782684],[128.5485362828448,34.61829649071579],[128.5487820057266,34.61828365377389],[128.54891591589467,34.61838433480994],[128.54924671360004,34.61832707209855],[128.54942641086447,34.618477356957555],[128.54947612536927,34.618427413425934],[128.54974943114138,34.61888429151165],[128.54981612182306,34.61881506938838],[128.54968147531704,34.61860926917175],[128.54970174470026,34.61839942691437],[128.5498234437088,34.618329884695406],[128.55013530610293,34.61833142854334],[128.55022539060792,34.61845736099771],[128.5501711315825,34.618550707148785],[128.5503261579295,34.61866516024318],[128.55009626872675,34.618817142369856],[128.55008054922288,34.61894561878044],[128.5498001714153,34.61903793537635],[128.5498309511349,34.61910075395747],[128.5501389302251,34.61904516677019],[128.55017728051834,34.619117623779466],[128.5500156396007,34.61922967495211],[128.54982823373217,34.61924633367273],[128.54984621003555,34.61943448528031],[128.54953784235806,34.619338128079036],[128.54939747282617,34.61956345677617],[128.5491004340412,34.61970624069251],[128.54924290314918,34.61977365261338],[128.5491658635549,34.619801579583644],[128.54920663130375,34.619889089696386],[128.54900188406756,34.619785385107214],[128.5486729263889,34.61994906994105],[128.54870646360484,34.62017441573577],[128.54958518101657,34.62026763693982],[128.54966590536867,34.620496889443146],[128.54988634003217,34.62068289731314],[128.5494056767238,34.62081121487144],[128.54905436336645,34.62074131891627],[128.5491794698812,34.62097574026655],[128.5495316007731,34.621134740289556],[128.54937344362145,34.62118285207771],[128.5492595479699,34.6214266550409],[128.54901677834107,34.62140289730431],[128.54901598478946,34.62163359248422],[128.5487161949435,34.6216293504761],[128.54865096361465,34.62184768575141],[128.5485188865403,34.62168165364118],[128.5483148700825,34.62159714076239],[128.54803503983763,34.621649021562824],[128.54823009676278,34.62175586881185],[128.54823602932018,34.62183364846006],[128.5481048064866,34.62180688598843],[128.5480082184092,34.62190500262525]]],[[[128.26049491014984,34.62409240481637],[128.26048403863436,34.62415793850859],[128.2603309097757,34.62410556504633],[128.26049491014984,34.62409240481637]]],[[[128.31655237420264,34.62378416211741],[128.3160737762475,34.62381904505121],[128.3157103677963,34.62347150083443],[128.31548680195,34.62343425306556],[128.3155864384188,34.62320355865086],[128.3152189024242,34.62296865412922],[128.31524922131797,34.62282954592985],[128.31511458473298,34.622710666625444],[128.31514386777584,34.62249272833614],[128.31577182506805,34.6222009647383],[128.31615858111033,34.62224247311977],[128.31614810047267,34.62190189152426],[128.3162971167502,34.62186806013031],[128.31634028826903,34.62178346225853],[128.31604198966878,34.6217652018206],[128.31589880163094,34.62168199227222],[128.31618574672376,34.62161994726786],[128.31620942891607,34.62119326983081],[128.31630130870136,34.62110197143992],[128.3165690200693,34.62100694585481],[128.31669234957374,34.62103197027193],[128.31641884474965,34.6206959322168],[128.31650009133105,34.6205789963443],[128.31712124586937,34.62043614963308],[128.31718401142604,34.620506246504895],[128.31753179657176,34.6205238794586],[128.31797972753495,34.62071947376682],[128.3180253913141,34.62062507711391],[128.3175463395408,34.620410665151496],[128.31735825475334,34.620137801714904],[128.31767231198305,34.62004905058498],[128.31812872957468,34.62011261288582],[128.31906901106575,34.620069584698896],[128.31911207948983,34.61999729837507],[128.31878330934506,34.61986373998013],[128.3187663288769,34.61972770146206],[128.3184814019717,34.6196190234995],[128.31836664094234,34.619472513146086],[128.3184700620069,34.61935981700673],[128.31937477898612,34.61939247875149],[128.3192034189091,34.61969372623604],[128.31977810401966,34.61953228699015],[128.32012264203004,34.61951992357977],[128.32039394136726,34.61962586140535],[128.32085322459898,34.61957646949957],[128.32125146825686,34.61980548101495],[128.32164596343816,34.61989687608221],[128.32185660126268,34.61981922258232],[128.32164570693806,34.619749327912395],[128.32154923944404,34.61962439029731],[128.3220350570773,34.619529441002435],[128.32263690789225,34.61972058298942],[128.32286680202088,34.619743445049274],[128.32304517250998,34.61967797362127],[128.32370798526884,34.61996933798708],[128.3241434210584,34.62026366262578],[128.32460904422837,34.62038057805396],[128.32492345306864,34.62014772337841],[128.3248177549045,34.620083721907726],[128.32492096786535,34.61999137466073],[128.32482502817484,34.61990950090534],[128.3251488557858,34.61990574895712],[128.3255573316755,34.62000458725865],[128.32587339986833,34.619882497403964],[128.3261397350771,34.619988377533495],[128.32606639254772,34.620128326195214],[128.32591929935788,34.62015515424078],[128.32565357176975,34.62006075893652],[128.325484610496,34.620084336614255],[128.32544543441324,34.62022825773027],[128.3255657631213,34.62033806859497],[128.32548131414316,34.62040083768928],[128.32490488653727,34.620479118500675],[128.32476198939347,34.62065607362748],[128.32388030633697,34.620687901704535],[128.32399810410752,34.620918558989295],[128.3231585969305,34.62111146458737],[128.32297594899205,34.621279962186144],[128.32269064770617,34.62126585870243],[128.32241750680777,34.62134538150428],[128.32222855662246,34.621574525549185],[128.32266190779035,34.62193239711689],[128.32244344025585,34.62202878581414],[128.3220282345783,34.62192192522498],[128.32229309720412,34.622231102671506],[128.32225583260885,34.62233921784033],[128.32175669250603,34.62246002854389],[128.3215394440594,34.62259081704674],[128.3199934793677,34.622573188942596],[128.31958779801857,34.622646379519765],[128.3192305738748,34.62257308848582],[128.31904914469644,34.6226470506213],[128.31883985506613,34.62260242504477],[128.31827394992482,34.622982641046384],[128.31818422424024,34.62326393241419],[128.3174638800609,34.623540400557815],[128.3172909047404,34.62343002278542],[128.31655237420264,34.62378416211741]]],[[[128.54925932594082,34.62219838042689],[128.5492181843002,34.622128582083796],[128.54939102122324,34.622073271795976],[128.54959194534018,34.62216497923998],[128.54955991042243,34.62219531009775],[128.54925932594082,34.62219838042689]]],[[[128.5497002983619,34.62226123340539],[128.5496956359435,34.62227663026688],[128.5496492989102,34.62227582970741],[128.5497002983619,34.62226123340539]]],[[[128.5491001758144,34.6222739387491],[128.54914160630227,34.62219292210002],[128.54932892490552,34.62227580799056],[128.5491001758144,34.6222739387491]]],[[[128.5494990850428,34.62231171416803],[128.5493673373884,34.62226059691046],[128.54952263886443,34.62224525119275],[128.5494990850428,34.62231171416803]]],[[[128.54930203160606,34.622369194238196],[128.5492134362261,34.62239915490547],[128.5491423061302,34.622365003524926],[128.5492163704392,34.62234039262353],[128.54930203160606,34.622369194238196]]],[[[128.54989072467802,34.622431705333746],[128.54980852896725,34.62241651682611],[128.5498080812767,34.62239552081543],[128.54989072467802,34.622431705333746]]],[[[128.5502939415324,34.62245424393608],[128.55019284033676,34.622448112400406],[128.55021008233427,34.62240988681552],[128.5502939415324,34.62245424393608]]],[[[128.55005522916002,34.622422213210015],[128.5501222381373,34.62247001139137],[128.54993550915003,34.62237843423631],[128.55005522916002,34.622422213210015]]],[[[128.55027815636794,34.622524805324545],[128.5502596116504,34.6225362566704],[128.55023403209069,34.622515663720826],[128.55027815636794,34.622524805324545]]],[[[128.54873781767944,34.62264527391441],[128.54869275695827,34.622628366751385],[128.54870674499637,34.62257551417029],[128.54873781767944,34.62264527391441]]],[[[128.55067311529538,34.62269507648618],[128.55066082955096,34.62267553236736],[128.55073371953577,34.622672868339215],[128.55067311529538,34.62269507648618]]],[[[128.55053709513268,34.6227350466064],[128.55041424780373,34.622691414978895],[128.55048636140782,34.62268470353437],[128.55053709513268,34.6227350466064]]],[[[128.26175431064664,34.62469939032966],[128.26178187618478,34.62489324601577],[128.26158234686162,34.624844586145436],[128.26150549798652,34.62469991050169],[128.26117669563686,34.62459185468706],[128.2614485634675,34.624533515768206],[128.26175431064664,34.62469939032966]]],[[[128.54880910539572,34.6227712697277],[128.54879796117822,34.62277886898275],[128.54876227308273,34.62274109690695],[128.54880910539572,34.6227712697277]]],[[[128.26175944596145,34.62496921334739],[128.26164160345337,34.6250795261789],[128.2615595856398,34.624958250454576],[128.26175944596145,34.62496921334739]]],[[[128.55093931237246,34.62285838883022],[128.55067364873042,34.622935829050796],[128.55051855098299,34.622784539945165],[128.55088049175663,34.622708867639076],[128.55099631285248,34.622755746106904],[128.55093931237246,34.62285838883022]]],[[[128.5525623081399,34.622922412180436],[128.5522098114312,34.62292956910143],[128.55207877892076,34.62282443676447],[128.55231962913606,34.622823990330886],[128.5525623081399,34.622922412180436]]],[[[128.30125408810522,34.62497827529283],[128.3012009482331,34.62496931991022],[128.30122897139927,34.624943516596964],[128.30125408810522,34.62497827529283]]],[[[128.26195800155693,34.62535093201341],[128.26197870762462,34.62550306855019],[128.2618021696454,34.625585609316104],[128.26178473144418,34.62542121800898],[128.26195800155693,34.62535093201341]]],[[[128.55233448768766,34.623454065200114],[128.5523010054977,34.623444111139115],[128.55231017553865,34.623430500428874],[128.55233448768766,34.623454065200114]]],[[[128.5523727360405,34.6236073773382],[128.5523665851119,34.62358934229136],[128.55245567393868,34.623564157037016],[128.5523727360405,34.6236073773382]]],[[[128.30531777922565,34.6255519491871],[128.30492646423497,34.62555645743239],[128.3047307089133,34.62542333516275],[128.30470047643172,34.625294327494245],[128.30482550401206,34.625252009538315],[128.30510203719572,34.62535693677567],[128.30535980363106,34.625495070452004],[128.30531777922565,34.6255519491871]]],[[[128.55243779667418,34.62371044909976],[128.55208583631963,34.623669103377644],[128.55224731510998,34.62363872559838],[128.55243779667418,34.62371044909976]]],[[[128.30258835255455,34.625606353575854],[128.30258054861935,34.62550113521663],[128.30217663659738,34.62535007143088],[128.3020940630966,34.625227738613376],[128.30130231397027,34.625430491072215],[128.3008146002058,34.62534238193319],[128.30096662820867,34.625225149383574],[128.30131342223262,34.625149177308224],[128.30125497219478,34.625050497521705],[128.30147050007608,34.62483467078017],[128.30144000272026,34.62470343482182],[128.30167254332855,34.624711588983295],[128.3017402098929,34.624629095938914],[128.3015574356369,34.62432707303622],[128.30157156205848,34.62416266807918],[128.30175396226403,34.623896209602734],[128.3016532306925,34.62362931154845],[128.30140815462295,34.623522772875745],[128.30129605460039,34.6235827997145],[128.30106353598563,34.62354096090503],[128.30102689253164,34.62347417399177],[128.30116466845442,34.62341395351002],[128.301108845849,34.6233226833246],[128.30088066044374,34.623237081725236],[128.30075117630525,34.62329197571495],[128.3005730814285,34.623190264646965],[128.30073294398693,34.62296563621556],[128.3005840555106,34.62272311882507],[128.300404138151,34.622708542035646],[128.30016440381704,34.622802910503694],[128.29979049627272,34.622629292356216],[128.29969881363667,34.62256105423717],[128.29980429956862,34.62235867481324],[128.29967628730978,34.62209184926805],[128.29924908721324,34.62170621218362],[128.29881429596972,34.62174692465212],[128.29859280380177,34.6215194193856],[128.29850511340138,34.621128532785676],[128.29870095184643,34.620964338844594],[128.29858836778806,34.620870750907535],[128.29855879283602,34.620570183765786],[128.2986893152559,34.62036515064948],[128.29897354137634,34.620410707061495],[128.298998127803,34.62015740678204],[128.29888320475922,34.61987941719727],[128.2989295672478,34.61972982114379],[128.299098349657,34.6196355087193],[128.2994457936115,34.6196226048223],[128.29988384563538,34.61943645759747],[128.29958515912043,34.619366080376516],[128.29929452040543,34.61940201337742],[128.29928567683464,34.619095574358504],[128.29909697777782,34.61897731627069],[128.29901918837595,34.61852273346129],[128.29881820876557,34.61832365491088],[128.29909046532902,34.618175294533145],[128.2995588355755,34.6181363242563],[128.29915291530426,34.618072316362515],[128.2991281512198,34.61791118268636],[128.29952053280513,34.6177550799164],[128.30018057228952,34.61803835436958],[128.30027348657143,34.6181250478581],[128.3001819686967,34.618213852082775],[128.30056129654085,34.61824419487073],[128.30099296025074,34.61846749069762],[128.3012250978097,34.618693283292934],[128.30123261471763,34.61884097077516],[128.30095904866567,34.61901498450976],[128.30158332348927,34.61911764164132],[128.30173101538082,34.61901289544779],[128.3019488978404,34.619207426698786],[128.30286848891492,34.61925811518066],[128.30280195816073,34.618886970986374],[128.30306684381017,34.61887071167078],[128.30308707213027,34.61873352492784],[128.30335845913606,34.61872107994895],[128.30360867421726,34.61860061656311],[128.30351721382448,34.61852416828733],[128.30328635856654,34.61862417091186],[128.3031107981816,34.61846437911348],[128.30326269988632,34.61844287182081],[128.30338974527186,34.61830994313156],[128.30338648327935,34.61818989946326],[128.3030869699439,34.618014153686545],[128.30324944070318,34.61764983779898],[128.3036398874717,34.617650866058995],[128.303617620952,34.61799371930691],[128.3037712677958,34.618058065446704],[128.30394126703038,34.617988492806255],[128.30380332635517,34.617969848753134],[128.30378930664838,34.617908544178704],[128.3040337650553,34.617738792888815],[128.3040641031782,34.61754404523854],[128.30447275749788,34.617306170458114],[128.30468058649507,34.61732220024776],[128.30486265856416,34.617577499207506],[128.3050323256969,34.61761493838355],[128.30506324344802,34.61722753812246],[128.30536441405835,34.617044666091644],[128.30595870361074,34.616881243437305],[128.30592926735866,34.61680331134079],[128.30560336979303,34.61682044687694],[128.30544919871932,34.61669056229433],[128.30560036481182,34.6164176626474],[128.30608590228823,34.61637990757219],[128.3059750660565,34.61618647366624],[128.30608149284953,34.61602050321589],[128.3063794322087,34.61583431890704],[128.30686579800363,34.61573973930509],[128.30747924649145,34.61542506318672],[128.30813459920273,34.61532580149165],[128.30830809978715,34.615395805198915],[128.30840394263637,34.6155895969475],[128.30903872727302,34.61605443847472],[128.30906458288834,34.616236000504045],[128.3087547794916,34.616477391513776],[128.30833576407318,34.61649239674607],[128.30832959219265,34.616676429178554],[128.30823599343267,34.6167098638254],[128.3082009364523,34.616840206926376],[128.30844109009487,34.61692700971358],[128.30820220068605,34.61707640249983],[128.30824477638583,34.61730217765295],[128.30812268324524,34.61803914644454],[128.30792984438088,34.61820182778263],[128.30750347077566,34.618352355286525],[128.30753872925797,34.61841685715961],[128.3072431918165,34.6187692009171],[128.30724867324608,34.61892963800047],[128.3076641209614,34.61926602338736],[128.30777453974878,34.61946641912004],[128.3074236262734,34.61978840490267],[128.30740981888385,34.62003698403975],[128.30716578924435,34.62015342303082],[128.3072081907226,34.620275020981246],[128.3069558263373,34.62058867557914],[128.30723357912876,34.62070294683717],[128.3072944978101,34.6208894342977],[128.30677422497945,34.621123683173984],[128.30687688867894,34.621232710566524],[128.3072216483463,34.6211567722311],[128.30716218958017,34.62159671285519],[128.30691859493285,34.62164173203203],[128.30671003144514,34.621871649394485],[128.30649071935113,34.62186879726913],[128.3064950738568,34.62209856971693],[128.3063512554476,34.62221947644751],[128.30581231403946,34.62225039579681],[128.30580443892055,34.622638549980394],[128.3054659579305,34.622715570997855],[128.3053967446222,34.622811079808784],[128.30547386256399,34.62298564079431],[128.30534333829993,34.623167480311544],[128.30544398609672,34.62329122280549],[128.30526328074296,34.623349644822504],[128.30519533255918,34.62346891757749],[128.3052495608406,34.62397813528242],[128.3054675803498,34.62407220206244],[128.3054873442145,34.62429532859714],[128.30582974125647,34.62437740851869],[128.30602096662162,34.62459492208987],[128.30585590862958,34.6247482437534],[128.30554715051775,34.624852870166684],[128.305520094774,34.624958429454445],[128.30513939041086,34.625096999971746],[128.304185705629,34.6250840530507],[128.30413026133579,34.62518714079043],[128.30345001190662,34.625295444057514],[128.3031731001548,34.62556816431884],[128.30258835255455,34.625606353575854]]],[[[128.5470122409394,34.624086955845044],[128.5472451042139,34.62406078269105],[128.54725118516794,34.62413124161832],[128.5470122409394,34.624086955845044]]],[[[128.5466566464374,34.62463080931166],[128.54649101113836,34.62464340860098],[128.54625406181145,34.62452541083599],[128.54644297518104,34.62454180078065],[128.5466566464374,34.62463080931166]]],[[[128.31666482993404,34.62706845193094],[128.3166031955434,34.62715513752244],[128.3164147640413,34.62708882773897],[128.31666482993404,34.62706845193094]]],[[[128.31528540132405,34.62723968976644],[128.31526897197276,34.62730278078631],[128.31513143248097,34.627361112829256],[128.315206628501,34.62724509122837],[128.31528540132405,34.62723968976644]]],[[[128.27524529695395,34.6281534826018],[128.2750881652646,34.628179101349545],[128.27470296222646,34.627980259112434],[128.2747028999936,34.627857846940266],[128.27483408314154,34.627786169707306],[128.27476329226099,34.62756659021828],[128.27491230424832,34.627425159560396],[128.2750771984567,34.627753081140995],[128.27537465033873,34.6279694423648],[128.27524529695395,34.6281534826018]]],[[[128.55367679984965,34.626110343728406],[128.55364552916666,34.62611302423608],[128.5536504434196,34.6260951551822],[128.55367679984965,34.626110343728406]]],[[[128.54515515973742,34.62639436444533],[128.5451101488374,34.626423119071504],[128.54503772216927,34.626374013772725],[128.54515515973742,34.62639436444533]]],[[[128.3162506910302,34.62771907050578],[128.31584482901644,34.62791366567077],[128.3157062291532,34.62821258690036],[128.31546095158242,34.6283669348957],[128.3152179442078,34.627979136776084],[128.3150441976311,34.62789384464275],[128.3152982230136,34.62739751336371],[128.3155291892468,34.62729372966502],[128.3159620551896,34.62742358104424],[128.31603099941492,34.62728318092154],[128.3165617829238,34.62725003806614],[128.31694346020424,34.62747357592031],[128.316741708591,34.62768075621261],[128.3162506910302,34.62771907050578]]],[[[128.54522136003018,34.62670504289892],[128.54517427995822,34.626747134970884],[128.54487783005663,34.6267066553883],[128.5450538839849,34.6266688021543],[128.54522136003018,34.62670504289892]]],[[[128.5540178412596,34.62719602244637],[128.55395390747938,34.627203739302956],[128.5539544294115,34.62718359341606],[128.5540178412596,34.62719602244637]]],[[[128.55555712403694,34.62751755982253],[128.55534421505638,34.62749722205231],[128.55534912891383,34.62745341515164],[128.55555712403694,34.62751755982253]]],[[[128.55535204178807,34.62753389141304],[128.55540579079562,34.627614781734465],[128.55538532846197,34.62763041200079],[128.5552755141353,34.627574472013514],[128.55535204178807,34.62753389141304]]],[[[128.5448477011798,34.62787208647676],[128.54501431030252,34.62792600100615],[128.54502596636843,34.627948002925],[128.54488314260044,34.62792224996127],[128.5448477011798,34.62787208647676]]],[[[128.54533652817096,34.628388364746264],[128.5453409462524,34.62840410201933],[128.54526668293408,34.62839197068052],[128.54533652817096,34.628388364746264]]],[[[128.54558203861652,34.6284038280787],[128.54552898223415,34.62839430058673],[128.54555656480483,34.62838172013726],[128.54558203861652,34.6284038280787]]],[[[128.2292391480561,34.63077922039699],[128.22919559610767,34.63085518371787],[128.22907136122734,34.63080524947449],[128.2291730619365,34.63077011172077],[128.2292391480561,34.63077922039699]]],[[[128.5558907514314,34.62857892638549],[128.5558559067879,34.62858071231669],[128.55585769404652,34.628560163217365],[128.5558907514314,34.62857892638549]]],[[[128.5561569974375,34.629283405757704],[128.55602431992972,34.6292708977095],[128.5559966232404,34.62915117574245],[128.5561985416858,34.629143134921954],[128.5561569974375,34.629283405757704]]],[[[128.55201619751892,34.63014847498991],[128.55199509435832,34.630150687749335],[128.5519738975355,34.63011955659384],[128.55201619751892,34.63014847498991]]],[[[128.5530855463598,34.63051637574821],[128.55307724358667,34.630541342805024],[128.55304748270422,34.630529218819795],[128.5530855463598,34.63051637574821]]],[[[128.55104205108088,34.63067835295771],[128.55121226327182,34.63065928120561],[128.55129474430194,34.63073783722445],[128.55104205108088,34.63067835295771]]],[[[128.55432375589882,34.63091589416864],[128.55384654793718,34.630876227197916],[128.55393037160013,34.63076315090216],[128.55335140459283,34.63062331991686],[128.552784005275,34.63037622928217],[128.5525389482744,34.63047399787294],[128.55229719862012,34.63023608009703],[128.55218894797468,34.62993958074666],[128.5519594507972,34.630043792163235],[128.55183428940092,34.63002007547925],[128.5518588721282,34.63009587063704],[128.5516079725202,34.630507054894274],[128.55142956386578,34.630600421373614],[128.5507079195467,34.63057465568473],[128.5503426248699,34.630202170430415],[128.54965375308225,34.630102686219395],[128.54901570324813,34.63019480473433],[128.54866978397047,34.630102171139626],[128.54851255515936,34.63018001438386],[128.5481690815056,34.630196074540855],[128.5480572301992,34.63004537845795],[128.54836834746524,34.62990078786684],[128.54852392277027,34.62990814058052],[128.54813034734576,34.62978505019557],[128.5484679666447,34.62979258054958],[128.54827026874477,34.62964904033718],[128.54840400584422,34.62961990061596],[128.54835378449206,34.629529447214516],[128.54859815230594,34.62949888106268],[128.54848705240857,34.62914734218545],[128.54808790583328,34.62921236300814],[128.54797633204055,34.62953062249887],[128.54778276027474,34.6295109746859],[128.5477376019247,34.62929986367497],[128.5470617373949,34.62930411690331],[128.54704301938284,34.62919678503322],[128.5467628432678,34.62927141981375],[128.54660128813052,34.629673726810104],[128.546501401181,34.62960929666342],[128.54655493190782,34.629214208267136],[128.54612284181394,34.62921044697699],[128.54547720175188,34.62901594983961],[128.54540997814493,34.628861951532585],[128.5457320282707,34.62884294390581],[128.54546531149975,34.628747128666916],[128.54547136301125,34.628647238217745],[128.54517213880848,34.628505791295346],[128.54619967331087,34.62838259146534],[128.54576412350698,34.628307598085854],[128.54587650152808,34.62814787402097],[128.54547300730758,34.628196739016666],[128.5450804169625,34.62802863307348],[128.5449296605307,34.62775452166617],[128.54529240799002,34.62772293888507],[128.54513517785094,34.6276218218293],[128.54506784538754,34.62745708352039],[128.54476598880373,34.627365962882095],[128.54515575439973,34.62734653275608],[128.5449934813082,34.62717706579679],[128.5452254475228,34.62715951668617],[128.54523917823326,34.627107921948394],[128.54508685847546,34.62699350976698],[128.54568505076284,34.62692216921114],[128.54570880655936,34.62686207427976],[128.54548943176138,34.62681063109607],[128.5456110309331,34.626684320857045],[128.54539465273223,34.62672719247035],[128.54534595464037,34.6266162757911],[128.54582550582006,34.62658367859697],[128.54581772561886,34.626653216717905],[128.54592668919028,34.6266378760585],[128.54590211516515,34.62655339120526],[128.54564573663498,34.62651621651679],[128.54596809342564,34.62642823567828],[128.54596069217357,34.62635489883252],[128.54552299801287,34.62615480108472],[128.54548764329417,34.62602873074824],[128.54564170827416,34.626005677955284],[128.54544269193235,34.62589192981808],[128.54603357591452,34.625728628880594],[128.54642987082585,34.625763136206906],[128.5458413725863,34.625560670400255],[128.54587504751336,34.62535934817325],[128.54651804058454,34.62530684107792],[128.5470155837424,34.62540595893623],[128.54709671061008,34.62524947866038],[128.54690011860524,34.62512179452902],[128.5470715890585,34.62501527462528],[128.546781710322,34.62496454625479],[128.5465461798217,34.624709187438214],[128.5470551245894,34.62483064820037],[128.5474289577925,34.624708526096406],[128.54749638917343,34.62458315256624],[128.54714232454126,34.624305315120345],[128.54727800077174,34.62424050139067],[128.54732200759096,34.62411193760941],[128.54728581279488,34.62406109323845],[128.54701345694417,34.62397751670383],[128.54700791360756,34.623913800912874],[128.54711947902683,34.62388228119771],[128.54706417568562,34.6238016925848],[128.5466253767771,34.6237506820837],[128.54669497662192,34.62357175188617],[128.5470814532697,34.623312803209934],[128.54744144625343,34.62322491838615],[128.54797166307682,34.6231607116716],[128.54855624897087,34.62326592876183],[128.54838932535648,34.62322035019648],[128.54826619981867,34.623082055284584],[128.54855524374483,34.62305161578881],[128.54877107690186,34.62311413130757],[128.5488078315928,34.6230760158757],[128.54845994895436,34.6229365200027],[128.54867162068396,34.62288011311834],[128.54906136193847,34.6229246371745],[128.5489463891164,34.62273169103586],[128.5489795424039,34.622453446264096],[128.54950733074864,34.622380954135075],[128.54988940964068,34.62243919212825],[128.5499836755465,34.62242798897547],[128.55024322937376,34.62260773936936],[128.55032135397371,34.622766163514996],[128.5507492065362,34.62300139428008],[128.5508830604331,34.623001206876225],[128.5508241088124,34.62296087379695],[128.55087366385337,34.62289468162539],[128.55103228289744,34.6228882930966],[128.55138939290453,34.622972044494716],[128.55129053372914,34.62306986945851],[128.55136861216087,34.623135537913946],[128.55191086419802,34.62314407863799],[128.55204317070385,34.623314862580756],[128.55162049789683,34.62339739403998],[128.55157675098073,34.623475104027676],[128.55211657749476,34.623478581585914],[128.55225981804597,34.62357018966414],[128.55186104219385,34.62365376111175],[128.552634101387,34.62377292604299],[128.55270878617816,34.62383612236357],[128.55258769723048,34.62389411353433],[128.55220118942546,34.62378607289511],[128.5521356070782,34.623829348913866],[128.55240342038138,34.623894748718094],[128.55209857631826,34.62387418842487],[128.5519957030689,34.62392926434751],[128.55201681942734,34.62400496772404],[128.5521217392314,34.6239588843727],[128.55254857462018,34.624005997983836],[128.55269058711107,34.62413871228607],[128.5525398334339,34.62419990273145],[128.5528787296453,34.624255543445024],[128.55302157205364,34.624328588896375],[128.55295496849868,34.62439378207611],[128.55361546989093,34.62446171119477],[128.55395692180915,34.62461399211775],[128.55393752989252,34.62470310965165],[128.55371831891532,34.624704938721614],[128.55386865320227,34.6248644769747],[128.55367791102438,34.6249709915906],[128.553338149673,34.62502359440386],[128.55300096677874,34.62482192778944],[128.55278734786185,34.62506536387272],[128.55282027267515,34.62550989896173],[128.55318507950494,34.626003593973],[128.5532678015258,34.62624620297436],[128.55356915153095,34.62618934044008],[128.55371913372812,34.626272604136545],[128.55352801634578,34.62635272407992],[128.5539461423655,34.62641572539666],[128.55379631796848,34.62652339523719],[128.55348207246806,34.626441287256036],[128.55334642742258,34.6265744003545],[128.55334556896216,34.62671431443138],[128.5535679802642,34.62665111982954],[128.55415224119682,34.62672791207693],[128.5542831238591,34.626977271136404],[128.55417378272682,34.627079612054175],[128.55395738704917,34.62709002263267],[128.5538952994972,34.62720629090011],[128.55368958141653,34.62718705495009],[128.55372101346802,34.627282176300064],[128.55419451596288,34.62726580460533],[128.5544150032967,34.62746123922453],[128.55499494647148,34.62749210726288],[128.55476507424441,34.62755984254962],[128.5548675711583,34.62764763189266],[128.55488835307696,34.62804730023352],[128.55499841999475,34.628096019008204],[128.55479087511355,34.62822266968731],[128.55565116695732,34.62849682156767],[128.55572497968333,34.62862904120975],[128.55561889359518,34.62869608258173],[128.5556540941759,34.628779744760585],[128.55588389978453,34.62882682659931],[128.55580469043,34.62908883248611],[128.5556852094648,34.629053466023436],[128.55548851605124,34.62909849903123],[128.55565889086844,34.629078741587605],[128.55576526569615,34.62915328420119],[128.55571288503728,34.62928419300374],[128.55553908098872,34.62927509011283],[128.55556263515027,34.62943522455345],[128.555406936344,34.62941645317678],[128.55552666954046,34.62958857359206],[128.55520728359372,34.62971840844788],[128.55540560224574,34.6298426589379],[128.55533952715209,34.63003677212376],[128.55503169756798,34.63034419888508],[128.5551443096231,34.630429802961466],[128.555131306215,34.63052064176983],[128.5547053378439,34.63060537143621],[128.55490187509469,34.63070650837632],[128.55474865668597,34.63084069476934],[128.55420071389887,34.63083117212748],[128.55432375589882,34.63091589416864]]],[[[128.37906638519127,34.63347215787216],[128.37877937507207,34.63347929414504],[128.37874467312088,34.63345467452466],[128.37889807109667,34.63341903624265],[128.37906638519127,34.63347215787216]]],[[[128.37811925320483,34.63389832944894],[128.37787779448828,34.63385958138169],[128.3784122490405,34.63372790496501],[128.3784053035039,34.6338353970727],[128.37811925320483,34.63389832944894]]],[[[128.5653233225797,34.632477710011955],[128.56515030454145,34.63247597947308],[128.5651087797983,34.63243791525416],[128.56530602078422,34.632418882639236],[128.5653233225797,34.632477710011955]]],[[[128.56500572215558,34.632479036609666],[128.5649930108754,34.63249170348279],[128.5649752805607,34.63248280841776],[128.56500572215558,34.632479036609666]]],[[[128.5648983652262,34.63253724918489],[128.56479770383973,34.632553331481404],[128.5648233161534,34.63252414477245],[128.5648983652262,34.63253724918489]]],[[[128.56488882988486,34.63258066300464],[128.56489314336616,34.63258987181452],[128.56485773880505,34.63258244579908],[128.56488882988486,34.63258066300464]]],[[[128.56482869752767,34.63260974624991],[128.56483193663138,34.63261615461099],[128.5647871199685,34.632615094099776],[128.56482869752767,34.63260974624991]]],[[[128.56454992166482,34.632587877093115],[128.56455707046592,34.63264088858776],[128.5644284150096,34.632682582774834],[128.5644153106668,34.63265577921292],[128.56454992166482,34.632587877093115]]],[[[128.56583703315482,34.63281985787759],[128.56584523864797,34.63283584079756],[128.56578971120342,34.63283906917136],[128.56583703315482,34.63281985787759]]],[[[128.56560880324702,34.632884302483674],[128.56544443527207,34.63289295340133],[128.56552748400432,34.63280644412411],[128.56560880324702,34.632884302483674]]],[[[128.56683723318733,34.63277530074045],[128.56692201260105,34.632856619492806],[128.56689259866573,34.6329033346053],[128.5667957086923,34.63285661974609],[128.56683723318733,34.63277530074045]]],[[[128.56615381187328,34.63300368575058],[128.56612958903403,34.633060781252965],[128.56603269803944,34.632965620557854],[128.56615381187328,34.63300368575058]]],[[[128.56663310708103,34.63303962683313],[128.5665451612967,34.633098042595364],[128.56637223475937,34.63300902880059],[128.56643564712232,34.632920517410426],[128.56663310708103,34.63303962683313]]],[[[128.3772140456861,34.63461959635703],[128.3767562512291,34.63457968042479],[128.37670582242416,34.634339887825135],[128.3775192133025,34.63387917367561],[128.37777939606707,34.633867546092674],[128.37782062838392,34.633927668195824],[128.3776849021225,34.63397285384956],[128.37788347045824,34.63398421165167],[128.37788255856952,34.63407804281093],[128.3775706329207,34.63428297285348],[128.3775482253608,34.634448018325664],[128.3772140456861,34.63461959635703]]],[[[128.56744017230218,34.63307623334559],[128.56734055755234,34.63315665694546],[128.56728982375478,34.633087587401576],[128.56730533282467,34.63306289270947],[128.56744017230218,34.63307623334559]]],[[[128.56750265167375,34.63323592164823],[128.5674959007695,34.633281984047514],[128.56741370394494,34.63332169124839],[128.56741568927566,34.633272453146006],[128.56750265167375,34.63323592164823]]],[[[128.37695904544853,34.63481878778069],[128.37681160388198,34.634848798920515],[128.37679722203478,34.634792269942146],[128.37695904544853,34.63481878778069]]],[[[128.56736908031021,34.63328165217072],[128.56726494361433,34.633363468801534],[128.56726765253464,34.633235037828136],[128.56736908031021,34.63328165217072]]],[[[128.56842669446044,34.63330848620587],[128.56846821959417,34.63335808435882],[128.56843592275231,34.63342613777753],[128.56837363532904,34.633382306894575],[128.56842669446044,34.63330848620587]]],[[[128.57222889789043,34.633367794174674],[128.57223922202445,34.63346031413435],[128.5721933619062,34.63347061485285],[128.57215541087288,34.63342883172792],[128.57222889789043,34.633367794174674]]],[[[128.56849590229157,34.63351841513086],[128.56848206112002,34.63355532479023],[128.5683886304524,34.63346074256252],[128.56849590229157,34.63351841513086]]],[[[128.57216060410997,34.6335273681385],[128.5720956449323,34.63363791929128],[128.57194985807482,34.63362151222573],[128.5719394806059,34.63354118967523],[128.57207083704714,34.63346321741685],[128.57216060410997,34.6335273681385]]],[[[128.57046262057435,34.633535305410525],[128.57059471327972,34.63361615575813],[128.57050031251785,34.63373920568485],[128.57035750169865,34.633645841145025],[128.57046262057435,34.633535305410525]]],[[[128.37595329455962,34.63536976744336],[128.3759651668275,34.6353972598159],[128.3758522184788,34.63536989821457],[128.37595329455962,34.63536976744336]]],[[[128.56293621579286,34.633946060048174],[128.56290360528695,34.63395663225797],[128.56288931084865,34.63388098697298],[128.56293621579286,34.633946060048174]]],[[[128.57315040117652,34.6338529922999],[128.57310116090625,34.63386649272749],[128.5731003676122,34.633825990748925],[128.57315040117652,34.6338529922999]]],[[[128.56284106429598,34.63394293248439],[128.56272372626617,34.6339453148607],[128.5627183653461,34.63389468631654],[128.56278686249644,34.633882178286925],[128.56284106429598,34.63394293248439]]],[[[128.57288797147737,34.63396191785938],[128.5727414837367,34.63401382397563],[128.57286605609553,34.63386041398788],[128.57288797147737,34.63396191785938]]],[[[128.37616447167983,34.635577118095036],[128.37608421487604,34.63528224809794],[128.37643533603264,34.63515233988658],[128.37660310292304,34.63498693343247],[128.3768684055861,34.635025535105676],[128.37680915611833,34.63488284535985],[128.37712071611855,34.634862084660924],[128.37726960799245,34.634967338534935],[128.37731267576933,34.635067162936046],[128.37709402158526,34.63513455605683],[128.37701527287,34.635298625102514],[128.37653018362013,34.635594226126535],[128.37616447167983,34.635577118095036]]],[[[128.57358465936065,34.63414185765783],[128.57348546149046,34.63417069389165],[128.57347623476642,34.634119942109024],[128.57358465936065,34.63414185765783]]],[[[128.5623412743767,34.634239460041925],[128.56236742097113,34.63430725436842],[128.56235950111662,34.63432047798817],[128.5622909111664,34.63427713893176],[128.5623412743767,34.634239460041925]]],[[[128.56248059339657,34.634167755295856],[128.56249860529235,34.63422695471276],[128.5625819856058,34.634339840671466],[128.5624907319581,34.634293272570424],[128.56248059339657,34.634167755295856]]],[[[128.56220816748007,34.63433327176303],[128.56229448089132,34.63438649829642],[128.56230127609706,34.634400580241554],[128.56223241305577,34.63438870715319],[128.56220816748007,34.63433327176303]]],[[[128.56229457489096,34.63453052028034],[128.5622650919173,34.63453707216015],[128.56223620423418,34.634480785387936],[128.56229457489096,34.63453052028034]]],[[[128.56166261457923,34.63453796575876],[128.56161794247058,34.63456476850138],[128.56160990150656,34.63452277668806],[128.56166261457923,34.63453796575876]]],[[[128.56065681983458,34.63472849179365],[128.5605804305784,34.634732512430915],[128.5606501197303,34.63467309826636],[128.56065681983458,34.63472849179365]]],[[[128.55975919760618,34.63480408474866],[128.55966576867567,34.63477640240845],[128.55973612849314,34.634689892759205],[128.55981571703322,34.634732570482534],[128.55975919760618,34.63480408474866]]],[[[128.55862095321433,34.63475230578417],[128.55859844291848,34.63482244581519],[128.55847062634294,34.63480152023524],[128.5584807323115,34.63474675079872],[128.55862095321433,34.63475230578417]]],[[[128.55956195767348,34.634745258231064],[128.5595527291879,34.63482830781543],[128.55950082380514,34.63484676297423],[128.55949620953152,34.63474179865513],[128.55956195767348,34.634745258231064]]],[[[128.55821142876005,34.63491785819303],[128.5579213741482,34.634930057622206],[128.557882863795,34.63487078463608],[128.55806902829679,34.63480908013476],[128.55821142876005,34.63491785819303]]],[[[128.57403709167016,34.634836176579405],[128.57404821042542,34.63480321828254],[128.57412524623038,34.63480996834961],[128.57403709167016,34.634836176579405]]],[[[128.37389960830623,34.636547086739455],[128.37382279663385,34.63654340877111],[128.37381642819278,34.636491175726384],[128.3738804899448,34.636482874091485],[128.37389960830623,34.636547086739455]]],[[[128.55747825461896,34.635351728151704],[128.55746677634332,34.63525279280088],[128.557665406671,34.63522195390076],[128.55781561143655,34.635407572622704],[128.55747825461896,34.635351728151704]]],[[[128.55807861321549,34.63526950383779],[128.5579471185011,34.635426951034205],[128.55786753168337,34.63537158544948],[128.55785368867055,34.635212408940504],[128.55807861321549,34.63526950383779]]],[[[128.5574920805996,34.63562419178569],[128.55751284362913,34.635535951984096],[128.5578848329315,34.63547712691442],[128.55769970249278,34.635624192028885],[128.5574920805996,34.63562419178569]]],[[[128.57588239573866,34.63602216253342],[128.5757632948162,34.63602668401373],[128.57579268985876,34.635957689465044],[128.57588239573866,34.63602216253342]]],[[[128.57608810180247,34.63607473881408],[128.57609518106116,34.6360982893482],[128.57599586068483,34.63609181651624],[128.57608810180247,34.63607473881408]]],[[[128.57586447185,34.63617077074944],[128.57577563301197,34.63616162719039],[128.57578652310227,34.6361432762704],[128.57586447185,34.63617077074944]]],[[[128.57637313878163,34.636341641119294],[128.5763616039277,34.63630357672525],[128.57659344765275,34.636367017369366],[128.57637313878163,34.636341641119294]]],[[[128.34969162237203,34.63922285950732],[128.34956354530516,34.63923551620196],[128.34957017376092,34.63921585669397],[128.34969162237203,34.63922285950732]]],[[[128.34981823530424,34.63943011032979],[128.34988990084992,34.6395050938221],[128.3499290460812,34.63953225983174],[128.34973661624275,34.639499966874226],[128.34981823530424,34.63943011032979]]],[[[128.56486240688255,34.63806626772282],[128.5648166857469,34.638203882378676],[128.56468200117928,34.638119027604745],[128.56469389789905,34.63807294750364],[128.56486240688255,34.63806626772282]]],[[[128.46832752336465,34.63902986410867],[128.4682655436516,34.63909626076844],[128.4678325335639,34.63901727162997],[128.46758319783146,34.638816788855735],[128.4677693396693,34.63879501698294],[128.46793256331244,34.63888999168997],[128.46807587130144,34.63872489221297],[128.46824501366166,34.63876107038297],[128.46803248533266,34.638523433560344],[128.46816084934972,34.638416323435266],[128.46832443442403,34.63840181215775],[128.46845655454734,34.63846299651418],[128.46834705069767,34.63852356476018],[128.4685344423423,34.63861753066983],[128.46864765184074,34.63887471828086],[128.4684277587693,34.63899945643134],[128.46826936520333,34.638949888730586],[128.46832752336465,34.63902986410867]]],[[[128.38113551320552,34.64030492782366],[128.38111002566302,34.64033256153942],[128.38107292656193,34.64029372928974],[128.38113551320552,34.64030492782366]]],[[[128.36496209351225,34.640589815138995],[128.3649225015991,34.64057804481816],[128.36494069406285,34.640548082832],[128.36496209351225,34.640589815138995]]],[[[128.3786067534071,34.64048845561514],[128.3788261759464,34.64041067674947],[128.37883793891834,34.640493422214895],[128.3786067534071,34.64048845561514]]],[[[128.5779844495536,34.63943461410427],[128.57793754287277,34.63945537652414],[128.57795138294483,34.63939308997987],[128.5779844495536,34.63943461410427]]],[[[128.46710251012942,34.64058175560484],[128.46695220408742,34.64047575358578],[128.4668463840258,34.640235395663915],[128.4669433262711,34.64006971827127],[128.46676373804993,34.63981692746375],[128.46687484579994,34.639775388400885],[128.46698547328663,34.639894658841236],[128.46704859698346,34.63977272117254],[128.46743607126865,34.639696369731425],[128.46706400586476,34.63939621767693],[128.46711158586115,34.639214872277265],[128.4676668358793,34.63911677380442],[128.46811539766284,34.639171783322084],[128.468296223711,34.63971574876793],[128.46787397042408,34.639727103870854],[128.4680994603334,34.63982564109494],[128.46811428966643,34.63998136319704],[128.46758685417254,34.64049565845808],[128.46710251012942,34.64058175560484]]],[[[128.3452959975013,34.64131631286966],[128.34516365071326,34.641476761861234],[128.34505690210077,34.641438190206934],[128.34526386144753,34.64122672188564],[128.34538333062378,34.64132300183734],[128.3452959975013,34.64131631286966]]],[[[128.57838041431356,34.63969875433302],[128.57836029612153,34.639682871336205],[128.57848630414503,34.6396500454711],[128.57838041431356,34.63969875433302]]],[[[128.35894736267738,34.64151635270783],[128.35880772031086,34.64153240283518],[128.3588061143967,34.64147622449901],[128.35894736267738,34.64151635270783]]],[[[128.56737743200586,34.639883600390235],[128.5676302710282,34.63985826548888],[128.56759075683425,34.63988534807255],[128.56737743200586,34.639883600390235]]],[[[128.5669675249442,34.6399324451039],[128.56691189369562,34.639870860439736],[128.56733970313869,34.63988202433975],[128.56727533596597,34.639927588226556],[128.5669675249442,34.6399324451039]]],[[[128.46661494458093,34.64098906770556],[128.4664973444774,34.64098454421654],[128.46647171357358,34.640960422602035],[128.466558657375,34.64093227877504],[128.46661494458093,34.64098906770556]]],[[[128.34458309952385,34.64237740182734],[128.34443011184504,34.64238161205664],[128.34440073144665,34.64232281679746],[128.34451816368014,34.64232531667545],[128.34458309952385,34.64237740182734]]],[[[128.58182642171067,34.64062792268416],[128.58180113955152,34.64062386731372],[128.58179940975504,34.64059871148383],[128.58182642171067,34.64062792268416]]],[[[128.58177409897073,34.64064369840324],[128.5817155746513,34.640678292521685],[128.58171406897034,34.64065241331036],[128.58177409897073,34.64064369840324]]],[[[128.58568414373255,34.64064911284448],[128.58562669767971,34.6406589085951],[128.5856309336442,34.64062052259629],[128.58568414373255,34.64064911284448]]],[[[128.5855215399615,34.64060106212342],[128.58556809351907,34.64078938814901],[128.58550660322203,34.640839569093856],[128.58542176187532,34.6407370119732],[128.5855215399615,34.64060106212342]]],[[[128.5383382031351,34.642902009720984],[128.53819213696303,34.64289587352027],[128.53815127614337,34.64282946435777],[128.5383382031351,34.642902009720984]]],[[[128.5382079868328,34.642998171326155],[128.53834396850226,34.643150401116],[128.53819007195094,34.64311701956079],[128.53814234577754,34.64304307345634],[128.5382079868328,34.642998171326155]]],[[[128.53864504346504,34.64299093444036],[128.5386535257548,34.64315316444488],[128.53843278715482,34.64314222252296],[128.53823411027918,34.642961193807714],[128.5384443774872,34.64289532180502],[128.53864504346504,34.64299093444036]]],[[[128.53871797142529,34.6431987784958],[128.53870971127876,34.64335612658527],[128.53849525343276,34.643336948853616],[128.53842618390388,34.643260631794995],[128.5385643066514,34.643186891222],[128.53871797142529,34.6431987784958]]],[[[128.53846825317137,34.643807571885],[128.53832377295035,34.6436847691085],[128.53835006902804,34.64356684231844],[128.53870324092586,34.64351237101955],[128.53881427187986,34.64356424666499],[128.53875777008875,34.64361565039133],[128.53890617415956,34.643622006748586],[128.53882225298418,34.64376245509202],[128.53846825317137,34.643807571885]]],[[[128.53867520250193,34.64392109096421],[128.53861285158604,34.64391409428921],[128.53864001486437,34.64389373419096],[128.53867520250193,34.64392109096421]]],[[[128.46621417354032,34.644573342340756],[128.4654076161079,34.64446718297689],[128.46523412287857,34.64431351108417],[128.4652199316281,34.64411238497571],[128.4653469627224,34.644032414837454],[128.4650762307534,34.64386884292647],[128.46505044072907,34.643684127570786],[128.46532515722194,34.64334454571282],[128.4653762467744,34.64316425266597],[128.46565865023976,34.64306276808279],[128.46565567955133,34.64290083343238],[128.46598043276177,34.642891183464144],[128.46613305846628,34.642968499752904],[128.46596829394846,34.64246260679406],[128.46616902247277,34.64229833338388],[128.46614812986965,34.64215964180035],[128.46630993135827,34.642052889096384],[128.46628372392803,34.64188936753529],[128.46658434969385,34.641680046561355],[128.4665130320721,34.64159765158596],[128.46631223979927,34.641566056596005],[128.46636215483974,34.64140357660462],[128.4665662671101,34.64134003565296],[128.4668400699458,34.64142253509497],[128.46687256774365,34.641330142765995],[128.46702976250097,34.641342100660324],[128.4671386442599,34.641093080546845],[128.46699451071652,34.641025818490874],[128.46706253115212,34.640918380040176],[128.46720742227757,34.64085573147121],[128.46728782142696,34.64069181269153],[128.4679622230151,34.6403993374041],[128.46801831263375,34.64041644657568],[128.46795386516777,34.64066399931427],[128.46814786191186,34.64093630142072],[128.46867743458932,34.64087803862285],[128.46882590640283,34.640911452141076],[128.46883415851343,34.641012607282384],[128.4690773150277,34.64096031329921],[128.46924803586856,34.64103888955247],[128.46928817292653,34.6412326833425],[128.4697027672342,34.641274710150974],[128.47002628082694,34.64146389458179],[128.47049273205474,34.641443160898554],[128.47068913733955,34.64162063766433],[128.47103662362446,34.641739461484384],[128.47113348688134,34.64160819952502],[128.4712268573497,34.641622638699566],[128.4717321505043,34.64214501856932],[128.47249513917797,34.64212307979444],[128.47282749099247,34.64226009745697],[128.47272106069482,34.64262249087361],[128.47231995975685,34.64256544374634],[128.4719181146542,34.6426909652144],[128.4715255404964,34.642694416321156],[128.47056387672706,34.64243750216247],[128.47028185810558,34.642121164984616],[128.47012120618987,34.64209039400891],[128.46987391806496,34.64187428783803],[128.46867879750926,34.64186299736603],[128.46830187759468,34.64173017810004],[128.4681025871753,34.6418952894141],[128.46821944406224,34.64196501026222],[128.46806118415128,34.64212363135331],[128.4682244982058,34.642328191977676],[128.46846175193386,34.6424561781973],[128.46852972798217,34.642709627389785],[128.46887619472346,34.64303838589616],[128.46873617251072,34.643473342544866],[128.46789872232583,34.64398936925635],[128.46671321964823,34.64429747209664],[128.46621417354032,34.644573342340756]]],[[[128.58534926762712,34.64369078850857],[128.5853900356907,34.64364737389217],[128.58544403880674,34.64368920009863],[128.58534926762712,34.64369078850857]]],[[[128.53889191664757,34.644041168738894],[128.53892176753956,34.644106725504535],[128.53878582409075,34.64413352475978],[128.53853104649903,34.64403250201288],[128.53874547277618,34.64397499109868],[128.538769227484,34.64403818135619],[128.53889191664757,34.644041168738894]]],[[[128.58518487497412,34.64390256789837],[128.58517216814877,34.64390759726436],[128.58516581327135,34.64389886185972],[128.58518487497412,34.64390256789837]]],[[[128.26510111779498,34.64629672349331],[128.26548584731879,34.64653134139428],[128.26554411284323,34.64664881234211],[128.26528522772028,34.646660503773965],[128.26505299594612,34.646333249436005],[128.26510111779498,34.64629672349331]]],[[[128.26511898278324,34.64674443839954],[128.26510613772314,34.64674101111765],[128.2651078269924,34.646735206659436],[128.26511898278324,34.64674443839954]]],[[[128.34297360553478,34.64606012975767],[128.34315177010984,34.64624792440661],[128.34293026860504,34.64619254917975],[128.34287489275053,34.646084206525785],[128.34297360553478,34.64606012975767]]],[[[128.58471128334813,34.644871457009444],[128.5846980475406,34.64492175473659],[128.5846112183456,34.64493684311352],[128.58460724735704,34.64491460637666],[128.58471128334813,34.644871457009444]]],[[[128.58428772642836,34.64498502348195],[128.5842588704779,34.64499428934906],[128.58423583908822,34.64496384582615],[128.58428772642836,34.64498502348195]]],[[[128.58417601212093,34.64511870865711],[128.58415351060438,34.645121090932086],[128.58415006897317,34.645097266019114],[128.58417601212093,34.64511870865711]]],[[[128.5839425261745,34.6452878668026],[128.58395840954225,34.64513856350043],[128.58395258451316,34.64519627249308],[128.5839425261745,34.6452878668026]]],[[[128.5724162997336,34.64547327554251],[128.5724209066734,34.6454888856326],[128.57236573926406,34.64548409923864],[128.5724162997336,34.64547327554251]]],[[[128.58317426339167,34.64544850166779],[128.58318959411625,34.64552337576705],[128.58317068736457,34.64553043120436],[128.58312883501728,34.64550279855935],[128.58317426339167,34.64544850166779]]],[[[128.5834755536502,34.64538581504445],[128.5835427929309,34.645471055933065],[128.58347714171606,34.645545708168896],[128.5834151961233,34.645427641084105],[128.5834755536502,34.64538581504445]]],[[[128.57931961452007,34.64551241515475],[128.57943155989415,34.64561790434855],[128.57942526791902,34.64563839978191],[128.57924629250158,34.6456003119731],[128.57931961452007,34.64551241515475]]],[[[128.5785556012649,34.64588823679871],[128.57867718439832,34.64596628715907],[128.5785247757831,34.64608352059765],[128.57834243605652,34.64609878921525],[128.57814308996512,34.64598164677127],[128.5782656879399,34.645871708286485],[128.5785556012649,34.64588823679871]]],[[[128.579093998452,34.64781461806515],[128.57896347425623,34.64781763972671],[128.57888178574183,34.64767557210479],[128.5790165669605,34.64768447714047],[128.579093998452,34.64781461806515]]],[[[128.2498726817749,34.650878285650016],[128.24982648186833,34.650856018333876],[128.2498645420322,34.650825053814664],[128.2498726817749,34.650878285650016]]],[[[128.24351713883064,34.65252258991109],[128.2433460141481,34.652447531204714],[128.24326915254625,34.65250035915459],[128.24311453903368,34.65246606131956],[128.24327608388467,34.65235021208601],[128.24351713883064,34.65252258991109]]],[[[128.23385913114103,34.65268111949991],[128.23379325551102,34.652675019612566],[128.2338139937695,34.65263232227457],[128.23385913114103,34.65268111949991]]],[[[128.23583141963584,34.65128356179728],[128.23537808876952,34.65179963340235],[128.23462457980335,34.652118668446505],[128.23435586496007,34.652676429025405],[128.23403447526448,34.652719153049524],[128.23384080530752,34.65253545065574],[128.23388140360214,34.652313160923306],[128.23364182374152,34.65213596212257],[128.23364498632,34.651950448208616],[128.23344849078566,34.6517230398555],[128.2328966565832,34.65155171133905],[128.23283710913807,34.651443843357974],[128.23295628993787,34.65136112819805],[128.2328850382171,34.65122749218509],[128.23273489067833,34.65129024873441],[128.23251894707346,34.6511959504975],[128.2325927621115,34.6510688147042],[128.23297250215546,34.650910599500094],[128.23274758937143,34.650622220778025],[128.23273250897824,34.6504501229702],[128.2326054987455,34.65048435170689],[128.2325550285911,34.65042082044646],[128.23271608299373,34.65016800109105],[128.23266049313034,34.650060706181996],[128.23279269964007,34.64995610991795],[128.23263781109318,34.649888667545895],[128.2327946687613,34.649503434850836],[128.2326755042934,34.64924529154654],[128.23239440467648,34.649115470608194],[128.23214275791193,34.649099274652315],[128.23179818449063,34.649185014692264],[128.23152536115418,34.64912713578446],[128.2308234072137,34.649189369288315],[128.23016873371245,34.649101603768074],[128.22994282644797,34.649117133025214],[128.22975491712594,34.64924326292386],[128.2289987661047,34.649231697386575],[128.2277762631799,34.64879792960644],[128.227884158266,34.64848228637965],[128.2282709401044,34.64818640291109],[128.22850906251594,34.648140729743766],[128.22836155294337,34.64802438978591],[128.22833692990983,34.64791230160614],[128.22842705624242,34.64779564046965],[128.2285990811972,34.64776468477583],[128.2286613759686,34.64759871141491],[128.2291296967466,34.647475435511296],[128.22943771480698,34.64721453996003],[128.22976545481865,34.647154737657246],[128.22984690119435,34.64691068380326],[128.2301422872448,34.646618096312515],[128.23039638818364,34.64652260198661],[128.23036317806267,34.64637945906254],[128.23069499033747,34.64611950085255],[128.2307706355661,34.64590229347114],[128.23096668548692,34.64576892338497],[128.23120242380668,34.64574920052009],[128.23111926041813,34.64558241440056],[128.23119000139843,34.64549544822571],[128.23135658889038,34.645485131238644],[128.2314926710348,34.64537083439615],[128.23211720351216,34.64534435284855],[128.23250281267892,34.64520186233211],[128.2326599314166,34.64528134194572],[128.23290552838782,34.645133497033015],[128.23307024959576,34.64513129945097],[128.23317184022878,34.64494540280423],[128.23364702661772,34.64472599913701],[128.2338408033124,34.644554537420966],[128.23464118546934,34.6443824154909],[128.23468272715695,34.644241130114004],[128.23496403333425,34.64416930522256],[128.2351465162195,34.64331024900599],[128.23511788771276,34.64265491454321],[128.23496788772087,34.64224907224605],[128.2348617951945,34.64223676578076],[128.23488103618175,34.64185823071163],[128.23405805307038,34.64097650022893],[128.23416202629136,34.640902048146785],[128.23428420836584,34.640959523659575],[128.23508840459692,34.64182515200808],[128.23537513439433,34.64176290998865],[128.23548268954355,34.64181710707136],[128.23548625121913,34.64120865175337],[128.2351201310472,34.640402973443344],[128.2348741242456,34.640404266738656],[128.2347293403627,34.640308150921335],[128.23465709795167,34.64042129129891],[128.23442363802354,34.64045977289073],[128.23439391482725,34.640262269225715],[128.2340801712709,34.64032319533384],[128.23380634888088,34.64015111975982],[128.23375817072767,34.6399967441575],[128.23396344056238,34.639220064084235],[128.2339487006616,34.63900884161469],[128.23360994837762,34.63894335158356],[128.2331829148779,34.639256196629404],[128.23324199119153,34.63932576570446],[128.2331410658603,34.63938378554998],[128.23307391822038,34.63928053508711],[128.23194783105913,34.63950799482129],[128.23152188501925,34.63973176049294],[128.2316038997048,34.639861275993624],[128.23143912593605,34.63994192595615],[128.23129970193926,34.63976093522329],[128.2310438165593,34.63984160614567],[128.23053363351258,34.63978204704895],[128.23015058148258,34.63984511322367],[128.22984689132568,34.639586935012986],[128.2288482064053,34.639508146564374],[128.2286778173914,34.63931616037481],[128.228555715036,34.63943438802564],[128.2284935493904,34.63928484705765],[128.2283736632426,34.6392516312737],[128.22816071159878,34.63936291368872],[128.22805269572362,34.63926720427019],[128.22766328124914,34.63942835927753],[128.22734343380412,34.639396362481584],[128.2270255685264,34.639206524924084],[128.22702128381405,34.63909187033855],[128.22686938056916,34.639089108297604],[128.22677435918763,34.63898179202845],[128.2264119924667,34.63897129460645],[128.22605297301726,34.63862138077439],[128.2257678039119,34.63866836066148],[128.2255983364808,34.63862439228241],[128.2254043755849,34.63852850735363],[128.22542356246038,34.638384222418765],[128.2249143808538,34.63825471936212],[128.22482078645834,34.638141095976344],[128.22486191665536,34.637898892523026],[128.22389224985656,34.63811077729556],[128.22367460902854,34.63805752796123],[128.22358524677497,34.63796088772612],[128.22370145128227,34.63783874030879],[128.22374505192954,34.63758264877326],[128.2239851334688,34.63753483752258],[128.22408897149188,34.63738903661585],[128.22399008962762,34.637337037710765],[128.22397065954746,34.63713242548431],[128.22410037037537,34.6363850915772],[128.22402860446718,34.63621160451581],[128.22409702107728,34.63602431770474],[128.22427733512853,34.635872521146545],[128.22423856698455,34.63581019270655],[128.224052869165,34.635798950939446],[128.224024821846,34.635503621007246],[128.2244033317543,34.63529720394136],[128.22440523542068,34.63498371753709],[128.2247344528891,34.634663987800295],[128.22458809443123,34.63455117364622],[128.22460777200286,34.63435196336161],[128.2250257505557,34.633995648061436],[128.22531928386945,34.63391780485694],[128.22527486260276,34.63372690943554],[128.22509994537447,34.63361941211644],[128.22526898149314,34.63333589334557],[128.22514486215252,34.63304164614394],[128.22540590250424,34.63273147739757],[128.22596680859252,34.63243509629638],[128.22630062178274,34.63207519613578],[128.2265790225003,34.631925609318216],[128.22655358767906,34.631845301048656],[128.22703329296417,34.63172915726702],[128.2271873067315,34.63162813328997],[128.2272604167475,34.63146407878859],[128.2278993049065,34.63121174705901],[128.22888325846696,34.63114211189687],[128.22931378388523,34.63124978542604],[128.22972118945964,34.631564887161545],[128.22976939567843,34.631840263444886],[128.2300965656696,34.63192104306293],[128.23032706794223,34.63208769664926],[128.2303566270466,34.632135386639106],[128.2302224764011,34.63222333449193],[128.23024234690044,34.63233207210206],[128.23052660260558,34.632357020830746],[128.2306200099228,34.6324646118042],[128.2313446204735,34.63272967165938],[128.2313516423203,34.63295170544799],[128.23165721029753,34.632868380468935],[128.2317784697552,34.63299800688555],[128.23204289184247,34.63303252523981],[128.23211659193896,34.63316779689469],[128.23228023743007,34.63320652400762],[128.23234435940984,34.6334395185722],[128.23291868257544,34.63353752430982],[128.2330845619821,34.633641675813635],[128.23322499789657,34.63347224168977],[128.23338736631283,34.6337237291967],[128.23411099981755,34.63389349075192],[128.2347287658213,34.63449499955186],[128.2347699967087,34.6347149106642],[128.23461859603404,34.63497516238837],[128.23496289879338,34.63511518202507],[128.23512128109104,34.63505451123894],[128.23523699032887,34.635159276861586],[128.23521173009084,34.635058148439],[128.23580567741288,34.63468950402722],[128.23590839206398,34.63471238627263],[128.23601321992567,34.63482183298845],[128.2359765036309,34.63488033156366],[128.2359086504199,34.634849600120575],[128.2353870186038,34.63514224323465],[128.23591269623225,34.63577211707856],[128.23661769016317,34.635603086629565],[128.23742345025238,34.63513464625593],[128.23763931275525,34.634850256702926],[128.23764466521658,34.634490401177565],[128.2371273890853,34.633996071639714],[128.23710896656283,34.633843654581185],[128.23692329892665,34.63392210260443],[128.2368297192944,34.633831908261975],[128.23712114696116,34.63363701207527],[128.23722960172384,34.63321082749985],[128.23695222679433,34.633053180551265],[128.23697706843876,34.632910684829895],[128.2367541777359,34.632745138701715],[128.23692334268293,34.63249075301521],[128.23651017812668,34.63229232484787],[128.2364688400933,34.6320727575809],[128.2362565899945,34.632057395927866],[128.2361103752708,34.63192638617576],[128.23605269569458,34.63164753025738],[128.2361235207929,34.63154011835352],[128.23597776687637,34.631323177560745],[128.2361477577272,34.63113405188241],[128.23612527037338,34.63069508126446],[128.23637498013883,34.6304389070614],[128.236238840293,34.630379697028566],[128.23599515809354,34.63042541409853],[128.23561061368488,34.63030232716384],[128.23545193312148,34.63010983494285],[128.23560384698396,34.629885010507024],[128.23558249182582,34.62977811783119],[128.2350735465565,34.62951111517687],[128.23525429453642,34.629298969442026],[128.2350257562029,34.629042763633386],[128.23492473064792,34.628639056262216],[128.23505766977428,34.62854001153844],[128.2351913450979,34.628580354666],[128.23543624165865,34.62845572136975],[128.23514917201987,34.62833351950205],[128.23509549798715,34.628125072660815],[128.2356325247257,34.6280582049472],[128.2359712371595,34.62829291307475],[128.2361291596315,34.6283021474005],[128.2368110193753,34.62821481470472],[128.23716109729446,34.62803813878103],[128.23768628457623,34.62791142341915],[128.2376564333335,34.62785740110298],[128.23737851744445,34.62783986838217],[128.23743327806494,34.62777300001409],[128.23737360630452,34.62741140991587],[128.23756951458213,34.62706506555638],[128.23739100811724,34.626844411525056],[128.2378484719867,34.62658686447636],[128.23801508785158,34.626829902354366],[128.23820381647332,34.62611507107245],[128.23812713401034,34.62604203703596],[128.23839907054102,34.625758897279866],[128.23868246608595,34.62583665551843],[128.23878737880273,34.62572554301649],[128.23872581809954,34.62559514525856],[128.23900683188833,34.62543284897776],[128.23935882791812,34.62538188755575],[128.23953430333168,34.62518238142865],[128.23934890158412,34.62504217499312],[128.23938456405034,34.62496928854326],[128.2398949708221,34.62484364259793],[128.24010342109045,34.62493972708677],[128.2402494585563,34.62489585068252],[128.24042952274186,34.6250239060943],[128.2408465078573,34.624890480932045],[128.24103723997678,34.624752190632584],[128.24117381932916,34.62449430952798],[128.24163476440665,34.624472869962894],[128.24178896798028,34.62434053045028],[128.24179148467044,34.62420937481491],[128.241926159926,34.62430978515401],[128.24202463144204,34.62427171840027],[128.2426465060443,34.62379110421265],[128.2427110476627,34.62365818939562],[128.24277774460148,34.622845472443515],[128.2424737120157,34.6228612603264],[128.24245293623034,34.62277719454103],[128.24250429317416,34.622704513742924],[128.2426406529634,34.62270240311471],[128.24273460483494,34.62249242312967],[128.24288889607772,34.622470527253135],[128.24291412946693,34.62233182785429],[128.24264098634941,34.62150838483534],[128.24278075428634,34.621299024910066],[128.2426178191909,34.62082326922038],[128.2427548404998,34.62033978780988],[128.24276021215235,34.61985904400665],[128.24256879739707,34.61936472988697],[128.24187166226545,34.61869882659061],[128.24158571085943,34.618630779725294],[128.2416376903635,34.61878425402039],[128.2413562749332,34.61882421514716],[128.241619181681,34.61945673172745],[128.24163372439756,34.61987290562657],[128.24136685810288,34.619881119773574],[128.2413445208766,34.61944227391817],[128.24096442676213,34.618493580769865],[128.24051491743046,34.61829220912818],[128.24020311110297,34.61836310887506],[128.24009055120624,34.61821817787572],[128.23981982500183,34.61810281488172],[128.23927582890238,34.61813054371077],[128.2386049981231,34.61793739018139],[128.23833946610418,34.61763125096237],[128.23807979735,34.61760006809929],[128.2379654801976,34.61747678559712],[128.23774063246248,34.617595172445036],[128.23731721349913,34.617472294689826],[128.23711284122163,34.61729902562845],[128.23666231093426,34.61717032702222],[128.2365257925959,34.616776138092426],[128.23603889660194,34.61738587088546],[128.23507687630453,34.61768006806879],[128.234542502615,34.61764113979098],[128.23417466413414,34.61749713772452],[128.23377815410458,34.61716172139346],[128.23341293516452,34.617073692424036],[128.23331261004776,34.616895542175584],[128.232702799207,34.61675218825723],[128.2324506005704,34.616743739959475],[128.2315223468312,34.61715124798078],[128.23116170592067,34.617122034622156],[128.23109318166956,34.616952954039675],[128.23096250525936,34.61691638831677],[128.23099688099492,34.61682629251821],[128.23117573557633,34.616852374883344],[128.23114294513314,34.6166415975924],[128.23125830414142,34.616292947296955],[128.23138544122273,34.616255275477684],[128.23150172380633,34.61607921010055],[128.23180910803825,34.61600268063116],[128.23186586666688,34.61589114948446],[128.23314870757966,34.615341703520876],[128.232976468452,34.61520165944729],[128.233077363181,34.614965157891916],[128.2327727203663,34.61509403202503],[128.23227248783252,34.61494287009901],[128.2322411087185,34.61481514797891],[128.23210316598008,34.614724864135475],[128.23209783555453,34.61438335423014],[128.23232997503428,34.61441381882395],[128.2325976639732,34.61434815399822],[128.23266281298928,34.614406111200175],[128.23302659564328,34.614414070840816],[128.23354419353655,34.614310967220206],[128.23391405689452,34.6143416232035],[128.2338126819733,34.61419996179769],[128.2333675978469,34.6140576310072],[128.23295769898718,34.61373410092298],[128.2330277098529,34.613452157795855],[128.23327895701917,34.613366061369504],[128.23380350636032,34.612794482375],[128.234677082798,34.61240033687867],[128.23558598705947,34.61180478610498],[128.2362445024015,34.61172696022431],[128.23635182413906,34.611917449155946],[128.2364962082557,34.61196127047522],[128.2370722711104,34.61171668473016],[128.23735145972344,34.61151800486937],[128.23745230360808,34.61155466750098],[128.23811366602038,34.611424442851586],[128.23811352355276,34.61126502881405],[128.23917184059837,34.611131219338176],[128.23943031336697,34.61100256405778],[128.23983511870335,34.611124308646346],[128.23978215904296,34.611203671277735],[128.2399006215378,34.61135033627742],[128.2403541449877,34.61141167854122],[128.2409586723726,34.61174606578974],[128.2406529571959,34.61141942002215],[128.24067412021725,34.61128912844748],[128.24082595012948,34.61126180530324],[128.24136801925437,34.61149072666863],[128.24213915759083,34.611431336459084],[128.242327837549,34.6115189114504],[128.2425691211632,34.61148368963277],[128.2430452323262,34.611554193404324],[128.24297741631213,34.61190491974149],[128.2431675049377,34.612015959832334],[128.2431041677966,34.61213108835012],[128.2429913048176,34.612154952274196],[128.24331442445498,34.61224347254198],[128.24333055724713,34.612366813658234],[128.24362371098863,34.6124869425179],[128.24422976988288,34.61250247625001],[128.24474290699587,34.6128786356475],[128.244891576255,34.613290871390724],[128.24509445888543,34.6133660839625],[128.2449470114836,34.61355861506318],[128.24491179745942,34.613827391988956],[128.2453095145042,34.61380813572716],[128.2455643477431,34.61424167650596],[128.24547962623748,34.61457240499454],[128.24512578833523,34.61458357995747],[128.24539469186885,34.61496553747548],[128.24561290420436,34.6150544192425],[128.2456503432967,34.615304714947065],[128.2455766294001,34.615360036628076],[128.24546585879875,34.61523671604355],[128.24531590539533,34.61544922092383],[128.24512288197118,34.61550665181847],[128.24507390483006,34.61583942149161],[128.24481239020758,34.61634524171752],[128.24463609013327,34.61642830727252],[128.24443220422395,34.61638128148177],[128.24414190387353,34.61652644192834],[128.24415220311317,34.61684323899676],[128.2439621492434,34.617088328930535],[128.2440360886782,34.61731088844867],[128.2442107590937,34.6172748368534],[128.24415069107894,34.61745647966078],[128.24431361635786,34.61764807930153],[128.24418079839785,34.61787534303672],[128.24435925910313,34.617945559264626],[128.24424176449978,34.618121279760274],[128.24367426366302,34.61843776803132],[128.24403953979268,34.619081591973],[128.24427368050715,34.619172638703795],[128.24441021320254,34.61917148907609],[128.24440811250423,34.6190957691532],[128.24450059200592,34.61908548725908],[128.24481894664297,34.619181515247526],[128.24533467737336,34.61893053893627],[128.24572290641416,34.618843189425036],[128.2460786638471,34.6191532305964],[128.2464091434481,34.619286382919654],[128.24674445441644,34.619600281447],[128.2469523028634,34.61954932931367],[128.24703441162148,34.61934214097863],[128.24769415651127,34.61910803404226],[128.24846383567902,34.61919509014396],[128.24939169383333,34.619151608388705],[128.2503881149542,34.61940071095507],[128.2507997099827,34.61973290655655],[128.25104991676812,34.620402738924874],[128.25143705346116,34.62050405588803],[128.25161389675185,34.620379304473225],[128.25226604880086,34.620376071683474],[128.25246106084734,34.62044618739997],[128.25291280390127,34.620332194260605],[128.25372465800103,34.620817070376056],[128.25370718136168,34.62096976278812],[128.2537962639438,34.62098833081174],[128.25395770036326,34.620947083388025],[128.25423185003848,34.62060117931698],[128.25421826745261,34.62052815479237],[128.25403988230903,34.62048059435307],[128.25405139072723,34.62034181074744],[128.25436969599855,34.620458869472166],[128.25433683772928,34.62061927166429],[128.2547078859393,34.620724880858184],[128.25486697029015,34.62099752853992],[128.25502075613952,34.62101023321009],[128.25506360229465,34.62112722998186],[128.25532124443893,34.62100967330123],[128.25536378244087,34.62072579615115],[128.25550463313886,34.62068545419247],[128.25562087010005,34.620453377281045],[128.2557643305427,34.62048835744012],[128.25596503208757,34.62073649175578],[128.25593557164234,34.6207870843071],[128.25574617108384,34.620739664075025],[128.25577610429247,34.62091086137013],[128.2563658454986,34.62119309854282],[128.25708618208222,34.62065769430503],[128.25714054384383,34.620741456185776],[128.25674170367574,34.62105257982327],[128.25735834191707,34.620770659786494],[128.25753742786438,34.62080167700559],[128.2578864042863,34.62107726687079],[128.25820572258004,34.620847740124184],[128.25862175081284,34.62109399935719],[128.25876346845376,34.62156955569255],[128.25850231608226,34.621697079870266],[128.25775748267935,34.62168634831372],[128.25762643504842,34.621737040239516],[128.25762793725048,34.621836553188146],[128.25895855318197,34.62194353603291],[128.2594021735531,34.62242283437914],[128.25912007506923,34.622529502434915],[128.25872275099061,34.62252670810961],[128.25872574059338,34.622579515314804],[128.2590409243446,34.622679522298945],[128.2592795310777,34.62297499527897],[128.2595096639565,34.62293756473517],[128.25965794067454,34.623009620886215],[128.25953646189632,34.623223091808384],[128.25913990483718,34.62317887300408],[128.25909114231993,34.623228581842035],[128.25961046371916,34.623361124200315],[128.25973341639394,34.62350661051016],[128.25934555360286,34.62362912993903],[128.25977914305784,34.62374164482909],[128.26009466640116,34.624292902456084],[128.26032107365862,34.624279241737014],[128.26050257197082,34.62439712157],[128.2607110590558,34.624413398848134],[128.26146063025806,34.6248903832143],[128.2614794251006,34.62545351227478],[128.26166007713738,34.62577378104604],[128.2616094607507,34.62590772427423],[128.26171428443672,34.626070741187945],[128.26148379038497,34.626437112752754],[128.26148984399606,34.62650710380373],[128.2616014213995,34.626518316859574],[128.26158392231562,34.626680571788405],[128.261976135272,34.62671971552969],[128.2620333871625,34.62686910957308],[128.26233915925317,34.626955414615836],[128.26249740558964,34.62683918633944],[128.2625757993707,34.626973336072105],[128.26279113904232,34.62704709988693],[128.2631519622917,34.62746832800155],[128.26367761954182,34.62741796731625],[128.2637990635814,34.627454178588785],[128.263778882657,34.62754999547358],[128.26391990527168,34.62747226972159],[128.2640621323544,34.62752500356494],[128.26411112862442,34.62767111986275],[128.2653749669464,34.62734061798867],[128.26618294127627,34.627265098956336],[128.2662544893509,34.627209517041244],[128.26611113061492,34.62707304361454],[128.26647795518917,34.62702414815133],[128.26660630862324,34.626768839266894],[128.26695564687074,34.62660486819904],[128.26703687662953,34.62647613913492],[128.2677646487767,34.626313564697476],[128.26782563822462,34.6261468933597],[128.2674142866985,34.62602149288817],[128.26763031862603,34.62580731019275],[128.26738637587005,34.625814469511596],[128.26739031887678,34.62568656187742],[128.2675028599173,34.62562286509436],[128.26766169367247,34.62564988628726],[128.26754307195034,34.62555968559045],[128.2676089959229,34.62548072559535],[128.26774406960774,34.6255041637772],[128.26815040769657,34.625369647574054],[128.2684405987426,34.62502826783841],[128.26905359779423,34.62499145193548],[128.26941388877174,34.62483794199942],[128.27046510223636,34.62495646778981],[128.27104159479936,34.62489397273665],[128.27155008779346,34.624558324117714],[128.2718240076656,34.62449080428378],[128.272015808037,34.62422739164618],[128.27209872115964,34.62386093549929],[128.27195860640987,34.623583597178104],[128.2716367892491,34.623628198811105],[128.2717287078525,34.62341672826907],[128.27210754249333,34.62326803750523],[128.27190980228409,34.62312854061525],[128.27209002701628,34.623062691608176],[128.27183434687208,34.62283250950584],[128.27172395618175,34.62282300712879],[128.27170355073238,34.62273051443062],[128.2720060301362,34.621176101483115],[128.27229524112659,34.62113393905401],[128.2722813037865,34.620918009817785],[128.27249479318226,34.620969585665705],[128.27274140805758,34.62092913656799],[128.2732669706132,34.621146152030846],[128.27397259018107,34.621178254573145],[128.2743259781651,34.62106340768185],[128.27402573395983,34.62089718703045],[128.2740282966167,34.62071958409468],[128.27426109251178,34.62077098113497],[128.2745573897694,34.62059845615134],[128.2758713484305,34.6203359615007],[128.2760524187363,34.62012019268965],[128.27598764906352,34.62000661366318],[128.27577558300172,34.61994970269523],[128.2756580448515,34.61983204309134],[128.2757644351084,34.61968222352787],[128.2758878791069,34.61969712111928],[128.27586053610577,34.61954338254778],[128.27565141146493,34.61943059243016],[128.2757066125776,34.61939351047491],[128.27625341320464,34.61931647465423],[128.27676480944504,34.619530584901305],[128.2770945410224,34.61945937849544],[128.27731350290708,34.61959854516758],[128.2783153769222,34.61990684155043],[128.27831789196733,34.620045255443785],[128.27806611326278,34.620125455497124],[128.27724118293324,34.62016210242118],[128.27738356562818,34.62025023327188],[128.27721789043164,34.62033055825195],[128.27815849563927,34.62038640499229],[128.27884918060644,34.6206179624461],[128.27897533684902,34.62048468045513],[128.27928350691093,34.620504613417964],[128.27939621221316,34.620386588315526],[128.27965546780533,34.6204568333424],[128.27967275205782,34.620591215650464],[128.28037998257446,34.62071202130106],[128.2808376287689,34.6206859893049],[128.2811069424676,34.62087133736544],[128.28142565082592,34.62087592142683],[128.28168229089178,34.6210389214527],[128.28199003308762,34.62093725918197],[128.28205915635425,34.621083039008134],[128.28195108288728,34.62125892148733],[128.28175950924586,34.621357604626866],[128.28197096794779,34.621437339136286],[128.28250010737273,34.62128636487653],[128.2828916544272,34.62149805091209],[128.28299497932602,34.621331853353524],[128.28321226376022,34.62127465687545],[128.28432199540117,34.62144660997619],[128.28468711406106,34.621655918041945],[128.28478632678025,34.62151386419075],[128.2849681195419,34.62146587185255],[128.28520671895805,34.621485693719634],[128.28501295640925,34.62163433245334],[128.28557589532156,34.621626317625754],[128.2858351764352,34.6215308796906],[128.28626101181288,34.62190139082408],[128.2864417065568,34.62195809164576],[128.28659339833905,34.62173793025435],[128.2867263983565,34.621698363155],[128.28732051607216,34.62174870823154],[128.28731821713168,34.621588570538115],[128.2871678007746,34.62155299526669],[128.2870258589354,34.62135655429722],[128.28721360166125,34.62130348474946],[128.28756223133897,34.62142031577879],[128.2875393849111,34.62127182454405],[128.2871687578376,34.621047980772914],[128.28730335981027,34.62085523797688],[128.2870195348522,34.62072031609269],[128.2872401733868,34.620724559077374],[128.28739747293992,34.620590300071],[128.28757695540867,34.62057074797744],[128.28746393130857,34.62044364183485],[128.2875221809439,34.62036556386875],[128.28831966616573,34.6205696467876],[128.28835799141066,34.62048005263365],[128.28822216293133,34.62030532601655],[128.2887210616961,34.620351189998715],[128.28847540574995,34.62025982727337],[128.28846381734405,34.62015411283042],[128.2891322392975,34.61996743639544],[128.28964761461413,34.62003958571874],[128.28970627201707,34.62035025890669],[128.28902978215885,34.62038623548066],[128.28902484951146,34.620460000607096],[128.28918122075123,34.62051196081653],[128.28902221477,34.62058362235351],[128.28844717129826,34.6205881034564],[128.28866620464876,34.62064512581631],[128.28856396845637,34.62071305971155],[128.28865713512536,34.62080742999987],[128.28897932902206,34.620842828547666],[128.28912063446543,34.62125029090401],[128.28846425186592,34.62160491626525],[128.28815126741202,34.62166540428656],[128.2881327948751,34.62218664739432],[128.2880519497782,34.62236117521355],[128.2882661413067,34.6227494260897],[128.28810045462635,34.62291331211069],[128.28836732754837,34.62313604974891],[128.28830317941672,34.62348159590226],[128.28804232164745,34.623731368187016],[128.28759222944106,34.62370241838348],[128.2871739746189,34.62378704494743],[128.28705907904416,34.62372254874228],[128.28654989106897,34.62391478190327],[128.28642360722887,34.62462276117021],[128.28657579164704,34.62469208544888],[128.28687034067846,34.624686355848596],[128.28687326624183,34.62480119896323],[128.28662319581792,34.6248139334471],[128.28657419293714,34.62490564920636],[128.28685119331246,34.62499462932904],[128.28698042357667,34.62535039311522],[128.28689032248673,34.6255776206211],[128.28641104220134,34.625771880438464],[128.28640173018232,34.62610322799336],[128.28675151390752,34.62628089153896],[128.28680364968395,34.626392713697285],[128.28663911055705,34.626456400135076],[128.28670169584817,34.626540926921265],[128.28722192177608,34.62660694176444],[128.28786641197888,34.62696653069908],[128.28804055708326,34.62723933519175],[128.2882831878064,34.62736718112785],[128.28822601108064,34.62763341467995],[128.28841865758028,34.62763361510811],[128.28851024415468,34.62779664993673],[128.28806105759884,34.62810498121471],[128.28829017100028,34.62819556316957],[128.2884435789072,34.62838147853035],[128.28829751798236,34.62849308678538],[128.28830779344264,34.628586394027884],[128.28879681981712,34.6292865759482],[128.28870115167865,34.62940765648377],[128.28873795592855,34.62956849330603],[128.28887277090053,34.629615272675814],[128.28917102864185,34.62956666497506],[128.28949041299487,34.629663483283466],[128.2896145166994,34.629925583312726],[128.289630651223,34.63012758772535],[128.28955279433112,34.63019525547253],[128.28970415946225,34.63031008243065],[128.29009758663082,34.63038846817808],[128.29059400551432,34.63032239181563],[128.29077887603438,34.63014963731344],[128.29101077513474,34.63008581866723],[128.29115564999657,34.62976341930877],[128.2916806105173,34.62985129538431],[128.29153415303801,34.629319441470976],[128.2916625933204,34.629137071056164],[128.29184772691787,34.6290554297194],[128.29192248282777,34.628893412380435],[128.29214290692173,34.62890137924293],[128.29227568241893,34.62901274193117],[128.29264571004654,34.62912730345546],[128.29280311035498,34.62932734053086],[128.29274326337872,34.62943189188707],[128.2931627371414,34.62939275226096],[128.29344724370256,34.629633029271126],[128.2935771113251,34.62980761436122],[128.293598110373,34.630014685130455],[128.29336601861775,34.63016357282865],[128.29332862630682,34.63030612228575],[128.29355027719762,34.6303289821175],[128.29369511582095,34.63019299898816],[128.2938972414963,34.630184563137455],[128.29414867154054,34.63038220442523],[128.29414050181654,34.6304599783072],[128.2937819691254,34.630641701862494],[128.29403154913555,34.63074398892848],[128.29395427662752,34.63093908720213],[128.2937108026117,34.63106638195974],[128.293546954827,34.631040727824114],[128.29348133858457,34.631154328420486],[128.29331544820434,34.63118320004471],[128.29321324377582,34.63129804394833],[128.29335857347846,34.63147673810207],[128.29342652873686,34.63206168232969],[128.29389534661468,34.632396042453436],[128.29410270567703,34.632436386656764],[128.29436284599524,34.63235114292252],[128.29449895640715,34.63241204457252],[128.29458090014853,34.63233795805534],[128.294868196381,34.63229653718373],[128.2948827091191,34.63202348830953],[128.29516493668476,34.631784407927334],[128.29513554579387,34.63157161279785],[128.29531965434632,34.6313636252926],[128.29585864795902,34.63134605534425],[128.2960485717258,34.63145663419684],[128.2965499160702,34.63146662867519],[128.2964514594597,34.631756857231984],[128.29591245460202,34.63188818969786],[128.29634377412643,34.63193548817928],[128.29633253631488,34.63198700289302],[128.29613387027683,34.632097511150974],[128.29591792457023,34.63206110223345],[128.2960350519383,34.632222993272144],[128.29573517466872,34.63226810243493],[128.29576218994717,34.63236092547806],[128.295933476236,34.63240191041776],[128.29592903389934,34.63252927441377],[128.29611089447664,34.632741782945025],[128.29600775568775,34.633362858703784],[128.29579931694346,34.633422273831464],[128.29579949403103,34.63353745634453],[128.29559011802772,34.63370775676381],[128.295207875194,34.633828912332],[128.29486548447082,34.63381022148315],[128.29466101365028,34.63393755970505],[128.29468037393283,34.63428536703182],[128.29452413558639,34.63429493101187],[128.29450333159144,34.634094505325365],[128.29411706132913,34.63420073332268],[128.29407017418475,34.63402566014429],[128.29389578323014,34.63399424164215],[128.2935845135036,34.634252149398954],[128.29347958792624,34.63445668026219],[128.2934112753326,34.63467706579545],[128.29346582970032,34.63504478442373],[128.29379939490548,34.635428239311715],[128.29391557032693,34.6356916621652],[128.29453294131787,34.635864660412615],[128.29474733037506,34.63603462455027],[128.29494612502248,34.63645293292808],[128.29489994364093,34.636707794691496],[128.29496389306334,34.63678779564838],[128.29540748893922,34.63689008360855],[128.2957142174425,34.637088773678805],[128.29626113429197,34.63720445460821],[128.29693691102483,34.63754847333275],[128.29742349197826,34.63756540753239],[128.2977291545883,34.63776516712101],[128.29822718897196,34.637794784083866],[128.29837490171758,34.63760434156042],[128.29864003673885,34.63774642023269],[128.29861041117863,34.637909025120685],[128.29807038408453,34.6380988039248],[128.29859196126537,34.63812536613469],[128.29866336172432,34.63820798102819],[128.2988298715778,34.63819080294633],[128.29893194444878,34.63832625326398],[128.29840040307576,34.63851071613203],[128.29849692724267,34.638549825028484],[128.29885835112853,34.63847580548907],[128.2989857506291,34.63852690723559],[128.29893883273562,34.63883655389652],[128.2991085589802,34.63900453390691],[128.29914142715793,34.63920788960216],[128.29898488656073,34.63942118660325],[128.298556350903,34.639617964313054],[128.29895984262492,34.63960131890627],[128.2990761869049,34.63972168098813],[128.29886173997417,34.6397932433635],[128.29814482807163,34.63976869049415],[128.2979705172891,34.63986779278457],[128.29767125062935,34.6398557903723],[128.29762470011042,34.64008507679125],[128.29743928440524,34.64015400210476],[128.29650652015883,34.6398014256562],[128.29633693934707,34.6398443750938],[128.29614442494574,34.64009554673134],[128.29575004928978,34.639997389792306],[128.29539691064414,34.64021976518785],[128.29516877872462,34.640194228767896],[128.29475067287183,34.640002759715145],[128.29425078653958,34.63992356428173],[128.29394214788053,34.64004253765687],[128.29362335835424,34.64006488437566],[128.2934747290969,34.640190252947555],[128.29324743534946,34.640095696165474],[128.29248474459027,34.64029360854318],[128.29211388182983,34.64012490231795],[128.29178455172743,34.640348718719814],[128.2917421216947,34.64046362228747],[128.29109379451018,34.64072275107805],[128.29042441338973,34.640803702030595],[128.2899358859897,34.64055381451823],[128.2892322096325,34.640471535797566],[128.28833672796267,34.64008776622398],[128.28803120024043,34.63988317667482],[128.28795047288833,34.63957405397025],[128.28765797644388,34.63954832595341],[128.28705203691237,34.639187285586985],[128.28578866677992,34.639031050202384],[128.28446571762564,34.638561779207016],[128.28354262594038,34.63790416387692],[128.28317741225672,34.63749050800915],[128.28313285086017,34.63718305412958],[128.28320851569748,34.6369576808213],[128.2833659316794,34.636880174614845],[128.28361041143657,34.63628176973509],[128.28319672121398,34.63581280326999],[128.28305001190898,34.635891324440266],[128.28294058395576,34.635824163521924],[128.283048199867,34.63571082643254],[128.28284146918023,34.63542788107818],[128.28239839400226,34.635214565951976],[128.2818083052339,34.63509730751775],[128.28162754570397,34.635107952725654],[128.28087111230693,34.63542748120264],[128.2806349271398,34.63542822760203],[128.27989096366144,34.63507286333104],[128.27962554514954,34.6348303180908],[128.27965103070795,34.634683246247505],[128.27989056151128,34.634641292094315],[128.27984104850728,34.63438054939254],[128.27972199387264,34.63422409714743],[128.2788908291595,34.63378686149467],[128.2788046052616,34.633469453844235],[128.27887433099158,34.63327680376529],[128.2785794955491,34.63320406941206],[128.27871427870522,34.63287570718642],[128.27901805679298,34.632958923078924],[128.2791892162874,34.63263519482535],[128.27903686105637,34.63225561706551],[128.27845887197012,34.63182260874532],[128.27830695950482,34.63113155157308],[128.2781683054812,34.630968174516056],[128.27749521310284,34.63076518371479],[128.27731090991745,34.63031369636464],[128.275352317948,34.63106102755231],[128.27511492152198,34.63100284023813],[128.27518431766583,34.63083878754904],[128.2754249018032,34.63080403974566],[128.27729695969307,34.6301030228161],[128.27750978775848,34.62990031829844],[128.27844349296984,34.629445313019694],[128.27864256529162,34.62928790904877],[128.2786779070344,34.629145321077324],[128.27852907441158,34.62910635975016],[128.27860498018433,34.628638775738054],[128.27877018858035,34.62865504039157],[128.27881058541578,34.62843927846597],[128.27882065281094,34.62829876086449],[128.27868630472946,34.6283032320364],[128.27860986482216,34.62848773512547],[128.27854295571768,34.62848535772497],[128.2785530466254,34.62828062768435],[128.2788234136174,34.62825191434055],[128.27873788271486,34.62776607656811],[128.27860014515986,34.627609193082925],[128.27777590357655,34.62765097708668],[128.27707177071588,34.62678524362879],[128.2758985087583,34.62620452951986],[128.27565825540125,34.62621757859383],[128.27586870844326,34.62616149092681],[128.27583009386206,34.6257467229784],[128.27565332985105,34.62571374132124],[128.2756955437909,34.625176623791084],[128.27591158387816,34.62525506539381],[128.27588503841127,34.624961400521194],[128.2754962791108,34.624700995907645],[128.2746912001534,34.624706456224324],[128.27457134247788,34.62476424536289],[128.27444354644174,34.6250000401614],[128.27461853486022,34.62558954169712],[128.27424848718232,34.62577478642732],[128.2736148323337,34.62588531237022],[128.27315888749624,34.626113977758095],[128.27293092018394,34.62643988043335],[128.273054127062,34.62653380083677],[128.2732071334543,34.62697192367821],[128.27312514405284,34.62717818948304],[128.27215824289493,34.627950232000615],[128.27227503180183,34.628298639047095],[128.27251464642646,34.6282280929608],[128.272530475639,34.628283279325714],[128.2723163572583,34.62835362973697],[128.27248592582,34.62885518900314],[128.27281041499515,34.628926500547905],[128.2729026884102,34.62917636081814],[128.27273692213174,34.629294881104684],[128.27276673006693,34.62941655743711],[128.27322872720188,34.629310339832344],[128.27325179085045,34.62939406813411],[128.2728113059024,34.62949220763819],[128.27287679987185,34.62969152654969],[128.27273982036147,34.63000369984498],[128.2725021190945,34.630014733692946],[128.2722055554218,34.630164192609215],[128.27258629672784,34.63087812569896],[128.27276286686876,34.631020080977564],[128.27337235881288,34.63196163478873],[128.27336167003418,34.63209981938064],[128.27323097973616,34.63213623543114],[128.27311855831877,34.632062066975024],[128.27203904235213,34.63026224199315],[128.2717414384049,34.63018717018939],[128.2709321456616,34.62934573003149],[128.2706350694733,34.62936101131546],[128.27042002119455,34.629421642307626],[128.27017774683057,34.6296178789872],[128.27031358191658,34.62988115592777],[128.27019498124855,34.62992393010364],[128.27012741739412,34.6298273136523],[128.2695911331728,34.630102602168876],[128.26945857293137,34.630049769679296],[128.26898964297158,34.63035205525916],[128.26921900879287,34.63056772087189],[128.2688661154167,34.63077877877999],[128.26871214396994,34.63059721301645],[128.26850449567408,34.630769783929004],[128.2681459295871,34.630909440893966],[128.26747372439274,34.63100838730584],[128.26585861792452,34.63188560065528],[128.26567541401826,34.63215153855679],[128.26597493288662,34.63220971483587],[128.26590782344365,34.63247545054187],[128.26577719184402,34.632502891960996],[128.26610442607316,34.63265123410311],[128.2660719698498,34.63270587601634],[128.2656730894191,34.63251464813756],[128.26503523186975,34.63439218059664],[128.2660797262733,34.635361030545795],[128.26692239171956,34.634641007298825],[128.26649427549344,34.63434638972325],[128.2665592377177,34.634277905040605],[128.26693434465957,34.63452246215584],[128.2671044667385,34.63435611681836],[128.2672236813865,34.63443224729638],[128.26783354187077,34.63389574032658],[128.2687427737117,34.63376924320938],[128.26911368808612,34.633858071818565],[128.26962799713453,34.63422961902638],[128.26960732428793,34.63478660470391],[128.26990257953278,34.635023292543934],[128.2704563093264,34.63507028579055],[128.27210478559616,34.63428706529569],[128.27252438693316,34.63429181802194],[128.27333454119324,34.634712682997844],[128.274240914536,34.63356832270704],[128.27440442195766,34.63352984226146],[128.2745133525386,34.633621315870336],[128.2745038039689,34.63371930232423],[128.27319242368412,34.63524497492349],[128.2731229969286,34.63622027688232],[128.27344135399449,34.636887047940036],[128.27416332795752,34.63760067082226],[128.2754432270889,34.63799795740292],[128.27563812560095,34.638298153025396],[128.27564924247912,34.638502068638346],[128.27553949896398,34.63873852489174],[128.27526471501614,34.63901097655087],[128.27563695405752,34.639048410084655],[128.2756724504603,34.63920141368335],[128.27493458678836,34.63951387988622],[128.27436472383604,34.639663927917695],[128.27402067121375,34.639940933172056],[128.2736591868754,34.6400879481359],[128.2732489718525,34.64019822097427],[128.27261431107553,34.64021328381493],[128.2720199578875,34.64035879771291],[128.2710994517241,34.64082332678698],[128.26940577686068,34.64270280384803],[128.26909141892173,34.64291310159616],[128.2671675313886,34.64378605241034],[128.26628094800796,34.64459298035593],[128.26595965028432,34.64499165066261],[128.26547978576724,34.64528013389989],[128.26540633278447,34.645632038348296],[128.26502031014434,34.64582398620882],[128.26492476212013,34.64597725223321],[128.26436379301444,34.6453961156327],[128.26373310080996,34.64517690940586],[128.26348462463304,34.645195330226834],[128.26347561436188,34.645052891916514],[128.2632695964901,34.64482822639897],[128.26297568218382,34.64470114257834],[128.26253419236068,34.644737351558156],[128.26216030901784,34.64494607486336],[128.2611283871458,34.64466692006833],[128.2607257961745,34.64470137826285],[128.26057315338738,34.64478527687417],[128.26026587300146,34.64520705013947],[128.2594001276902,34.645168925249656],[128.25938308463373,34.645471895773305],[128.25869985350823,34.6457085370416],[128.258636249489,34.645611793338965],[128.2592422580993,34.645387702523585],[128.2592720893746,34.64504852843868],[128.25896504207276,34.6449825402756],[128.25898691858575,34.644860423672235],[128.25879915560205,34.64488267822881],[128.25879056201623,34.64499193679165],[128.25867340183305,34.645001561705335],[128.25870338194602,34.645187685096914],[128.25857642387064,34.645192256948505],[128.25855517717392,34.645014477369784],[128.25806907635587,34.64504168022179],[128.25766068291978,34.645162997501096],[128.2572423357219,34.645492756850096],[128.25635734551827,34.645960525653265],[128.25509093977914,34.64695733839853],[128.25490537663728,34.647184885351976],[128.25294046527762,34.64848379640564],[128.252094194918,34.64941155168894],[128.25166632699577,34.649591853707705],[128.25150047415238,34.64982553045195],[128.25168446867033,34.650128877572556],[128.25160493504367,34.65014283574929],[128.25132640151665,34.64970678876586],[128.25104184599078,34.649825078203506],[128.2513238200115,34.650173669166435],[128.2514848697899,34.650124796434476],[128.2515544757004,34.65026283308251],[128.25124967581866,34.6503612032711],[128.25100536777452,34.650000137761346],[128.2507898387227,34.64993700298977],[128.24952814049794,34.650853460973956],[128.24831974607045,34.65139685627424],[128.2481795490657,34.65161920626987],[128.2471418611442,34.65169241534928],[128.24682851950374,34.65182169350759],[128.24653490038037,34.652163903756936],[128.24598207406777,34.65188961098824],[128.24505521073047,34.65189350959275],[128.24453298329453,34.652202040146605],[128.2439737484088,34.652136414184184],[128.2432692005805,34.652279336244916],[128.24304645392237,34.652208137527055],[128.24276574005378,34.65225708609988],[128.24234109269665,34.65256130478608],[128.2421915806149,34.65233083639654],[128.24236083538744,34.65210156384388],[128.2423545680225,34.65198340535316],[128.24208755409248,34.651430680870696],[128.24168866515546,34.65098700270256],[128.2408751081449,34.65084033232738],[128.2400773810617,34.650938368217496],[128.23996567455634,34.650727883375005],[128.23974746213943,34.65063541438296],[128.23950732476592,34.650641785631656],[128.2387535828873,34.650939701904974],[128.23814932699392,34.65074296204049],[128.23799038845397,34.650619106582106],[128.23723633651858,34.65051481179654],[128.2367451162595,34.65055953630775],[128.23654733027576,34.65064512598784],[128.2364808025021,34.65096611498848],[128.2361119702312,34.650968411591016],[128.23590270490575,34.651089539730016],[128.2359652905523,34.651184421314646],[128.23624263444626,34.65101344252023],[128.23630327282532,34.65104812814963],[128.23621336431708,34.65113845029184],[128.23644498977092,34.65149113853965],[128.23637660073237,34.65151490288662],[128.2361446216721,34.65119761019207],[128.23583141963584,34.65128356179728]]],[[[128.2339152475799,34.65278847284772],[128.23391524773746,34.65273723521328],[128.23394818504505,34.65273601525333],[128.2339152475799,34.65278847284772]]],[[[128.57551482737077,34.6502098304181],[128.57547360721478,34.65029297820029],[128.57545853314508,34.65029716267598],[128.57544662384043,34.650215451995955],[128.57551482737077,34.6502098304181]]],[[[128.57564994757186,34.650215709007085],[128.5756313956723,34.650302992423754],[128.57557428336418,34.650315413633436],[128.5755720270749,34.650201645739536],[128.57564994757186,34.650215709007085]]],[[[128.23406773796975,34.652870206575926],[128.23400430238993,34.652854347594555],[128.23405431756876,34.65280433105844],[128.23406773796975,34.652870206575926]]],[[[128.57573217539183,34.650297205974795],[128.57577946675553,34.650375640433275],[128.5756733485581,34.65042523994247],[128.57565604743579,34.650329502504995],[128.57573217539183,34.650297205974795]]],[[[128.3521199319664,34.65222030620328],[128.3518129806255,34.652201618495496],[128.35172161777936,34.651845346299815],[128.3515574450328,34.651654026651755],[128.35133237369268,34.65164324419862],[128.3512093885198,34.65142505799859],[128.3518501809343,34.65079269976107],[128.35178598657396,34.65048392551855],[128.3514930379908,34.65041213905482],[128.35138200501785,34.650589577387144],[128.35129573962394,34.65058756368426],[128.35138982082012,34.65044971475684],[128.35134997438894,34.65026475872226],[128.35151601592517,34.65028743283048],[128.35157939860122,34.650133462738445],[128.35177830496693,34.65018634318487],[128.35191067233217,34.65003488124518],[128.35162281004264,34.649712975160796],[128.35169187418396,34.649681827507216],[128.35151277457376,34.64942034946945],[128.35077581134914,34.649162270611846],[128.35051687488306,34.6490729306208],[128.35031462309806,34.64914048534186],[128.34972623689075,34.649708215508575],[128.35033555622414,34.65011652427477],[128.350365651891,34.6502164621331],[128.35024400178602,34.65029047841952],[128.34956087712624,34.649812426375625],[128.34935317416605,34.65000448663847],[128.34910152354993,34.64982728304554],[128.3478839813299,34.64985006906298],[128.3478650506696,34.649616918739085],[128.34700873006867,34.649696780222484],[128.3466805671317,34.649523840837325],[128.34529171635234,34.64982399888412],[128.34491451563784,34.64974944586388],[128.34475764544106,34.64959643257578],[128.34432583476655,34.64950430016973],[128.34392027376353,34.64887799933108],[128.34395407283526,34.648706326125414],[128.34380281032594,34.648418660491245],[128.34395363093478,34.64832344757166],[128.34400297193233,34.6481950027233],[128.34392202089197,34.6479956064029],[128.3441308930904,34.64786226628572],[128.34416184528746,34.6476082133417],[128.3441273469432,34.647535881997136],[128.3439524822545,34.64762995489357],[128.3438466970346,34.64754741202141],[128.34401586369316,34.64746519269486],[128.3440493473865,34.647246968167266],[128.34390420590373,34.64702890957338],[128.3439086025745,34.646748542167124],[128.34362932387245,34.64623992507513],[128.34329993756856,34.64635835848744],[128.34342336413226,34.6461005838769],[128.34318233757162,34.64593471419701],[128.34331520884717,34.64582370917069],[128.34318776891837,34.645766327608],[128.3431329948648,34.645564704448425],[128.3433585989195,34.64524791903247],[128.3434515922883,34.645267193067035],[128.34363013457954,34.64569195033558],[128.34386402168732,34.64533096995932],[128.34391940923044,34.64550834016198],[128.34417999918364,34.64545309891605],[128.34413816820114,34.64521357663541],[128.3443874584794,34.644782732828226],[128.34514731607948,34.6441583804169],[128.34533677901183,34.64409150095958],[128.34566804833793,34.64410048243018],[128.34564485394623,34.64359781356396],[128.34578867977584,34.643483494365064],[128.34582051180334,34.64328759571931],[128.34595131419835,34.643256190801466],[128.34591541401224,34.64310380939266],[128.34549772293397,34.64303980800295],[128.3451339787323,34.64287747739648],[128.34491692932352,34.642548806608424],[128.34518486952865,34.64232803174772],[128.3452145949918,34.642190022920566],[128.34488510617393,34.642206411528264],[128.3445902908911,34.64205478441751],[128.3445797216917,34.64198109796483],[128.34497698755675,34.64170721395657],[128.3455355011284,34.641518817808944],[128.34571847482385,34.64155696233757],[128.34562788737108,34.64171069535161],[128.34598107276182,34.641613318114565],[128.34589576384013,34.64188786437753],[128.34609571322338,34.64187095612098],[128.34596183253328,34.64201072747074],[128.3459930816262,34.64216414392166],[128.34632227998702,34.64211158465606],[128.34633329226213,34.6419285794499],[128.3465823365398,34.641908766851344],[128.34699111716074,34.64162241790212],[128.34730086216328,34.64163564392021],[128.34738862017846,34.641705610558375],[128.34816686694325,34.641687453797736],[128.3485955561883,34.641841034468754],[128.34880206781042,34.64168257431701],[128.3487341359418,34.64159911291849],[128.3488359485439,34.64146212638581],[128.34862701093422,34.641230213522775],[128.3485187241385,34.64091211745086],[128.3487064054775,34.64076956660648],[128.34879292534177,34.64033068995943],[128.34919746800287,34.63983486303456],[128.3497547140872,34.639850941011964],[128.34986861987707,34.63979419291323],[128.3500675863195,34.63983208241776],[128.35011544933135,34.639965835406336],[128.3504233049172,34.63998393171685],[128.35049755006517,34.63989779703608],[128.35067214547942,34.63988340722204],[128.35051360121466,34.639694582094016],[128.35053535373447,34.63959743684069],[128.35089645317197,34.63958616354655],[128.35169289252246,34.6398268210286],[128.3516945929054,34.63993966918742],[128.35216570221732,34.63995680839948],[128.35226440572947,34.63988470539787],[128.3522073922694,34.639705455693736],[128.35275812744038,34.63954896638849],[128.3528818864122,34.63963236517681],[128.3528862826563,34.63980301363238],[128.35342465790615,34.639751034505885],[128.3534454300063,34.63965618068622],[128.35364962408286,34.63958687137781],[128.35368610547494,34.639684343555196],[128.35395246770562,34.63978112059553],[128.35399228443262,34.63985896050681],[128.35423972620075,34.63991349290882],[128.35444112116068,34.63984169047834],[128.35451308328862,34.63967242963944],[128.35506046754145,34.63965955180898],[128.3553227644251,34.63938712436029],[128.35562330346426,34.6392612998022],[128.35597061044643,34.639322740669904],[128.35604026820985,34.63913407116734],[128.35636356597058,34.63905379805004],[128.3565388680553,34.6393173575516],[128.35630092238696,34.63963700778953],[128.3564560747631,34.63985452603802],[128.35663289952126,34.63988070754721],[128.35688015228965,34.640070817569594],[128.3569610120306,34.63986022909861],[128.35744445236,34.639852396082055],[128.35749455103274,34.64012661399516],[128.35788199912434,34.64020097881901],[128.35780700157108,34.6403930251979],[128.35752131493464,34.640600487248435],[128.3574420325225,34.64075786194478],[128.35758064821707,34.64089389095483],[128.35776572882426,34.64086903526332],[128.35782538144792,34.64096194887243],[128.35742550498293,34.64111286997925],[128.357448069569,34.641234011761824],[128.3582339724183,34.64137890345749],[128.3591782731729,34.64189187415009],[128.35910891933509,34.64202595687569],[128.35881491402807,34.64219362087923],[128.3592231128243,34.64258851135539],[128.35949666123864,34.6426435000979],[128.35950367308794,34.64277106158478],[128.35933568352735,34.642897797687425],[128.3593802466951,34.64303349445575],[128.3596479253089,34.64302747228629],[128.35990936271517,34.64312819350111],[128.36009503149,34.64337016205324],[128.36056632123064,34.64336705799659],[128.36093074905014,34.64308005859083],[128.3612273134016,34.64301839507386],[128.3618902978327,34.643148771324874],[128.36202161167392,34.64306366828953],[128.36221745868505,34.6432881242685],[128.36234843133846,34.64332552658616],[128.36234186236229,34.64309130462388],[128.36262065462563,34.64306133855173],[128.36276250862966,34.64313991810367],[128.36278901440173,34.64297817292947],[128.36293271581275,34.64285971622371],[128.36268653806894,34.64283200290896],[128.36265993280554,34.642759020450725],[128.36280577969393,34.64271972330837],[128.362998461736,34.64277338079911],[128.36305232449948,34.64253268758419],[128.36337013124344,34.642494396375],[128.36352227149283,34.64239991115502],[128.3639570684296,34.64188696877819],[128.36378649017823,34.64188771364749],[128.36374060381158,34.64181075596193],[128.36404930628206,34.64154838221668],[128.36373715785072,34.64132859262094],[128.36392122187502,34.641075887776395],[128.3643798160996,34.640956331676335],[128.36449232494772,34.640795561775974],[128.36471057517514,34.6409002977477],[128.36496042619422,34.640717259300985],[128.36581051655708,34.64061465814898],[128.36572422093965,34.64048834615993],[128.3659259516253,34.64042900371935],[128.3663172077238,34.640570746490695],[128.3662291756254,34.64012988417411],[128.36635840598927,34.640119774513785],[128.3664322534948,34.63998849544513],[128.3666033633766,34.64002769744309],[128.3667163500331,34.63997273743414],[128.36655194538514,34.639809823172],[128.36665464583712,34.639612503183926],[128.3668158384402,34.63958439579815],[128.36687768219633,34.63948259828134],[128.36716810534253,34.63944254951617],[128.3673586680304,34.639273005998035],[128.36726247005421,34.63911953954185],[128.3673608366252,34.638949371138374],[128.36794308810167,34.63900352832422],[128.36810391810417,34.63889104767105],[128.36855940354513,34.63877319609463],[128.36859482057747,34.638661473580804],[128.3687178639845,34.63861544869182],[128.36906365223666,34.63871684440201],[128.36949989066912,34.638581989422946],[128.36998241906232,34.638565753035486],[128.37014499019904,34.63865081593063],[128.37001916032776,34.6387726226569],[128.37033353628573,34.63871383816092],[128.3705155910035,34.63880453998709],[128.37079392754137,34.63873337789018],[128.37100654435451,34.63910260306153],[128.37131274152125,34.63904844096949],[128.37125294235915,34.63882628303548],[128.37143575468343,34.63864102940655],[128.37125097896714,34.63853276406412],[128.37132954540877,34.63829586390497],[128.37182625015066,34.638160491954835],[128.37192573353394,34.63820842439303],[128.37214609340623,34.63813916343777],[128.3723436589649,34.63817379646392],[128.37241738289265,34.637933740728926],[128.37312861266108,34.63773008845907],[128.3732916291024,34.637757464658186],[128.37349247521487,34.637608770565684],[128.37373612933516,34.63762900105631],[128.37396643540058,34.63775173785582],[128.3739358242424,34.637487989371],[128.37415120544128,34.63731485603172],[128.37401938912203,34.63709969477927],[128.37405329173873,34.63684438520449],[128.37417124420466,34.63674928866017],[128.37492270620814,34.636594980433294],[128.37454360682403,34.63649641109058],[128.37426164725375,34.63650658371352],[128.3742280931277,34.636342745284985],[128.37487832483086,34.63604207317756],[128.37477581627016,34.63593702385538],[128.37496073486952,34.63592780871753],[128.37504152600204,34.63601604076882],[128.37569142019876,34.63576267133506],[128.37608708432182,34.63572270239724],[128.37620545521432,34.635785199792586],[128.37614538272084,34.63596829199942],[128.37568408888316,34.63634887107879],[128.37521281403377,34.63653664609153],[128.37530145864747,34.63663084625665],[128.3757721632925,34.636707640714064],[128.37601007241733,34.63699819891209],[128.37602184713273,34.6372139470847],[128.37571846901125,34.637409762752355],[128.37522061732076,34.63758996900046],[128.37588940917163,34.6381214641821],[128.3755067423343,34.63865666444869],[128.37451201580575,34.638827472944165],[128.37459774644788,34.639250034399694],[128.37478704441338,34.639479178295026],[128.37514669274054,34.63969361009131],[128.37527222381055,34.63954727781874],[128.376022600234,34.63948623683078],[128.3757529566637,34.639272768250784],[128.3757994058461,34.639205579988364],[128.37598632399562,34.639283952174154],[128.37616729509048,34.639223520990626],[128.37631806695555,34.63932399568985],[128.37668086174278,34.639335836169494],[128.37671392078758,34.63944758989297],[128.37700048091435,34.63947501790532],[128.3770685520117,34.63959624611708],[128.37735233737877,34.63965757688293],[128.37744964179583,34.63979898064136],[128.3775816605244,34.63979347768941],[128.37773711312025,34.640082468594734],[128.37806784439627,34.64008153411884],[128.37812388059243,34.64018193204851],[128.37840495470513,34.640255216453525],[128.37832456267606,34.64033191934774],[128.37851929970748,34.6404363372266],[128.37834964058888,34.64060309356138],[128.37856647961505,34.64081928127787],[128.37902100245807,34.640828102968676],[128.37909342758675,34.6406812307183],[128.37958347730162,34.64058640837175],[128.3795561769922,34.640534899283125],[128.37980621953335,34.640458961937775],[128.38027367002988,34.640529970239626],[128.38068337624432,34.64044845625517],[128.38080960613135,34.640314655894215],[128.3810425453423,34.64036033812791],[128.38091750682182,34.64048966460746],[128.38112990823836,34.64055752771462],[128.38113425126843,34.64070693862065],[128.38042843551582,34.64103021234099],[128.38097384756364,34.64122120584368],[128.38097650151792,34.64131151681201],[128.38077720159237,34.64156172479958],[128.3803940964692,34.6416904390497],[128.38042520317154,34.64178404253515],[128.38057675215717,34.64179599134373],[128.38063600239434,34.64188275098848],[128.38026731706782,34.64206953681652],[128.3800899404852,34.64207133739102],[128.37989072064016,34.64238594340164],[128.38019953693376,34.642534153472496],[128.38021813725882,34.64276422663264],[128.37998335391353,34.64286960177797],[128.37963595458132,34.64283145778658],[128.3796949079062,34.64332950429316],[128.3795602131375,34.64338319814785],[128.3794980246249,34.643567487433586],[128.3793524955866,34.64363078538463],[128.37938029159474,34.6437010466009],[128.37909261497862,34.643718460625294],[128.37896514002253,34.643851957967755],[128.37899723936485,34.64392978647542],[128.3792498399678,34.6439852911413],[128.37928928603708,34.64424728877148],[128.37896962416403,34.64435462211343],[128.3786938474074,34.644310312396634],[128.37876674139508,34.64462566161679],[128.3784599190463,34.64484266773256],[128.37849473224716,34.64492238493267],[128.3783312350275,34.64504356247829],[128.37807060913593,34.645034466850916],[128.37748697020913,34.645222412331364],[128.37729390594936,34.64517427053797],[128.37709124100118,34.64525253395164],[128.3766759814336,34.64526038778867],[128.37653418591907,34.645171836278706],[128.37656423453672,34.645008326112944],[128.376339187956,34.64499149723813],[128.3760730563545,34.644831348937416],[128.37607312295555,34.64461226783468],[128.37621295266513,34.64431330024261],[128.37608584280082,34.64414780554255],[128.37580888188054,34.643990780562895],[128.37543919916868,34.6439441431195],[128.37532461972685,34.64385631907093],[128.37517921863713,34.643508265415235],[128.3752492643806,34.64332899966901],[128.37408268480098,34.64278967344569],[128.37385918078598,34.64257106553166],[128.3737783025988,34.64182464522087],[128.3739035496098,34.64171445983892],[128.37386881336027,34.641637677722024],[128.37363625247912,34.641555436156466],[128.37367599631915,34.641468351613554],[128.37357948230215,34.641395032886784],[128.37375177752796,34.64098672149449],[128.3735605533519,34.64095371906433],[128.37356165674774,34.64075596509],[128.37316515470883,34.640654590112426],[128.37303714125215,34.640552188362605],[128.3731469977577,34.64046563002506],[128.37395716296646,34.6407617097411],[128.37407721618555,34.64059229772511],[128.37362775429833,34.640060805324524],[128.37363746491374,34.639923280449025],[128.37279567165888,34.63964002696099],[128.3718460960293,34.63963699196056],[128.37173918528194,34.63981688192719],[128.37126209151592,34.64008820714024],[128.3711379052031,34.64049805708144],[128.37117584483147,34.64066161246411],[128.37096708422885,34.64097285018096],[128.37065707693387,34.64128501964659],[128.37016010047304,34.641590716958035],[128.36949074692618,34.6417926927729],[128.36895797382962,34.641760223317014],[128.36868642546193,34.641562308041486],[128.36850559765492,34.6417018557352],[128.36820583788582,34.64163810582739],[128.3680524259094,34.64191301570185],[128.3678950425551,34.64202656648634],[128.36786481664808,34.642129785182895],[128.3679678105702,34.64222264857201],[128.36781597271343,34.642454762913786],[128.36788992059306,34.64254541093259],[128.367716674414,34.64266000409626],[128.36769887582676,34.64280742968487],[128.36753709266938,34.64294073281265],[128.36739710104206,34.64323490625728],[128.36749597566953,34.643359814516884],[128.3673673124757,34.64373552293646],[128.36756747336244,34.643857113579315],[128.36763672508226,34.64416113535205],[128.36744660346264,34.644286337474206],[128.36758472975157,34.64436204231335],[128.3672333599486,34.64473510196693],[128.36769813298014,34.64527577971118],[128.3680160754379,34.64545042688431],[128.36798933864958,34.645533082243496],[128.3681017399383,34.645650600218495],[128.36810901728117,34.64581541987075],[128.36783146717443,34.64599050991029],[128.36780912977528,34.64612659294375],[128.36742551295285,34.646329579832376],[128.3660005562264,34.64672509945387],[128.36542851237246,34.64659096960311],[128.36517691508604,34.64664119752403],[128.36472867492046,34.64653118630272],[128.3645852506057,34.64641717569415],[128.36447594981775,34.646165832924474],[128.3643702748123,34.64618030142311],[128.36425845999915,34.64641391039173],[128.36409590755113,34.64642441814781],[128.3638393358178,34.64657452324449],[128.3637627391807,34.646701009265],[128.36380370273847,34.64681750964542],[128.36372187782368,34.64686253701026],[128.36376005823428,34.647140670549206],[128.36342683698533,34.64751220923668],[128.36333156475982,34.64773322976394],[128.36318976876115,34.647865924834626],[128.36290489382299,34.64795918840609],[128.36292465113624,34.64805991134365],[128.36328815968773,34.648029914906054],[128.36346898727734,34.64816276051948],[128.3632875619657,34.64829582739625],[128.36302353754797,34.648307539959234],[128.36272810093743,34.64854314583234],[128.3625718429402,34.64851072205519],[128.36254603074386,34.648393646998414],[128.3622478755789,34.648469185111345],[128.36211650870175,34.64842083549514],[128.36206711132823,34.6483094494576],[128.36231698759318,34.64819024011586],[128.36231461429918,34.64809982570129],[128.36209266064344,34.64803174767347],[128.36194811127214,34.648064919095944],[128.36195602641737,34.64792267903078],[128.36182314417093,34.64770829149814],[128.36141818560628,34.64748453071507],[128.36141934251222,34.64734045553214],[128.3612257288403,34.64740455769432],[128.36097975534827,34.64714454346785],[128.36064780401918,34.64710063014725],[128.36033738216753,34.64736645755566],[128.35995334475362,34.6474283382373],[128.35992845334036,34.64752304981885],[128.35959331714338,34.647659500945714],[128.35939054358462,34.647830764143954],[128.3590329168909,34.647853039860074],[128.35867904035976,34.648093847771165],[128.35842815837358,34.64806209488347],[128.35780017455534,34.6485934209069],[128.3576386631927,34.64859055949802],[128.35743860984036,34.6486981991844],[128.35704994726802,34.64901221023491],[128.35700948050356,34.64937949035598],[128.3566140241591,34.64938856883599],[128.35654188393224,34.64953503813917],[128.3563033545032,34.649706126277984],[128.35606503381504,34.65014450595009],[128.35607172167207,34.65055579601243],[128.355844818722,34.65068687890167],[128.35541803085445,34.65066050072762],[128.3549294153228,34.65074019398449],[128.3546941008171,34.650725169206495],[128.35453618798957,34.65062729788776],[128.35446002693965,34.65076691551781],[128.35409977043017,34.65086716238566],[128.35411156028061,34.651154119114],[128.3539722018444,34.65136550924218],[128.35371504505696,34.651330057393054],[128.3533901920718,34.65104327757917],[128.3533226959322,34.65112695989104],[128.35335269863813,34.651790395882855],[128.35325012967704,34.65181474430804],[128.35278262400755,34.65154626584544],[128.35262847599432,34.65154308122653],[128.35260353009582,34.651975381899206],[128.3521199319664,34.65222030620328]]],[[[128.5757751803175,34.650492341691134],[128.57574166260483,34.65047681098559],[128.57583043959144,34.65043682547778],[128.5757751803175,34.650492341691134]]],[[[128.57943542290462,34.6505794709677],[128.57934079504307,34.65058414828156],[128.5793395954119,34.65052089649822],[128.57944109796222,34.65051152969751],[128.57943542290462,34.6505794709677]]],[[[128.57701488995048,34.65079132699055],[128.57686672613738,34.650775940864264],[128.5769927557284,34.65072463329173],[128.57701488995048,34.65079132699055]]],[[[128.5778511824956,34.650713182901605],[128.57763923215887,34.65080350706807],[128.57717560338793,34.65063850885745],[128.57676929173394,34.65067221854808],[128.57665641083852,34.65046562866954],[128.5764882683344,34.65065459842429],[128.5764491844184,34.650552560904984],[128.57653291934096,34.65047683297563],[128.57645227016855,34.65040627605049],[128.57621859690067,34.65042771089297],[128.5755273869178,34.650057689059814],[128.5754144968678,34.6497489517034],[128.57520853728192,34.64964292273939],[128.57520093814512,34.649412456413536],[128.57497755562133,34.64924436334845],[128.574898332349,34.64905626183723],[128.57439915760892,34.64887357832257],[128.57448175855276,34.648804069349225],[128.57491513864898,34.64892119808695],[128.57505570360752,34.64862710170603],[128.5748716909675,34.6485711578234],[128.57513045721822,34.647972241192676],[128.57499910375302,34.64753914303922],[128.57475286428192,34.64737630792873],[128.57461451558427,34.64751459086638],[128.57379953803422,34.64696063043934],[128.57329417017644,34.647528673760775],[128.57385259998023,34.64919541688037],[128.57396522200423,34.64919352141181],[128.57404234909947,34.64934336405854],[128.57391151772734,34.64957405970288],[128.5737291730515,34.64957133092717],[128.5736115356022,34.64948530292435],[128.57302237617887,34.647823967292396],[128.57298557890383,34.64743996586639],[128.5737348228442,34.646617472314645],[128.57361092629804,34.64654767476253],[128.5736512016224,34.64647552719157],[128.57340583762098,34.64616801988584],[128.57308152137938,34.64609402452154],[128.5729867468345,34.64592833324977],[128.5726473887727,34.64574905021226],[128.57275016945508,34.645534346980085],[128.57262910760664,34.64555949566159],[128.5724446937618,34.64544555970374],[128.57244558151854,34.645265555476435],[128.57255876226725,34.6452112067075],[128.57213930324426,34.64506024705354],[128.57201000432795,34.64493843423066],[128.57206920815713,34.64478451953428],[128.57194795126762,34.64451622029997],[128.57211834357634,34.6444514624612],[128.57207040172744,34.64440061550675],[128.57220455867576,34.64422639190116],[128.57202575087385,34.64423356473986],[128.57199779040502,34.64414473119504],[128.5720873037279,34.644060268998004],[128.5718117865374,34.64395262546698],[128.57176097648284,34.6437504130384],[128.57192827454006,34.64364601058162],[128.57165407910722,34.64315354255049],[128.57169709112523,34.64308767831061],[128.57157577383543,34.64300087793693],[128.5717045946351,34.64289409696209],[128.57163122603598,34.64274061980415],[128.57170176418225,34.64255743791983],[128.57137752317135,34.642027145376844],[128.57119386586072,34.64183486466891],[128.57080870954482,34.64164856799039],[128.57070619642582,34.641760542818744],[128.57048502924593,34.64162674996469],[128.5703611863384,34.641788642779915],[128.5701262928157,34.642580846956506],[128.57001821157655,34.642542456947346],[128.57003832471895,34.642141773014416],[128.57020605017314,34.641696988894566],[128.5704318610032,34.64141895504561],[128.570284842901,34.64114074267134],[128.57038022803613,34.64109219792172],[128.5701728599033,34.64091121153978],[128.5690209194416,34.64042809082587],[128.56892839312982,34.64055114020047],[128.56884670935494,34.640499959159364],[128.56893084686592,34.64037828729755],[128.56836861347549,34.63986262899422],[128.5679427809076,34.63978890658481],[128.56719546756273,34.639428659106734],[128.5670110363765,34.63928889248436],[128.5670779083725,34.63923967730646],[128.567037904001,34.639164687716345],[128.5667583190077,34.63893408306936],[128.56630318238524,34.638929089494],[128.56606766393287,34.63862638595924],[128.56579205621418,34.638663833110755],[128.56563644459774,34.63854456787305],[128.56519169819634,34.638433548064135],[128.564996614624,34.63800918861468],[128.5644364267592,34.63791421247702],[128.5642349570371,34.637712234774945],[128.56428523333972,34.63754981240556],[128.56394513791133,34.63725533395905],[128.56361485021344,34.63717871295945],[128.56364281262148,34.6370106160037],[128.5634781694974,34.63703528980955],[128.5635151071821,34.63688671217984],[128.56344178859007,34.6368173312446],[128.5632620218443,34.63690745166221],[128.56302581186236,34.636848829934635],[128.56284175338465,34.63689326248028],[128.56260858636398,34.63657827500688],[128.56236611612928,34.63648001091227],[128.56227311716663,34.63637408984666],[128.56234360008096,34.63633772898507],[128.56213742281565,34.63634120842031],[128.56203311015454,34.63618903250996],[128.56192279984916,34.6362438397901],[128.56156332114767,34.63615132614917],[128.5613730858699,34.636206525654266],[128.56118429639005,34.63598399257617],[128.5607328549743,34.63584525436343],[128.5606200661158,34.635869086415006],[128.56061711224754,34.635753863927235],[128.5603205642797,34.635722813935715],[128.55981079177343,34.635524997642506],[128.55975574358615,34.63536888199357],[128.55953824856627,34.63522558662987],[128.55944089137088,34.63522850825164],[128.55936537138348,34.63533422550195],[128.55901864511574,34.63528589615238],[128.55887308831825,34.63539948391169],[128.55830482568444,34.6354055492023],[128.5581832530859,34.63530783168297],[128.55809514016033,34.63503306398674],[128.5588842257128,34.634946293631685],[128.55899879689827,34.63478876605766],[128.55916189728742,34.63492506029033],[128.55916940177264,34.63481681476444],[128.55929782767518,34.63479306375402],[128.55942724845087,34.63482181879446],[128.55942904258336,34.63491881365996],[128.55971679457107,34.63494913071889],[128.55985420009964,34.63487784595048],[128.55992778631685,34.634969920055404],[128.56021286177898,34.635027274528085],[128.56019480221065,34.63509007473071],[128.5603214618336,34.63515306946349],[128.5603025534878,34.6350826481063],[128.56075894809007,34.634807385252756],[128.56130905332515,34.63463797964061],[128.5617076596446,34.634680410630594],[128.56179891341617,34.6348801367748],[128.56197472520887,34.63487640657605],[128.56230058117316,34.63460970502927],[128.56264009601338,34.63455443884342],[128.5627269800261,34.634374639765745],[128.56261790098526,34.634143227280084],[128.56306689580745,34.634031022132454],[128.56307551583143,34.63383660692539],[128.56321682814428,34.63386922917411],[128.56339589543643,34.63371891006338],[128.56383113090632,34.63401657684427],[128.56367901402925,34.633863870647595],[128.56382765401003,34.63372794750555],[128.5637034535504,34.63366183296077],[128.56397288474548,34.63358181102776],[128.5639908589518,34.633490019084235],[128.56361812440448,34.633595386496296],[128.56368110714664,34.633485178010154],[128.56406612671086,34.633348482172195],[128.56399344454215,34.63330010476218],[128.56408955050296,34.63322579764005],[128.56398773308666,34.63304668812667],[128.5641609935772,34.63304091478401],[128.56422926336566,34.632919370960266],[128.56474004349445,34.63270381100727],[128.56501995223158,34.63266166951825],[128.56519061127466,34.632642263244634],[128.56534863099196,34.63277076373029],[128.56527800767523,34.63304897952082],[128.5658523432399,34.63292251375541],[128.56605099237706,34.63319423372359],[128.56622005548587,34.63325286596066],[128.56642388716358,34.63311575289538],[128.566581394471,34.633148438836045],[128.5666849086815,34.6332938980808],[128.56676355713526,34.63311037007812],[128.56687089350842,34.6330514508881],[128.56701051550368,34.63309101883286],[128.56718482611677,34.633243651982355],[128.56723011759524,34.63342186383539],[128.5670929337333,34.63349401066399],[128.56708784354564,34.63360834568413],[128.56742911393837,34.6334341146048],[128.56781877130388,34.63334476017573],[128.56791552873153,34.633485059123885],[128.56822738507645,34.63347756041251],[128.56832067211707,34.63362697989281],[128.5682748303268,34.63373703425679],[128.56842793738412,34.633833606020154],[128.5686493209706,34.63371840023624],[128.56925457503175,34.63366923345481],[128.56937910412728,34.633854455992534],[128.56923506221432,34.63404584774948],[128.56969053735256,34.63397714539643],[128.56986893149426,34.634048711841025],[128.56993766972096,34.634211118572956],[128.57006923696144,34.63409097301385],[128.56998068434532,34.633909442912284],[128.57025295677946,34.6338670723515],[128.5703479733521,34.634001001155355],[128.5706437159156,34.63412716225864],[128.57048980544906,34.63379957848811],[128.57058008832203,34.633720541791575],[128.57073654509904,34.63375174909154],[128.5709945205465,34.634040713248325],[128.5710832660918,34.633805020982265],[128.5709957096963,34.63367296147977],[128.57101966827094,34.63353945552633],[128.5713243843956,34.63343491559454],[128.57139582760738,34.63347526585288],[128.57135812424818,34.63355987210785],[128.57159634145987,34.633603760817245],[128.5717790462305,34.63374822130082],[128.57208671490693,34.63382042474774],[128.57205649899518,34.633697352775876],[128.5721829979419,34.63364221913998],[128.5725024372147,34.633815722566986],[128.57280187750348,34.63378353244499],[128.5726324106459,34.63399557174412],[128.57265712209073,34.63409615563509],[128.5728591471442,34.634031313411114],[128.5728880960278,34.63412646214632],[128.57267070520408,34.63438473519484],[128.57314633464242,34.634296111654365],[128.57312996737002,34.63444048750628],[128.5732846942711,34.63433951857348],[128.57379824202795,34.63441269378502],[128.57382717341517,34.63465926293124],[128.5733419511901,34.634731402253685],[128.57389929481076,34.634756116079785],[128.57399268291405,34.63489410962681],[128.57388790257158,34.63503795120546],[128.57417598867806,34.63501406982108],[128.57428683864302,34.635114154296545],[128.5739985916938,34.63525473086402],[128.57447340246233,34.63537991409843],[128.57500423955454,34.63522400756244],[128.57489707067032,34.63551882439851],[128.57501931236575,34.63553150476008],[128.57507173110866,34.635679724534334],[128.575658835693,34.6359330704581],[128.57572011145396,34.63605425334472],[128.5755297283643,34.63613053181649],[128.57636208254294,34.636393990107656],[128.57606445847858,34.636556000326166],[128.57639918101881,34.636682706830754],[128.57656708074165,34.636633577632395],[128.57655032926064,34.63677868944249],[128.57695428617808,34.636837864978425],[128.57688814981793,34.63702111924738],[128.57756968811955,34.63707950581612],[128.5775321441599,34.637308159309654],[128.57711545451897,34.63761223654918],[128.5772334271894,34.637765565354854],[128.57720176697615,34.63786849922471],[128.5773333417812,34.63790387726939],[128.57740170941622,34.63803194449715],[128.57735479964353,34.63839838642286],[128.57713129598858,34.6386441094799],[128.57702025254963,34.63854868151644],[128.57701078317817,34.63881287155048],[128.57680500154584,34.63890205036633],[128.5770020846967,34.63925770142035],[128.5772732964424,34.639310101920806],[128.57725895460771,34.639462033078956],[128.5773873539175,34.6395115937091],[128.57741316609636,34.63961867010583],[128.57759735739745,34.639527822564],[128.57783686593294,34.639537982162295],[128.57821877606833,34.639655888309605],[128.57850467810636,34.63991420840328],[128.5791659004447,34.63994250123915],[128.5796388718157,34.640112599503574],[128.5800310229698,34.64008540938045],[128.57985460413727,34.640437621631044],[128.58056249541318,34.640388383946586],[128.58058561150978,34.64049511559441],[128.5807032195758,34.64055166211783],[128.5806351723337,34.64069080582856],[128.58122255670554,34.64068791302441],[128.58152924544754,34.64100817414931],[128.58163970702057,34.64084170163856],[128.58180962990892,34.640862688210454],[128.5819050578727,34.640710218496146],[128.58257434723836,34.6410048971056],[128.58262798468854,34.641188231603515],[128.583102127732,34.641399698424316],[128.58299837162912,34.64127916098822],[128.58306781255698,34.641205432977095],[128.58329038002546,34.641244949545],[128.5833724181809,34.641195979440894],[128.58353950346972,34.641302868703875],[128.5838461283027,34.6410336832294],[128.58411872152323,34.64112549189704],[128.58400144289527,34.6410497278958],[128.58401188437173,34.640974278477685],[128.584210720845,34.64085610155379],[128.58443380211662,34.640838908265486],[128.58436333259837,34.640657839748044],[128.58483996030242,34.6404301745955],[128.5848687702027,34.64017966743615],[128.5853985911118,34.64003860069039],[128.58551118680373,34.640239617035746],[128.58542094114202,34.640279492729285],[128.58532026900104,34.64089913917948],[128.5853862148439,34.64092210296734],[128.5854213785198,34.64117814827355],[128.58555403285163,34.641131442205406],[128.5854904885349,34.64131814497926],[128.58499439594485,34.64147625974661],[128.5842037205762,34.64135551125634],[128.58417900914134,34.6415648200802],[128.5837314278784,34.64177190744894],[128.5838751074427,34.64196166942779],[128.58361594870323,34.64206782154126],[128.5838723986799,34.64229632641872],[128.5837337708596,34.64250988126508],[128.58371288753708,34.64271465175936],[128.58341882902073,34.643009523112894],[128.58399658615767,34.643529394759064],[128.58441372967204,34.64326677653314],[128.58461395170806,34.64322572412777],[128.58465465837529,34.643110890725524],[128.58492583479782,34.643071141784816],[128.58498295591087,34.6433070570183],[128.58463761668784,34.643605716755125],[128.58480351522158,34.64364352436445],[128.58502875178345,34.64356214657909],[128.58516526915872,34.64371909323637],[128.58488521237132,34.64398574616142],[128.5844278061347,34.64404044300485],[128.58449457362553,34.64415465505966],[128.58488443912609,34.64413537414456],[128.5849031882227,34.64425864643053],[128.58475330742053,34.644386922209605],[128.5848427202689,34.644423390239076],[128.58483952470309,34.644507596033485],[128.5850124001396,34.64445584003203],[128.58515193415775,34.64454314735815],[128.58474185832253,34.644667299065226],[128.58440682918368,34.644647776987554],[128.58438719565288,34.644752512773124],[128.58463090790835,34.644815483235234],[128.5845758262629,34.64491080097884],[128.584032970262,34.64496970825184],[128.5838894708224,34.645133186961154],[128.5836615364458,34.645201430272664],[128.58339615883548,34.645402012370546],[128.5831463849663,34.64530483982642],[128.58279846202475,34.64536504065337],[128.58263917446519,34.64528789188406],[128.58265769479087,34.64550887001794],[128.5824147301191,34.645567941220115],[128.58230661833383,34.64569366283104],[128.5823591005377,34.64601860767302],[128.58223862688772,34.646071123033195],[128.58204273883197,34.64605258317095],[128.58201801903272,34.64590927988496],[128.58193055869074,34.6459876930081],[128.58180488749676,34.64577122370927],[128.58131138234035,34.645511260627046],[128.58073981589123,34.64569948469247],[128.58060078271484,34.6456470462525],[128.58047606317746,34.645476458432775],[128.5802276628935,34.64566757461141],[128.58030092577926,34.64582081282886],[128.57995234227516,34.64591084727941],[128.57988652887374,34.64584384927821],[128.5799256730944,34.645734733865375],[128.58006174893694,34.64569697030301],[128.57979078109528,34.64564644072109],[128.57969855723715,34.64552101020133],[128.5794816875283,34.64556104414224],[128.57954567153516,34.645362628774194],[128.57922116090623,34.64534292088506],[128.57852367390086,34.645497966675734],[128.57839742396115,34.64537880652307],[128.57833033212256,34.64549971269801],[128.57845716107036,34.6456137810817],[128.57807156052007,34.64572045003187],[128.57805110044538,34.64585392881212],[128.57769989195464,34.645932805693384],[128.5774902182418,34.646185272915375],[128.57743594428086,34.64658222946349],[128.5775085991546,34.646784184028334],[128.57766527442334,34.646852521933965],[128.57787588691414,34.64678361328418],[128.57806203673698,34.6469023128872],[128.57806726793143,34.647050006761525],[128.578368015283,34.647063112469276],[128.57872145553378,34.64738828158984],[128.57889042023874,34.647409789144035],[128.57895545611154,34.647493291866546],[128.57892447974245,34.647602445598714],[128.57873405089816,34.647655664876204],[128.5788688501463,34.64775044076324],[128.5787995149486,34.648054464305744],[128.57903696393169,34.648098550325685],[128.5789670341672,34.64814654383245],[128.5787934087121,34.64810768398601],[128.5787409186288,34.64822381810407],[128.57885294443545,34.648318438379064],[128.57867333104713,34.648507318741956],[128.57833327094974,34.648425141111446],[128.57807369717037,34.64858502352912],[128.57816450492012,34.648598130836874],[128.5781403332378,34.648671086987655],[128.57860718042087,34.648704834792426],[128.57908144874742,34.64896794014808],[128.579085680377,34.64913130236145],[128.5792330993048,34.64925181807276],[128.57904552685582,34.64937534823477],[128.57928243408605,34.64943028824956],[128.57947831800794,34.64963858547254],[128.57936840556854,34.649798028343405],[128.57920720454447,34.649628893999406],[128.57897913136887,34.64955664253331],[128.57876185638477,34.64969383314468],[128.57897932522616,34.64985042293436],[128.5789893878922,34.6499588735235],[128.57913547153527,34.65000092098177],[128.57902288509942,34.650227599235286],[128.57869885447093,34.65038260327287],[128.57909161041175,34.6502582191487],[128.5792924242472,34.65051698932031],[128.57921692973684,34.65066482768676],[128.57900713127444,34.6506666980161],[128.5787651038551,34.65052709163815],[128.5781902543709,34.65073006474952],[128.5778511824956,34.650713182901605]]],[[[128.57254043282924,34.651589601611704],[128.57250006184782,34.651679571613],[128.57241932012616,34.651708407973274],[128.57246084393117,34.651632279479834],[128.57254043282924,34.651589601611704]]],[[[128.5729142718816,34.652366415475],[128.5728017764735,34.65228082664589],[128.5725412760148,34.652279294190585],[128.57258785117864,34.65204586596921],[128.57275986216624,34.65189530323261],[128.57259241270424,34.65194093730289],[128.57253063757682,34.65186511871783],[128.57260383182017,34.651637410504826],[128.57289637149267,34.65167530220465],[128.57306924361004,34.651913912313645],[128.57329347679894,34.65183773088645],[128.5734119945772,34.65195134731721],[128.57329181627827,34.65228344284797],[128.5729142718816,34.652366415475]]],[[[128.57284821694756,34.65243892216813],[128.57275597220507,34.652436084476655],[128.57274008187653,34.65236941801721],[128.57281873195438,34.65234987243346],[128.57284821694756,34.65243892216813]]],[[[128.57265635600615,34.652561964537554],[128.5725663856174,34.65248410722102],[128.5726632754825,34.652428740190935],[128.57282418337113,34.65249102694378],[128.57282245277318,34.65253947279254],[128.57265635600615,34.652561964537554]]],[[[128.3425264310043,34.654839235328964],[128.34240880887276,34.65482272883653],[128.3423757382465,34.65470647689104],[128.34254110446605,34.65473595898399],[128.3425264310043,34.654839235328964]]],[[[128.35183066252492,34.65487379428973],[128.35132034424976,34.65474049119669],[128.3511041275643,34.65434089692196],[128.35105380643222,34.653929350321796],[128.35119625333695,34.653773100829],[128.3518831061064,34.653478714466665],[128.35258907345704,34.65355484464511],[128.35300033877016,34.653806452050915],[128.35316835540536,34.65404052312674],[128.35316848276716,34.6542262171431],[128.35274579291556,34.65451279473513],[128.35183066252492,34.65487379428973]]],[[[128.5740399323186,34.65317921376045],[128.5739596023389,34.65318758975864],[128.57397596605935,34.65316591930028],[128.5740399323186,34.65317921376045]]],[[[128.57379087610605,34.65324631285178],[128.57375074652825,34.65326501125152],[128.57374696505966,34.65323714293873],[128.57379087610605,34.65324631285178]]],[[[128.57429199658816,34.65324869393054],[128.57423910143055,34.6532891647439],[128.5741802099723,34.65324361916292],[128.574188119548,34.65323282599496],[128.57429199658816,34.65324869393054]]],[[[128.5736717864135,34.65326157934606],[128.5737351794119,34.653279919736164],[128.5737403941534,34.653334395670214],[128.57364712197088,34.653349021776236],[128.5736717864135,34.65326157934606]]],[[[128.34466532674557,34.65517653438363],[128.34477649056976,34.65525369797093],[128.34477659112073,34.65532609330688],[128.34463570127042,34.65526498589343],[128.34466532674557,34.65517653438363]]],[[[128.57294191210295,34.653622933585694],[128.57293847846316,34.65359019820441],[128.57303617887487,34.653576391219104],[128.57294191210295,34.653622933585694]]],[[[128.35190221119973,34.65550855626154],[128.3519820160728,34.6555906710698],[128.35197286556303,34.65560707670161],[128.3518751972347,34.655557026128655],[128.35190221119973,34.65550855626154]]],[[[128.57514232621023,34.65399263392773],[128.57514195984436,34.65400110629088],[128.5750811815048,34.65398241535459],[128.57514232621023,34.65399263392773]]],[[[128.57534198626922,34.65407139118948],[128.57529517089588,34.65403273714823],[128.5753764845395,34.654002464580564],[128.57538395977713,34.65401195166998],[128.57534198626922,34.65407139118948]]],[[[128.5725883029978,34.65634392349783],[128.57264067810917,34.65619385521136],[128.57287861386845,34.65626906049055],[128.57303195402105,34.65641187110223],[128.5725883029978,34.65634392349783]]],[[[128.57330870888617,34.6573923654188],[128.57336292028387,34.657440709185664],[128.57327148342551,34.65749029912822],[128.5732512650551,34.6574548927031],[128.57330870888617,34.6573923654188]]],[[[128.57341352234252,34.65799754896209],[128.57337671855723,34.658006747906995],[128.5733713554929,34.657946619403155],[128.57341352234252,34.65799754896209]]],[[[128.57830778706952,34.658201653556404],[128.57835615894058,34.65830903390396],[128.5783201639517,34.658420061358875],[128.57807821308705,34.65825990361134],[128.57830778706952,34.658201653556404]]],[[[128.31646132947094,34.66022255566567],[128.31661015784022,34.66036954075533],[128.31661393790475,34.66054015405058],[128.31642491051196,34.66046546911444],[128.31636785071893,34.66025103075116],[128.31646132947094,34.66022255566567]]],[[[128.26031488658813,34.661031220066874],[128.26031046278862,34.66113761909647],[128.26013112162107,34.66117816530002],[128.25979415726846,34.6610299908853],[128.2597943532766,34.66087522853492],[128.2592421215786,34.6604786343936],[128.25924085687868,34.660340335651384],[128.2593578472593,34.66013208534985],[128.25948863634878,34.66009313047209],[128.259631296507,34.65974235271583],[128.25984272512324,34.659754716819855],[128.26023771752244,34.65997328283736],[128.26082956805854,34.6600696436792],[128.26093634963829,34.66021855144837],[128.26090312194023,34.660482096224676],[128.26031488658813,34.661031220066874]]],[[[128.2592901508875,34.660886399892576],[128.25908610574467,34.66098868454126],[128.2589619942435,34.661155841219205],[128.2584844215389,34.66121207247176],[128.25833764002965,34.66116158486509],[128.25822890904593,34.660899297933845],[128.25785257173996,34.660912426575074],[128.25764721996833,34.660783473372405],[128.25797599670125,34.660679136117146],[128.25816718174283,34.660787106190384],[128.25825318376081,34.6607220761108],[128.2586928145033,34.660782031016325],[128.2591048016128,34.66074047147459],[128.25930003650177,34.66077957550471],[128.2592901508875,34.660886399892576]]],[[[128.57628717093607,34.6588189218673],[128.57630983150864,34.65889960051206],[128.57640406089027,34.65896539170173],[128.5762575402295,34.65890586032429],[128.57628717093607,34.6588189218673]]],[[[128.5744075241488,34.65867774301226],[128.57444417562328,34.65875708678826],[128.57431244836917,34.65893002609],[128.5742036077221,34.65895104160905],[128.57412284444848,34.65911680648325],[128.57401073745942,34.65916042021949],[128.57384119686438,34.65907108247193],[128.57372365496974,34.658762313785],[128.5739263568566,34.658598387706604],[128.57372721257303,34.65862990995353],[128.57332855232488,34.658528580639064],[128.57337684199157,34.658472483960985],[128.5732924333683,34.65839556846344],[128.57346211993564,34.658372573445725],[128.57338655987735,34.658153001709316],[128.5735412080455,34.65808888174339],[128.57346759931144,34.65802578508681],[128.57363101266245,34.6575528423512],[128.57330609340633,34.65731663698437],[128.5731628909395,34.65740024887712],[128.57306787505243,34.657311287360585],[128.5730337283009,34.656973763203915],[128.57282334898636,34.65665593649717],[128.57301525026327,34.656635226429565],[128.57315078640164,34.65643012509339],[128.57246131271182,34.65555838699911],[128.5723988150896,34.65539669765213],[128.57257784156158,34.655308167226075],[128.57233301234123,34.65518027922979],[128.57225385410044,34.655050186283226],[128.5723541806323,34.65488344973219],[128.5722373397251,34.65471249584925],[128.57248687073866,34.65454475531382],[128.57245838842596,34.65441116702036],[128.57270602231392,34.65426906384448],[128.57252715291565,34.65403170812205],[128.57258582206478,34.653933137784676],[128.57288004730853,34.65394928719694],[128.5730057448598,34.65370366633003],[128.57338787040942,34.65359324829142],[128.57350677162304,34.65362087224966],[128.5736428914938,34.653367991044234],[128.57381797681387,34.653348371976065],[128.573835398821,34.653213647482836],[128.57406550399966,34.65332521903044],[128.573983967146,34.65340263561556],[128.57406491310758,34.65354392033044],[128.57413432404908,34.65364122509181],[128.57430230597413,34.65367801487618],[128.57449542982877,34.65400498701924],[128.57470557511542,34.6539441043016],[128.5748035531512,34.65407495222694],[128.57499601190958,34.65405135222232],[128.57533013203886,34.6542933208123],[128.57539993265885,34.65421677784647],[128.57544819585985,34.65438870600149],[128.57560001731815,34.65438349555723],[128.57551666278638,34.65461202184395],[128.5756161130967,34.654629543594105],[128.57563701297602,34.654770887117266],[128.57576942411106,34.65476795235768],[128.57584271909548,34.65503140236189],[128.5759879972799,34.65509414197282],[128.5759095999697,34.65524450712569],[128.5759544531646,34.65553384715695],[128.576053988806,34.655528497886806],[128.57614757235058,34.65569338981245],[128.57633621621585,34.655680008278665],[128.5763089415122,34.65580172226951],[128.57619594383266,34.65582538586345],[128.5763943390891,34.65582548301385],[128.57656088062564,34.6560061610339],[128.57676487188985,34.65599171812727],[128.57681063450482,34.65621054642012],[128.5767509927361,34.65631649992629],[128.57694732643986,34.65627372678949],[128.5770530183541,34.65637066511983],[128.5769003780048,34.6564298482754],[128.57702847222424,34.65656041475399],[128.57683342905375,34.65662193188458],[128.57683317743732,34.65681828043068],[128.57704322825478,34.65672936034702],[128.57738949566502,34.65687444025652],[128.57761504102376,34.657142799762724],[128.57792943845868,34.657258725254856],[128.5777905651196,34.65746342573972],[128.57802602852442,34.657635028620135],[128.57813179840164,34.65762400377611],[128.57822379589962,34.657758699788836],[128.57793630910362,34.65816577160354],[128.5780957721561,34.65834275603084],[128.57813346194806,34.65856486527372],[128.57793520243055,34.658705278635296],[128.57792278899495,34.65887441376695],[128.57782320648087,34.658909900194544],[128.57767594527454,34.65882805004459],[128.57757518502402,34.65889328059036],[128.57743541791288,34.658543314153846],[128.5772257938548,34.658377715576535],[128.5769354048961,34.658282561497124],[128.5765318832579,34.65849093169893],[128.57616308776335,34.658554624861516],[128.57590773432287,34.65843374176625],[128.57608098941805,34.658572125464715],[128.57597861996123,34.65870458357073],[128.5757187871751,34.65863821452678],[128.57538232009378,34.6586589308916],[128.57514255917872,34.6585406219794],[128.57506254561662,34.65864385251555],[128.57474314661673,34.65856630927858],[128.5744075241488,34.65867774301226]]],[[[128.57388155960595,34.65922885037421],[128.57381321078628,34.65921896879485],[128.5738475600338,34.6592001571626],[128.57388155960595,34.65922885037421]]],[[[128.31606011012005,34.662306682373305],[128.31571454670478,34.662323301415114],[128.31570217105053,34.66229539443403],[128.31609573396454,34.66223884063979],[128.31606011012005,34.662306682373305]]],[[[128.34784405271515,34.66203393879517],[128.34803580385827,34.662177403311766],[128.34791205648935,34.66223396118514],[128.34771552992646,34.662200468553436],[128.3476748244978,34.662114542504106],[128.34784405271515,34.66203393879517]]],[[[128.34055045569374,34.66227327147263],[128.33992751728525,34.662726403975036],[128.33953817522138,34.66269866755935],[128.3395510545144,34.662532371912555],[128.33975105227026,34.662415693675754],[128.33965584861707,34.662391078485214],[128.33964290275915,34.66230581878297],[128.33991103578234,34.66219671110145],[128.33958384575857,34.66205047648546],[128.33958649143545,34.661973571512746],[128.33984817235955,34.661811346953556],[128.33970529339098,34.66171586896857],[128.33973490081462,34.66162922143392],[128.3400502573098,34.66149044581084],[128.3403146419862,34.661482662277834],[128.34017678230583,34.661417037273644],[128.3402595727008,34.66119999291906],[128.340694157241,34.66129621038383],[128.3406389058586,34.661142480596425],[128.34038303913243,34.6609861705638],[128.34035876276792,34.66087002799638],[128.34058413198255,34.660603302808475],[128.34087404433248,34.66048205577071],[128.340881672829,34.66030553323089],[128.34111020067016,34.660065721759345],[128.34106869896053,34.65999158310834],[128.34087222867143,34.66001051813299],[128.34058757010308,34.659878077352694],[128.34031176429,34.65948380562687],[128.34049107222265,34.65931504965229],[128.34072110752913,34.65929283404946],[128.34052191460688,34.65911417013058],[128.3406528612364,34.65890722321224],[128.34086849187298,34.658856998792864],[128.34127554752104,34.65889526227838],[128.34099519640344,34.65854451439614],[128.3410175248887,34.65827026853193],[128.3414010734965,34.6580623986907],[128.34144506175105,34.65790507158939],[128.34191191000136,34.65780531890893],[128.3421177342404,34.65787909073339],[128.34210364194774,34.657955553636754],[128.34258355516386,34.65798005006416],[128.34286428043768,34.65814880838576],[128.34285753391336,34.65801460998682],[128.34311586109268,34.657999901648616],[128.34316992862665,34.65782457996013],[128.34342259591494,34.65777284416757],[128.34347585429484,34.65766842252377],[128.3437455053755,34.657556549214064],[128.34425698146865,34.657507222582275],[128.3443928512549,34.65711899100923],[128.3445450201155,34.65717102818244],[128.34442288047205,34.65747414327157],[128.3447116540666,34.65767841242337],[128.34483093701556,34.65791361893073],[128.34512786985465,34.65780187455619],[128.34519004730467,34.656950805132446],[128.34495333617167,34.65683007605773],[128.34467327648053,34.65652897917159],[128.34459734973584,34.65628809401057],[128.34467717277215,34.65618203507788],[128.3445518888273,34.65617813535626],[128.34472451844047,34.65602235339193],[128.344513183656,34.65579229041235],[128.34467181971664,34.65564194476686],[128.34486410125268,34.65559062885777],[128.34496983484473,34.65565373717487],[128.3452855939752,34.65563616445689],[128.3453101921655,34.65550888268355],[128.3455551939849,34.65559138751614],[128.34576737725794,34.65550040801204],[128.34581827136293,34.6555907792632],[128.3454880139056,34.6557788920076],[128.34548455977236,34.65598249916587],[128.3459256235533,34.65614176207785],[128.346403378699,34.65653004749592],[128.3469566221072,34.65667206348294],[128.3470584613454,34.65656235305251],[128.34708124925717,34.65623112073404],[128.34707360201344,34.65609484667148],[128.34690488827204,34.65596402896408],[128.34698676036598,34.65588968363839],[128.34721885384468,34.65608605796201],[128.34738790317428,34.656078015366816],[128.34764630853616,34.65601871661829],[128.34799611663362,34.65563711390312],[128.34815068817716,34.655576375600816],[128.349980718939,34.65557617059993],[128.35044870112853,34.6554811955636],[128.35069901530252,34.65531267334135],[128.35106605648122,34.65519628993768],[128.35122824053863,34.65522303836913],[128.35125044022456,34.655336064165894],[128.35174120239554,34.65557201257615],[128.35187343291526,34.65571617651476],[128.3517953168208,34.65581928302161],[128.35184048577153,34.655887103519056],[128.3522228691474,34.65613159828776],[128.35222347257775,34.656300990527114],[128.35189192587643,34.65632899503887],[128.35184527911764,34.65691037519494],[128.35149611872873,34.657038154262366],[128.35117546211399,34.65689719563598],[128.35090690763974,34.65711889213611],[128.35060946340545,34.65702171547055],[128.35054715184705,34.65710804188646],[128.3506934127115,34.65722413750585],[128.35046189371303,34.65760619604379],[128.34996551124576,34.65771428418409],[128.35017873948283,34.65810556791527],[128.35039972066883,34.65825919705063],[128.3503421410763,34.658350230897646],[128.35018221977083,34.65831405570588],[128.35015153211586,34.658522966607094],[128.34984065076443,34.65870597463912],[128.34963534071517,34.658940912588136],[128.34977792750757,34.659178721889326],[128.3497063652948,34.65930425140616],[128.34991104602034,34.65935595729962],[128.34993858597082,34.659497722983716],[128.35006903877607,34.65956836719034],[128.34923387822428,34.659617291501945],[128.3489881884594,34.660103058959024],[128.3491160964947,34.660415816327934],[128.34890218956153,34.66057298926716],[128.3489869090301,34.66074160365533],[128.3486091487947,34.66094342146138],[128.3482939900065,34.66127923320721],[128.34796347486753,34.66136751613092],[128.34806150874834,34.66155068491638],[128.3477495316712,34.66165616651788],[128.34761094664597,34.66180551909367],[128.34736961369123,34.66185588629657],[128.34688831495677,34.66213548455084],[128.34645272321436,34.662098987320405],[128.34621316899432,34.66217042392793],[128.34545487411953,34.66207829578431],[128.34530863115262,34.661969477365744],[128.3450885939557,34.66201606192438],[128.34501750203754,34.66214294439536],[128.34486530436905,34.66214286660162],[128.3446288488248,34.66235687655624],[128.34423013067766,34.662393541682235],[128.34389172006695,34.66227984621272],[128.3438314828499,34.662190015067004],[128.343412059085,34.662091442370475],[128.34315988908614,34.662118035512584],[128.34263197555484,34.6624309573722],[128.34139460587713,34.66204841107418],[128.34118197850262,34.662040438707365],[128.3408376659757,34.66223788976575],[128.34055045569374,34.66227327147263]]],[[[128.3154228174085,34.66316175962083],[128.31521979018976,34.66336072223809],[128.31477187323154,34.66310649625395],[128.31455742089588,34.66271194133884],[128.31438407904307,34.662708891754185],[128.31436948969974,34.662139020703975],[128.31469542548612,34.66182033548635],[128.3147028644793,34.6616778660045],[128.31502661745787,34.66113868392405],[128.3151270628443,34.66065597460596],[128.31503347198367,34.660284549496424],[128.314807765184,34.660085511656966],[128.31453048323897,34.65998241467801],[128.31429323891885,34.65973442232413],[128.31427335281822,34.659387356821235],[128.3149968112391,34.65891791781994],[128.31550178873727,34.65882478066852],[128.3168431097291,34.65822449436779],[128.3168664518262,34.65839754667174],[128.31601303740618,34.65881385731136],[128.31568463236601,34.659624496427355],[128.3155679646844,34.66032011168694],[128.31519837375728,34.66098094913824],[128.31507695632368,34.66158262387093],[128.3153214448172,34.662249727572984],[128.3154228174085,34.66316175962083]]],[[[128.27685984307678,34.66340020465871],[128.27708281189936,34.66342417915587],[128.2771540123489,34.66352126827952],[128.2766734171192,34.663882877047136],[128.27668940943676,34.6634748439062],[128.27685984307678,34.66340020465871]]],[[[128.3430192761781,34.663576699397055],[128.3428726011581,34.66363381110539],[128.34245100224143,34.66347104764351],[128.34244003566053,34.66316252059738],[128.34261550333463,34.66292111891577],[128.3428612092825,34.66289126391959],[128.34299422736103,34.66297429982748],[128.34290775108576,34.66344531318618],[128.34301504081134,34.66348664743088],[128.3430192761781,34.663576699397055]]],[[[128.33971212759772,34.66399851488768],[128.33957464020864,34.66389464938005],[128.33919318609423,34.66389910270732],[128.33924943888482,34.66374287607717],[128.33915765463723,34.66371256310201],[128.33927433791368,34.663591374968696],[128.33909140676718,34.663473334063724],[128.33913740078765,34.663392149484565],[128.3393516958237,34.66328995314045],[128.33952757709088,34.66331369108942],[128.3396001571962,34.66323462905563],[128.3397404936066,34.66342681311051],[128.33971212759772,34.66399851488768]]],[[[128.33961084067874,34.664140914092286],[128.33934165574226,34.66432341987843],[128.33911782805086,34.66434042676598],[128.33894509436902,34.66426568290033],[128.33899908948425,34.664138009010934],[128.3393818906225,34.664007074322555],[128.33961084067874,34.664140914092286]]],[[[128.2443807560551,34.66784182999758],[128.24436430956578,34.66793633003252],[128.24432738335196,34.66794092365308],[128.24426217542938,34.667845675918024],[128.2443807560551,34.66784182999758]]],[[[128.2517090147375,34.668103067305914],[128.2515545308415,34.66828817840841],[128.25146959676871,34.66824556151742],[128.25170659137376,34.66785436440513],[128.2507863862051,34.667011487705174],[128.25069901055184,34.66705845411007],[128.2507290279705,34.66695993528103],[128.25000003805613,34.66631010435704],[128.24904395084477,34.665742705304694],[128.24894322324855,34.66580048171045],[128.24898824258295,34.66571698111386],[128.24827473155412,34.66569825576652],[128.24809402225995,34.66574365505892],[128.24812853228357,34.665924614475486],[128.2480689618881,34.665938501110666],[128.24801276289548,34.665766964753836],[128.24742696198055,34.66584415892969],[128.24690815761718,34.66629235852514],[128.2469842518154,34.6666910799408],[128.24725050252832,34.666671708691595],[128.24724765232327,34.66686796314597],[128.24659864888048,34.66697897285617],[128.24628528545568,34.66689284398585],[128.2457676545157,34.66697867115028],[128.24542444922128,34.66675659555045],[128.24509129538185,34.666384547858996],[128.24459824443863,34.66622521163593],[128.24427737411776,34.66641592428868],[128.24399153969816,34.66680786793061],[128.24394614779666,34.66705824088167],[128.24373892548115,34.66710437807596],[128.24346735705646,34.666639326135034],[128.24356934099168,34.66645483211925],[128.24337120392977,34.66625097420173],[128.2435905744249,34.66616969654033],[128.24361614504895,34.66606741999872],[128.24385282802538,34.66607369430307],[128.24385830508834,34.66597958226828],[128.24398646008189,34.665939696032815],[128.24372322008873,34.6657280118411],[128.24383876779638,34.66570961692702],[128.24398747681303,34.665550912033474],[128.24391681804536,34.66549981446282],[128.24402745536037,34.665352160325334],[128.24398349573215,34.665253910578464],[128.2441316190933,34.665183750857615],[128.2442682013535,34.66478611174511],[128.24397248327193,34.664561014132005],[128.24421284247083,34.66452521053207],[128.24436979663514,34.66437824633274],[128.2447209123733,34.664255457326725],[128.24494958206213,34.6642347164625],[128.24507500298526,34.663974385433],[128.2449763248473,34.663866022551545],[128.24496904967276,34.66358387256162],[128.24481110608312,34.6635398592496],[128.24541439396233,34.6634423351409],[128.24547499606027,34.6633528420598],[128.24539327502856,34.66327177961241],[128.2456898627726,34.66318997106012],[128.24611903466518,34.66329007909724],[128.24647407564865,34.66312763920956],[128.2480584643715,34.66313603537542],[128.24842532799252,34.66295767685162],[128.24887723157673,34.663023399140364],[128.24937117181062,34.662801615293375],[128.24961108431017,34.662840528736886],[128.24972799635256,34.662765066899595],[128.25018251705526,34.66276322773341],[128.25056152209547,34.662571506881335],[128.25092731984736,34.662552177593],[128.25142815177753,34.6624055061568],[128.25183512473143,34.66217337485802],[128.2521628347316,34.66229376562118],[128.25242703673976,34.66227510638589],[128.2525788990672,34.662500598136916],[128.2532997754358,34.66221027077531],[128.25371799088876,34.66213469971063],[128.25390874032405,34.66218528711627],[128.25398173577346,34.662520851039616],[128.25370199336416,34.6627238018376],[128.25347507210284,34.66310285796646],[128.25324584687428,34.663247214333246],[128.25280139749293,34.66380668486499],[128.2528278231498,34.66391417004861],[128.25302529572534,34.663988746649785],[128.2530432611058,34.66412625333928],[128.2531944114942,34.664244769380126],[128.25317735715748,34.66457701329318],[128.25331953927656,34.66479607739496],[128.25358051811608,34.66493083317113],[128.25454623283636,34.66502546458689],[128.25497840906056,34.66518170089022],[128.2552733460529,34.665128773671626],[128.2555729317519,34.665370947798976],[128.25574936604752,34.665404228600266],[128.2557306847399,34.66554850341261],[128.25603757207458,34.665762496004234],[128.25647599620527,34.665668202891446],[128.25697382336583,34.66576259818324],[128.25705018003742,34.665850909196735],[128.25708279375817,34.666287496738754],[128.2569284021085,34.66648154601854],[128.25672132983374,34.66654417144185],[128.2564085156309,34.66646969892183],[128.2560201929884,34.66668178808014],[128.2559632396418,34.66713891985365],[128.2558462884855,34.66731730457444],[128.25551352786454,34.66738512582495],[128.25525999269337,34.66730124279216],[128.25482544973042,34.6673924271115],[128.2548439821989,34.66771416425799],[128.25473644150185,34.66799663907209],[128.2546093199553,34.66809404930711],[128.25442525284691,34.66813379223119],[128.25366914523403,34.66801422739318],[128.2534111651576,34.6678778554789],[128.25335231691753,34.66772055172603],[128.25324330465696,34.667673161221074],[128.2528818135613,34.6679980577787],[128.2523421337109,34.667972849571285],[128.25221653786073,34.66802684231886],[128.25219431671536,34.66816216133746],[128.2520374246076,34.66820278714965],[128.25191272152173,34.66808699862926],[128.2517090147375,34.668103067305914]]],[[[128.25467844100405,34.66824445074278],[128.254627197446,34.668289225905724],[128.25457325687898,34.668245532893486],[128.25458824384853,34.668229433787786],[128.25467844100405,34.66824445074278]]],[[[128.26651519168738,34.66927783487661],[128.26663962001567,34.6693666265107],[128.2666972740159,34.669579578123425],[128.26646952364558,34.66948719973787],[128.2661519786477,34.668910873484286],[128.26599831525184,34.668811590851405],[128.2648458627757,34.6688019602392],[128.26493201394527,34.66836516482564],[128.2651680014096,34.668228722112815],[128.2651940766193,34.66805001802631],[128.2655181908087,34.6678513335194],[128.2654835797363,34.66720641381823],[128.26457661722782,34.6669391853119],[128.26367367247548,34.66684511875249],[128.26329787673174,34.66661690713714],[128.26324132973258,34.66650502747705],[128.26330381723258,34.66637080707281],[128.26421460962555,34.66577151046165],[128.26587531017987,34.666237972881014],[128.26619152524364,34.666205306968806],[128.26638985707186,34.66605546747377],[128.26634307011753,34.665772194350765],[128.26656932734903,34.66565844981343],[128.26694441346808,34.66565721972983],[128.2672544535021,34.66548812581682],[128.26717956693975,34.665061019763186],[128.26758205203984,34.66499763519498],[128.2678862734328,34.665046680830784],[128.26856340133747,34.66566675091997],[128.2686400249622,34.66599760692536],[128.26774218498238,34.66631108642071],[128.26766254921785,34.66647270624425],[128.26699722492552,34.66683637712604],[128.2668924339726,34.66711369964397],[128.26700340634227,34.667243933244436],[128.26685631179848,34.667422590153635],[128.2669231726786,34.66767561234839],[128.26654387925353,34.6678566528275],[128.26623416497895,34.66821384110052],[128.26624319202088,34.66841460285747],[128.26641303792704,34.66850618247999],[128.26650769804064,34.668933298807296],[128.26662277359648,34.66906135619522],[128.26664321899133,34.66919572039578],[128.26651519168738,34.66927783487661]]],[[[128.3065652143298,34.66921111615821],[128.3064298361472,34.66937844269837],[128.30578517938682,34.668999824821476],[128.3051421153779,34.66900676639922],[128.3049745057816,34.66887145658842],[128.30445559939707,34.66904228230298],[128.30383211802229,34.66897964848298],[128.30377586566792,34.66884655324225],[128.3041370288029,34.66832814543592],[128.3040235582921,34.66821253503724],[128.30415303967064,34.6679019330019],[128.30425704253437,34.667857608846944],[128.3044171605377,34.66797101663393],[128.30470249394318,34.66795905179416],[128.30493939875782,34.667640042349866],[128.3050271703305,34.66733827340732],[128.30499522738958,34.66711600164279],[128.30493146238166,34.66702839989924],[128.30462113996307,34.66693395725377],[128.30458620267717,34.66677076331941],[128.30440660719643,34.66673415294944],[128.30416924813153,34.66643447898572],[128.30380921574596,34.66637066585727],[128.3038633827039,34.666111209888314],[128.3032346346308,34.66576518187285],[128.30320337192782,34.665605814703966],[128.3026835669416,34.66536355316245],[128.30258855048226,34.66524170587368],[128.3027254664211,34.66495781335074],[128.30313169928493,34.664837458747556],[128.30344123632727,34.66481060628938],[128.30373726315412,34.66500067177493],[128.30372286471126,34.664713204605185],[128.30380474008373,34.664536547903886],[128.3040846809999,34.66432596369257],[128.30453496178976,34.66426906580244],[128.30469048253502,34.664379177080534],[128.3047402972899,34.664263956527584],[128.30501130613268,34.66408156955878],[128.30525195980647,34.664131865846755],[128.30539258744773,34.66401228391347],[128.3057873434282,34.66401964709041],[128.30608714067935,34.66419545214526],[128.30592833478718,34.66390244820291],[128.30604843491687,34.66383668763696],[128.30637186084596,34.663899867979275],[128.30652671325694,34.66408476988287],[128.30684378254162,34.66413280173095],[128.307210917973,34.66485199121662],[128.30697818978456,34.665164217843255],[128.3070120301517,34.66533994293903],[128.30737673173732,34.66560660764398],[128.30737065731847,34.66578653765769],[128.30756377475583,34.66573262000345],[128.30759935934938,34.665922152856155],[128.30792440725983,34.6659803450284],[128.3079876843915,34.66611660840791],[128.30788180689376,34.66622047074454],[128.30788649421703,34.6663555777079],[128.30760446421536,34.66662185196044],[128.30734208968062,34.66664574881281],[128.30727490027766,34.66688807602834],[128.30715016257835,34.66696790352103],[128.30715623028962,34.6670333303496],[128.30741512931218,34.66709925434268],[128.30740418506883,34.667345566391326],[128.30714394506745,34.66753182712115],[128.3072499810678,34.66762890123033],[128.30695346298293,34.667869117013765],[128.30702138761458,34.66798942227487],[128.30681191885265,34.66837449842936],[128.30655108658323,34.66842669691802],[128.30662836024308,34.6687415487965],[128.30649570318556,34.66887580243938],[128.3063803507938,34.66884280537887],[128.30622782414787,34.66896093050156],[128.3065652143298,34.66921111615821]]],[[[128.30674061762338,34.669515592218374],[128.30656127211583,34.66953667091891],[128.30653916264194,34.66939920479496],[128.3067367104283,34.669380970663],[128.30674061762338,34.669515592218374]]],[[[128.36253401266038,34.66973373273054],[128.3624823653816,34.66977295936638],[128.3624239789793,34.66968114345934],[128.36253401266038,34.66973373273054]]],[[[128.36261265426276,34.66988595551967],[128.36257638357648,34.66991213948706],[128.36255056816194,34.66984799983821],[128.36261265426276,34.66988595551967]]],[[[128.3620495887191,34.67023579482673],[128.36198802325606,34.67022965998116],[128.36199762865812,34.67019999730206],[128.3620495887191,34.67023579482673]]],[[[128.36243425646677,34.67089629892978],[128.36189411660908,34.67072372561796],[128.36183715994136,34.67058596023735],[128.36204853810656,34.6706167954041],[128.36246127357919,34.67052151623912],[128.36261558983,34.67068333030238],[128.36243425646677,34.67089629892978]]],[[[128.30808395837585,34.671322065470235],[128.30806399414513,34.67133028300125],[128.3080525431915,34.6713093595971],[128.30808395837585,34.671322065470235]]],[[[128.30813715654784,34.67151639760846],[128.30805298659297,34.67148595303535],[128.30806806784608,34.67146956184931],[128.30813715654784,34.67151639760846]]],[[[128.30861794683102,34.67198122773394],[128.30862135949528,34.671992863061526],[128.3085469798592,34.67196031320759],[128.30861794683102,34.67198122773394]]],[[[128.30881935460022,34.67210000879986],[128.3088050100037,34.672094826872055],[128.30880708195588,34.67208969202452],[128.30881935460022,34.67210000879986]]],[[[128.3086709765406,34.67224744549528],[128.3086614061814,34.67228056393078],[128.30860981533752,34.672259775201255],[128.3086709765406,34.67224744549528]]],[[[128.30831525636867,34.67271718023823],[128.3082319997374,34.67269347041012],[128.30825495913408,34.67267039812377],[128.30831525636867,34.67271718023823]]],[[[128.22514086502204,34.673301403998984],[128.2250812931545,34.673305030869884],[128.22514683357605,34.673208116768215],[128.22514086502204,34.673301403998984]]],[[[128.30799875790663,34.672973825784894],[128.3078184616929,34.67312851485783],[128.30767890387526,34.67295730610247],[128.30740187563714,34.67287210516842],[128.30710745621255,34.67289517685689],[128.30695580719984,34.67270987162787],[128.30702609335316,34.672434607291386],[128.30692222241154,34.6723349496564],[128.3070891956451,34.671984565154986],[128.3070089598049,34.67125059299916],[128.30720475572787,34.67076780846843],[128.30755290064758,34.6706098514489],[128.3077100293905,34.67073678297363],[128.30760677031722,34.67081979249797],[128.30781166891498,34.670858657019025],[128.30780600031986,34.670975974933086],[128.30802369802737,34.67106833241345],[128.30795140471557,34.67138317181679],[128.3081389734093,34.67184427037694],[128.3082955073851,34.67198447174832],[128.3086079205357,34.67208715556436],[128.3085415786604,34.6725314152735],[128.30806872900436,34.67272197538809],[128.30799875790663,34.672973825784894]]],[[[128.22713405493465,34.67355348254798],[128.2268462561878,34.673619528278756],[128.227117312863,34.673318639689526],[128.227417550217,34.67314695466454],[128.22834959453576,34.672894648752056],[128.22863645352675,34.67265952292298],[128.2288630187449,34.67257933420588],[128.2288764588341,34.672475831107405],[128.22922085798604,34.672317802682564],[128.22914096399413,34.67247883386116],[128.2289758029257,34.67257979241981],[128.2289843926287,34.672683389229064],[128.22836655443933,34.67325485916221],[128.2277382409684,34.67358134330873],[128.22739162498536,34.673639294599795],[128.22713405493465,34.67355348254798]]],[[[128.30809393700127,34.673300708972484],[128.30800344426706,34.67341524721443],[128.3079636262454,34.67335324095359],[128.30809393700127,34.673300708972484]]],[[[128.2255431051203,34.67390585820231],[128.2251004071556,34.67405767163969],[128.22488444211783,34.67404619969814],[128.2252585235328,34.67389498287579],[128.2252489535024,34.673838563956224],[128.2250960578506,34.673861589360804],[128.22492287613426,34.6737855273262],[128.2251260004854,34.67364779258171],[128.22515205212156,34.6734683582219],[128.22561803209967,34.67322716625704],[128.2259925698195,34.67326416758943],[128.22620499584158,34.673446520950094],[128.2262708792826,34.67365575767549],[128.2264165527625,34.673523973863404],[128.22639051480505,34.67330746780625],[128.2266520735123,34.673538080522924],[128.2264950620266,34.67380216276679],[128.22626483306044,34.673763638702184],[128.2260631639319,34.67392635281951],[128.2255431051203,34.67390585820231]]],[[[128.22095226565392,34.674389093981304],[128.22101393561374,34.674522913074995],[128.2209191874414,34.67457623856313],[128.22084722488665,34.674517305316975],[128.22095226565392,34.674389093981304]]],[[[128.25899357125547,34.67503616439717],[128.25877888239012,34.67480366898092],[128.25853873610077,34.67476610638087],[128.25842842639787,34.67456659656327],[128.2580679407911,34.67445202345873],[128.25770149485996,34.6741048842903],[128.25798248308445,34.67331483915258],[128.2585180801613,34.673240006660315],[128.25873836136566,34.67343574345804],[128.25927078645307,34.67364101996201],[128.25931506044188,34.67385663020112],[128.25920662520505,34.67404956448733],[128.25933792664816,34.67424781383799],[128.25925859861408,34.67443570182103],[128.25940799970437,34.674495973003154],[128.259668742917,34.67484997439775],[128.25957603259613,34.67504405451777],[128.25899357125547,34.67503616439717]]],[[[128.27904528031206,34.675404214126566],[128.27846716517095,34.67522797701236],[128.278262961869,34.67527450075027],[128.27791423858008,34.675214818910646],[128.27790322046508,34.67506760069167],[128.27811758467482,34.67504862918323],[128.27829464584195,34.6747643641925],[128.2781459845524,34.67467182842908],[128.2782419307304,34.67455986261352],[128.27816014164424,34.674433984653476],[128.2775748014607,34.674204946930175],[128.27695422668987,34.674074424928584],[128.27699146401235,34.673989218050274],[128.27724153508527,34.67391372161972],[128.27700629474015,34.673505372688425],[128.27705779221623,34.673334245067316],[128.277173459558,34.673259293469826],[128.27748099736388,34.67325363152053],[128.27759368232415,34.67300864765608],[128.2778669504033,34.67288183142769],[128.27836258799317,34.6728573211117],[128.27834012489743,34.67316804979997],[128.27810862281245,34.673294919714166],[128.27844939184953,34.673466936699334],[128.27887570651419,34.67385497715329],[128.27899102301583,34.67405846433258],[128.27918928759073,34.674177244340775],[128.27909761015428,34.67434157243015],[128.27866654473934,34.67455705176017],[128.2788058734578,34.67463380975519],[128.27880322524305,34.67472730882259],[128.2792408757566,34.67490577881204],[128.27904378135142,34.675132236731734],[128.27904528031206,34.675404214126566]]],[[[128.22080100196897,34.677104059941136],[128.22072324396228,34.676922240199666],[128.2209794446055,34.67680638016476],[128.2205699944713,34.676568739238],[128.2203333177603,34.67630074246174],[128.2203762027965,34.67606815238934],[128.2206249690691,34.67594802388158],[128.22038090809002,34.67586275798183],[128.22055575823143,34.67577425854168],[128.22039825738915,34.67557083193236],[128.22034240337965,34.67529405441697],[128.2209295582824,34.674864718348125],[128.22096357760915,34.67463362870203],[128.22110513326152,34.67455148716683],[128.22181015329025,34.67358214952076],[128.22218939627,34.67347525682369],[128.22225648858458,34.67362033239821],[128.22268354541174,34.673722058231434],[128.22294331854744,34.67397644839287],[128.22320036046855,34.67399417911823],[128.2231457227825,34.67415565894692],[128.22368089827646,34.674302406184374],[128.22373584100464,34.674444249860315],[128.22333590398452,34.67473940129291],[128.22354749178834,34.67494470608027],[128.2233242277539,34.67519525963124],[128.22297344477357,34.67530578351587],[128.22271002553111,34.675188686585],[128.22230724530903,34.67529536058783],[128.22173204535005,34.675636675013536],[128.22158563523436,34.67596469651452],[128.22131109952866,34.6761415743543],[128.22122259040557,34.67630069270868],[128.22120128503244,34.676635959499365],[128.22129425889528,34.67687163529455],[128.22109598645565,34.67713314483803],[128.22080100196897,34.677104059941136]]],[[[128.22448658138427,34.679874300352616],[128.224461466442,34.67988089905942],[128.22445310047323,34.67986511737766],[128.22448658138427,34.679874300352616]]],[[[128.22030879617188,34.6804593263138],[128.22006937316894,34.68055622809805],[128.2195275158261,34.680407495678935],[128.2189846032629,34.680403436541425],[128.21855915850028,34.68014240502969],[128.21857106040372,34.68004777022268],[128.21874450737303,34.679932085268376],[128.21867013218736,34.67975208033727],[128.2184774798325,34.679799779693234],[128.2183808359998,34.679716644646824],[128.2186009231426,34.67944803215698],[128.21861795448552,34.67930868456124],[128.21897493538273,34.67892966623649],[128.2188191267896,34.67872527184956],[128.21884677784487,34.67862737260673],[128.2191662645852,34.678477420656925],[128.2189906259021,34.678202591946274],[128.21885408458266,34.678185724445726],[128.21882725558598,34.67811522924213],[128.21897215548944,34.678066348354555],[128.21905383030347,34.67811502278085],[128.2196975957564,34.677718758345016],[128.2198440227846,34.67776450151429],[128.21992844071406,34.67793965898797],[128.22004152288983,34.67784418560611],[128.22029203910327,34.67784783745916],[128.2207698974996,34.677972447701066],[128.22117801351672,34.67820944647511],[128.22145334092906,34.67855827791618],[128.2218241065897,34.678650250722555],[128.2221674962112,34.67861374761183],[128.22232763839662,34.67875461771516],[128.22240153654897,34.679020549836096],[128.22238645226557,34.67942471892172],[128.2222249115652,34.679858424810675],[128.22208051387005,34.68001181768449],[128.2216999485703,34.68022803546773],[128.22133385509073,34.6801988048483],[128.2209834602361,34.68028039391497],[128.22052616911935,34.68051477706584],[128.22030879617188,34.6804593263138]]],[[[128.25311920282695,34.680951849635434],[128.2528922263694,34.68100528995989],[128.2521184620243,34.68091575153135],[128.25212584621335,34.68066120473152],[128.2519907776361,34.68055543067672],[128.25168149304247,34.68061795229844],[128.25110555072177,34.680552199501705],[128.25076456506034,34.68031636259658],[128.25019036193856,34.67969102659643],[128.25020097044936,34.67944221594047],[128.25047336547772,34.67908965089784],[128.25036321794113,34.67892551716027],[128.2500839005562,34.678826961935705],[128.25001653636528,34.678652014843365],[128.24992393424031,34.678617073122645],[128.24995578154812,34.67835484877833],[128.24953497139663,34.67817258264251],[128.24944558478302,34.67797032451629],[128.248977022931,34.67763051234257],[128.24838893891024,34.677439789645675],[128.2480236268848,34.677531530362806],[128.24759153568382,34.677431693859155],[128.247364684227,34.67728722090638],[128.24689411817914,34.67729617316256],[128.24661098612634,34.67743096492129],[128.24645136260997,34.677832186345725],[128.2461943216427,34.67790911343053],[128.24616081080683,34.67802101747242],[128.24596682503895,34.67815343502573],[128.24606808984464,34.67826345637912],[128.24570629104977,34.678539941178315],[128.24507963640718,34.67865311861384],[128.24459285890813,34.67892525191207],[128.24411430689128,34.67892614533416],[128.24363713089755,34.67876214618805],[128.24371673167937,34.6784567837401],[128.24350388290887,34.678264236149275],[128.24301167365914,34.6781613919236],[128.2428649612533,34.67804935270099],[128.24275693091076,34.67743869547065],[128.24246764430157,34.67712542172948],[128.24179889133484,34.67686874431867],[128.24143113955913,34.6768543550111],[128.24113462591052,34.67691327694118],[128.24094234352012,34.67713032581166],[128.24068261943538,34.6772543009023],[128.24021666461124,34.677270382822],[128.23979349148203,34.677167155860694],[128.2394246164823,34.67723933860517],[128.2392724276861,34.67736855407256],[128.2389388101433,34.67736638467434],[128.23845739479998,34.67704398575061],[128.23838249093336,34.676819605921224],[128.23799596493,34.67695348185173],[128.2376969501323,34.67683715153829],[128.23756363560122,34.67669142227054],[128.23769239154515,34.67660115099829],[128.23724200388554,34.676497343978546],[128.23720015361508,34.67624151367031],[128.23683190680453,34.67582527220079],[128.23661070789743,34.67568960922872],[128.23620999373543,34.67562116028854],[128.23580193262168,34.67569706397076],[128.23546237283378,34.67588714129799],[128.2354912091582,34.67597896816893],[128.23517705824574,34.67640204926148],[128.23537433119168,34.67675014565307],[128.23533206073384,34.67683662659911],[128.23479089335123,34.67689343416656],[128.23467936223264,34.67708224453789],[128.23443263961204,34.67723234955249],[128.23432859206,34.67746665638551],[128.2340559409488,34.67750484990304],[128.23370380276438,34.67770027793715],[128.23344233512438,34.67765975797491],[128.2333063610422,34.67716940767757],[128.2336392645005,34.67669597211818],[128.23352507299975,34.676447280487125],[128.23336171678613,34.67631689414081],[128.2331791976997,34.67631432371835],[128.23253480583205,34.67641962226498],[128.2324478809812,34.676580960154475],[128.2324257443884,34.67638584188948],[128.23217314103707,34.67627133100415],[128.23218190395838,34.676186114679346],[128.23227876296593,34.67617604536123],[128.2324534530459,34.67596536584242],[128.23233764091654,34.67574880278519],[128.23245341810684,34.675699799541206],[128.2326008540288,34.67592704502502],[128.23273067210096,34.6759889798644],[128.233017964311,34.67593840390419],[128.2332604025746,34.675888623726415],[128.23329113079274,34.67564465454024],[128.23335486048413,34.675648325484126],[128.23342540277326,34.67546778411191],[128.23334459378785,34.67540232143669],[128.23359264095362,34.67549813036087],[128.2336498350547,34.67520951316658],[128.2333408215767,34.67517560495889],[128.2331965738014,34.67535254883095],[128.2328743396891,34.67553764794255],[128.2328328687448,34.6754869907694],[128.23314596240158,34.67530959822786],[128.23332479644003,34.67495193621082],[128.23360912563953,34.67471667965777],[128.23350571923714,34.67449757938866],[128.2331418267467,34.67439684814044],[128.23295921067597,34.67424018231588],[128.2328929898337,34.67407564290747],[128.23305830705186,34.67379390915408],[128.2326769283375,34.67340383806142],[128.2318440125688,34.673522079882076],[128.23140584918747,34.673470730843384],[128.2310467245874,34.67320287904499],[128.23035323476853,34.673120818098],[128.23012656870543,34.672972092203864],[128.23012320265076,34.67280344592102],[128.22985841780692,34.67281484278476],[128.2298968199236,34.67269222236564],[128.22961946969795,34.672780640800426],[128.2292727484778,34.67262580543451],[128.22987962731065,34.67226503484234],[128.2300684453387,34.67238292925558],[128.23035698957753,34.67209918948843],[128.23071674734285,34.67211157450675],[128.23100613072558,34.67235518318284],[128.23108306885678,34.6721627681107],[128.23169870711763,34.671987616057486],[128.23190162262958,34.672124608992064],[128.23208165320744,34.67213072134121],[128.23217128462394,34.67247510786362],[128.23254248015678,34.672511194758464],[128.232906600572,34.672340066441244],[128.23307407829375,34.67197984879164],[128.2329517394122,34.67193831682738],[128.23293947622875,34.67180211919197],[128.23309862275175,34.67161821900899],[128.2326425538123,34.67104992880211],[128.23265757217825,34.670826492545125],[128.23289610765013,34.670619669564225],[128.2323968327375,34.67041964191739],[128.23255661087887,34.670371245325086],[128.23281011545882,34.67042599013195],[128.23305674775023,34.670622767940266],[128.233282506478,34.670661125767595],[128.2335321534159,34.67083379736869],[128.23402465563325,34.67083353542753],[128.2345646649289,34.67103729941395],[128.2350341409101,34.671082847516004],[128.23542006610515,34.67098415893382],[128.23566757751595,34.671231587330695],[128.2359663255241,34.67113612478491],[128.236179999215,34.671170841218895],[128.23632351736765,34.67134762873084],[128.23665280650212,34.671369959034834],[128.23704403936824,34.67156519827661],[128.2372120293039,34.67155326297347],[128.2375645528282,34.67170806224864],[128.2376850806105,34.6716723976102],[128.23784560101387,34.67145767684008],[128.23804476099173,34.67162473088905],[128.23869773014377,34.671648508723756],[128.2389088215427,34.67146640720656],[128.23924100313596,34.67152092496939],[128.23941202813663,34.67137450045581],[128.23971829005342,34.671440934067896],[128.239951641839,34.671344873867824],[128.24020453515965,34.67143126525044],[128.24060127385792,34.67143330217526],[128.24067766380833,34.67122248215857],[128.2408886845497,34.67118518057423],[128.2419251759168,34.67130890865234],[128.24202296682992,34.6713582171715],[128.24186859598566,34.6714506372927],[128.24193428347414,34.67152289731686],[128.24218469081396,34.6716391535672],[128.24259141131006,34.671646959463075],[128.24296104771042,34.67145520377351],[128.24293062569419,34.67119055132804],[128.2430845026257,34.67106146707284],[128.24293636028094,34.67088138195935],[128.24298994606755,34.67027940513649],[128.2428039145683,34.67014808110253],[128.24289416344436,34.67001606716894],[128.2427260453684,34.66970357721223],[128.242983896656,34.66952537337794],[128.2430476781416,34.669582509200104],[128.2433091311165,34.66946073690283],[128.2434640074354,34.66929146877007],[128.24332851853407,34.66920741083568],[128.24337740724113,34.66912578152076],[128.243604653352,34.668997939984884],[128.24373532303264,34.669047154813406],[128.2439386351289,34.66897123178184],[128.24403430100585,34.6688150328372],[128.24429995464396,34.66866863620986],[128.2442707769954,34.66840934281547],[128.2441191431733,34.668249395164786],[128.24398718488922,34.6682744562743],[128.24379016949217,34.66808692057287],[128.24388307812833,34.667946279594815],[128.24464055188005,34.66836231199909],[128.2449653229794,34.66843591293079],[128.24503373038866,34.66882693808061],[128.24549289109174,34.669154241488634],[128.24568020892187,34.668986025626296],[128.24576325550825,34.66902458212516],[128.24590617251127,34.66920784026869],[128.24568037437749,34.669123855059674],[128.24559786650934,34.66922509691534],[128.24564366894003,34.66934851563502],[128.24586080238294,34.669546586746435],[128.2460393507858,34.669591704291385],[128.246075765804,34.66939501997632],[128.24598325550312,34.669174788689034],[128.24629118097315,34.66869672009409],[128.2463915593573,34.668732905728504],[128.24630394132518,34.66890240877594],[128.2464321389982,34.668952699020025],[128.2462251174948,34.66928035526205],[128.24645855946105,34.669495064954106],[128.2471492240195,34.669483830765564],[128.2476633551903,34.669269072017116],[128.2480745073333,34.66933073467],[128.24883588274747,34.6697137833509],[128.24930085727934,34.66981193481567],[128.24932820505134,34.66972962216766],[128.25062964900556,34.67012944891346],[128.25149730624798,34.67025286179467],[128.2516897264519,34.670227186191795],[128.25188754206866,34.66996781783504],[128.25226433085675,34.670094873186734],[128.25232351021776,34.66998931973901],[128.25238781727006,34.67000774991691],[128.25238315722316,34.67039324554724],[128.2525363621371,34.67049747188079],[128.2531841089293,34.67043929612942],[128.25368901041742,34.67053892809816],[128.2538423669363,34.670682811475544],[128.25407995135558,34.670725497877186],[128.25433108971063,34.67114692069414],[128.25503437899826,34.67104731868383],[128.25525638314312,34.671089181280806],[128.25536940621393,34.67134198339167],[128.25505385192372,34.67151302017831],[128.25503775829608,34.67163659945501],[128.25509215211474,34.67186274804545],[128.255244460516,34.67197371445016],[128.25527460324696,34.67251816939011],[128.2553625845099,34.67268713891126],[128.2555330185376,34.672717124139155],[128.25550369265252,34.673034792054665],[128.25572236753735,34.67303937558911],[128.25571249630312,34.67315466519553],[128.25630935167862,34.673203793433274],[128.25627054190375,34.673292908544205],[128.25569231236784,34.673268749046485],[128.25542779048186,34.673500569488525],[128.2555563531796,34.67381419642009],[128.25581962292912,34.673937341505514],[128.25607607438465,34.673537965590164],[128.25615422463125,34.67357347748301],[128.2559748965304,34.67391174153302],[128.25643027411274,34.6740926962041],[128.25700600695887,34.674002440049215],[128.25712244734964,34.67414250938261],[128.25704680997305,34.674488582214614],[128.25679140865594,34.6747046519126],[128.25622656789992,34.674622987532246],[128.25620706179794,34.67472009512349],[128.25594573740455,34.67469029492617],[128.25576228158533,34.67487059236994],[128.2557154180673,34.67483688278486],[128.25587732210562,34.674688720874975],[128.2559186588575,34.67436511610645],[128.25548793060102,34.67429808901493],[128.2551311619221,34.67435399161722],[128.25449712429221,34.674604758658866],[128.25350209130426,34.675410556925954],[128.2532833402604,34.67574326145581],[128.25324723120428,34.67596079633617],[128.25280560357533,34.67642144873063],[128.25223861051248,34.67727370249105],[128.25222913876996,34.677788167048966],[128.252381606021,34.67803019111365],[128.25196353794405,34.678190547237286],[128.25174797163368,34.67870524411802],[128.25168437420692,34.679255670143334],[128.25181887625246,34.679714024332206],[128.25210111623974,34.679966478709346],[128.25224144430413,34.67988900789116],[128.25259024205414,34.68002909001624],[128.25283498202998,34.679985914442305],[128.25311096915547,34.680305428668994],[128.2530524554378,34.68046202801217],[128.25343752852737,34.68053420526822],[128.253386928594,34.680756873171724],[128.25311920282695,34.680951849635434]]],[[[128.26383788477767,34.68271384984663],[128.26340170476385,34.6825734664941],[128.26281821606938,34.682660958379365],[128.26258599538144,34.68257109630421],[128.26245578959973,34.68242537801334],[128.2620107038821,34.682474487728726],[128.26208290396602,34.68233108524349],[128.26195972826864,34.68219749986058],[128.26152804482118,34.68210203993929],[128.261689833398,34.68161785350317],[128.2612281809422,34.681259192771904],[128.2608426250771,34.6812911725315],[128.26056555804178,34.6815629293236],[128.2601565264323,34.681561609714564],[128.25992289281507,34.6812451210693],[128.25979806426338,34.68115613414189],[128.25956457906858,34.68117526755067],[128.25953353147557,34.681086473214954],[128.25997057138736,34.68090400956055],[128.2601629164478,34.68094153996367],[128.26024715296555,34.68103240378793],[128.2607891722403,34.68098427543953],[128.26153796775353,34.680549459159714],[128.26159854364664,34.6806855147536],[128.26142313907218,34.6808106147951],[128.2615632433405,34.68105704805843],[128.26179058688587,34.681164441338005],[128.26214384187548,34.68116951201666],[128.26251744034977,34.68058397176139],[128.26284369383856,34.68057223365232],[128.26328729403133,34.680402374246434],[128.26356062643083,34.679852764475775],[128.26394728146434,34.679518065387235],[128.26470827226154,34.67925177490822],[128.26505995921156,34.6792879281005],[128.2654910495184,34.67863638304283],[128.26561538490054,34.678771528517906],[128.26616219424778,34.67888194028666],[128.26647962338828,34.67875276895477],[128.26670483812538,34.67880507958485],[128.2673883275318,34.67875274151419],[128.26714079417448,34.679051167298006],[128.26670613365948,34.67919682890394],[128.2665359504024,34.679390782787564],[128.26532329576284,34.67942477404299],[128.26511140885466,34.67937653073256],[128.26516312261577,34.6798875725515],[128.26461955431768,34.680257388020834],[128.26375519593412,34.68064611333851],[128.26363730162257,34.681112774068474],[128.26381237020772,34.68125189495265],[128.26361135665826,34.68143709156987],[128.26363417164126,34.68156777099856],[128.2635074606858,34.681784125827605],[128.26358563255562,34.68186301290626],[128.26351509060953,34.682190048101084],[128.26367508328758,34.68228573458622],[128.26348046129664,34.6824876465849],[128.26398923197252,34.68260560682793],[128.26383788477767,34.68271384984663]]],[[[128.25769406908395,34.682870773345996],[128.25751503868747,34.68290743907845],[128.25755330667138,34.682779730686],[128.25769406908395,34.682870773345996]]],[[[128.58027019130714,34.68070925950293],[128.58014243875868,34.68076946439195],[128.58002936989226,34.680716601277055],[128.58019970710535,34.68062849544774],[128.58027019130714,34.68070925950293]]],[[[128.58030580045946,34.6808465575971],[128.5803917033429,34.68077974409108],[128.58053157224845,34.680835911285335],[128.58048751885946,34.68087922981084],[128.58030580045946,34.6808465575971]]],[[[128.58452305922592,34.68084310760375],[128.58428452802428,34.680820052574965],[128.58421523301936,34.680722043654555],[128.5842561835525,34.680704458943325],[128.58452305922592,34.68084310760375]]],[[[128.58045705671984,34.68104682752772],[128.58034844801412,34.681014678598615],[128.5805433032356,34.68099973631295],[128.58045705671984,34.68104682752772]]],[[[128.57755121310117,34.68110258536208],[128.57743650226865,34.68100023722031],[128.57756399389132,34.68097102196694],[128.57755121310117,34.68110258536208]]],[[[128.57717974220344,34.68106461013617],[128.57732509833974,34.680934227605675],[128.57729736867628,34.68104410473764],[128.57742683822582,34.681076644589005],[128.57717974220344,34.68106461013617]]],[[[128.58227761057574,34.68122522487009],[128.58220142593723,34.681252934453795],[128.58220288236095,34.68121696396348],[128.58227761057574,34.68122522487009]]],[[[128.58201938254575,34.68122400538695],[128.58199125660616,34.68126636607471],[128.58191433621653,34.68118625441998],[128.58201938254575,34.68122400538695]]],[[[128.57639815573827,34.68154167903935],[128.576204375184,34.68146209077971],[128.57628627089562,34.68141133935014],[128.57639815573827,34.68154167903935]]],[[[128.57599905955908,34.68150707593086],[128.575974837744,34.68156128836292],[128.57590678389636,34.681508229597625],[128.575924085173,34.681492080989955],[128.57599905955908,34.68150707593086]]],[[[128.5761490095732,34.681617807007385],[128.57605327205968,34.68163395564431],[128.57604173735882,34.68158089660133],[128.5761490095732,34.681617807007385]]],[[[128.57585257214402,34.6816201138961],[128.57576260219568,34.68167201928833],[128.57579835936374,34.681602812023556],[128.57585257214402,34.6816201138961]]],[[[128.5751443485426,34.682001908170854],[128.5750809102746,34.68202613020078],[128.57506937503155,34.68197653282893],[128.5751443485426,34.682001908170854]]],[[[128.57498954508452,34.68200791219195],[128.57490866074505,34.68203845858188],[128.57480163600826,34.68196114897886],[128.57496488089464,34.681920955404046],[128.5749306013632,34.682002865663264],[128.57498954508452,34.68200791219195]]],[[[128.57390275202832,34.682514114649486],[128.57394140293601,34.682573752981554],[128.5739289681696,34.68260881109575],[128.57384875906334,34.68256702898506],[128.57390275202832,34.682514114649486]]],[[[128.58244016250327,34.68249670450451],[128.5824412638803,34.68255507479339],[128.58242107296232,34.68256131557256],[128.58239207124785,34.682533047683464],[128.58244016250327,34.68249670450451]]],[[[128.57394837727352,34.68277376668347],[128.5737994713925,34.6827283733491],[128.5737905603393,34.682659446588104],[128.57404812992402,34.68267077608013],[128.57394837727352,34.68277376668347]]],[[[128.57422487113638,34.68337497116323],[128.57417435353452,34.68344191485707],[128.57404551677885,34.683366348745665],[128.57415779983864,34.68333539002814],[128.57422487113638,34.68337497116323]]],[[[128.582370784479,34.683364210826696],[128.5823234928568,34.6833953537911],[128.5822842744291,34.683349215873925],[128.582370784479,34.683364210826696]]],[[[128.58236386323222,34.6835614517619],[128.58234425494427,34.68362950572858],[128.5822208349142,34.68364680769188],[128.58222775628676,34.68361220350779],[128.58236386323222,34.6835614517619]]],[[[128.19578643658653,34.68687018023512],[128.1957836805425,34.68688524465745],[128.1957436627089,34.68686691744481],[128.19578643658653,34.68687018023512]]],[[[128.57500927239613,34.68443000167706],[128.57502303432364,34.684449069200184],[128.5749255868595,34.68444872941481],[128.57500927239613,34.68443000167706]]],[[[128.57505295854526,34.68464923920499],[128.57513339706946,34.68470586101118],[128.57499754657943,34.684727797459274],[128.57505295854526,34.68464923920499]]],[[[128.5808376797547,34.68571536542021],[128.5808252512204,34.68577137322231],[128.5807885839452,34.68568922672636],[128.5808376797547,34.68571536542021]]],[[[128.58068455085078,34.68582181954524],[128.5806445951942,34.68586387812915],[128.58061620821948,34.68581693308551],[128.58068455085078,34.68582181954524]]],[[[128.5802440199029,34.68617797842041],[128.580185473172,34.686229879049094],[128.5801806210031,34.68617947275242],[128.5802440199029,34.68617797842041]]],[[[128.57981889873167,34.68651399692416],[128.5797977645531,34.686571434357795],[128.57973845669397,34.686560052427126],[128.57974912345193,34.68652231955207],[128.57981889873167,34.68651399692416]]],[[[128.57960682942502,34.68683517879718],[128.57952863505528,34.68684325486549],[128.57954625648287,34.68677790973054],[128.57960682942502,34.68683517879718]]],[[[128.2716585456166,34.6893362933922],[128.27143181449756,34.68913924749345],[128.27153778711647,34.68900407896692],[128.2715314934084,34.688740879345566],[128.27170912889812,34.68868570671824],[128.27205473042832,34.68885279831655],[128.2719420108334,34.68898736977338],[128.2720901206373,34.68912615586689],[128.27204812865,34.68925831889696],[128.2716585456166,34.6893362933922]]],[[[128.5792184557303,34.68738116572931],[128.57922753425407,34.68739859429843],[128.57910893536524,34.68741531213022],[128.5792184557303,34.68738116572931]]],[[[128.18486364613813,34.690780497847385],[128.1847045014538,34.690697895625185],[128.1847592897632,34.69049903308164],[128.18462369811283,34.69048367214732],[128.18473191609374,34.690394002040684],[128.18469949358578,34.69033754509704],[128.18503189202733,34.690233263479804],[128.18522334292953,34.6903924213375],[128.18486364613813,34.690780497847385]]],[[[128.1851428803659,34.69092626360299],[128.18507282914996,34.69095833647784],[128.1850286540608,34.69088962845504],[128.1851428803659,34.69092626360299]]],[[[128.1836421033709,34.69093407642634],[128.18360558722117,34.69102978562587],[128.18349392539534,34.69094965143366],[128.1836421033709,34.69093407642634]]],[[[128.18329501927704,34.69085127390236],[128.1834179921439,34.690966305468365],[128.1834244852049,34.6910263907838],[128.1832297302806,34.690940822919586],[128.18329501927704,34.69085127390236]]],[[[128.57869338815817,34.688518354960934],[128.5786841601468,34.68854603780662],[128.5786472497293,34.68853142728728],[128.57869338815817,34.688518354960934]]],[[[128.57822984811045,34.68855335043227],[128.57809740471527,34.688459761667865],[128.5778594629928,34.688506232578476],[128.57795033266217,34.6884100939483],[128.5776538063733,34.68826850755812],[128.57751755850913,34.68829235302607],[128.5773008797912,34.688147659336266],[128.57729271648037,34.68806249149775],[128.5771914331618,34.6880566012328],[128.57691199565974,34.68774006443706],[128.57700173774666,34.68757125941141],[128.5768542144505,34.68752754396871],[128.57695637700928,34.68744923275005],[128.57644181059604,34.687421541880305],[128.57653186162514,34.68735066908907],[128.57640708302554,34.687216321777925],[128.57649204697995,34.687068227959045],[128.57617868194947,34.686731577398625],[128.57629307077556,34.68662880923683],[128.57595223264698,34.68659319937622],[128.57587420708958,34.68648330222795],[128.57594720049804,34.68639158807303],[128.57577817138832,34.68634148841585],[128.5754365018788,34.6859642019628],[128.57544118210924,34.68578105898773],[128.57558442813934,34.685755258658645],[128.57544333057447,34.68568306748778],[128.57557852558287,34.685461039647194],[128.57548759924487,34.68550237774576],[128.5753743588169,34.685439398044444],[128.57536938495687,34.68516999826194],[128.57561785645643,34.6849754286389],[128.57537443199192,34.68496067557745],[128.57504492406014,34.68458564671235],[128.5750303998211,34.68440872644987],[128.57474643077066,34.68412950289169],[128.57478728332336,34.683914679454055],[128.5745396382656,34.683832480589906],[128.57442461881925,34.68370423184958],[128.57430634432703,34.68323803515155],[128.5743775020768,34.68299872768619],[128.57433588931474,34.682756155395914],[128.574218323132,34.682614915933286],[128.57398882797392,34.682578258551814],[128.57396786633328,34.68238673980987],[128.57426846429397,34.68237545740017],[128.574238032984,34.68227913988862],[128.57433138316273,34.68228707290506],[128.57432403332334,34.68217315207364],[128.57447401492996,34.68210001124372],[128.574733798994,34.682186875253244],[128.57459833619055,34.682097926864515],[128.57468792049522,34.682009495537514],[128.5749756387597,34.68208962653385],[128.57530656825253,34.682033388568094],[128.57557634050482,34.6817646004524],[128.5757103571848,34.681828464332334],[128.57619141620404,34.68166913804292],[128.57636173562574,34.681692297349386],[128.5764754166439,34.6815864918993],[128.57666542465807,34.681676156570134],[128.57708690182028,34.68154926909558],[128.57691963979588,34.68145375833891],[128.57703136331608,34.68124474988538],[128.5773373348394,34.68111489564478],[128.57748324797612,34.6811485182454],[128.5776301979188,34.681063073649376],[128.57792701804723,34.68103924818642],[128.5781795046425,34.68089333787084],[128.57843633515498,34.68091313016025],[128.57870848241484,34.680800582111374],[128.5786604671598,34.68069554377245],[128.57873966195365,34.68065158844466],[128.5790786646338,34.68075037804264],[128.57972268031935,34.680723600031286],[128.57993726134902,34.680813274551824],[128.5797945402173,34.68089370957145],[128.58028908677204,34.68090232202522],[128.5803710208716,34.68107258087343],[128.58023823683084,34.68118674968209],[128.58048614923774,34.681235522680176],[128.5806021798785,34.681342102473224],[128.58099759753105,34.681206742568314],[128.5810648279524,34.68138114856411],[128.58125444705018,34.68120512245782],[128.58144556403218,34.68115661326607],[128.58168508581173,34.68115198992822],[128.5818955150911,34.681359957565085],[128.58221099130708,34.68131600609007],[128.58230993590772,34.68123715451588],[128.58235652273436,34.68110346266997],[128.58309621355156,34.6808496729893],[128.5836020545713,34.68078388495401],[128.58406521753474,34.680910817044136],[128.5840782860241,34.68115352338778],[128.58370840242458,34.681356888704634],[128.58355571240986,34.68162299272275],[128.58302757528344,34.68197767794433],[128.58270453074374,34.681941685204585],[128.58265703695082,34.68213147759516],[128.58213195331592,34.6824479677547],[128.58213997472765,34.68254673651636],[128.58238050752502,34.68262830046344],[128.582187841941,34.68274861194235],[128.58229481701338,34.682754064336805],[128.58239920235025,34.6829914746593],[128.58211597343873,34.6832212357268],[128.58223062637285,34.6834185306444],[128.58203598892493,34.68359308156608],[128.58217230715067,34.6838130791977],[128.58199873120645,34.68395396256381],[128.5820626149442,34.684010167658414],[128.5819924564351,34.684115044510236],[128.58227629503745,34.68413906141058],[128.5822256979293,34.68420655823844],[128.5823034984148,34.684246519324866],[128.58216706397246,34.68436522407472],[128.58236240755824,34.68442455390346],[128.58233839776946,34.684490017495605],[128.58249157105254,34.68445499988206],[128.58255890062466,34.684579795140976],[128.5823258676803,34.68482498492543],[128.5820184578374,34.68486460449539],[128.58204936214887,34.6849798088548],[128.5816152622033,34.68496237590281],[128.581254444041,34.685279280899024],[128.58128000900098,34.6853705313759],[128.5810788435086,34.68538057677786],[128.58091836343763,34.68559932439428],[128.580095818699,34.68610637956137],[128.57996621450064,34.686289592695644],[128.5797972573275,34.68631396498416],[128.57989432325274,34.686394878659904],[128.57973228103756,34.68650757844021],[128.57949633930338,34.686831809380465],[128.5792222779822,34.68703810242682],[128.57910159559455,34.68728505584892],[128.5790004989201,34.68754468995805],[128.5790641908951,34.68764182797869],[128.57897953626576,34.6877307490325],[128.57907198170517,34.68783426472088],[128.57890322757532,34.688010340778746],[128.5789527258415,34.68817654925897],[128.57879311540847,34.68840375546894],[128.57822984811045,34.68855335043227]]],[[[128.5784511623954,34.68860140319338],[128.57842732453975,34.68866984201611],[128.57836734373439,34.6886560009513],[128.57837272732596,34.688607555463356],[128.5784511623954,34.68860140319338]]],[[[128.2851512596578,34.69108068128524],[128.28533401895422,34.69124213161896],[128.28503879320422,34.691255611399015],[128.28489302740496,34.69106804546704],[128.28503090220593,34.6909660908661],[128.2848563539043,34.69082961012248],[128.2848856896719,34.69074790930065],[128.28458695731265,34.69049476911755],[128.28425437713747,34.69041694617767],[128.28414521295917,34.69028854541125],[128.28394193427542,34.690219814362244],[128.2837855212735,34.689954473783565],[128.28395474894256,34.68970776747666],[128.28368301862733,34.689586018124245],[128.28353960523523,34.689386429316365],[128.2835810227257,34.68931328997273],[128.28320491138865,34.689078645601725],[128.2828180072669,34.68905389460358],[128.28213104671636,34.688794739482276],[128.28200936702993,34.688822464910245],[128.28155296944078,34.68869531718895],[128.28144948782423,34.68860249342315],[128.28066845488007,34.68858091403753],[128.27978777864044,34.68866962043507],[128.27975189414224,34.688471493322226],[128.2798861538756,34.6883911521609],[128.279694267631,34.688306349219594],[128.2796652135835,34.68799042463491],[128.2793364586325,34.687638230865616],[128.2793722597813,34.68752825942794],[128.2800771070997,34.687294059815216],[128.2805544788684,34.68726530325173],[128.28093402938194,34.687324724520394],[128.28109691491443,34.687384330436636],[128.2810428943912,34.68750079457625],[128.28138708901858,34.687599676606006],[128.28172945154782,34.68784302877036],[128.28240010744526,34.688067304422624],[128.28280603913595,34.68834677661991],[128.28364785134147,34.688341598475816],[128.28421067530363,34.68843964813364],[128.28440745065546,34.68838788322626],[128.28449570241216,34.68812011094623],[128.2844427962248,34.68802014145405],[128.2846996569464,34.687676736020556],[128.28513595866517,34.687425333278256],[128.28526582840487,34.68744592781828],[128.28539495173874,34.687633803597755],[128.2856441008411,34.68766660804818],[128.2864794169606,34.68746834659143],[128.28681754908848,34.68752420231961],[128.2873546099849,34.68746311505461],[128.28816269928865,34.68762235312047],[128.2887898673881,34.68795035711754],[128.28887847540233,34.68816022736772],[128.28875463746138,34.68833574040312],[128.28800803447115,34.68849314062134],[128.2879274356325,34.688563432711014],[128.28716966763153,34.688620192319696],[128.2866834263396,34.688750885899296],[128.28642679298517,34.68913384695798],[128.2863040727168,34.68955766799786],[128.28677587328565,34.68998756080592],[128.28678923265068,34.69021263952333],[128.28640601734358,34.6905281264289],[128.28627707626947,34.690393503215596],[128.28599078075987,34.69042753107905],[128.28560768369346,34.690741168826065],[128.28538057250162,34.6907636643734],[128.28547582200974,34.69087199394211],[128.2851512596578,34.69108068128524]]],[[[128.28567969632647,34.691748188648525],[128.28588109840496,34.69199934223032],[128.28577194824598,34.69199778984153],[128.2856143812413,34.69182909808929],[128.28567969632647,34.691748188648525]]],[[[128.18115386058213,34.69263847352101],[128.18114782378066,34.69260537904025],[128.18133177624452,34.69262552606246],[128.18115386058213,34.69263847352101]]],[[[128.18096094665674,34.69249326962872],[128.1810596484429,34.6926149454142],[128.18082853989057,34.69267236993139],[128.18076094196311,34.69257829645142],[128.18096094665674,34.69249326962872]]],[[[128.40210691928323,34.69270457018557],[128.4023034977388,34.69289238498736],[128.40216908121278,34.69303794240954],[128.40194816690982,34.69288671206624],[128.40210691928323,34.69270457018557]]],[[[128.17614439358934,34.69508252426933],[128.1761481924875,34.69514742321353],[128.17610972128188,34.69516404521224],[128.1760784296429,34.695127751349595],[128.17614439358934,34.69508252426933]]],[[[128.39761901561482,34.69381407638507],[128.39728288962345,34.693783518825256],[128.39745662787084,34.693724587859776],[128.39762425483883,34.693756018274236],[128.39761901561482,34.69381407638507]]],[[[128.39766397828757,34.69383502920593],[128.3976371309638,34.69389614290503],[128.39741559492415,34.693851835749456],[128.39745400774763,34.69382826336102],[128.39766397828757,34.69383502920593]]],[[[128.1750786197819,34.69610486145796],[128.17490898853552,34.69611921751772],[128.17493229597756,34.6960876528333],[128.1750786197819,34.69610486145796]]],[[[128.2777991153037,34.695682795101504],[128.2777545690607,34.69552963504817],[128.27759751815896,34.69554328355482],[128.2774833072511,34.69536043198209],[128.27748661031703,34.69512348790729],[128.27777070229064,34.69516304783142],[128.27846130037656,34.69560179464367],[128.27836456247024,34.695672983388526],[128.2777991153037,34.695682795101504]]],[[[128.3975735506003,34.697141115334354],[128.39685047308134,34.69705561401003],[128.3968241470986,34.69693203626534],[128.396096390875,34.696726355279594],[128.39585584775344,34.69682392310989],[128.3955339870221,34.69682319316129],[128.39552632365587,34.69667746353785],[128.39522454322068,34.69675147554768],[128.39521716170484,34.69657570111966],[128.3951356565303,34.69654867473835],[128.39468287875928,34.696501436902075],[128.39420837984665,34.696553448303696],[128.39410352957728,34.696629007918],[128.39409919396613,34.69655338107869],[128.39365605829877,34.696462864014904],[128.3934904540624,34.696341167082565],[128.39323114926017,34.69561589110719],[128.39357688848943,34.69542750650705],[128.39391264343993,34.69539878867436],[128.39397078311103,34.69521762252956],[128.394256999692,34.69498179421233],[128.3945977396875,34.69504274586219],[128.39474552829586,34.69487606519677],[128.39510797593564,34.69478631601645],[128.3951538504236,34.69488435190379],[128.39532525277158,34.69488401160835],[128.395384117477,34.69482491303537],[128.39533288243493,34.69461499316032],[128.3958417798223,34.69433477200418],[128.39628584131216,34.69425458929319],[128.39610010107143,34.694108587582484],[128.39622473604786,34.69397936818078],[128.39719063349006,34.69383740495243],[128.39771477350953,34.69394538546346],[128.3978161100887,34.69403114743379],[128.3975892593427,34.69412147681075],[128.39824751144047,34.69414662517179],[128.39809173033754,34.69419513775971],[128.39807884218496,34.6942833914523],[128.39853383389465,34.69441096351775],[128.39843175282044,34.694556060206295],[128.39860571396767,34.69460282550667],[128.39863847369267,34.694692285529854],[128.39894624159365,34.69487672475653],[128.39892044479785,34.69505058219561],[128.39864645401968,34.69507228639825],[128.39884329456459,34.69526231408467],[128.39867784124183,34.695392584697984],[128.39893534373667,34.695424896940764],[128.39871716927507,34.69574044410854],[128.3989709231535,34.69580572573878],[128.39866545298318,34.69613350514607],[128.3987228210996,34.69619242442583],[128.3986608848381,34.69623813010214],[128.39876790744006,34.69628869186192],[128.39862348124112,34.696331901165024],[128.39874481289672,34.69635981998923],[128.39873853715858,34.69643828064051],[128.39838894487272,34.69681546338803],[128.3977909800748,34.696930034417456],[128.39798475808598,34.697048472611726],[128.3975735506003,34.697141115334354]]],[[[128.54978670141497,34.69687452728722],[128.54943146599337,34.69680988844089],[128.5490407069846,34.696358680051766],[128.54906302259184,34.69615776158678],[128.54913205218645,34.69609767257613],[128.54923860021287,34.69613389227637],[128.54913029624953,34.69606434060801],[128.5492008457599,34.69594407016125],[128.54953844856402,34.69597457580317],[128.54969576560723,34.696127341786664],[128.54967385835744,34.69626640859775],[128.54989926655594,34.69659965262649],[128.54978670141497,34.69687452728722]]],[[[128.54333684928656,34.69795573360681],[128.54339718565217,34.69812192180609],[128.54317874046396,34.69807843117134],[128.54304064524231,34.697945857915386],[128.54312887284493,34.697869788782],[128.54333684928656,34.69795573360681]]],[[[128.20123895614157,34.70054780528041],[128.20138652671434,34.70069905301876],[128.2013818935061,34.70074623837067],[128.20120575653462,34.70058612113385],[128.20123895614157,34.70054780528041]]],[[[128.39971248847107,34.699781773160765],[128.39971769611003,34.69983266551068],[128.39966239896654,34.699832126049635],[128.3996501774697,34.699810904338534],[128.39971248847107,34.699781773160765]]],[[[128.54271109904226,34.69881557661878],[128.54280195416462,34.698944661714464],[128.5425494046822,34.69886300910685],[128.54271109904226,34.69881557661878]]],[[[128.3990526831904,34.700188819654755],[128.3990446100891,34.700316717511825],[128.39884889171213,34.70032774427156],[128.39887895684845,34.700234335719315],[128.3990526831904,34.700188819654755]]],[[[128.54222652106833,34.69930103464429],[128.5421482865291,34.69929426896641],[128.54215769193777,34.69926312823216],[128.54222652106833,34.69930103464429]]],[[[128.39879735953016,34.700478001432536],[128.39875838289066,34.700451193158045],[128.39877133454556,34.70043281917098],[128.39879735953016,34.700478001432536]]],[[[128.54174072766048,34.69938063703455],[128.54171249403385,34.69938255022667],[128.54170232391195,34.699342236695976],[128.54174072766048,34.69938063703455]]],[[[128.54133918557662,34.69939454653585],[128.54128902501145,34.69940484740202],[128.54125111828253,34.699318342271354],[128.54133918557662,34.69939454653585]]],[[[128.5420206326209,34.699353950062275],[128.54197236586248,34.699406179259434],[128.54189076418734,34.699383050454514],[128.54192075161808,34.699349721976844],[128.5420206326209,34.699353950062275]]],[[[128.5415288519676,34.699790325933414],[128.54138991258966,34.69971867482965],[128.54159765018943,34.6996994253994],[128.5415288519676,34.699790325933414]]],[[[128.5418898625998,34.700431729150374],[128.54190944163065,34.7004831247901],[128.54184091455258,34.7004390712036],[128.5418898625998,34.700431729150374]]],[[[128.54185908511508,34.700663709544735],[128.5419144518473,34.70072522684913],[128.54185447186453,34.70074983409257],[128.54180679585411,34.700698312573095],[128.54185908511508,34.700663709544735]]],[[[128.5429998637591,34.7010797947362],[128.54297552552134,34.701095123366],[128.54291735270914,34.701075537833596],[128.5429998637591,34.7010797947362]]],[[[128.54629046776344,34.70121094345226],[128.54558117831576,34.70112704866929],[128.5455313910965,34.701042519793496],[128.54520269997266,34.70104532708434],[128.54515633042914,34.70111002757465],[128.5445400144099,34.70068119539253],[128.5441014495621,34.70069995181951],[128.54406070283508,34.70057686779933],[128.5438435399615,34.70052300560684],[128.5437901999773,34.70060784244481],[128.54367708508894,34.700571511069406],[128.54343802017576,34.700812820504346],[128.54319553861444,34.700771861390606],[128.5431397165601,34.70093442265368],[128.54291661526773,34.70088869281091],[128.54303188459056,34.700759905875586],[128.54277936619854,34.700628631043685],[128.5423683168891,34.7007935677874],[128.5421273041159,34.700687277653216],[128.54203698020297,34.7004869910104],[128.54185071937454,34.700394743704415],[128.5418172966652,34.70023740786171],[128.54212199712816,34.700168421915706],[128.54192844719208,34.699962901489904],[128.54203795154365,34.69988459344372],[128.54178542922568,34.69978350303694],[128.54172634419928,34.69965131774603],[128.5422835803417,34.699427485751265],[128.54272721482445,34.69952029497357],[128.54261888323433,34.699401035002616],[128.54274294444053,34.69925865968414],[128.5425337176954,34.69928598892251],[128.542516975599,34.69912320923032],[128.54272639077362,34.69899692281807],[128.5429572583012,34.69898338583636],[128.5428191862726,34.698784965601874],[128.54295425948675,34.69865364669058],[128.54321219363857,34.69865336031884],[128.54344981779653,34.698779269415255],[128.54315808772415,34.698525932123324],[128.5431075429201,34.69837992831409],[128.54324101457652,34.698238269064646],[128.54379172122793,34.698313432337834],[128.5438182532866,34.698189446320924],[128.54370673118427,34.69812805737289],[128.54373170365676,34.69781778337917],[128.54415452805225,34.69748222115085],[128.54478934329683,34.697573302555504],[128.5449732413706,34.69773779293751],[128.5452157558672,34.69774294129737],[128.54522047904115,34.69764396233],[128.54512662456332,34.69758485691675],[128.54517134244134,34.69741169987891],[128.54558085026,34.69744912736441],[128.54574404766777,34.697630695429744],[128.54614949787708,34.69777884567454],[128.54633546959755,34.69805534238995],[128.5465699965894,34.698256743641146],[128.5466593177887,34.69824304375571],[128.54647372675544,34.6978738476658],[128.54653908581713,34.69762932356465],[128.54666350158428,34.697559720343605],[128.54647689775067,34.69709642234861],[128.54654449482,34.69690933580199],[128.54677269444957,34.696811560875375],[128.5470900090459,34.69683921050803],[128.54725011373773,34.69668432224494],[128.54794900076408,34.69661654317092],[128.5482934951754,34.69666480225013],[128.5482328355528,34.69648639086283],[128.548590935789,34.696305927647835],[128.54914846814034,34.69659401694732],[128.54942002159203,34.696992082566126],[128.54941202764496,34.69713418286352],[128.5495340305663,34.6971462009663],[128.5496025288522,34.69724494073736],[128.5489562239928,34.69763347487151],[128.54870993603194,34.697662651317316],[128.54871796138383,34.69776056933195],[128.54855837017527,34.697948486543936],[128.5479196146828,34.69807124399422],[128.54802733475992,34.69822398321277],[128.54797293581512,34.698410470979034],[128.54764669816666,34.69864364625297],[128.5474513155728,34.69866013783784],[128.54743886524304,34.698729942698925],[128.54789879931744,34.69860782754773],[128.5480639654562,34.69866188902587],[128.54832930752278,34.69882435084708],[128.54852966510092,34.699198227649234],[128.54889383510556,34.69940850710177],[128.54880216977972,34.699782823687876],[128.54870254174796,34.69986403840032],[128.54870239195427,34.70056007819212],[128.54847955745709,34.70068537752812],[128.54819284387813,34.70056654738914],[128.54825267215057,34.70071004791827],[128.54817290016942,34.70073076981231],[128.5481648320762,34.70084700343272],[128.5475724698033,34.70107460884672],[128.54629046776344,34.70121094345226]]],[[[128.5467826680189,34.70125845487877],[128.54675134162548,34.70130006133823],[128.54672295193296,34.70125356017152],[128.5467826680189,34.70125845487877]]],[[[128.54668477225025,34.70124915493563],[128.54666078779766,34.701313765591244],[128.5465996038985,34.701292718026046],[128.54668477225025,34.70124915493563]]],[[[128.45652701936172,34.702170618419025],[128.4566093956528,34.701946066932194],[128.45677540129043,34.70196566597255],[128.456953794313,34.70214675457971],[128.45728050384224,34.701898010442626],[128.4574127249083,34.7019106961491],[128.45728237273687,34.702246246498156],[128.45699159372015,34.70231400260725],[128.4569276418884,34.702232302802734],[128.45685014450552,34.702334404461006],[128.45652701936172,34.702170618419025]]],[[[128.48384853208725,34.702571791184965],[128.4836413225572,34.70276360975856],[128.4835791768688,34.70275242396031],[128.48363843035264,34.70260163259688],[128.48384853208725,34.702571791184965]]],[[[128.4578944998113,34.70272451801347],[128.45786969973582,34.70286679350021],[128.45751988714633,34.70300645647812],[128.45754990722696,34.70292683466585],[128.4578944998113,34.70272451801347]]],[[[128.4560477443126,34.70288856634499],[128.4558506796896,34.703181033875424],[128.45567854425195,34.70292378472065],[128.4558024270495,34.70278211303327],[128.45588683978005,34.70288219907936],[128.4560083022124,34.70278833678997],[128.4560477443126,34.70288856634499]]],[[[128.55791954959318,34.702576626494206],[128.55796315850878,34.702606621856255],[128.55794564890778,34.70269742067774],[128.55787882769133,34.70268113301326],[128.55791954959318,34.702576626494206]]],[[[128.48408907540062,34.70326082315923],[128.48403204689032,34.7033497751912],[128.48395270049303,34.70328789194608],[128.48401585717272,34.703147246846555],[128.4843370084817,34.70311080600621],[128.48435303774252,34.703193712436224],[128.48416696110627,34.703232365463386],[128.48417306053273,34.70330807416861],[128.48408907540062,34.70326082315923]]],[[[128.45950868920718,34.70364622572251],[128.45937966987248,34.70362456189861],[128.4594708917577,34.70349468060218],[128.45955123972863,34.70353638473415],[128.45950868920718,34.70364622572251]]],[[[128.45932367244717,34.70362724001573],[128.4592687766317,34.70369555635054],[128.45919436078688,34.7036833572684],[128.45923705916607,34.703602842622274],[128.45932367244717,34.70362724001573]]],[[[128.4525444926308,34.704471797525265],[128.45228918990384,34.70447028083001],[128.45221976598222,34.70437027083531],[128.45228687443708,34.704267173898764],[128.45263001112673,34.704192942760415],[128.45271671364722,34.70424247305983],[128.4525444926308,34.704471797525265]]],[[[128.45465971900757,34.704500804586765],[128.45459709687722,34.70450487062905],[128.45459709625553,34.704474779447644],[128.45465971900757,34.704500804586765]]],[[[128.45118639789018,34.70450347359399],[128.45114736044175,34.704547390279444],[128.45104488714995,34.70449615322047],[128.45118639789018,34.70450347359399]]],[[[128.46322783328844,34.70474246608683],[128.4630581492987,34.704745728996244],[128.4630346533958,34.704694170896765],[128.46315147529162,34.704659580938],[128.46322783328844,34.70474246608683]]],[[[128.16806894635542,34.706804602829294],[128.16807256779592,34.70682232071035],[128.16799597167198,34.706792259157865],[128.16806894635542,34.706804602829294]]],[[[128.16827764276968,34.70689643588609],[128.16823477835854,34.706924898048214],[128.16820711368052,34.706884055483066],[128.16827764276968,34.70689643588609]]],[[[128.55598140872397,34.70498537985714],[128.55602585997738,34.70510317671365],[128.55590801887163,34.70497249259026],[128.55598140872397,34.70498537985714]]],[[[128.17077255716583,34.70783826128313],[128.17067492556959,34.70781253929847],[128.17069132184565,34.70778077723389],[128.17077255716583,34.70783826128313]]],[[[128.5580982340683,34.705439722959554],[128.55775964608475,34.7055174382064],[128.5574980986057,34.70549678016304],[128.55703349965822,34.70528688261528],[128.5569909831439,34.70537040932352],[128.55652766711492,34.705399610483035],[128.55664934485534,34.705325518503926],[128.55652525664564,34.70518237220739],[128.55564569794407,34.7047598788799],[128.55538159904881,34.70434216800611],[128.55542730387842,34.7041018270497],[128.5557354714927,34.704052114713306],[128.55601296018182,34.70415269886759],[128.55618534631012,34.703906377646135],[128.55640152345754,34.70388182224472],[128.55690241817587,34.70424814054422],[128.55661250699163,34.70383696297492],[128.55670523595185,34.70360190640743],[128.55699686201908,34.703464533441185],[128.55715835506163,34.703199197613976],[128.5578392852916,34.70308546206899],[128.55768787937984,34.70293232839687],[128.5577158108117,34.70282476879058],[128.55814419769592,34.702725626930366],[128.55820310538192,34.70264280959423],[128.55829817118016,34.702876627678094],[128.55792245350884,34.70306488561409],[128.55856059548876,34.70337392116554],[128.55894280260006,34.70369854069242],[128.55908657929493,34.70392187499577],[128.55889004252109,34.7041968913792],[128.5587813115228,34.704203438737274],[128.55869364617416,34.704639441988846],[128.55839722242368,34.70469273345743],[128.55854645990473,34.704768454053095],[128.5583846498604,34.70483646446194],[128.55839680717747,34.70493008953857],[128.5587144013019,34.70489289490929],[128.55860502126163,34.70505281637796],[128.55869742087836,34.705090760124584],[128.5580982340683,34.705439722959554]]],[[[128.46460554650108,34.70668862335682],[128.4645872730564,34.706587791808815],[128.46474031608432,34.70660378175341],[128.46460554650108,34.70668862335682]]],[[[128.4651113390573,34.7067137506022],[128.4650424858213,34.70668862426746],[128.46504966487996,34.706675897023665],[128.4651113390573,34.7067137506022]]],[[[128.56607192362546,34.70672041587387],[128.566102144889,34.70676153283938],[128.5658686693908,34.706737729190706],[128.56607192362546,34.70672041587387]]],[[[128.56106657323122,34.70682457653164],[128.56106985670826,34.706844333759456],[128.56103032266844,34.70684725339551],[128.56106657323122,34.70682457653164]]],[[[128.56100995056522,34.706860159664835],[128.56100687641876,34.706884672089984],[128.56095658444647,34.706879531916094],[128.56100995056522,34.706860159664835]]],[[[128.56565939173686,34.706898905842074],[128.5656790170608,34.706924034995694],[128.56554609900235,34.70691788175337],[128.56565939173686,34.706898905842074]]],[[[128.56510314542874,34.70690073813757],[128.56511814223617,34.7069653315876],[128.56502240533456,34.706945722603294],[128.56503393929674,34.70691573295761],[128.56510314542874,34.70690073813757]]],[[[128.56584997383834,34.70678116868221],[128.56611594331434,34.70689257628657],[128.5660333472634,34.70696443575526],[128.56589026419465,34.70693383749403],[128.56584997383834,34.70678116868221]]],[[[128.56324431956645,34.70707647299693],[128.56295005091357,34.70701255136684],[128.56271635115786,34.706877036082815],[128.56318024069665,34.706961503992886],[128.56324431956645,34.70707647299693]]],[[[128.44847487403675,34.70802565626608],[128.44842598154668,34.708092881323424],[128.4483168504717,34.70809200844198],[128.44833169269512,34.708031768254244],[128.44847487403675,34.70802565626608]]],[[[128.56353213951544,34.70715334407636],[128.56337411652243,34.707043766066505],[128.5636290298166,34.70701031579129],[128.56373168711912,34.70712912186275],[128.56353213951544,34.70715334407636]]],[[[128.56393815690652,34.70710605351018],[128.56388855738487,34.707181028341694],[128.5637755192104,34.70710259253415],[128.56393815690652,34.70710605351018]]],[[[128.56190331256772,34.707204653063904],[128.56191180877843,34.70722848394837],[128.5618392261385,34.70720712688332],[128.56190331256772,34.707204653063904]]],[[[128.46739425574944,34.70802195814418],[128.46732638223827,34.708022610653856],[128.46737728786619,34.7079756206923],[128.46739425574944,34.70802195814418]]],[[[128.4486390078803,34.708183678679035],[128.44855868694694,34.70817669511455],[128.4485665437895,34.708123438282044],[128.4486390078803,34.708183678679035]]],[[[128.56453910645848,34.70730906123708],[128.564468746006,34.70731598179337],[128.56445836483834,34.70727445753732],[128.56453910645848,34.70730906123708]]],[[[128.56463197563946,34.70732666134724],[128.56460152428483,34.70732600946623],[128.56461398987054,34.707300451850365],[128.56463197563946,34.70732666134724]]],[[[128.56457123479842,34.70733662781882],[128.56456868088975,34.70734473326342],[128.56452396311528,34.70733817342586],[128.56457123479842,34.70733662781882]]],[[[128.56569535963675,34.70755350862599],[128.56586003534062,34.70757225520375],[128.5658688059105,34.7075903988792],[128.56572492273838,34.70761311063516],[128.56569535963675,34.70755350862599]]],[[[128.19111968646257,34.711020952672705],[128.19117167160874,34.711075390340504],[128.19100584047754,34.71114215069023],[128.19103443777576,34.711082090641035],[128.19111968646257,34.711020952672705]]],[[[128.398269832267,34.709857495682336],[128.39812926926845,34.70985923528529],[128.3980209032065,34.70975780829519],[128.39819566635273,34.70976086829145],[128.398269832267,34.709857495682336]]],[[[128.19077851812753,34.71107883013887],[128.19064635282515,34.71133466673202],[128.19042488187353,34.71129993614376],[128.19043717872734,34.711225380767175],[128.19077851812753,34.71107883013887]]],[[[128.46659412480165,34.709532808077455],[128.46653930481318,34.70952541044945],[128.46656453997835,34.70948277248139],[128.46659412480165,34.709532808077455]]],[[[128.1752204409034,34.7115442899825],[128.17524220941186,34.71143076159419],[128.17500866872967,34.71118849077308],[128.175049045867,34.71098294692844],[128.17467586746395,34.71045149729625],[128.17423890927634,34.7100498261401],[128.17419739556894,34.70991363051819],[128.17408350844997,34.71004542237939],[128.17388919091013,34.7099132659811],[128.17373835729384,34.70993218231598],[128.17370352075048,34.70976808144477],[128.1737926498285,34.70957334837054],[128.17359584832172,34.7092384487152],[128.173462346133,34.709261040971896],[128.17340245786713,34.70913182978561],[128.17324138841047,34.70905886890082],[128.1730294189671,34.70906513581674],[128.1729286331236,34.708908276720145],[128.17283400815302,34.70903899887109],[128.1726843497111,34.709000043828574],[128.17219552974385,34.708350959023804],[128.1720022593412,34.70833188958373],[128.17186389839893,34.70818912579193],[128.17172913454183,34.70821462408248],[128.1715430975251,34.70809093537973],[128.17127556349897,34.70804267991447],[128.1703059849799,34.707233171369275],[128.17016583919138,34.70719088835523],[128.16992327326253,34.70725503473828],[128.16970697146868,34.70698552450937],[128.16916795296873,34.70669816238148],[128.16896508737923,34.70671771923424],[128.1687474217902,34.70661210709798],[128.16835125984926,34.70662776665123],[128.16820618590236,34.70656674895989],[128.16824019051163,34.70642320332197],[128.16812171727213,34.70632974829863],[128.16814633780368,34.7061136962339],[128.16823540079434,34.70607321991764],[128.16821001864366,34.705766763148354],[128.16785954071744,34.705353820790734],[128.1678712405183,34.705232849652866],[128.16759151296714,34.70510097704763],[128.167863851624,34.70495883256878],[128.167678498505,34.70456296206155],[128.16769840691083,34.70435791123981],[128.16757564066054,34.704266377375006],[128.16755792492853,34.70414427426328],[128.16775240384658,34.70397248715309],[128.16780474930985,34.7036661479733],[128.1681649272851,34.70346606624237],[128.16805130543779,34.70342232952405],[128.16794943223096,34.703162646298075],[128.16799579127525,34.70297281018296],[128.1681267882674,34.702954224391306],[128.16809015387332,34.70266236560687],[128.16820166000997,34.70243180642421],[128.16785413387026,34.70225627550895],[128.16794385047646,34.70218132038081],[128.16834921626412,34.70230504204179],[128.1683341836765,34.70194258724571],[128.16845036460845,34.701789118561265],[128.16834895812804,34.7015830259344],[128.16843714554622,34.70164310126221],[128.1685891521236,34.7015503223032],[128.1685465707312,34.70136805457302],[128.16878356427335,34.70121655223599],[128.16903157141823,34.700908314209656],[128.16941209855747,34.700833953210456],[128.16941803901426,34.700729909895294],[128.1691696521842,34.700662135685164],[128.16921119248386,34.70051128725502],[128.16971493648262,34.700109827022295],[128.1702554261583,34.69988958366941],[128.17046463621313,34.69991526034024],[128.17096284585142,34.69961120812136],[128.17094252568802,34.69953336947353],[128.17127777606328,34.699501604340874],[128.171232568602,34.69943821748111],[128.1714573611269,34.69948486918883],[128.17143168173266,34.699558023135374],[128.17181861505873,34.69954997225964],[128.17183226305266,34.69940551964166],[128.17160921172277,34.69914031492945],[128.17171050956142,34.69908590128038],[128.17169371167378,34.6989515097694],[128.17184891154523,34.69866778075034],[128.1719968689686,34.69869938255072],[128.17233977966808,34.69851526113608],[128.1725590253528,34.698531353499874],[128.17273738375198,34.69843781434581],[128.17250359232696,34.69837148217696],[128.17231019174307,34.698125557161546],[128.1724012693527,34.698004742704704],[128.17237370966254,34.69769045312139],[128.17253662379883,34.69753393168744],[128.17243735577503,34.697159785349186],[128.17251846296625,34.69677935294437],[128.17273691597202,34.696337292153544],[128.17288614309967,34.69622300431392],[128.1733746223866,34.69604446965933],[128.1738216595851,34.69607755266595],[128.17403646018408,34.6959746616816],[128.17414420058284,34.69618369411861],[128.17402677964546,34.69648375105128],[128.17425788075798,34.69640318835161],[128.17454298390155,34.69658820241648],[128.1748936020261,34.6965215314222],[128.1758633651239,34.69592212060168],[128.1760982281041,34.6956318068873],[128.17604679860852,34.6954793499893],[128.17625062388788,34.695577730001474],[128.17636390197225,34.6955307694589],[128.17637871914556,34.69540733089333],[128.17625937978534,34.69526387367317],[128.17640216403603,34.69506103581276],[128.1766920519529,34.69500385418027],[128.17658333082665,34.69477820535263],[128.17668052068387,34.69458459557246],[128.17718003581632,34.69452606376337],[128.1774273382974,34.69458189292213],[128.1776384512361,34.69448209023658],[128.17767320749036,34.6943876460702],[128.17753772788453,34.69423567967998],[128.17761898708648,34.694114987144644],[128.1777504992729,34.69428506135471],[128.1780217504078,34.69421469718809],[128.17821784917783,34.694310117643866],[128.17821786009804,34.694209073672155],[128.17836575067378,34.694199719822855],[128.1785643697563,34.69401250465316],[128.1786148344687,34.69404671985397],[128.1785380267173,34.69418236661287],[128.17892922232005,34.694251007249754],[128.17896538435846,34.69418129757517],[128.17886300473995,34.69403466345803],[128.17896268547867,34.69382061387196],[128.1791680944684,34.693743540509985],[128.17951722846453,34.69393789727474],[128.17930504293685,34.69357927962123],[128.1793586982926,34.693495698723595],[128.179792952272,34.69374015939195],[128.1798713188005,34.69359356110884],[128.17998832779625,34.69356630435646],[128.17980650903567,34.693408087374465],[128.1798033136633,34.69330050183038],[128.1800943499132,34.69330306133497],[128.18020513198556,34.69345248719416],[128.18037612328365,34.69342473487851],[128.18046520942016,34.69321099030226],[128.18064657560518,34.69315032920467],[128.18044064734136,34.69293936096856],[128.18044437328592,34.69283794005031],[128.18056875833534,34.69277789208162],[128.1808568766677,34.692831251795475],[128.181024506964,34.69268766101075],[128.181471269661,34.692736670758926],[128.18167818674772,34.692645339533925],[128.1816002362779,34.69240031900707],[128.18192161716271,34.69226254728537],[128.18176139371838,34.69215063893838],[128.18183536426724,34.69209550678092],[128.18230896136544,34.692082163952286],[128.18218654680464,34.691912512631376],[128.1822978134129,34.69183046287776],[128.18224327035406,34.691736850069155],[128.18250433670843,34.69166481060816],[128.18252274899191,34.69155478386978],[128.1827685540627,34.69137560648028],[128.18293571242722,34.691349971382486],[128.18290496701184,34.69122869725803],[128.18301822272318,34.69117540929211],[128.18329710768845,34.69120875791408],[128.18364009821178,34.69134282810683],[128.18355334024497,34.691144928658005],[128.18372532343326,34.69107574342639],[128.1842126285095,34.69126413543672],[128.18433061637043,34.69114122941274],[128.18430104611843,34.69098840793762],[128.18380936483794,34.69073818950146],[128.18391956663524,34.690576843730405],[128.18427794536262,34.690651147739516],[128.1843289392889,34.69086503654798],[128.18465161205216,34.69111069354302],[128.18473962199428,34.69111019007283],[128.18467274964982,34.69104348782494],[128.1849968989489,34.69107603719434],[128.18507171516978,34.69116658692867],[128.185287987042,34.69120901655087],[128.18509750464597,34.69102454709186],[128.18519054050947,34.69100716732767],[128.1854804360227,34.69121067562795],[128.1866623350133,34.69101222626552],[128.18721059847775,34.69113661606241],[128.18747294843988,34.6910194812205],[128.1880140944953,34.69120306435649],[128.18822416110035,34.691164355746956],[128.18821374663335,34.691231995677235],[128.18856464627936,34.691490929962036],[128.1888986846544,34.6916292885984],[128.18897611105047,34.69178867194041],[128.18919771675598,34.69172247549063],[128.18926405081595,34.6916011337399],[128.18961111540102,34.69167102945202],[128.1897591480467,34.69158515511012],[128.189917546171,34.691682108325026],[128.19015423840315,34.69204580243133],[128.19035971872734,34.69200804222491],[128.19034022843525,34.69171625616246],[128.19050668271095,34.69166888931527],[128.19207934049092,34.69210641257934],[128.19231306764127,34.69209385897177],[128.19257641578773,34.692321978578015],[128.1927465700097,34.692652250140476],[128.19292280921894,34.69275225416411],[128.19351856917575,34.692440518061176],[128.19380442386952,34.69247024364154],[128.1941490339697,34.69234831841151],[128.19433915793843,34.6923848777855],[128.19433834521323,34.692224415798016],[128.19441709813486,34.692167327143586],[128.19474393873466,34.69216117376383],[128.19487686903548,34.69203443643378],[128.19535535376752,34.69213746734443],[128.1955050608083,34.69207474558865],[128.19560876552796,34.691909004226886],[128.19555999538505,34.691760765275774],[128.19579996804325,34.691661846857976],[128.19596229908396,34.691735039733956],[128.19643325502955,34.69145179272575],[128.19643478361877,34.69137790407757],[128.19620992027842,34.69122022276886],[128.19666853036537,34.69101178467826],[128.19687394964694,34.69075638697279],[128.19673276407494,34.6904562819502],[128.19684505268333,34.690377897770176],[128.1969028962647,34.68985994763633],[128.1968735544671,34.68979635060157],[128.19663308544156,34.68975521969233],[128.19650838343642,34.68955822460828],[128.19652256301333,34.689192789211866],[128.1963377353105,34.68909318476443],[128.19646355441114,34.688937112167636],[128.196114516743,34.68884469669503],[128.19610347613585,34.6883857748943],[128.19594769634813,34.68841601524609],[128.1957605798804,34.68821141492061],[128.1955005363903,34.68817489329414],[128.19523123917438,34.687930423242264],[128.19526563710505,34.6878232504069],[128.1950557824403,34.68771375637742],[128.1952203153051,34.68761465520466],[128.1951895677653,34.68756652203318],[128.1948329433668,34.68755001987435],[128.1947130631836,34.68741728863109],[128.19425718745427,34.68725503696801],[128.19437764573652,34.687153403323244],[128.19437415685996,34.68703432140685],[128.1947764366276,34.68690832624041],[128.19498925693642,34.68673941934624],[128.19431871084697,34.6866974187529],[128.19433068513277,34.686597982106136],[128.19451855221985,34.686511104951215],[128.1944958869921,34.68643652720139],[128.1942241593503,34.686374326631686],[128.19455395324445,34.68618937000119],[128.1944081404584,34.685982010748404],[128.19472733265604,34.68581724149708],[128.19496432744782,34.685872853213276],[128.19525531316506,34.68619003419718],[128.19519451708982,34.68625117091876],[128.19528766463137,34.686349371357416],[128.1953234554825,34.68662026182395],[128.1952526728254,34.68678879649122],[128.19549804226517,34.68681351713047],[128.19567063769955,34.6870460753355],[128.1958190584384,34.686988742288854],[128.19603957979535,34.68672931081133],[128.19618434316033,34.686737776704454],[128.19619379285345,34.68699270727236],[128.19652430246336,34.686961607951446],[128.1966461645238,34.68712019146216],[128.19663025071267,34.687272526835045],[128.19698366861093,34.68763102634686],[128.19697682793603,34.687973195803885],[128.19727675294834,34.68820515508006],[128.1974201146643,34.688206936396035],[128.19753959965857,34.68834357364024],[128.19749100901927,34.68857949148681],[128.19695186772864,34.68891137794998],[128.19724249188602,34.688824811616236],[128.1976887831608,34.68881539605329],[128.19783287801667,34.68893680374501],[128.1981025608562,34.68892187798534],[128.198825052217,34.689328622817584],[128.19893667323225,34.68958282644666],[128.19914907440526,34.68960344984795],[128.19959747185496,34.68984364035336],[128.199829709513,34.689779415119496],[128.1999993317767,34.68984453324849],[128.1998438549103,34.690008975903616],[128.20000361517648,34.690091637704114],[128.19998763486092,34.69021905798686],[128.199672352557,34.690339455199606],[128.19920163066055,34.69033506069998],[128.19922452432252,34.690408385433855],[128.19977177328354,34.690481102845176],[128.20010320791545,34.69074380461799],[128.20010127680877,34.69085378068695],[128.19973104649623,34.69120573809991],[128.19990329989554,34.69143198863164],[128.20005636273655,34.691414534138424],[128.20027061935028,34.69124939640412],[128.20041357405492,34.69130980392349],[128.20049826741646,34.69149203569553],[128.20089375316047,34.69148441619151],[128.20095517725517,34.69139837079938],[128.2008929448178,34.69133128022588],[128.201052912222,34.6911690161535],[128.2011487571239,34.69123474909346],[128.20130324333974,34.69115171293042],[128.2017310011042,34.69110183672101],[128.20222559528406,34.6911623288196],[128.20228358577668,34.69123493941614],[128.20229125311255,34.69138215271259],[128.2019411137434,34.69153921052941],[128.2023686372311,34.69183077986927],[128.20247792992035,34.692178573327666],[128.20232731342028,34.69231835933687],[128.20224346669997,34.69271223152261],[128.20192634123302,34.69281055913146],[128.20199536361216,34.69293614275025],[128.20187629172113,34.69312543468284],[128.20222106410873,34.69334013382994],[128.20224796791618,34.69344832955475],[128.202462904552,34.69361296970848],[128.2022245101154,34.69402873827012],[128.20191297173355,34.6940971861221],[128.2018509965867,34.694778406699754],[128.2018851227422,34.69484095860461],[128.20222033881518,34.694859141350484],[128.20228549294205,34.69502737529447],[128.20224558001422,34.69517151623572],[128.2021020727203,34.695277644056596],[128.20221846803827,34.69545145870042],[128.20208212823582,34.695527364912095],[128.20209247814006,34.69564378721624],[128.2018642634415,34.6960085420878],[128.2020022475756,34.6961858098763],[128.20168879126896,34.69641205370763],[128.20139345522944,34.69643420773161],[128.20078901342168,34.69676704679467],[128.20041185723102,34.6972292380192],[128.20047527354765,34.69759674050755],[128.20094564194605,34.69791817713863],[128.2011804031745,34.698306297985305],[128.20098193208665,34.6984016941018],[128.2005521099808,34.697926243860806],[128.20029056758545,34.69794090568522],[128.20021268320508,34.697879874492905],[128.20020267416524,34.69751576045266],[128.20010177623396,34.69751796243352],[128.19994716211338,34.69771688184587],[128.19997947195475,34.6978248972603],[128.20015585966647,34.69782754872329],[128.20015005995475,34.69790054837253],[128.20005373215147,34.6979170278576],[128.1999354347377,34.698379106327614],[128.19976971211696,34.69862559969805],[128.19990751851904,34.69928915749714],[128.20079459592037,34.699014160120754],[128.200913579252,34.69922382239348],[128.20008552548646,34.69948200721493],[128.20010346025376,34.69974072783638],[128.20027485527046,34.7001020640094],[128.2006562571776,34.7002888229067],[128.20058226318946,34.700371494691986],[128.20071582328532,34.700475189886866],[128.20106110587275,34.70057153865121],[128.2014307234153,34.701054025349016],[128.20159208158623,34.7011434631593],[128.20160327899367,34.701306844417275],[128.20120811571013,34.70168435403938],[128.2013299159134,34.70180825620015],[128.20122395383768,34.70203626396316],[128.20148734893624,34.702100406317],[128.20167397793017,34.702335467823524],[128.20154090971977,34.70282698588983],[128.20115358345058,34.703148207129516],[128.20034324709536,34.70343916114005],[128.20000882421863,34.70345673469124],[128.2001572194484,34.70358587865168],[128.20009575786952,34.70365137614749],[128.20015107676812,34.70368845356637],[128.2000109204329,34.70369341774904],[128.20003927267504,34.70374338935693],[128.19993600989898,34.703796434580255],[128.2001723970583,34.70393800884825],[128.20023787263733,34.7040865914296],[128.2001596581099,34.70430420824578],[128.20023995014316,34.70441038859078],[128.19946396325847,34.704761235660584],[128.1994709381153,34.704926723454435],[128.19965309794748,34.705056910477424],[128.19955386626683,34.705271632064225],[128.19912023675394,34.70545358360005],[128.19914572456395,34.70583836978527],[128.19851183031213,34.706312168859476],[128.19821525178466,34.706635330422046],[128.1980147668439,34.70670537295353],[128.1974026222277,34.70668538088485],[128.19721782990047,34.706743943912144],[128.19717666876127,34.70667708187359],[128.19691431372186,34.706643126252246],[128.19629123583755,34.70692701619701],[128.1960070059644,34.7072593764958],[128.19527800772963,34.70764386468949],[128.1948685266915,34.70814083620017],[128.19468458544134,34.708252168090965],[128.19464628703557,34.708536342900324],[128.19449161645315,34.708711439980455],[128.19429335869944,34.70876162581533],[128.19434072684678,34.708881971328594],[128.19400285482453,34.70925277181459],[128.1934304770428,34.70945786526224],[128.19305271350225,34.70951422774352],[128.19255396925985,34.709954723925144],[128.1919754648521,34.71011160462718],[128.19188603488305,34.71022081472195],[128.1913012994329,34.710373604753784],[128.19104478303242,34.7103339142144],[128.19073173360576,34.71047062838013],[128.19015234604586,34.710500351331355],[128.18966659107576,34.71072197530191],[128.1889410360378,34.71066565736008],[128.18878923515464,34.71071265617246],[128.18846120726218,34.710607329158876],[128.18797642989637,34.710567565472104],[128.18765313441386,34.71031726178042],[128.18746314794248,34.710437890679096],[128.18758148289334,34.71028619097088],[128.1875007555797,34.7102532514739],[128.1870397753558,34.71036784541951],[128.18601526781168,34.71015872406024],[128.18594640900665,34.71005711768781],[128.1854841572787,34.71004420073095],[128.18543143777464,34.70996838750497],[128.18549091144064,34.7098799550468],[128.18536008535835,34.709803060818146],[128.18535936062588,34.709699710068534],[128.18387725265873,34.709313825155505],[128.18384112672507,34.70971472158219],[128.18358035437035,34.70975594458545],[128.18343010656162,34.71006083537819],[128.18308809910945,34.710214887251034],[128.1829120756699,34.71006042690285],[128.1829634664191,34.70999332531491],[128.18310106192882,34.71006806953669],[128.1832589555742,34.709958458465536],[128.18348518934863,34.709515086006206],[128.1831831443126,34.7094298805227],[128.1833964199824,34.70926285448329],[128.18281988304577,34.70909663891114],[128.1824458879,34.709096934307134],[128.18199624714484,34.70929599333568],[128.182049548055,34.70937575545485],[128.18192848851524,34.7094639998188],[128.1818270478527,34.70939006281619],[128.1815839884137,34.70956782592965],[128.1814555282961,34.709435530560356],[128.18169263301056,34.70930715099213],[128.18149960739788,34.70919209971697],[128.18128725253754,34.709462951011226],[128.18141778781578,34.70974751144681],[128.18207047207525,34.71023619500972],[128.18239797669446,34.710317914193105],[128.18231998809088,34.71049615547508],[128.1818533104821,34.71033551886341],[128.1818913824453,34.710282316309296],[128.1811768846954,34.70970514904745],[128.18115947320388,34.70960170576384],[128.18092158021219,34.7097987968619],[128.18072939481448,34.70973766250572],[128.180566344877,34.70994364095756],[128.18007970267516,34.710109804847086],[128.17886161579327,34.710273653549216],[128.17834672997137,34.71069489228888],[128.17824305079728,34.71090623894517],[128.17758355934055,34.71095595150996],[128.17743855562213,34.711152401994966],[128.17710094422617,34.71121868720781],[128.17659339459865,34.71147974692106],[128.1762877742269,34.71142367934125],[128.1752204409034,34.7115442899825]]],[[[128.46637135961493,34.70957675235023],[128.4663387275419,34.70959415508837],[128.46633307153573,34.70957588196462],[128.46637135961493,34.70957675235023]]],[[[128.56456558720828,34.708793698086495],[128.56451933251233,34.70881229829237],[128.56452814360918,34.70878341907712],[128.56456558720828,34.708793698086495]]],[[[128.56454796656976,34.708877399344],[128.5644999982789,34.708930751044285],[128.56444077091484,34.7089116630478],[128.56447503539178,34.708865651271],[128.56454796656976,34.708877399344]]],[[[128.55919569364033,34.70925633793486],[128.5589475031445,34.709386145557076],[128.55894637114284,34.70932585923303],[128.55919569364033,34.70925633793486]]],[[[128.5590422905334,34.70991170451036],[128.55904072690933,34.709923189043145],[128.5590097778204,34.70992168345348],[128.5590422905334,34.70991170451036]]],[[[128.3972864253471,34.71119364889996],[128.39737837442402,34.71135525113318],[128.39709741066528,34.71137534347299],[128.39652329243896,34.71095152232281],[128.39582309918129,34.710809794094246],[128.39475633746153,34.710925957245124],[128.39449358498766,34.710807132592045],[128.39410039890606,34.710428025449566],[128.39364377611824,34.71047894363045],[128.3933866389144,34.71038637035164],[128.39341922647964,34.7101114110572],[128.39357984610754,34.71007825445028],[128.3935763623404,34.709952119994085],[128.39331938463226,34.70970694790739],[128.39328650571613,34.70954856240175],[128.39343267725835,34.70931706053102],[128.39326327840243,34.70932827322816],[128.39313985214972,34.70924556343393],[128.39342537630682,34.7091028874816],[128.39321905885276,34.70908693151939],[128.39326931628273,34.70898012427659],[128.39338023959888,34.70897746330807],[128.39360358650794,34.70881333846186],[128.39357922969594,34.70853580018414],[128.3934403030973,34.70856309865321],[128.39349370731094,34.70849582344077],[128.3934198572673,34.70847800898879],[128.39395546832586,34.708233529888886],[128.39372441958338,34.70826768423352],[128.39347270092716,34.708068279014526],[128.3934590724949,34.707908466450554],[128.39356560886253,34.70785999168922],[128.39342267778792,34.70781272053626],[128.39337348858987,34.70759427459304],[128.39344165219885,34.707484552270635],[128.39358957419043,34.707445429936236],[128.39364760921546,34.70735943374945],[128.39356950857726,34.70726276647329],[128.3936806618013,34.707204535099116],[128.39331209419564,34.7071386959543],[128.3930634151575,34.70693935049342],[128.39331217126707,34.706950748392025],[128.3936808830889,34.70677208992304],[128.39393372686595,34.70674267227928],[128.39459820714578,34.70692471613205],[128.39487424696102,34.7071649817305],[128.39477723872707,34.70724705083629],[128.39486807885785,34.70734305656304],[128.3947332113976,34.70741305874485],[128.3953186898337,34.70764449306144],[128.39552406172785,34.70764778648641],[128.3954283885058,34.707933981415984],[128.39640811975065,34.70780046489071],[128.39680165815065,34.7079306597783],[128.39750785965782,34.70774910488024],[128.3978823043145,34.70773033733843],[128.39840608084535,34.707833944022],[128.39881889905456,34.7080665225794],[128.3989113829988,34.70820373922961],[128.39869165136793,34.70878397586651],[128.39886537992024,34.708938483924115],[128.39876731908362,34.709012605106295],[128.3985288443464,34.70895906521693],[128.3982403513438,34.709069580737776],[128.39790229955057,34.709370980349924],[128.39767957543265,34.70945837506751],[128.39789786282677,34.709644001942344],[128.39763156157906,34.709842999732224],[128.39797795761558,34.70980962455273],[128.3980176394032,34.71006515528093],[128.3977456778451,34.71028582616537],[128.39751947087507,34.710323175803495],[128.39746780332734,34.710498356639455],[128.3975715464563,34.71073595955683],[128.39780413075684,34.7108255397454],[128.3977453281356,34.711119741755816],[128.3975366920788,34.71122043509672],[128.3972864253471,34.71119364889996]]],[[[128.46614163222281,34.7113575754236],[128.46614337203923,34.711389337197325],[128.4660885506229,34.71136323185894],[128.46614163222281,34.7113575754236]]],[[[128.56291776622018,34.71061087877707],[128.56288839778372,34.710617977338494],[128.5628790968633,34.71059497143237],[128.56291776622018,34.71061087877707]]],[[[128.46602850868348,34.711432846280765],[128.46597542672646,34.7114376315877],[128.46598195421078,34.71141326707648],[128.46602850868348,34.711432846280765]]],[[[128.55898857146943,34.71073832893507],[128.55902382942367,34.710800113059655],[128.55890200044158,34.71086313183472],[128.55888550876827,34.71082349974804],[128.55898857146943,34.71073832893507]]],[[[128.46491424231309,34.71267328757263],[128.46486855874969,34.712684165488646],[128.46484810855242,34.71262586303291],[128.46491424231309,34.71267328757263]]],[[[128.46483418601807,34.712752474102],[128.4648106916246,34.71272767380466],[128.46484201689347,34.71271505654173],[128.46483418601807,34.712752474102]]],[[[128.46431251233605,34.7137818979219],[128.46409148776965,34.713780156533254],[128.4642220144713,34.71375579189778],[128.46420809179608,34.71367051438664],[128.46436994575978,34.7136583321615],[128.46431251233605,34.7137818979219]]],[[[128.55769821612816,34.71336092104282],[128.55764384937558,34.71336126859503],[128.5576585624425,34.7133238199678],[128.55769821612816,34.71336092104282]]],[[[128.55766478189096,34.713550371296826],[128.55768323757744,34.71356963618726],[128.55753677503355,34.71356297601175],[128.55766478189096,34.713550371296826]]],[[[128.55755323003905,34.71371158653431],[128.55751580693416,34.71372876115587],[128.55751399193554,34.71370044809003],[128.55755323003905,34.71371158653431]]],[[[128.55727565929476,34.71391096290678],[128.55724262533553,34.713923284104],[128.55723021899107,34.713895746459926],[128.55727565929476,34.71391096290678]]],[[[128.5574750335958,34.71407955347352],[128.55751517077147,34.713984595328604],[128.55740650800573,34.71390040507465],[128.5575425810507,34.713905299823736],[128.55753474975504,34.7138426469166],[128.5576639722135,34.71378782516802],[128.55756999221953,34.713754541122384],[128.55765613971516,34.71373692004636],[128.55772858249674,34.71383285761465],[128.5574750335958,34.71407955347352]]],[[[128.55727167593682,34.71409803117129],[128.55717284468443,34.714113547389644],[128.5571494635511,34.714067990975266],[128.55721060670692,34.71404490175994],[128.55727167593682,34.71409803117129]]],[[[128.55654736796714,34.714514984485014],[128.5564958463439,34.714530363982504],[128.5564681637856,34.71449114694696],[128.55654736796714,34.714514984485014]]],[[[128.55654275400053,34.71462341000956],[128.55651353360872,34.714587267703216],[128.55658350922758,34.71457496446819],[128.55654275400053,34.71462341000956]]],[[[128.55550311882436,34.71531081123529],[128.55555396917603,34.715281311432314],[128.5555792170048,34.71532272925527],[128.55550311882436,34.71531081123529]]],[[[128.55502692010765,34.715701064173516],[128.55493289978526,34.7156901477345],[128.55497303430664,34.71561154605942],[128.55502692010765,34.715701064173516]]],[[[128.5585388416506,34.71663313619214],[128.5584811217615,34.71662761053796],[128.55853904303635,34.716595638633066],[128.5585388416506,34.71663313619214]]],[[[128.55357173257804,34.716647084956115],[128.55348942362417,34.71680897418784],[128.55337327911974,34.71682085791153],[128.553385801321,34.71671267161457],[128.55357173257804,34.716647084956115]]],[[[128.55767082465704,34.7170095585444],[128.55767767611692,34.71704822753744],[128.55758076107873,34.71702864830575],[128.55767082465704,34.7170095585444]]],[[[128.55439703065244,34.718332533625215],[128.55326062121947,34.718190294387114],[128.5532242029302,34.7179399574916],[128.5533533629384,34.717822393777475],[128.55320467307544,34.71774193373497],[128.55336800157724,34.71770412226046],[128.55340986763395,34.7176170262414],[128.55323431509373,34.717565645824045],[128.55329596029614,34.71745096076837],[128.55310278630833,34.71747827879583],[128.55315065501387,34.717504566173176],[128.55306275215403,34.71755492673874],[128.55294212137164,34.71750977821081],[128.55291068371378,34.71741154019659],[128.55323041568207,34.71699701205017],[128.55341285201717,34.71700961078024],[128.5534168819957,34.71709117638504],[128.55371558198405,34.71664955955786],[128.55383813588566,34.716585290741264],[128.55391820030448,34.716623462775495],[128.55430218571624,34.716291692408866],[128.55452255599826,34.716231328468325],[128.55490465932604,34.716297629562945],[128.5550184445199,34.71610694952754],[128.55518703725014,34.71603700732397],[128.55511692184152,34.715944281722265],[128.55531512102414,34.715924574511895],[128.55539793155768,34.71582133108636],[128.55523547295303,34.715721116782234],[128.55529022884528,34.71552993603598],[128.55553126693354,34.71557660090329],[128.555632095068,34.71552049976677],[128.55560525295397,34.71543088826564],[128.55587007555948,34.71545058115696],[128.5557041569872,34.71524076846184],[128.55620749175685,34.715348082508314],[128.55613023942388,34.71518261260215],[128.5563277549703,34.71505306247621],[128.55629899981673,34.714881071031776],[128.5567557442376,34.71461604767242],[128.55707637669272,34.7145706789993],[128.5572835822131,34.71445151778042],[128.55740064160986,34.71428516200846],[128.55729263359578,34.71416415095538],[128.5575211943359,34.71412407167358],[128.5577539749283,34.71380934180112],[128.55768363085156,34.713657387552885],[128.55779629733937,34.71364582121822],[128.55785231900913,34.7135219291226],[128.55776259243137,34.713448150267254],[128.5579534641691,34.71344816651229],[128.557982264271,34.71354449463898],[128.55806339772164,34.71355257020023],[128.55814646860267,34.713435066273924],[128.5580091932854,34.713372926241966],[128.5581179160275,34.7133148022585],[128.558004850566,34.713268509093375],[128.55802846080377,34.71318619231037],[128.5583624155011,34.71319700786202],[128.55884348882338,34.71212497469408],[128.55885200790996,34.71202185608998],[128.55865903703273,34.71190818527366],[128.5588233144029,34.711760340669905],[128.55859469849904,34.711682496058096],[128.55866652414483,34.711622352191846],[128.55878532614148,34.711664536221264],[128.55866167750736,34.711411432195064],[128.55880601037578,34.71137243591275],[128.55890290894283,34.711245149224],[128.55878486791673,34.71105570757424],[128.5591196786985,34.71079993992672],[128.55921830503414,34.71043594219252],[128.5593011501359,34.710383825859765],[128.55931856233414,34.70968341417462],[128.5592709883231,34.709521842355116],[128.55906845392374,34.70953906329238],[128.55904877251658,34.70947867490773],[128.55913956477522,34.70931525907027],[128.55925325746415,34.709348518470485],[128.55965086708875,34.70924130126914],[128.56005298304427,34.70880054134493],[128.56015802492144,34.708565855866624],[128.56010052077704,34.70842369939987],[128.5602077236876,34.70832803865282],[128.56017068514487,34.70815142114398],[128.56009414200307,34.70813308675214],[128.56019182186523,34.70811599389578],[128.56017826016716,34.70806047048313],[128.5600211829987,34.70798519712908],[128.5602921944776,34.70799417102165],[128.56008079881792,34.70776672239918],[128.56036134367807,34.70775330973725],[128.56037148528418,34.70753903828362],[128.56051171208748,34.70758135976438],[128.56070865402054,34.70750392596031],[128.56079919161024,34.70742130546291],[128.56084759507857,34.707152099104896],[128.5612279045375,34.70700664881705],[128.5616341155395,34.707040262294704],[128.5613876718647,34.70728865190473],[128.56149391096227,34.707384963813524],[128.56171789562657,34.707265082670474],[128.56186924368157,34.70738411166165],[128.56205190260016,34.70735922331362],[128.5623468401853,34.70712261541006],[128.56286505856286,34.70712112382568],[128.56344658671316,34.707229083429745],[128.56380363970646,34.70720801563745],[128.564156458828,34.7073725350788],[128.56438340839048,34.70734589838129],[128.56488394472993,34.70751987559247],[128.56492226440648,34.70738308781502],[128.56518986002013,34.70731891050819],[128.56516159287395,34.706995118289925],[128.56586110890905,34.707043065104095],[128.56607672412048,34.70712623277956],[128.5661927379456,34.707266715641424],[128.56600561836777,34.707459738425335],[128.5655086594291,34.70745486798294],[128.56559272123442,34.70756610902596],[128.56519121114528,34.70748239449733],[128.5652718151046,34.707576145336745],[128.56520532742076,34.707740284658655],[128.56526281085513,34.707837261143005],[128.56509608328133,34.70795619105614],[128.56524423909468,34.7081289607814],[128.5650852346357,34.70812738959639],[128.56521463745256,34.70821999156697],[128.56518626366028,34.70835680517989],[128.56487628377212,34.70834827567069],[128.56462305030377,34.708547360321305],[128.56445886032134,34.70855225397177],[128.56473089681737,34.7086701003917],[128.5644807726658,34.70871693886108],[128.5643879407755,34.70900035729248],[128.56418808314658,34.70901980504399],[128.56412596428342,34.7091181152267],[128.56393486322662,34.70907689147994],[128.56400238744922,34.709207182827264],[128.56382186365528,34.70921761243777],[128.56353572678566,34.709432497351834],[128.56358117148886,34.709542504228835],[128.56348556744416,34.7095909782024],[128.56357456016798,34.709649338761565],[128.5634098894221,34.709664793598044],[128.563298417736,34.709766756008726],[128.56343936889198,34.70985962875846],[128.56342641640373,34.709971160746335],[128.5630863025641,34.71008503479816],[128.56305700256425,34.71016420284636],[128.56318281195064,34.710181995422495],[128.56317721577662,34.71025897643986],[128.56256299493728,34.71062990973301],[128.56280703400543,34.71065888365463],[128.5626024394698,34.71078651039249],[128.56246275541352,34.710769717412035],[128.56240451798047,34.71068806664437],[128.56227835662196,34.71076415117087],[128.56202447281757,34.71111535655724],[128.56204034441004,34.7112576404839],[128.5616414839083,34.711424190552975],[128.56143565519457,34.71220924562919],[128.56155028319932,34.71228831438534],[128.5613767429346,34.7126491449546],[128.5607981084016,34.71323048607224],[128.5607473245097,34.71348875055662],[128.5605508691139,34.713564676159905],[128.56061191639608,34.71379530549885],[128.56053271970003,34.713750704555984],[128.56038903230268,34.71393590770762],[128.5604966349546,34.71399763875015],[128.56035852921917,34.714180768887296],[128.55977521536434,34.71439979395226],[128.5596429225608,34.71456478668356],[128.5599337549358,34.714664557273835],[128.55966168408423,34.715115348124925],[128.55970954029388,34.71536846998605],[128.55945968003908,34.71542427816765],[128.55964243707717,34.71566159620082],[128.55936195486487,34.715831784692384],[128.55933503746127,34.715967190151574],[128.55895035003047,34.71613177147729],[128.55865363641104,34.7164387505796],[128.55796893534125,34.71666443724406],[128.55782302138306,34.71689035909002],[128.55755834505473,34.7169550235326],[128.55744310495362,34.71715851768093],[128.55649653188112,34.71744196783743],[128.55635313324586,34.717604877458385],[128.5559474756779,34.71758375993788],[128.55574133356183,34.71766800365968],[128.55533609009504,34.717612537153485],[128.5553120422396,34.717790239681136],[128.55540022116523,34.717905220279036],[128.55516291386388,34.718125761985036],[128.55496535566078,34.71813513229773],[128.5548371144432,34.71801189756761],[128.55462761338805,34.71802512374973],[128.55454632711732,34.71827773436079],[128.55439703065244,34.718332533625215]]],[[[128.55359579753917,34.71835233361451],[128.55341322477727,34.71831948346782],[128.55357064063443,34.71827985715939],[128.55359579753917,34.71835233361451]]],[[[128.55370960438714,34.71844138000243],[128.55340404851606,34.718447557363945],[128.55344047415528,34.7184073001612],[128.55370960438714,34.71844138000243]]],[[[128.4260234054492,34.71987562419092],[128.42606181923745,34.71995769117387],[128.4259395923976,34.719996105755094],[128.42593610060808,34.71987911567335],[128.4260234054492,34.71987562419092]]],[[[128.45282110635307,34.72041430396623],[128.4527217419324,34.720328672624845],[128.45238844788017,34.72031167760654],[128.4522272835925,34.720193664113395],[128.45237397172417,34.72015794734961],[128.45236384892937,34.72007223118241],[128.45251029099535,34.72008126420582],[128.4527116270431,34.72017560805701],[128.45267445400586,34.7202485611037],[128.45282110635307,34.72041430396623]]],[[[128.42828460356012,34.72133030858785],[128.42861623127231,34.72078228928404],[128.42873937613408,34.72072900068012],[128.42869466410338,34.72091109700723],[128.4285607894309,34.721021582896924],[128.42859928101225,34.72107370604807],[128.4284637992878,34.721127616961724],[128.42853604859312,34.72127264017102],[128.42828460356012,34.72133030858785]]],[[[128.425238529169,34.7216025257352],[128.42512852471057,34.72157808079974],[128.4251128095599,34.721453233767626],[128.42520098792187,34.72149339415934],[128.425238529169,34.7216025257352]]],[[[128.42841699299314,34.72161462669679],[128.42860893461437,34.721424380075305],[128.4289179427552,34.72134241192724],[128.4289324914795,34.72145952224228],[128.4288035660887,34.72161124255429],[128.42841699299314,34.72161462669679]]],[[[128.463263862199,34.72136463932054],[128.46310879760182,34.72130228726245],[128.4632508505457,34.72126162368007],[128.463263862199,34.72136463932054]]],[[[128.42515384355036,34.721680227432884],[128.42511193668318,34.72169419718802],[128.4251005875233,34.72165490962961],[128.42515384355036,34.721680227432884]]],[[[128.42847350189703,34.72173856629192],[128.4285346697127,34.72184284389713],[128.428060920341,34.72183120193167],[128.4283376158567,34.72171381384381],[128.42847350189703,34.72173856629192]]],[[[128.46474920524108,34.721764551183405],[128.4648317972988,34.72186792181047],[128.46480147848678,34.72191284767657],[128.46472382771236,34.72186620965883],[128.46474920524108,34.721764551183405]]],[[[128.42488997821184,34.722258604108916],[128.42461041364308,34.7222415264212],[128.42437879335043,34.72208759363038],[128.42421428651278,34.722103989320274],[128.4241391434903,34.721994614266585],[128.42492022238685,34.721937112905515],[128.42515925591275,34.72199744957605],[128.42519435653998,34.72209355416291],[128.42488997821184,34.722258604108916]]],[[[128.4649426066808,34.722032545002605],[128.46495643351432,34.72212769891462],[128.46482712171817,34.72212444531355],[128.46499872281063,34.72191055311941],[128.46503532015697,34.721973988278656],[128.4649426066808,34.722032545002605]]],[[[128.42829458456913,34.722663882391686],[128.4282341983322,34.72262545485598],[128.42826713745333,34.7225851971085],[128.42829458456913,34.722663882391686]]],[[[128.4278023476551,34.72273890713864],[128.427743791403,34.722775504006094],[128.42773098227187,34.72272609764368],[128.4278023476551,34.72273890713864]]],[[[128.45407714196546,34.72219597271902],[128.4540108780382,34.72238510797791],[128.45406765356802,34.72263517512626],[128.45391901178573,34.72286803255478],[128.45348031155962,34.723071407486636],[128.45289141242486,34.7228036851602],[128.45251294219497,34.72201642306524],[128.45279601681816,34.722050263652505],[128.45306713978556,34.72186364920164],[128.4531991213038,34.721861398294195],[128.453021451632,34.7217592648805],[128.45282528429692,34.721462410477564],[128.4530385118555,34.72135946431437],[128.45279463040788,34.72097711297845],[128.45280755395885,34.72084017082653],[128.45309585118687,34.72082306570127],[128.45330114085385,34.72094384642898],[128.45332173819125,34.72107884455643],[128.4534578154533,34.721176991871005],[128.45341966715162,34.721393096990724],[128.4536089340212,34.72151074999393],[128.45364796251934,34.72171581514519],[128.45407714196546,34.72219597271902]]],[[[128.4655023395699,34.72304786522847],[128.46548319546133,34.72305163654589],[128.46547913385407,34.72303539323227],[128.4655023395699,34.72304786522847]]],[[[128.42789749238213,34.72365075850707],[128.42785217746973,34.723613118635086],[128.4278976999498,34.72357002835193],[128.42789749238213,34.72365075850707]]],[[[128.42783841097992,34.72426921920949],[128.42781645210442,34.724254580741025],[128.42783597150998,34.724244821287904],[128.42783841097992,34.72426921920949]]],[[[128.4668720999096,34.7242892261803],[128.46685102172518,34.724294060886734],[128.46685469626985,34.72427665700141],[128.4668720999096,34.7242892261803]]],[[[128.46678604812956,34.72437392335146],[128.46673654481518,34.72436812308114],[128.46673654522326,34.72434723788539],[128.46678604812956,34.72437392335146]]],[[[128.42352541455023,34.724820858242026],[128.42348999285886,34.7248140616233],[128.42355469895213,34.724794431552326],[128.42352541455023,34.724820858242026]]],[[[128.46748373979213,34.725188412468775],[128.46741296453555,34.72516056617327],[128.46749340872014,34.72508669791093],[128.46753479010735,34.72512343884183],[128.46748373979213,34.725188412468775]]],[[[128.46758545415847,34.725264987341596],[128.46755142082924,34.72526498805203],[128.46755451407165,34.725241009675315],[128.46758545415847,34.725264987341596]]],[[[128.4697303523118,34.72621793274117],[128.46979609771938,34.72629760188755],[128.46978140175418,34.726324674575736],[128.46967775389152,34.72626743582948],[128.4697303523118,34.72621793274117]]],[[[128.42855560693434,34.72711911905486],[128.4285501178001,34.72717110308629],[128.42848148340687,34.72718105488453],[128.4284792536262,34.72715590063245],[128.42855560693434,34.72711911905486]]],[[[128.4286914208781,34.72742127483771],[128.4286837968818,34.72745053680385],[128.42860829549662,34.727379330077596],[128.4286914208781,34.72742127483771]]],[[[128.52922827963104,34.727462148052894],[128.52916368527374,34.72750597883058],[128.5291187014958,34.72744945953266],[128.52922827963104,34.727462148052894]]],[[[128.52937015352,34.72756711203207],[128.52927326388445,34.72752328057228],[128.52926864983198,34.72741600880683],[128.52952010321766,34.727499057877765],[128.52937015352,34.72756711203207]]],[[[128.52631911653984,34.72786134871357],[128.526256296991,34.72774415490238],[128.52635832568504,34.72759982855156],[128.52669853112272,34.72754948971842],[128.52686376895906,34.727599379315095],[128.52677213146836,34.72773109160913],[128.52631911653984,34.72786134871357]]],[[[128.47070599472238,34.72844580148148],[128.4706726503475,34.728459625748265],[128.47067264987632,34.72840838986006],[128.47070599472238,34.72844580148148]]],[[[128.52706805943478,34.72800047112192],[128.5272125638691,34.728025460555784],[128.5271962654654,34.728030893881225],[128.52706805943478,34.72800047112192]]],[[[128.52665899222083,34.72809472512446],[128.52678122370648,34.72807788473041],[128.52673558955175,34.72811536941437],[128.52665899222083,34.72809472512446]]],[[[128.471477286769,34.72861885587523],[128.47144944169813,34.728626978083895],[128.47145176107404,34.72859062312686],[128.471477286769,34.72861885587523]]],[[[128.47081795668274,34.7285103213073],[128.47088139114143,34.728542309863336],[128.47081524503392,34.72864532508409],[128.4707339175582,34.72861658919008],[128.47081795668274,34.7285103213073]]],[[[128.5326550626341,34.72836378975329],[128.53264122143898,34.728289968622505],[128.53279117064656,34.72834149013797],[128.5326550626341,34.72836378975329]]],[[[128.52571971432144,34.7283383730701],[128.52557195103037,34.72843941662832],[128.52540245700177,34.72843507070695],[128.5254307061081,34.72837857284434],[128.52571971432144,34.7283383730701]]],[[[128.53387335904011,34.728687103338736],[128.53385383166588,34.72870388260402],[128.5338239856382,34.72867159059618],[128.53387335904011,34.728687103338736]]],[[[128.53390463625064,34.72877538077479],[128.5339206005326,34.728829794671604],[128.53383273683485,34.728785471865116],[128.53390463625064,34.72877538077479]]],[[[128.52381284752846,34.72904822213468],[128.52384665739473,34.729133261770066],[128.5237900678941,34.72919000379216],[128.52374292308804,34.729125510401694],[128.52381284752846,34.72904822213468]]],[[[128.53482239836097,34.729127170099176],[128.53499949634895,34.72906741347772],[128.53514726087724,34.72911413266667],[128.53482239836097,34.729127170099176]]],[[[128.45562058112955,34.73013993068043],[128.4558218599095,34.73016689775908],[128.4558103799842,34.73027757361125],[128.45555073790632,34.73024728068656],[128.45562058112955,34.73013993068043]]],[[[128.42388261156216,34.73071986538601],[128.4240270979401,34.73085575851744],[128.42383966036124,34.73085144521961],[128.42375747181723,34.730737123419104],[128.42388261156216,34.73071986538601]]],[[[128.52100959590467,34.73033728487879],[128.52108765904353,34.73038877593981],[128.52106384494653,34.730425539967655],[128.520980604441,34.730380432378574],[128.52100959590467,34.73033728487879]]],[[[128.42925266826356,34.73111372905552],[128.42926567222554,34.731175357703336],[128.42922796354915,34.73121267813077],[128.42920801870312,34.73119158343784],[128.42925266826356,34.73111372905552]]],[[[128.42424304625254,34.73126827065194],[128.42415253608164,34.73126739198119],[128.42415857533487,34.731247682760994],[128.42424304625254,34.73126827065194]]],[[[128.45540511330702,34.73132299027035],[128.45554394319362,34.73145589253564],[128.4555143458553,34.73154724732262],[128.45530035439987,34.73147454134103],[128.45540511330702,34.73132299027035]]],[[[128.53680850520766,34.73121423129496],[128.5368057182872,34.73122476560463],[128.53676813759043,34.73118901622172],[128.53680850520766,34.73121423129496]]],[[[128.4954322824038,34.73154354286969],[128.4956506681602,34.731559840411265],[128.49560992416056,34.73158428677977],[128.4954322824038,34.73154354286969]]],[[[128.49596113522082,34.73155780351055],[128.49597417354727,34.7314909837732],[128.4960939597424,34.73154802461034],[128.49596113522082,34.73155780351055]]],[[[128.49620030091825,34.73169185013974],[128.49613429640604,34.73168125623338],[128.4961493706796,34.731647032006556],[128.49620030091825,34.73169185013974]]],[[[128.4963893506377,34.73169225693597],[128.49635268178469,34.73172933419193],[128.49630378905317,34.731666996765654],[128.4963893506377,34.73169225693597]]],[[[128.49552028913206,34.731813265907654],[128.49548932373446,34.73168940497109],[128.49571259857706,34.7316779971829],[128.4957117842747,34.7317334082938],[128.49552028913206,34.731813265907654]]],[[[128.49444951841303,34.732168451779025],[128.49439096219513,34.732147306223695],[128.4944121071986,34.732128601115875],[128.49444951841303,34.732168451779025]]],[[[128.49461461343995,34.73222782122248],[128.4944877414845,34.73222619525888],[128.49450482185904,34.73215950678757],[128.49461461343995,34.73222782122248]]],[[[128.53751887430704,34.731919489982346],[128.53747235952665,34.73191949484489],[128.5374702599031,34.7318845111116],[128.53751887430704,34.731919489982346]]],[[[128.50889707662503,34.732255927542184],[128.50876552334168,34.73235175698769],[128.50861714658598,34.73231489109906],[128.50864493057492,34.7322683280965],[128.50889707662503,34.732255927542184]]],[[[128.4940926297519,34.73245049744977],[128.49406084975774,34.73247983239554],[128.49400136291874,34.732403234786446],[128.4940926297519,34.73245049744977]]],[[[128.50676371377742,34.73239916003712],[128.50687372203873,34.73240038239182],[128.50683908881965,34.73244805303943],[128.50676371377742,34.73239916003712]]],[[[128.5373327129089,34.73233018946206],[128.5372917137661,34.73232074943511],[128.53729759776445,34.732302653870626],[128.5373327129089,34.73233018946206]]],[[[128.5061454270846,34.732556023786024],[128.50610631323488,34.7326391405597],[128.5060297151783,34.73263099216873],[128.50604682824397,34.732580469998354],[128.5061454270846,34.732556023786024]]],[[[128.4976649198439,34.732903961207626],[128.49762344235498,34.73297471656699],[128.49756854598013,34.73297837637337],[128.49756854584064,34.73292591971582],[128.4976649198439,34.732903961207626]]],[[[128.51117360675735,34.732808023784656],[128.51115323564076,34.73288054715219],[128.5113080613282,34.73304026274594],[128.51105789475088,34.73293025408898],[128.5110489306524,34.73281861716025],[128.51117360675735,34.732808023784656]]],[[[128.51208297010473,34.73306230921214],[128.51210156624245,34.73312951241693],[128.51203357239413,34.73315480294882],[128.51199358693813,34.733091237407024],[128.51208297010473,34.73306230921214]]],[[[128.42701047586203,34.73390783835763],[128.42681485075076,34.73387512402054],[128.42661013272672,34.73363420409335],[128.42633404687967,34.73350272097391],[128.42639354202072,34.73330865543609],[128.42604955359477,34.73325150109259],[128.42629524690796,34.73319636603149],[128.4261951423292,34.73317474694848],[128.42628361374736,34.733107552646885],[128.42604996395062,34.732606997589414],[128.42588887035305,34.73262981718998],[128.42586031976788,34.732419887693766],[128.4255090390275,34.732049809582946],[128.4253305703383,34.73218403276339],[128.42519596510402,34.7321343385871],[128.42535677462521,34.731936079070245],[128.42527896208549,34.73180090927562],[128.4250902297807,34.73177685869604],[128.425149433572,34.73167547790179],[128.42494309920417,34.731451487575065],[128.4247474186912,34.731506557608014],[128.42445408857745,34.73144639719814],[128.4244147746907,34.73126551204898],[128.42449992833397,34.731202924157955],[128.4245378420871,34.73096197120851],[128.42424138419682,34.73097161716152],[128.4242596430968,34.730846985828926],[128.42413493616618,34.73078018773],[128.42431125479274,34.73066886792341],[128.42400249568945,34.73066495515101],[128.42396652029785,34.73054945691417],[128.4241207684846,34.73049248240087],[128.42430449230454,34.73027965225074],[128.4242027072687,34.730165094400405],[128.4242290295426,34.729978893100466],[128.42396331748972,34.72952511132694],[128.4241725119472,34.72945900009428],[128.42407162960882,34.72905547445526],[128.42376826892686,34.72902840029654],[128.42392844892697,34.72893377115446],[128.4240158167786,34.72868472152397],[128.42386223896258,34.72851542275147],[128.42356122219516,34.72838153144018],[128.4238012852441,34.72824557674753],[128.42397780844703,34.72801145108671],[128.4237231723953,34.72799509680728],[128.4235868515093,34.72775580784366],[128.42331664276182,34.72761769477964],[128.4232454683631,34.727464728710906],[128.4235045262064,34.72740478735341],[128.42361271869714,34.7272831623082],[128.4233613632101,34.72726911608815],[128.4231662946996,34.72709366447134],[128.42332613029075,34.726903901203876],[128.42368887947939,34.72695612489828],[128.42380803176553,34.72689461244051],[128.42374107341726,34.72680019462009],[128.4234404282323,34.72680067789019],[128.42334426979625,34.726723984945835],[128.4235362466899,34.726496816017075],[128.4236986698477,34.726472971449205],[128.42342147138592,34.72638186263097],[128.4234235354703,34.72629247700212],[128.4235533833455,34.726238567467526],[128.42363154303675,34.72607783695028],[128.42379792041072,34.72609877891828],[128.42365707623688,34.725919750780726],[128.42395993697156,34.72568423512801],[128.42351341688502,34.72550591087938],[128.42414765428936,34.72505919151741],[128.42391714046846,34.72490247311337],[128.42388143373935,34.72474912470507],[128.4241473637981,34.724596972617746],[128.42417656066408,34.724450931062144],[128.424404307544,34.72442696058456],[128.42438940986324,34.72419174471461],[128.4244879078562,34.7241113750705],[128.4243393839676,34.72398077095204],[128.42447161695873,34.72381214597582],[128.42434741323058,34.72375899561152],[128.42465002125428,34.72341612577268],[128.42437692499252,34.723277486717045],[128.4244198148082,34.72304513717609],[128.42472664196328,34.722899382450876],[128.42483022735794,34.72255450418536],[128.42500287135434,34.72236945224524],[128.42525530191477,34.72218438562192],[128.42555114361443,34.72210797070778],[128.42524641699447,34.721848025108734],[128.42529962345853,34.72177997395912],[128.42551091999792,34.72182072914784],[128.4253948246839,34.72169095384676],[128.4257452265729,34.721394696349066],[128.42515567702475,34.72115256887395],[128.42511590400886,34.721017474966374],[128.42527887211676,34.721007275726045],[128.42566331813936,34.72075929262992],[128.42593537837925,34.72079342285691],[128.42605794287434,34.7207303366994],[128.42584243129318,34.720316834402205],[128.42619443486984,34.720041757125294],[128.42627104330302,34.720056344696],[128.4261446632901,34.72048103416518],[128.42644358225274,34.72007791262244],[128.4269756841751,34.7199139297496],[128.42681945274194,34.71978421138065],[128.4268705357131,34.719707153750534],[128.42733430833349,34.71968142156047],[128.4275834101336,34.719833044292976],[128.4281571937885,34.71989039295909],[128.42848346058452,34.720017169876655],[128.42828178090286,34.72031193319625],[128.428327954747,34.72057018973305],[128.42799135464813,34.72073263438537],[128.42814825842825,34.72096655519038],[128.42845718930633,34.720839783865024],[128.4282259128374,34.721102177311906],[128.42793025176553,34.72125989671827],[128.42808009671006,34.72134672211818],[128.42799156969286,34.72139773817233],[128.42801661017634,34.72162107253481],[128.42815491705667,34.72163427810666],[128.42800641565077,34.721741140711856],[128.4278861512559,34.72201986147977],[128.4279704958996,34.72227025268539],[128.42837635489155,34.722235308018],[128.42858877834848,34.722348385311946],[128.42843363244077,34.722505628991335],[128.42821609949232,34.72252326832624],[128.42798487080634,34.722719556817054],[128.42770415213255,34.72261460751273],[128.4274637530054,34.72282787796233],[128.4275622966286,34.72289759890709],[128.4274319974193,34.72318734367746],[128.42750983421655,34.72356684672859],[128.4273793696771,34.72361148349868],[128.4278426460965,34.723542536033925],[128.427800114016,34.723868040358646],[128.4279118329249,34.723915189203474],[128.4279672011623,34.72405249609508],[128.42769015307547,34.724255205394584],[128.4279301809375,34.724360549392955],[128.42800857122864,34.724514942949355],[128.4277631822856,34.724568533415294],[128.42809151227237,34.72469439368317],[128.4281696258707,34.72488162620746],[128.42814774789878,34.725274671564044],[128.42789649220902,34.72553784956267],[128.4280459936169,34.72560926670925],[128.42807147509535,34.725708423014346],[128.42757431998194,34.72616226970753],[128.42774510530296,34.72624693224903],[128.42780931792237,34.726420359636066],[128.42795298790958,34.72652055172226],[128.42794225793622,34.72670788128125],[128.428062586956,34.72675050161713],[128.42799929989653,34.726883356927615],[128.42812178670877,34.72694145180312],[128.4282252426145,34.72725977223902],[128.42842803111006,34.72727182504865],[128.42853962681937,34.72741855815116],[128.4286456042181,34.727892592632784],[128.42882367630267,34.72805118873519],[128.42908630326951,34.728134526773026],[128.42896933430572,34.7283154211385],[128.429165526543,34.728354239830246],[128.42935495387957,34.72861779159118],[128.42967124945528,34.7285748833975],[128.42960017652177,34.72884971424122],[128.42951436548086,34.72887136436593],[128.42949966917553,34.72931903652482],[128.42925538953708,34.72930213600437],[128.42936710017673,34.729599943502485],[128.42953364051087,34.72972199949718],[128.42952813594428,34.72992718787992],[128.4291683721156,34.72989373504845],[128.4290460072336,34.73004542711373],[128.429033173131,34.73051362483641],[128.42915916689637,34.73079395145516],[128.42931960506155,34.730832511444866],[128.42927844638598,34.73100607538345],[128.42896236522742,34.73132092568114],[128.42902726023607,34.73151149275148],[128.42890358835461,34.731693032369556],[128.42818459143518,34.73207817400803],[128.42784902754735,34.7337284892827],[128.42701047586203,34.73390783835763]]],[[[128.4265349422398,34.73395779631092],[128.426431462225,34.73389024402539],[128.42656686865342,34.73387312153499],[128.4265349422398,34.73395779631092]]],[[[128.40631201593038,34.73420677435672],[128.40630126825988,34.73422943760024],[128.40622412532417,34.734205806984704],[128.40631201593038,34.73420677435672]]],[[[128.42670882975054,34.734186399579094],[128.4267782129725,34.73411677477951],[128.42686916245623,34.73416434934367],[128.4268214170211,34.73418440851542],[128.42670882975054,34.734186399579094]]],[[[128.4276500841888,34.73432269973081],[128.4275943008166,34.73432117501188],[128.42759879719785,34.73428622352082],[128.4276500841888,34.73432269973081]]],[[[128.49851332027362,34.733831300558606],[128.49854998949314,34.733766111064455],[128.49865184866198,34.73382396718231],[128.49851332027362,34.733831300558606]]],[[[128.4935833384788,34.73416062992225],[128.49349712968697,34.73413053887924],[128.493533727,34.7341020746363],[128.4935833384788,34.73416062992225]]],[[[128.49349387606162,34.73416469701731],[128.49360854856516,34.73422569279567],[128.49358903089137,34.73429563463646],[128.49339221721155,34.73423138536834],[128.49349387606162,34.73416469701731]]],[[[128.405931901751,34.735156806419845],[128.40588536029077,34.73513017061191],[128.40589868654064,34.735128971368646],[128.405931901751,34.735156806419845]]],[[[128.3929579032128,34.73543897750999],[128.3931745011541,34.735309626535745],[128.3934924319674,34.73529894810987],[128.39340204378092,34.73540053622198],[128.3929579032128,34.73543897750999]]],[[[128.50327863324995,34.73462958994712],[128.5032110182616,34.734647603577294],[128.50321064992497,34.73459353859845],[128.50327863324995,34.73462958994712]]],[[[128.46397095141268,34.73581150981822],[128.46392629976657,34.7357275209249],[128.46350354276763,34.735592645751225],[128.46323506483563,34.735246322279586],[128.46232080772734,34.73506073505868],[128.461952307578,34.734762839560496],[128.46180986136397,34.73397436243948],[128.46156592433854,34.733721396699586],[128.4615901696731,34.733607755724286],[128.4614228194809,34.733380685303935],[128.46149687949645,34.733271845135285],[128.46137825106982,34.73319706252463],[128.46145510818428,34.7328992183668],[128.46134995222147,34.73241422028391],[128.46075046974724,34.73178236766496],[128.4604946452312,34.731850061657745],[128.46050967792846,34.73192094605565],[128.46028453642836,34.73203488139827],[128.4599381023252,34.732625177310915],[128.45995506869312,34.732719071537964],[128.45973799333663,34.7326876414774],[128.46019779266135,34.73177979234248],[128.4607740925015,34.7315933607552],[128.46075858627614,34.73119815067498],[128.46054738112062,34.730929016915496],[128.46030444731443,34.73086618667356],[128.46014345089773,34.731006845834926],[128.4600206123075,34.730977903382694],[128.4595047459791,34.73048558319213],[128.45922492252566,34.73055207307138],[128.45914268735604,34.730461328457736],[128.45864856704762,34.730621380736785],[128.45935629847153,34.73157404100079],[128.45900769443833,34.73169099241111],[128.45827359959594,34.73061565026341],[128.45782295023693,34.730494702473365],[128.4574891704959,34.73002137590443],[128.45720772859158,34.72989179958454],[128.45698052336073,34.72994933583145],[128.4566529146554,34.72990819746125],[128.45646464204748,34.73000006730268],[128.45604950810053,34.730024211598725],[128.4557275483021,34.72993911797895],[128.45566218146126,34.72959765861066],[128.45573612246372,34.72945874704488],[128.45602198249625,34.72943707755824],[128.456160216554,34.72932259781937],[128.45582871550675,34.72931207658078],[128.45536158586842,34.72903789897431],[128.45533960209707,34.7289117060521],[128.45586173035014,34.7286566204193],[128.4555455144092,34.72851523243375],[128.45548917423775,34.728377796523944],[128.45556041902492,34.728150542872264],[128.45534511982922,34.728058152206565],[128.45532840707992,34.72781289542275],[128.45515356896948,34.72778535763874],[128.45501514403622,34.727612426071154],[128.4550146333851,34.727390175434564],[128.45483870964955,34.72742029846867],[128.4545628777544,34.727254955762085],[128.45480384704405,34.72716457757503],[128.45482534248274,34.72705495493126],[128.45502151693483,34.727057866215226],[128.4551936603837,34.72694975939984],[128.45515685695474,34.72686805274153],[128.45495767360939,34.72683291992524],[128.4547465463418,34.72667251863773],[128.4548507992884,34.72657265068251],[128.45483904091583,34.72643495240067],[128.45502754339674,34.72636398381248],[128.45525367367824,34.726475380012246],[128.45546964734137,34.72645201550375],[128.45556999077283,34.72618772900439],[128.45527574863203,34.725987186755724],[128.45555884118,34.72558227428069],[128.4556708042245,34.72552259343114],[128.45575626638046,34.72557269451088],[128.45612563675607,34.725353746904766],[128.4562380035914,34.725013371278735],[128.45599529193518,34.724805354732446],[128.4563006528163,34.7246802967982],[128.4561891633204,34.72460635097327],[128.4562365349317,34.72453188489188],[128.4559514634465,34.72448425159996],[128.45608317153625,34.724177309621474],[128.4564262097026,34.72398104637737],[128.45671613481227,34.72388917724318],[128.45683099172246,34.72392110749603],[128.45714577496847,34.72376965164285],[128.45791771426738,34.722904222237595],[128.45811202723542,34.722810438790454],[128.4582380187107,34.72253788495358],[128.45875136559897,34.72231477868976],[128.45868930522118,34.722094291940714],[128.45886879568712,34.72205418644643],[128.4593632046252,34.721344286680825],[128.45985374081545,34.720108288379876],[128.45998487686364,34.71941920145108],[128.45996736580904,34.718387182240654],[128.4597091759713,34.71749821047747],[128.45915538676374,34.716939893327044],[128.45901289486028,34.71684371089146],[128.45869161469616,34.716801093897146],[128.45788941787737,34.71776838275352],[128.457736567944,34.71768359443067],[128.4581748268337,34.71711805398546],[128.4580739686459,34.71695303317101],[128.45770214620623,34.71708637380887],[128.45762486771065,34.71694075938479],[128.45806609274916,34.716755350398046],[128.4583308080764,34.71643357749647],[128.4574900414712,34.715500974744124],[128.456382817372,34.715324935525665],[128.45595236129483,34.715189402404484],[128.45573487782647,34.71521338988283],[128.45524716594454,34.714991498105555],[128.45474124172503,34.715000993437364],[128.45429942053374,34.714617627506236],[128.45411347734208,34.714596368082674],[128.45345133623155,34.71424662518552],[128.45287024978313,34.7140636576946],[128.45267624223052,34.713867075632],[128.45194898145408,34.71387699047902],[128.4516992318385,34.71374904116373],[128.45153819422126,34.71383736047139],[128.45118261852832,34.713674257046634],[128.45101946278518,34.71370636855459],[128.45080337161966,34.713621189407164],[128.4507055311576,34.71343203059365],[128.45089642100876,34.713413597098324],[128.4508814264532,34.713318766932396],[128.4507547557443,34.713298111887305],[128.45035831339797,34.71288342846824],[128.45044592467372,34.71265500895951],[128.45068201892514,34.712600127288844],[128.450528595947,34.71253316524114],[128.45056566918822,34.71239100929259],[128.45043576457195,34.71222318763298],[128.45062909962328,34.71203551983163],[128.45055968755292,34.711814017124496],[128.4506492971182,34.71165768793011],[128.45036159980688,34.71166255560874],[128.45025500122506,34.711557946264655],[128.45033099993654,34.711442239670944],[128.45057238284193,34.71139844538933],[128.45053757801077,34.71127736125785],[128.4507167972124,34.71119719021716],[128.450769182448,34.711016184833646],[128.45045171820811,34.71089521319199],[128.45035454682042,34.710678456321126],[128.45044490894682,34.71064210282404],[128.45043437274123,34.71052501160663],[128.45003524217557,34.71059509971727],[128.44983349737834,34.710470901147914],[128.44962987429454,34.71017458039331],[128.4497094280993,34.7099798663648],[128.44954634793734,34.709976543972786],[128.44927602213988,34.709789408809996],[128.44911430834992,34.70934693514934],[128.448720043758,34.70905362797192],[128.44829408493013,34.709433337220936],[128.44764650743366,34.70967629809754],[128.44749712737442,34.70959786477529],[128.44734782095634,34.70961636723012],[128.4472358412624,34.709416188724916],[128.44727504819346,34.70900527762815],[128.44745943144233,34.708748012036594],[128.44829933598874,34.708333344072344],[128.448936778217,34.70824541975768],[128.44960628381713,34.707858206001966],[128.4493730689973,34.707745971784846],[128.44966120730672,34.70755730340847],[128.44970154448058,34.70738988597674],[128.4492912474441,34.70743174384591],[128.4492811098984,34.707339993755184],[128.44944301888944,34.707230187493586],[128.44953032966072,34.70691334130377],[128.4503486553128,34.70648323544588],[128.4499377220002,34.70639365232251],[128.45004464486973,34.706221637019986],[128.4502256784296,34.706115784440584],[128.4504399807764,34.70611164217891],[128.4504151121173,34.70585702589885],[128.4500919562368,34.70562391779508],[128.450236890909,34.70542479345253],[128.4503621018646,34.70543000826757],[128.45062038976548,34.70526841718388],[128.451297442593,34.70547695088108],[128.45107030007657,34.70517085429821],[128.45115878034338,34.70503397955455],[128.45102563416376,34.70501056266674],[128.4509368994955,34.70481349015625],[128.45102411550914,34.704707365822806],[128.45142281573555,34.70467737946936],[128.45163184568,34.70453086659774],[128.45165947801,34.70447952190044],[128.4514071426175,34.7043093477441],[128.45195653742576,34.70432414478883],[128.45215062026003,34.70439220776654],[128.4521454949007,34.70451047726467],[128.45275024922572,34.704639710348864],[128.4530587815715,34.70451952518817],[128.4533629650237,34.7045843615073],[128.4534935741583,34.70472669060862],[128.45360680886253,34.70459390007412],[128.4540504421179,34.70472744537865],[128.45553247968246,34.704333238401304],[128.45584695007818,34.704346056424214],[128.45618310239337,34.704179890446035],[128.45651043930096,34.70419584304941],[128.45660564485235,34.704055972836656],[128.4564985284482,34.7039415682207],[128.45649481604806,34.70369368550665],[128.45661778662097,34.703396337740074],[128.4565586391344,34.703306335560555],[128.45609118165754,34.7032567176845],[128.45598316316776,34.70315552750462],[128.45601689307927,34.70304564960053],[128.45618901815965,34.70279550337718],[128.45641188873626,34.70269595560345],[128.45671398910812,34.70265532660169],[128.45681748651623,34.702711485195934],[128.457196363649,34.70255815452053],[128.45741149274207,34.70265324940699],[128.4575044055488,34.70293161077922],[128.45740302842816,34.703163725356035],[128.4571308081362,34.703239798853446],[128.45711241759014,34.70332940349275],[128.45813578484635,34.70310551027795],[128.4582543778968,34.703186562393654],[128.458306562719,34.70348977442488],[128.4584460405477,34.70350459855697],[128.45866014469163,34.70339559774207],[128.45907130770752,34.70345630024465],[128.45908819615266,34.703608827057955],[128.45898782321714,34.70373849784929],[128.45944341091635,34.70376024038301],[128.45948651333205,34.70382444055096],[128.4601529937473,34.703806204484906],[128.46066621026745,34.70390758113921],[128.46128995604178,34.70383466493208],[128.4616998967123,34.70370957391831],[128.4620288140714,34.703857608194106],[128.46216335810763,34.70376004760654],[128.46247297124725,34.703779162119744],[128.46260315737715,34.703945020182196],[128.46255475486754,34.70411868239505],[128.46267380800498,34.704178443573426],[128.46264572105522,34.70427176142116],[128.4625250960012,34.70425286609974],[128.46245913884567,34.70431652535231],[128.4627232142067,34.70443564690793],[128.4623401442324,34.70463775260645],[128.46233337222094,34.70476145939307],[128.4627525433559,34.704663969121036],[128.46305050934632,34.7047633589395],[128.46312520318602,34.70476323654776],[128.46348794263866,34.7050205161074],[128.46407487052267,34.705145814668455],[128.46430304208994,34.705334846681176],[128.46469755965606,34.70549500136111],[128.46482490799877,34.705724199771275],[128.46509259474712,34.705913944432645],[128.46487644816693,34.706416444382434],[128.46451703060956,34.706537126201795],[128.46460603219236,34.70669725820401],[128.46475654358085,34.70676867212334],[128.46536257745322,34.70674935120985],[128.46561897560508,34.70721399905743],[128.4656250464619,34.707070021157506],[128.4657662027967,34.70701255790887],[128.46607414670692,34.707034071404955],[128.46617141126325,34.70711794940587],[128.46626826923116,34.70687763619123],[128.46640892671863,34.70691010330365],[128.46654019503345,34.70670124563866],[128.4666541019512,34.7066923038595],[128.4670364397171,34.70700263974093],[128.46703512621866,34.707203902777806],[128.466926301275,34.70715519949737],[128.46687327985794,34.70729182029491],[128.46674063576484,34.707258924038854],[128.465899825454,34.70745048933946],[128.4667249648236,34.707466768282785],[128.46727757819735,34.70815511413491],[128.4673969689349,34.708072764189],[128.46772831638282,34.708185015684606],[128.4676229588771,34.70839998009023],[128.46737427712577,34.708554748674544],[128.46692672783968,34.708433557026986],[128.4668255681295,34.7088728453367],[128.4664672860032,34.709014348748596],[128.46664404998,34.70935206362053],[128.46629394890653,34.70948597839212],[128.46615430695408,34.70962019012769],[128.46607473673393,34.71036158303966],[128.46634496050612,34.71068537549113],[128.46618018268217,34.71079191197325],[128.46624894606634,34.71105536143294],[128.46589228380168,34.71149769570058],[128.4658745704094,34.71183854565997],[128.46566578264162,34.71190802610707],[128.46560164087646,34.71208345611625],[128.465212348587,34.71223135876435],[128.46513533529375,34.71246234760732],[128.4647706716062,34.712476331790285],[128.4648014665199,34.71267089926985],[128.4645223295287,34.71270888425585],[128.46442922576537,34.71286993472213],[128.4643040428316,34.71287625220095],[128.46389538703468,34.71370514313097],[128.46376556617653,34.71373142614935],[128.46358063927607,34.71393883404102],[128.46321539108024,34.71407308441],[128.4625769828755,34.71480030333199],[128.46227456045938,34.71491065701542],[128.46234711937106,34.71496281772077],[128.46116665158237,34.71610701353303],[128.46059543059351,34.716886116552416],[128.46049233033446,34.717144478496365],[128.46094915930942,34.71790116638607],[128.46087688510318,34.71811042821869],[128.46102942853105,34.71894129477519],[128.46110523045138,34.71909414963514],[128.4612928400918,34.719102496533935],[128.4614211566876,34.7192719012366],[128.46153783077443,34.72008283930027],[128.46194922777244,34.720747794799294],[128.4627517912131,34.72124149507828],[128.46294855459098,34.72129382968305],[128.46299806513272,34.72135986321094],[128.46282982662464,34.72134048367942],[128.46273411372937,34.72155226363788],[128.46315087257216,34.721528552959946],[128.4632550233875,34.72146226219605],[128.46352202904347,34.721541245924804],[128.46374900565465,34.721450008617566],[128.46383899452272,34.721701801981325],[128.4643966660729,34.721669266666396],[128.46467770256905,34.722021340606474],[128.4646924634651,34.72209943434571],[128.46453665444275,34.722184769825674],[128.46467878679084,34.722349534785955],[128.46465211414122,34.72250961461457],[128.46503066557318,34.72254645069073],[128.46531357170156,34.7228030329221],[128.46531149951298,34.7229732455571],[128.4651185126344,34.72312012076077],[128.46516373952588,34.72321849664668],[128.46566879633247,34.72314415373148],[128.46631293414302,34.72326860684144],[128.46684275783485,34.72328252507641],[128.46709140124804,34.72337029339791],[128.46710429892903,34.723711594182305],[128.4669953429151,34.72391500071385],[128.46662941510112,34.72410060828724],[128.46678867926053,34.724282469673575],[128.46654362016358,34.724345872433915],[128.46694846242661,34.724492427632654],[128.46679166341744,34.7247887773063],[128.46679513025092,34.72485155775764],[128.4668922831124,34.72479873282439],[128.46696689305176,34.72484847929474],[128.46687360854335,34.72503870861235],[128.46718427202188,34.7253461657218],[128.4673223318302,34.725218073875084],[128.46749247523914,34.72538584206591],[128.46762223040653,34.725367279798135],[128.4676126479283,34.725481087803054],[128.46739034032132,34.72553913466554],[128.4674698570381,34.72581701708355],[128.4678552706932,34.725719311521885],[128.46817727696393,34.725885112734055],[128.46808675883264,34.726021790095956],[128.4681530883588,34.726066182168864],[128.46869412570712,34.725968094513064],[128.46960274036852,34.72626418703673],[128.47001820159616,34.72693925396309],[128.47006037415397,34.72721302602478],[128.46996098919263,34.72731802151475],[128.46933412548384,34.727402431357746],[128.46932528638177,34.72755315793379],[128.46981092039996,34.72757676207306],[128.46983537979554,34.72794147400714],[128.46996027958383,34.72801597487047],[128.47013368211424,34.72795161920202],[128.4702627624324,34.728056245111254],[128.46999194669556,34.72809838780395],[128.47000160459044,34.72830532217173],[128.47004187955622,34.728408388496035],[128.4703823776056,34.72850418051654],[128.47047034124108,34.728593845659894],[128.47058801382533,34.729045391517445],[128.47072711581887,34.729045703270494],[128.47075922869786,34.728681886161944],[128.47090020788315,34.72869455010767],[128.4710403927559,34.72859521706807],[128.47123083449745,34.72863115965263],[128.47138792513277,34.728760151403584],[128.47120683168862,34.728858690163904],[128.4711840949876,34.72909175806407],[128.47143133209363,34.72916358933443],[128.4714965106326,34.72928631822237],[128.47128040177193,34.72937050745926],[128.47112940204102,34.72924585849635],[128.47095198857807,34.72930885888125],[128.47070366356647,34.72927607517991],[128.47057319491122,34.72979454776743],[128.47065887806662,34.72995685963794],[128.4706272658518,34.730153647256756],[128.47042655533994,34.73032770849201],[128.47048485325496,34.730754752790666],[128.4702974798219,34.73085780926633],[128.47014510688953,34.73079503292523],[128.47010906146798,34.73091111675483],[128.46990386721856,34.73098501347503],[128.46979240652388,34.73148602311931],[128.46960043682404,34.731536172264825],[128.46959663392423,34.73162972092121],[128.46949309235035,34.73167043891867],[128.4689637109907,34.73173085046175],[128.4687070806921,34.73165662180771],[128.46869854059975,34.73175671145595],[128.4689477826986,34.7318172401741],[128.46784550121762,34.73227482534111],[128.46722122873825,34.73289336228063],[128.46685239020377,34.733650888803915],[128.46613863623082,34.73380586690859],[128.46617606395228,34.73396356088808],[128.46609375158184,34.734130854151836],[128.46592354242142,34.73423286877441],[128.46593481550548,34.73450457051115],[128.46601917599665,34.73459036101566],[128.4657360862554,34.7348346099794],[128.4658724271895,34.734901225945464],[128.46571986221008,34.73506274854415],[128.46562632746708,34.735104767207105],[128.46546809439917,34.735046698048286],[128.46541561562034,34.73493935089667],[128.46533044969053,34.7349922293608],[128.46538104157227,34.73529385928523],[128.46524272273803,34.73540585401934],[128.46512518094144,34.73538552881273],[128.46508311385293,34.73548078993587],[128.46473639955164,34.73548631317336],[128.46481791054094,34.73564573145243],[128.46462330026426,34.73563856303072],[128.46454832343676,34.73578131405388],[128.46397095141268,34.73581150981822]]],[[[128.52970311858667,34.7346896218343],[128.52940916504775,34.73477860080499],[128.52961399480415,34.73526620874308],[128.52950193973868,34.735305293821646],[128.5292573172972,34.73479708826427],[128.52870535854834,34.734547047272144],[128.52727287782673,34.73331029335709],[128.5267581161876,34.733086501855205],[128.52648086960608,34.733028266635976],[128.52633100718668,34.73306666108545],[128.52633117355018,34.73298779685109],[128.52622024500525,34.73296362188765],[128.52569014642532,34.73294262938617],[128.52564287496355,34.73284590453088],[128.52505893977028,34.73267617271642],[128.5242957249884,34.732650585613285],[128.52333393204876,34.73280407195376],[128.52297296190756,34.732705773782364],[128.52249486451234,34.732211451819495],[128.5222611628483,34.73177202861292],[128.52201255054746,34.7315052920165],[128.5217460691887,34.73128919824582],[128.5216056996166,34.731280046316556],[128.52152681917934,34.73104461786361],[128.5212806751833,34.731008250996766],[128.52125747181083,34.73091034326196],[128.52139107183783,34.73072887180928],[128.52125372247585,34.730613993839334],[128.52136807036206,34.73040314574048],[128.52111265659187,34.73031831412207],[128.52112780982335,34.73009964744649],[128.52076136321753,34.72980296917943],[128.52063094572281,34.729826184289486],[128.52015581960248,34.72938565132791],[128.52014262724842,34.72923636977567],[128.52029478770103,34.72916709735892],[128.52020067946845,34.728957139600794],[128.52067433892466,34.72872470908235],[128.52007956924814,34.728623471783834],[128.52012596904655,34.72841788913181],[128.5204783597623,34.72838636951567],[128.5209449168437,34.72873952751453],[128.52091731979934,34.72863231814126],[128.52074774584207,34.72853585069291],[128.5207583910204,34.728343999662584],[128.52083971515563,34.72837102389666],[128.5209860410648,34.72826045322353],[128.52121906691647,34.728274884269666],[128.52164423341654,34.728453250951034],[128.5215737143816,34.72826823673699],[128.5217845172693,34.72818523318229],[128.521917912318,34.72823352551577],[128.52200185538766,34.72814791578055],[128.5219165061253,34.72804607046471],[128.52151991457234,34.72798108443981],[128.52124131840012,34.727670349350845],[128.52137120139975,34.72752051481194],[128.52153115463426,34.72751149611489],[128.52156511587833,34.72740482472746],[128.52171470355984,34.72734847143858],[128.5221114306553,34.72738885912945],[128.52247372109505,34.72753665245984],[128.52268252733373,34.72788117340829],[128.52261391751438,34.72800038242713],[128.52234535384417,34.72815242833155],[128.5222375855155,34.72843008120194],[128.52206343870674,34.728551006065764],[128.52205131789145,34.72871102302946],[128.52213722576982,34.72867062497496],[128.52234605268674,34.728837082713476],[128.52257727164599,34.72889097535035],[128.52265694482602,34.729070728016566],[128.5232757043183,34.72893097564966],[128.52362730629557,34.7292239558627],[128.52342018226634,34.72943489398196],[128.5236081371885,34.72939000976122],[128.52381515941252,34.729512566568665],[128.5240654681481,34.72950069208014],[128.52389653661965,34.72935676635069],[128.52408741063377,34.7291569273314],[128.5242984880384,34.729083542233056],[128.52422103567437,34.72923062331634],[128.52445629364894,34.729314158951524],[128.52451645916065,34.72911628060091],[128.52483315181956,34.72881011553027],[128.5253390338365,34.72864834064871],[128.52562493802796,34.728655367551866],[128.52602372569538,34.72837442665735],[128.52647975738049,34.728178273590245],[128.52692411801786,34.72820007599107],[128.52722071604492,34.7280906060592],[128.5274154390824,34.72816518095858],[128.52754052516286,34.728075590939376],[128.52786437210034,34.72812577769813],[128.5279600793971,34.72815889053008],[128.52796420915715,34.72827710806504],[128.52779277223888,34.7285993778954],[128.5279013576857,34.72858541532988],[128.5282765942254,34.7281250676787],[128.52885497437947,34.728061025475],[128.52896867868066,34.72813532635124],[128.5290249120063,34.72803697268384],[128.52895506070524,34.72779784874213],[128.52969180040844,34.727569173513636],[128.52975918485075,34.72746226969238],[128.5296879131509,34.72740385918063],[128.52979667673267,34.727340392794254],[128.52965471353477,34.72732141843556],[128.5298058618218,34.72719604054464],[128.529852532956,34.72725719375608],[128.53010310664317,34.72722989135832],[128.53007064241615,34.727293381896956],[128.53017380720183,34.72734850796206],[128.53008404455753,34.72739214088883],[128.53063556493603,34.72735015018118],[128.53073989093863,34.727506081490816],[128.530901983183,34.72753326492651],[128.5309772506771,34.72768751494893],[128.53115860215166,34.7276081999725],[128.5313627723828,34.72766101902356],[128.5312516539127,34.727828175361694],[128.53141989963055,34.727732558513395],[128.53178937826115,34.72793353655989],[128.53177092980928,34.7280607992865],[128.5319448995541,34.7282008561045],[128.53187172412942,34.72839729721866],[128.53223001254204,34.72837151976784],[128.53249135361872,34.72850512195489],[128.53281056709488,34.72842357451424],[128.53296506476966,34.72848739835686],[128.53312296569996,34.728687069810896],[128.53331991965882,34.728615577079566],[128.53375493600035,34.72869151519247],[128.53377249076797,34.72873999122944],[128.53360288534435,34.728806868398095],[128.53377659534073,34.72890244588654],[128.53372675245254,34.72904336242995],[128.53353341049308,34.72918097536574],[128.53410019000992,34.729141850290894],[128.53437770181088,34.729337903925966],[128.53533767780834,34.72923827076105],[128.53551480931844,34.729317470952616],[128.5354401395947,34.72949175141173],[128.53568283107833,34.72944711459548],[128.5357813520392,34.729496939767806],[128.5358584305344,34.72995793419276],[128.5356679168142,34.730054838474764],[128.5357518425164,34.73020915694021],[128.53606421389685,34.73044791289398],[128.53595603699605,34.730507033502334],[128.53616555819025,34.73079182713912],[128.53633650388272,34.730798476652936],[128.53634699320236,34.73098470777038],[128.53657420825786,34.731086339113055],[128.53652241350477,34.731163459568535],[128.53664357345684,34.73132853737325],[128.53685373151168,34.731341442264664],[128.53662088733645,34.73143410593488],[128.53667964223973,34.73164100779754],[128.53709932262757,34.731711971297145],[128.5371065513454,34.73189243914721],[128.53721233732463,34.73190344301405],[128.53727807818296,34.73212128889681],[128.53706956031303,34.7322666788094],[128.53707089576307,34.73243897393339],[128.5365831517848,34.732737144533196],[128.53631194508756,34.73324539777043],[128.5356836787232,34.73359286322375],[128.53534399093667,34.73361081826203],[128.5347071569623,34.73380769743186],[128.53425911322154,34.73408799818322],[128.5334228223538,34.73408722020452],[128.53327257799836,34.73421696283343],[128.53300389041638,34.734221337599486],[128.5329835488199,34.734436561434464],[128.53288867496852,34.73448486476835],[128.53281732308474,34.734493893823775],[128.53278067650172,34.73440494575311],[128.53250441793918,34.73451094657877],[128.53220629366206,34.73441241371516],[128.53206930302193,34.734474437008025],[128.53194757535854,34.73439549203188],[128.53153756612448,34.73491787948666],[128.53141224812006,34.73482488565035],[128.53179993031813,34.734263489465896],[128.53157921405025,34.73419556681628],[128.53083372213757,34.734334246569226],[128.53087762735876,34.73461635964438],[128.5308151112878,34.7346075819871],[128.53073674955758,34.73430159316988],[128.53001709824895,34.73442138971364],[128.53008331094154,34.73462006744158],[128.53044698216593,34.73454069381703],[128.53054406151855,34.73473985676455],[128.5310816815302,34.73467260921941],[128.53108258490445,34.734744894322745],[128.5300234573106,34.73488076661142],[128.5299911597679,34.734696133281595],[128.52970311858667,34.7346896218343]]],[[[128.48731899064103,34.73567291498969],[128.48741188638664,34.73574564347722],[128.48723831930084,34.7357804796475],[128.48724198616983,34.73571325255182],[128.48731899064103,34.73567291498969]]],[[[128.48713686800002,34.73567352734509],[128.4871747591454,34.73584159510369],[128.4871307555558,34.735876429633066],[128.48707514033887,34.735689416653244],[128.48713686800002,34.73567352734509]]],[[[128.50325550512807,34.73564231482271],[128.50330461210146,34.73574741144412],[128.5032771258056,34.735793370232244],[128.50318039169565,34.73574004132128],[128.50325550512807,34.73564231482271]]],[[[128.392671689282,34.73665129625149],[128.39261908348794,34.73666256946456],[128.3926255716925,34.73664141748317],[128.392671689282,34.73665129625149]]],[[[128.4844019478065,34.73622173310629],[128.48438300131008,34.73623212274985],[128.48435305442112,34.736203398311694],[128.4844019478065,34.73622173310629]]],[[[128.40457095885807,34.73692169115726],[128.40451998596956,34.736919281530035],[128.4045212402138,34.736895848525705],[128.40457095885807,34.73692169115726]]],[[[128.4845009546738,34.73648880802863],[128.48432310804085,34.73646375067531],[128.48445939521474,34.73637268923169],[128.4845009546738,34.73648880802863]]],[[[128.40427547858368,34.73708926147901],[128.40403107844796,34.73715404815615],[128.40405809149945,34.73711749475857],[128.40427547858368,34.73708926147901]]],[[[128.48501193586787,34.736566133968616],[128.4850452160599,34.7366681442347],[128.4850090320885,34.73671990617498],[128.48494529131662,34.73663326525508],[128.48501193586787,34.736566133968616]]],[[[128.4031271523411,34.73758302273149],[128.4030800556296,34.73757206228555],[128.4030868401081,34.73755569042164],[128.4031271523411,34.73758302273149]]],[[[128.38949304229305,34.73777243330526],[128.3894805839425,34.73775947965207],[128.3895439326964,34.73775673557697],[128.38949304229305,34.73777243330526]]],[[[128.48224151285325,34.737750232403286],[128.48205938902038,34.737739231867614],[128.4819506026844,34.737651225760494],[128.48206427729974,34.7376377804819],[128.48224151285325,34.737750232403286]]],[[[128.38547960852978,34.73910164998849],[128.38543997851224,34.73915950189287],[128.3853361423045,34.73911444810777],[128.38535036224408,34.73909658216861],[128.38547960852978,34.73910164998849]]],[[[128.38572307712957,34.739298934388046],[128.38570358499754,34.739291986623854],[128.38570767531155,34.7392699218418],[128.38572307712957,34.739298934388046]]],[[[128.46699914656014,34.73932907643413],[128.46673719012793,34.739428082919105],[128.46685888615306,34.73930123070486],[128.46699914656014,34.73932907643413]]],[[[128.47961803747228,34.73953710093026],[128.47969942652065,34.73956294376701],[128.47972091375863,34.73960878471464],[128.47962428162646,34.73962762470185],[128.47961803747228,34.73953710093026]]],[[[128.47952217719848,34.73959699158174],[128.47952492788627,34.73963457727122],[128.4794254618838,34.73960249179402],[128.47952217719848,34.73959699158174]]],[[[128.40057391117324,34.73930128354283],[128.40022740500865,34.7396632225041],[128.3999346993719,34.740181963888396],[128.39976026646602,34.7402922563361],[128.39959362653008,34.74026280640402],[128.398976853055,34.73948112225392],[128.39861007646934,34.73924719971906],[128.39840834591394,34.73919931209105],[128.39829390180282,34.73930720404503],[128.39803025176286,34.739281153717585],[128.39794129676926,34.73950649798162],[128.3976978958524,34.73957571475716],[128.3976161048578,34.739203772979316],[128.39788646223508,34.738900306435006],[128.39792051522124,34.7386872294124],[128.39749802339898,34.738107276799546],[128.39746681805005,34.73787532661032],[128.39699705233247,34.73748940878341],[128.39678268641364,34.737364286904956],[128.39666201435503,34.7374878756847],[128.39640210520759,34.73730413508778],[128.39651824139543,34.73712861153013],[128.395741895589,34.736656807652636],[128.39557174319677,34.73659055703449],[128.39550822096774,34.7366722883983],[128.3952369710124,34.73653504592457],[128.39523622694196,34.73636144034877],[128.3949944644484,34.73632860997987],[128.39487710144377,34.736513237935064],[128.39524130080204,34.7366287053399],[128.3951637557007,34.73680056073761],[128.39479408715872,34.73666236875218],[128.39415661157426,34.7367415967153],[128.39519422824674,34.73794740687377],[128.39503502015697,34.73804668131807],[128.39401708238506,34.73689456582134],[128.3937626388175,34.73707586957295],[128.3935898624068,34.73691142194135],[128.39327306728296,34.73708097701185],[128.3929915794593,34.737098819002014],[128.3930335255411,34.73696076186168],[128.39281194198963,34.736579815823276],[128.3928341762861,34.736504146153884],[128.39305073910236,34.73648161451603],[128.39289649575773,34.73634845126318],[128.393016147642,34.7362464235338],[128.39284951678172,34.736174501046975],[128.39294737624678,34.73608503663193],[128.39294034567885,34.73584811599035],[128.39316427825003,34.73576472188149],[128.39309762189615,34.73575279003611],[128.39314569944614,34.73563127817309],[128.39342604405937,34.73550728365049],[128.39406363257643,34.73543235194388],[128.39423873811126,34.735238408704184],[128.39404293005586,34.735191612742355],[128.39399163843717,34.73510076422858],[128.39458962065947,34.73492481038121],[128.3947074596408,34.73473513030395],[128.3945857332978,34.734584073219125],[128.39486301577088,34.734409501909006],[128.39471780471735,34.73421310913388],[128.39456497428915,34.73416083127635],[128.39484435899308,34.73370982100996],[128.39501365818455,34.733676269372424],[128.3952395801552,34.733828011164455],[128.39522895249397,34.73412045386371],[128.39509398105224,34.73428090315276],[128.39533553324893,34.734410539925705],[128.3960120967046,34.734375758431774],[128.39661748892294,34.734137976977],[128.39685924388326,34.73363522293727],[128.39704969474053,34.733524886074],[128.39700364991873,34.733467343993446],[128.39711097975953,34.73324963702902],[128.39687540409872,34.733059334540876],[128.3970295680867,34.73289847502779],[128.39683382291776,34.73269535836853],[128.3970606570395,34.73238552299562],[128.39738803028703,34.73225637306568],[128.39725424375595,34.73209477227272],[128.39740736360693,34.7319051507002],[128.39741718091975,34.73169851657169],[128.39780174343662,34.73163544605453],[128.39757729056942,34.731472762666],[128.3981430958939,34.731297922273214],[128.39800889803624,34.73108858964575],[128.39777007893113,34.731026529113805],[128.39823083637978,34.730876444450296],[128.39824236328704,34.73078480798736],[128.3980526371729,34.73063941730473],[128.39816531439112,34.73053069361452],[128.39836786175857,34.73063150738567],[128.39845823430616,34.73052183698226],[128.39886677788095,34.73042359042977],[128.39912543291663,34.73016780233144],[128.39990108472827,34.730098950354716],[128.39976005464678,34.72978389452757],[128.40010449996754,34.729393462297374],[128.4002623935177,34.729360374558034],[128.4003268787772,34.72943617113546],[128.40062069532794,34.72936848368627],[128.40074872511173,34.72944295983873],[128.40097835659554,34.72943280496333],[128.40133142722993,34.729267792226686],[128.40168997756783,34.72921584557412],[128.40180315872774,34.729095006186206],[128.402241488246,34.729034934069766],[128.40277081539324,34.72912814448953],[128.4035471726178,34.72909630061196],[128.40366356570925,34.72915191164204],[128.40368369673953,34.72933795994868],[128.40379034622535,34.72940479231013],[128.40459716843665,34.72945006912791],[128.40478523310009,34.72952820980365],[128.40473988535098,34.729355502756626],[128.4048965311301,34.72940994342394],[128.4049890226295,34.72936331509604],[128.40578117329875,34.72940952447999],[128.40580431462203,34.72954448150993],[128.40565307307165,34.7295677015526],[128.40593738556592,34.72972615914331],[128.40597177338353,34.73012099186676],[128.4058148976922,34.73016870031215],[128.40570776014124,34.73031608095657],[128.40595028523157,34.7303885107751],[128.4056145986833,34.730798798370564],[128.40566895336303,34.730828899341645],[128.4057917424235,34.73071914846248],[128.40600760280978,34.73082414274581],[128.4057574770376,34.7309117471293],[128.40579025018675,34.7309962340157],[128.40553021106905,34.731097527092224],[128.40560298164326,34.731173906661404],[128.405349711666,34.73123995124408],[128.40546827131243,34.73136282713713],[128.40522984134944,34.73155820022833],[128.40549185781254,34.73217698630238],[128.4057411124577,34.732334330575526],[128.40558783708713,34.73238565231472],[128.40563320055753,34.73261504244807],[128.40593535362137,34.73264915289634],[128.40603631891767,34.73273184297505],[128.4059801257258,34.73289541440126],[128.40581581719496,34.73299887076498],[128.40595033730835,34.733205617665135],[128.40624826823387,34.733329527323406],[128.40620999072672,34.73346306912231],[128.40632776988974,34.73369882749302],[128.40625652389485,34.733930250024905],[128.4060802691418,34.73414466051784],[128.40588364193476,34.73421763407689],[128.40611182413107,34.734270999036944],[128.40619137130372,34.73446182939051],[128.40584057760137,34.7345740448569],[128.40557943336813,34.73476819162864],[128.4054220834109,34.73505183265413],[128.40560787711723,34.73526749114528],[128.40506774152033,34.73549062343905],[128.40507797362883,34.73559564202192],[128.40489511212138,34.73562294479777],[128.40495350246664,34.73578518552704],[128.40482140513794,34.73582130788961],[128.40478188446036,34.73575953987401],[128.40470711950306,34.7358344151588],[128.4047009163212,34.735950278484765],[128.40479994047814,34.735997725765344],[128.40453265794218,34.73608309799152],[128.40454995412446,34.73648185401901],[128.40425518297366,34.73662032787487],[128.40452137163115,34.73675314393102],[128.4043444993689,34.73693939864181],[128.4037507520783,34.73714621931425],[128.40352152450492,34.73734842721543],[128.40320526461946,34.73727673258536],[128.40303620573977,34.7375670581112],[128.40057391117324,34.73930128354283]]],[[[128.47963631035825,34.73965887049551],[128.47959780806704,34.739695081917354],[128.47955334610063,34.73966070465367],[128.47963631035825,34.73965887049551]]],[[[128.46675609706585,34.73978389009942],[128.4665938359413,34.73977838973003],[128.46661308652702,34.73974263725097],[128.46675609706585,34.73978389009942]]],[[[128.48161186830825,34.73968177980365],[128.48152037514134,34.73969397916469],[128.48155819274615,34.7396232235448],[128.48161186830825,34.73968177980365]]],[[[128.4788703804365,34.73965337044938],[128.47888963196078,34.73971937520713],[128.47887312953657,34.73974687734593],[128.47883187752313,34.739691872948946],[128.4788703804365,34.73965337044938]]],[[[128.4707538980561,34.73982971171906],[128.47071461805913,34.739871312639615],[128.47066500723582,34.73980800844187],[128.4707538980561,34.73982971171906]]],[[[128.48135812650779,34.73964884273033],[128.48139289406714,34.73972752670032],[128.48135934521218,34.73978913402605],[128.48129042092157,34.73966531202992],[128.48135812650779,34.73964884273033]]],[[[128.472803441023,34.7398663954896],[128.47272609233522,34.73989424214256],[128.47267761965327,34.73981689325194],[128.472803441023,34.7398663954896]]],[[[128.4711299870775,34.73981418197897],[128.4712269131854,34.73988327745278],[128.47123193117142,34.73990518210782],[128.47111048320855,34.73987993435858],[128.4711299870775,34.73981418197897]]],[[[128.48091712558465,34.73975863529127],[128.48091346505382,34.73982268172539],[128.48086588805745,34.73985012961852],[128.48082929052475,34.73979523270257],[128.48091712558465,34.73975863529127]]],[[[128.48041207904365,34.73972935760539],[128.48047246542308,34.739857449130916],[128.4803388838212,34.73986842823636],[128.4802748386792,34.73973667708963],[128.48041207904365,34.73972935760539]]],[[[128.47550138615117,34.74003243981048],[128.4754642590481,34.74004343989642],[128.47546975972267,34.73999599966179],[128.47550138615117,34.74003243981048]]],[[[128.47273596766118,34.73996724182698],[128.4727487764003,34.74006422501991],[128.47267375232363,34.74011912140994],[128.47261153497269,34.740005669417755],[128.47273596766118,34.73996724182698]]],[[[128.47514970387724,34.74008709974421],[128.47513114034436,34.74010050661256],[128.47508473128042,34.74002625136837],[128.47514970387724,34.74008709974421]]],[[[128.47225355747238,34.740152251951784],[128.47233920219108,34.740094956266944],[128.47251703432937,34.74012884025721],[128.47225355747238,34.740152251951784]]],[[[128.47440818226514,34.74012216447717],[128.47443396594647,34.7401871384157],[128.47439889951318,34.740245923653056],[128.47432361376653,34.74015516742288],[128.47440818226514,34.74012216447717]]],[[[128.3872136499789,34.74128863429238],[128.38722886604228,34.741224165947365],[128.38732280148972,34.741235637108446],[128.3872802918415,34.74128446246698],[128.3872136499789,34.74128863429238]]],[[[128.38753829129118,34.741259885659034],[128.3875420531298,34.74128334327471],[128.38738626635998,34.74124758270581],[128.38753829129118,34.741259885659034]]],[[[128.38291326961922,34.74139672366946],[128.3828795566177,34.741392673960284],[128.38288853885922,34.74137424210827],[128.38291326961922,34.74139672366946]]],[[[128.38197776836594,34.741554470349165],[128.38143945911514,34.741554757845265],[128.38145378292458,34.74144411739062],[128.38124416818806,34.74138006302965],[128.381161230242,34.7412486034874],[128.38103920370833,34.74125330699913],[128.38116478907318,34.74104086620471],[128.3810542496708,34.740601191452875],[128.381008202781,34.7405076042052],[128.38084009942875,34.740474647587874],[128.38079046649872,34.74011930958934],[128.38050602328275,34.7398701437565],[128.38042755697003,34.739597199973204],[128.37986817822448,34.73941858038589],[128.37922757951588,34.73889120930036],[128.3789259673062,34.73894566767621],[128.37879181684806,34.73886786734154],[128.37879493299988,34.738760127753736],[128.37848318193818,34.73871884322031],[128.37862095143547,34.73861106471982],[128.3787450238295,34.7386995542144],[128.37887568707984,34.73864830031487],[128.3786659540048,34.73846511086504],[128.37887075269032,34.738315084145725],[128.3786818282061,34.73816320735411],[128.3787264214923,34.738052088148805],[128.37960723339526,34.7381697975938],[128.37984450976558,34.73826543256372],[128.37966057773207,34.73842490206483],[128.38033204563968,34.73856132604631],[128.3815325619486,34.73843038767844],[128.38156147665393,34.73826243933858],[128.3818558236363,34.738203658110315],[128.3822566023361,34.7382486211274],[128.38215446874202,34.73819165103222],[128.3822057424968,34.73808997758067],[128.38276324171386,34.73798227527064],[128.38421056043063,34.73834597818603],[128.3845496170105,34.73853697386621],[128.38462654552742,34.73869819179168],[128.38510215646792,34.738903602096094],[128.38512154932073,34.738967012535376],[128.38495396906765,34.73895725336079],[128.38499173181773,34.73912737629225],[128.38525716868665,34.73914079222442],[128.38588935075012,34.73935772896389],[128.38598019614116,34.73928205199096],[128.38614382777956,34.7393172433316],[128.3867334851111,34.73919811173156],[128.3869234062315,34.739096875022206],[128.38754305212478,34.739086564607184],[128.38791572721132,34.73899442491115],[128.38811056030178,34.73874776045516],[128.38825594582553,34.738699955580095],[128.38890664868615,34.738671892647865],[128.388665043077,34.73847456948517],[128.3888662130225,34.7382782128167],[128.38884796952436,34.73813765304651],[128.38905170381426,34.738120640689836],[128.38906438597368,34.73802079891917],[128.38942682153373,34.737871282832124],[128.3903900854236,34.73770416508247],[128.39047107833898,34.737620331098306],[128.39027302587738,34.737604252640324],[128.3903047923768,34.73750495656971],[128.39060136661433,34.73741587002153],[128.39104340940375,34.73707866762251],[128.39116625729866,34.73710256950037],[128.39184334670566,34.73691962525787],[128.39190349780236,34.73709216465298],[128.39123671401566,34.73750395431669],[128.39087220427984,34.737909692799576],[128.390806847367,34.738172136649155],[128.39050886394662,34.738587644786016],[128.39030003068703,34.738780919376424],[128.3902133825866,34.738974758708444],[128.3903004641873,34.7394165342212],[128.390249297571,34.73958263713516],[128.38949015109654,34.73960129881273],[128.38956553300355,34.7397784640359],[128.38941745529655,34.73987290130435],[128.38966051092456,34.740339955582655],[128.38957212149134,34.740348084798875],[128.3891942245698,34.73977206879845],[128.38883679330155,34.73994545384235],[128.38844627000088,34.74042148104861],[128.3884208881719,34.74077034190164],[128.38848187413373,34.740838604519986],[128.38915676973,34.74101551135885],[128.38914119287782,34.74108878088743],[128.38863667107432,34.74096048569315],[128.38849194339173,34.74111416003562],[128.388289925258,34.74097306968244],[128.388205062829,34.74113720191136],[128.38774055419262,34.74122467453558],[128.38736649416688,34.74115973996275],[128.38730625470396,34.74107622825763],[128.38710572884705,34.741053288739764],[128.38713110323513,34.7409369186493],[128.3864570875022,34.74043796943376],[128.38575773123097,34.74030686904117],[128.38447103193624,34.74059206747969],[128.38440095214037,34.74070063877998],[128.38391717921837,34.74084119980237],[128.38342506560016,34.74120744676932],[128.38197776836594,34.741554470349165]]],[[[128.38236383291343,34.74161942108673],[128.38225939090003,34.74162900941838],[128.3822583945146,34.741558098918915],[128.38236383291343,34.74161942108673]]],[[[128.38270093370096,34.741565379570844],[128.3827238466626,34.74162688201831],[128.38260490492846,34.74165944939627],[128.38260335798887,34.74160274266662],[128.38270093370096,34.741565379570844]]],[[[128.38224366324079,34.741734505752916],[128.3821813792909,34.74173969289031],[128.382189151956,34.74170754890281],[128.38224366324079,34.741734505752916]]],[[[128.4047331231049,34.74243097200338],[128.40453482173197,34.74246119074486],[128.40461623870436,34.74237577531101],[128.4047331231049,34.74243097200338]]],[[[128.40591570418601,34.74341513303675],[128.40588717380504,34.743434285459266],[128.40588020125892,34.74341720962756],[128.40591570418601,34.74341513303675]]],[[[128.40842983227193,34.74424494296108],[128.4085410626501,34.744297312378364],[128.40829469474423,34.74429791832552],[128.40842983227193,34.74424494296108]]],[[[128.40908613182194,34.74453693696064],[128.40899446644332,34.744527658743124],[128.40892742099174,34.744480550782086],[128.40900237788838,34.74447460791972],[128.40908613182194,34.74453693696064]]],[[[128.4093939136581,34.74460657641307],[128.40923956545626,34.744505505607286],[128.40946603578325,34.74447694445089],[128.4093939136581,34.74460657641307]]],[[[128.40954338873348,34.745100999793344],[128.4095336110077,34.74510933998852],[128.40952056355633,34.74510143176847],[128.40954338873348,34.745100999793344]]],[[[128.41834974669064,34.74534105851497],[128.41826785611374,34.74527702479112],[128.4183088304139,34.74525757186368],[128.41834974669064,34.74534105851497]]],[[[128.39968275776704,34.74597466493629],[128.39964568788147,34.7459665471749],[128.39965077541683,34.7459573749383],[128.39968275776704,34.74597466493629]]],[[[128.4012156059832,34.74616411304599],[128.40120783534832,34.74618191864606],[128.40119043594154,34.74617137618432],[128.4012156059832,34.74616411304599]]],[[[128.40125796046465,34.746196682543015],[128.4012432524621,34.746207424738145],[128.40123160805192,34.746186817726496],[128.40125796046465,34.746196682543015]]],[[[128.39985169486323,34.74778695615812],[128.39984397595197,34.74779728223685],[128.39982000558243,34.74778950418527],[128.39985169486323,34.74778695615812]]],[[[128.3999038575676,34.74783741815041],[128.39990600201665,34.747842747832145],[128.39987618468953,34.747843231478754],[128.3999038575676,34.74783741815041]]],[[[128.3922774094573,34.74780312048146],[128.392377646284,34.74786563244963],[128.39235755386989,34.74795405130377],[128.39221569170016,34.74789484169197],[128.3922774094573,34.74780312048146]]],[[[128.39997242267407,34.747885445031635],[128.3999533221337,34.7478987786784],[128.3999533732676,34.747861191876716],[128.39997242267407,34.747885445031635]]],[[[128.2963084856465,34.74874703075603],[128.29626369197754,34.748736226707436],[128.29628516021603,34.74871989089014],[128.2963084856465,34.74874703075603]]],[[[128.4014339921013,34.74849864766454],[128.40142850121435,34.748533234049944],[128.4013892220086,34.74851294163396],[128.4014339921013,34.74849864766454]]],[[[128.54836730847933,34.74887617019283],[128.5482884280984,34.748904343857326],[128.5482489177841,34.74885292117361],[128.54836730847933,34.74887617019283]]],[[[128.55451091196147,34.74894397414187],[128.55464793705931,34.74897034606926],[128.5546422177855,34.74897789707369],[128.55451091196147,34.74894397414187]]],[[[128.55598844025005,34.74899874121623],[128.55590182958085,34.74899530733979],[128.55589763200095,34.74897279694607],[128.55592968163668,34.748947615130966],[128.55598844025005,34.74899874121623]]],[[[128.55465585625532,34.74902103391997],[128.55471685148936,34.749051274378544],[128.55472892304695,34.74908106479292],[128.55467742259853,34.749072313231366],[128.55465585625532,34.74902103391997]]],[[[128.55577363105957,34.74912884657641],[128.5557110588637,34.749093363252854],[128.55580148420222,34.749085351026544],[128.55577363105957,34.74912884657641]]],[[[128.2890833834436,34.751022810235995],[128.28911619976202,34.751130529962296],[128.28909907777108,34.751158350817875],[128.28900919269,34.751107702059706],[128.2890833834436,34.751022810235995]]],[[[128.55498800453208,34.74909109570611],[128.5550134928581,34.74914776757245],[128.55488441160554,34.749178852948766],[128.5548744664258,34.74911516262333],[128.55498800453208,34.74909109570611]]],[[[128.5586623832585,34.74914658606979],[128.55867853210918,34.749198877495765],[128.55859317710045,34.749176576802554],[128.5586623832585,34.74914658606979]]],[[[128.4593749366674,34.75002680794523],[128.45929441791222,34.75009850904266],[128.45925748680554,34.74995214963301],[128.4596123609579,34.74996751010099],[128.45956811927252,34.75005027926378],[128.4593749366674,34.75002680794523]]],[[[128.30674722754443,34.75125073002757],[128.3063681533875,34.75125307574945],[128.30633060937762,34.751205968972556],[128.3065553257226,34.751189821968254],[128.30674722754443,34.75125073002757]]],[[[128.55921888524836,34.749373326410684],[128.55922164170715,34.74941158344916],[128.55913850586725,34.749354595141824],[128.55921888524836,34.749373326410684]]],[[[128.30614799695982,34.75130361380882],[128.30626583788234,34.751247395884306],[128.30636371477695,34.75133392805424],[128.30614799695982,34.75130361380882]]],[[[128.30683140590796,34.751349424289764],[128.30669279090688,34.75136522509426],[128.30641887746373,34.75129947302636],[128.30664973112806,34.75127639132816],[128.30683140590796,34.751349424289764]]],[[[128.49427086631826,34.75044399311694],[128.49388264882688,34.75045931767022],[128.49314434014997,34.7502171482846],[128.49305200043355,34.750043444781184],[128.49275398958275,34.74987111242127],[128.49254066881846,34.749862567964485],[128.49250580810514,34.74998546531847],[128.49240705686427,34.74999193483877],[128.49179445713227,34.74961360874031],[128.49121405837928,34.74936637924957],[128.49101920522153,34.749164846020896],[128.4903427035729,34.74904097156792],[128.49022664140796,34.74911945008743],[128.48975744969414,34.74899330750427],[128.4896898829142,34.7488828856682],[128.48952538448802,34.74887577683442],[128.48956927647455,34.748811412382445],[128.48946650104517,34.74876598495599],[128.4892556562746,34.7487778298529],[128.48910811753115,34.74893050610714],[128.48891344571524,34.74896180290936],[128.48882152656,34.748520134260275],[128.48891014027626,34.748353634471826],[128.48878075464665,34.748009240682435],[128.48815926769907,34.74720774085875],[128.48798665791847,34.747177699702824],[128.4878736809042,34.747270009724474],[128.48767404162172,34.74715648118977],[128.48777903413836,34.747005463772965],[128.487477562826,34.74658551917853],[128.4872839122021,34.74643828056271],[128.48692492578874,34.746315526486924],[128.48602721118837,34.74541008061543],[128.485330213217,34.74506149895597],[128.48440602067967,34.745045344052855],[128.48438124238479,34.74566278013097],[128.4842384789672,34.745653975285755],[128.4842550844216,34.74515006609073],[128.48406976876373,34.74513283467269],[128.48345206275567,34.745351222904766],[128.48337322142757,34.74613324272091],[128.48324672064706,34.74624778717898],[128.4831472157654,34.74617605859083],[128.48323820555393,34.7460823596096],[128.48328178085282,34.745386989194074],[128.48194408796164,34.74524099348815],[128.48196200098286,34.745493575670274],[128.48176764555,34.74550362440411],[128.4815479418693,34.74549194964242],[128.481507981256,34.74538619248729],[128.48125383289224,34.745275089929805],[128.4810420899361,34.74527113027675],[128.48089438683056,34.74531401900476],[128.4807090973786,34.745600199958744],[128.48123662961657,34.74579012748812],[128.48160851761284,34.7463068418796],[128.48148512573198,34.74639029018523],[128.48104655838642,34.74584169702505],[128.48046080027996,34.74564864495531],[128.4800060461446,34.74574491179194],[128.47953693275034,34.74599819889812],[128.47836641805688,34.745926453070716],[128.47669901035613,34.74647680749545],[128.4758251453558,34.74639311914296],[128.47541437668355,34.7465558990664],[128.47520042006033,34.74654074294519],[128.4750357887858,34.746293627600075],[128.474536464838,34.7458985540733],[128.4739728212566,34.74571974130067],[128.47323220512303,34.74512282026829],[128.47292336868716,34.74496566267067],[128.47272432596924,34.744976398092106],[128.47235156241805,34.74466128211253],[128.47209831676616,34.74465473556412],[128.47203957664857,34.744558401241505],[128.4717309203651,34.74446103146015],[128.47083392354415,34.743840434508314],[128.4701710476029,34.743707473620255],[128.46939297228678,34.74340100772681],[128.46909799753757,34.743354372118084],[128.46906679933542,34.743291331983265],[128.4683325937619,34.74317980739292],[128.46746108814256,34.74248641154562],[128.46674334837334,34.74248615428248],[128.4667052318846,34.74238306998916],[128.46639466922716,34.74226167126096],[128.46627517319502,34.74211837665442],[128.4662167795471,34.741616009646144],[128.4659158505011,34.74117256070272],[128.46604533618776,34.74104771971515],[128.46601231183703,34.74092746717668],[128.4662265216808,34.74084687037934],[128.46621654558788,34.740753757676224],[128.46643594284683,34.740500873996794],[128.4663866281324,34.74041960127512],[128.4664835564117,34.740272105012544],[128.4663276589701,34.740134927184016],[128.46636761294906,34.73999790586651],[128.4668257594724,34.73987933516921],[128.46681006997676,34.73973541798464],[128.46668356007072,34.73969072665587],[128.46695642891254,34.73970552849348],[128.46701093551445,34.73963087371353],[128.46683207482923,34.739643636693785],[128.4668075470995,34.739448806329705],[128.4671616300137,34.73932991973671],[128.46729066300807,34.73944959254719],[128.46759726372335,34.73946236485056],[128.46795292934897,34.739681109031835],[128.4690545056107,34.73991981544548],[128.46935890071654,34.74008784391506],[128.46943877005725,34.74002430119403],[128.46980025144936,34.74003592861208],[128.47031299088817,34.739740217420525],[128.470641891829,34.73987144321389],[128.47082905008324,34.74008961819434],[128.47098331313464,34.73992542738977],[128.47106513106385,34.7401006101649],[128.47198470243447,34.74034893326298],[128.47273331281298,34.74018249408947],[128.47323341094688,34.740306189181915],[128.4733849122874,34.740175513361216],[128.47364875692958,34.74035358394208],[128.47365349026464,34.74011904946381],[128.47410091098683,34.740373339522726],[128.4743705365781,34.74035733921264],[128.47444991936987,34.740277693917704],[128.47465634453468,34.74036171158751],[128.47476121342083,34.740249624141505],[128.47498523332456,34.740319755256195],[128.47501655612916,34.74044118933819],[128.47527000988535,34.74047489217598],[128.47548189972528,34.7402889704185],[128.4754799863853,34.74016633965238],[128.47536911931786,34.74016634029623],[128.47541501345734,34.74009981953577],[128.4756079612093,34.7400842051551],[128.4759420073603,34.74021630050392],[128.47610367173303,34.74020968105983],[128.47617048265926,34.740160578942664],[128.47603889837634,34.73997989216718],[128.47626498133778,34.73990026924043],[128.4764903697916,34.740027641473546],[128.4766845735819,34.73971993835862],[128.47686185604067,34.73976829868573],[128.47690890799333,34.73988015771113],[128.47708445358683,34.73989526207428],[128.47694703920945,34.73981407918373],[128.47715664818227,34.7396800172731],[128.4771134055584,34.739539899820244],[128.47729628534262,34.73957510426335],[128.47728764933663,34.73965118994748],[128.47739850582315,34.73965795698319],[128.47775994013134,34.73991840523224],[128.4782936331765,34.739897073883],[128.4785554603058,34.74003247258536],[128.478643134403,34.73991162256367],[128.47895626567936,34.73980794558926],[128.47902068353423,34.739688387761504],[128.47921565638174,34.73980474033991],[128.47933144377262,34.73971936803519],[128.48008769793313,34.73971884008986],[128.4801203695962,34.73987266674351],[128.48036322915863,34.74000776060414],[128.48083136479607,34.739919074861824],[128.48100221430857,34.740016088122765],[128.48163856022137,34.73989492533151],[128.48235536532053,34.73944205142278],[128.48298874002387,34.73887819197985],[128.48339406805798,34.73818206373194],[128.48363229684432,34.73743394517692],[128.48351602718893,34.73708030613589],[128.4827807710034,34.736265584575115],[128.48252844913557,34.73612908746972],[128.48235747339635,34.73582170212236],[128.48191525115456,34.73578700293631],[128.48161350652205,34.73555198723603],[128.48161427023012,34.735303080118804],[128.48177767710507,34.73507422150264],[128.4820802103159,34.735062382761534],[128.48233998529992,34.73514026737488],[128.48272592427813,34.73483166366427],[128.48300410735658,34.734758622562616],[128.4839312259871,34.734989566359864],[128.48405074555237,34.73516183877108],[128.4837081918458,34.73533390967847],[128.48336802132064,34.73537976687403],[128.4834451687862,34.735483658835115],[128.48326355467125,34.7356178147742],[128.48417573534218,34.73647390218459],[128.48464253384785,34.73654800590105],[128.48502368433495,34.73677732204729],[128.48550631810826,34.73681063327174],[128.48627167747534,34.73673843711184],[128.48701525235342,34.736446157367425],[128.48702885290618,34.7363588068945],[128.48684200383602,34.73626335911536],[128.48718097374382,34.73618815133111],[128.48717704848914,34.73595996818167],[128.48758209213258,34.73574770089305],[128.48776193471448,34.73580009597774],[128.48765894996262,34.73558599423983],[128.4878129854437,34.73546502154728],[128.48771219164954,34.735229396566375],[128.48777089102114,34.735167524921266],[128.48802106717227,34.73516945254499],[128.48802762972025,34.73509824060823],[128.487769165854,34.734806939137584],[128.4878819404274,34.73472066614022],[128.4878768075044,34.73456407078749],[128.4881150398701,34.734350558517846],[128.4879795322931,34.73429359318637],[128.4878839147644,34.73398793534127],[128.48804356873828,34.73395641230596],[128.48835370146836,34.73348589494523],[128.48821768495583,34.73342057128707],[128.48830513481505,34.73314952207755],[128.48848114147373,34.733090003038456],[128.48887867076908,34.733193174753005],[128.48881997750115,34.733094630699426],[128.48906170236663,34.732969627918024],[128.48949873338427,34.733105736471984],[128.48964421624748,34.73321551222214],[128.48957119642824,34.7332926746294],[128.4900391252312,34.733468168694685],[128.4900596256694,34.733549532528194],[128.48997669754252,34.73359223290874],[128.49019702809505,34.73363475588397],[128.49041521057262,34.733823407827295],[128.4902236779963,34.734196625575706],[128.49045991988152,34.73415962805362],[128.49052867821604,34.73429873426899],[128.49035821690103,34.734377729251236],[128.4904182198738,34.734625721897515],[128.49029993592598,34.73490239486329],[128.4906524912388,34.73533060352842],[128.49147829490158,34.73563016562592],[128.49195171347387,34.73567221728805],[128.4926131457062,34.73561499043563],[128.49316129251008,34.735394542699176],[128.49341186985316,34.73500736608717],[128.49321313158507,34.73489395699741],[128.4932667052414,34.734680959376036],[128.49367415236478,34.734458430295426],[128.4936751404691,34.7343458892308],[128.49389582083722,34.734195357247195],[128.4934651828221,34.733810964617554],[128.4933730818486,34.73351912148985],[128.49354312717563,34.733369986895326],[128.4939997504035,34.733285115851366],[128.49393846001863,34.73315782653669],[128.4940019188048,34.732925824965264],[128.49386649005515,34.73300129447141],[128.49373856346747,34.7329294608773],[128.4939722104667,34.73276923480558],[128.49427283152122,34.73279615519904],[128.49425035895948,34.73268251343087],[128.49412162838402,34.732601811912595],[128.49414379479535,34.73237095612897],[128.49440945231456,34.73226121584195],[128.49492537212507,34.732357534477636],[128.49504142945528,34.73228988140318],[128.49490051431235,34.73220305646421],[128.4949719163101,34.73205219261915],[128.49538966162697,34.73215379736542],[128.49552852800832,34.7321087298626],[128.4956444721392,34.731866961875554],[128.49582215058808,34.73195458641145],[128.4960942868632,34.731790755691264],[128.4963647328582,34.73182636067051],[128.49649949477356,34.732045373706946],[128.4963545934391,34.732198394277724],[128.49640568519757,34.732328430429725],[128.49649346843015,34.732347532425074],[128.49658918256145,34.73225790129864],[128.49683510958374,34.732282647846034],[128.4967845802719,34.73239935822311],[128.4971749776723,34.7326811598174],[128.49716663860914,34.73289006102581],[128.4973141478223,34.73287740394968],[128.49755474473145,34.73302052200458],[128.4977944822847,34.73336759932799],[128.49823951542393,34.73362981497221],[128.49829158892305,34.73377531329539],[128.49815059784538,34.733850351597596],[128.4981587259643,34.73394685452447],[128.49833350868124,34.73395895435903],[128.49837798899227,34.73389067286424],[128.4985370902272,34.73393705326877],[128.49826079630037,34.73404116549288],[128.49864170375895,34.734155290177554],[128.49853500812907,34.73433329640398],[128.49868484213354,34.73435733814811],[128.49885201297684,34.734632263460355],[128.4986112358964,34.735006252260696],[128.49856307627041,34.735252309507146],[128.498826438919,34.73535081699246],[128.49893779649105,34.73565824568344],[128.49911887108155,34.73573919882508],[128.49911312931485,34.73606320231068],[128.49964827882812,34.73635270366801],[128.49966168155885,34.73659957070249],[128.4998182142036,34.736885261081135],[128.50012747911052,34.736941280535625],[128.50008869894776,34.73701205150996],[128.50018846497292,34.737172437156936],[128.50013519551933,34.737295103832665],[128.5003224673703,34.737316970371474],[128.50038705448677,34.73746946964686],[128.50052959563152,34.73751797079452],[128.50048245489347,34.73756654674366],[128.50059148186378,34.73764726796715],[128.500622661493,34.73788138702914],[128.50080679791506,34.73806307583229],[128.50076135339683,34.738177688191776],[128.5013536048786,34.73853117393872],[128.50174957543365,34.7385278148527],[128.50198361141506,34.73844524393563],[128.5023329394025,34.73823991480882],[128.50267566425438,34.73790814917724],[128.5027681674387,34.73753697317317],[128.5024537213018,34.73729449739204],[128.50248618530483,34.73721029313739],[128.50260787845122,34.73721986875292],[128.50257174140486,34.737106604506245],[128.50269747483577,34.736910018404735],[128.50252363256044,34.736736145999586],[128.5025813328951,34.73664195918142],[128.5030920441023,34.73660309225964],[128.50338517197872,34.73627390988822],[128.50337451169773,34.736126595687836],[128.50324083411402,34.73602674049727],[128.5034509029585,34.73598366902487],[128.5034193969712,34.73577166390048],[128.50381334265765,34.73499934995759],[128.50383891054463,34.734759401363576],[128.50371684064964,34.734687848416236],[128.50386599156735,34.734654244203604],[128.50379710047898,34.73445183152437],[128.5039365002838,34.734369298313275],[128.50353235310894,34.73435656901286],[128.5033898152083,34.7341922705214],[128.50372877013314,34.73423569247851],[128.50349862814912,34.73391118612541],[128.5035711881537,34.73381780698312],[128.50416963503088,34.73415883766511],[128.50407968877948,34.734086824542445],[128.50414984209954,34.734058287904816],[128.5041014524147,34.733903318851844],[128.50369968345757,34.73365347915836],[128.50364540495778,34.73353380634444],[128.50373602625774,34.73349190259074],[128.50381540401338,34.733178248141236],[128.50403063135158,34.73310876647556],[128.50414500035427,34.733148318746636],[128.50421460676685,34.73291247774503],[128.50447577579277,34.73292203229533],[128.50401269250045,34.73271164423256],[128.50411724772616,34.732480184361044],[128.50440309399244,34.73236587351799],[128.50440953712695,34.73228344058899],[128.50466933301894,34.73228836122958],[128.50467861818484,34.732451880088135],[128.50510282241353,34.73244053607015],[128.50502584563336,34.732630961196044],[128.505376985166,34.732581439078054],[128.50549856383776,34.73266812917146],[128.50564688476837,34.73257638039006],[128.50583821094415,34.732577908823906],[128.50603377400154,34.73273418472434],[128.50592557554467,34.73284097628843],[128.50603066745134,34.73287161942065],[128.50673304363062,34.732527742109625],[128.5067672763189,34.732588796949976],[128.50692887584438,34.73249365635079],[128.50719965893998,34.732557668809115],[128.50716960401132,34.73264372910913],[128.5069225924125,34.732719440427715],[128.50713200518518,34.7328103153606],[128.50690193462938,34.73315530951754],[128.50727930867674,34.7328766317598],[128.50734926290926,34.73287389987647],[128.50737599895922,34.73301273162713],[128.50784427963015,34.73300559158715],[128.50787377184665,34.732797843109374],[128.50810170725129,34.73265709325513],[128.50910540752642,34.732389452865824],[128.50935537818302,34.732738994009566],[128.5103280642338,34.73264147199673],[128.51037461708233,34.732705663532236],[128.51018754073698,34.73276006139887],[128.51019950448435,34.732849377242],[128.51064393252284,34.732828651187184],[128.511186302732,34.73300282461596],[128.5113732537258,34.73310104566246],[128.51141291871556,34.73324735899801],[128.5117220810625,34.73317340825514],[128.5117793214927,34.73308107943503],[128.51204901572123,34.73322169781441],[128.5121308001667,34.73349978298066],[128.51228970994615,34.733568787682806],[128.51222371701417,34.73368169490331],[128.51236243189308,34.733738332333246],[128.51262266070586,34.733744591272234],[128.51266664079603,34.733614796139975],[128.5128730139177,34.733527122329335],[128.5132158269678,34.73359644579276],[128.5133014039879,34.73387624973449],[128.51317916178644,34.7339615183706],[128.5132064918586,34.73403471649982],[128.51350545150723,34.73399933840964],[128.5137096230018,34.73419800090952],[128.51344877149918,34.73435342944853],[128.51395768437072,34.73432303001105],[128.51410333162224,34.73452607812089],[128.51409130566492,34.73471671096129],[128.51390156839008,34.73474264822038],[128.51406720045236,34.734781409061],[128.51409110268443,34.734886331448564],[128.51389681682141,34.735143529104064],[128.51429929382098,34.73627800780819],[128.51423934666948,34.73652474877441],[128.51398084389564,34.73677101033169],[128.51373590016877,34.73679157636519],[128.5131513931388,34.7366086459685],[128.512765425674,34.73663254003552],[128.51240136656784,34.7368227233984],[128.51221904365136,34.7370455837302],[128.5118837716745,34.73703432521767],[128.51099643651773,34.73730329341286],[128.5108637720732,34.73742035211298],[128.51068602709077,34.737420565726964],[128.51023858016487,34.73765413893589],[128.50999481363002,34.73780979896001],[128.50964936460497,34.73828062777878],[128.50896824324707,34.73882502574406],[128.50863328465257,34.73868129739789],[128.50828502755743,34.73875612138147],[128.50818407430492,34.73888521339683],[128.50812384140573,34.73873642277942],[128.5078967473084,34.738696035390795],[128.5075876254015,34.73881677170623],[128.50705032968054,34.739271933715806],[128.50712028176284,34.739359405959505],[128.5062699621737,34.74004702170589],[128.50583750780854,34.74015136552243],[128.5053628231492,34.740138819328955],[128.5036447222458,34.74229499098879],[128.5035216727405,34.74228110565273],[128.50350581950727,34.74216328051493],[128.50521836976188,34.73999581637293],[128.50526602441343,34.739861189142324],[128.50496797950834,34.73967502963865],[128.5048521016864,34.73978527681652],[128.5047586707536,34.73972419864027],[128.50501246146342,34.7394476132159],[128.50480175004927,34.739314385727425],[128.50457563044336,34.739567393884094],[128.50467426086982,34.73967351239783],[128.50383860273595,34.73916564471692],[128.50221911405566,34.74010722299074],[128.50177766428632,34.740695468069575],[128.50170955217314,34.74063752742326],[128.50211209444555,34.74007626340244],[128.5018624321729,34.739969364530914],[128.50163906233766,34.74006290998552],[128.50124775027905,34.74065717017716],[128.50289405537302,34.74183555854751],[128.5011599235161,34.740728544859664],[128.50092916098365,34.74091809970869],[128.50000000730296,34.74216603979224],[128.4999609920884,34.742527632624],[128.4991664802052,34.74373979263392],[128.49879210824545,34.74503145011703],[128.49793028916034,34.74694331392347],[128.49774083620804,34.74774621061436],[128.49757714980456,34.7477887761709],[128.4971907196184,34.74847506367866],[128.4966211990823,34.749085010912204],[128.49427086631826,34.75044399311694]]],[[[128.30411484062748,34.752006538647905],[128.30408208204156,34.75190670583488],[128.30437304230585,34.75194740364766],[128.30411484062748,34.752006538647905]]],[[[128.3044720981817,34.75204442861989],[128.30446043074784,34.75212260352679],[128.30432483385238,34.75206809844024],[128.3043855057279,34.752031761156104],[128.3044720981817,34.75204442861989]]],[[[128.28896667733986,34.75234982011494],[128.28889970355354,34.75234530520948],[128.28893580425498,34.75228298759075],[128.28896667733986,34.75234982011494]]],[[[128.543684496817,34.75121988418677],[128.54374115612183,34.75111686753092],[128.54384359997562,34.75114720091735],[128.543684496817,34.75121988418677]]],[[[128.54343916511192,34.75131813075195],[128.54338956564635,34.75131278920647],[128.54340177478844,34.751286844664286],[128.54343916511192,34.75131813075195]]],[[[128.54336667300512,34.75140206980664],[128.54335408197545,34.751424581130664],[128.54330638916562,34.751386426454786],[128.54336667300512,34.75140206980664]]],[[[128.54083753036744,34.75183368872866],[128.54080576737513,34.75181651899156],[128.5408366729635,34.75180192545726],[128.54083753036744,34.75183368872866]]],[[[128.30672421108142,34.75362234182191],[128.3066990882204,34.753620619091755],[128.3067167971812,34.75359956315676],[128.30672421108142,34.75362234182191]]],[[[128.54072807599192,34.752190596907624],[128.54069416704368,34.752192314152545],[128.54069030400103,34.75216741798305],[128.54072807599192,34.752190596907624]]],[[[128.54043834337634,34.75222536465257],[128.54045744405846,34.752218926317965],[128.54046259489226,34.75225991816559],[128.54043834337634,34.75222536465257]]],[[[128.54012558906487,34.75228750916289],[128.54010944004963,34.752275975130935],[128.54025246751908,34.75222637560929],[128.54012558906487,34.75228750916289]]],[[[128.54024089663739,34.752330313002425],[128.54022501528263,34.75230606052434],[128.5403291040254,34.75225541119852],[128.54024089663739,34.752330313002425]]],[[[128.54014431813434,34.752376025160316],[128.54010955116945,34.7523618611163],[128.54012714983952,34.752354563691476],[128.54014431813434,34.752376025160316]]],[[[128.53983956221984,34.75264644318416],[128.53980307780571,34.75257476163888],[128.5399108157452,34.7525378463913],[128.53992240531517,34.75258377524302],[128.53983956221984,34.75264644318416]]],[[[128.28355880844111,34.75486573219969],[128.28362703277242,34.75493627719327],[128.28346973710393,34.75506926958971],[128.2833692310107,34.754884520750004],[128.28355880844111,34.75486573219969]]],[[[128.53895920430128,34.75317268352636],[128.53893945808056,34.753095422384284],[128.53907938904715,34.7531220340815],[128.53905191797435,34.75316753346603],[128.53895920430128,34.75317268352636]]],[[[128.39166733519195,34.75438372534545],[128.3914362754939,34.754195555291716],[128.39164923486297,34.75407690396317],[128.39218648608374,34.75423830046902],[128.3922404007681,34.7544236462595],[128.39166733519195,34.75438372534545]]],[[[128.5388999690301,34.753416918023895],[128.5388239947972,34.753433657551895],[128.53883386636568,34.75337742811239],[128.5388999690301,34.753416918023895]]],[[[128.28619455771303,34.75565782360568],[128.28610477582438,34.755640302409546],[128.28604381054922,34.755556997290114],[128.28619455771303,34.75565782360568]]],[[[128.28605575177247,34.755605561531276],[128.28605870499348,34.75570850884979],[128.28589388725885,34.75548750400342],[128.28605575177247,34.755605561531276]]],[[[128.28598384868693,34.75564240859709],[128.28595558042537,34.75570829801173],[128.2857295462268,34.75575467023315],[128.285176770056,34.75562996544753],[128.28475276928197,34.75571076597228],[128.28446246134925,34.75568356141154],[128.28355507203378,34.75538032950611],[128.28350828435813,34.755121165308076],[128.283575327342,34.755033677085486],[128.28377439711002,34.75500143791948],[128.28438424289072,34.755131928759546],[128.28451402876843,34.7552554666312],[128.28495788603198,34.7551770539303],[128.28545963716888,34.755200356987736],[128.28580393350356,34.755345713446275],[128.28583821885857,34.75550518590253],[128.28598384868693,34.75564240859709]]],[[[128.28712945162928,34.75547025250989],[128.28692496576406,34.75574245549244],[128.28671827973196,34.75579412402749],[128.28655966878202,34.755747388365336],[128.28665549684717,34.75562039621374],[128.28712945162928,34.75547025250989]]],[[[128.28622204649383,34.755856212481056],[128.2862018151363,34.75568852734192],[128.2864429991612,34.75567422635033],[128.2864738883986,34.755829486825085],[128.28622204649383,34.755856212481056]]],[[[128.53818572392444,34.754222374984494],[128.53817542160277,34.75415283946963],[128.53826813758135,34.754173442438855],[128.5382732879562,34.754204347645135],[128.53818572392444,34.754222374984494]]],[[[128.53826105446012,34.754270664973525],[128.53816254499267,34.754255856307246],[128.53817027092774,34.75423782800578],[128.53826105446012,34.754270664973525]]],[[[128.40719846407288,34.755276191232205],[128.40678471673212,34.7555089806886],[128.40657044767255,34.755509428234454],[128.40564504315267,34.75490379899266],[128.4054676810321,34.754367025776915],[128.40553139564258,34.753940026712],[128.4052173333544,34.753686838186574],[128.40485079506897,34.75365967423522],[128.40465662591737,34.75349510639343],[128.40435020414503,34.75355601190361],[128.40430385277062,34.75345813127706],[128.40452830083154,34.7534163529866],[128.40447803434475,34.75326052406011],[128.40411990811842,34.752876763160195],[128.40417544475605,34.75258280065464],[128.40459828032678,34.752394376786434],[128.40513690840888,34.75249327649391],[128.4052679284888,34.75233971890534],[128.4053897238987,34.75237145732845],[128.40520783793096,34.752576727501335],[128.40565897462315,34.75268242420862],[128.40594534739162,34.75251408867827],[128.40592326257018,34.752245563875114],[128.40599608061243,34.75223488745038],[128.4060356101347,34.75243197726268],[128.40675486827448,34.75237977444397],[128.40732189413015,34.75247490013999],[128.40779040448984,34.752676554406044],[128.40859854499786,34.752606972392584],[128.4088149745569,34.75270848128369],[128.40902408633897,34.75310366203728],[128.4089951391123,34.75319637418794],[128.409389845418,34.75358246600732],[128.4093494937108,34.75385809853467],[128.40910123673336,34.75394363195781],[128.40908038026026,34.754045263246724],[128.4094484860693,34.75434955269671],[128.4094588733452,34.75495632123517],[128.40893084676335,34.75526485375072],[128.4084665486989,34.755268531452785],[128.40780116346784,34.75538849557867],[128.40719846407288,34.755276191232205]]],[[[128.52609186022542,34.75483834954706],[128.52606481771537,34.754846076210924],[128.52604936622146,34.75481839076301],[128.52609186022542,34.75483834954706]]],[[[128.53678406110566,34.754859787268785],[128.5367142031942,34.754884898262524],[128.53666816724322,34.75476707270394],[128.53678406110566,34.754859787268785]]],[[[128.40028050035696,34.75591210481149],[128.39982054274947,34.75597526846518],[128.39966123946294,34.755891717074604],[128.39889876160362,34.755880326965375],[128.39873202669048,34.75582098866278],[128.3988422549713,34.75568592920391],[128.39881798970973,34.755544167926665],[128.39864158601682,34.75531943042037],[128.3986562046182,34.75509968177809],[128.39857067445885,34.75493782187449],[128.3984210410939,34.75485897128149],[128.3984482577944,34.75435983780527],[128.39862734054654,34.75409006157115],[128.39857165437382,34.753772333575355],[128.3983456949093,34.75352885691894],[128.3979601112053,34.75338608768022],[128.39777818749496,34.75315732805051],[128.39729990156567,34.75298599032435],[128.39667519287798,34.75288809738703],[128.39637115076366,34.75326876087128],[128.39627607545867,34.75322303993237],[128.39657774469467,34.75280294113981],[128.3963030850128,34.75251691155946],[128.3957368599238,34.752472596722306],[128.39558258217147,34.75255408751487],[128.3952923912309,34.75294926462339],[128.39503817817953,34.75310401475132],[128.39499103903984,34.753278294632025],[128.3944393510876,34.753681305024124],[128.39446166404034,34.75386850777379],[128.39429669797968,34.75395098441647],[128.39419928376518,34.754225012378534],[128.39382305854,34.75448630580204],[128.39371263668053,34.75500922123182],[128.39351305108622,34.75498202316539],[128.393095033438,34.754703483927926],[128.39272889232794,34.75457322228678],[128.3923275231955,34.754292110972514],[128.39225037924325,34.75409954114543],[128.39254554205968,34.753955135402755],[128.3926823840135,34.75370646251585],[128.39296320094658,34.753567681401584],[128.39299769797177,34.75347203492665],[128.39284190005517,34.753297409792225],[128.3929985406813,34.75309240431766],[128.39381871491793,34.75246871959827],[128.39359829430765,34.752186468863876],[128.39365323889388,34.75193259401317],[128.39385270461722,34.75182899237821],[128.39413326178996,34.751888963510055],[128.3941167120703,34.75176905140999],[128.39433001405297,34.7517038860652],[128.39434132760312,34.7515622483741],[128.39455929458612,34.751438072620935],[128.39487093283248,34.75141899154068],[128.39524391071515,34.75129804067707],[128.39532983720488,34.75120432749505],[128.39580270555365,34.7512206024997],[128.39587699395764,34.751299599567574],[128.39627562313362,34.75103927744186],[128.39633665610688,34.75082523433935],[128.39657991925455,34.750694536759944],[128.39778450775526,34.75068980892901],[128.3992764017802,34.75100017883989],[128.40001593492494,34.750679705251976],[128.40029694787594,34.75081586682722],[128.40041228287743,34.75138183546148],[128.40060411340679,34.75148408020613],[128.40110536551023,34.75129886132725],[128.40115576338428,34.75135715569458],[128.40072530920793,34.751533821113775],[128.40063243278095,34.75181977586324],[128.40061889059868,34.752057749165495],[128.40076304544007,34.75206127007489],[128.40095428401995,34.752383647271614],[128.40088789392922,34.75239977916566],[128.400772175494,34.75220552448461],[128.40062205405903,34.75218197945688],[128.4005586715123,34.75242793836147],[128.4007317549511,34.75272764150316],[128.40095069830883,34.75254741384082],[128.400760598076,34.75275328919433],[128.4011918463872,34.75329186197459],[128.40129156237668,34.75323773815801],[128.40141525040997,34.753402130742685],[128.40130178065385,34.75345368911121],[128.40139552588258,34.75389421815176],[128.40149670943936,34.75389163585568],[128.4015278569984,34.7541692597045],[128.40132013182404,34.75500488915994],[128.40144792928064,34.75531642619898],[128.40140644874816,34.755557944514216],[128.40094223127738,34.7557397481271],[128.40054161125184,34.75575137918315],[128.40028050035696,34.75591210481149]]],[[[128.53625964400368,34.754981797122156],[128.53611896294453,34.75498051003336],[128.5361131674767,34.75496183856253],[128.5362174719373,34.75493061141142],[128.53625964400368,34.754981797122156]]],[[[128.5358411403398,34.755018497469585],[128.53580991358282,34.755020750520806],[128.535812810733,34.754996928357414],[128.5358411403398,34.755018497469585]]],[[[128.53491701283153,34.75504397798279],[128.53486933659306,34.75504090252011],[128.53489907042524,34.75499578880882],[128.53491701283153,34.75504397798279]]],[[[128.42474395003373,34.75558549426594],[128.42466962373757,34.75581755224936],[128.42425831858458,34.75595387623864],[128.42391444152662,34.755836689022864],[128.42366830802058,34.755592947874526],[128.4232787689509,34.755632023117634],[128.4230577130789,34.7558001709283],[128.42269995799592,34.75572372865173],[128.42223908789322,34.75551601384523],[128.4221063210044,34.7552285736759],[128.42146703947668,34.75486700124603],[128.4214793689611,34.75445668412408],[128.4219144698679,34.75414913749524],[128.4224089758797,34.75321440511553],[128.42219613571015,34.752411956699746],[128.42163549240678,34.751804541263176],[128.42186283952887,34.751176910089825],[128.42184375529192,34.750807040906125],[128.42161161698374,34.750328021791816],[128.421690573843,34.750271568620136],[128.42160356257466,34.7497924022384],[128.42180456907923,34.74903400160912],[128.42164213027232,34.74872706858836],[128.42141749065703,34.74868286002444],[128.42155737494753,34.748607878646595],[128.42112183572502,34.74815005899329],[128.42080868651965,34.74821987923667],[128.4206213380283,34.747843347422226],[128.42069266640826,34.747733120453766],[128.420473635892,34.74754862721302],[128.4202804130801,34.747501263712785],[128.4203620281645,34.747394268581544],[128.42027042531967,34.74729272150095],[128.41962391874165,34.74683845343675],[128.41954080801312,34.74652585595571],[128.41888978378267,34.74653763314869],[128.4188181961912,34.74614838948108],[128.41855408373962,34.74566525606682],[128.4185408520112,34.74534680773291],[128.41836747636458,34.745210210231384],[128.41816166101975,34.745292570754884],[128.4180356954761,34.74522543623487],[128.41802184729417,34.74506830943602],[128.4181383341454,34.745018712005695],[128.41796483660158,34.745028771309265],[128.41798845656047,34.745217296124665],[128.41805765459029,34.74527864295023],[128.4179852225277,34.745368536175214],[128.4180349554545,34.74564868751926],[128.41827460583843,34.74582907657674],[128.41815871262548,34.74591079418746],[128.4182608868823,34.74632017708173],[128.4182447980124,34.74656674328856],[128.4181585706081,34.74658517035077],[128.4182377189182,34.74674315013285],[128.41811204550223,34.7468660148372],[128.41797653181777,34.74664190057132],[128.4176934309116,34.74656962439999],[128.41728211288716,34.74670123668488],[128.4170745891058,34.74688466186063],[128.41668002657903,34.74695166695569],[128.4165450253565,34.74720014155396],[128.41653031153686,34.74745387054268],[128.41661315859164,34.747686477766784],[128.4167667976383,34.74770254629611],[128.41663272002467,34.74774813765163],[128.41680749141284,34.7482054726429],[128.4167581525147,34.748359204943526],[128.41656858489762,34.748516602389955],[128.41444235672438,34.748640544485816],[128.4133693431148,34.74862480657454],[128.41316727120605,34.74848789214115],[128.41298320481104,34.747988871757876],[128.41306051576944,34.747678186936845],[128.41295237766394,34.74749300453382],[128.41273870414437,34.74737418769106],[128.41235959317956,34.74735576459953],[128.41202717245508,34.74719491770389],[128.41168445891265,34.74725520704429],[128.41113021910442,34.74748074608499],[128.4109190552391,34.74736410208868],[128.41056100699635,34.74744756051085],[128.4104365441596,34.74755206239818],[128.41028866465115,34.74752172595945],[128.41006529416183,34.7475952804669],[128.4098895853654,34.74814584505862],[128.40991856406515,34.748484474995074],[128.40982275036845,34.74861486218833],[128.40970642027094,34.74869451911016],[128.40944429608268,34.74863149929017],[128.40817592592583,34.749374951911605],[128.40809890126476,34.749226931058644],[128.40862298502958,34.74898242363785],[128.40929616014233,34.74853514799198],[128.40898158440794,34.748048462249876],[128.4084239533164,34.74752043432657],[128.407480076942,34.748157438299856],[128.4074132999074,34.74833134532343],[128.40748470898802,34.74873223248328],[128.4073902061933,34.74875271187772],[128.40722993641097,34.74827366455965],[128.4069537030817,34.74824366434088],[128.40644321656086,34.74837732500984],[128.4069295275162,34.74818660453327],[128.40674018121342,34.748008277569646],[128.40626724416651,34.748228519978355],[128.40638275204392,34.74830795590513],[128.40623928181233,34.74831241872013],[128.40621036376166,34.74843675145074],[128.40589056672832,34.7484142084778],[128.40591524822668,34.74824892136907],[128.40568452828438,34.748218610337936],[128.40530114563012,34.74840876542695],[128.40490208892035,34.748899063311214],[128.40503952861278,34.74899495032054],[128.4048644983884,34.748935728816264],[128.40435648134118,34.75000039270833],[128.40441728362407,34.75122315715814],[128.40423609964506,34.7514827028317],[128.40400207491223,34.75156436082974],[128.403738994867,34.751456775432146],[128.40345091018062,34.75120477440787],[128.40307312197453,34.7504617669274],[128.40276167859855,34.74907498620946],[128.40249689888267,34.748684137385624],[128.4023532618813,34.74857129736117],[128.40214680738356,34.74855563708116],[128.40199714747024,34.74858009630795],[128.40182010125312,34.74879183176574],[128.40181719383642,34.74863923706232],[128.4017396788953,34.74861929553972],[128.40171661098364,34.748686345855546],[128.40151065431454,34.7484776322578],[128.4011962582298,34.748419667930115],[128.401026907419,34.74848649485781],[128.4008544016132,34.748404952396626],[128.3998763085679,34.74756305289918],[128.39961117625654,34.74704447555472],[128.39925862802542,34.746709424606756],[128.39922142458067,34.746478838793664],[128.39940904259618,34.74626471777898],[128.39960183370343,34.74622684172865],[128.39980692988516,34.7460131590893],[128.40000763257834,34.74601664819574],[128.40031963025862,34.746173649267334],[128.40050174191188,34.746140099759494],[128.40090058072886,34.746244880189316],[128.40109387833002,34.74620663373119],[128.40169653924457,34.746360515323666],[128.40189497624624,34.74627166794405],[128.40301367379126,34.74619628280815],[128.40344267629428,34.7459940179111],[128.40376340021922,34.7453555563564],[128.40383836371058,34.744675354062245],[128.40368814515196,34.74472687264414],[128.40361566831191,34.74464923116646],[128.40385535484995,34.744610004024196],[128.40383189478484,34.74413482187571],[128.4035195716089,34.7440852657702],[128.40327489417936,34.74393393424104],[128.4029273047935,34.74363586540362],[128.40273233176504,34.743566973067026],[128.40269084694765,34.743419054802835],[128.40247791267726,34.74332712940924],[128.4024670255179,34.743241540916394],[128.40284530242886,34.74310538115028],[128.40306550711549,34.74281751188575],[128.40354254959013,34.74256327287527],[128.40362305313494,34.742155205064584],[128.40430774080914,34.741884336982174],[128.40457970812642,34.74190402309257],[128.40468562482693,34.742008988231035],[128.4044736139083,34.7420790196546],[128.40461631403167,34.7422532125853],[128.40454724110006,34.74227205535454],[128.40449788871,34.742519347011566],[128.40524132770796,34.74248465732049],[128.40537131226594,34.74262590760852],[128.40530676562005,34.742725809069334],[128.405739566326,34.7426062509208],[128.40603578007475,34.74279591314847],[128.4059808036591,34.74284198187017],[128.40603592858736,34.74289696131095],[128.4056303916254,34.742948876454264],[128.40587566515038,34.743219939410785],[128.40561502642402,34.74359377627745],[128.40565274941508,34.74375596810187],[128.40577980230023,34.74384106115317],[128.40651022196198,34.743851265333234],[128.40658675707408,34.743642546429015],[128.40688785016425,34.74363362726444],[128.40705148903444,34.74373766717013],[128.40679949680055,34.74381595198234],[128.40682493609012,34.74396069058348],[128.40706148869003,34.74408241082481],[128.40801416643222,34.74412781537941],[128.4080223184655,34.74422447906884],[128.40821610598834,34.744338729348605],[128.4085589872371,34.744363353899296],[128.40848407610318,34.7444173734279],[128.40855105854118,34.7446821418978],[128.40865857264924,34.74470005270159],[128.40882300368898,34.74455375977785],[128.4091749956732,34.74460199974907],[128.4092953042859,34.74466784666037],[128.409161003645,34.744726323673504],[128.40921335765864,34.74482721106455],[128.4088889028807,34.74477367987669],[128.40918610819583,34.74502854263297],[128.40946352038816,34.74506973051664],[128.40952865983635,34.745171011925954],[128.40981926667956,34.74521334485179],[128.4101039336379,34.745383015853925],[128.41016229310713,34.74549404130315],[128.40984467824745,34.74558337682943],[128.40990597919895,34.7457102150089],[128.41038368826827,34.7456573646176],[128.41071608056785,34.745751481131805],[128.41096846807565,34.7459572735629],[128.410917225762,34.746278126819284],[128.41109768044188,34.7464030766134],[128.41123011913965,34.746331514506366],[128.41140275336264,34.7463915113035],[128.41123085439062,34.746077958208744],[128.41128475593794,34.74596632685237],[128.41191599610204,34.74596398766361],[128.41230388744935,34.74619455685143],[128.41233648163532,34.74634295212933],[128.4127743748534,34.74645645262079],[128.41289034854455,34.74673348377314],[128.41318017220098,34.746435412529166],[128.41400554928086,34.74673096032712],[128.41435882587183,34.74667905702816],[128.4148954614535,34.74702743157918],[128.41520987847176,34.74702464882775],[128.4152671285076,34.74697872121406],[128.41515800443702,34.746902994318035],[128.41534100407267,34.746969172894346],[128.41526705942752,34.746879367896796],[128.41581754434347,34.74658326630115],[128.41557239899686,34.74630677638382],[128.41558203608923,34.746209405153635],[128.41591359544654,34.746247138612176],[128.41617915990463,34.74639264060416],[128.4163452131306,34.746033884243126],[128.41586941571973,34.745976196474004],[128.41587257901298,34.74581295301543],[128.41613179918545,34.74567617128232],[128.41655561848995,34.745659502122706],[128.41666132950346,34.74531982401016],[128.41612764961536,34.745079796235274],[128.41588372927015,34.744816183519205],[128.41616872377503,34.74468615217952],[128.41647613350173,34.74441006957944],[128.41725076777072,34.74428649906878],[128.41770075285024,34.74440481614924],[128.41794484919174,34.74457402329594],[128.41821163168453,34.74448276408573],[128.41841419966244,34.744551342478005],[128.41889068715838,34.74449683585783],[128.42000660824752,34.744778044584],[128.4206563821683,34.74511435019399],[128.42106636644712,34.74521482673609],[128.4212661573728,34.74538309526565],[128.42141900101774,34.74539848135703],[128.421217264548,34.745463060884575],[128.4212150965196,34.74552598001735],[128.42187556371476,34.74560265278055],[128.4219589285158,34.74585443694179],[128.42222160847822,34.74593106085103],[128.4222313514486,34.74617996577099],[128.42203629486795,34.746356092783756],[128.4222760559566,34.74648434880686],[128.4220158128522,34.74674377177055],[128.42199825877537,34.74689523657459],[128.42188312560026,34.7469101591219],[128.4221507692073,34.74699911834988],[128.422150589157,34.74716771001567],[128.4217631685641,34.74740824538723],[128.42179458741214,34.7476674788736],[128.4220800305028,34.7480174790658],[128.42254719233264,34.74825407884129],[128.42274777724916,34.748261473707785],[128.42290171199923,34.748126955138126],[128.42326395339782,34.74814424958938],[128.42334114964964,34.748286219503605],[128.4232481083354,34.74844233263823],[128.42330976498673,34.74855620041748],[128.42306427681268,34.74864345174773],[128.42307211504956,34.74879708673069],[128.42338916129967,34.749115765682646],[128.4237758256991,34.74922059735256],[128.4241693790939,34.749527148837444],[128.42392138103605,34.7497723769296],[128.42400459282675,34.74983996669536],[128.42395449548187,34.75009202422617],[128.42416129043127,34.75021808906821],[128.42409258935882,34.75041575059967],[128.42361849577114,34.750545019266156],[128.42327947494405,34.7508004154898],[128.4233225091524,34.75095814886058],[128.42320773208448,34.751108632148714],[128.42327149660053,34.751620405424994],[128.423797113975,34.75169255745645],[128.4240648617804,34.75211393146821],[128.42430286777204,34.75222447014104],[128.4242889566894,34.752299595953794],[128.42416930844936,34.75229420001297],[128.42456304718436,34.75252475714633],[128.42449142771162,34.752614835523936],[128.4245427334676,34.75277833894437],[128.42421824661568,34.75307603800076],[128.4242288943236,34.753146026847254],[128.42472565281767,34.75311734849392],[128.42485031580975,34.753323022678444],[128.4245801226082,34.75340126429046],[128.42457882302418,34.753455322611146],[128.42513747310196,34.75345485964435],[128.42481944812482,34.75353372488066],[128.4251519371402,34.75364007430807],[128.425160171324,34.75377864694418],[128.42539458864155,34.7538966887906],[128.4254646691527,34.75411353754694],[128.425689918424,34.754106014581936],[128.42601276723818,34.75423393507122],[128.4262306815116,34.75455371249812],[128.42612460343068,34.75466637646411],[128.42551600169068,34.75469141285791],[128.42571946572943,34.7547925652752],[128.4257857884082,34.75492220092439],[128.42560143935182,34.75486263761032],[128.42538626931025,34.75500560979925],[128.4251324878121,34.75499634039927],[128.4250852345845,34.75548952864272],[128.42474395003373,34.75558549426594]]],[[[128.53405291478236,34.755194984448536],[128.53409059332256,34.7552826479362],[128.53407982838021,34.75531648204562],[128.53396371376581,34.755194215312194],[128.53405291478236,34.755194984448536]]],[[[128.5341780743091,34.755164651377044],[128.5342289379661,34.75524126937456],[128.53415489639508,34.7553178878209],[128.5340840719622,34.75517881605901],[128.5341780743091,34.755164651377044]]],[[[128.53286590701532,34.7555451668578],[128.53287942745328,34.755615346434],[128.53279379464286,34.75564303178786],[128.5327699719573,34.755604400900786],[128.53286590701532,34.7555451668578]]],[[[128.52932109444384,34.75572026368234],[128.52939191783696,34.75577499144573],[128.5292026263575,34.7558097589854],[128.5291884615731,34.75575696344596],[128.52932109444384,34.75572026368234]]],[[[128.52952245871907,34.755866740616234],[128.52949541640933,34.75586770597327],[128.5294946123559,34.75584227409302],[128.52952245871907,34.755866740616234]]],[[[128.5221727800895,34.75598070220419],[128.5221569658071,34.75598359966453],[128.52215068809383,34.75595897201991],[128.5221727800895,34.75598070220419]]],[[[128.4843693281231,34.75805462373564],[128.48435635502037,34.75800578614737],[128.48447997587434,34.75801646954074],[128.4843693281231,34.75805462373564]]],[[[128.51718457977768,34.758031421497606],[128.51714650273732,34.75802448697526],[128.51714994399754,34.758011979186705],[128.51718457977768,34.758031421497606]]],[[[128.5170659514972,34.758061534738545],[128.51704049125334,34.758075668314866],[128.51703030321758,34.758054236333145],[128.5170659514972,34.758061534738545]]],[[[128.50566899120756,34.758183757981776],[128.50562504786072,34.75820548924424],[128.50558979655827,34.7581712035055],[128.50566899120756,34.758183757981776]]],[[[128.48399827990417,34.75841975804188],[128.4838945005013,34.75835871164548],[128.48412876619972,34.758364053912935],[128.48399827990417,34.75841975804188]]],[[[128.50858515249746,34.75823108212215],[128.50853203486616,34.75824073959923],[128.50853638087438,34.75821321523981],[128.50858515249746,34.75823108212215]]],[[[128.50907866420468,34.758379327930314],[128.50910618813828,34.75831413914169],[128.50915689173405,34.75834359415384],[128.50907866420468,34.758379327930314]]],[[[128.51695327228683,34.758432280772055],[128.51694019937366,34.758471497986065],[128.51689559883485,34.75843458756002],[128.51695327228683,34.758432280772055]]],[[[128.47468294958801,34.75905464303987],[128.47473483925896,34.758955824132315],[128.47481229165535,34.75901725237773],[128.47468294958801,34.75905464303987]]],[[[128.50731168117625,34.75874221105664],[128.5074196254081,34.75882590664562],[128.50729750585091,34.758903341384574],[128.50722771057505,34.758818680866405],[128.50731168117625,34.75874221105664]]],[[[128.49305358901907,34.75906265545865],[128.49301543465882,34.759051971816916],[128.49302726218164,34.75904128901978],[128.49305358901907,34.75906265545865]]],[[[128.50731173006682,34.75916425222874],[128.5073187176763,34.75911507353723],[128.50741895038723,34.75914621602397],[128.50731173006682,34.75916425222874]]],[[[128.4727428121947,34.76070162967322],[128.472721446435,34.76069425285552],[128.47272424422746,34.760681917327645],[128.4727428121947,34.76070162967322]]],[[[128.2265501904359,34.76228264816053],[128.22643148024176,34.76240844956646],[128.22634196873858,34.76244494551858],[128.22639494295532,34.76235357489292],[128.2265501904359,34.76228264816053]]],[[[128.46873141458994,34.76083694954156],[128.46872454621132,34.760822451099735],[128.46881153784702,34.760811004857615],[128.46873141458994,34.76083694954156]]],[[[128.46906335474594,34.76085068445998],[128.46902062180897,34.76088578641941],[128.4690099396494,34.76078887549409],[128.46906335474594,34.76085068445998]]],[[[128.4678189063388,34.761042122584584],[128.4675563154833,34.761046045527806],[128.46745314936922,34.76097679694985],[128.4675473894069,34.76091688621009],[128.4678114038576,34.760929277873245],[128.4678726353634,34.760964159866404],[128.4678189063388,34.761042122584584]]],[[[128.47183258205226,34.761016274187796],[128.4717974804394,34.76106892706288],[128.47168454347073,34.76100330209926],[128.4717333816704,34.760978883827434],[128.47183258205226,34.761016274187796]]],[[[128.47173948581155,34.76109334539828],[128.47164867932125,34.76107350515294],[128.4716608884214,34.76104374518259],[128.47173948581155,34.76109334539828]]],[[[128.46777613268742,34.76116769543491],[128.4677635981778,34.76123757216411],[128.4676844217517,34.761174867257225],[128.46777613268742,34.76116769543491]]],[[[128.2272554005945,34.763145293974226],[128.22724224971907,34.76314763502352],[128.22723780486072,34.76313233807071],[128.2272554005945,34.763145293974226]]],[[[128.2263865732098,34.762920676516195],[128.22612885568,34.76328111717246],[128.22597362117136,34.763394841429964],[128.22579550125047,34.763396530954545],[128.22572808721893,34.76316484119537],[128.2258220940382,34.76292423666747],[128.22635669238105,34.76266383328645],[128.22644256468794,34.762702588753655],[128.2263865732098,34.762920676516195]]],[[[128.29483140781346,34.76288844181927],[128.2945829296616,34.76302661816403],[128.29407015533175,34.76308048122149],[128.29271474431863,34.76264564478225],[128.29249047447706,34.762526615713625],[128.29241137649953,34.76236532337573],[128.29207051966807,34.76223519151722],[128.29203535917966,34.762111621811485],[128.29233198829758,34.76192546543772],[128.292179846091,34.761556712088584],[128.2919603997198,34.76131937447967],[128.2916654438377,34.76140677032156],[128.2915676505459,34.761305776276956],[128.2911657848505,34.76132671442831],[128.2907815655201,34.76119742604391],[128.29090203090817,34.76102967209059],[128.28997409965766,34.76097329495956],[128.28952023681646,34.76064172306158],[128.28923907963213,34.760666170716135],[128.28872815097694,34.76051211531046],[128.28852738858066,34.7605626421343],[128.2878020394562,34.760123775712074],[128.2874745758364,34.76009266359956],[128.28721380605919,34.759845282010154],[128.2873742825588,34.75970429191835],[128.2870367741587,34.759700730706555],[128.28694406320284,34.759625574825996],[128.28702720201994,34.75932958814173],[128.2863369718295,34.759119497810666],[128.286264094158,34.75904002197857],[128.28652199768882,34.75871441887624],[128.28686201391605,34.7586546273188],[128.2871480085338,34.75867621079845],[128.28776361556493,34.758994921722945],[128.28798632639183,34.75896193834968],[128.28804236232875,34.75880991219057],[128.28768639863227,34.75846583254038],[128.2872219098596,34.75749075949646],[128.2873260421662,34.7574710917639],[128.2876023202299,34.757968066642974],[128.28810119126248,34.75800539861958],[128.2883138410768,34.75765737856146],[128.28837756132924,34.757679866860585],[128.2881897061379,34.75804323212393],[128.2885765170375,34.75811459811254],[128.2886524373199,34.75774162865896],[128.2889626099064,34.75780546420713],[128.28904611876922,34.75752967202153],[128.28843667140683,34.75737427961105],[128.28845568907545,34.757287801273954],[128.28903628590334,34.75741742457677],[128.28918922733197,34.75709554927925],[128.28885825333714,34.756333429126016],[128.28818805158497,34.75637009506945],[128.28797229153002,34.756317882420916],[128.28784212911094,34.75622190552502],[128.28805449914452,34.75595461144177],[128.28792870623346,34.7556245471257],[128.28772481865,34.755458251594625],[128.2871643807231,34.75546345656438],[128.28793184412206,34.75504313135421],[128.28748696837837,34.754855184362285],[128.28726609664633,34.754661893039845],[128.28762132464712,34.7543217388214],[128.28726931732334,34.754031371795506],[128.28723715915305,34.75377759711145],[128.2871006812471,34.75373241341398],[128.28709855102537,34.75359795631145],[128.28728271821402,34.75346216954874],[128.28775733786955,34.75335284771178],[128.28783004396317,34.75325623899564],[128.28796399414105,34.753287711788836],[128.2883445043308,34.753186593850465],[128.28873252722198,34.75321337637253],[128.28883897972764,34.75312119700128],[128.28912617643962,34.752594522715754],[128.28904598081908,34.75235596751707],[128.28929244934537,34.752221924700024],[128.28943866372273,34.751869980330945],[128.28944044851818,34.7516889990934],[128.28927398618092,34.751498470492905],[128.28942009333798,34.751171314137494],[128.2891755677817,34.75114484377751],[128.28917851568738,34.75104219549695],[128.289755198226,34.75089609205409],[128.2899969709066,34.750963267917825],[128.29029586829589,34.75087665500294],[128.29058458105445,34.750685088667964],[128.29061202658704,34.750542827908],[128.29074899709178,34.75053138898907],[128.2912750802363,34.75019659633852],[128.29140335192199,34.75006346962282],[128.29137707373482,34.749984353946104],[128.29153967844715,34.74996287338289],[128.2914554343677,34.749582454597565],[128.29163151320162,34.749450812307224],[128.29137769120072,34.749236017447735],[128.29133080936518,34.74903854915646],[128.29175886377408,34.74874717225271],[128.29210081494307,34.748661859396044],[128.29206354587117,34.748469553598866],[128.29214421869594,34.74826831800934],[128.2923082205375,34.74794482638643],[128.29248936572753,34.74777862093889],[128.29276813472146,34.747761132286975],[128.2929847959551,34.74783342539832],[128.29346107264715,34.74838578195381],[128.29434231844493,34.748279951626664],[128.29412463934605,34.748430853659386],[128.29460239574374,34.74832688184133],[128.29500146709572,34.748593115366745],[128.2951652039125,34.74866050636905],[128.29534398331114,34.748633838273975],[128.29561673440594,34.748774206813394],[128.29636703200893,34.74887884727017],[128.29707192009354,34.74883529354239],[128.2972277479687,34.74855225279267],[128.29771717171772,34.74822552129635],[128.29756563315053,34.74813648666911],[128.29766466747324,34.747970648116755],[128.29864379729412,34.74731506591476],[128.29939399614318,34.74703252268908],[128.3002438759697,34.74692019804235],[128.3007880834511,34.746738594446555],[128.30121155884032,34.746686726824514],[128.30152705665964,34.746435029025136],[128.3013896415685,34.746250038359435],[128.301512465515,34.74620826893304],[128.30168380369759,34.745960934353995],[128.30193409294236,34.745911043713306],[128.30201024575467,34.74574944536525],[128.30220617211089,34.74571390823886],[128.30222993097902,34.745793565688864],[128.30248823148457,34.74570504063883],[128.30289304184674,34.74570980110715],[128.30299276494455,34.745833611353824],[128.30270926382522,34.74591324098454],[128.30200688365585,34.74634287716927],[128.30173558162994,34.74656428220739],[128.30168206242897,34.746720888075814],[128.30144488990302,34.74679925393951],[128.3007560046247,34.747299449903544],[128.30049749791053,34.74739301254436],[128.30016378071383,34.7476398650643],[128.29968389726147,34.74773282255381],[128.29945346635995,34.74793083506],[128.2990163940999,34.748085951504244],[128.29866517103275,34.74852027783225],[128.297557660205,34.74884918432788],[128.29744202818645,34.749406116991295],[128.2974741550729,34.74994455645513],[128.29754548404233,34.750016208622974],[128.2984151680925,34.75005439073212],[128.29848751848255,34.7500001693263],[128.29848513647113,34.749763122880466],[128.29861583634693,34.74973609431857],[128.29869100560595,34.74978769996497],[128.29870051309138,34.750106850928915],[128.29883545686425,34.750191249734634],[128.2989454467172,34.750215764553424],[128.29926785013367,34.75008499259715],[128.2995071573361,34.750119249137924],[128.29962457130677,34.750213961848296],[128.29960547205104,34.75037573951791],[128.29911795404473,34.75079104224241],[128.29946642351436,34.75085738451482],[128.29931182041227,34.750957506252675],[128.29899024442688,34.75097601672531],[128.2986352169299,34.75111650907002],[128.29869096446876,34.75152728562094],[128.29889842531443,34.75159245678269],[128.29884146819643,34.75173431322458],[128.29896607471608,34.751762422078855],[128.29898996331258,34.75196990772459],[128.2991392913311,34.752059944189696],[128.2989014456571,34.75207682194479],[128.29888079699776,34.75224716092566],[128.29908968557953,34.75250310291288],[128.29923662294894,34.75246555370505],[128.29957101936867,34.75260133164217],[128.2997584237297,34.75287575420221],[128.29970082881343,34.753208872734675],[128.29978398989778,34.75337404744417],[128.30034552887037,34.75367695833423],[128.30096946784627,34.75388450282521],[128.30160252618634,34.753670770518184],[128.30218217792012,34.7533778605698],[128.30234931129766,34.752923601404866],[128.30210040977238,34.75276911310652],[128.30220480708635,34.75262509229451],[128.30259770098894,34.75277135790907],[128.30271712210308,34.752672258395954],[128.3034082946162,34.75257278120541],[128.30382647995958,34.75235285671597],[128.3042772563227,34.75223889476242],[128.30435598101067,34.752147170024486],[128.3048912885631,34.75212401990233],[128.30494952268222,34.75198904253862],[128.3053848279701,34.75195741742758],[128.30526803425556,34.75179989940317],[128.30558114426935,34.7515854754543],[128.30615821787035,34.75137637775528],[128.30687993338856,34.75153085668399],[128.30692165414132,34.75162261549307],[128.30661126116112,34.75205163041945],[128.30629158118603,34.752327282392606],[128.30595661350986,34.752359060088985],[128.30593230044585,34.75275900980986],[128.3059988420278,34.75287016178514],[128.30615167619172,34.75288821668349],[128.30602321370588,34.753027354831886],[128.30693998432702,34.754325961853276],[128.30715909810374,34.754355012206716],[128.30703168101607,34.75441568778316],[128.30701436786512,34.7545970342485],[128.30764830321448,34.7548030055042],[128.30744686900061,34.75481140657649],[128.3076104937296,34.7549809116404],[128.30741706670813,34.755053185445114],[128.30743394716453,34.75524836888842],[128.3076769554198,34.755308410758246],[128.30766172160276,34.75541300375759],[128.30739861049295,34.75545499188067],[128.30733100642541,34.755583636348234],[128.30818503698583,34.75553257793175],[128.30826877116093,34.75556252200216],[128.30821569333563,34.75568287092488],[128.3084462414799,34.755722755995556],[128.30849801005655,34.75579979585041],[128.3083991851203,34.75595274201142],[128.30798601049474,34.756159009023236],[128.30793084639922,34.756335470349605],[128.3077527607333,34.75635789793178],[128.30740730280948,34.75657791991575],[128.30686626432288,34.756630759743004],[128.30690475749972,34.75677188354247],[128.30672963817153,34.75676151411613],[128.30626591055773,34.75693164261629],[128.30610844622262,34.757086053684795],[128.30593625053024,34.75709776202225],[128.30561180841187,34.75730953131638],[128.30551134296118,34.757302505851165],[128.3054444802881,34.757419512702846],[128.30465895526345,34.75745930901885],[128.30450344028185,34.75763509552844],[128.30431566082424,34.75768370581469],[128.30356782282556,34.757579057419655],[128.30306073148031,34.75770635543321],[128.30246896149959,34.75770199770807],[128.30147826997705,34.757831514006746],[128.30138975991485,34.75787143897299],[128.30138929164733,34.75817657046791],[128.3012300146502,34.758452054218004],[128.30133114168208,34.75848967068621],[128.30131258903168,34.75861476977043],[128.30068792913275,34.75853078533382],[128.30067913903153,34.7584258840626],[128.30109502939342,34.75842191770177],[128.3012679998668,34.75777257085407],[128.3008055827151,34.75779581297645],[128.30086110577818,34.75797689143901],[128.3007563823742,34.75801619847896],[128.3006694703057,34.75786281619295],[128.3001403601055,34.75806016488224],[128.29972788647274,34.758356418318236],[128.30000563727637,34.758587808615644],[128.2998660972093,34.75870621421655],[128.29960471650003,34.75844958255622],[128.29840966708866,34.75948946181217],[128.29819000058077,34.7595255679341],[128.2977394416735,34.75994121963079],[128.29728396918875,34.76017709489454],[128.29695896291148,34.76086332993171],[128.29691958045265,34.76111829659422],[128.29648200229565,34.761192251851476],[128.29642180199036,34.76155134601154],[128.29612337269583,34.761692977664495],[128.29546401768005,34.76237607945825],[128.29533517753956,34.76274136560864],[128.2950313778617,34.76291921415407],[128.29483140781346,34.76288844181927]]],[[[128.2263080541162,34.763520854478045],[128.22629528511746,34.76360635107417],[128.22625026041436,34.763627589927076],[128.22624658077171,34.7635806223895],[128.2263080541162,34.763520854478045]]],[[[128.22599453464287,34.7635285333861],[128.22603072435606,34.76366286376352],[128.2258269714656,34.76379054772304],[128.2258328590705,34.76365012128863],[128.22599453464287,34.7635285333861]]],[[[128.22549588609536,34.76397387627416],[128.22540184836123,34.76419407311898],[128.2252482699141,34.76421335042785],[128.2256480940569,34.763780819939896],[128.22569364195152,34.76388138889017],[128.22549588609536,34.76397387627416]]],[[[128.39728846308202,34.7658279271941],[128.3972485929797,34.765847410053865],[128.39726205024297,34.765811906763865],[128.39728846308202,34.7658279271941]]],[[[128.39964602897348,34.76599674304017],[128.3996597167626,34.7660425963562],[128.3995483766537,34.7659846391401],[128.39964602897348,34.76599674304017]]],[[[128.39218767912215,34.76416445689376],[128.39172703363639,34.764538446983366],[128.3913678548718,34.76532925612384],[128.39104618461266,34.76557638008472],[128.39080471413382,34.766180322181796],[128.39058586544525,34.76635865264669],[128.39012300400563,34.76653526281103],[128.38974667712444,34.76645373513241],[128.3897389307871,34.76594542287511],[128.38985607756274,34.76578816522227],[128.38974616283247,34.76555526440332],[128.39048848691542,34.76494972347281],[128.39043368757237,34.76461221767106],[128.39057143891267,34.76424186705655],[128.39083231009346,34.76407651358641],[128.39109814500807,34.76416866490182],[128.39121107926096,34.764137513653644],[128.39132216337484,34.76402604787906],[128.3913336245422,34.76376794889051],[128.39167209713426,34.763670513615885],[128.39204457166323,34.76390504309775],[128.39218767912215,34.76416445689376]]],[[[128.42556325309786,34.76656203609465],[128.42548934038052,34.76659681891025],[128.42548567886823,34.76651343513535],[128.42556325309786,34.76656203609465]]],[[[128.22906036062807,34.7681154959885],[128.22904943199146,34.768179506530956],[128.22892196933063,34.76819464546812],[128.22895845770196,34.76811309340322],[128.22906036062807,34.7681154959885]]],[[[128.22773289658184,34.7685100310659],[128.2274341904378,34.76835740539462],[128.22738796736851,34.76812847489011],[128.2276681810937,34.768088653588244],[128.2280706204468,34.768154871043826],[128.22801191502924,34.76840639184496],[128.22773289658184,34.7685100310659]]],[[[128.22846179053312,34.76837117831994],[128.22827878964497,34.76853111509778],[128.22809629347756,34.76855698137525],[128.22803584300334,34.76849718783839],[128.22818964196975,34.76835302099887],[128.22846179053312,34.76837117831994]]],[[[128.52127639149785,34.76647810439763],[128.52038873407207,34.76611497392431],[128.51961617400337,34.76590648973062],[128.5181091865935,34.76589183297059],[128.51773365333048,34.76579706758558],[128.51735315615042,34.765798070948115],[128.5165871374763,34.76599765239656],[128.5160229131822,34.76597009219334],[128.5151872100977,34.76614231353337],[128.51460741295892,34.76617028968077],[128.51428303520763,34.76631212392146],[128.51317312789618,34.76641612924485],[128.51236073905585,34.76630009065225],[128.5113571625094,34.76629124100669],[128.51070740350153,34.76613640766491],[128.51008136177802,34.76564943298545],[128.50961802244413,34.76512350823487],[128.5094528018603,34.76477435244916],[128.51044926595287,34.76308011142789],[128.51072716494465,34.7627373367897],[128.51126518599594,34.761627084081134],[128.51134992953413,34.761387499275145],[128.51125707655478,34.761176427073536],[128.5102060934189,34.761014584010205],[128.51022880677402,34.76094521210601],[128.5113966393293,34.7610697554869],[128.5114379632826,34.760651956246924],[128.511337079848,34.759636675029405],[128.51076450132175,34.7593343516596],[128.51049454804482,34.75928409452159],[128.51032496149858,34.75935208742247],[128.51026920744764,34.759469419724915],[128.510326060387,34.75952829356464],[128.51024926213984,34.75950300695456],[128.5101477367763,34.75972152341212],[128.51031839216668,34.76017212054757],[128.51023481773535,34.760223236065116],[128.5100717068212,34.75975672380495],[128.5091869698809,34.759534055798014],[128.50905916319795,34.76037065943202],[128.50892658633103,34.76035792014326],[128.50908315264422,34.75949172154828],[128.50860067313306,34.75938615895109],[128.5085793557511,34.75924750869531],[128.50807896932494,34.75880237159908],[128.50807746091166,34.75856664010459],[128.50845994335845,34.75844513688533],[128.50861437045765,34.75822870299156],[128.50876922031415,34.75818012258461],[128.509015310819,34.75837208905394],[128.50987245365903,34.75865636723581],[128.5123335959201,34.75908403266661],[128.51401734226076,34.75921048070968],[128.51541189878435,34.759021757952944],[128.51659225237893,34.75870019404911],[128.5176332103181,34.758113706837314],[128.51752486815565,34.758011867374364],[128.5175813810467,34.75797412749507],[128.51848125994692,34.75786894625874],[128.51940957814926,34.75758458283154],[128.5210824483298,34.75671495033807],[128.5213660687298,34.75652016680225],[128.52140224242032,34.75636982725055],[128.52156906725887,34.756364488966526],[128.5219337892123,34.75614032610986],[128.52271507557163,34.75590131848756],[128.52317102805395,34.75565603000682],[128.5244312512804,34.755206800108034],[128.5249750229481,34.754850760441016],[128.5253128746456,34.75485459514705],[128.5254419072864,34.75478311774467],[128.5257251664471,34.7548356030853],[128.5264624850239,34.75486466633903],[128.5273690183052,34.7552828599509],[128.52759343342535,34.755517520517415],[128.52801994873263,34.75568593054809],[128.52840040524148,34.75578280436075],[128.5286712775754,34.755708606091304],[128.52908425865675,34.75573274814481],[128.52937296871175,34.75596262382044],[128.5298330899928,34.75605748235132],[128.5312514650713,34.75600979101362],[128.53249929343363,34.75578844799777],[128.5330480716895,34.75564531575331],[128.5329890924825,34.75556924943563],[128.53307000686377,34.75550283415035],[128.53312988491476,34.755553697600284],[128.533119583329,34.75545196901021],[128.53326187467323,34.755515710446815],[128.53327475162615,34.755406255744106],[128.53334171279397,34.75550219050575],[128.5333243279669,34.75533285722284],[128.53349229506142,34.75528072206313],[128.5341895585034,34.7553473676037],[128.53424957582257,34.75526171751611],[128.53514868624353,34.7551273284354],[128.5357395428407,34.75516756531008],[128.53605202836727,34.75510008069143],[128.53680965053945,34.7548732963919],[128.53773527799476,34.754543952266296],[128.5378734358014,34.754439954255076],[128.5379839421338,34.75445951398869],[128.53883461432977,34.753964835587595],[128.53897833947647,34.75379078856298],[128.53884630411068,34.753527843024656],[128.53905824599656,34.75333543090462],[128.53918531656296,34.75307726733765],[128.53934997408086,34.752928552929944],[128.5396305675532,34.7529249231134],[128.53968782582328,34.752809841680616],[128.53996618882078,34.75266851185697],[128.5400165881317,34.752482196393],[128.54079603213728,34.75224224058478],[128.54087775311,34.751989760537036],[128.54102908202805,34.75184747532238],[128.5412060656548,34.751847560881195],[128.54120084562484,34.751968636410254],[128.54146962253466,34.75182414343303],[128.54212563074483,34.75174528171663],[128.54244712957245,34.751952059930396],[128.54238694474455,34.75177156130435],[128.5424432562531,34.75174851349076],[128.5427411004599,34.75199743009982],[128.54271716061152,34.75174716113022],[128.54319762041712,34.75173832360392],[128.54352051527115,34.75155058991155],[128.54344573492307,34.75141501655954],[128.54365516419466,34.75137368729633],[128.54365704248357,34.75130501991858],[128.54400068598878,34.75119543485644],[128.54435409677765,34.75095247609973],[128.5452214962987,34.75093294432127],[128.5456546012064,34.75075765053598],[128.54606596869408,34.750315574514396],[128.54598232784483,34.75019103934411],[128.54627078065965,34.7500612751162],[128.5466448434395,34.75009022339439],[128.54691745737608,34.75019916219044],[128.54669934288177,34.749998034768],[128.54671800269503,34.74984772310673],[128.54705773070796,34.74974318306033],[128.54698459395368,34.74972206132198],[128.54700969618708,34.74961853990462],[128.54735299485696,34.74952149145971],[128.5475905774997,34.749365634612914],[128.54756857681045,34.74928160878054],[128.54736599524654,34.74925425889933],[128.5477121504864,34.74905336170395],[128.54838599838257,34.74892015609328],[128.54870109990355,34.74878628019681],[128.54909261416913,34.74879119565797],[128.55007077459163,34.74843169947382],[128.55060875368048,34.74849146423744],[128.55112853343127,34.7484598718518],[128.5513382138405,34.74812554776468],[128.55204002571594,34.74809542763738],[128.55208707277603,34.74822550570892],[128.55181538130014,34.74835865738003],[128.551820701613,34.74843603558472],[128.55232359101115,34.748322718828646],[128.55245054126692,34.748368853306744],[128.5524186715399,34.74845341143747],[128.5527380405825,34.74844893490753],[128.5527988555041,34.74854365323744],[128.55324431363013,34.7486657472997],[128.5532595279756,34.74875915462408],[128.55350559474192,34.74876772324895],[128.55353833338765,34.748850255578056],[128.55365456953336,34.74883217657535],[128.55377578376064,34.748947474000396],[128.55415134408494,34.74892812672322],[128.5541308944956,34.74907003277577],[128.55467417885254,34.74911475137258],[128.5548632244798,34.74923817357539],[128.55527452043322,34.749275043448],[128.55540657309783,34.749416297092786],[128.55583390739412,34.74933098267438],[128.55581855774545,34.74923233153366],[128.55594753011013,34.749070833796225],[128.55644222114643,34.74903494385765],[128.5566395594579,34.74888109766141],[128.55687827523943,34.74886091306029],[128.55699615903373,34.7489134777263],[128.55710607488624,34.74916327230343],[128.55793445308308,34.74912968477527],[128.55820601586458,34.74922907336917],[128.55830405481524,34.74935167862485],[128.55837926343844,34.74924257155295],[128.55877622313992,34.74928552451625],[128.55906805699385,34.74953763895724],[128.55935935681975,34.749651375600244],[128.55965241456542,34.74971699091359],[128.55970893602648,34.74964219495296],[128.559904507691,34.74968136271357],[128.55983791102338,34.749893717416576],[128.5601245709234,34.749760453703225],[128.560114876909,34.749859339403905],[128.55988635465403,34.749949074794706],[128.55989945952885,34.7500190555627],[128.56006240842734,34.749985487873],[128.56019506103854,34.750049436781154],[128.56041152607233,34.749987872958044],[128.56042270734,34.7500727110352],[128.5602813800423,34.75019620771401],[128.56069223920554,34.75045222948609],[128.56049492871298,34.75056076926885],[128.56051600621907,34.750638614816815],[128.5608086696132,34.75069201503845],[128.56066950540696,34.750789481208365],[128.56072878232948,34.75094113213157],[128.56029089826387,34.75119562122938],[128.55973104151866,34.75130234305878],[128.5593492942267,34.75154936808907],[128.55888502496077,34.7516326806083],[128.55885328791388,34.75351427739428],[128.5586864338129,34.753509184389074],[128.5587001275315,34.751770637509026],[128.5582256490493,34.75204775965042],[128.5572991653554,34.75201552311279],[128.55726318040303,34.752395884540974],[128.55712742427002,34.752390381394434],[128.55719259266084,34.752011863146805],[128.55677854848204,34.752053517276615],[128.55665046846826,34.75215046610279],[128.55649570566638,34.75249086998635],[128.5559762880479,34.752796006756434],[128.55549611320765,34.752859670397484],[128.55548765714383,34.75331258910566],[128.55461359757794,34.75330820557417],[128.55465851175717,34.752941126612164],[128.55405723041198,34.75285771850547],[128.5538649823572,34.75299531697151],[128.553667430524,34.75347505460765],[128.55366429174563,34.75360992060583],[128.55391952748585,34.753616264603444],[128.55392212957005,34.75370110540411],[128.5537052595917,34.75369986232406],[128.55377253464977,34.75491556895752],[128.5539809454231,34.755191298579994],[128.55456968044712,34.7554381551942],[128.55507721467936,34.75556603451247],[128.55587656036775,34.755556717738685],[128.55644227093808,34.75571075269058],[128.55716356381964,34.75574113766246],[128.55882004812815,34.755431207303886],[128.55949263980594,34.75547548728936],[128.55983173866574,34.75553335131831],[128.56018498301873,34.75608444804475],[128.56030067489937,34.75614815842132],[128.5605119821602,34.756126314280316],[128.56051899502566,34.756340412189935],[128.56029890690752,34.75638923309787],[128.56022975655935,34.75653691304215],[128.56056097064626,34.75733886837856],[128.56048490061195,34.75742844290554],[128.5605399411451,34.75768794454327],[128.5603931090463,34.757903657354134],[128.56047852512066,34.757984161619895],[128.5604020649499,34.75823195085336],[128.5602103983383,34.75837549654998],[128.56010406233756,34.758579128536255],[128.55994759028013,34.758654947172495],[128.5598020616026,34.75894007267302],[128.5592316510184,34.759081092299006],[128.5589185083189,34.75932862649161],[128.55878802695315,34.759455695316646],[128.55883332622707,34.759689007910985],[128.55840715670612,34.75985981747218],[128.55726559807476,34.75976227962682],[128.55716484050973,34.75965570938759],[128.55701043582744,34.759638046064424],[128.55644460815617,34.7598165715988],[128.5557906171008,34.759707314003],[128.55539490100307,34.759810799368275],[128.55485440700772,34.75976878015767],[128.5543791765298,34.75981112335402],[128.55376382950902,34.76003865481007],[128.55328986191347,34.75990101905867],[128.5527929855632,34.759882651567324],[128.55115209514634,34.76024986738325],[128.55025217342788,34.760642890540865],[128.54724622562406,34.761236989455064],[128.5466189036449,34.76120899903967],[128.5459353727142,34.76107475719651],[128.54535849121945,34.76115722851001],[128.54481321578726,34.76084715128795],[128.54425827427218,34.760642900888335],[128.543567094647,34.760584554608364],[128.5432057229558,34.760469681172744],[128.54302983095496,34.760523966186305],[128.54198553140625,34.76039097239138],[128.5418826249066,34.76008335051524],[128.5419998720931,34.75941383633265],[128.54165562202533,34.758828942280424],[128.54115287622463,34.758283120010695],[128.5405401207423,34.75797733243191],[128.53991247336975,34.757328841918046],[128.53968949705967,34.75754391363608],[128.5394949783791,34.75739181362624],[128.53898020890858,34.75791472872555],[128.53893127203742,34.757878496472905],[128.53943394629715,34.7573561663539],[128.53902158291135,34.75711670629947],[128.53946314532504,34.75729641386825],[128.53967711560506,34.75718106759915],[128.53908753569482,34.75667742849114],[128.5386496629445,34.75704851219155],[128.5385963096516,34.75699546056347],[128.53903819552178,34.7566469725723],[128.53868713434517,34.756420642149095],[128.53832246831576,34.756429175385364],[128.53716751512684,34.7566822338248],[128.53689915616692,34.75682416826841],[128.5363749124127,34.75732440259615],[128.53616298381596,34.75740382973426],[128.53521488717746,34.757422776297474],[128.53447128524536,34.75724490015782],[128.53401993201433,34.757217582897724],[128.53330133360882,34.75739721373521],[128.532687190578,34.75740809951774],[128.5326357006156,34.75760629338779],[128.53245883584788,34.75757015238492],[128.53250507111272,34.75735653399079],[128.53217136755373,34.75725059858682],[128.53187318843584,34.757244089688406],[128.53132151337417,34.757432227592595],[128.53033444011035,34.75763711870472],[128.5299790108347,34.75785159926502],[128.5297629755005,34.758110911577305],[128.52966784149268,34.75862360765973],[128.5298238497027,34.75866487328619],[128.52966298427634,34.75866360252813],[128.5295908211958,34.75903899462226],[128.52983887372437,34.759091567718436],[128.53010745803894,34.758741721724874],[128.52990618291895,34.759092512392556],[128.530456442552,34.759178241435826],[128.53047478669723,34.759582386055726],[128.53040940442142,34.75958451381248],[128.5303695041176,34.759220010337714],[128.5296409615731,34.75909947517276],[128.52953855823512,34.75920067734437],[128.5295261709862,34.760177224208114],[128.52965614104477,34.760636714489394],[128.5300810980692,34.760647035445906],[128.5300727027506,34.76077734669819],[128.52966036850233,34.7607675700184],[128.52959449324035,34.76100085235748],[128.52968506696172,34.76162607607715],[128.52990818121947,34.76202923623679],[128.52991247039242,34.76221674587694],[128.5300269217954,34.76219668989037],[128.52984508959358,34.76231845275949],[128.53005141526873,34.762415573740256],[128.53030958768383,34.76240924131859],[128.5306236686516,34.761873195582105],[128.53068332482263,34.761900674814456],[128.53043090358423,34.76233847138739],[128.5307312594802,34.762416924915996],[128.53072444229218,34.76247888896053],[128.53188636324415,34.76270450333238],[128.53214819090059,34.763082262141246],[128.53269821137692,34.7634635429372],[128.53298940010407,34.76355152860281],[128.53303560811804,34.76347715069413],[128.53322715528478,34.76351139060454],[128.53319715477173,34.76361801478749],[128.53339525417024,34.76374756733348],[128.53342265960927,34.76393307796196],[128.53355091497056,34.7639590248443],[128.53408981664361,34.76436957437416],[128.534031339939,34.76452495804465],[128.53356309028598,34.764699076497195],[128.53266691757983,34.76476693453658],[128.5322533219521,34.7649752549144],[128.53189793267975,34.76492997558335],[128.5314621786678,34.76518764779164],[128.53103311912432,34.764978645701795],[128.53033851685,34.764890866266484],[128.52948171710707,34.764493500854975],[128.52892827340753,34.76439470251406],[128.5286288806974,34.764262661209656],[128.52843287436815,34.76437906374505],[128.5283305891424,34.76457720234838],[128.5282709924813,34.7645562031028],[128.52836641324964,34.764360769100904],[128.5282788645034,34.76414978914288],[128.52753721768954,34.76411737471126],[128.52670524531632,34.76442252377459],[128.52589429409645,34.76487291175842],[128.52486951199526,34.765201519065585],[128.52336261581596,34.765987933502196],[128.52203237995434,34.766425264561065],[128.52127639149785,34.76647810439763]]],[[[128.22712450231222,34.76867404467448],[128.2271595794813,34.76853789682215],[128.22738419531206,34.76846054992433],[128.22766482476607,34.768529844558074],[128.22712450231222,34.76867404467448]]],[[[128.38238294122317,34.76644723842634],[128.38253420285727,34.76661093164316],[128.38282303979082,34.76738538720844],[128.38275202139943,34.76777690966571],[128.38260474112016,34.76762613239936],[128.38239110215497,34.76688948961448],[128.3822279565359,34.76670482127841],[128.38226403327582,34.7665194873994],[128.38238294122317,34.76644723842634]]],[[[128.2268321459099,34.7688467699445],[128.22665723349888,34.76881602994922],[128.2270193395047,34.768704971594765],[128.2268321459099,34.7688467699445]]],[[[128.40204916276224,34.76785444268697],[128.40193666333116,34.76781444812044],[128.40199583248562,34.767779723832504],[128.40204916276224,34.76785444268697]]],[[[128.46762227378733,34.76787409630167],[128.46758869761751,34.76786074247648],[128.46763524643168,34.767821825217524],[128.46762227378733,34.76787409630167]]],[[[128.4693724039948,34.76796795615697],[128.469387664699,34.76804426464386],[128.46930372635188,34.76798626981939],[128.4693724039948,34.76796795615697]]],[[[128.46694123408145,34.76830551404464],[128.46693013670296,34.768169053607515],[128.46704549579013,34.768080659286134],[128.46715893955354,34.76809946370304],[128.4673392027058,34.7679211646557],[128.46758533725318,34.767958847109206],[128.46766773472257,34.76820127155498],[128.46752922187994,34.76834583548149],[128.46694123408145,34.76830551404464]]],[[[128.42569390714428,34.768715292914706],[128.42576258838218,34.76881711151353],[128.42542826741453,34.76875602400516],[128.42551449152245,34.76871865883666],[128.42569390714428,34.768715292914706]]],[[[128.38202232674723,34.77006855944666],[128.38182780550235,34.7698583345483],[128.38181328389632,34.76974073190825],[128.38200390868388,34.76976439958513],[128.38187300147518,34.76964198977088],[128.38184221062934,34.76942185712098],[128.38191589306766,34.76931557444472],[128.38183551599116,34.769217494501504],[128.38213441922267,34.769067779947804],[128.3825231657956,34.76907304577339],[128.38272663075196,34.7692739925572],[128.38254038399037,34.76949570661107],[128.3824479653281,34.76990101011795],[128.38202232674723,34.77006855944666]]],[[[128.36838825613773,34.77111151963772],[128.368426816919,34.771298914148566],[128.3682497999687,34.77130949353655],[128.36743643953585,34.771134257942364],[128.36681511272303,34.770882599571564],[128.36661384371848,34.77064184352285],[128.36700322013672,34.7706576614792],[128.36677805281013,34.770569362957396],[128.36623435181497,34.77006926358885],[128.3666993520495,34.76968222323043],[128.36760427303167,34.76988790981952],[128.36769834584624,34.76982339965752],[128.36842112143455,34.76981328474866],[128.3687633776141,34.77011048899789],[128.36877873466864,34.77023615976208],[128.36867714365835,34.770344758250424],[128.36888925960457,34.77100318962071],[128.3685886716943,34.77114403146338],[128.36838825613773,34.77111151963772]]],[[[128.39734694791173,34.77130027890413],[128.39729722127257,34.771206669775346],[128.39742888343943,34.77114888881649],[128.3974477781712,34.771163057426385],[128.39734694791173,34.77130027890413]]],[[[128.2232390306089,34.774752814901845],[128.22307309689458,34.77482706705561],[128.22308234023032,34.77467648624402],[128.2232390306089,34.774752814901845]]],[[[128.47253753883632,34.773295687414006],[128.47232865543398,34.77346276700628],[128.47225056908178,34.77343458123266],[128.47229633892718,34.77336831259254],[128.47253753883632,34.773295687414006]]],[[[128.2231939055581,34.77492966772105],[128.22330555632772,34.774988556127404],[128.22332743013624,34.77513498164812],[128.22319146041679,34.77520454896635],[128.22311471541337,34.775076647624985],[128.2231939055581,34.77492966772105]]],[[[128.42893642839724,34.7739045429456],[128.4288933063028,34.77389699712972],[128.42889522066176,34.773869767228106],[128.42893642839724,34.7739045429456]]],[[[128.2235526543884,34.77552210456925],[128.2235475134574,34.77554725613682],[128.22351700513474,34.77553537021055],[128.2235526543884,34.77552210456925]]],[[[128.47179687435008,34.77390398362677],[128.47174928670788,34.77390455917854],[128.47174607798297,34.77384572423154],[128.47179687435008,34.77390398362677]]],[[[128.22314954947316,34.77524252724658],[128.22330913529174,34.77530725559294],[128.22341951532132,34.775476041667474],[128.22304784050647,34.77567300297602],[128.22297854190975,34.775518774862235],[128.22314954947316,34.77524252724658]]],[[[128.2235095073052,34.77571643881595],[128.2232638777182,34.775948223023384],[128.2231437534972,34.775921496324685],[128.223122440611,34.77573037391342],[128.2233398213132,34.77559046874042],[128.22345316011533,34.775585837464284],[128.2235095073052,34.77571643881595]]],[[[128.2230831238657,34.776027536403],[128.2231773029303,34.77607762297885],[128.22314702525563,34.776152813286295],[128.22304686614248,34.77609047402968],[128.2230831238657,34.776027536403]]],[[[128.4297600982013,34.774784338501505],[128.42971564641428,34.77476936381772],[128.42974931349815,34.77475203683209],[128.4297600982013,34.774784338501505]]],[[[128.39574000438805,34.775291664891796],[128.39572416966433,34.775315280715596],[128.39569777332812,34.77526888570311],[128.39574000438805,34.775291664891796]]],[[[128.43052072256592,34.77509573127729],[128.43048203196153,34.77511697253267],[128.4304563522724,34.77508415085948],[128.43052072256592,34.77509573127729]]],[[[128.39574975351744,34.77570846244767],[128.39572716725306,34.775702768240826],[128.39576678157624,34.77567411706942],[128.39574975351744,34.77570846244767]]],[[[128.21439011244954,34.77724736266047],[128.21447034800968,34.77739190441455],[128.21428843830302,34.777476677996816],[128.21427004951292,34.777336447043425],[128.21439011244954,34.77724736266047]]],[[[128.21420734417487,34.77761979030606],[128.21434439106147,34.77763835042254],[128.21435884606305,34.777657670411806],[128.21425475574955,34.77771664350926],[128.21420734417487,34.77761979030606]]],[[[128.21428444875423,34.7777891983331],[128.21425107772598,34.777844165679724],[128.21411376581293,34.777857034893906],[128.21412894500028,34.77782544943806],[128.21428444875423,34.7777891983331]]],[[[128.46135090358968,34.775939960262505],[128.46119391396834,34.77608741681144],[128.46122287156422,34.77626337501029],[128.46086226585894,34.776540864434565],[128.46105634180984,34.776677084673004],[128.4610342505724,34.77690174091247],[128.4609246401194,34.77701182676995],[128.46067887341232,34.77699268585992],[128.46046795101202,34.776736052517855],[128.46058438342027,34.77657119338651],[128.46032723713532,34.776521119237174],[128.4602458151429,34.77634888223369],[128.4603027105257,34.77625932057769],[128.4605233947027,34.77619167002388],[128.46028672501606,34.77597085791492],[128.46048602466263,34.775795603719025],[128.4606424070036,34.77579331291289],[128.46051987182585,34.77550032393085],[128.46077828194274,34.775211984518364],[128.46111697376662,34.7752575094595],[128.46133825139728,34.77557182678311],[128.46135090358968,34.775939960262505]]],[[[128.4697070187679,34.779312759954585],[128.46973052059656,34.77937564253497],[128.4697070193899,34.77941629495291],[128.4696809755482,34.77938834675873],[128.4697070187679,34.779312759954585]]],[[[128.46983214936463,34.779522053155056],[128.46983405498054,34.779539202430186],[128.4697571986084,34.77951316136641],[128.46983214936463,34.779522053155056]]],[[[128.3803808507947,34.78009928880355],[128.3799389293399,34.78027443321451],[128.37907279005105,34.779906090631016],[128.37813936886263,34.77981841932135],[128.3774910911192,34.77939050806027],[128.37731892512952,34.77917141521586],[128.3772362392928,34.7787985537808],[128.37736432496501,34.778710684923716],[128.37769058219013,34.778737899246686],[128.37777073030404,34.778542765572155],[128.37835687798494,34.77836125464141],[128.37845991348013,34.77822478036423],[128.37897393153509,34.77847408726036],[128.37915472965867,34.778337435024326],[128.37932669750265,34.77833970430329],[128.3795759381567,34.77856421144679],[128.37950282358165,34.77881678947538],[128.38039778257792,34.779569442246284],[128.38050686144317,34.77985411422526],[128.3803808507947,34.78009928880355]]],[[[128.4632703194186,34.7798310957966],[128.46230499174285,34.77963888371802],[128.4619137512332,34.77965793217316],[128.4614892434844,34.77979383792037],[128.46095226686646,34.77954715135533],[128.4608107078303,34.779350254689355],[128.4609552377612,34.77924041629209],[128.4607993690791,34.77910243993885],[128.4609020121276,34.778963243575],[128.4608652084963,34.77881567162675],[128.46120802344103,34.77877508965734],[128.4613956737483,34.77851264551752],[128.46126145527072,34.77837209292056],[128.46106592151696,34.7783089150002],[128.46111331248093,34.778031633228416],[128.46153026694697,34.777958479633256],[128.4619123738575,34.77806049729687],[128.46194494012244,34.778187578989886],[128.46185450452938,34.77825206412244],[128.46190883939155,34.77829917140171],[128.46210254569797,34.77838995992361],[128.46227326385113,34.778381464276755],[128.46237252907713,34.77852763665166],[128.46256332230382,34.778492959693416],[128.46295948927488,34.77862580218181],[128.46289321042408,34.77875174570406],[128.46303409484253,34.77887427130368],[128.46327395071364,34.77886764750167],[128.46349262213454,34.778952959282044],[128.46361286292435,34.77936193579799],[128.4632617296222,34.77969357750078],[128.4632703194186,34.7798310957966]]],[[[128.463687958489,34.77981921466224],[128.4636525829515,34.7798764859828],[128.46361647937744,34.77986100320636],[128.46361268316866,34.77980193103974],[128.463687958489,34.77981921466224]]],[[[128.46133712580527,34.77989156438646],[128.4612196002289,34.77986954070179],[128.46122873754894,34.77986112121323],[128.46133712580527,34.77989156438646]]],[[[128.4634876498606,34.77988554466359],[128.4633909987292,34.7798745753996],[128.4634564535612,34.77978359379033],[128.46350453491516,34.77980121269244],[128.4634876498606,34.77988554466359]]],[[[128.4636864703033,34.780029941361825],[128.4635584352401,34.78006229732694],[128.46343707255267,34.779986955194],[128.46361942405912,34.779908970972066],[128.46358095510254,34.77998472070442],[128.4636864703033,34.780029941361825]]],[[[128.46336750721244,34.78010501677293],[128.46333302784618,34.78016353882446],[128.46326862517174,34.78015825666289],[128.46329213171975,34.780101884627015],[128.46336750721244,34.78010501677293]]],[[[128.46019921298452,34.78076412748963],[128.46010218723396,34.78085472878325],[128.45997782657275,34.78085524702297],[128.46005398762728,34.78077208917256],[128.46019921298452,34.78076412748963]]],[[[128.46932654284848,34.78156480748737],[128.4693919668353,34.78148985668252],[128.46947644583986,34.78159212009325],[128.46932654284848,34.78156480748737]]],[[[128.46483048035975,34.781815161899324],[128.4648398156892,34.781912553362254],[128.46474509945816,34.78194445531329],[128.46470998144312,34.78183216868932],[128.46483048035975,34.781815161899324]]],[[[128.5102733958994,34.78169692697815],[128.51015631941246,34.781681502528954],[128.5099890730671,34.7814321759148],[128.51005077143233,34.781335269310226],[128.51021763228673,34.781346438439925],[128.51035996555,34.78160907092458],[128.5102733958994,34.78169692697815]]],[[[128.51020894758145,34.781897088951126],[128.51018155544273,34.78185492879219],[128.51019346590206,34.781850164409065],[128.51020894758145,34.781897088951126]]],[[[128.46789229496716,34.782838353804465],[128.467798922682,34.78289996669488],[128.46766807485372,34.782885992261086],[128.46772270020364,34.782816121981746],[128.46789229496716,34.782838353804465]]],[[[128.46430334193437,34.783039866069124],[128.4642738060485,34.78304462945238],[128.46425919626608,34.78302430383973],[128.46430334193437,34.783039866069124]]],[[[128.50051110355508,34.78376286469939],[128.50048645087344,34.78375750547986],[128.50052003666792,34.78370534128432],[128.50051110355508,34.78376286469939]]],[[[128.4616666103382,34.78529485629433],[128.46162201076652,34.78530305913099],[128.461651744047,34.78524666799954],[128.4616666103382,34.78529485629433]]],[[[128.3688929395673,34.78606824788035],[128.36777031384014,34.78591974166243],[128.36731681814788,34.78571688313157],[128.3671684135735,34.78551688862792],[128.36732137507104,34.78540452320889],[128.36727418412957,34.78508508272033],[128.36735641699576,34.784822459316466],[128.36720609202982,34.78468799440823],[128.36710973396703,34.78467331252546],[128.3667322009565,34.7850231026873],[128.36652840638683,34.7851082225015],[128.36609107507604,34.78503454562278],[128.3660082946176,34.78489645423489],[128.36581449564213,34.784819952336335],[128.36580249808483,34.784599785897974],[128.36612915379868,34.78436378507442],[128.36631990880198,34.78403655318809],[128.3661459655817,34.78398214648121],[128.36578683466954,34.78362714257717],[128.3652590973194,34.7833689756737],[128.36504155039626,34.783044972943486],[128.36462296146328,34.78301667912637],[128.36440796377627,34.78315378365104],[128.36360913325936,34.78337481739119],[128.3634298771323,34.78356563576872],[128.3635031828922,34.7838239458712],[128.36321946737877,34.78388012215875],[128.36277189046803,34.78442428005614],[128.36230261675422,34.78443654615659],[128.36180501726682,34.78419313227129],[128.3614711053473,34.7836081220939],[128.36160337256666,34.78358171175759],[128.36182156503213,34.78332762928976],[128.36198174652137,34.783323358818414],[128.36198273412208,34.78319735073061],[128.36215226136392,34.7830725124749],[128.36212524980587,34.78287079237624],[128.36220925867661,34.7828069844339],[128.36212648996292,34.78262065069506],[128.36220345190955,34.7825056458503],[128.36237143653602,34.78244519707919],[128.3628174948933,34.782460762556816],[128.36292952677596,34.78232809515752],[128.36299654280776,34.78201098829477],[128.36284554682587,34.78128380398702],[128.3624925332416,34.781135179445826],[128.36186596519696,34.780610219776094],[128.36196874046462,34.78039498684329],[128.36235497475883,34.780319928039205],[128.36249555611656,34.78005876357428],[128.36244369504635,34.77974758405038],[128.36183390956438,34.77931057725683],[128.36085918099243,34.77919727676009],[128.36076796054957,34.77923026637944],[128.3607579722752,34.77940827307376],[128.36040399946907,34.77951528732458],[128.36006768634692,34.779819674216974],[128.35882421091873,34.77972233035159],[128.35881640810186,34.779888054198665],[128.3586134309299,34.780011467305584],[128.35826622189023,34.77990497559327],[128.35768298359994,34.779938152231416],[128.35742382651742,34.78004717424035],[128.35717039410923,34.78045643613544],[128.3569488154245,34.78051215660735],[128.356718619037,34.780473288761016],[128.35630800079966,34.78020425879419],[128.35615322050833,34.77965917536231],[128.35582760810573,34.7793534761376],[128.3558062314265,34.77898703602247],[128.35561600955396,34.77886595276103],[128.3558634162769,34.77882937024691],[128.3557189926441,34.7785376955731],[128.35590541335617,34.778095978846416],[128.35582470391867,34.77774654065239],[128.35594209328448,34.77762588825092],[128.35606310897728,34.777650020944435],[128.35650385366887,34.77740665429921],[128.35727261284606,34.77727665739193],[128.35782952599902,34.77693801850622],[128.3577864511348,34.77678581406769],[128.35791212284312,34.776706167638906],[128.35759090536774,34.776270299890676],[128.35770314210632,34.77615074885697],[128.3576697838024,34.7760542369039],[128.35788408013434,34.77599806422388],[128.3579635299249,34.77586896461038],[128.35812913049534,34.77580026503049],[128.35802845459418,34.77548199429949],[128.35824987232576,34.77545525955275],[128.35821362569726,34.77527182034505],[128.35835650541563,34.775161940276725],[128.35831186068154,34.77497126701582],[128.35925665151785,34.77487155218729],[128.35928954696266,34.77473997858369],[128.35959134285983,34.77492936620685],[128.35991705687266,34.77454992767688],[128.3602110982087,34.77453298778537],[128.36059657837774,34.77484339586526],[128.36032208846183,34.77501135209105],[128.36030785621406,34.77516916279764],[128.36046326329154,34.7753687461583],[128.36110829803343,34.775374991630756],[128.3614583032847,34.775451187783254],[128.36202781699086,34.775868981079675],[128.3625468946472,34.77606848467198],[128.36247296520247,34.77614096744139],[128.3625273129976,34.77627201570332],[128.36278207521306,34.77629605968174],[128.36296950462017,34.77642174231886],[128.362943969655,34.77654294964613],[128.36323211395006,34.77687963140291],[128.36301227245303,34.77692328432332],[128.36299406360783,34.77700834842177],[128.36321804141775,34.777198218986356],[128.3633224878867,34.77744220094366],[128.363122170581,34.77762628713349],[128.36332109702278,34.77779988102474],[128.36357881017685,34.77792530675642],[128.36462454479508,34.77816209229096],[128.36484870795283,34.77825994119934],[128.36502958287235,34.77847269865483],[128.36530137341973,34.77844976724278],[128.36547105312465,34.778236277661044],[128.3657679699576,34.77836855094648],[128.3659897472006,34.77824605088932],[128.36602344242795,34.778110554560385],[128.36627224197085,34.7779488136621],[128.36618006913562,34.77771508816047],[128.36642569193606,34.77761916147117],[128.36649438078678,34.77749794568585],[128.36685204245236,34.77741491984118],[128.36705941335242,34.77717758814664],[128.36703468688737,34.77703685281618],[128.36734329252835,34.77709312688967],[128.36803510772384,34.777046649855485],[128.3683274621444,34.77713684086607],[128.36863046360435,34.77686569529223],[128.3689775883627,34.77691285149623],[128.36935103345354,34.776594142122676],[128.3695811120894,34.77614501895866],[128.37001871616928,34.77608793388209],[128.37027687490624,34.77617459263875],[128.37047282100482,34.77614950203322],[128.3704465120784,34.775962250709306],[128.3705920349406,34.77570728528232],[128.3708346564212,34.77572242690554],[128.37100261161115,34.775868758223254],[128.37126415304013,34.775902396282184],[128.37139884039348,34.77613674688782],[128.37180406394933,34.77619633706999],[128.37193769012808,34.77636255913222],[128.3719368844274,34.776533621487594],[128.37186219117268,34.776609624940164],[128.37167640278574,34.776597117313386],[128.3716227107806,34.77680020493299],[128.37184118236178,34.77722904571868],[128.3717616701375,34.7773809136821],[128.37154703533326,34.77744131437245],[128.37165616957338,34.77757959217352],[128.37161861145032,34.77763619463055],[128.3712584305067,34.777761444918205],[128.37124225791595,34.77812288806178],[128.37154564182018,34.77860511231619],[128.3722219220514,34.77907837479231],[128.37248497599145,34.77919279701222],[128.37288475321037,34.77920758615892],[128.37300416818445,34.77911364588524],[128.37327409537284,34.779227439081275],[128.37336313273929,34.77948358250751],[128.37317836213532,34.779629806835665],[128.37332102485314,34.78018446804958],[128.3730297809423,34.780369272249935],[128.37300635240408,34.780600221673566],[128.3734430919118,34.78092924364208],[128.37365337519392,34.78121150037211],[128.37411924431964,34.78269606588906],[128.37378568801984,34.78283239341984],[128.373271337283,34.78274305479921],[128.37298157373428,34.78292595911399],[128.37267296048705,34.783008985947745],[128.37174182966686,34.782984991585174],[128.37081422879425,34.784063570626856],[128.37067745588467,34.7839779071947],[128.37149616389522,34.783067551996076],[128.37080557630657,34.782615695574876],[128.3701964926273,34.782669241299],[128.36976949424724,34.782923257252044],[128.37007426698526,34.78312923314354],[128.3700179127131,34.783211088300085],[128.3695877049062,34.782990800596075],[128.36873395636852,34.78380905325463],[128.368713548336,34.78397039481196],[128.36907436200252,34.784223266736],[128.36902797811436,34.784881777684525],[128.3694704780484,34.78488769545153],[128.369792653739,34.784709133342815],[128.3698360562803,34.78477915617075],[128.36944234472213,34.784959439525736],[128.36894532889696,34.78497132975693],[128.3687918041281,34.785898973869784],[128.3689601755035,34.78595983419131],[128.3688929395673,34.78606824788035]]],[[[128.4604796419123,34.786215314452484],[128.46040428230458,34.786167637618625],[128.46045349625248,34.786134572345375],[128.4604796419123,34.786215314452484]]],[[[128.35915818277866,34.78705613710092],[128.35884327834546,34.78709331814918],[128.358361476184,34.78698881548274],[128.35825914629424,34.78685052300155],[128.35843211151436,34.78673534043067],[128.35841134212285,34.78664734179893],[128.35818594016695,34.78645217871141],[128.3580594189894,34.78613237576258],[128.35793375975376,34.78604232011632],[128.35795934418968,34.785919544570106],[128.35814330921784,34.785904963282206],[128.35824821387783,34.78581060495363],[128.35831042354968,34.78562430046672],[128.35817536549584,34.78546537147459],[128.35822994847487,34.7851477209718],[128.35835880989936,34.78501335473248],[128.35941677417227,34.784603300272266],[128.36004711822062,34.784504900251285],[128.36044279070046,34.78456626543872],[128.3607289999609,34.784722790397936],[128.3611667116517,34.78478486859165],[128.3621440403633,34.78539018482263],[128.36227461296087,34.78538122359755],[128.36220298963164,34.78573114442739],[128.3620191645139,34.785942895417506],[128.3617485175422,34.78607349736938],[128.36132372315967,34.786116547669515],[128.36108581717292,34.786341573925135],[128.36023472425074,34.786549300369266],[128.36010030747343,34.78676174890984],[128.35981742559326,34.78694399364567],[128.35924917869278,34.786973000868436],[128.35915818277866,34.78705613710092]]],[[[128.4959237505683,34.78693575802938],[128.49538400250222,34.78666707777533],[128.49500198960803,34.78589946093544],[128.49499527132,34.785655400916006],[128.49569151236955,34.785355890081796],[128.497028531851,34.78564514597804],[128.49763194813113,34.785880760113265],[128.49777527256478,34.78633839251806],[128.49752242612595,34.78659491544348],[128.49680276147544,34.78689727964224],[128.4959237505683,34.78693575802938]]],[[[128.3690234151521,34.78910528217837],[128.36901507113953,34.788954737811004],[128.3691609720823,34.78877725725286],[128.3693669670464,34.78884466540776],[128.3693778177693,34.78900143728823],[128.3690234151521,34.78910528217837]]],[[[128.50467628947194,34.78816268071201],[128.50467807060065,34.788103161053975],[128.504712410152,34.788095020846285],[128.50467628947194,34.78816268071201]]],[[[128.4336307659194,34.78899754837765],[128.43361794952804,34.789096503719975],[128.43353388516724,34.78906139118569],[128.4336307659194,34.78899754837765]]],[[[128.50423371731583,34.78949604832925],[128.50423237346953,34.78950673405813],[128.5041927759791,34.78951235931718],[128.50423371731583,34.78949604832925]]],[[[128.4376948358715,34.79137271084157],[128.43777383016425,34.79148060048999],[128.43754030897975,34.79148531576556],[128.437613220863,34.79139568364369],[128.4376948358715,34.79137271084157]]],[[[128.4943856973638,34.79106170508874],[128.49440921234273,34.79112018926863],[128.4943570585582,34.791138277512765],[128.49431967743882,34.791086726370494],[128.4943856973638,34.79106170508874]]],[[[128.49281848407864,34.791809338035804],[128.49277668033082,34.7918310427683],[128.4927401024924,34.79177878935618],[128.49281848407864,34.791809338035804]]],[[[128.37782107540548,34.79295117874265],[128.3778056504862,34.792810655881425],[128.37790026579518,34.792759263319404],[128.37919109395278,34.79276832293241],[128.3794019138208,34.79286451843299],[128.3792941528781,34.79296862892699],[128.37782107540548,34.79295117874265]]],[[[128.4380364147942,34.79266183133119],[128.4379889169243,34.7926627303281],[128.4380045706904,34.79263608432193],[128.4380364147942,34.79266183133119]]],[[[128.43832715693915,34.79282393357532],[128.4382643294878,34.7927935453298],[128.43829270846203,34.79277768419416],[128.43832715693915,34.79282393357532]]],[[[128.43890475688295,34.793632319492644],[128.43886522922017,34.7936064110687],[128.43889454262103,34.79357615454513],[128.43890475688295,34.793632319492644]]],[[[128.2388195419616,34.795019404529185],[128.23876136249214,34.794965318246504],[128.23900078938286,34.79478473510627],[128.23913719527673,34.794863648382155],[128.23901191803597,34.79486971592216],[128.2388195419616,34.795019404529185]]],[[[128.2387730843868,34.795045262825184],[128.23874159985368,34.79511824936652],[128.23863300853714,34.79513974424386],[128.23871252007308,34.79504857104143],[128.2387730843868,34.795045262825184]]],[[[128.43906641797506,34.793982167084344],[128.43902124842973,34.79396636016745],[128.43905193137917,34.79394370636515],[128.43906641797506,34.793982167084344]]],[[[128.51397049158575,34.79343834709202],[128.51395666706674,34.793449649072436],[128.51392225616,34.793435098770395],[128.51397049158575,34.79343834709202]]],[[[128.4409624897592,34.79406138272588],[128.44092252490105,34.79405585389572],[128.4409551153719,34.794030172183795],[128.4409624897592,34.79406138272588]]],[[[128.4617260790036,34.79395075436924],[128.4616422355252,34.793879613918506],[128.46178006965243,34.793875166707],[128.4617260790036,34.79395075436924]]],[[[128.51296179828572,34.79354370030248],[128.51294396307154,34.79354042940464],[128.5129486634436,34.79353257773536],[128.51296179828572,34.79354370030248]]],[[[128.36808077204478,34.79449792098039],[128.36816036396928,34.794581764074444],[128.36810561707105,34.7946935616473],[128.3679398850158,34.79456034589547],[128.36808077204478,34.79449792098039]]],[[[128.44103052599002,34.794198984889746],[128.44100372264268,34.79428578996257],[128.44093264765104,34.794277121981516],[128.4409243695896,34.794225445502455],[128.44103052599002,34.794198984889746]]],[[[128.4407759284066,34.79431487350792],[128.4406143222499,34.79432099828415],[128.44056847283062,34.79428194243448],[128.44066802659924,34.79420076647064],[128.4407759284066,34.79431487350792]]],[[[128.2494493838092,34.79579448831353],[128.2488674478899,34.79575724920377],[128.24884339264497,34.79552042429705],[128.2492262792796,34.794992707957626],[128.24939833013306,34.79501717806911],[128.24989659245608,34.79433906266651],[128.25000003042462,34.79430251770887],[128.25024236740637,34.79427260825125],[128.25095959715478,34.79443219207063],[128.2514340671547,34.79460001036145],[128.25189235711574,34.79494356548508],[128.2517545894636,34.79524935499973],[128.25149679900588,34.79540070923166],[128.2494493838092,34.79579448831353]]],[[[128.4401321212721,34.794486970049334],[128.44008638855013,34.794494104339115],[128.44009421632708,34.79446426327262],[128.4401321212721,34.794486970049334]]],[[[128.44081786773026,34.79448420116048],[128.44078446310627,34.79450481959208],[128.44078239760657,34.79448503532839],[128.44081786773026,34.79448420116048]]],[[[128.43997855774722,34.794528157024104],[128.4399648244795,34.794564306222576],[128.4399297930828,34.79454042568952],[128.43997855774722,34.794528157024104]]],[[[128.24916834901873,34.79619278091068],[128.2490935478,34.796109121831066],[128.24899238782075,34.796146311183406],[128.24910233727542,34.79600622885439],[128.2491769330214,34.79604748542726],[128.24923402175492,34.79597690771385],[128.24936915102094,34.7959773535435],[128.24916834901873,34.79619278091068]]],[[[128.51073943264456,34.79534067534676],[128.51071582355019,34.79534189578049],[128.51072554782854,34.795321661461706],[128.51073943264456,34.79534067534676]]],[[[128.51071034431448,34.79538913578031],[128.51068279254946,34.79540066861872],[128.51067644522183,34.795382329743],[128.51071034431448,34.79538913578031]]],[[[128.36460382264363,34.79746851783042],[128.3645649970765,34.797522707676926],[128.36447726968748,34.79750159626684],[128.36451572499482,34.797467222970866],[128.36460382264363,34.79746851783042]]],[[[128.2478790996247,34.79917524152063],[128.24786966629185,34.79919009264992],[128.24780670752452,34.799176335623336],[128.2478790996247,34.79917524152063]]],[[[128.22653756314867,34.79946844507752],[128.22623193582618,34.79987074656981],[128.2258590920887,34.79980178056785],[128.22570101598913,34.79966037596921],[128.22575264417276,34.7994584876263],[128.22612260739015,34.79907084824004],[128.22655305238382,34.799146235417076],[128.22653756314867,34.79946844507752]]],[[[128.2467728303355,34.799746503176735],[128.24672805450442,34.79946013598702],[128.24660180008993,34.7994035044734],[128.2468290113403,34.7994085885266],[128.24683332829022,34.79927149648227],[128.2471491972729,34.799461164511804],[128.24737740567863,34.799411863368285],[128.24731125342768,34.799322614304245],[128.24752864335105,34.799360995755194],[128.24753956713747,34.79913293184189],[128.2479712644264,34.79940233827051],[128.2479167109883,34.79949776456502],[128.2476587462039,34.79954607996346],[128.24768227869635,34.7996019762589],[128.24750148012222,34.799729999657025],[128.2467728303355,34.799746503176735]]],[[[128.37124035485726,34.79948259848313],[128.37121329325748,34.799451816636854],[128.3712526731441,34.79944565719277],[128.37124035485726,34.79948259848313]]],[[[128.25734192178774,34.79972583302858],[128.25740470215223,34.8000306202978],[128.25719425431726,34.800318014242485],[128.2571068019639,34.800251470216935],[128.25701033909036,34.79987000222177],[128.25708759074038,34.79969648107024],[128.25734192178774,34.79972583302858]]],[[[128.51609161988495,34.79860842970961],[128.5158662104939,34.79856887641319],[128.51541304368052,34.79828619773264],[128.5149670527952,34.79843391004939],[128.51464897722408,34.79826848642187],[128.51417407486932,34.79815173296609],[128.51407384204313,34.79802799318394],[128.51370102919947,34.79805125814282],[128.51315229066242,34.79787187322707],[128.51285882869158,34.79744918076597],[128.5133242622022,34.7971620735568],[128.51346883649418,34.79671684507506],[128.5138454038099,34.79620981754097],[128.5138325478078,34.79603713071963],[128.51341343203936,34.79573102326024],[128.51244712513923,34.7958010072793],[128.51081389739235,34.79565841367519],[128.51075064606917,34.79553309784705],[128.5108607829144,34.79532663392254],[128.51153240639286,34.79460236497286],[128.5117193748644,34.79450746423359],[128.5122606027134,34.7939637086203],[128.51295084830045,34.793637577181016],[128.51333267995076,34.79364708312694],[128.5141242199765,34.79352039283265],[128.5146142363105,34.79358990657302],[128.51509042754432,34.79352255078564],[128.51564973905485,34.793103070204104],[128.5158955767129,34.79264051279389],[128.5163476455907,34.79258672516696],[128.51673987733383,34.79241920072738],[128.51711322583057,34.792420957688925],[128.5174462678993,34.792582974101315],[128.5181358759308,34.79267194499326],[128.51871124088572,34.79247830736626],[128.51917858472214,34.79218264518658],[128.51953667797704,34.79208632012602],[128.51993513606863,34.79211873946334],[128.52045361077143,34.79246187569226],[128.52089422812537,34.79287660775557],[128.5210110720068,34.793429368503716],[128.5205462524957,34.79414583237694],[128.51970783803355,34.79428140812348],[128.51951796446392,34.79439782446992],[128.51919878844686,34.794811808653996],[128.51926786574634,34.79490148284163],[128.51902183516216,34.7954391999214],[128.51908486332158,34.79553133786595],[128.51879465569178,34.79560241591644],[128.51870463614335,34.79575591707329],[128.51869468935746,34.796666459668224],[128.51907331119267,34.7980038217248],[128.5184639820835,34.798094229359826],[128.51823204007445,34.79826471599523],[128.5178907323225,34.79827274172587],[128.51768653378187,34.79837138034681],[128.51743349436205,34.79834891874056],[128.51708326745938,34.79846990182311],[128.51609161988495,34.79860842970961]]],[[[128.25679870908644,34.80055110252938],[128.2567151267534,34.800628714351994],[128.25646068211356,34.80061939951276],[128.25657806609266,34.80045276474747],[128.25679870908644,34.80055110252938]]],[[[128.46253840173796,34.79968778393452],[128.4625098183023,34.79969826447392],[128.46249552608222,34.79966015321168],[128.46253840173796,34.79968778393452]]],[[[128.37781878075756,34.80041130925724],[128.37774044060083,34.800380391984426],[128.37775707212668,34.80035872863746],[128.37781878075756,34.80041130925724]]],[[[128.49190986941457,34.7995303512091],[128.49188052569983,34.79955004693197],[128.4918757022274,34.7995287432824],[128.49190986941457,34.7995303512091]]],[[[128.25696632900537,34.80125006119116],[128.2568338564188,34.80109712117349],[128.25670877379144,34.801074752976625],[128.2566298315282,34.8008894056599],[128.2568752417369,34.8007181232162],[128.25707278553426,34.8007300166838],[128.25720963969079,34.800829661244535],[128.25728369233016,34.80069299261791],[128.25747803511732,34.80062504220378],[128.2576114194813,34.80084150837141],[128.25756263099734,34.80095092967126],[128.2571154110809,34.80124960270569],[128.25696632900537,34.80125006119116]]],[[[128.2252312258019,34.80148690758765],[128.22519923855336,34.801495266240885],[128.22519526953354,34.801475591201104],[128.2252312258019,34.80148690758765]]],[[[128.25724309118473,34.801356687784896],[128.25750577346096,34.80145493218589],[128.25766743357178,34.80178760337886],[128.2576493368773,34.801960152405584],[128.25754321187102,34.802040026032905],[128.25716806369286,34.80193722975783],[128.25699556166637,34.80179001168709],[128.25692810729987,34.80145956622674],[128.25724309118473,34.801356687784896]]],[[[128.22290829615474,34.8024459510044],[128.22286986991523,34.80244173995404],[128.2228688654995,34.80242073157768],[128.22290829615474,34.8024459510044]]],[[[128.46921394873127,34.8014044153098],[128.4691312396494,34.801361628742875],[128.46913820619875,34.8013552530487],[128.46921394873127,34.8014044153098]]],[[[128.44130293647956,34.80220833858629],[128.4412376332607,34.80237796060149],[128.44106138590467,34.80238479087327],[128.4410782658007,34.80228272868815],[128.44130293647956,34.80220833858629]]],[[[128.2562524613188,34.80517301959114],[128.2560796510893,34.80509797345378],[128.25566394785406,34.80463419165567],[128.25572622313467,34.8041875309989],[128.25562832402468,34.803915184098685],[128.25566031692262,34.80376370857228],[128.25602705170118,34.80350735126986],[128.25611266144898,34.80332119772021],[128.25603310564665,34.80283181856227],[128.25593340763928,34.80270805738195],[128.25602750610818,34.80245335091475],[128.25679543685197,34.80222011411839],[128.25707091313492,34.80197700871802],[128.25737905771783,34.80210362622215],[128.25715631645585,34.80236179882593],[128.25734477077202,34.80262180783202],[128.25726142503763,34.803320248859364],[128.25713635569534,34.803453695497325],[128.25703071784912,34.80381189576153],[128.25692794774298,34.803866713714875],[128.25697040596293,34.80396060899805],[128.25684843564747,34.80428959402504],[128.25645476877517,34.804559202816975],[128.2565213420855,34.80511377458243],[128.2562524613188,34.80517301959114]]],[[[128.22336780469053,34.80612779081462],[128.2233687452287,34.8061673674403],[128.2231970393172,34.806088211803505],[128.22336780469053,34.80612779081462]]],[[[128.50499258130066,34.80154961919967],[128.50239157116658,34.80190257946462],[128.5018748615507,34.80211253794898],[128.50137393432635,34.80292017836781],[128.501412921345,34.80334419220179],[128.50111693582073,34.80383973860989],[128.5006551527122,34.804087432655315],[128.50064347246783,34.80423094715442],[128.50045634341248,34.804249834073474],[128.50033274396452,34.80399599385324],[128.50031227956958,34.80352173568179],[128.5001341296348,34.80318796835375],[128.49971124767586,34.80291444042592],[128.49890943549755,34.80280044528257],[128.4983503335357,34.80235592554265],[128.49824290921683,34.80194555777501],[128.49847343929605,34.80122997959483],[128.49804994872136,34.79986785398934],[128.4979816485496,34.79917382550182],[128.49779870450126,34.798794140812475],[128.4979057919117,34.798509839438864],[128.49834372702549,34.79797301822502],[128.49834651697233,34.79774064667779],[128.49783020135573,34.7971398824268],[128.49717196378634,34.79717416266928],[128.49716756964264,34.797053349315604],[128.49783315177353,34.7970146941252],[128.4982727266119,34.79650359312484],[128.49860697110327,34.79634904261301],[128.49853509773976,34.79619036855056],[128.49869115299458,34.79611121855771],[128.49885050239695,34.79629243643212],[128.49926590462528,34.79613287888737],[128.49970165740362,34.79568523698997],[128.49959917278827,34.79524085594771],[128.49881277421395,34.79500536399578],[128.49860659040448,34.79532426801467],[128.49855247577486,34.795302257243094],[128.49873249846942,34.795005265346504],[128.49842569107622,34.79489117778509],[128.49800605590877,34.79495353309144],[128.4975731945846,34.794489976765306],[128.49731973014894,34.794449161669675],[128.49713031069095,34.79456848377511],[128.49730390616548,34.795071110298345],[128.49721515196592,34.79510021491217],[128.4971528011475,34.79494681459012],[128.49651592524114,34.79532674180979],[128.4960781087786,34.79543041310583],[128.49598134190023,34.79528850231474],[128.4959545034813,34.79501366284792],[128.4960244081237,34.79489034320914],[128.49595974385522,34.79471770931688],[128.49553108222224,34.794514461409534],[128.49511535141988,34.79460795201982],[128.49487322166144,34.79454481517991],[128.49470441108238,34.79394515884926],[128.4944985218147,34.793662127447135],[128.494806820408,34.792991951051306],[128.49468119708436,34.79277037565483],[128.4950490731146,34.79223246304201],[128.4950379429688,34.79200566865017],[128.49487403959958,34.79183740719445],[128.49490920608014,34.79162662862341],[128.49547175125795,34.79165064053721],[128.495748027549,34.79152211703912],[128.49615183709017,34.791010934573364],[128.49631873799305,34.7909332534326],[128.49695024722223,34.79089004732498],[128.49717927721773,34.79074759989777],[128.49749939916012,34.79035665775611],[128.4980768814077,34.79007206522321],[128.4984568043808,34.7901396814592],[128.49877999294998,34.79055682787243],[128.49885418763324,34.79089316462798],[128.4986116913068,34.791791076214075],[128.49904276034357,34.792353436118326],[128.4992092087867,34.79279512500994],[128.4996120185685,34.79300248223431],[128.49994903091027,34.79300504385275],[128.50012289184122,34.79292085659088],[128.500593945681,34.79201419948423],[128.5012295019055,34.79178591526008],[128.5015527833557,34.79146825064753],[128.5015658698292,34.79131064376397],[128.50144714558445,34.79111201809944],[128.50109740738318,34.79080967975854],[128.5010750526667,34.79056024760742],[128.50135504456517,34.79035891605393],[128.50158143146865,34.79002611137937],[128.5015537090576,34.78928835084927],[128.5018989762929,34.78868210140247],[128.50188776391457,34.788533413242284],[128.50228100790648,34.788101211372975],[128.50265057433134,34.787837314984316],[128.50400145822962,34.787223416097746],[128.50454031175468,34.78725540334968],[128.50456066909499,34.78764581296053],[128.5046765912475,34.787893400032004],[128.50466092116963,34.78811620902981],[128.5043053668704,34.78847314693626],[128.5041112362356,34.78886750208808],[128.5039744254578,34.78976864687798],[128.50414227299646,34.79017824576377],[128.5043540432487,34.79042572931784],[128.50432107346018,34.790607506314956],[128.50440424567358,34.79072432755172],[128.50428226372375,34.7908718863537],[128.50433505692334,34.79105574467377],[128.504969510856,34.79177492469656],[128.50463341091213,34.79218268373771],[128.50466831213174,34.79249528923887],[128.50502950081756,34.792960505891834],[128.50548683676416,34.79320052535771],[128.50561612848887,34.793641505751715],[128.5060261538986,34.794190098684524],[128.50606333360227,34.79459122164626],[128.50595655462922,34.79469878747801],[128.5059350725284,34.79517849107909],[128.50631483926145,34.79620839900862],[128.50640581246404,34.796330583481286],[128.50657665852643,34.796297635388655],[128.50662856703553,34.79646733639334],[128.5063839585328,34.796568825145116],[128.50664248311884,34.79713052690246],[128.5065375304324,34.797256433638275],[128.5068379823758,34.797701285203736],[128.50711030373537,34.79840626579822],[128.5076649979277,34.79835923621269],[128.50771729256792,34.798661335562656],[128.50718381631734,34.798730554384996],[128.5073718287899,34.79933600252325],[128.50754219514775,34.7995720298421],[128.50834510160948,34.79964181801673],[128.50834494424407,34.79971067502986],[128.507603789091,34.79968874952329],[128.50752180574167,34.79974273647547],[128.50774281732288,34.80005144069831],[128.508208791404,34.80027849476606],[128.50868610581514,34.80030359743642],[128.50908400054215,34.800041061895584],[128.5095964753703,34.79999821485058],[128.50958748827907,34.80005369317654],[128.51014075292179,34.80015251263448],[128.51050368082554,34.80013934882274],[128.51066539931264,34.80023901343259],[128.51078198742653,34.80048065138373],[128.510624028435,34.80073357327785],[128.510213150139,34.80094543827597],[128.50999543464746,34.80099412156907],[128.5098796809914,34.80093102191025],[128.50971963370355,34.80114288552173],[128.50910660486437,34.80132842450939],[128.50883432578047,34.801311845908295],[128.5086386465662,34.801143331454576],[128.5084295528627,34.80113989114629],[128.5078620166994,34.80152434426917],[128.5072199720671,34.8014949202211],[128.506372583673,34.8017165567913],[128.50588987018048,34.80158212856035],[128.50499258130066,34.80154961919967]]],[[[128.22315436983084,34.806244870818304],[128.22314941618683,34.80614974332575],[128.22332441559968,34.80620981019288],[128.22315436983084,34.806244870818304]]],[[[128.46144290244973,34.80563685865371],[128.4611928257019,34.8054984648897],[128.4613962617509,34.805104971092206],[128.46222284614166,34.80478050095431],[128.46254276508384,34.80474302794627],[128.46272524135784,34.804591054386904],[128.46303616098282,34.804649723237965],[128.46295914712292,34.80506031254479],[128.4625165724457,34.80542767044682],[128.4621895802782,34.80562969984038],[128.46144290244973,34.80563685865371]]],[[[128.49955717091447,34.80599402396729],[128.49963853661026,34.805804107887354],[128.49996010513772,34.80563593526122],[128.49996363165656,34.80572560806069],[128.49982693044933,34.80579911820582],[128.49987104361855,34.805890813725064],[128.49955717091447,34.80599402396729]]],[[[128.20867713515202,34.80853209295421],[128.20863325227305,34.808571432089664],[128.20863077258457,34.808518802458494],[128.20867713515202,34.80853209295421]]],[[[128.20857230979712,34.80861425751422],[128.20855021520418,34.80862536315062],[128.20853729853138,34.808603600719614],[128.20857230979712,34.80861425751422]]],[[[128.20833895641036,34.808819435574186],[128.2083154799299,34.80882199612875],[128.2083179697618,34.80880734625964],[128.20833895641036,34.808819435574186]]],[[[128.44157411204523,34.80730419425132],[128.44164112300126,34.807339613258954],[128.44164773879882,34.80735618545578],[128.44156055095874,34.80736885944752],[128.44157411204523,34.80730419425132]]],[[[128.2597819182414,34.809264205310996],[128.25972177521163,34.80926203068686],[128.25973626720656,34.80920261262144],[128.2597819182414,34.809264205310996]]],[[[128.25938972356278,34.80929880519473],[128.25927378419598,34.809337933981965],[128.25929769650793,34.809269821178056],[128.25938972356278,34.80929880519473]]],[[[128.2604806240268,34.80948285564978],[128.2604536315949,34.80949300033959],[128.260441855914,34.80945876254834],[128.2604806240268,34.80948285564978]]],[[[128.2607816994178,34.809836646964754],[128.26073061355646,34.809838820335855],[128.26072046916173,34.8097942573207],[128.2607816994178,34.809836646964754]]],[[[128.2611106731197,34.81051596947495],[128.2610527028423,34.81057683730329],[128.26101864760463,34.81057393837407],[128.2610316898607,34.81049640507792],[128.2611106731197,34.81051596947495]]],[[[128.4858395758338,34.80934925734634],[128.48582872320566,34.809334786912956],[128.48583676250271,34.8093319733199],[128.4858395758338,34.80934925734634]]],[[[128.48603030249456,34.80942763819436],[128.4860098021865,34.809422212716605],[128.48600919996179,34.80941497674012],[128.48603030249456,34.80942763819436]]],[[[128.48734785429502,34.81002242862665],[128.48721279801717,34.80998203155814],[128.48738282421954,34.8099754003198],[128.48734785429502,34.81002242862665]]],[[[128.487296605803,34.810081515228326],[128.48727188388932,34.81011769105456],[128.48719470965327,34.81008453045683],[128.487296605803,34.810081515228326]]],[[[128.4870376468848,34.810434831862175],[128.4870153388823,34.810448096855055],[128.48701292732255,34.81042428020898],[128.4870376468848,34.810434831862175]]],[[[128.46473433078634,34.81089771232563],[128.46474888515135,34.81112238674005],[128.4645609896724,34.811200223822915],[128.46443912685973,34.81097520068126],[128.46447163778174,34.81088749977801],[128.46473433078634,34.81089771232563]]],[[[128.21529962033367,34.81362925262101],[128.2153404828816,34.81356146161538],[128.215473995654,34.813531314839786],[128.21537471444188,34.81361666641869],[128.21529962033367,34.81362925262101]]],[[[128.4571235311881,34.8108126093273],[128.45714596881163,34.81100271458855],[128.4570170072326,34.81114792790567],[128.45703209585506,34.81167477908546],[128.45683179076107,34.81197188762456],[128.45580718007838,34.81154264666173],[128.4555926867105,34.810873691783534],[128.45539901183656,34.8108010563188],[128.45562899584067,34.81062117069207],[128.4556286230852,34.810219092071605],[128.455782606556,34.8099381683118],[128.45611089283372,34.809726469386646],[128.45656231194832,34.80991160271256],[128.456701914929,34.81004877798173],[128.456734417925,34.81041836715349],[128.4571235311881,34.8108126093273]]],[[[128.44344484422007,34.81216174892774],[128.44340854455476,34.81211377524568],[128.44365096993786,34.81198615736079],[128.44361455869682,34.81192005714289],[128.44376108796752,34.81177009300976],[128.44372129479754,34.811596186667124],[128.4437906603855,34.811598584681704],[128.443797911485,34.81176620408036],[128.44368790692238,34.81199460864931],[128.44344484422007,34.81216174892774]]],[[[128.4586997493222,34.81199056878393],[128.45850065922545,34.812224277173456],[128.4583249164048,34.81223753270667],[128.45840285510914,34.812015453584806],[128.4586997493222,34.81199056878393]]],[[[128.45881102707358,34.81253650056284],[128.458591468681,34.81260348673376],[128.4585173025652,34.81248216734403],[128.45858376217163,34.81239876508219],[128.45881102707358,34.81253650056284]]],[[[128.48932357834036,34.81259382747605],[128.48927914986282,34.81259738893318],[128.4892713490907,34.812562456416906],[128.48932357834036,34.81259382747605]]],[[[128.21056755677196,34.81451489741563],[128.2106397952365,34.81456124646977],[128.21066191846782,34.81460222251234],[128.2105654840346,34.81459465555002],[128.21056755677196,34.81451489741563]]],[[[128.48900229243708,34.8126747145247],[128.48889738232123,34.81265843624905],[128.4890547470093,34.812596032859744],[128.48900229243708,34.8126747145247]]],[[[128.26535978719346,34.81431002950376],[128.26536340981616,34.814362200533566],[128.2652576174538,34.81434046302092],[128.26535978719346,34.81431002950376]]],[[[128.35448277714292,34.81385231905322],[128.35441391148214,34.81382600123572],[128.35442639216544,34.81378596936707],[128.35448277714292,34.81385231905322]]],[[[128.4592763532248,34.81297918623321],[128.45936835978395,34.813023255943925],[128.4593488098448,34.81307843440611],[128.4592347070195,34.81305427769863],[128.4592763532248,34.81297918623321]]],[[[128.48538286374622,34.81274979515967],[128.48551249326638,34.8128544761631],[128.4855077490057,34.81323733657814],[128.48528300826194,34.81333099467915],[128.48512324311045,34.81314074206072],[128.48538286374622,34.81274979515967]]],[[[128.4960246196591,34.81324248056836],[128.4949739389506,34.813243868584394],[128.49415015555041,34.81306648996206],[128.49366494874727,34.81281858740172],[128.4924311285131,34.812818244170494],[128.49173735306837,34.81264066150564],[128.49122911597135,34.81296201524931],[128.49097187803963,34.81296328371311],[128.490809849266,34.812717212387135],[128.49107043470337,34.81202170081245],[128.4909827340232,34.81186819043112],[128.49108361694974,34.811850512810366],[128.49113946293974,34.81207076857071],[128.4915663161533,34.811981204917025],[128.4921705947613,34.81176848284715],[128.49228290142466,34.81152756578597],[128.4924533849754,34.811441869505],[128.4925219835378,34.81150631889922],[128.49246178189324,34.81174898434249],[128.49271638608167,34.811939100949445],[128.49339040436374,34.8119321075958],[128.4939032652771,34.81179190506221],[128.4942006246844,34.81139475033724],[128.49417911261108,34.81124710369897],[128.4940396822678,34.81113488345717],[128.49401899689917,34.81086195252562],[128.4939063300513,34.810744517017866],[128.493648648496,34.80967575130944],[128.4938743774303,34.80948773404969],[128.49433186788437,34.80933583491181],[128.49523160704896,34.80932158997793],[128.49546411763532,34.80945895669527],[128.49578089494088,34.81010132413711],[128.4958660282187,34.810504306024136],[128.49610673934055,34.81053190053347],[128.49605932992,34.81077941073434],[128.49634442135687,34.81088321949806],[128.49629757116602,34.810964422872935],[128.49579589351774,34.81079404773065],[128.49567049090626,34.81094738964025],[128.49573286841007,34.81123622001895],[128.4960305716972,34.811552841443024],[128.49635567564067,34.81127710694833],[128.4964390472327,34.811323991986775],[128.49617603984547,34.811657829502465],[128.49641285610653,34.81175593402686],[128.49669672917318,34.81175997430336],[128.4969591055738,34.811694764503216],[128.4974479177388,34.81142471910506],[128.49853895161726,34.81119700580332],[128.49891801499805,34.81116047472523],[128.4992183134299,34.81122912258407],[128.4990348046698,34.811590769010174],[128.4987293633502,34.811787880264816],[128.49852380598145,34.812209734661025],[128.4971515410634,34.812901831564254],[128.49651381567955,34.813152047452014],[128.4960246196591,34.81324248056836]]],[[[128.21094454969963,34.81631045914581],[128.21095365423406,34.81631845043352],[128.2109182442681,34.816318311060684],[128.21094454969963,34.81631045914581]]],[[[128.20522534981635,34.81655159121185],[128.2049975724447,34.81655775538637],[128.2049465428855,34.816511001471554],[128.20516784293827,34.81646918106284],[128.20522534981635,34.81655159121185]]],[[[128.20512158535877,34.816641402463716],[128.20510170192227,34.8166518192528],[128.20507364492357,34.8166143275714],[128.20512158535877,34.816641402463716]]],[[[128.2653192088278,34.81655414684988],[128.2653054420643,34.816600522624945],[128.26522718400986,34.816544003019075],[128.2653192088278,34.81655414684988]]],[[[128.4593153909893,34.8149617220925],[128.45910312200107,34.81527262397611],[128.45875491078226,34.81532437992727],[128.45850048021737,34.814612495104384],[128.4583027539271,34.814545040673195],[128.45829306373068,34.814444119911414],[128.45790019173026,34.81430183432882],[128.4578650900065,34.8142255359696],[128.45803870525685,34.814027456299804],[128.45807844429476,34.81348241877502],[128.45782674007305,34.81277570832687],[128.45767184394774,34.81261257956997],[128.45757107924982,34.812615310432555],[128.45766945774187,34.81236354924637],[128.45786435033665,34.81232571159131],[128.45844382631518,34.81257052032013],[128.45853436042117,34.81279585224282],[128.45883662395264,34.8129452251359],[128.45901698737327,34.812946676582456],[128.4591304652558,34.81308419820538],[128.45934090195442,34.81315985422356],[128.45932918979153,34.813254244726075],[128.45910922512343,34.81336705903036],[128.45942945992368,34.81355369961812],[128.45943543996307,34.81367097893156],[128.45961763212853,34.81378277206554],[128.4595364374917,34.81401904190057],[128.45970399145796,34.81405001037825],[128.45973699864993,34.814129497895244],[128.45959891035065,34.81417302954207],[128.45959942040875,34.81424408253869],[128.45983344715634,34.81433668713576],[128.45969262407536,34.81474623625385],[128.4593153909893,34.8149617220925]]],[[[128.34773779342066,34.81605379084517],[128.34765849840028,34.81628069638101],[128.34754504636265,34.816275816599486],[128.3475840838559,34.816139186723554],[128.34773779342066,34.81605379084517]]],[[[128.2654014516014,34.81701536259361],[128.26529964487446,34.81711354724294],[128.2652380526092,34.817014637384965],[128.2654014516014,34.81701536259361]]],[[[128.26538768507524,34.817197602203954],[128.26538732220618,34.81713673412191],[128.26547318940672,34.81716245810773],[128.26538768507524,34.817197602203954]]],[[[128.19892972992895,34.81751014251891],[128.198988686068,34.81768050378399],[128.1988634472528,34.817767977638255],[128.19870512166437,34.81776317706074],[128.1986966516127,34.81771236442273],[128.19892972992895,34.81751014251891]]],[[[128.20013860280415,34.817845890710984],[128.20003448010624,34.8179324597317],[128.20003355538864,34.81786980802086],[128.20013860280415,34.817845890710984]]],[[[128.2654905797056,34.817811709198516],[128.26551231804598,34.817739972232324],[128.2656007196275,34.81781678104954],[128.2654905797056,34.817811709198516]]],[[[128.34451256411097,34.81819287661931],[128.344518214469,34.81867174168684],[128.34368883121957,34.8189713113412],[128.3432710910134,34.81874298673741],[128.34306821246747,34.81828854396664],[128.3431663263933,34.8180443554292],[128.34331103662674,34.818065723694595],[128.34331441001805,34.81794568453696],[128.3437731587782,34.8178635271704],[128.3444968757736,34.817588595481006],[128.34454215553524,34.81747766512466],[128.34442230591677,34.81729933807314],[128.34453906821554,34.817075834699175],[128.34517036307025,34.81696910669062],[128.34525454413824,34.81713751642498],[128.3451800790541,34.81724007246112],[128.3452431809781,34.81739855711881],[128.34506098731214,34.817823031232386],[128.34451256411097,34.81819287661931]]],[[[128.48342007220734,34.817018277117604],[128.48393773694195,34.81736451825343],[128.48442165626156,34.81753705414118],[128.48425251733656,34.8178407843216],[128.4840857193904,34.817962576010736],[128.48383263609438,34.817919724118845],[128.48365260813125,34.817703560238535],[128.4832876138793,34.81759364443324],[128.48308277907705,34.817415862792345],[128.48297163225183,34.81714079697774],[128.48277166813855,34.81703897189838],[128.48253212821513,34.817002792443816],[128.48223993080157,34.81711959325164],[128.48175820560823,34.817120449737466],[128.4816081672548,34.81698205257673],[128.48152196923752,34.81656502299772],[128.48115163715352,34.81626512594027],[128.4802560690123,34.81623536846461],[128.48003194458772,34.81629224503352],[128.4796876870293,34.8160108911068],[128.47926302791313,34.81590908832049],[128.478499554309,34.8155249856704],[128.47715400496105,34.815886098177366],[128.4768734511834,34.81604502494662],[128.47583726556945,34.815817852537684],[128.47560236392675,34.815838556227234],[128.4753832896121,34.81611991524807],[128.47468604759237,34.8164109107139],[128.4746490809716,34.816507501227704],[128.4741939536401,34.81653198964611],[128.4738752568346,34.81668384605274],[128.47377081206602,34.81684529108719],[128.47357009824293,34.816952896090754],[128.47337978877943,34.81695250621103],[128.47317258955775,34.817067849660006],[128.4727244293342,34.8170774849714],[128.47187760042414,34.81685318690995],[128.4715283415912,34.81703460004559],[128.4710391532373,34.817529150549156],[128.47091562479682,34.81746344293315],[128.46992152758787,34.81755516113219],[128.46971125931347,34.8178666242367],[128.4696193203512,34.817873107282786],[128.46909785645997,34.81753444827908],[128.4689928410831,34.81734113316167],[128.46872492329302,34.817386829022986],[128.46827934740983,34.81716900846135],[128.4681173574451,34.81692246350229],[128.46799975222163,34.81651403175296],[128.46811708061284,34.8163118680929],[128.4680220851852,34.81615834036377],[128.46808738045198,34.81601028850099],[128.4679956354022,34.81588839449062],[128.46813264994844,34.81548564384881],[128.46792467747846,34.81464309496258],[128.46783853163683,34.81465484622884],[128.4677871489504,34.81438703366715],[128.46832477997452,34.814344338974],[128.46838704245454,34.814157685603064],[128.46821538462964,34.81373191191731],[128.4674267897959,34.81313236669945],[128.46691086728183,34.8129779296769],[128.46647594655474,34.813010968944624],[128.46642701806283,34.81347897691212],[128.4669826036888,34.814271779361],[128.46683376568603,34.814336907196484],[128.46630311478611,34.81355319743777],[128.46613431878188,34.8136677036792],[128.46608905558614,34.81363380737687],[128.46626816415116,34.81348691403452],[128.46569886607486,34.81326578381918],[128.46600289201857,34.81256785311056],[128.46573782008326,34.8124720080823],[128.46578464044475,34.812401617353046],[128.466031172345,34.81252029242393],[128.4662398710951,34.81221292007561],[128.46628006214144,34.811909349191936],[128.46603612416553,34.81171987203389],[128.46609395255803,34.81163272265395],[128.46627740764302,34.81170257719497],[128.4670676175447,34.81093130646534],[128.4672316595314,34.81095264134539],[128.46750885838975,34.81066171803425],[128.46757916029037,34.810528936959344],[128.46732449858374,34.8103004766688],[128.46739636657887,34.810221432497045],[128.4677851565691,34.81050282223058],[128.46786699555798,34.81042119167804],[128.46768223136544,34.809977750808194],[128.4678406573597,34.80981477592295],[128.46774396695793,34.809712409005144],[128.4679303550629,34.80876805964768],[128.46791111121377,34.80862631780203],[128.46773851706237,34.80855470926752],[128.46771801634424,34.80841483854465],[128.4679132842843,34.80794355035461],[128.46793655277136,34.80748656812646],[128.46801864040964,34.807376257839216],[128.46796275132093,34.806903952795196],[128.46829269575645,34.80659602348551],[128.46850105617835,34.80597498567546],[128.46844709388677,34.80570313574901],[128.46855125545042,34.805633712292774],[128.46876833762488,34.80570764010694],[128.46895961923968,34.80556230236415],[128.46915032163406,34.8051300580925],[128.46913490628748,34.8046672419086],[128.46921734429966,34.80452951818762],[128.46960909754338,34.80430636399877],[128.4698605672069,34.80424997772311],[128.47002073012723,34.80436342794229],[128.47015015205412,34.804800973151515],[128.47050140377237,34.80493186153982],[128.47111181813716,34.80504929573545],[128.47182264080848,34.805065773730924],[128.47227764069456,34.80518382905806],[128.47317075797906,34.805073487047586],[128.47363893820332,34.80518973751166],[128.47390947075664,34.805614212277504],[128.4741612478717,34.805765880102385],[128.4745876895161,34.80550420085367],[128.4748491107483,34.80549059448719],[128.47550267229062,34.80591922834046],[128.47584920198435,34.80606159544691],[128.4775841199802,34.80607063332983],[128.47807675012666,34.80629486205379],[128.47836873035357,34.80626191382375],[128.4790877821951,34.8054081726769],[128.47946132230027,34.80464777735727],[128.48019285683242,34.804108559766135],[128.48038039350197,34.804110126612926],[128.4806316311334,34.80425201786081],[128.4809856618957,34.80413438805729],[128.48139375181395,34.803047338183625],[128.48202918983478,34.80265393098142],[128.48229967801828,34.802339891913306],[128.4827208866337,34.80215878871818],[128.48294185869173,34.801954383297335],[128.48309293824715,34.80154117645131],[128.48371645652387,34.80096237245994],[128.4840848625651,34.800409668590646],[128.48433547574805,34.79988683662611],[128.4843038874562,34.79944437384779],[128.48442480631164,34.79924003283513],[128.4846115152914,34.799080891423976],[128.4850346716405,34.79891325078565],[128.4860024380896,34.79787802714391],[128.48605468223678,34.7975961044306],[128.4858989461962,34.79736002162746],[128.48537120223295,34.79725681442861],[128.4837720208337,34.79775060922652],[128.48357793984806,34.797695482754335],[128.48296782767204,34.79726383269546],[128.48259349202186,34.79721661138851],[128.48229738231058,34.79732305848515],[128.48204483649837,34.797661820717785],[128.48209235280706,34.79847950258785],[128.48194485267317,34.799906941609734],[128.48236824607062,34.80005599490285],[128.48234011276597,34.800125682056546],[128.48211388397294,34.80004891345978],[128.482055006503,34.80013538814395],[128.48170935787635,34.7999929853616],[128.4809846407845,34.800648243643174],[128.48063683186467,34.80081728933077],[128.48006867134876,34.80042561671181],[128.47971119403,34.80050795447885],[128.47935401500862,34.801711352392054],[128.47902054600337,34.802064536152095],[128.47888417698962,34.80247422475665],[128.47817823290424,34.802838711276024],[128.4778368730405,34.80311391705654],[128.47754654293632,34.803486717998304],[128.47717918033194,34.803649078577365],[128.4765842889957,34.80412308601798],[128.47598791112642,34.804322823213916],[128.4754233483421,34.80428342499973],[128.4751856317337,34.80418052969555],[128.4749729464901,34.803976861907785],[128.47331388742722,34.80330616372795],[128.47307599434794,34.80305552477652],[128.47339291232757,34.80251116361233],[128.47339089688128,34.802157566272435],[128.47326017757996,34.80202280978971],[128.4737435733386,34.80129077223412],[128.4739854662632,34.80066605262891],[128.473777700113,34.80066388478737],[128.4737706930349,34.80057670498332],[128.4739978864639,34.800555706153446],[128.4732320913528,34.79932189357775],[128.47331986912712,34.79910787872585],[128.4734661607559,34.79899050558509],[128.47419929246385,34.79894281498373],[128.47484940200135,34.79874599357228],[128.47510970975733,34.79818151284249],[128.47474008775066,34.79794149780741],[128.47448844082882,34.79810863580509],[128.47443794287096,34.79804226356612],[128.47464990504045,34.797916216954334],[128.47455412699398,34.7978224161233],[128.47438203906142,34.79771600778037],[128.47418364048772,34.797877450006794],[128.47351683220495,34.79734416999416],[128.47345796279689,34.797206154334106],[128.47325611599987,34.797210416195],[128.47329784101552,34.797026110036754],[128.47348435825998,34.79709082672682],[128.47374490069458,34.79620166954128],[128.47344438728965,34.79612331209904],[128.47350962211308,34.79599202339625],[128.47375249947208,34.796106053457216],[128.47408187969182,34.79592425761304],[128.47456994919744,34.79578623427198],[128.4750020768718,34.79537555422524],[128.47512467621763,34.79514906766616],[128.47512748189348,34.794302807028714],[128.47465765090593,34.794012115508174],[128.47431272248926,34.794184602574525],[128.47407844468364,34.79440597042466],[128.47395180480035,34.794424172704566],[128.47390208461553,34.79432220001138],[128.4740120260672,34.794126628793],[128.47377206030237,34.79356062839262],[128.4734956495265,34.793395641066944],[128.4728827190682,34.79334884881809],[128.47276815120514,34.79342576593458],[128.47278113892037,34.79383449618871],[128.47254688132034,34.79433227609171],[128.47261362663193,34.79446401282548],[128.47288802174126,34.79460296997965],[128.47251671598866,34.794487134816386],[128.4721354992101,34.79487716470648],[128.47189729732582,34.7949456075691],[128.47122458459148,34.794476553858765],[128.47123879404035,34.794186043094406],[128.47150991302922,34.79385559834544],[128.4714707712934,34.793260693737984],[128.47107628449857,34.79318163219608],[128.47051832569497,34.79345867020394],[128.470138870336,34.79338134332112],[128.46998496391964,34.793907810278526],[128.46996033099455,34.79434879443199],[128.4700612150004,34.79462361021592],[128.46981782401977,34.79489282432318],[128.46955320832282,34.79498196038369],[128.46899610288185,34.79493914221323],[128.46893322430913,34.7947912930367],[128.46904968696805,34.794447227099404],[128.468928028594,34.79401669837725],[128.46899457323485,34.793735001219375],[128.46862667439754,34.79330263161889],[128.46845010023094,34.79324139095005],[128.46825862269043,34.79302048300381],[128.46803428254472,34.79256964166954],[128.46821756930507,34.79199957726712],[128.46818890711086,34.79187791305356],[128.46849793759154,34.79134971426605],[128.4683469820361,34.791311461118696],[128.46844777299145,34.791054923150405],[128.4679561576569,34.790984668503825],[128.467996538005,34.79083464574913],[128.46855853906328,34.790910707247804],[128.46888886730514,34.79009013685951],[128.46974079085786,34.790245649891936],[128.46920509655263,34.790012782692955],[128.4681432652766,34.78987593607848],[128.46774627238446,34.79008172468233],[128.46766817186548,34.79000330359768],[128.4677514771101,34.789936122416485],[128.4676764819586,34.78960824725963],[128.4684185664361,34.78911722227027],[128.468488230176,34.789001405201084],[128.46786717032708,34.78863030326189],[128.46736132695096,34.788895142098504],[128.4671361694733,34.78942610644198],[128.4668278214856,34.78932265161564],[128.4669632178027,34.78907324218469],[128.4670916838883,34.78912195913327],[128.46758148177713,34.78840803036262],[128.4676439130751,34.78774372429908],[128.4659732113665,34.78750320849118],[128.46557780392263,34.78805739625747],[128.4651567071267,34.789021502142006],[128.46534006498658,34.79027521793356],[128.46553705484732,34.7905528734235],[128.46539983573638,34.79099945813187],[128.46559984201028,34.79140733544381],[128.46558800636043,34.79154356624301],[128.46548793415695,34.79161426315824],[128.46559625437715,34.791858411998334],[128.46557200459492,34.792004374458756],[128.46571985812653,34.7922351948509],[128.4653870109254,34.79311500680574],[128.4656489365015,34.7934535934048],[128.46546350021947,34.793818811560364],[128.4655225543771,34.79427876898763],[128.46569245163874,34.794648026489284],[128.46605332442945,34.79487775822931],[128.46617458571149,34.795267538470135],[128.46608737566578,34.795910619249085],[128.46585958408207,34.79629473441021],[128.46590151283453,34.79652034165557],[128.46682008953542,34.797409680316136],[128.46714463618574,34.79790333569394],[128.46729159707837,34.79836469244349],[128.46723152024074,34.798840497405074],[128.46706568585162,34.79905516618541],[128.4671901130295,34.79977445217649],[128.46735275409188,34.79990337178704],[128.4676384213794,34.799832670293426],[128.46737723011657,34.79994942148007],[128.4677398196321,34.80039089248314],[128.4680440306129,34.80047364030837],[128.46811657471187,34.8009846363569],[128.46804051434208,34.80114485999046],[128.46754003249097,34.8015685551251],[128.4668580405027,34.801836878091066],[128.4660401597418,34.80227866042326],[128.4648975070629,34.802584978984946],[128.46464625419972,34.803140812608916],[128.4642767870932,34.803355562288615],[128.4635160283011,34.80420106681536],[128.46297644166054,34.8043478535011],[128.46231682931997,34.80426825676353],[128.46213092714885,34.80402703821737],[128.46225817265534,34.80392061459843],[128.46216746603017,34.80363658486055],[128.46249575618202,34.803412584562345],[128.4624590818334,34.80328436296388],[128.46269224275375,34.803064894538096],[128.46270150722904,34.80299678852064],[128.46243428062238,34.80291526874407],[128.462941109272,34.802418377016124],[128.4630117148052,34.802011343300045],[128.46289966061843,34.80188640816144],[128.46306756727236,34.801622739490206],[128.46296949751405,34.801362917721505],[128.46232290275526,34.80144794110708],[128.46209197288331,34.801386453040635],[128.4619862963222,34.80119875405918],[128.4619834546255,34.800966674169715],[128.46210718780043,34.80076429390788],[128.4627324304988,34.80061265135651],[128.46289197874506,34.80048883956336],[128.46293596557516,34.80026482212759],[128.46258558664496,34.79989700053626],[128.46279536396713,34.79991483012597],[128.4628736127353,34.79981115871979],[128.46312273467404,34.79985246224932],[128.46322805458422,34.79974113710275],[128.46317717975165,34.799142549030805],[128.46329280187067,34.79898604319986],[128.4633889700443,34.79842250548992],[128.46364665104178,34.798419882826096],[128.46384427794536,34.79789881709945],[128.46356895864224,34.7977620218741],[128.46364427897063,34.79762347531926],[128.46407649588596,34.79780078664603],[128.46439748342465,34.79763377699371],[128.46443092024842,34.79729503438298],[128.46433401744275,34.797125561173324],[128.4640215930669,34.79700099714415],[128.46385615536732,34.79697366137654],[128.4637629082032,34.797182141191335],[128.463678656378,34.79715337411808],[128.4638117072597,34.79681553083166],[128.46363950850903,34.79633374866176],[128.4634855451582,34.79621241720092],[128.4632323691488,34.79615291431358],[128.462523911625,34.79618427562655],[128.46199258951907,34.79691579290494],[128.4619054908583,34.796884097540435],[128.46245824916403,34.79610477182677],[128.46232806190636,34.79589679119249],[128.4625748799549,34.795502124238425],[128.46241202187298,34.79540769540338],[128.4624504842673,34.795260625690375],[128.46234770717822,34.795052306535275],[128.46192818630686,34.79500470152998],[128.4620207468715,34.79475262801053],[128.46181327447556,34.79458480932094],[128.46207059472704,34.7944409243184],[128.46205747985488,34.7943367546378],[128.46173651837293,34.79424609037324],[128.46165905317048,34.794134600317996],[128.46185681975447,34.79387209753328],[128.4621558372201,34.79369213642015],[128.46254170927037,34.79314760532331],[128.46270617613362,34.79309333414742],[128.4627788007002,34.79236726632468],[128.46300135744912,34.79203656788836],[128.46312034909673,34.792064511441104],[128.46322157798727,34.79159169150514],[128.46303350139559,34.79115776400445],[128.4630524879981,34.7910006080795],[128.46294638098755,34.790960387337186],[128.46290346788643,34.79079535039189],[128.4626444931542,34.79052246407426],[128.46278016598865,34.79021020551358],[128.4625234912426,34.78971298168042],[128.46257619836499,34.78940880424938],[128.4626819805496,34.78932307056453],[128.46262080872364,34.78906311111626],[128.46244887650127,34.78896636610951],[128.46241191673118,34.78878380810523],[128.4621786281649,34.7886918833718],[128.4620544108937,34.788415879719686],[128.46172825646522,34.78841473225102],[128.46158963141477,34.78830835743781],[128.46156924593504,34.78811458592081],[128.46134376532842,34.78802171867994],[128.46128544353934,34.787906320406385],[128.460988482497,34.78797447374934],[128.4607608973538,34.78789598841318],[128.46016522400436,34.78737848382634],[128.4601561782656,34.787237771497814],[128.46037587188968,34.78705406165832],[128.46007398005398,34.787014664305524],[128.46020521748315,34.78664393906616],[128.4599974522773,34.786728982666546],[128.459809668624,34.786659680407226],[128.46002966582768,34.786359996217705],[128.45975137930256,34.78659059130799],[128.45960028029597,34.78649951389582],[128.45995948733426,34.78630922858708],[128.45992070085538,34.786197462799315],[128.46007129674092,34.78614346963756],[128.4601585168224,34.78619102246022],[128.46011161509801,34.786310540003576],[128.4602849352549,34.78621628356208],[128.4604572608741,34.78622549126253],[128.46046489666261,34.78635127663295],[128.46061856566715,34.7862726584138],[128.46078426980569,34.78631962921265],[128.46106478370095,34.78626751911781],[128.4613073049855,34.78610668823545],[128.4614316560141,34.78578877095545],[128.4617481496163,34.785691287627934],[128.46158263709708,34.78559691620845],[128.46160325282915,34.78542111140515],[128.46192818813094,34.785084624661145],[128.462316108325,34.78493230196869],[128.46249822926154,34.78474840023752],[128.46306545148767,34.78459309179369],[128.4629545967166,34.784459253792136],[128.4630154125694,34.78439609870912],[128.463438884463,34.78444650066355],[128.4634933474804,34.7841888723417],[128.463733053271,34.783864338800406],[128.46368540914224,34.78370099947132],[128.46423911248758,34.78314470972808],[128.46445161098652,34.78307356311633],[128.46465827147887,34.7827389791839],[128.46481075845784,34.78217023615059],[128.46513296419667,34.781788888761476],[128.46527660901378,34.78180642008125],[128.46583181317627,34.78164744929913],[128.46622610382659,34.78170958652824],[128.46657094916324,34.78163137918759],[128.46660569596114,34.781751547534114],[128.46676061854032,34.78177663873364],[128.46676487237892,34.78187997672913],[128.46699437337506,34.781992001831874],[128.46701042004977,34.782382454760736],[128.46732646340695,34.782580151356356],[128.46724296373475,34.782689631316224],[128.46726208837512,34.782857819935025],[128.46760326281608,34.78286944312961],[128.46761641330997,34.78304260623047],[128.46775421701128,34.78317356379995],[128.46772394942363,34.78326136523586],[128.4679987883704,34.78330722589393],[128.46820207190697,34.78345786997948],[128.46854513631524,34.78346808049859],[128.46865230396088,34.783272140010304],[128.4689151959406,34.783141403989774],[128.46902406154655,34.78284282906211],[128.4689307426793,34.782606027122256],[128.46894779171674,34.7824789529201],[128.46908562096587,34.78236669838401],[128.46901379830894,34.78198495872178],[128.46937100722772,34.781625818003945],[128.4696001608347,34.78161283936129],[128.46958092079916,34.781479623874134],[128.46967535539386,34.7814184466202],[128.4695937324338,34.781258394793184],[128.4696818282679,34.78116932698247],[128.46988969908978,34.78122094062919],[128.46992827910495,34.78129891610978],[128.47003382670977,34.78121390023262],[128.4699384775059,34.78103574485417],[128.46986277089394,34.78034526305187],[128.46995496441795,34.7799995693317],[128.47011921072726,34.77991677369315],[128.47012444183255,34.77958298228645],[128.4699990151375,34.77948702045931],[128.4699501868753,34.77931586505849],[128.4700375530485,34.779278198785214],[128.47016802362708,34.77947996741497],[128.47020833853733,34.77929993012416],[128.47041060148374,34.77926220981719],[128.47053481649337,34.779155787269985],[128.47027559784203,34.778883225122364],[128.47038327341645,34.778814281571954],[128.47042437879318,34.778605590787684],[128.47074905173923,34.7784325459352],[128.4705300769652,34.77804915974904],[128.47057470028227,34.77773769484201],[128.470843078575,34.7774648602908],[128.47105970643628,34.777439791084774],[128.47108470930925,34.777278559495066],[128.47148999834366,34.777102825332264],[128.47170502028698,34.77691972941713],[128.47214844584988,34.77675424883012],[128.47228606716408,34.776577558212004],[128.47204039054202,34.77661398710855],[128.47191041744986,34.776436548749885],[128.47210132801553,34.776247912333204],[128.4724037924263,34.776148065393464],[128.47249076556201,34.77602885151198],[128.47273890610012,34.77604450588979],[128.4732845661921,34.77588165785207],[128.4733435773212,34.775580233991924],[128.47329061576772,34.77507907098721],[128.47315543049592,34.77473109408393],[128.47261318466377,34.77405137922949],[128.4721452634928,34.773948241740975],[128.47207688282057,34.77384483161367],[128.47238447053314,34.77348789611308],[128.47267886401877,34.773346235664896],[128.47286672207977,34.77341286849638],[128.47318521132152,34.772986803657155],[128.47334376576848,34.77294849830126],[128.47332503256683,34.77280468655718],[128.47348282733498,34.772796827767245],[128.47360094318873,34.77246126484247],[128.47364169281684,34.77170789250701],[128.47330647392766,34.77174283613133],[128.4732821706719,34.7713854773649],[128.47184338239234,34.77148016641669],[128.47162927223295,34.771763523466404],[128.47164958750588,34.77186628595778],[128.4714691639643,34.77187127688481],[128.47139362711934,34.771789507289526],[128.47174394829395,34.77129686156399],[128.4736382636103,34.771244567530914],[128.47342231527995,34.770273282838346],[128.47321580200173,34.770054307027976],[128.47285308923117,34.77015165622281],[128.47314018055624,34.77001634353085],[128.47261633066125,34.76886591888211],[128.47189882291391,34.768703942017076],[128.47153291828246,34.76831615071109],[128.47154674456732,34.76817207060284],[128.47126116085735,34.767931618104996],[128.46978848974751,34.767774778922146],[128.46939672138183,34.76794689191814],[128.46928339157645,34.76788832224972],[128.46905346219538,34.768084104618026],[128.46880711751572,34.76815111623333],[128.46844532702852,34.76796187865105],[128.46815681715728,34.76791767905228],[128.4678466214086,34.76808719874017],[128.46770262941052,34.76780510171989],[128.4678118263197,34.767753681638304],[128.4678619079585,34.76781427674582],[128.46800337019116,34.76761182115664],[128.46791568238467,34.76735254320047],[128.4681447711814,34.767230131057175],[128.4684720164755,34.767248932753496],[128.46894147411007,34.76751820524289],[128.4694323733204,34.767449107414826],[128.46965802354157,34.767305400144416],[128.469605540415,34.767121678805296],[128.46972002802642,34.76708666881429],[128.46976442652638,34.766948024456894],[128.4699175432893,34.766909789470546],[128.46985864340303,34.76670542547493],[128.47015236685087,34.766650945243995],[128.47036579955991,34.76649531482563],[128.47050453286494,34.76652242693417],[128.47084739855302,34.766430658873126],[128.4711044593616,34.766104955031246],[128.4711355870624,34.76582924526474],[128.47099663508618,34.76578235248137],[128.47105727377757,34.76566534145795],[128.47093289690804,34.765577506370306],[128.4711583514849,34.76548902185479],[128.47151910216047,34.764305626827145],[128.4714324471577,34.76334804603206],[128.47111763480564,34.76272297694629],[128.47094158230473,34.76255329599074],[128.4707290967856,34.76252894913442],[128.4704201606293,34.76264549922489],[128.47020239250662,34.76256040406962],[128.4699951138414,34.76257100081095],[128.46942709571323,34.762258748394984],[128.46913544523545,34.76218042003476],[128.4689957932187,34.762053550248694],[128.46889672911,34.761735122060166],[128.468675551624,34.7616792232578],[128.46834661704438,34.76128079893968],[128.46814543435576,34.761262981778636],[128.46802563314833,34.76116959939826],[128.46806040633317,34.761012882854835],[128.46822670366385,34.76088070988104],[128.46821106656378,34.76073900405125],[128.46892818284746,34.76092263112308],[128.4690984019477,34.7610587665231],[128.46944301197095,34.76099938433668],[128.470056103784,34.761132262761805],[128.47117643345828,34.76110831059022],[128.47131259358835,34.76119345184737],[128.47229163495695,34.76107115972665],[128.47316422873905,34.76062838768287],[128.47315097302803,34.760503734244494],[128.47333262863046,34.760392558332526],[128.47378161669937,34.7603140900864],[128.47409663001085,34.76003142773207],[128.4741561536197,34.75985099428984],[128.47439489757085,34.7598550425737],[128.47439537199406,34.759622488830544],[128.4745897845276,34.75949130048688],[128.47465411625814,34.75928165992639],[128.47460093106812,34.759155164801605],[128.47500977333087,34.75901941335726],[128.47520613086357,34.759286212150464],[128.47543804918638,34.75934492477601],[128.47562121620925,34.75967188310534],[128.47555108360547,34.759773310275335],[128.47565107300935,34.75998844997286],[128.47593000111962,34.76001663276185],[128.47592513512743,34.7600776830641],[128.4761501505065,34.76018770958069],[128.47626914381334,34.76057304376819],[128.47728016903696,34.76024723511045],[128.47849330723446,34.76041752379591],[128.47844228214615,34.76056143749742],[128.4772933700531,34.76038063259927],[128.47639232779778,34.760685669004765],[128.47719075884342,34.76176754123665],[128.47814376320304,34.76209776549451],[128.4787022330163,34.762516933432124],[128.4795055176939,34.76231472094799],[128.4794850640527,34.76181205390673],[128.47981449093245,34.761412618205604],[128.4809386539103,34.76147867083169],[128.48238883001906,34.760638064236886],[128.48286191863508,34.760133699650474],[128.48247753737013,34.75996178994078],[128.4822520753011,34.76008848462216],[128.48221545094376,34.75996982074533],[128.48241024888503,34.75984955944075],[128.4825819831702,34.75986339221486],[128.48296758928026,34.760110265398886],[128.48313192005662,34.76008581276967],[128.48387978808844,34.75910623290889],[128.48420734686363,34.758282671259174],[128.48451056830865,34.75806916203546],[128.48739608861484,34.75728584035847],[128.48832397059124,34.75729095466414],[128.489859934589,34.757462826141335],[128.49047753123645,34.757669475617114],[128.4909562656994,34.757446652299286],[128.49120375748774,34.757445254610886],[128.49162398365735,34.757555621730276],[128.49157014684405,34.757650384094454],[128.49105159024748,34.75755662274696],[128.4907534963109,34.75769409484754],[128.49073963978614,34.757803013354405],[128.49112999395058,34.75811256815217],[128.4917070753764,34.758453128232865],[128.4920939977367,34.757903211674545],[128.49218433125432,34.75789127068239],[128.492199563894,34.75798630457377],[128.49173831570897,34.758548274362504],[128.49335472248185,34.759380175997],[128.49564106312644,34.76145444883308],[128.49639596718586,34.7620200044162],[128.497472899621,34.76241558758691],[128.49923380872409,34.76343951875169],[128.5004282889565,34.76437251418459],[128.50057266524485,34.76461069034784],[128.50107705909883,34.76499511688039],[128.5011699157994,34.764984112378976],[128.5011097247482,34.76502140875632],[128.5014900629078,34.76529061235789],[128.50194239319987,34.76546777781058],[128.5021900533206,34.76574974118086],[128.50275942337404,34.765784167317584],[128.50273229206206,34.765851165707865],[128.5022646381579,34.76581500130228],[128.50224089380652,34.76596199575873],[128.50263277016072,34.76630672700178],[128.50321757335715,34.765448577867446],[128.50364110456798,34.76535756795428],[128.50365457732306,34.765469839528436],[128.50330521503912,34.765525995995425],[128.50292238465556,34.76608121474269],[128.50312797014618,34.766174204478396],[128.50297110202365,34.76639834777444],[128.50301512262766,34.766454847317746],[128.50368183569577,34.76657121614699],[128.50460880961202,34.76660513494252],[128.50538688601188,34.76692324911765],[128.50562490271656,34.766930913795555],[128.50566894879753,34.766750892018806],[128.50612105251943,34.76680211525325],[128.50616550366274,34.766575789736756],[128.5075189233004,34.76651169606757],[128.50749582401676,34.76630736681044],[128.50773973401343,34.76628669133729],[128.50779446357637,34.76610518991858],[128.50791329077876,34.766128232822886],[128.50774361460165,34.766642628730345],[128.50841435900122,34.76673825521804],[128.50857553537898,34.76735869055123],[128.50876054820293,34.767315669130085],[128.50883650850736,34.76745956980729],[128.5086186933994,34.767517282662716],[128.5087914073746,34.768205923507054],[128.50919867986602,34.76886804410276],[128.5094751114809,34.76912842056723],[128.50950055776244,34.7693505570285],[128.5097731157558,34.76986120822067],[128.5100902826785,34.770208629160464],[128.51007359884008,34.771252199506975],[128.51019955198723,34.77190844248912],[128.5100956536104,34.77305713476577],[128.50969665783902,34.77367624957186],[128.50912486977128,34.774863090001844],[128.50906839264573,34.77562130479281],[128.5091563019059,34.77585756736389],[128.50948147338946,34.77612426433844],[128.509601146654,34.77643362412802],[128.50988339563003,34.77650865026665],[128.5098472845115,34.776891334815154],[128.51005434909862,34.777135562265265],[128.51005598717308,34.77745557731457],[128.51014940119435,34.77759909124948],[128.51036065318638,34.77764495556159],[128.51037429612694,34.77774487369408],[128.51059687955774,34.777863877357206],[128.510625078466,34.77814614282323],[128.51080937574253,34.778290236198764],[128.5108260870567,34.77840287831255],[128.51062647877842,34.77892501018938],[128.51023432388303,34.77893959830717],[128.50926718643396,34.77932947196205],[128.50957835453565,34.77999371823832],[128.50948189452973,34.78002178737558],[128.5091598107501,34.77933137664221],[128.50884348462702,34.779246146980796],[128.50817676642046,34.77927308772442],[128.50783427852664,34.779403577842],[128.5069793021816,34.78014908939328],[128.5070586693054,34.780498903715504],[128.50662686087927,34.780632489233916],[128.50662759928184,34.780873653817146],[128.50655662291237,34.78087663844905],[128.50646138135738,34.78029263838727],[128.50630564243122,34.780253588999805],[128.50603617812317,34.780406209256405],[128.50610986665737,34.78054022095888],[128.504845889671,34.78086767775238],[128.50448414789685,34.78127411634081],[128.50435660851494,34.78157275517972],[128.50416179929857,34.78156262103284],[128.5042567408272,34.782175454521614],[128.5045884053514,34.782171093682614],[128.50451600436475,34.78223759937938],[128.5046167014852,34.78264463869736],[128.5052395371604,34.78262747924354],[128.50571530956668,34.782732540027695],[128.5058516317527,34.78295931981022],[128.50573712152274,34.78319654567891],[128.50587437655167,34.783496763402255],[128.5060385752066,34.78358783072844],[128.50629869316262,34.78355418408237],[128.50641553348322,34.783671922354934],[128.50641356800435,34.78378652380287],[128.50626151003664,34.78382162370123],[128.50599220134373,34.783804198455655],[128.50578962518637,34.78363808272606],[128.5055262097211,34.78368788111996],[128.50511588817443,34.78406562405152],[128.50517622836855,34.784245049234755],[128.5049350505628,34.78433094101552],[128.5047733791572,34.78434735439079],[128.50465172078796,34.78424155711156],[128.50467688833666,34.78403643091665],[128.5045635707414,34.78388276051248],[128.504268752664,34.78377533315948],[128.50391902782576,34.78379227155595],[128.50312140432652,34.78324951420139],[128.50255675302543,34.78308137091523],[128.5021276745082,34.783150872894],[128.50172666426062,34.783570509624134],[128.50134331973032,34.78362697130985],[128.50034383332493,34.78335998405927],[128.49996315572378,34.782831353981145],[128.499742849238,34.782691604958295],[128.49944126794074,34.782930059335484],[128.49938944428604,34.78289634902552],[128.49961327825216,34.78267695108383],[128.49893702147898,34.782178103122476],[128.4990017961941,34.782116767979836],[128.49809670897272,34.781575492956186],[128.49603622392343,34.781889266026994],[128.49446651776088,34.781492355924044],[128.49373058186157,34.781593448129435],[128.4933354084756,34.781886648901754],[128.49299654111744,34.7825623524038],[128.49291065091356,34.783541224943185],[128.49327437191437,34.7842908716291],[128.49306721811007,34.78485293657854],[128.4931516267165,34.78531387060836],[128.4934402542801,34.78537288503481],[128.4939078888435,34.785224942316184],[128.49395078799762,34.78529593675049],[128.4937103861267,34.78542489636429],[128.4936512821019,34.78614229433302],[128.49372979223537,34.78618170363253],[128.49369090955145,34.78622699026365],[128.49320736566028,34.78596828066304],[128.49252262652715,34.78619704219156],[128.49214248596394,34.787001662460504],[128.49190958365972,34.787880128890805],[128.49213634599303,34.7883398112433],[128.4924202909662,34.78823175339879],[128.49246323361976,34.78833882790761],[128.49213303663925,34.78841777186858],[128.49205613889782,34.788558480319566],[128.49223713668027,34.78884099240507],[128.49279553949378,34.78913368349934],[128.4928178998127,34.78932560430397],[128.49233196479557,34.789800450381776],[128.49127213698884,34.79016624498903],[128.49117228443876,34.790345475882454],[128.49100265221958,34.791376105540174],[128.49151218805605,34.791653554308034],[128.49143772077093,34.791908241639966],[128.49095918762987,34.79235371850418],[128.49086014043579,34.79310709049765],[128.49095367416075,34.793478454740416],[128.49091714702644,34.79376296670748],[128.49081744909336,34.79395708621668],[128.4901858127306,34.79448535410007],[128.48987512833347,34.79501236215108],[128.48944837341327,34.79548318599751],[128.4893520808021,34.7957353406362],[128.48945872989626,34.796090183341335],[128.49007094661488,34.79595144119541],[128.4901396952163,34.79620596696136],[128.4900494820705,34.79639908977962],[128.49010975857598,34.79674461371594],[128.4905161690376,34.79672674731511],[128.4905377852132,34.79680496030819],[128.49011596723145,34.79681965632511],[128.49020675411785,34.79756062866746],[128.49031163836648,34.79755247213563],[128.49038581385355,34.79766317948244],[128.49042977982006,34.79817283927169],[128.49062610513573,34.79825885489756],[128.49057626576246,34.798323098331515],[128.4903907435598,34.79822234615816],[128.49030644379008,34.79828072465541],[128.4898708682452,34.79827955684424],[128.48965888832498,34.79849881707316],[128.48964234991374,34.798681272610246],[128.48973413767976,34.79877025247391],[128.49002663919677,34.79875226797235],[128.4906971676133,34.79899931452045],[128.49112407348568,34.798887197502616],[128.49157559702283,34.79895466015062],[128.4918127647169,34.79939008467717],[128.4918577422963,34.79970930799287],[128.4917297561323,34.800328181530254],[128.49138343025783,34.801021033236154],[128.49110414394457,34.801945518020474],[128.49056250363512,34.80218211364985],[128.4899537311755,34.802964873113446],[128.48826248451468,34.80368548029342],[128.48775882178253,34.8041983722481],[128.487576557555,34.80423905953763],[128.48736638337354,34.80416590104586],[128.4870635773253,34.80417830906991],[128.4867189465276,34.80425333231262],[128.48650489025866,34.80443094322505],[128.4864942070385,34.8045376210897],[128.48705047407958,34.80476232004517],[128.48654143202805,34.80582814849484],[128.48610780695446,34.80616395563597],[128.48645338680356,34.8065954051306],[128.48635198482117,34.80664476883473],[128.48605234916823,34.806222804428444],[128.48550646187883,34.80592602675179],[128.48496438899832,34.806366959373605],[128.48491276627104,34.80646291600418],[128.48512114320224,34.80660255134073],[128.48507464128946,34.80673296030655],[128.48483986896412,34.806692684214326],[128.48476077200118,34.80694979509163],[128.4847361146592,34.80784989374437],[128.48474665606955,34.80790514014221],[128.4850185654181,34.807909472335616],[128.4849881888915,34.80813217400817],[128.48478912986002,34.80816157277451],[128.4848476828185,34.808608783223804],[128.48500809706127,34.80888636601545],[128.48555804715517,34.80948337384125],[128.48605717589348,34.80948613808741],[128.486493223362,34.8101900488174],[128.48670843929,34.81041371710271],[128.48696253226362,34.810506018302135],[128.48712147601975,34.810812390422186],[128.48707443042622,34.81109148634002],[128.4871827216267,34.81133268586026],[128.48736997414883,34.81158868388219],[128.4877404064117,34.811855853130545],[128.4879348510311,34.81219625913893],[128.4876856545025,34.81229885522161],[128.48729119600108,34.81218110096795],[128.486964648562,34.811732592755014],[128.48629198655672,34.81144423980839],[128.48604218430611,34.811604545157095],[128.48579316761928,34.81150868511805],[128.48526049368692,34.81079732444117],[128.48490090040764,34.81093244393812],[128.48475978538863,34.81080498921736],[128.48461796794305,34.81083452321198],[128.48428627893492,34.81119084281358],[128.48434007852873,34.81156501231116],[128.48414558099074,34.81189526182526],[128.48393706544593,34.81205085647512],[128.4835731873137,34.81203903450719],[128.4832900744411,34.81167570912232],[128.4833609340577,34.81142280390751],[128.48328706309596,34.81123835147579],[128.48360093267362,34.81081028583051],[128.48335867676207,34.810712684379624],[128.48348639374092,34.81041167506699],[128.4832399458153,34.80930123742787],[128.48297677755497,34.80909025790251],[128.48281090981158,34.80852537783486],[128.4824360028634,34.808299642866274],[128.48182291089927,34.80825087009315],[128.48117516856493,34.808031285504256],[128.4807859817189,34.808026377869524],[128.47982168780166,34.80814749711291],[128.47926046018785,34.808503548538155],[128.47919449827165,34.80874131906116],[128.4794069118101,34.80929551656766],[128.47967709239973,34.80926536371175],[128.47969001418952,34.80934445828717],[128.47943382937765,34.809388268779664],[128.47947502286382,34.809806404873164],[128.47952994782133,34.809876268517655],[128.4800184787407,34.809998819922434],[128.4793848577341,34.80992991418059],[128.47887614339965,34.81043126190985],[128.4786428917873,34.81080015781258],[128.47846277366904,34.81131320695455],[128.47919923962155,34.811542018834565],[128.47915617889325,34.81161414905755],[128.4787205904243,34.811483232364296],[128.4785850551285,34.81171787762989],[128.47828096121899,34.81161695087309],[128.47794112490234,34.81234969480491],[128.47775879988296,34.81287878695591],[128.47781148269095,34.81291271123228],[128.4777280910672,34.81291447605971],[128.4776543322076,34.81305660092312],[128.47762620170298,34.81338249154821],[128.47771611590056,34.81362157041903],[128.47833431874867,34.814076844712424],[128.47851796383114,34.81451626756773],[128.47891926330317,34.814878941717744],[128.47936399349493,34.81447217607183],[128.47945561909555,34.814525338260644],[128.47899922421806,34.814951528383276],[128.4795431502775,34.815329044809594],[128.48004052076345,34.81537682023997],[128.4805627585975,34.815637973155695],[128.48132733634776,34.815788918235995],[128.48190569750963,34.815749147928],[128.48235686102018,34.8158161246807],[128.4829040746799,34.81557628831297],[128.48334103160238,34.81574335403586],[128.48348278061275,34.81591183721283],[128.48328286007614,34.81660300656801],[128.48342007220734,34.817018277117604]]],[[[128.17459267447478,34.82077344899786],[128.17439508760094,34.820844831180416],[128.17420331013554,34.820751435837145],[128.17420882999525,34.820607982986196],[128.17411651530344,34.82065936576438],[128.1736639508254,34.82048884391071],[128.17381085978462,34.82038400193816],[128.17415323331642,34.820372094149256],[128.17460242048026,34.82019631803395],[128.17471753254557,34.82028327923269],[128.17462795735054,34.82056959788756],[128.17471275148773,34.820565369201724],[128.17502173185628,34.820225807015184],[128.1751293502347,34.820334260198926],[128.17548367160967,34.82037807988547],[128.1754685166135,34.82050805463485],[128.17529161358036,34.8206473180048],[128.17479166980087,34.820800668529905],[128.17459267447478,34.82077344899786]]],[[[128.1727379077807,34.820938260408006],[128.17275786392636,34.8209483921278],[128.17271146452174,34.82095494559565],[128.1727379077807,34.820938260408006]]],[[[128.1727515658075,34.82098244903969],[128.17279822288444,34.821071461486234],[128.17268857445447,34.82111695683362],[128.17265728229683,34.82105463863806],[128.1727515658075,34.82098244903969]]],[[[128.3323886450435,34.82003552715174],[128.33243295506514,34.82016795975546],[128.3322797611683,34.820263916577446],[128.33221790853503,34.820068249638915],[128.3323886450435,34.82003552715174]]],[[[128.1728542458814,34.821280718129216],[128.1730116861684,34.8216162718122],[128.17291721125244,34.82167251523786],[128.17272625472683,34.821385588709134],[128.1728542458814,34.821280718129216]]],[[[128.1769938082359,34.82193384260367],[128.17651116931404,34.821780209098634],[128.17644869746434,34.82161712352897],[128.17550713493117,34.8205923701684],[128.17562322645628,34.82032770973519],[128.17556742475708,34.82012503591119],[128.1756721615587,34.81982173810313],[128.17562640009928,34.819672357804045],[128.1759462038959,34.81957319174085],[128.1760537927483,34.81983069616466],[128.17640252444332,34.81990001143944],[128.17657234969914,34.8200631566416],[128.17668386879623,34.820042268753525],[128.17674968938044,34.81970615811405],[128.17691780274134,34.81959090009794],[128.17675491153497,34.81944716481462],[128.17687836884116,34.819256745571664],[128.1775428839928,34.818923862571054],[128.1780698167404,34.819654249146595],[128.17812549483216,34.8198435360317],[128.1783562061107,34.81999538131042],[128.1784060447003,34.82015849759465],[128.17869340171686,34.820272470327886],[128.17878829807654,34.82057298972878],[128.17815972702087,34.82146676064658],[128.17772552802654,34.82172252270223],[128.1769938082359,34.82193384260367]]],[[[128.21016299957827,34.82181570638933],[128.21009085814762,34.82179297421734],[128.21010717116312,34.82176730097149],[128.21016299957827,34.82181570638933]]],[[[128.332817720178,34.821382084141035],[128.33290827598185,34.82148341915919],[128.33276412744104,34.8215208081422],[128.33267365389852,34.82142459161601],[128.332817720178,34.821382084141035]]],[[[128.33291858156392,34.82160950074848],[128.3329911599869,34.821750249266195],[128.33278314370057,34.821674086031024],[128.33278375381255,34.821583694416866],[128.33291858156392,34.82160950074848]]],[[[128.351916953909,34.821884078790696],[128.35068060656354,34.82188881710795],[128.35013839539195,34.82143051075532],[128.34947989224148,34.82105766529872],[128.34909177611044,34.82063769841621],[128.34810715674627,34.820632227563486],[128.3478810832919,34.82089207133238],[128.34783606766112,34.82086407052274],[128.34807246593004,34.820586664791854],[128.34790458633205,34.82038388019367],[128.34726112299032,34.81994448408882],[128.34709106867476,34.82004856893794],[128.34691496481625,34.8198552191506],[128.34708916629924,34.819759138339286],[128.34682813890407,34.81943603725736],[128.34670076675647,34.818479062221165],[128.3465028514342,34.81829245253145],[128.34625767876497,34.8183717696294],[128.34623967314027,34.818317744677316],[128.3466132036612,34.81816422604267],[128.3467105294063,34.81736797354402],[128.3460370755091,34.81717004253123],[128.3460474487966,34.817115730929096],[128.34667954270915,34.81729726577862],[128.3469518867903,34.81699537148102],[128.34794108469202,34.81625099082048],[128.34818428317755,34.81635619389969],[128.34835401090655,34.81666279047881],[128.34860892656525,34.81689474115563],[128.34905423868082,34.8165971443985],[128.3493091716519,34.816526339907526],[128.34974338602365,34.81649743102986],[128.35008983668365,34.81679369136002],[128.35018485271786,34.816795060882],[128.3502262124057,34.81669085034003],[128.35050703740632,34.816557924832786],[128.35075368926553,34.81657449306541],[128.35082656608662,34.816480262386996],[128.35105463173372,34.81643755718385],[128.35134752370047,34.816462813627055],[128.35166986699352,34.81631729164296],[128.35183622947568,34.81612618345631],[128.35178408261152,34.81600880698783],[128.352166059085,34.815990844266224],[128.35248891195957,34.815728359527554],[128.3525743631338,34.81549561593601],[128.35285623381841,34.815362961758694],[128.3531235851017,34.81509235918362],[128.35299574547864,34.815017132675045],[128.35298490954003,34.81489178880291],[128.35352840404295,34.81480754436973],[128.353730528733,34.81487695953172],[128.35380250667023,34.81475817549535],[128.3540674959214,34.814660723556194],[128.3543009658187,34.81428149768712],[128.35463339033095,34.81399027477737],[128.35512293007008,34.814014629548375],[128.35555790770644,34.813944492509535],[128.3560610188939,34.81360655929765],[128.3565637265797,34.81310431693248],[128.3568052688996,34.812700444508046],[128.35638154024923,34.81198626549613],[128.3564202877302,34.81178125164923],[128.3567571574028,34.81181827073498],[128.35771413773818,34.812439205948735],[128.3582343593316,34.81287859877111],[128.35841568371862,34.812933186767005],[128.3592768116939,34.812971176423666],[128.36002187618666,34.812760836950304],[128.3600566851893,34.81285271590223],[128.3603631964844,34.81282558441537],[128.36052449120749,34.81291878887253],[128.3605928312102,34.81312714043827],[128.36102839654288,34.81340426539584],[128.36128896851176,34.81376591643987],[128.3617695221827,34.813840558209606],[128.36247044635476,34.81366204557266],[128.36251517805286,34.813488869309325],[128.36275673677946,34.81320453645203],[128.36304722739575,34.813048733972145],[128.36358933052296,34.81293580735151],[128.36407867385083,34.81297639753004],[128.36422514885496,34.81305070090481],[128.36473230807303,34.813058216983755],[128.3648953681744,34.81296725596405],[128.36523151188024,34.81295306512545],[128.36542615247382,34.81280041470864],[128.36562035670715,34.81275978432316],[128.36598708958843,34.812939077460705],[128.36654662861204,34.812953217858855],[128.36695643153024,34.81278506010524],[128.3671217132265,34.81246092659064],[128.36806019226682,34.81188751121721],[128.3684115413028,34.811567259529895],[128.36861218337765,34.81149322143667],[128.36894459132853,34.811640795003086],[128.36900208820336,34.81134108115422],[128.36923168198047,34.811452929190324],[128.36929425559117,34.81197264751086],[128.36913438279495,34.81207682820061],[128.36898070991202,34.81250893828098],[128.36855387502828,34.81278284739623],[128.36813169430013,34.81290210842446],[128.36746552445476,34.81294206330867],[128.36686281862913,34.81319522149099],[128.36586622649332,34.81327377912311],[128.36564948672043,34.81337268890847],[128.3654540581641,34.813645910056046],[128.36506860471965,34.81383771983842],[128.3644408373616,34.813898074613654],[128.36361801339314,34.81371025266372],[128.36325274970258,34.8138316267158],[128.3629721487048,34.81414485222628],[128.3629105742567,34.81445192781136],[128.36310368523797,34.814940362969026],[128.36339089685683,34.81531215693654],[128.36337617166748,34.815437227561425],[128.36309819614343,34.81558833868919],[128.36289758049398,34.81557731044633],[128.36234294293004,34.81531098974045],[128.36218038362156,34.814959455744884],[128.36186837802117,34.81471954743159],[128.3615706991324,34.8146382991835],[128.36119954474165,34.81479002518057],[128.36099426822437,34.81475726066736],[128.36001123788088,34.81416099740305],[128.35975375858072,34.813907512067594],[128.35922339630935,34.81384699349467],[128.35837599798106,34.8133776927514],[128.3576027260766,34.813473969206235],[128.3564815017655,34.81405375879495],[128.3561685456887,34.81425749400002],[128.35607222998428,34.814412108016825],[128.35601683655264,34.814682482125136],[128.35617262651073,34.81487792844908],[128.35670367452425,34.815000661728725],[128.35701614611023,34.81487395759033],[128.35708055232126,34.814774832335246],[128.3570745688297,34.814876342357195],[128.3575243955775,34.81492191087399],[128.3579340553533,34.815101614668514],[128.35827374722732,34.81515035914903],[128.358569708498,34.815317423268745],[128.35885200062646,34.815657711046626],[128.35889491003542,34.81594581488095],[128.35871184211962,34.81617960522463],[128.35810219649738,34.81639493690051],[128.35748626852632,34.81673607042008],[128.3575409736171,34.81696960689429],[128.35768800141497,34.81693169676084],[128.35781936088253,34.81715170320973],[128.35801980997255,34.817085823808426],[128.35804266596512,34.81713798043868],[128.35776403135844,34.81726719446332],[128.3576601319141,34.81762768343282],[128.35772968091376,34.81779199348852],[128.35792899575725,34.81789392623642],[128.358615646979,34.81785929185465],[128.35936712728846,34.81761369545004],[128.35941353417374,34.817480562737465],[128.35958250554376,34.81752760113005],[128.35952516847487,34.81765382086536],[128.36016987451305,34.818225770375804],[128.36016251366897,34.81838702747582],[128.35978913059677,34.81887512043284],[128.35904076643894,34.81922394798615],[128.3587705838943,34.81954141044693],[128.3582760569406,34.81977719337701],[128.3580282283914,34.81983937570499],[128.35765935513322,34.819785646042384],[128.35717528488246,34.820052186557504],[128.3569636352067,34.820014042631044],[128.3567945604357,34.81987827871181],[128.35664060539804,34.81988470016639],[128.3565223086645,34.820198111542446],[128.35614241245227,34.82063944277503],[128.3552216270901,34.82123385934145],[128.35488691171372,34.8211685554052],[128.3548273554571,34.820871448927406],[128.35453010846578,34.8205438480777],[128.35425366839857,34.820015614764685],[128.35396344764175,34.820239146403175],[128.35382636427468,34.82013321584694],[128.35397038470757,34.81994315615022],[128.35393724863934,34.81979964663018],[128.35351055059263,34.81962760930268],[128.3529545263917,34.81973284120414],[128.35275727010958,34.8199257814901],[128.3527862484686,34.82046283620129],[128.35265127702021,34.820528105700234],[128.352464646818,34.8208804889984],[128.35249589910748,34.821629572722976],[128.35239221323212,34.82173745065104],[128.351916953909,34.821884078790696]]],[[[128.33591333326575,34.82287416939458],[128.33584055200424,34.82292694763055],[128.33580749823332,34.82290583240469],[128.33584305977888,34.82288055587986],[128.33591333326575,34.82287416939458]]],[[[128.20355830800125,34.82388755610467],[128.20351602359167,34.82390855161239],[128.2034810429111,34.82386334373296],[128.20355830800125,34.82388755610467]]],[[[128.20017402408675,34.824030126799286],[128.20015347101605,34.82406442398679],[128.2001147195387,34.82403640698902],[128.20017402408675,34.824030126799286]]],[[[128.21010197140154,34.82518556858906],[128.21007429169424,34.82518818379573],[128.2100700136397,34.82516688337658],[128.21010197140154,34.82518556858906]]],[[[128.18662518669942,34.82577639632602],[128.18656484600962,34.82584337058074],[128.1864962085912,34.82584590406201],[128.18651390418287,34.82578490019248],[128.18662518669942,34.82577639632602]]],[[[128.18635142677974,34.825852832084074],[128.18644292065264,34.82590927475382],[128.18638625839523,34.826014474876764],[128.18621595282022,34.826060378683735],[128.186174671992,34.82595649757351],[128.18635142677974,34.825852832084074]]],[[[128.1857031622618,34.826072820380624],[128.18566935777315,34.82610236639011],[128.18569285576584,34.82598944609713],[128.1857031622618,34.826072820380624]]],[[[128.1913820358646,34.82655719649899],[128.19125548413973,34.82655658915145],[128.1911933703112,34.826512261401945],[128.19129189110873,34.826501071832766],[128.1913820358646,34.82655719649899]]],[[[128.18678702297842,34.82663764432626],[128.1867510325023,34.826648202257346],[128.1867413622748,34.82661118150728],[128.18678702297842,34.82663764432626]]],[[[128.18407209892806,34.826667374563264],[128.18407310575842,34.82663956442276],[128.1841255615398,34.826653012990924],[128.18407209892806,34.826667374563264]]],[[[128.18432173228194,34.82678338807712],[128.18429908060125,34.826789202809834],[128.184314948771,34.8267618086442],[128.18432173228194,34.82678338807712]]],[[[128.18725412089142,34.82679367530146],[128.18721437600558,34.82678695636222],[128.18724144750067,34.82675849128421],[128.18725412089142,34.82679367530146]]],[[[128.18863139779373,34.826903020549025],[128.1886163047967,34.82690382196722],[128.18863791362566,34.826876149477805],[128.18863139779373,34.826903020549025]]],[[[128.18880997162836,34.826915776596046],[128.18875249193238,34.82689059610796],[128.18879986634036,34.826860635168],[128.18880997162836,34.826915776596046]]],[[[128.18416409690576,34.82697842537838],[128.18413592000508,34.8269759741754],[128.18415595736377,34.826962524652],[128.18416409690576,34.82697842537838]]],[[[128.1431119768808,34.8269199921849],[128.1431748700862,34.82712294660722],[128.14279769618517,34.82724969984397],[128.1426692096251,34.82712349431449],[128.14196163056891,34.82680911881859],[128.14212808812894,34.826677249435804],[128.14258585478854,34.826617948250465],[128.1431119768808,34.8269199921849]]],[[[128.19229067125084,34.827063010522934],[128.19223772911025,34.827033183514466],[128.19224752671198,34.827014950353465],[128.19229067125084,34.827063010522934]]],[[[128.18199868564176,34.827153877469144],[128.18187110651672,34.827166449670926],[128.1819977935053,34.826956658574936],[128.1821676556606,34.82692516224519],[128.18199868564176,34.827153877469144]]],[[[128.18163592343123,34.827324636493245],[128.18167241442566,34.8272105431313],[128.18173598022065,34.827239066308096],[128.18173476820803,34.827274319702916],[128.18163592343123,34.827324636493245]]],[[[128.1813502935607,34.827587810004125],[128.18137093042358,34.82752160805945],[128.18141555870503,34.82755510599833],[128.1813502935607,34.827587810004125]]],[[[128.18143263633914,34.82768183661077],[128.18138110041136,34.82771782454403],[128.18135969269062,34.82771062315581],[128.1813652448413,34.82767638968204],[128.18143263633914,34.82768183661077]]],[[[128.18106711500081,34.82776654031298],[128.18106983607353,34.827827410164225],[128.1810200717937,34.82785998483222],[128.18100863631489,34.82778504870901],[128.18106711500081,34.82776654031298]]],[[[128.19359227038288,34.82803047604631],[128.19372148051448,34.82813891197145],[128.1936808500906,34.82818034986151],[128.1935271638142,34.828074383540816],[128.19359227038288,34.82803047604631]]],[[[128.18061027289212,34.828244366559574],[128.18062474779882,34.828323641151776],[128.18061251078862,34.828331878542514],[128.18053255990708,34.82829221968897],[128.18061027289212,34.828244366559574]]],[[[128.19457850528073,34.82859892002338],[128.19456470325227,34.82855696842312],[128.1946380354622,34.82857439979816],[128.19457850528073,34.82859892002338]]],[[[128.19542748490966,34.82930159088395],[128.19541175749129,34.8293294744104],[128.19538784313713,34.829321276268736],[128.19542748490966,34.82930159088395]]],[[[128.12545761837313,34.829923474941324],[128.12542319966667,34.829932421416515],[128.1254323834983,34.82986717402557],[128.12545761837313,34.829923474941324]]],[[[128.31633834920356,34.828489920326454],[128.3164405266463,34.828559838883706],[128.31634499535252,34.82892257448622],[128.31614622567568,34.82911722174299],[128.31599616058634,34.82914617325711],[128.3160556113261,34.82903413485886],[128.31587467047405,34.82889974970771],[128.31592310276721,34.828642726349344],[128.31615793071066,34.82850028169819],[128.31633834920356,34.828489920326454]]],[[[128.32984970580605,34.829613215937535],[128.329769707348,34.82964280114062],[128.3297534659555,34.829590830334155],[128.32984970580605,34.829613215937535]]],[[[128.3303676558152,34.8299421950671],[128.3303237187977,34.829944536496306],[128.33035331821597,34.829909210934346],[128.3303676558152,34.8299421950671]]],[[[128.12464561923832,34.83124662575497],[128.1246146481917,34.83126544019074],[128.12462061800488,34.83120546116771],[128.12464561923832,34.83124662575497]]],[[[128.1983233019226,34.831335450296244],[128.198286254549,34.831336558389786],[128.19827874228568,34.83130633982418],[128.1983233019226,34.831335450296244]]],[[[128.19641033919484,34.831361830812575],[128.19642754375494,34.831413782897194],[128.1963607951649,34.8313980093213],[128.19641033919484,34.831361830812575]]],[[[128.3142509372406,34.83069153587057],[128.3142890407945,34.83075472165634],[128.31417142665416,34.83086280029521],[128.31416884310855,34.83071676768715],[128.3142509372406,34.83069153587057]]],[[[128.179689433024,34.83180580817707],[128.1798725148543,34.83173203037657],[128.1798095617382,34.831801281964786],[128.179689433024,34.83180580817707]]],[[[128.19883909995434,34.831661271127366],[128.19888222085197,34.831773479206625],[128.1987348925405,34.83184822447715],[128.19840757833418,34.83159992914469],[128.19847370629375,34.83157490927898],[128.1985599515704,34.8316600086646],[128.19883909995434,34.831661271127366]]],[[[128.43531552173488,34.83085792585646],[128.43524789111441,34.830802348481974],[128.43630659235453,34.82993659690684],[128.43637506933024,34.82999332951195],[128.43531552173488,34.83085792585646]]],[[[128.2127400093939,34.83237467144967],[128.2127261705897,34.83233556090465],[128.21280070176337,34.83234941957238],[128.2127400093939,34.83237467144967]]],[[[128.433893345824,34.83111249812036],[128.43389157410363,34.83115810395507],[128.43299696856684,34.83109502072801],[128.4330056544154,34.83105378123804],[128.433893345824,34.83111249812036]]],[[[128.33974678050572,34.83191538166402],[128.3396657152803,34.83196546092964],[128.3396886540048,34.83190615778191],[128.33974678050572,34.83191538166402]]],[[[128.1986847446449,34.83310444119437],[128.19867474650061,34.83312318729308],[128.19864796025695,34.833117872949394],[128.1986847446449,34.83310444119437]]],[[[128.18303704349813,34.83345559969228],[128.183005496212,34.83349528233436],[128.18296799401872,34.83341510579717],[128.18303704349813,34.83345559969228]]],[[[128.21321131622335,34.83345292049587],[128.21318874331683,34.833452748047385],[128.2132039153395,34.833404568163836],[128.21321131622335,34.83345292049587]]],[[[128.21273637290486,34.83373061805524],[128.21248104840276,34.833818913860625],[128.21249206374364,34.83378492211106],[128.21273637290486,34.83373061805524]]],[[[128.2131151520732,34.833860416268095],[128.21306970251698,34.83384605098786],[128.21311301378103,34.83382208482809],[128.2131151520732,34.833860416268095]]],[[[128.21373708231658,34.83379804181826],[128.21371186949656,34.8338455439491],[128.21362226099694,34.8338776848124],[128.21366266042511,34.833833390383575],[128.21373708231658,34.83379804181826]]],[[[128.39037884481013,34.83254215804721],[128.39045386928106,34.83271362938085],[128.39035370173673,34.83280951952774],[128.39035849249203,34.83294134456525],[128.39009343646134,34.833015033227554],[128.38982128258655,34.83290171006593],[128.38975566251472,34.83267142538855],[128.3898553678435,34.832553667625156],[128.3901437992902,34.83245405680672],[128.39037884481013,34.83254215804721]]],[[[128.21324421243565,34.83416393342163],[128.21310424020933,34.83417996465659],[128.21323453310967,34.83410121614302],[128.21324421243565,34.83416393342163]]],[[[128.1839103263136,34.834614006381244],[128.18395098100993,34.83459965826635],[128.18395009338346,34.834624305276485],[128.1839103263136,34.834614006381244]]],[[[128.33338166670669,34.833924445382564],[128.3332824999564,34.83392389025294],[128.33330722240166,34.833888611829124],[128.33338166670669,34.833924445382564]]],[[[128.21240093287702,34.83472525382625],[128.21233644982757,34.834723664740615],[128.21232624418343,34.83469322209936],[128.21240093287702,34.83472525382625]]],[[[128.39013098337912,34.83352176384953],[128.39009302870497,34.83362055746758],[128.38996708331445,34.83361677013206],[128.38998250195525,34.83358006148381],[128.39013098337912,34.83352176384953]]],[[[128.18324258026965,34.8351374242362],[128.18313538063444,34.835093113921175],[128.18320465469048,34.83504464286329],[128.18324258026965,34.8351374242362]]],[[[128.18333451073443,34.83513266874995],[128.18349258604465,34.83507969310616],[128.1836044979163,34.835123944161566],[128.18357092324533,34.83515523135526],[128.18333451073443,34.83513266874995]]],[[[128.42965176527755,34.833530742569245],[128.42979238682088,34.83364919625619],[128.42966047537934,34.83378393332719],[128.42941054650356,34.83377498095647],[128.42927929320513,34.83361361058774],[128.42929268246226,34.83355279860635],[128.42965176527755,34.833530742569245]]],[[[128.18347887777963,34.83546723783474],[128.18341617953195,34.83548855749834],[128.18341807879833,34.83547222882975],[128.18347887777963,34.83546723783474]]],[[[128.18337580652582,34.83553070558854],[128.18334729245765,34.83552433081687],[128.18334621541354,34.83551165020067],[128.18337580652582,34.83553070558854]]],[[[128.36140829238653,34.833770844988216],[128.36153688649208,34.83384188719256],[128.36162362807914,34.83419888123466],[128.36148410137352,34.834498113152385],[128.36119163440335,34.83462290002037],[128.36082508290986,34.834573715212585],[128.36072234436133,34.83446436855457],[128.36076268284927,34.83427481384589],[128.3610674096927,34.834076482436146],[128.36120485016275,34.833826882706276],[128.36140829238653,34.833770844988216]]],[[[128.19912284188288,34.83569127760828],[128.19908757074262,34.83567581159328],[128.1991272218489,34.835645335576174],[128.19912284188288,34.83569127760828]]],[[[128.13181423306946,34.83613480594135],[128.13062219067277,34.83611735933104],[128.12954785562235,34.83584857580964],[128.12902912985115,34.83579333086045],[128.12903390025477,34.836077423117885],[128.1288971795679,34.836078743221805],[128.1288882035578,34.8357135603267],[128.12866919018458,34.83573641013017],[128.1283636951375,34.8355474028777],[128.12781057845427,34.83556188050293],[128.12695353177037,34.83543924774954],[128.126700076285,34.835612826745006],[128.1262067444012,34.83548768856727],[128.12606607609277,34.835243073553016],[128.12616797004742,34.834840919651434],[128.1257899952335,34.83451744205782],[128.1258288779621,34.834220899944974],[128.12571495870398,34.83415764296314],[128.12578726658006,34.83407863481017],[128.12573966821262,34.83391635184528],[128.1255033227404,34.833855252803986],[128.12551332213857,34.833696368036506],[128.12520942905994,34.83345966444316],[128.12517852009125,34.833207986124755],[128.1250428713647,34.833011331539765],[128.1250697141214,34.83271737995478],[128.124966005074,34.83254798787885],[128.1249941391596,34.8323923428184],[128.12508266254727,34.83237586298369],[128.124964158781,34.83216962384546],[128.12493295082731,34.83164053786657],[128.124813272081,34.83165192671769],[128.12491195166996,34.83151335645498],[128.12478877272264,34.83148786273222],[128.1247421787652,34.83136108326023],[128.12479006206055,34.83121003311042],[128.12487934945824,34.83113980968436],[128.12507156759963,34.83115536209544],[128.12527552049235,34.830887264188576],[128.12539137784344,34.830110258732425],[128.12582366970483,34.829676822143746],[128.12584860565738,34.82934973170297],[128.12641036094143,34.82900310576539],[128.12682028385527,34.82898518217329],[128.1265775234991,34.82879787395184],[128.12708827611658,34.8285072961739],[128.12737049974436,34.82847273423081],[128.12797560883638,34.82863082903617],[128.1279964428234,34.82855827394265],[128.12746646855572,34.828235045487986],[128.12743903665222,34.82790707323005],[128.12770116395316,34.827722495208974],[128.12770954678138,34.82762617202323],[128.12786827210303,34.82756747678772],[128.12788252037984,34.82742286341665],[128.12846579364802,34.826695913522414],[128.12868808417696,34.82652983207198],[128.12931165504546,34.826511293682834],[128.12953637135365,34.826382472916414],[128.13001841910005,34.82648355809497],[128.12956303939293,34.826062866213306],[128.12960377758267,34.82587385129277],[128.1298835993575,34.825754951616204],[128.130352829033,34.82583239933827],[128.13068426033513,34.82596041025519],[128.1310444841046,34.8262393358254],[128.13125253458747,34.826286774302964],[128.13121763333132,34.826136887821995],[128.1309714919156,34.82590490965012],[128.13095205972587,34.82568825206049],[128.1311963071472,34.82552072839863],[128.13183920344676,34.82547642742895],[128.13199202915496,34.82540634491128],[128.1325214023421,34.82542936497797],[128.13254843451443,34.82538661670657],[128.13223914279234,34.82522891477322],[128.13273903443363,34.82506948435434],[128.13370433909793,34.82501150846913],[128.1333280632926,34.824762004651234],[128.1333183263008,34.82467411478642],[128.13353141757395,34.824525076719056],[128.13346534286404,34.82436740605203],[128.13384052194812,34.824188045152454],[128.13432960525,34.82381546445449],[128.13487856011852,34.82372533774596],[128.13507942760293,34.8237746386598],[128.1359847815657,34.8237273584792],[128.13627038110712,34.823836505528604],[128.13656301087724,34.824097493399435],[128.1366776996891,34.824308535083354],[128.13707156417084,34.824399447415054],[128.13684887164453,34.82464603378314],[128.13655373395687,34.82521678049359],[128.13691491595475,34.82522004640708],[128.1370749654096,34.82554152113073],[128.13688767964223,34.82562831048073],[128.13718774127364,34.82574867221174],[128.13756059510075,34.825761780793094],[128.13738288265756,34.82568313788822],[128.13750645476003,34.825248137036496],[128.1377516646106,34.825079128090906],[128.13808846826177,34.82506469521213],[128.13801488581817,34.82477595913469],[128.1380533520136,34.82420404028379],[128.1388748576166,34.824528826687455],[128.13926951471927,34.824611066403705],[128.13992154727387,34.82464164630821],[128.14028818711114,34.824533900489925],[128.14064984247355,34.824607006037816],[128.14174488118684,34.82521198678034],[128.14197718812702,34.825442024958136],[128.1420097101403,34.82577055212563],[128.141373954968,34.826162265746994],[128.14091512939947,34.82618898861163],[128.14072265689808,34.826360710948876],[128.14044195091756,34.8264240769829],[128.1403380960911,34.826658736940566],[128.14001204517925,34.82683154259324],[128.14008916548926,34.8270164095492],[128.13976737225994,34.82706028515782],[128.13971315104058,34.82723610225819],[128.1403668297847,34.827398526689834],[128.14109915476317,34.82771186035057],[128.1413722025957,34.82809088660013],[128.14144162827654,34.82835287388012],[128.14168462275805,34.828617681680704],[128.1416205084344,34.828759177950445],[128.14131472882258,34.82879935719942],[128.14142364081633,34.82891792670924],[128.14132185427098,34.828980574051855],[128.14302425658957,34.82897224422128],[128.14338589566762,34.82904270031947],[128.1436395606107,34.829343039762364],[128.14374026456846,34.82978180684576],[128.143540158497,34.83069047007312],[128.143318198922,34.830931953026365],[128.14355325940824,34.83097926265515],[128.14365323396004,34.831095856551435],[128.14361699632326,34.831156010999564],[128.14306748764068,34.83152261504893],[128.14231283229176,34.8312240343386],[128.14218072072592,34.83113900519211],[128.14220099366378,34.831060511801596],[128.14192104283467,34.83105271483926],[128.1418296961843,34.8307095220514],[128.1415482049845,34.83083656734744],[128.14133536936518,34.83070297811002],[128.14107374603574,34.830860935048996],[128.14119885255855,34.83122457619349],[128.1411488347656,34.83139675474064],[128.1412539691514,34.831540401154534],[128.14116136993766,34.83165608771737],[128.14128431131974,34.83173448253949],[128.1410913838277,34.83181729979273],[128.14134005814432,34.83186648521014],[128.14136677930478,34.831925127571516],[128.14124423700568,34.831998689026705],[128.14139336105336,34.83199921041347],[128.14166385948758,34.832280742948846],[128.14216783947361,34.83256127162486],[128.1422002403416,34.832641424794474],[128.14210014774233,34.83276697436254],[128.14158138765987,34.83282355395021],[128.14107342835092,34.83311360852013],[128.14061117053112,34.83357420800231],[128.14010337973426,34.833729657154564],[128.1399314744477,34.83369099914141],[128.13981986057675,34.833850689956876],[128.13904872666856,34.834361316285595],[128.13862020458907,34.83447796618233],[128.1380722410835,34.83442148038132],[128.13732751031475,34.834800249666216],[128.13724636674954,34.834682450033895],[128.13796143938274,34.83430467991887],[128.13773507831678,34.833692801760364],[128.1375101415293,34.83365131179433],[128.13751779516005,34.83334717114216],[128.13724930858936,34.83331800948099],[128.13696845866662,34.83397186537466],[128.13729418823885,34.83410459485832],[128.1374108367994,34.83428330826261],[128.13706396286355,34.83406794351522],[128.1359706497481,34.83445154949642],[128.1357882998336,34.834300419049676],[128.1358939341181,34.83414140159409],[128.13583456276388,34.834003331277636],[128.13542537446878,34.834057471433034],[128.1350746047032,34.834350150710584],[128.13504007042584,34.83464595148885],[128.1348592366214,34.83480143176046],[128.1343821379011,34.834831226612344],[128.1343390806749,34.834901939089114],[128.13419358270826,34.83486054003139],[128.13408441055418,34.83489872922218],[128.13405778698166,34.83501917037608],[128.1338027266391,34.83502074393218],[128.1336159118567,34.83515311373534],[128.13315749067982,34.8356994953536],[128.13312198833685,34.83597537735442],[128.13181423306946,34.83613480594135]]],[[[128.19941716770512,34.835757870327704],[128.19939784207517,34.835787020338095],[128.199311539914,34.83556829145922],[128.19941716770512,34.835757870327704]]],[[[128.1996975715547,34.83579006509226],[128.19971191094587,34.83582216769439],[128.1996379404807,34.83580670892014],[128.1996975715547,34.83579006509226]]],[[[128.38992522931875,34.834573692690874],[128.38998407567948,34.83469130952199],[128.38994762321232,34.834750085008835],[128.3898083221587,34.834642047866474],[128.38992522931875,34.834573692690874]]],[[[128.17800564127472,34.8362235589727],[128.17794257666986,34.8362551316242],[128.1778348631897,34.83624737269306],[128.17785744518804,34.83620813541093],[128.17800564127472,34.8362235589727]]],[[[128.3195668782202,34.83539570679575],[128.3193686261967,34.83546289706182],[128.31925184304137,34.8353537971507],[128.31870855845293,34.83529127827595],[128.31844954588362,34.83517863509921],[128.31825290115214,34.83489069358866],[128.31839449313676,34.83477130158608],[128.3183299343911,34.83471657037339],[128.31868132925422,34.83437416020051],[128.3183132119857,34.83409203462727],[128.31765669201988,34.83397417923473],[128.31740583082234,34.8338033827891],[128.31733738714473,34.83365020477929],[128.31749434991244,34.83333737636431],[128.3174475745657,34.83312325949258],[128.31716828152594,34.83286371075104],[128.3167509258774,34.83307829196359],[128.31652632154422,34.83304452654017],[128.31602164343263,34.83271012508252],[128.3156717937986,34.83267926314267],[128.3153163663846,34.83276160377333],[128.31521793720168,34.83267874545443],[128.31506100039752,34.83280942176737],[128.31479615439588,34.83287708142558],[128.314734539382,34.83302719598668],[128.3144150207157,34.833196285865526],[128.3137292867773,34.83311793310848],[128.31371352384886,34.83304428457063],[128.31388958331576,34.83295221435653],[128.31394567483764,34.8325912947931],[128.31405415918863,34.83250346016039],[128.3138252547098,34.83221335371275],[128.31395121601284,34.831926652144546],[128.31391872011235,34.831820123716795],[128.31404537914585,34.83173285009968],[128.31418629401676,34.83181765684924],[128.3143029320419,34.831765697141435],[128.31408440864064,34.83111476809975],[128.3144533096908,34.83089914165107],[128.3152276729499,34.830729938673095],[128.31571060057797,34.83082083376971],[128.31589628597402,34.83099001326781],[128.31648818844732,34.83090252578008],[128.31661877328884,34.8307736738049],[128.31684986069016,34.83085183138732],[128.31673816636612,34.83095262817659],[128.3168338613577,34.83106077032646],[128.31719244582223,34.83100498910869],[128.31727491351083,34.8311411420507],[128.31721025235683,34.83121702208446],[128.3172248990864,34.831704263882244],[128.3177014123082,34.83217140596587],[128.31760776818663,34.83232385182299],[128.3178121621416,34.83240306341492],[128.31785727691724,34.83260967264994],[128.3180297083722,34.832658648001114],[128.31805303570107,34.83278619329641],[128.31844411404458,34.83287025841312],[128.31850384344224,34.832984917244424],[128.31895756631403,34.83320579718585],[128.31906422423538,34.83351981583515],[128.3193765574821,34.83364493934877],[128.31973578773457,34.83392291319551],[128.31969880347242,34.83403225810751],[128.31986082334586,34.83420391459628],[128.3198188586874,34.83442379730036],[128.31995029783857,34.83461151407596],[128.31995605300318,34.83480492027983],[128.3201529693613,34.8348760788534],[128.3195668782202,34.83539570679575]]],[[[128.18323546335,34.83642140459545],[128.18320635800507,34.83641842367955],[128.18323406281004,34.836388233618635],[128.18323546335,34.83642140459545]]],[[[128.17935507652246,34.83699820846041],[128.17921413851343,34.83702231555309],[128.1792460480273,34.8369905320739],[128.17935507652246,34.83699820846041]]],[[[128.3468853946729,34.83552340932886],[128.3468590494478,34.83574422092578],[128.34695247753783,34.836025909692125],[128.34656631229916,34.83615440596889],[128.34639779451587,34.835908960705105],[128.34679436244383,34.83571090492019],[128.3468853946729,34.83552340932886]]],[[[128.15727312539366,34.83725864169977],[128.1573528165496,34.83728490100227],[128.15731822719997,34.83737069712521],[128.1571968151729,34.8373458165479],[128.15727312539366,34.83725864169977]]],[[[128.1580243652232,34.83747938946108],[128.15779645488385,34.83751195605083],[128.15740898889726,34.83735226186733],[128.15749042230394,34.83723654954534],[128.1579476736474,34.837018896788855],[128.1586890768092,34.83648286055448],[128.15843407978014,34.836279107010085],[128.157789249869,34.83604684901957],[128.15772341568422,34.83590634749327],[128.15813425282064,34.83550825998001],[128.15823823771757,34.835136666906365],[128.15874820983512,34.835079307303964],[128.1592914276243,34.83524547277559],[128.15933049898405,34.83518956005376],[128.15913417364166,34.83510643952807],[128.15913335948895,34.83502953747859],[128.1595183508584,34.83508024994851],[128.1596923426385,34.8352019928933],[128.15965043340321,34.83548234628296],[128.15954121779697,34.835748461689406],[128.15922689519286,34.836129427025995],[128.1594658706399,34.83632101642392],[128.1594445047006,34.83645913028925],[128.1588359070004,34.83689030545238],[128.1581590872032,34.83723856492476],[128.1576546152039,34.83726326715441],[128.15766275654332,34.83735058534209],[128.15803397672158,34.83742113688032],[128.1580243652232,34.83747938946108]]],[[[128.17647729265497,34.838509744765666],[128.17641644628017,34.8386037971037],[128.17619529506038,34.838602389071006],[128.17634813307055,34.838492465038655],[128.17647729265497,34.838509744765666]]],[[[128.1331785625787,34.838874500945685],[128.13309833293116,34.83881783693699],[128.13314346438153,34.83873208648609],[128.133707476703,34.83851663884053],[128.13362724855793,34.838697676166326],[128.1331785625787,34.838874500945685]]],[[[128.17400350811639,34.838704793866235],[128.1739214601293,34.83866646976538],[128.17396173521055,34.838652320955255],[128.17400350811639,34.838704793866235]]],[[[128.17351663918907,34.838731142517524],[128.17344513716682,34.83868775140219],[128.1736675680144,34.83862670690634],[128.17351663918907,34.838731142517524]]],[[[128.1760218917972,34.838762885313876],[128.17600662893275,34.838755363908376],[128.17617512321073,34.83873310560843],[128.1760218917972,34.838762885313876]]],[[[128.17248426679146,34.83892489551104],[128.17208841452643,34.83899326610391],[128.17190665158262,34.83879662908257],[128.17232744499358,34.838661141313004],[128.17257352433109,34.838428484790185],[128.17308937006652,34.83847464591526],[128.17299630550724,34.83880447501131],[128.17286906969179,34.83892169895582],[128.17261911108392,34.838987989985746],[128.17248426679146,34.83892489551104]]],[[[128.3802721951761,34.837603949753785],[128.3803145860452,34.83770167105149],[128.38020945244088,34.837794430081615],[128.37998389939602,34.83769836760637],[128.38016538287815,34.83761122416942],[128.3802721951761,34.837603949753785]]],[[[128.3832323582817,34.83806654602517],[128.38264918549285,34.83811416323537],[128.38233999041438,34.83827416248432],[128.3820232119187,34.83823056275264],[128.38178523465615,34.83790025102977],[128.38088756970984,34.83763463529574],[128.38078221330332,34.83724528955797],[128.38110614042526,34.83716145504544],[128.38106954407232,34.83706977512641],[128.38073909669663,34.837150103930675],[128.38062226777447,34.83683970197538],[128.38030280644082,34.83679005027797],[128.38023263728613,34.83668175519078],[128.379793336836,34.836494732995725],[128.37962321783792,34.83632920344484],[128.37963557788487,34.83625010166506],[128.38065808296497,34.835900266220825],[128.3810781078364,34.83597131352373],[128.38119403119367,34.836120133222074],[128.38119558363869,34.8363828188011],[128.38099108726712,34.836727762231384],[128.38114288507393,34.837152503401754],[128.38182396022458,34.83730766384422],[128.38277927255035,34.83790045312324],[128.38317517609383,34.837910856305754],[128.3832323582817,34.83806654602517]]],[[[128.16866480079833,34.840499060037054],[128.16878516315415,34.84056828817395],[128.16878061618806,34.840590016405166],[128.16868227390273,34.840567323571285],[128.16866480079833,34.840499060037054]]],[[[128.23662713526426,34.84125460442175],[128.2363673178424,34.84144132501255],[128.23615888308055,34.841390242380065],[128.2355852889099,34.84102225625255],[128.23509369170577,34.84093129102112],[128.23490610094734,34.84072859844254],[128.23438519783267,34.840916061488684],[128.2335448763093,34.840858183293],[128.23271488637232,34.84061557200361],[128.23245927260402,34.840630157009464],[128.2320655230734,34.84044937007713],[128.2320325290554,34.84032919779601],[128.23155928482672,34.83997469804701],[128.23125162870517,34.83956414066986],[128.230713598278,34.83919879038131],[128.22919055928907,34.8386455006942],[128.22804158145533,34.83868636521014],[128.22740275579227,34.83852533497185],[128.2269697577865,34.83834449822496],[128.22614196470764,34.838190714258715],[128.22615641610952,34.83813136003786],[128.2260085095594,34.83815014160117],[128.22589166732567,34.83792663136782],[128.22559291271486,34.83785924473031],[128.22521882271943,34.83787247418127],[128.2249554866133,34.837966496001116],[128.22460793113652,34.83812862895774],[128.2246618444713,34.83818527269165],[128.22431607969378,34.83841740907989],[128.22384284843218,34.8385881224868],[128.22343127657706,34.838613167717405],[128.22257837717228,34.838850019432435],[128.22152501858568,34.83892828177968],[128.22143725593853,34.83919958494685],[128.22118030297275,34.839127966477974],[128.22121184890213,34.83903683143996],[128.22101108702972,34.83888673707856],[128.22035659970007,34.8393444196969],[128.22028141060306,34.83925225864113],[128.22104982522833,34.838752833053675],[128.22096572948334,34.83864055051039],[128.22103401282033,34.83860235551934],[128.2206270914935,34.838227822026525],[128.22010541993362,34.83803138539221],[128.21927097830047,34.83757857850335],[128.21873466336555,34.83753153589818],[128.2184180026075,34.83774124396339],[128.21869214796465,34.83877761590942],[128.21861871521972,34.83884574813352],[128.2189160664514,34.83923964986106],[128.21882621534672,34.83929929374558],[128.21855238512566,34.83891882048797],[128.21791654507427,34.838933897180645],[128.21728896119723,34.8383759459938],[128.21701835251906,34.838601937574076],[128.2172458404575,34.838323154301364],[128.2169671751862,34.838147214071796],[128.21668394525355,34.838536381257015],[128.216502879889,34.83856874654776],[128.21677785757018,34.83818068975975],[128.216611101393,34.83788791218294],[128.21628541209444,34.8376331211812],[128.21595650661968,34.83688864546882],[128.21533720899842,34.83643855938599],[128.21519414968554,34.836239288283025],[128.2148556671168,34.836402687353136],[128.21470217653683,34.83622783847725],[128.21407063950508,34.8366309126253],[128.21398326380438,34.83654172453179],[128.21493998369536,34.835934397734306],[128.214796812383,34.83426987197578],[128.21473028421548,34.83411626209734],[128.21430029541256,34.833902544932066],[128.21424465007613,34.83363356572133],[128.21384580047777,34.83332758514843],[128.21379331543753,34.83310232446071],[128.21360037493181,34.83293388066702],[128.2134884368143,34.832301245667274],[128.21265911701056,34.83120078698477],[128.21231478090272,34.831100109383186],[128.21217911454036,34.830845961472484],[128.21199316403707,34.83095090388966],[128.21208282356986,34.83083745990357],[128.21194067494255,34.8306326651815],[128.2111759742738,34.83019821993128],[128.21074355808938,34.830144640465356],[128.2102125875248,34.82995096802774],[128.20990889349412,34.8296475296238],[128.2093247304499,34.829253319725524],[128.20909907113287,34.829232113266826],[128.20891490710946,34.82893880549319],[128.2086598631342,34.828818381765814],[128.2085048351231,34.82860485507067],[128.20790019960373,34.82826331744694],[128.2075219599144,34.827830806061996],[128.20750543766832,34.82748676804457],[128.20718797375753,34.82729674401227],[128.20705184074723,34.82709914939538],[128.20721982305488,34.82687050021901],[128.20750453081453,34.82669143085073],[128.20814278596893,34.82675458185091],[128.20904610080936,34.826346238375905],[128.2090771902359,34.82615055238119],[128.20927555628117,34.826073665650235],[128.2094073231857,34.82590145746552],[128.20953161653426,34.82592217615189],[128.21002930769944,34.82533740303005],[128.21049430430432,34.82507271224708],[128.21076986960807,34.8247207356032],[128.2105427707563,34.82449881150041],[128.21080501658878,34.82432150859798],[128.21038177848743,34.82390610159612],[128.21043025900633,34.82387261441897],[128.21092682420246,34.82438036531561],[128.21160119769397,34.82403551592777],[128.2113218153822,34.82352823854099],[128.21138802801198,34.823501301293135],[128.2117309499176,34.8241026529973],[128.2124380900306,34.82380352149609],[128.21389514487063,34.82279255558173],[128.2139326461169,34.82255216540886],[128.21366127514793,34.821125095911626],[128.21314825793115,34.82104885767029],[128.21169303734172,34.821299367743926],[128.2115129751057,34.82144590142803],[128.21111868240814,34.82136966633343],[128.21059407539465,34.82140728545236],[128.20871802203933,34.82198607947768],[128.20850661146963,34.82196862389576],[128.2077650398824,34.82166644096237],[128.20731979112722,34.821664487280145],[128.20679502492865,34.82178106773185],[128.20658390538853,34.82192012597269],[128.2060850018577,34.82197599277071],[128.20529100435718,34.82193688145166],[128.20436978482624,34.82213245432344],[128.20403717305908,34.82239729366012],[128.20394258234506,34.82308682501884],[128.20375214896416,34.82342436204458],[128.20327148774,34.82384231276629],[128.20274233545493,34.82416589347798],[128.20276516640106,34.824313761646714],[128.20257240236842,34.824413794756715],[128.20247022924113,34.82464550056105],[128.20139957681442,34.82519270852373],[128.20090732276608,34.82518019143612],[128.20068795173347,34.82508532257925],[128.20068951210663,34.82499054454148],[128.20052118738218,34.824982867019045],[128.2005847824099,34.824905947051214],[128.20031826556024,34.8241906181779],[128.2003532819342,34.82390501288027],[128.200224393014,34.82383449783415],[128.20022975667564,34.82369341303311],[128.20006008948528,34.82356152606105],[128.20008669763268,34.82342997311576],[128.20037047181034,34.82331390188801],[128.2004562802318,34.822981000570195],[128.20070144917102,34.8230762019691],[128.20121924476607,34.823061782769145],[128.2014067220852,34.82298272714185],[128.20144718503684,34.822815236966406],[128.20187756349708,34.82275484741961],[128.20190027302706,34.822661262075826],[128.20207763393708,34.82261776194554],[128.20244071660014,34.82229384359674],[128.20255955340335,34.82190355951488],[128.20254532471475,34.82147235417539],[128.20224951310848,34.82109652302307],[128.2020685937691,34.82103108583634],[128.20205386899582,34.82093376679475],[128.2017783949409,34.820728690042465],[128.20052550094732,34.82054341429957],[128.20011876955138,34.82004245874212],[128.19971605062125,34.81987977912315],[128.19964803166212,34.81973186620326],[128.19989321553095,34.8189043273694],[128.19962826867314,34.81875234216368],[128.19974365716268,34.8187069961147],[128.19968466893445,34.8186187233244],[128.2000555073943,34.81830233479997],[128.19988670082034,34.818306398930545],[128.19987053980884,34.81819623431436],[128.20035673472086,34.81797990827904],[128.2004267909596,34.8174282107826],[128.2005963899614,34.81749923618862],[128.20073063997103,34.81745622974829],[128.2013672884042,34.81705509643785],[128.20164472305268,34.81700229295875],[128.2019741769059,34.81701244994678],[128.2021712369219,34.816944624140355],[128.2027907015123,34.817088263370934],[128.20284865677604,34.816998009044944],[128.20346954864146,34.81682778514417],[128.20403696502427,34.81683880856859],[128.20415794155707,34.81694488081847],[128.20436459707673,34.81697578868518],[128.2050625984604,34.816753987498394],[128.20552235486053,34.81646472641087],[128.20623331607896,34.81644518288423],[128.20649262763982,34.816599468776026],[128.206994546624,34.816494801114466],[128.20767205017597,34.816617016104665],[128.20800191897044,34.8167482509011],[128.20790577304874,34.8168210781491],[128.20834056431954,34.81682580949922],[128.20837768385047,34.81689752216412],[128.20884141311348,34.816962048526676],[128.2088836077213,34.817067721021004],[128.20906002379976,34.817087166338574],[128.20915616651365,34.817212461061814],[128.20945117953772,34.81720350744389],[128.20973126060926,34.817380158434155],[128.21081211551612,34.817157502655434],[128.2109792072784,34.817062498531065],[128.21109727607484,34.81683598135087],[128.21125655719163,34.81605353413555],[128.21109526318003,34.81584101529609],[128.21107618673923,34.81558803610506],[128.21073020726587,34.81527925951836],[128.21054024315796,34.814872523100426],[128.21072509003372,34.8147558214899],[128.21163615905252,34.8147573921114],[128.21199591203577,34.81467803034198],[128.21205177699645,34.81476365437595],[128.21247063688622,34.81483697991814],[128.21293192997038,34.81523033524095],[128.21301008692183,34.8151786057363],[128.21325991097382,34.815342036814926],[128.2135942287106,34.815360747346034],[128.21355873931586,34.81514235665432],[128.21368618122906,34.81513271528544],[128.21378608663923,34.815459462534136],[128.21411538439887,34.815312970364246],[128.21436339135508,34.815070513649324],[128.21430605729498,34.81496091465341],[128.21441385154318,34.814704374090326],[128.21429530669076,34.814624386233525],[128.2146804411205,34.814284023659845],[128.21486203271672,34.81391760325409],[128.2152864444202,34.81370139500647],[128.21580456360707,34.813642909629586],[128.21592228047083,34.81344123656748],[128.21611409459607,34.813448655500885],[128.2162557438783,34.81307512515343],[128.2161893453465,34.81257350246836],[128.21613935418796,34.81253561942229],[128.21573302545076,34.81265162310539],[128.21567223915505,34.81251655622744],[128.2155849897642,34.81254907417646],[128.21554651632417,34.812484891319954],[128.2156483127178,34.81245338617129],[128.21537665327702,34.81182684168398],[128.21519730728437,34.811820078694886],[128.21473386363937,34.812027417279026],[128.2148651978958,34.81222900240908],[128.21496909798807,34.812685582395396],[128.2148698133539,34.813234433515426],[128.21479129599223,34.81324155238247],[128.21488149713616,34.81273316018612],[128.21479129103946,34.81225371883842],[128.2146563320963,34.81207121064454],[128.21428943721958,34.812131839652935],[128.21392176586497,34.81204521313782],[128.21342790604393,34.812248725970534],[128.2128832750717,34.812277816172084],[128.21252539625004,34.812234848393],[128.21245698449505,34.812127537925804],[128.21232205811802,34.81216277371828],[128.2122576745851,34.812300683345185],[128.2120782753982,34.812334981661124],[128.21210325353067,34.812094474657165],[128.21200394180607,34.811940587337574],[128.2115654820256,34.811955351887676],[128.21128297147786,34.81204785920948],[128.21115008617198,34.81187798015628],[128.210934284312,34.811914420171675],[128.21040673752708,34.81162382725581],[128.2099223880119,34.810935651827414],[128.20977106865465,34.81086909373116],[128.20924645210104,34.81089064480844],[128.20902757666252,34.810631246639375],[128.2089441835891,34.810223703234584],[128.2088373770187,34.81019052342495],[128.20862043654523,34.809900589928034],[128.20836200094251,34.809771777585865],[128.20830547175945,34.80939531744396],[128.2081365887209,34.80931106620777],[128.20818316968308,34.80907533330618],[128.20911337275848,34.808387715616774],[128.2092279914714,34.808388803342645],[128.20912176720353,34.8085180378724],[128.20947755065404,34.80839742832418],[128.20963646991163,34.808248921528524],[128.2099557233246,34.808134553604525],[128.210360295589,34.807756598125344],[128.21061288191086,34.80773981259006],[128.21054159280692,34.807620836482464],[128.21072251505524,34.807549584234046],[128.21110274248792,34.807553609325105],[128.21132337482692,34.80741496461489],[128.21187341581535,34.807422755777765],[128.2122090814801,34.80723222257905],[128.2124882043105,34.80722295172643],[128.21266629426236,34.80706885874206],[128.21299498051073,34.80704196034285],[128.2132356464558,34.80711415791495],[128.2134838788848,34.807095211525116],[128.21345401058025,34.807256338790985],[128.21391191516878,34.80729961626777],[128.21463055899534,34.80705973880472],[128.21457012820613,34.807220632808466],[128.21473936616135,34.80718251483517],[128.21475384849018,34.80730669337486],[128.2152471010844,34.80750512308015],[128.21632151008322,34.80753145377305],[128.21647203799074,34.80738944583121],[128.21708719371887,34.80724081950544],[128.21721212096122,34.80729230800449],[128.21724191662705,34.80773338381541],[128.21781775816203,34.80786420903955],[128.21814339835456,34.80781394860403],[128.21825686648276,34.807979639667444],[128.21919667946767,34.807931474020776],[128.21935305600485,34.808002153885845],[128.2193715644575,34.808148611842064],[128.21965646564192,34.808386881428284],[128.21999715867295,34.80843724410132],[128.22008228767544,34.80838085907877],[128.2200890923564,34.80846821078116],[128.22034179533213,34.80841005021349],[128.22028018080934,34.80825454515159],[128.220399400868,34.808183622130166],[128.22051590836142,34.808230158665275],[128.22053089795486,34.808390872249305],[128.220919808551,34.80832151396073],[128.2209371901617,34.808374409394474],[128.22149876605906,34.80839641021017],[128.22226463214184,34.80836447718715],[128.22223008892522,34.80816304064966],[128.22246418432113,34.808136764607404],[128.2225535682494,34.80820434468787],[128.22314564835756,34.80803146408937],[128.2236116469285,34.808013210923725],[128.22372079029262,34.808037595265716],[128.22363356872913,34.808093654402384],[128.22371772159212,34.808134159104114],[128.22421094397333,34.808101825961884],[128.2244298369485,34.80789359546204],[128.22455102361278,34.80756454321038],[128.2244851747362,34.80725482251084],[128.22426976114167,34.80696130189994],[128.22395031579595,34.80692851072736],[128.2234527309876,34.80745444745567],[128.2233080778958,34.8073699217785],[128.22358720825443,34.807023030073665],[128.22414067721715,34.806757010012085],[128.22415550303324,34.806677008013395],[128.22404854826075,34.80650778494524],[128.22354798410464,34.80623914412813],[128.22296175649194,34.80571303275313],[128.22274478480168,34.805116211149894],[128.22259099308928,34.804960343840214],[128.22276915803866,34.80466302461195],[128.22286464994218,34.80464073070298],[128.22277346067307,34.804427043165546],[128.22296274628013,34.80370852410227],[128.22292142018364,34.80360915349105],[128.22263453716977,34.80344546864586],[128.22266502236315,34.80314089710393],[128.22286973029944,34.80259629953919],[128.2231681774823,34.802106139526515],[128.22366705620973,34.801654475724995],[128.22400985664737,34.801428278384726],[128.22421292148198,34.80147999644714],[128.22437310640456,34.80135436375904],[128.22459116058613,34.80137601695296],[128.22463581230846,34.80151003043068],[128.22457099177763,34.8016218490273],[128.22488757469904,34.80175518808627],[128.22553760046787,34.8014662411982],[128.22613507138158,34.80155014820044],[128.22651671676567,34.80119371513156],[128.22669969900636,34.800871948319944],[128.2266458010604,34.80046632560878],[128.22649929958592,34.800217928155746],[128.22632240091286,34.800151760505756],[128.22630982253278,34.80005003990253],[128.2264581521885,34.799934217720775],[128.226722991238,34.79992233496574],[128.2268373336057,34.799846560829344],[128.22696443179768,34.799926032043615],[128.22676434173482,34.799926906078596],[128.22683062950503,34.800012129410916],[128.2273806858009,34.80003899571296],[128.2276233136036,34.8002434559406],[128.22809429848024,34.800191928439425],[128.2283880603728,34.80051918154327],[128.22831775562986,34.800705322758795],[128.22852686294837,34.80073959372055],[128.22857808379712,34.80090809884612],[128.22916186309985,34.80082287616999],[128.22922087037577,34.800699832567105],[128.2300563187597,34.80041254947335],[128.23018295752414,34.800441952290235],[128.2301889870885,34.80060678090975],[128.23050850244138,34.800548526698506],[128.2306344906514,34.80042461594153],[128.23102851081734,34.800375583394676],[128.23191150082633,34.80047997834928],[128.232159362354,34.80064217812298],[128.232272882699,34.800527309479406],[128.2324447064516,34.800568721654905],[128.23263822895402,34.80039931857993],[128.23276000888188,34.80039420109543],[128.23281218723318,34.80047441029628],[128.23293029853772,34.800471395965495],[128.23293326498163,34.80062300971044],[128.2332627583786,34.80064946871437],[128.23347508301018,34.800538276984014],[128.23360084955425,34.8005781534883],[128.23373455672743,34.800518170226475],[128.23367681132234,34.80044429820689],[128.23380539852207,34.800442755548055],[128.23381971144417,34.800363902473435],[128.234211878674,34.80017112137978],[128.23413143679554,34.80008780542755],[128.234570583742,34.80010143841658],[128.2351566348069,34.800276548494324],[128.235301767404,34.800479524394454],[128.23566248578578,34.80028412512309],[128.23567620234257,34.80034666858549],[128.23532515011453,34.80053423191892],[128.2364881530896,34.8014519053459],[128.2368653989339,34.801408977280055],[128.2370320334576,34.80133327827169],[128.2372537648853,34.80108063080987],[128.23794815483072,34.80081989214955],[128.2381035750985,34.80067057789371],[128.2381091622224,34.8000656842252],[128.23856876061254,34.7995000295511],[128.23864535068657,34.799144714397265],[128.23855714452858,34.79893681705192],[128.2382853845057,34.798816547856234],[128.2384093392905,34.79842487826172],[128.2386372736263,34.79809184577378],[128.23936685148198,34.797976333830626],[128.239577360057,34.79771378687138],[128.23959790198774,34.79724258084646],[128.23950869949445,34.79714667465021],[128.23959168822464,34.796258021656826],[128.238957666087,34.79599350364582],[128.23886088166842,34.79571111637229],[128.23907020581865,34.79513927867908],[128.2397571708041,34.79495039553444],[128.2403467790334,34.79501017080634],[128.24072676551393,34.79514409034906],[128.24123675952794,34.794985985709936],[128.24183263601802,34.79495790697929],[128.242030896101,34.794986102580175],[128.24201257731863,34.79509893186782],[128.24243902968493,34.7952112318949],[128.2425231848485,34.79534292557304],[128.24247454518596,34.795404377052456],[128.24276101379053,34.79557649421988],[128.24291710776808,34.79580923937533],[128.24304736091133,34.7962559284517],[128.24258306437645,34.79645290492903],[128.24251166670658,34.7966166028778],[128.24263768938755,34.796817260056145],[128.24273295445846,34.79729968002308],[128.2429993327068,34.797687346635236],[128.2438338411844,34.798181463704644],[128.24420548815968,34.79825307092689],[128.2443456513255,34.79820881806046],[128.2447275953446,34.79840003881103],[128.24514087033089,34.79848084234044],[128.24524189657362,34.79863041426677],[128.24513726339217,34.7987578974219],[128.245385291042,34.79904692333758],[128.24547725472237,34.79901820750248],[128.2456537023238,34.799100624729846],[128.24547986965484,34.79917134242416],[128.24599080391732,34.799533467891514],[128.24612112775236,34.80001313602737],[128.2456234724925,34.800509284771955],[128.2451615440697,34.80155578692012],[128.24496403681553,34.80292201708976],[128.24501494196326,34.80308704341372],[128.2448253069135,34.80332586945839],[128.2446686658957,34.80328637211252],[128.2445467059406,34.80334077948492],[128.24455048354238,34.80345973192137],[128.24433866051382,34.80371075021071],[128.24404828458725,34.8038757213435],[128.24404062687032,34.80432065114321],[128.24414879117202,34.80446564437388],[128.2439325206438,34.804515211015286],[128.2439640741641,34.80458544451948],[128.24381602560115,34.804824176142105],[128.24387517473872,34.80499817718787],[128.24378589418268,34.80505778098834],[128.24405285132957,34.80581118578058],[128.24391230559326,34.80589837733066],[128.24392193101312,34.806061326265066],[128.2437152066434,34.80615637326665],[128.24366165152648,34.80632100233948],[128.24347722826883,34.80639966498735],[128.24338902842595,34.806571541925734],[128.24272654284826,34.80682950812278],[128.2424026363679,34.807602222482025],[128.24248452349656,34.8079868126558],[128.24393892521698,34.80902888942545],[128.24395049223673,34.8092006472797],[128.24373950590692,34.80921828386054],[128.2427383196246,34.80840814846565],[128.240338818613,34.80906212763101],[128.23881908597275,34.80920881382652],[128.23879808525467,34.809068129153495],[128.23842721759286,34.809081610614804],[128.23830922418563,34.809251071255574],[128.2384370107858,34.80997475331354],[128.23869093053878,34.81028841026417],[128.23758237416163,34.809980218005656],[128.23777057230578,34.81045567878451],[128.23797361805617,34.81060176669521],[128.2382046335056,34.81101247688017],[128.23846767838987,34.81113764913989],[128.23936692569194,34.81129420151249],[128.23980321422133,34.81126386524241],[128.24086741339255,34.811406464355805],[128.2421075753121,34.810944889998936],[128.24249649404794,34.810928995791286],[128.24293772211038,34.81103348053104],[128.2430995450193,34.81119510509144],[128.24317524001944,34.811750783552995],[128.24378917836486,34.81274354485643],[128.24351456687225,34.81360860819441],[128.24366641421412,34.813843434301084],[128.24384946498856,34.81344431212735],[128.24391928595477,34.813573004366496],[128.24419985603262,34.81372448526986],[128.24408257584383,34.81396476824499],[128.24376498317173,34.81407456680657],[128.2439505794631,34.814123087686085],[128.24439829834782,34.81378316261263],[128.24454386582804,34.813899344641264],[128.24458191341145,34.81382478367934],[128.24479280060254,34.813855234443515],[128.24486282279952,34.81401470956352],[128.2447657898261,34.81403175586203],[128.24471844907575,34.814149742283576],[128.24490898709865,34.81414056756034],[128.24507096627397,34.81402731306738],[128.24534050667407,34.814060650893275],[128.24541559992423,34.813908602134276],[128.24518314119362,34.813475209019686],[128.24503121027834,34.81274588449431],[128.24516101235912,34.81228248622823],[128.24484086168906,34.812202773510386],[128.24486846342967,34.81212188391418],[128.24519110803766,34.812197744362805],[128.2457899264764,34.81100038210821],[128.24524156201264,34.81081162131488],[128.24532619751542,34.81064113563243],[128.24549773594612,34.810592100227744],[128.2454979207214,34.81036084194617],[128.24561619546353,34.810150651700255],[128.24448894960236,34.80935620834212],[128.24451190580206,34.80918906367058],[128.24470448896645,34.80917490820327],[128.24579897517742,34.809941302296195],[128.24621841125602,34.80972635263909],[128.24711735943404,34.809538588408],[128.24781195900684,34.809106505694075],[128.24806815579493,34.80902755940368],[128.24874892828612,34.80894520459504],[128.24915323033326,34.80897563350715],[128.2497876230704,34.8087567239596],[128.25126682489497,34.80858323406351],[128.25134944920845,34.80850126295459],[128.25288596044908,34.80828237720878],[128.25340446447902,34.80815814212521],[128.2533690139567,34.8080829991449],[128.2536743655355,34.808003606009514],[128.2548113653869,34.8080774036831],[128.2555790421474,34.808334083296735],[128.2566737120683,34.8089097174886],[128.25681209958168,34.80935381207918],[128.25661367108455,34.809816025218055],[128.25686876009178,34.809949514800984],[128.25678542309595,34.81004660277824],[128.25634573462827,34.80981048417091],[128.2558222738049,34.8099874695714],[128.25574202582095,34.81017539115233],[128.2558479493871,34.810439481911004],[128.25606189006956,34.81062723515348],[128.2567477588994,34.81092039228795],[128.2571065293945,34.810946136270665],[128.2575990780457,34.81086836199573],[128.25750135168764,34.81072507270561],[128.25755553333812,34.81069804466112],[128.2576609667836,34.810850071617146],[128.2577421096627,34.81081656880973],[128.25811716193022,34.81005731818482],[128.25825409832373,34.81003877543591],[128.25830195223537,34.80976338288239],[128.25954208975938,34.809426511559586],[128.25979647712646,34.80927806890519],[128.2600585597011,34.80924254642394],[128.260139698825,34.809293326317686],[128.26081030436703,34.810244840240394],[128.260710165629,34.81089172037367],[128.26077719033356,34.811374610148526],[128.26097901882258,34.81181381229533],[128.26093335236317,34.81192669056342],[128.2611202657427,34.812472693583054],[128.26126563119442,34.81261146978682],[128.2612711776333,34.81273948274309],[128.26138317065855,34.81275290603758],[128.26128549364284,34.813176175435096],[128.2611681634792,34.81317465149154],[128.2610112181775,34.81356772858749],[128.26075516418658,34.813689240965594],[128.2606090732028,34.81417452782376],[128.26116022334577,34.814812891147305],[128.2613599286601,34.81487762769975],[128.26162495876818,34.81483215692291],[128.26221574983762,34.81451980952581],[128.262539538813,34.81449407845476],[128.26281298385024,34.814601996674675],[128.2630171332399,34.814301914865744],[128.26363065234335,34.8141817149461],[128.26446722908412,34.81427353991596],[128.26502610309393,34.814637430128926],[128.2652401073142,34.81457285055108],[128.26515773656857,34.81449418195934],[128.26530946116088,34.81444561839805],[128.26546286824544,34.814574967973314],[128.2658881840078,34.814731440275025],[128.2659923216108,34.81505772172262],[128.26586762647872,34.815277204674395],[128.26576063892148,34.81594356569218],[128.26551417555427,34.81611479579511],[128.2650849419209,34.816635382045924],[128.2650746655321,34.81686748231893],[128.2653322223894,34.817213503446766],[128.26530456310303,34.81748244194975],[128.26548245047235,34.81761919041672],[128.26539488035704,34.8177810793813],[128.26553154983964,34.818003278312595],[128.26532140408645,34.818213473760466],[128.2648266804615,34.818287912491996],[128.26386148587181,34.818187909300995],[128.26339563061757,34.818234010362595],[128.26235499341766,34.81892780770203],[128.26200207089053,34.818984269195134],[128.2618530941245,34.81912052761598],[128.26118127811668,34.819355856428515],[128.2590654917936,34.82034039643494],[128.25847013575373,34.82041724790397],[128.25790942593608,34.820632832954736],[128.25765754428207,34.82084722306304],[128.25727967504113,34.82097740579898],[128.2568839436538,34.82125864668274],[128.255485984061,34.821924962233965],[128.25507529028422,34.82219319145046],[128.25498899704172,34.82233455039347],[128.25446060931137,34.82258828190534],[128.254213301659,34.82285971688706],[128.254356806239,34.823026407124296],[128.25430137003895,34.82305739206562],[128.25421762774533,34.822971542280804],[128.2539108556087,34.82311065737855],[128.25340595469265,34.82314046763341],[128.25293530081288,34.82331222816809],[128.25228922653793,34.82334171348808],[128.25106740610482,34.823964466734054],[128.2501886644695,34.82423110445486],[128.24966551827947,34.824560254313],[128.24921350124995,34.82501658492443],[128.24956032724006,34.82526813687719],[128.24947421161696,34.825332234891654],[128.24920200758137,34.825122029800106],[128.24901815950707,34.82520179382795],[128.24879570095337,34.82544560588123],[128.24852565674803,34.825885849351685],[128.248211761871,34.82675586209011],[128.24837155314378,34.826944579807474],[128.24861191734743,34.827856632293404],[128.24833102390582,34.82823024998898],[128.24825054016276,34.82898050440267],[128.24839362428784,34.82930124428215],[128.248382621561,34.829560476385716],[128.24797038864259,34.82977695548113],[128.2476700182639,34.82972970473107],[128.24719326166985,34.82952734318619],[128.24687559764521,34.82958726599464],[128.24658705223078,34.82971932543119],[128.24615208991594,34.83006499619103],[128.24567846645874,34.830698850432924],[128.24572570034584,34.830870433026966],[128.24564459723504,34.83092452613419],[128.2457219002652,34.83098264932327],[128.24547733817408,34.83106060699513],[128.2453644056863,34.831301350967166],[128.24552067020645,34.83148494854214],[128.24542483746507,34.83154435015411],[128.2456200738587,34.83169927413514],[128.24551864113096,34.8321352110379],[128.24538772313733,34.83220342664722],[128.24518030746106,34.83266437677316],[128.24480232109005,34.83294663300792],[128.24420251605585,34.83309001264182],[128.24383214531798,34.83300279258574],[128.24310992408766,34.8324998014956],[128.24302230881165,34.83227248618243],[128.24294517406807,34.83223679831695],[128.24262894494876,34.83236888311875],[128.24260043421447,34.83231648016389],[128.24293842745908,34.83214376977069],[128.24291837819837,34.8317903135397],[128.24323840041376,34.83146799664],[128.2430130794861,34.83096852714083],[128.24278584841318,34.829838584655946],[128.24260133795894,34.82966894984342],[128.24262720865138,34.82985323531781],[128.24234111259054,34.829869887260024],[128.24227757306636,34.82968680905626],[128.24215477369944,34.829860560356536],[128.2419825436869,34.82988860191062],[128.2419514767784,34.82980515653389],[128.24169394121245,34.82994736729285],[128.24157744318373,34.83047931139617],[128.24164319969583,34.830803146606804],[128.24209082123994,34.83082253932986],[128.24208210357298,34.83090779187327],[128.24160559149752,34.83090613758954],[128.24135594049503,34.831936626196274],[128.24096592237214,34.83220559903918],[128.24034105220565,34.83229153064309],[128.2399959483647,34.83251871261017],[128.2396974129788,34.83245814027934],[128.23981429630282,34.832554363237925],[128.23967896247666,34.83274561081891],[128.2397223396819,34.83286690106917],[128.23961993047843,34.83322246860485],[128.24003391548948,34.833469248420116],[128.24049521333077,34.83320203051198],[128.24056161834682,34.83326934623665],[128.24034602217677,34.833386865206904],[128.24035468633232,34.83345765066576],[128.24062242771458,34.833754361480196],[128.240574623698,34.833804279011815],[128.24081655949067,34.83417449870618],[128.24107867336397,34.83430811482996],[128.24095119636044,34.834534269243726],[128.24099628003395,34.834816645757186],[128.24083306583066,34.83514875061021],[128.24090067861127,34.835478843579004],[128.24080125487723,34.83561537681935],[128.24055299738708,34.83562113744363],[128.23950931924128,34.836276897165405],[128.23883627049335,34.83699594591807],[128.2384487466816,34.8370533810888],[128.2378968553404,34.83754976673893],[128.23771563891566,34.83804553455878],[128.23769291145982,34.83938062381962],[128.23747071827094,34.83993756314607],[128.23669560121013,34.84062888149089],[128.23662713526426,34.84125460442175]]],[[[128.16758863139708,34.84226956968863],[128.16755030819033,34.84226667530624],[128.16756909775776,34.842236608060716],[128.16758863139708,34.84226956968863]]],[[[128.16745889674976,34.84227328808594],[128.16741914687245,34.84229906529708],[128.16742393532903,34.84226655000884],[128.16745889674976,34.84227328808594]]],[[[128.16754364419234,34.84233240318663],[128.16752695754118,34.84234021190733],[128.16750875958974,34.842298470753],[128.16754364419234,34.84233240318663]]],[[[128.21324269816574,34.84201239988141],[128.21326196299665,34.84209273863737],[128.2131707013365,34.842083900140246],[128.21301296766643,34.841972867137585],[128.21310531291,34.841978007664736],[128.21304039071597,34.84189673361496],[128.21338261946323,34.84198006250094],[128.21324269816574,34.84201239988141]]],[[[128.16751249656565,34.8423671091991],[128.16750470453118,34.84238632759271],[128.16748232809604,34.84238383081514],[128.16751249656565,34.8423671091991]]],[[[128.21390708037748,34.84204270085391],[128.21406370254942,34.84212138466953],[128.21355820976285,34.84202312958606],[128.21390708037748,34.84204270085391]]],[[[128.2111045851443,34.842155968065995],[128.21101694041892,34.84213362213654],[128.21111163435822,34.84205309475128],[128.2111045851443,34.842155968065995]]],[[[128.21081828161437,34.842177790085906],[128.2107647243936,34.842219797865475],[128.21072845472023,34.84216420000403],[128.21081828161437,34.842177790085906]]],[[[128.21169641835888,34.842225118592204],[128.21154878153288,34.84218244617921],[128.21174311883792,34.84214656860689],[128.21169641835888,34.842225118592204]]],[[[128.16735197804957,34.842620008209366],[128.16728533329234,34.84260779808899],[128.16730821466987,34.84252757946598],[128.16734316916794,34.84254808186681],[128.16735197804957,34.842620008209366]]],[[[128.20916598839725,34.842421120612514],[128.20911984930757,34.84240194531702],[128.2091416571842,34.84237027789673],[128.20916598839725,34.842421120612514]]],[[[128.1671907148243,34.842662422800096],[128.16715897677423,34.8426863443712],[128.16713115960394,34.84264219415572],[128.1671907148243,34.842662422800096]]],[[[128.20867104385877,34.84242975391324],[128.20862689342854,34.842460870601464],[128.20862046292459,34.84241539977854],[128.20867104385877,34.84242975391324]]],[[[128.20960042426503,34.84241310072252],[128.20971040832288,34.842492226352235],[128.2094502406611,34.84236582098479],[128.20960042426503,34.84241310072252]]],[[[128.21029560274297,34.842511350417254],[128.2102885753261,34.84258098078944],[128.21016887750775,34.842504586973696],[128.2098507721893,34.84250429679301],[128.20960525666635,34.84233870485207],[128.21005565279782,34.842367455298394],[128.21029560274297,34.842511350417254]]],[[[128.2105330442612,34.84255977230727],[128.2104565511821,34.84259572706997],[128.2103819879325,34.84254085414272],[128.21049146673468,34.84249438720323],[128.2105330442612,34.84255977230727]]],[[[128.21069859542106,34.84261436151638],[128.21063683614673,34.84258451215383],[128.21064990155864,34.84256841725154],[128.21069859542106,34.84261436151638]]],[[[128.2126682508522,34.84250669401172],[128.21271924047673,34.8426136657083],[128.21250692576712,34.84257404620252],[128.21280341581374,34.842253028855936],[128.2126219263774,34.84216359153953],[128.21240042887717,34.842312236578714],[128.21246571789044,34.842484722845654],[128.21230811614208,34.842495240438915],[128.21240384125272,34.84255771256734],[128.2123143987615,34.84261611027287],[128.21210597279546,34.84235886854285],[128.21186025878654,34.84246845289346],[128.2115284325035,34.84231793581901],[128.211963932583,34.84218554185499],[128.21205283867107,34.842033136301126],[128.21236285320626,34.84193801228254],[128.2121329669952,34.841841473278656],[128.21220155212933,34.84172528787596],[128.21234855561065,34.84180913951532],[128.2125039786028,34.841727697201115],[128.2125971879341,34.84183033675047],[128.21281594902302,34.84182765994409],[128.21271679088076,34.841903067654926],[128.212755061566,34.84203230216855],[128.21297772487623,34.84216866993858],[128.2138082929783,34.84238620812357],[128.21404114693814,34.84232966373698],[128.2141520698395,34.84237024833211],[128.2141444512242,34.84221708240446],[128.21424853465933,34.842368807226286],[128.21440738508204,34.8423350139146],[128.2145580545703,34.842405041046455],[128.21442999750136,34.84240491677787],[128.21434354598642,34.8425480198631],[128.21413305883414,34.84250693705326],[128.21343265091954,34.842575204477974],[128.2131938921672,34.84246518889383],[128.2130352505238,34.84256994838805],[128.21299813963807,34.84245213226522],[128.2126682508522,34.84250669401172]]],[[[128.21114839074343,34.84264552808507],[128.2110991241891,34.84266642726481],[128.21110047319746,34.84262005985634],[128.21114839074343,34.84264552808507]]],[[[128.211364679151,34.84267313444215],[128.21121715156323,34.842685319446005],[128.2111500747553,34.842521762094194],[128.2113110638532,34.84254351130471],[128.211364679151,34.84267313444215]]],[[[128.16712402519153,34.84332212279861],[128.16718486203214,34.84321417653861],[128.16729804518005,34.84326805177318],[128.16712402519153,34.84332212279861]]],[[[128.16708022559595,34.84346664689615],[128.16707903034973,34.84344851212447],[128.1671268798429,34.84344139461768],[128.16708022559595,34.84346664689615]]],[[[128.1671100595285,34.84347875783909],[128.16711460305933,34.843540029105924],[128.16707525369213,34.84354450025702],[128.16706015334447,34.84353381532217],[128.1671100595285,34.84347875783909]]],[[[128.35371333407275,34.84268472339764],[128.35362889024015,34.84259027887461],[128.3534269443941,34.84255305676411],[128.35325166741973,34.84262500124401],[128.35285250052738,34.842580834044],[128.35257944535945,34.84238416788965],[128.35196750052256,34.84178638960402],[128.35194055732455,34.84169666835119],[128.35217972347635,34.84134055694366],[128.35175861194665,34.841158333946154],[128.35160428793333,34.840697034740224],[128.35107476340445,34.84048790674988],[128.35086272748623,34.84050220110419],[128.3503773142404,34.84071397272001],[128.34962111180022,34.84191416799917],[128.34933527963338,34.84199750146951],[128.349214999887,34.842181389488196],[128.34884222353892,34.842382778624184],[128.34871833415028,34.842381945200046],[128.3485052778813,34.84224916724409],[128.3483811115337,34.84205750164852],[128.34814472259094,34.84197639007405],[128.34821194521388,34.841639168187776],[128.34807027805357,34.84140361249418],[128.34794972272869,34.84075972366828],[128.3471097236283,34.840222501456886],[128.34706777858494,34.840073333962636],[128.34723194511747,34.839678334164304],[128.34738166761838,34.83954861203461],[128.34763222306023,34.83808805613667],[128.3480506332697,34.8377010065996],[128.34851700567603,34.837515608513755],[128.3485456568125,34.837240127385094],[128.34823184485367,34.83713036496194],[128.34845455740447,34.836984397245104],[128.34867430387052,34.83662025639237],[128.3488774142132,34.835957829465805],[128.34924590111095,34.83570608038727],[128.34934893773593,34.83552429372583],[128.34934679158582,34.835310648269854],[128.34912337114227,34.83527769870358],[128.34939560484963,34.83523714614833],[128.3490740145544,34.83465685580445],[128.3484157946416,34.83435267662419],[128.3484487386127,34.83428642908818],[128.34829315030407,34.83422768142842],[128.34734308771246,34.83415222179213],[128.3474479090156,34.834517372955496],[128.34737736349462,34.834524869974445],[128.34726288273802,34.83416155793574],[128.34694719820712,34.83419002742804],[128.34689596005114,34.83441999997662],[128.34655046814459,34.83438752846092],[128.34638986623563,34.83401243705126],[128.34629061967877,34.83340635498078],[128.34613132928857,34.83341419361238],[128.34611000071504,34.83308155594883],[128.34526449755887,34.83259001907693],[128.34502513880415,34.831913220430174],[128.34456470536784,34.83141088195808],[128.34437742161415,34.831360018502885],[128.34417680972118,34.83140390146185],[128.3440294230707,34.83160706787993],[128.34390969355138,34.831819101985204],[128.34410180368045,34.831926607598994],[128.3440713116938,34.831968476621356],[128.3438796562081,34.83189771169937],[128.34374518398118,34.8323481367505],[128.34374110690771,34.83254912204079],[128.34411384062224,34.83250798522287],[128.3442118732818,34.83279273012313],[128.34382605669387,34.832871071600245],[128.34365222296034,34.83339777854691],[128.3434614373883,34.83342986784741],[128.34315805582077,34.83373000067721],[128.34261027959573,34.83390111222454],[128.34247805617915,34.83400611166945],[128.34204514933805,34.8346243879175],[128.34199329670125,34.83528249549281],[128.34243944560532,34.83583138971038],[128.3424416677343,34.8359944448727],[128.34230277838665,34.83616194530907],[128.34235168875702,34.83624944726982],[128.34221351135068,34.83633947377133],[128.3420434385616,34.83619002187995],[128.3418124094235,34.83620772951303],[128.34153029358052,34.83637902999056],[128.34132299710564,34.83673383019323],[128.34137685832442,34.83703141412569],[128.34175873944562,34.83732187628744],[128.34190423953603,34.83714726653993],[128.34201897058267,34.83723425893178],[128.34202096383532,34.837525919185566],[128.34182465272428,34.83752502812514],[128.3418008187703,34.83826559166837],[128.34199685695236,34.83864313265381],[128.3419195129613,34.83867174621491],[128.3417866949032,34.8392725295779],[128.34200537704248,34.83926952722199],[128.34200519587188,34.839416811386364],[128.34177031928218,34.83941737300926],[128.34176979191,34.83948514106328],[128.3419040274701,34.839849113076404],[128.34213527869653,34.840152778901654],[128.34223166655735,34.84066305642237],[128.3419288899132,34.841545000281414],[128.34151305703722,34.841663334098655],[128.34035194506149,34.841365278996946],[128.3400000009661,34.84098833438363],[128.3399258343561,34.840794167619215],[128.33926361151032,34.8406066675682],[128.33884388886773,34.84070805659015],[128.33841083415916,34.8409263899741],[128.33772722335814,34.84161222310757],[128.33774222347438,34.84180777892845],[128.3379877791734,34.84212388999844],[128.33795916737975,34.842413334479545],[128.33782750080763,34.842545835127744],[128.33717833447832,34.842020278459806],[128.33694222277936,34.84195500101121],[128.3367691666435,34.841426389571915],[128.33706222284647,34.84122777889382],[128.33685750098243,34.84114638946209],[128.33683861170607,34.841037501571925],[128.33714583451774,34.84082000108537],[128.33738583440254,34.8407905567005],[128.3375041670479,34.84055444618966],[128.33808138999646,34.8402275007937],[128.33814611182441,34.84012139052924],[128.33840389029956,34.84012166813954],[128.33861555650643,34.83985889004217],[128.33913250038142,34.83954472255052],[128.33968194606453,34.8388641676275],[128.3396705561771,34.83845639005691],[128.33940444484034,34.83831833439507],[128.33929555670892,34.838111667034596],[128.33928638959733,34.837368611872165],[128.33937333457746,34.837147778625415],[128.3394838900723,34.83712472300751],[128.3394530564919,34.83700472377146],[128.339394723394,34.83690611226722],[128.33906777872159,34.83674805669039],[128.3390022230815,34.836439723389304],[128.33886555638063,34.836278333883634],[128.33893861224854,34.835873612156476],[128.3390711113602,34.83569750112998],[128.33893194559136,34.83549222344482],[128.33894166824564,34.83522833404468],[128.33911194573355,34.835124723389356],[128.33917583425884,34.83494250103871],[128.33951333440803,34.83476972364806],[128.34017472238526,34.834705557161264],[128.34071388967632,34.83487305609863],[128.34101145557128,34.83528927959682],[128.34135998505857,34.83530873018455],[128.34179603108646,34.83512069912572],[128.34181721709155,34.83491377755677],[128.34125472264463,34.834314445402576],[128.34114222228843,34.83355027903514],[128.34094583425767,34.833470556452546],[128.34088611124233,34.83331916764941],[128.3406791670759,34.833191112465464],[128.34029444563006,34.832525279281576],[128.34003611230392,34.83252833403173],[128.3398752787356,34.83241555632476],[128.33977638944475,34.832271111979615],[128.33980472244178,34.83212000108458],[128.33967583484264,34.83204166705652],[128.34001194509457,34.83174083435923],[128.3400694455651,34.831507223312194],[128.3399272233878,34.83131861192979],[128.33997305692924,34.8311269463318],[128.33981916747354,34.830713056369994],[128.33992890461374,34.82962683109068],[128.33976612262683,34.82962498998752],[128.33974120011572,34.829078204392],[128.33995362363117,34.8291242422205],[128.34047561469174,34.82855076984325],[128.3405749672548,34.82830745428712],[128.3405397537703,34.82815710322622],[128.34017494840452,34.82782711177874],[128.33963161904632,34.82777130238958],[128.33919243671986,34.828452742853194],[128.3394922432892,34.82864125528715],[128.33943831403127,34.828698737053394],[128.33918461484222,34.82854019123541],[128.3385048237729,34.828942993199185],[128.33819805540523,34.82899888948004],[128.33786944510274,34.828930000835314],[128.33737138924883,34.829046112841645],[128.33725972319607,34.82928666740267],[128.33679777927284,34.82968555634417],[128.33674944530082,34.82994139022309],[128.33645000087932,34.83029583431845],[128.33667444548712,34.83080416826932],[128.33671472309564,34.83101722385086],[128.3366272224641,34.83125944570362],[128.3367830560296,34.83159305661775],[128.33657388972986,34.83181555659038],[128.3362286117075,34.8318888899512],[128.33583916674158,34.832295278834046],[128.33608194541253,34.83259222284751],[128.33626722374262,34.83268972357207],[128.33617472213135,34.83297000110707],[128.33540305625365,34.83333333428663],[128.3348947230616,34.83391861213662],[128.33471694514026,34.83401055665779],[128.33336361258554,34.83441472357297],[128.33288722304144,34.83438416762733],[128.33261277912862,34.83425083479418],[128.3326002780401,34.834164167998686],[128.33328805593936,34.83409194559537],[128.33367027818446,34.833738335208125],[128.33397944546437,34.83364194587125],[128.33398250010669,34.83353166793488],[128.33443333474494,34.83321416724993],[128.3347563895585,34.832139723284655],[128.33510972336558,34.831820000858244],[128.33493805637434,34.83163750109103],[128.33509944443585,34.83151194565683],[128.33490222302387,34.831455000381],[128.3348777784369,34.831370001016786],[128.3351536116846,34.831091667055304],[128.33536416757946,34.830681390610486],[128.33560416736375,34.83061472355072],[128.33610833385828,34.830155000982614],[128.33580361157757,34.82949333443955],[128.33574916774006,34.828964445405504],[128.33556027881843,34.828829166891765],[128.33557305698486,34.82870250154121],[128.33588611174292,34.82854000061716],[128.33616555575838,34.82849527841681],[128.3369708338626,34.82788583467723],[128.33719055685614,34.82780472295633],[128.33738083456365,34.82755194534448],[128.33736694463715,34.8273600009312],[128.33670144733654,34.82724228726967],[128.33646359556346,34.82699712131778],[128.33630887907728,34.82637287329704],[128.33585669526963,34.82629815927881],[128.3356133176836,34.826432109602194],[128.3352126950759,34.826999791270026],[128.33488101304607,34.82717832402877],[128.3348963857113,34.82723138940989],[128.33445360651532,34.82732062699508],[128.33427852563148,34.82697744204869],[128.33366630622356,34.82691835326864],[128.33368703310202,34.82740642032862],[128.33293027874225,34.82780527858749],[128.33252638961093,34.82836500158054],[128.33216777886466,34.828564444889096],[128.332033056303,34.82873361234349],[128.3320408342425,34.82894805695753],[128.33171500088687,34.82942944605633],[128.3314605564407,34.82957194551264],[128.33071194561802,34.829779445481435],[128.3301838892686,34.82984583453154],[128.33004416689744,34.82967833460108],[128.3300786116856,34.82946666765524],[128.3299541681843,34.82935527849727],[128.33031722270943,34.829022222709256],[128.33017888890396,34.82889805719007],[128.33021277787807,34.82865166720526],[128.33048166758587,34.82854805650316],[128.33082944519865,34.82823722397005],[128.33073777874074,34.82818194501287],[128.3307138895184,34.828009723178766],[128.33085194549588,34.82744194609686],[128.3307783340812,34.82720916774949],[128.33040861220715,34.826808889839654],[128.3302730565188,34.826523056459024],[128.3298487317632,34.826316367254925],[128.3298160037975,34.826168992408135],[128.33059539885372,34.82630752054407],[128.33098147130758,34.826044111721764],[128.33093350405082,34.82580950265529],[128.3308231462435,34.82573764039736],[128.33081708730396,34.8255401464017],[128.33094865898516,34.825360844584125],[128.33119753725802,34.825236814819945],[128.33125793407618,34.825077278064526],[128.33102512213415,34.82497683163776],[128.33096849853928,34.8248739893685],[128.33150894160102,34.82447632340035],[128.33148909310572,34.82438260898028],[128.33161077314537,34.824243132526824],[128.3320011700443,34.82410981156017],[128.3324770250487,34.824215093043215],[128.33250974855466,34.82380449765981],[128.33296551912545,34.823660716972334],[128.33309647996114,34.82328174629737],[128.3335951685897,34.822919880951005],[128.333312959262,34.822627205030635],[128.33327417564226,34.82239081968731],[128.3329538464822,34.82240583862464],[128.332904638105,34.821917591771225],[128.33312782018143,34.82186374577725],[128.3336932657352,34.82237121776491],[128.33405217253255,34.822587700481776],[128.3345152611901,34.82274574826807],[128.33485984196207,34.82307343884661],[128.33562329424203,34.82318777594477],[128.33627702547906,34.822845084992856],[128.33644444128828,34.82259825680644],[128.33644874284508,34.82247201653811],[128.33616807668292,34.82220563222457],[128.33612096258793,34.82197431513556],[128.33619681426467,34.82171920012041],[128.33704428480684,34.821386775092186],[128.33716729732225,34.82124915144429],[128.33723710715697,34.82094735926057],[128.33700786846484,34.82085044342302],[128.3369349003029,34.820340527941454],[128.33635049630738,34.820173252639655],[128.33611612187056,34.819981893576916],[128.33586768869037,34.81959868683441],[128.33591216865435,34.8193384933324],[128.33635379072282,34.81900077766661],[128.33573253083543,34.818903810409125],[128.33521704717057,34.818636672004686],[128.33500355162593,34.818402251877224],[128.33499059542137,34.81813175549854],[128.33618812750046,34.81793893650913],[128.33632736846684,34.817826337160724],[128.33610793962325,34.81764467080257],[128.33612163839942,34.8174202838673],[128.336262972699,34.81730824821736],[128.33654625244202,34.817237225051436],[128.33672236976435,34.817291566475085],[128.33680740619857,34.817557685863825],[128.33690230977768,34.817443960635146],[128.33701956567236,34.817482666375625],[128.33724007998327,34.817416883236774],[128.3378664198586,34.817478831312705],[128.33810855000408,34.81743786866136],[128.3382619821452,34.81761552610614],[128.33844521906644,34.81752219794806],[128.33883381504998,34.81792421827862],[128.33906299169706,34.81795360910496],[128.33943625054027,34.818361837974926],[128.3398942612828,34.81832517038523],[128.34001576547948,34.8180341606581],[128.34033602668984,34.818097600099726],[128.34066067492645,34.81845140109585],[128.34042228962844,34.81877845692772],[128.3402114765289,34.81888884818405],[128.3403473478416,34.819115174596476],[128.3404802783232,34.82007833400329],[128.34044500049256,34.8204530572886],[128.34031777899452,34.82059333463923],[128.34048694464434,34.8208572235373],[128.34123609503314,34.82126897921687],[128.34158805638216,34.82187083394076],[128.34213106068495,34.821671183341756],[128.34216483197667,34.82172572916927],[128.3416846892857,34.82195780703257],[128.34174783237998,34.82234762008182],[128.34205384695892,34.82273259445458],[128.34212549821694,34.82276161505237],[128.342456691648,34.8224363544389],[128.3437212389458,34.82319578233072],[128.34483477078405,34.82360814304065],[128.3446525501414,34.823825382167904],[128.34475505921606,34.823962337561056],[128.3450191964477,34.82391221976696],[128.34526656921247,34.824420266149566],[128.34642593238885,34.82419148591003],[128.34658586125636,34.82430249134492],[128.34653844370038,34.82434873768288],[128.34642599616743,34.82427071918585],[128.34486660472697,34.82454082821119],[128.34503393806,34.82498259146183],[128.34566922583574,34.825451715507434],[128.34630932857033,34.825513751998315],[128.3473155556126,34.82537601891923],[128.34731615192345,34.825315623733125],[128.34746359994028,34.8253661408101],[128.3474394903612,34.82507824933165],[128.3477800475638,34.82505689869477],[128.34780591452775,34.82534575352889],[128.34888388112614,34.82550909927019],[128.35003089394013,34.825300683335456],[128.35208776750898,34.8251290507561],[128.35365897999887,34.82460319114746],[128.35351964073254,34.824316159084255],[128.353894954109,34.82418652595577],[128.3540150131519,34.82445982153918],[128.3555024683266,34.82407108583102],[128.35648712588088,34.824277734623756],[128.35686730325745,34.82500999311727],[128.35737499553687,34.82554176985525],[128.35771292464906,34.82539095780647],[128.3577380401489,34.82545210680765],[128.3574207580914,34.82558894891635],[128.35764713058006,34.82591130233826],[128.35778513495657,34.826409322223405],[128.35812498553818,34.82654436245243],[128.35875564779982,34.82641460818601],[128.35882394067343,34.82634636976816],[128.3586971664902,34.82621795413086],[128.3588946417579,34.82627153345195],[128.3589924894217,34.82614952415324],[128.3590243263108,34.825764217245656],[128.3587088329444,34.82576156165635],[128.3586925445434,34.825484232736926],[128.35860165951382,34.82547042389895],[128.3589370892272,34.82542373947969],[128.35870812431912,34.824511592019455],[128.35831238786022,34.82365082924142],[128.35834672125162,34.82346702534985],[128.35866531643418,34.82300606190058],[128.35924664390743,34.82296074740702],[128.35961374077345,34.82284404324523],[128.35990093276172,34.82253297924741],[128.36062417766337,34.82217575759906],[128.36127303749123,34.82215316368378],[128.36190650056452,34.821772494587776],[128.3617707258186,34.82162198206349],[128.36201172740846,34.821479754698814],[128.36248695733255,34.821323160269266],[128.36256232961443,34.821454938382196],[128.36336084837222,34.821248799889844],[128.36330811672806,34.82113249229517],[128.36367716062614,34.820952555022224],[128.36378712629298,34.82104478828864],[128.36440522189912,34.8206889481511],[128.3646830543396,34.82026525324961],[128.36459173189218,34.82019175169011],[128.3649996276498,34.81986875092748],[128.3651017550692,34.819945354873624],[128.366672853163,34.8187120143982],[128.36705623365137,34.81853732472993],[128.36702153233048,34.81843197164863],[128.3672151292572,34.818378851252604],[128.3672812035636,34.81847360438376],[128.3685150907512,34.81844358213695],[128.36850279514815,34.81831595089462],[128.3690045682781,34.81822157328741],[128.36911573803897,34.81841835110763],[128.36936295306327,34.81840233841043],[128.37007422644893,34.818250170277295],[128.36998091408046,34.81800374959953],[128.3705545931252,34.81786814713946],[128.3706297579154,34.81804944771072],[128.37072485313664,34.81802701645455],[128.37078256483227,34.81810124090526],[128.37233967687757,34.81776409791986],[128.37379987757845,34.817337797616226],[128.37360583725248,34.816950866235665],[128.3737520848298,34.81690367611976],[128.37395311724043,34.81729167248721],[128.37426561459378,34.81719967417918],[128.3752009193011,34.816818985299435],[128.37528055592628,34.81655861190591],[128.37571000046913,34.81613888979851],[128.37630583350253,34.81590916811402],[128.3769936117877,34.815329446182915],[128.37809722351133,34.815289446130855],[128.37883722349355,34.815610278747],[128.37957634242244,34.815035074231105],[128.37968268842292,34.814830620748886],[128.37966668260066,34.81448067054763],[128.37979565194615,34.81439361161128],[128.37995083460018,34.81439861220184],[128.37992098816375,34.81424097853444],[128.38013722239288,34.81411527911927],[128.38028333380532,34.81380889033545],[128.38022000071516,34.813493334756856],[128.38061083483345,34.81329888999497],[128.38078250017497,34.81298861222772],[128.3807163896648,34.81284750130604],[128.38099333511627,34.81264750074827],[128.38106638876442,34.81244722314653],[128.381000277897,34.812370278904154],[128.38148573141115,34.81179575400416],[128.38170733697626,34.811158497583456],[128.38150036551525,34.81082868537081],[128.38097878613942,34.81082576831963],[128.38081031129724,34.81109079502229],[128.37990331088739,34.81130143425436],[128.38002829573912,34.81174717677431],[128.3799562318693,34.81176450989257],[128.37983174282564,34.811318372359004],[128.37963332174635,34.811358219937325],[128.37958090866397,34.811156947457555],[128.37881277872904,34.81121833483581],[128.37866555699944,34.81108777809224],[128.37831805651615,34.811055001157065],[128.37790083387827,34.81088611251472],[128.3777158337281,34.810699168434354],[128.37746611181046,34.80990416740256],[128.37755666666396,34.80962055703995],[128.3771927785415,34.80939555666687],[128.37710805598223,34.808965834906274],[128.37694083463623,34.8088436114997],[128.37636527922106,34.80870027828541],[128.37622444568166,34.808603334250996],[128.3761941677962,34.808226389635365],[128.37603361185612,34.807988056355576],[128.37602944602412,34.80774833376102],[128.37615861264382,34.80758611213511],[128.3760205560849,34.80738111177614],[128.37607944500095,34.80714277835681],[128.3771569447947,34.807058612925424],[128.37734861241967,34.807175556918914],[128.3775138893568,34.807166389313295],[128.37769972335823,34.807361944843095],[128.3781175006504,34.80738222258263],[128.37852527872926,34.807520834595536],[128.3794977779066,34.807074167547235],[128.3794861112011,34.80696555666881],[128.37993805635264,34.80668833492459],[128.38067639040747,34.80648194630159],[128.38072070934018,34.8063368870776],[128.38078533666803,34.805844943680675],[128.3806561065981,34.80573504306079],[128.38061555594467,34.80542250188303],[128.38016712756598,34.80527847380063],[128.37963506472346,34.80405857980518],[128.37930081582488,34.80376195815741],[128.3791103408086,34.803829216058645],[128.378905169291,34.80359535217614],[128.37902165018048,34.80353042897187],[128.37864348226768,34.803090392262455],[128.37831168206125,34.8031461197695],[128.37793757166713,34.80353483907701],[128.3773055557821,34.80362750123196],[128.3771355560877,34.80383722342894],[128.37683250098345,34.803823333996476],[128.37673111176403,34.80356333468499],[128.37628750109988,34.803578334524715],[128.37597361195233,34.80349777804205],[128.37633583480377,34.80312111274144],[128.37672722364607,34.80293361170167],[128.3767135729542,34.80273530369888],[128.37762866694868,34.80250396336058],[128.37785582320086,34.80210670253975],[128.37792292841425,34.80128735790573],[128.3780782163783,34.800771242287674],[128.3778368027316,34.80085077855398],[128.37777151584632,34.800610519172785],[128.37797032631948,34.800534670113045],[128.37768244353475,34.80007957793122],[128.37762000078845,34.79982361220829],[128.3778833346409,34.799475001426025],[128.37838388940582,34.79931639004499],[128.37845166790603,34.799235001506695],[128.37850472269426,34.79886583434326],[128.37836722321072,34.79854583467278],[128.37795583404528,34.79850833504636],[128.37781083355853,34.79840166764008],[128.37777916792996,34.79826055598854],[128.37764805661152,34.79822444560334],[128.3771202786918,34.798427223355986],[128.3765016680518,34.79843666779085],[128.37595888972453,34.79823472272616],[128.37582555581218,34.79841277901014],[128.3754702787025,34.79854888977129],[128.37531777802246,34.79884194574801],[128.37515166753172,34.798928334700285],[128.37469472329323,34.79946972327425],[128.37489222313647,34.799903334878316],[128.37479027864035,34.80010027846998],[128.37464805593964,34.801048612278294],[128.3744844453269,34.80115305677403],[128.37407305635392,34.801220833618146],[128.37405444563768,34.801400279457106],[128.37385500035967,34.80152611268608],[128.3739127788364,34.80173305666192],[128.37336027821289,34.802061945855456],[128.37269944472783,34.80293861201283],[128.37232222281955,34.803005279514544],[128.3717700005071,34.802741112522554],[128.37166833434264,34.80242222287216],[128.3717350006719,34.80217722315093],[128.37193305676394,34.80213805663404],[128.37217305608226,34.801710278750846],[128.37208805680015,34.801437501102086],[128.37207805639093,34.80084639037894],[128.3721333345144,34.80073638990464],[128.37236444481942,34.800617223567734],[128.37215888975066,34.80041972319534],[128.37215472327682,34.79987416781744],[128.37254500001137,34.79964638951469],[128.37296388949338,34.7990630571454],[128.37311388934214,34.79896805702932],[128.37303139039264,34.79851416788602],[128.3729280561843,34.798360834682654],[128.37282027818472,34.79834777866323],[128.37263972373577,34.79846916773636],[128.3722758344401,34.799018611608666],[128.37168000062601,34.7993991676689],[128.37138555620706,34.79936972362723],[128.3711163898625,34.79945194582551],[128.37100083382293,34.79955611202294],[128.37086972364398,34.799940279658934],[128.3707377781565,34.80004583433831],[128.36970527948904,34.80048000072241],[128.3694294455065,34.800810278886935],[128.36917027924503,34.800926112469334],[128.3686025004117,34.800437222572604],[128.36859500113485,34.800303612463644],[128.36829000023695,34.79985166768542],[128.36809666731352,34.7996988894889],[128.3680586125998,34.79919861181127],[128.36774916767664,34.799253889518525],[128.36707083484038,34.79907777897789],[128.3667230564899,34.79872777873937],[128.36663472376884,34.798533889425336],[128.36625083460953,34.79869944483592],[128.36603416704526,34.798679722997015],[128.36577638926576,34.79830889048088],[128.36571305613592,34.797810278639],[128.36557222372886,34.797534444979206],[128.36541555660827,34.79741861182539],[128.36493111164316,34.7975330570061],[128.36435722272165,34.79738194605498],[128.36427222256117,34.79721583455636],[128.3643147225284,34.79695083378236],[128.3637144451934,34.79656777895854],[128.36378972242676,34.79643583436434],[128.3641183343304,34.79620111188215],[128.3646052788583,34.795469167893955],[128.36488666686313,34.79529444505365],[128.36517000105803,34.79535333373421],[128.3654700008055,34.79518194533172],[128.36603166785753,34.79519333444631],[128.36633722307715,34.79542055659801],[128.36646722315336,34.79574722363855],[128.3667694453491,34.795769723316916],[128.36726861251066,34.79551277880338],[128.36728888951768,34.79539166792629],[128.36769138978536,34.795332500739846],[128.36786250018747,34.79517500133879],[128.36803055699903,34.79514861276981],[128.36817250137562,34.794750556841386],[128.3684150000469,34.794476389988034],[128.3690730559298,34.794264167597],[128.36932916678956,34.79425889025368],[128.3700255559449,34.79384472328296],[128.37036500062266,34.79399277924395],[128.37063166839982,34.7942927783547],[128.37054222328962,34.794938889506284],[128.3703975008759,34.79527250181869],[128.3706630557111,34.79560472331324],[128.37117500022183,34.79529333453508],[128.3714441676166,34.79527472264549],[128.371681668131,34.79501833407252],[128.37184361270542,34.79495361147007],[128.37198124901153,34.794666540045384],[128.3722665178198,34.79460963591366],[128.37265633279662,34.79414295861987],[128.37386872776648,34.79394428674175],[128.37405389003723,34.79359750131692],[128.37413000111835,34.7930416671567],[128.37407777856453,34.792773334204625],[128.3742400008305,34.79217472339322],[128.3742052783234,34.79197555611649],[128.37405000131315,34.79186416776963],[128.37398333442326,34.79113166768306],[128.3737986122756,34.790820279261474],[128.3739402785991,34.790475000950934],[128.37391750108313,34.78996333415861],[128.37419710737214,34.78943500851313],[128.3745573676206,34.78908971110701],[128.3748580687602,34.78893097131177],[128.37518590359082,34.78890129538611],[128.37565777056514,34.788963240580024],[128.37598576131552,34.7891694245911],[128.37604718974407,34.789287268905255],[128.37655769025156,34.791056953631994],[128.3770678836604,34.79198959328529],[128.37726130220338,34.79273034397976],[128.3771900009613,34.79293027900496],[128.37729500129106,34.79385166800218],[128.37716611173448,34.794085556411595],[128.3766275002793,34.79430416700842],[128.37641000133425,34.79426305688873],[128.37611222270968,34.7939927795792],[128.37560027860386,34.79397639019103],[128.37498746373376,34.79410689467718],[128.37462027965236,34.79405861190251],[128.3744773125345,34.794321863681006],[128.37434748726304,34.7943076526449],[128.37428306785282,34.7945673704495],[128.37445122503863,34.79466583233388],[128.37495010890612,34.79469509262825],[128.37573545187342,34.79505384897681],[128.37694293771938,34.79536680867709],[128.37803449768856,34.79580543553633],[128.37810132554569,34.79589988918594],[128.3779920388142,34.796170546870094],[128.3785790533725,34.79649106581927],[128.37871624501926,34.796458510035464],[128.37929925316405,34.79598611097749],[128.37940137749308,34.79598422878604],[128.3811066836984,34.796841772298265],[128.38126436415243,34.79664584822969],[128.38155479121676,34.79679244486377],[128.3814564772917,34.79692461847551],[128.38257060774217,34.79748038640376],[128.38350288156428,34.7969686395804],[128.38365486590018,34.79688091712274],[128.38346656914635,34.79586854722772],[128.38333619632934,34.79587838288123],[128.3832845185604,34.795606201682475],[128.3834149786621,34.795589831468455],[128.38319503472016,34.79439515649109],[128.3817465027924,34.793666210750914],[128.38167399895843,34.79327750561028],[128.37963570706842,34.793709973445154],[128.37953251902326,34.793679255771075],[128.3795165199778,34.79354198266908],[128.3817619134527,34.79308806835272],[128.381818612636,34.793038889798595],[128.38173416799833,34.79285027922914],[128.38246222299892,34.79246194540074],[128.38255527946734,34.79232416779033],[128.38287833489784,34.79236361217648],[128.38331027912116,34.792196112094956],[128.38350027855537,34.792245001262],[128.3836630567328,34.79211666824993],[128.3839883348949,34.79207527895559],[128.38460328624058,34.79181588619614],[128.3849563534856,34.79149955553759],[128.38562149813026,34.79117952418567],[128.3865967392831,34.79105495015232],[128.3868895591705,34.791157215387464],[128.38728835654274,34.791095354069796],[128.38823988960343,34.79077226629847],[128.3888292449159,34.790474572801195],[128.3892170971587,34.79011314238427],[128.38880581800967,34.78985767431139],[128.38912873029008,34.78952076860136],[128.38931813230369,34.78965569324818],[128.38974357637508,34.78920915915352],[128.38996258224043,34.78932790293549],[128.39020790223344,34.78901923692831],[128.39023045179445,34.788864982240526],[128.38997174112126,34.788764908461836],[128.3896529916858,34.78912275496979],[128.3895365937,34.789112944474034],[128.38987159407014,34.788727162662695],[128.38970316003793,34.78865751112961],[128.38975305002626,34.788579163290244],[128.39016065007795,34.78873100676283],[128.39065606382007,34.78784860166995],[128.39079385997778,34.787867336804304],[128.39145197344527,34.7863640906796],[128.39146712541176,34.78573825861708],[128.39102504334693,34.78459389101053],[128.3893289426319,34.78355099288092],[128.38919886330734,34.783402576593204],[128.3881588902006,34.78308222332605],[128.3872083337127,34.782685556246484],[128.387039167583,34.782430278814914],[128.38665305581173,34.782293889640094],[128.3866861125472,34.78209194527153],[128.3864300009761,34.781665834661354],[128.38653083459627,34.781551112451574],[128.38648222318577,34.780980834532436],[128.38630944605293,34.780931112874676],[128.38609861239988,34.78073388925322],[128.38598222276306,34.78038833438401],[128.38587444473777,34.78033277814668],[128.38598250116434,34.78018805615985],[128.3858515981052,34.780099027938626],[128.38602964816218,34.77976773892995],[128.3874201101584,34.779638884527664],[128.38805793514743,34.77928036546011],[128.38847390486563,34.778898284189786],[128.38847083456312,34.77823972341008],[128.388380000897,34.77801250157723],[128.38846500061712,34.77786222321796],[128.38815416760153,34.77751583406189],[128.38846277859926,34.77745555694341],[128.3881258338338,34.7771386115726],[128.388100556711,34.77688139003875],[128.3877523926046,34.77662479767533],[128.38778039648568,34.77608481864065],[128.3884009196751,34.77591658275634],[128.38867729661624,34.77597313434547],[128.38898062750957,34.7761690127737],[128.389106628502,34.776551246039006],[128.38930578607906,34.77667855331385],[128.38962004131685,34.77718356290435],[128.38965268126384,34.777456331248054],[128.38945130636466,34.777999499000074],[128.39022027868694,34.77922277918259],[128.39021417504458,34.77944122671678],[128.3904214081801,34.77966995373678],[128.39115020563548,34.78002919699887],[128.39175749561988,34.78016181023413],[128.3921055559285,34.780113334365815],[128.39258638982366,34.78026666780497],[128.3933155567664,34.780032501000605],[128.39350333461348,34.78019944578786],[128.39370538974921,34.780864545368566],[128.39397874207384,34.780958901467834],[128.3940722076805,34.78072594801743],[128.3941671553291,34.78074878956827],[128.39408087390007,34.78098500060151],[128.3947053385458,34.78110292422319],[128.39523485584417,34.78102638071525],[128.39620079179952,34.78053538682455],[128.39699755736132,34.77993929549057],[128.3973150296389,34.77956430614227],[128.3973587877423,34.77922625203551],[128.39695915986238,34.779256685931664],[128.39689880009354,34.778548595371554],[128.3967323428611,34.77820088779692],[128.39633931881065,34.77856095819621],[128.39629602042436,34.77852141296651],[128.3966929317868,34.77815355821956],[128.39624698436435,34.77759600710373],[128.395269474533,34.778106172632604],[128.3952546102041,34.778213506757695],[128.39501411969874,34.77817247146571],[128.3950827896235,34.778005794207544],[128.39635601683122,34.777369230475074],[128.3963908488641,34.777266373294545],[128.39628596577893,34.77689153364473],[128.39613125183456,34.776811255601096],[128.39604607286844,34.776552280214524],[128.39584716862274,34.77643850916263],[128.39569733743758,34.776461144307845],[128.3958313551637,34.77584199469951],[128.39580247159205,34.77558693495147],[128.39569478600885,34.77553630747869],[128.39581358580529,34.77543465680736],[128.39579737458553,34.77506751865548],[128.3954125003699,34.77463166775562],[128.39503972235627,34.77467500087491],[128.39484250099946,34.774576667023055],[128.3946796765306,34.774597750732624],[128.39443535922572,34.77443270000246],[128.39448495911086,34.77435872841831],[128.39465156175916,34.774394910993834],[128.39485055666825,34.77408000123436],[128.3945424873581,34.77381420450256],[128.39444451969277,34.773552696815926],[128.39489320329636,34.77334991215081],[128.3953047231786,34.773348334579445],[128.39570472312508,34.77320361265886],[128.39596111119607,34.77310000080418],[128.39607305633123,34.77291888947869],[128.39627583448745,34.772890001003724],[128.39657500109612,34.772359723472455],[128.39711776050066,34.771863957999315],[128.39748355488013,34.77110955049449],[128.3977364652878,34.770397629259136],[128.3977661124444,34.76970027867904],[128.39768388992667,34.7695086125],[128.3974744451066,34.76932333429212],[128.39758138940482,34.768571390568816],[128.39729166679945,34.76779222295253],[128.39730548890446,34.767021463644454],[128.3971488143874,34.76640654418847],[128.39722627206945,34.76596020727941],[128.39752888999493,34.76563444511237],[128.39749246317473,34.76550886500563],[128.39781840427625,34.76523454398128],[128.39844340145711,34.765188476012305],[128.39902154541483,34.76531530686292],[128.39917189807875,34.765693942643495],[128.39956114427935,34.76612898727974],[128.39999887285273,34.76644820807048],[128.40017500582474,34.76675060280391],[128.40048750078702,34.76697305679124],[128.40130555689913,34.76721916765756],[128.40156944510397,34.76751166776447],[128.40166083468915,34.767802779382514],[128.4018466676742,34.76791666777745],[128.40251333422648,34.76803055695836],[128.40343861256372,34.76797527812008],[128.40386166710616,34.76802777804829],[128.40385555647643,34.76795000062657],[128.40424092019268,34.76784761861414],[128.40530260696195,34.76777363923428],[128.4058547188472,34.767266359453544],[128.40591466157144,34.767312718201445],[128.40546142245242,34.7677756810015],[128.405482680225,34.76784717417635],[128.4059302851478,34.76810969408015],[128.40646593432615,34.768034667173644],[128.40662955124475,34.768192732894995],[128.40762378009524,34.767823482409206],[128.40640791775425,34.76607979805546],[128.40610024501225,34.765788481973054],[128.4054786525458,34.76547360942505],[128.40532325862608,34.76568804980731],[128.40473526338653,34.76540054297352],[128.40452296623369,34.765641585389254],[128.40442137108354,34.76557618312106],[128.40478147344308,34.7652224333777],[128.40437327389157,34.764522864155914],[128.40433232175624,34.764175327715314],[128.4054873180778,34.76297826140626],[128.40598740020903,34.762593867364416],[128.40616711496045,34.762626781639135],[128.40656529300594,34.7624609038327],[128.40683972959468,34.7624456739813],[128.4075942024939,34.76255102846345],[128.40899178606497,34.76304811401762],[128.41154046067174,34.76328050938659],[128.41200421971973,34.76323122179398],[128.41377037957346,34.7627069919453],[128.41425249808916,34.76270612027801],[128.41481594820158,34.76286237140375],[128.41799681327007,34.76433635016227],[128.41855557858426,34.76447328494051],[128.41964846226745,34.76453682575243],[128.4203774914898,34.76366736420836],[128.42045277891137,34.76372800865605],[128.41985576260504,34.7644495486201],[128.42041266695486,34.764914910927],[128.42124100592318,34.765225484286795],[128.42220587499008,34.76441101600438],[128.42248222307734,34.763960834465216],[128.4223858334012,34.76364611242876],[128.42253444615508,34.76344444532807],[128.422455278571,34.76300222321187],[128.4223341671249,34.76300861158545],[128.42224853469153,34.76291545513796],[128.42133197904397,34.76287516486904],[128.42133736135642,34.76272291342299],[128.42246228792735,34.762785335440455],[128.4227277789538,34.7625941678623],[128.42288361222666,34.76257388975412],[128.42277555601336,34.762363611845224],[128.42306694601584,34.762228334457006],[128.4231297226917,34.76207694540458],[128.4234708341057,34.76198416771882],[128.4237208792655,34.76203160054707],[128.42392646576027,34.76237338375933],[128.42373111190798,34.76239833376464],[128.42401777818282,34.76269305670715],[128.42388277855045,34.762742223163784],[128.42384916760204,34.76285194559581],[128.4240230564208,34.763059445112944],[128.4239113899493,34.76319889056331],[128.4240216671168,34.76347250124564],[128.4238936119436,34.763680001676796],[128.42406834984885,34.763862530931775],[128.42395555651666,34.76395055614905],[128.42415010496234,34.76402527645083],[128.42398944544374,34.764146389982244],[128.42415055596095,34.7643841682906],[128.4244802783757,34.7644950009126],[128.42453055610605,34.764668889872],[128.42471918645654,34.7647966114285],[128.4245541679549,34.76485250094773],[128.42467080576245,34.76505183519516],[128.42458500020498,34.765206390013624],[128.42492242912428,34.765428509425],[128.42532268669987,34.76543700307615],[128.425409417892,34.76562169241299],[128.42529875838733,34.765829915970414],[128.42504811381696,34.76586972425394],[128.4252899664557,34.766059135923385],[128.4252765313005,34.7662010957583],[128.42515306006268,34.766289790249495],[128.4254150085606,34.76641784261037],[128.4255469834095,34.766902565625685],[128.42541476822697,34.76717068149871],[128.4250206178163,34.76724891780598],[128.425085215583,34.76744660900073],[128.42502571798698,34.76764530350464],[128.42525698151232,34.76818414301043],[128.4255755263937,34.768367493950954],[128.42570134185956,34.768561026724356],[128.42542397330587,34.76864417091463],[128.42533192952448,34.768779170746555],[128.42451384373922,34.76921481659039],[128.42436920116106,34.76914510419967],[128.4240852764295,34.769180936806194],[128.42352286468713,34.76958590034706],[128.42388133068243,34.769948349802775],[128.42438264139403,34.77075673436306],[128.4244803691511,34.77079478229203],[128.42480608973446,34.770683952096334],[128.4250371952534,34.77030075529664],[128.42509819140906,34.77032647554615],[128.4249723193181,34.77053236789303],[128.42502496995857,34.770639065331636],[128.42484480055407,34.770839313129486],[128.42489911374838,34.77106768916876],[128.4253415188591,34.77133178240527],[128.42558507765986,34.771624329871024],[128.42587893660667,34.771710369020866],[128.42589746072767,34.771797946366014],[128.42617053247162,34.77190756730795],[128.42626997753464,34.771854420719336],[128.42642878985384,34.77203967515402],[128.4268609665507,34.77212687210129],[128.42696124657695,34.77225687749379],[128.42751209161372,34.77244245595781],[128.42787984594554,34.77265184290101],[128.42794504017417,34.7729017049334],[128.42787263279456,34.77305184675937],[128.42820783735826,34.773265956064726],[128.42833892687517,34.77348187812382],[128.42847591325497,34.77347023351339],[128.42851211046303,34.773623379715794],[128.42868090647352,34.77366135104091],[128.4290432096868,34.77421219392085],[128.42945961353348,34.7742176377715],[128.42964014898934,34.77431054023715],[128.4297536126712,34.7745829104973],[128.42954191446648,34.7748125481941],[128.42965366003284,34.77490072235207],[128.42956158588058,34.77497569963397],[128.4299287086293,34.774977520750596],[128.42994360587946,34.7750785961284],[128.4301508307771,34.77517557806349],[128.4305117276749,34.77513936288328],[128.4306948641036,34.77502799622665],[128.43099677899087,34.77531617815749],[128.43120510556753,34.775399000720256],[128.431262077119,34.775486882687936],[128.43115852807387,34.77554670600861],[128.43120951045242,34.775680847756725],[128.43095013995335,34.77577366517713],[128.4308831819939,34.775994993312295],[128.43050661880957,34.77612436052411],[128.43072358388503,34.77660287783389],[128.43103600062713,34.776957215322064],[128.43134362856895,34.77694878171238],[128.43134256179343,34.77704776885306],[128.43163586629018,34.77721242126248],[128.4319742659585,34.77721449562231],[128.4320395012043,34.77738920963083],[128.43259665145996,34.777655472067444],[128.43270750157245,34.777828333929236],[128.43272972290015,34.778305001162636],[128.43291441081203,34.77860206647736],[128.43323681785697,34.77856167270534],[128.43346708496648,34.77864141586404],[128.43414205244906,34.7792365103022],[128.4344577615504,34.779073095024295],[128.43464694306476,34.77911370402557],[128.434794980455,34.779262414851246],[128.43491862067245,34.77923191906992],[128.43546964351302,34.77940104062776],[128.43574745315996,34.77968861915296],[128.4357977992883,34.78004976363781],[128.43553005987152,34.78041500151969],[128.43561826231672,34.78050748088921],[128.43540638701128,34.780756527130784],[128.43545468915661,34.780951973879446],[128.4353328183853,34.78139727967847],[128.43539879417136,34.78176426189438],[128.43533851588802,34.781814012987184],[128.43525958569643,34.78175783635881],[128.43476990492894,34.782317128353675],[128.43462276300178,34.78260370672246],[128.43447750117426,34.78263416803766],[128.43463083391134,34.782779723686374],[128.43460818289003,34.78286626300362],[128.43430205859772,34.78283035071527],[128.4339473353864,34.78297832970286],[128.43394109650347,34.78339979674111],[128.43382176780167,34.783417477306266],[128.43390161976137,34.782841501432294],[128.43375371936386,34.78281556061871],[128.43378753201958,34.782657614055175],[128.43356012195716,34.782460463764565],[128.43312315218463,34.78237503588431],[128.43314557781804,34.78251553723774],[128.43307905522647,34.78252456497442],[128.43305815119592,34.782378154601304],[128.43291915386217,34.78239318154797],[128.4323665526714,34.78266022428007],[128.43189121873672,34.783167285494635],[128.43179546814983,34.78380735899344],[128.43166108651752,34.783957644501456],[128.42960305677005,34.78488333407575],[128.42926620983098,34.7851363115215],[128.4286307404855,34.78585869213302],[128.42820805694717,34.78584027909573],[128.4279950728772,34.78591946398185],[128.42726878641548,34.786377603068146],[128.42726197667002,34.78658322332164],[128.4270971371581,34.78648484546182],[128.4267298388721,34.78657878986886],[128.42669575724685,34.78663380086283],[128.42684882986666,34.78682463802444],[128.4262861617217,34.78759155322197],[128.42614080258227,34.78757409265042],[128.42568204048706,34.78799233162258],[128.4256805241338,34.788110463127296],[128.425559629419,34.78821160576667],[128.42568437389556,34.788677027709504],[128.425584001309,34.78869388159045],[128.42543417022944,34.78821981960273],[128.42526285494043,34.78811335308352],[128.4248768176981,34.7883028685467],[128.42467689159477,34.78833274711855],[128.4243960716356,34.78825734729958],[128.42423295712376,34.78837187991687],[128.42374644110143,34.78822923172578],[128.4232520591904,34.78818818284985],[128.423348611501,34.78875067733211],[128.42318390324982,34.78877949907128],[128.423092586377,34.788131168319204],[128.42298898167795,34.7879613170022],[128.42138206034596,34.78839068225985],[128.42137508526275,34.78889712934336],[128.42206605015733,34.78898184745687],[128.42205665646222,34.78902886111171],[128.4215679849115,34.788969838394884],[128.42152643432112,34.78923990144865],[128.42129051245786,34.7892172017645],[128.42117372585213,34.789726931752334],[128.4208005175054,34.79014255448239],[128.42051100417683,34.79099804662837],[128.41991374650215,34.791744729304696],[128.41978740114538,34.791994869432024],[128.4203308956948,34.79231735183175],[128.4202633784686,34.79238418761393],[128.4198344459549,34.792111357000024],[128.41977144721136,34.79222337402048],[128.41965738939592,34.79216885591974],[128.41948944038197,34.79232918627218],[128.42082531708715,34.79356181752214],[128.4207139441227,34.79364364032951],[128.42079956177494,34.79374665321473],[128.4213159043981,34.79317443322568],[128.42252150250252,34.792633919972864],[128.42276251038857,34.792430833150064],[128.42252623085366,34.792006382834046],[128.4226025245684,34.79197823490399],[128.42283261100044,34.792383153583984],[128.4243700517167,34.792321914516755],[128.42480337976076,34.792132932201135],[128.42469347170677,34.79194724366473],[128.4261194189661,34.79136138396822],[128.42640620157877,34.791207011313425],[128.4263202260934,34.79108977663367],[128.42650995737927,34.790976888087876],[128.4265976537534,34.79109747029461],[128.42767866223383,34.79052535536306],[128.42842105335518,34.79056742875651],[128.42844199983728,34.79071433902134],[128.42896468408625,34.79100442585214],[128.42894320572165,34.79115881417141],[128.42933411533556,34.79131118328459],[128.42998126963334,34.79133248594408],[128.43020819018955,34.79127541786298],[128.43022464696165,34.79138110057608],[128.43031264320837,34.79137730798992],[128.43036016415948,34.791261057579156],[128.43016009305313,34.79100397775925],[128.43028133459853,34.79094982810525],[128.4304941109698,34.7911457488158],[128.43059615741032,34.790950422336884],[128.4305215153474,34.790791329407725],[128.43094207870797,34.790563173205555],[128.43116584407855,34.7902233393789],[128.4314641570747,34.79016512671309],[128.43185550703342,34.78991291087302],[128.43221444618257,34.7898265796364],[128.432714565534,34.78957179027734],[128.43328621868162,34.78948527740923],[128.4335938872295,34.78926152695551],[128.43400047689184,34.78910931674569],[128.43437721230555,34.78932503416806],[128.43416728355507,34.78926502475045],[128.43421279214152,34.789349294106614],[128.43411735756843,34.78943747127035],[128.43417937974579,34.78969049050066],[128.4345687847066,34.790057858205955],[128.43466602613768,34.79039415769027],[128.43527261780065,34.79070042988081],[128.4355496185846,34.79075642758031],[128.43595418933407,34.79105710188703],[128.4374870045175,34.79163620931835],[128.43748982228817,34.79199507179343],[128.43756607107574,34.79211434905058],[128.4378574453865,34.79216166514749],[128.43768237929189,34.7923265666941],[128.4376938166875,34.79240193645603],[128.43796248270903,34.79256500049469],[128.43794961697623,34.79267452849011],[128.43820144927307,34.792860687935914],[128.4382166231355,34.79304131781482],[128.43869547079237,34.79353073241035],[128.43896776207583,34.79397797685559],[128.43974349122223,34.79452718507662],[128.43991645892316,34.794729157480376],[128.43990558154243,34.79507080403148],[128.4396274330285,34.795297188229384],[128.43965449925315,34.795763289171795],[128.43944543421298,34.795863107184765],[128.4393603215269,34.796010768998755],[128.43931098307542,34.79625270213118],[128.43941642903093,34.79641379147691],[128.43918900660074,34.79652885566489],[128.439132983518,34.796665385471805],[128.439120863585,34.796872206417476],[128.4392085072053,34.79701227235915],[128.43858058119415,34.797240240306756],[128.4375148086703,34.79850052233668],[128.43734678884903,34.79853181178656],[128.43705473666796,34.79881615683416],[128.43616250049948,34.79921431122062],[128.43550216801634,34.7994183976831],[128.43517766292314,34.799655259973306],[128.43547354339125,34.80089284882187],[128.43535837046065,34.80086032495965],[128.43510705462901,34.799922151546475],[128.43310816873733,34.79929424408457],[128.43316513338186,34.79917727737599],[128.43279195883065,34.798916351014505],[128.43241732285117,34.798931816461916],[128.43219551479396,34.79910351654786],[128.43194696089697,34.79953914431169],[128.4323956306704,34.79983201309753],[128.43241122184799,34.800574723235634],[128.43175898679112,34.801138912520315],[128.4315621677353,34.801595552215176],[128.4315103172012,34.801987287168494],[128.43171009079538,34.80273700847243],[128.43195275360446,34.803022959582684],[128.4321796565189,34.80287549373776],[128.4323165054984,34.80302883983458],[128.43211136263042,34.803170373588294],[128.43251938080633,34.80347195167898],[128.43261653354014,34.80370953836196],[128.43132519330038,34.80575394417847],[128.43140519794113,34.80599036900566],[128.4322721491568,34.807126675954194],[128.43291132150603,34.80823704153233],[128.43348334031913,34.80902541198953],[128.43380876276527,34.80889201265075],[128.43359395271108,34.808129353217396],[128.4335537289929,34.80699462451082],[128.43376266969113,34.80601378042391],[128.43429455291988,34.80493429620459],[128.43409337721505,34.8048724444241],[128.43413960343162,34.80459485957122],[128.4343143145487,34.80434273152895],[128.43456171828228,34.804379208507875],[128.43474038123367,34.80431439045659],[128.4356538345562,34.802976912178096],[128.43629362831297,34.80245370143197],[128.4369119871644,34.80216899345937],[128.43737819170408,34.80226862169651],[128.4387694291806,34.802769369832234],[128.43930335520437,34.802820977629146],[128.4399666369741,34.80267081630913],[128.44012515666776,34.8027694151739],[128.44016985379125,34.80294794619634],[128.4404568087708,34.803049557759365],[128.44082640586316,34.80297332341817],[128.44121092719598,34.802653929048766],[128.44161930062415,34.80259728277192],[128.44176280840983,34.80268206931811],[128.44224641909122,34.803524854145714],[128.44234876913092,34.80411653368579],[128.4422487042774,34.804330620984004],[128.4415289135244,34.80470995413702],[128.44100191524066,34.80515131205443],[128.4408996559205,34.80540906798387],[128.44108183158843,34.8063506716345],[128.44136932652535,34.80677118529578],[128.44154794185133,34.80822361035855],[128.4418220868359,34.80906939344436],[128.441174368795,34.81002909073792],[128.44096135542114,34.81064396573852],[128.44118785157346,34.81077264286569],[128.44109440265186,34.81085489914685],[128.44087974574992,34.810766802814946],[128.44024880982747,34.81120249564958],[128.4393911727624,34.81219573110518],[128.43930193396258,34.812606871070216],[128.4392611140927,34.8139884660574],[128.43947050718685,34.81480052029432],[128.4393668087382,34.81534940902411],[128.43910593671632,34.815856907775526],[128.43896477601334,34.81642512254856],[128.43904369400957,34.816966043172485],[128.43920182990945,34.81727076203013],[128.43935219664667,34.817264593000225],[128.43922442333772,34.817303956997186],[128.43949919031235,34.81790993982329],[128.43954542168407,34.81819952645899],[128.44051898115336,34.81814561684391],[128.44052397514358,34.8181950993677],[128.43953003011583,34.81825165251517],[128.43932999070876,34.81918705967065],[128.44002541864663,34.82006524531846],[128.44103906559633,34.82042430531959],[128.44149278037614,34.82112534771046],[128.4413609137878,34.8213316473884],[128.4408894497841,34.82140451649062],[128.4404181419862,34.82169399748477],[128.4404955249844,34.821883445702355],[128.44043346868386,34.82218382661866],[128.4402230378887,34.822545792578126],[128.44012931711544,34.822939558405935],[128.43984812809475,34.823379906717534],[128.43979350275924,34.823824753381295],[128.4399325934347,34.82392898622116],[128.4402284982245,34.824459123016226],[128.44015180134457,34.824666903005564],[128.44039266011157,34.82484975492509],[128.4404413858455,34.825234874020175],[128.44085080422917,34.825805066384675],[128.44112215217498,34.82595499607314],[128.44118133820584,34.82613462216568],[128.44159886510624,34.82627530962777],[128.44151672947032,34.826460476600985],[128.44121651687468,34.826346580543905],[128.44089720991553,34.826481858751734],[128.44075839972453,34.826826631034145],[128.44030496526676,34.82710899220793],[128.44069049031043,34.82806299132856],[128.4385252953862,34.82974541951885],[128.43694671244376,34.82957964936643],[128.4369562133525,34.829496923871254],[128.43852273180605,34.829688243650736],[128.4397915905907,34.82864667186563],[128.43975829318063,34.82857428235142],[128.43750464094072,34.82664044194495],[128.437508625817,34.82621831162845],[128.43641743325196,34.82530496332315],[128.43625138121763,34.825302096113425],[128.43587977409018,34.82560699006704],[128.4357250175902,34.82560327328789],[128.4351611888171,34.82521697565317],[128.43484755062244,34.825216523177176],[128.4333904998267,34.8264025751814],[128.4333801591666,34.8273274955542],[128.433489903754,34.82742191111929],[128.4339993750302,34.827424007080864],[128.43393053044292,34.82717107886502],[128.43414778317106,34.82716855147413],[128.43423014117508,34.8270986654374],[128.43442414745763,34.82773146065186],[128.43475240589953,34.82764346585159],[128.4346613090741,34.82788955925868],[128.43497812507192,34.82789888505423],[128.43530809272073,34.828177135732],[128.43500452604195,34.82842891961789],[128.43459647393186,34.82843431403288],[128.43313274751503,34.82962421219804],[128.43318881427646,34.82986556682976],[128.43443491427254,34.83085342455857],[128.43436164813374,34.830914122621664],[128.43315746698562,34.82991138240884],[128.432982795016,34.830040361709784],[128.43254622378475,34.830010391275735],[128.4323798697104,34.8306255165336],[128.43246185226394,34.83088031236613],[128.43235656600112,34.830898144886895],[128.43226872354148,34.83062677956103],[128.432448382926,34.82983851905462],[128.43195078373614,34.8294348026663],[128.4318790209035,34.82914172371818],[128.43160983311085,34.82913218656382],[128.43155189914685,34.82933718084668],[128.4308347600785,34.82924841904405],[128.4308035672728,34.829139845319816],[128.4310279980985,34.82850776870153],[128.4308778412105,34.82840056346618],[128.42997141709486,34.828859232941305],[128.4300917000855,34.828914408056164],[128.430220468087,34.8291462658561],[128.42955843085096,34.82942788190156],[128.42939637961382,34.82917342970227],[128.4291987204628,34.82928716509956],[128.42892854238715,34.82979328000315],[128.42940926012048,34.829972795143725],[128.42885000026916,34.83101583367323],[128.4297937728048,34.831338271912514],[128.42975643026372,34.83142144413337],[128.42848300867456,34.83095208781424],[128.4282766673656,34.83133277867436],[128.42811305631557,34.83127222264697],[128.42776536630734,34.83183587038178],[128.42718638999287,34.83193972365724],[128.4272133457111,34.83203393991389],[128.42666770693475,34.832128947664486],[128.42664472286992,34.83203416720631],[128.42632324389072,34.83209591960698],[128.42666718892568,34.833414793656516],[128.4265398577707,34.833439772083324],[128.4261961119013,34.83211722340931],[128.42448743798647,34.83242613392862],[128.42492387889467,34.834626187973555],[128.4247665675118,34.83464828876854],[128.42454482017325,34.83347464536811],[128.42446262250266,34.83348386084059],[128.42442531590245,34.833257633939304],[128.42398264231224,34.83330479954227],[128.42404925069286,34.83374153057611],[128.4239219450926,34.83375305680697],[128.42382345399943,34.833214673488584],[128.42351708992305,34.83324942862476],[128.42346334381492,34.83347618478063],[128.4233377510481,34.832906546370545],[128.4231726068079,34.832649034503966],[128.42253585556182,34.83277618912171],[128.42271546667382,34.833355811094414],[128.42262836539916,34.83336798863096],[128.42247518284432,34.83278709395664],[128.42181750100556,34.8329113899753],[128.42193777811508,34.83334583456986],[128.42105944467042,34.833520834616344],[128.42109777917975,34.83363750118482],[128.42080861221504,34.833711112724785],[128.4214153163118,34.8356596034899],[128.42131781575,34.83567988064813],[128.42081972315935,34.83419944510126],[128.420467501017,34.834276667553375],[128.42052479327802,34.83443177397478],[128.42007237586873,34.83453401176377],[128.42029804605602,34.83539200934705],[128.42019233803245,34.83540474072209],[128.42011333492195,34.8350786116607],[128.41979610514792,34.83507820555239],[128.41970854016643,34.83474945919715],[128.41943934491005,34.83477896267403],[128.41949363516468,34.835042993964045],[128.41902988928763,34.83515464732133],[128.41886972312153,34.83511277906116],[128.41879772577053,34.834810858961944],[128.41831455289034,34.834815155007405],[128.41821666249484,34.834469947768426],[128.4179334909874,34.834480724422555],[128.4178636322805,34.83480291154531],[128.41726577550463,34.83471299682103],[128.41734313363563,34.83436057622453],[128.4155651174023,34.83334549184303],[128.41502187993441,34.83321419292498],[128.4113219246402,34.83337809861191],[128.41107969856412,34.83376374120486],[128.41094697150587,34.834266769186534],[128.41081352098345,34.83424559497473],[128.41082879389458,34.83384527439042],[128.41047957187533,34.83378717986097],[128.40961663028355,34.834221848854305],[128.40852174176086,34.83412987621651],[128.40826625756415,34.83404888814317],[128.40808033632672,34.83393220920728],[128.407607899187,34.833210550896915],[128.40742284753847,34.83312632217711],[128.40727506584824,34.83318011613848],[128.40739415307044,34.83288327579333],[128.40646353083136,34.831952985288105],[128.4060895281452,34.830727665372635],[128.40543002339538,34.83074223880998],[128.40504169359878,34.83084107620661],[128.40527959663856,34.83144782755549],[128.40539925797697,34.83146842431214],[128.4051772211696,34.83161214512117],[128.40505975415587,34.83159561395251],[128.40487428491318,34.831484843777005],[128.40457314020827,34.831483469345216],[128.40432066847248,34.830820638989884],[128.40380458652805,34.83061806930881],[128.40395974293952,34.830358724094154],[128.4030287980277,34.830035769175694],[128.4030521635655,34.82998602491327],[128.4041687261122,34.83037349770452],[128.40432808065722,34.830338837352905],[128.40427496679337,34.83022758538479],[128.40440460606746,34.830041060030766],[128.40443427049044,34.82980206857911],[128.4043081684335,34.82919351853703],[128.40437639112568,34.82866403569148],[128.40435105259246,34.828570321477436],[128.40417801576035,34.82856947240433],[128.4041781639008,34.82851459650674],[128.40434936023243,34.8285143501345],[128.40437907031543,34.828228251008255],[128.40342164662235,34.82831265939577],[128.4033691188513,34.828756194033794],[128.4033522997477,34.82839949250669],[128.40306365095316,34.82835261482015],[128.40199926639977,34.828471176332414],[128.40198678627684,34.828748409413635],[128.40094897282876,34.82900051754866],[128.40096087711706,34.829115962702026],[128.40089075666572,34.829118112331706],[128.40087774799488,34.82900819033296],[128.40068812624918,34.82902388955085],[128.39925334630132,34.82815020016758],[128.39945537489882,34.827917487505786],[128.3990110492662,34.827650240901804],[128.39893486594804,34.827737384460235],[128.39886232979597,34.827694139596026],[128.3989421075784,34.8276085033655],[128.3977227962158,34.82686795231646],[128.39754249475223,34.82707013155805],[128.39735620165334,34.82696028002873],[128.39741279819776,34.82689355013922],[128.397279536941,34.82681432141194],[128.397371795975,34.8267098390293],[128.39658652076892,34.82623473932897],[128.3964679842396,34.82634075654352],[128.39614146880405,34.826138800101006],[128.39608321825253,34.82604440400755],[128.39617694969647,34.825931833056536],[128.3957422085722,34.82567008627162],[128.3956739779619,34.82573836186036],[128.3955102954358,34.82563710309261],[128.39556872354936,34.825565664342825],[128.39425214692278,34.82477161049429],[128.39323262983677,34.82381625983545],[128.3931290268469,34.823787627600055],[128.39261681418924,34.82403458841378],[128.39258332101699,34.823988912549225],[128.3929372923997,34.82381087135785],[128.39273616481023,34.82350507681675],[128.39291085724494,34.8234129867825],[128.39275689572935,34.82320458300274],[128.39214246259763,34.82281847250361],[128.39161805282737,34.822779692909315],[128.39121551497198,34.82255359692714],[128.39087273623534,34.82265592829569],[128.3906348930327,34.823199031871404],[128.3913436517073,34.82433420226964],[128.39170324846162,34.824615495452825],[128.3919191497504,34.82492761810391],[128.39196574514506,34.825501476767805],[128.3917178428384,34.825824811068934],[128.39163015551637,34.82611764190702],[128.3904882384235,34.82689466090231],[128.38817043915503,34.8275609255715],[128.38784247712618,34.827555333786094],[128.38750514622504,34.82776066863852],[128.38748271307023,34.82797702700808],[128.3867068295994,34.82776729979372],[128.38650963715162,34.827898298675564],[128.38578727144386,34.82788598940782],[128.3851918515761,34.82829990355386],[128.3850893447722,34.829042579980936],[128.3851702726276,34.82911476271598],[128.3851499518999,34.82925422814212],[128.3844933078203,34.82945940239577],[128.38401608982554,34.82947433041193],[128.38392823213135,34.829299249234005],[128.3840194453443,34.82915472322184],[128.38384444582408,34.82907194525725],[128.38371833444236,34.82844333436791],[128.38361937103525,34.82833189489058],[128.3836280566952,34.82788194502435],[128.38380833385423,34.82741139025583],[128.3844175001401,34.82709250120499],[128.38448805625669,34.82693944581679],[128.38445833353614,34.826817778374085],[128.38426388951947,34.82670833471267],[128.3843230563849,34.82658277846295],[128.38422111188032,34.82638555676271],[128.38391194524505,34.82602888964],[128.38415444556108,34.82565944608381],[128.38491749985621,34.82523555648159],[128.38490444514883,34.82499139015493],[128.38521972282547,34.824667778566464],[128.38527472232366,34.82438194485855],[128.3851738898822,34.82425222309711],[128.38537583437653,34.82374139012795],[128.38549722351092,34.823687778746894],[128.38530360180468,34.823113730037825],[128.38530606473407,34.82203852743246],[128.3854109147962,34.82190090391423],[128.38559750079176,34.82188527865379],[128.3861063901904,34.821577500884565],[128.38567972302974,34.82109500105556],[128.38523277772808,34.82082500172629],[128.3849588898545,34.82045416728351],[128.3849080557361,34.82017555702626],[128.3853288902644,34.81992638991866],[128.38570139052374,34.819929445339845],[128.38638979624045,34.81973071982226],[128.38644864508427,34.81965450851627],[128.38602938892407,34.819519535975914],[128.3860778071123,34.81942856188477],[128.38659489528789,34.81953975415386],[128.38708705310765,34.818698391745286],[128.38695702203268,34.81859070704308],[128.38721082018208,34.817958293470554],[128.3871378652102,34.817807905041846],[128.38728484620006,34.81741773442003],[128.38712902054726,34.81738666618812],[128.38727472933184,34.81695642548834],[128.38670403308794,34.81683899889744],[128.3867214225691,34.8167740122791],[128.38751766626288,34.81693326812626],[128.38774011651367,34.81642916423659],[128.38770313874065,34.81604800256698],[128.38808090115054,34.81567679303959],[128.38789777533046,34.81512696200598],[128.3872841085652,34.814708910569024],[128.38667597631238,34.81416158273669],[128.38616987607762,34.8134896816728],[128.38528583475906,34.813443333983905],[128.38514250146636,34.81349111183812],[128.38522333507694,34.81513861215402],[128.38508333488136,34.815868612094704],[128.38489583399024,34.81622555657075],[128.38462833443822,34.81651139008248],[128.38464603483598,34.81703727419999],[128.38408817040627,34.817524190315154],[128.38374472257667,34.817698334038184],[128.38359261640417,34.81791989370156],[128.38364373076698,34.81819151779163],[128.38331118534353,34.818491278266755],[128.38309902393092,34.81834687370412],[128.38290459949692,34.81837186687141],[128.3820583989235,34.818777906266476],[128.38221152944823,34.818926445010376],[128.38209014885902,34.81901867159699],[128.38209000860294,34.819387182255966],[128.38220973861524,34.81943525032061],[128.38175796624515,34.819443613794796],[128.38177024291903,34.82003849759392],[128.38236082853282,34.823034312829954],[128.38237083459785,34.823384723111],[128.3822802793331,34.82362222360566],[128.3817327788022,34.82425611279936],[128.38110249991027,34.82449361300346],[128.38082329101744,34.8247756264945],[128.38077107679175,34.82496361995716],[128.38048577792182,34.82531757732928],[128.3805989473406,34.825407284074636],[128.3805578029922,34.82544241582285],[128.38041088990272,34.82533285632281],[128.38033001267206,34.82535840696456],[128.37901452365787,34.82625631335419],[128.37778056253413,34.826284616565836],[128.37699086998478,34.826139606135655],[128.3769157544577,34.82619307842752],[128.37695565138387,34.82639597291151],[128.37669447723277,34.826425091251714],[128.37668479675682,34.826731697005705],[128.376585942915,34.82611786119396],[128.375898181357,34.826085397469484],[128.37565060606784,34.82615980168437],[128.37528885807242,34.82656780698256],[128.37516690442058,34.8273289093013],[128.37526246499112,34.82762748352104],[128.3757170803296,34.82774566534117],[128.37686105785866,34.82785287212459],[128.3779374085025,34.8284226274104],[128.37845436163738,34.82849443190521],[128.37855456053438,34.82857734491419],[128.37842740426194,34.82866431097546],[128.37851527847425,34.828924167988184],[128.37838555675853,34.829297778999376],[128.37820666723096,34.82947527897565],[128.37769472249312,34.82955861197419],[128.37731484425288,34.82950801739043],[128.37693590739661,34.829613013277786],[128.37663055646715,34.82983138999692],[128.37633138995582,34.82984000097443],[128.37583500065372,34.82998388989123],[128.37510555621398,34.82948027910619],[128.37420222321404,34.829287778680786],[128.3739589466315,34.82895502166709],[128.37395222289098,34.82877166743312],[128.37375476301858,34.8286308410806],[128.37286444428784,34.828650334634936],[128.37245319681176,34.82878542552937],[128.3723050793042,34.82901613924353],[128.3724315768109,34.82904510473273],[128.37229378200433,34.829433749641744],[128.3721793933711,34.829458753382745],[128.3721813800186,34.82952478295759],[128.37223960092075,34.829732255527915],[128.37265894116132,34.829632899765315],[128.3726834544003,34.82968170965099],[128.37251290032685,34.82973276188894],[128.37257485462428,34.82991784904263],[128.37232791982797,34.8300034432904],[128.3723410517579,34.830064549727844],[128.37302273498824,34.83131009668529],[128.37344475964935,34.831878285000435],[128.3733036120812,34.8319727791788],[128.3732958337406,34.83241972367707],[128.37307027844597,34.83262027841278],[128.3720744460007,34.832847501093845],[128.3711222228409,34.833673334937394],[128.3709602796935,34.833968334851434],[128.3706316673604,34.83419222304686],[128.37037555549585,34.83426722329649],[128.37014277839478,34.834141667715706],[128.36980083417617,34.834139723603364],[128.36951472322264,34.83392916761704],[128.36940805586497,34.83369916767073],[128.369133056378,34.83362555681165],[128.3685225013854,34.83312472371368],[128.36819416773042,34.83309139045422],[128.36781944602626,34.832651944731595],[128.36753222270988,34.83250305688863],[128.3669081851182,34.83142199772757],[128.36658468413995,34.830577283112],[128.36610000124125,34.83040333416469],[128.36570956988447,34.830485676802645],[128.3654415866043,34.830684650189596],[128.36547987192262,34.830881671638714],[128.36515809578665,34.83145002805918],[128.3652208789087,34.831769620154496],[128.3653444676768,34.831851529180156],[128.36463725728473,34.83225872818285],[128.36457317612025,34.83214809282472],[128.36425165894016,34.83227605024667],[128.36393347054255,34.83227500377994],[128.3637835472263,34.83247745792104],[128.3640228979176,34.832795938287646],[128.36442017931014,34.833110486188126],[128.36461801446694,34.833018414550025],[128.3646581785345,34.83306958015103],[128.36447253264876,34.83316656443945],[128.36489722318302,34.83385722351078],[128.36495527897878,34.83412583459259],[128.36538083414024,34.83427222412878],[128.3655719450336,34.83442777942243],[128.36540639017792,34.834925001401785],[128.36512361198055,34.83508722279793],[128.36468611155516,34.83501916698185],[128.36390444559356,34.83504666726298],[128.36355333503502,34.83462139001451],[128.36272638909776,34.83439222287287],[128.36268222228438,34.83393139075289],[128.3627705565954,34.83359250075386],[128.36226736875528,34.83315256738179],[128.36147548991593,34.833118240174166],[128.3610897227009,34.83293000063181],[128.3605538900216,34.83280500056529],[128.35933722326604,34.83283888970762],[128.35801017957235,34.832720447131365],[128.35715459672366,34.83171559383342],[128.35682777859802,34.83165194521374],[128.3566114949535,34.83149424475955],[128.35630099317703,34.831504094667984],[128.35592566051375,34.832125108258005],[128.35587127917313,34.832358241911514],[128.3560649642277,34.83246267676581],[128.35601017665422,34.83254348524293],[128.3558241703755,34.83244366365536],[128.35528547658197,34.83301184124103],[128.3552264795183,34.8332346659613],[128.35541483489362,34.83318329085271],[128.35564635255668,34.83343949981832],[128.3555372070571,34.833642648995564],[128.35619938804192,34.834059183461],[128.35654001293412,34.83366756571063],[128.35659509126458,34.833697906248254],[128.35630696357285,34.8340233848701],[128.35670333456616,34.83453277860631],[128.35711250759343,34.83483107155683],[128.35764444546075,34.83589472376013],[128.3576375014644,34.83624277859055],[128.35744472302792,34.83672889041574],[128.3575138903659,34.83696639001907],[128.35733750095366,34.83723166711214],[128.35746333474745,34.83763222354088],[128.35757111226835,34.83769027836651],[128.3578236398157,34.83759325941752],[128.35813111212207,34.83766111202069],[128.35849194573322,34.83763694503651],[128.3585763896951,34.83775833453865],[128.35877333445535,34.837792500481065],[128.35888194525722,34.83798805708886],[128.35868666668776,34.83875250095448],[128.3583788900821,34.83922888999156],[128.3583725004575,34.839345278427906],[128.35851944552206,34.839514722922104],[128.35845416785546,34.83965194491258],[128.35819027866043,34.83976611243501],[128.35806611183915,34.83992027845102],[128.3574836124522,34.84013833404383],[128.35702916791354,34.840747223425986],[128.35681111194222,34.840847778900105],[128.35665000055394,34.840787222566526],[128.3566905568389,34.840608334367985],[128.35636805597517,34.84022444559968],[128.3563000006642,34.839774722961515],[128.35571277772354,34.83938222296352],[128.35531277930664,34.83893083436171],[128.35527527939956,34.83871000124432],[128.35513639039817,34.8386427787816],[128.3545916680533,34.838614168147934],[128.35418666734623,34.838733334671126],[128.3542227790984,34.83910083394438],[128.35439583419318,34.8392633344253],[128.35467722315792,34.83990000085648],[128.35460444443672,34.84023305685296],[128.3542836113032,34.84047833390727],[128.35420638966573,34.840642501062604],[128.35447694598167,34.84159944551383],[128.35444944485712,34.84185222302208],[128.35459444560715,34.84193611236071],[128.35475805742269,34.84225833479697],[128.35371333407275,34.84268472339764]]],[[[128.1669802684503,34.84397070387812],[128.16696523185578,34.8439233247357],[128.16706228597386,34.843944936680415],[128.1669802684503,34.84397070387812]]],[[[128.16701525051755,34.844056782082184],[128.16697301685096,34.844059926318714],[128.16697200376507,34.84403250887756],[128.16701525051755,34.844056782082184]]],[[[128.16701377073562,34.84429918671964],[128.1669694992708,34.84430274160403],[128.16701401258433,34.844260023469595],[128.16701377073562,34.84429918671964]]],[[[128.1674588891725,34.84587074128045],[128.16747553622108,34.84591361630318],[128.16737569763717,34.84585224308457],[128.1674588891725,34.84587074128045]]],[[[128.1676311468098,34.846189942618246],[128.16759449372356,34.84621204540227],[128.1675774421693,34.84615512432393],[128.1676311468098,34.846189942618246]]],[[[128.16766628655358,34.84627786830745],[128.1676524163895,34.84628183908461],[128.16764626398157,34.846244624451494],[128.16766628655358,34.84627786830745]]],[[[128.4537253902254,34.8445349898511],[128.45363102101655,34.84472772658945],[128.4533756290866,34.844663135596875],[128.45354366526146,34.84440042487773],[128.4537993249396,34.84429498984217],[128.45393355621098,34.84444994160149],[128.4538817297731,34.84453903348691],[128.4537253902254,34.8445349898511]]],[[[128.16811533143883,34.84671628572349],[128.1683425200491,34.847146658900265],[128.16830892094288,34.84723251925673],[128.16814419787292,34.847022499686474],[128.16811533143883,34.84671628572349]]],[[[128.16820644494922,34.84847715539064],[128.16819855927272,34.84849255092674],[128.16816016240938,34.848469537421536],[128.16820644494922,34.84847715539064]]],[[[128.22737158447632,34.84933750808624],[128.22733812725247,34.84933738535119],[128.22735315090057,34.84930926758643],[128.22737158447632,34.84933750808624]]],[[[128.16759895283332,34.85054749864327],[128.16756853861048,34.85056652558331],[128.16756971708688,34.85052662140856],[128.16759895283332,34.85054749864327]]],[[[128.16765697891898,34.85058448260017],[128.16764990204456,34.85062055247255],[128.16760118044755,34.85060092021517],[128.16765697891898,34.85058448260017]]],[[[128.1675293831296,34.85089554736374],[128.16751113284124,34.85090431870987],[128.16749441676328,34.85088133660479],[128.1675293831296,34.85089554736374]]],[[[128.46111004435284,34.850267504993674],[128.46125863145804,34.850217698074054],[128.4612665445257,34.85029051811298],[128.46111004435284,34.850267504993674]]],[[[128.4610980140192,34.85030001517014],[128.46107651713035,34.850318462055796],[128.46107958193275,34.850300110335716],[128.4610980140192,34.85030001517014]]],[[[128.46121208167753,34.85032361977251],[128.46118979552259,34.85032583470591],[128.4611942299449,34.850317561526154],[128.46121208167753,34.85032361977251]]],[[[128.46113693699593,34.850345838764056],[128.4611128538306,34.85037195901022],[128.46109375249515,34.85034902497795],[128.46113693699593,34.850345838764056]]],[[[128.46128057364604,34.85046616727085],[128.46125179526734,34.85047841920106],[128.46126258540556,34.85045053833499],[128.46128057364604,34.85046616727085]]],[[[128.34761490264785,34.85114731267282],[128.34753807474198,34.85134207210652],[128.34727297580392,34.85157989344822],[128.34702507324,34.85126465433344],[128.34734614488005,34.8511070250165],[128.34761490264785,34.85114731267282]]],[[[128.46245107844567,34.851527214713116],[128.46207220931626,34.851475556416794],[128.4618970063671,34.851316365478326],[128.46177350357962,34.851331180971215],[128.46184054555928,34.85123779234859],[128.46178756405246,34.85103145465879],[128.46146896314545,34.85100523420174],[128.4613734262957,34.850850547933334],[128.461489112364,34.85067320516899],[128.46131979311687,34.85064128727518],[128.4614261272444,34.850610861206086],[128.46135307927958,34.85057666104756],[128.46139449125064,34.85051963340833],[128.46131579769806,34.850526022882505],[128.46159282325232,34.85032630881156],[128.46172561376704,34.85036313472311],[128.46184303523282,34.85025739716488],[128.46183679089705,34.85034568274945],[128.46193272307494,34.850323701076405],[128.46180036358618,34.85048981623058],[128.46177100544347,34.850968093570415],[128.46245107844567,34.851527214713116]]],[[[128.3558839208067,34.85257686890646],[128.35566829567804,34.85258178843895],[128.35498468360268,34.85236985265967],[128.35482705674855,34.85227133295972],[128.3548266363305,34.85217632863211],[128.3552391926108,34.851929921059075],[128.3559120286225,34.851762504532104],[128.3566614958842,34.85172009524175],[128.35750095780526,34.851383913049055],[128.3585909333046,34.85109190538326],[128.35888145226687,34.85106066050194],[128.35926941085603,34.85118879276066],[128.35892971687167,34.8515137342455],[128.35864437191762,34.851657056716206],[128.3578962363749,34.85239894681468],[128.35765064101946,34.85239395934215],[128.35762965694508,34.85219848945365],[128.35722478115235,34.85195978558503],[128.3570194210194,34.8520991580639],[128.35644286971996,34.85221156258728],[128.3558839208067,34.85257686890646]]],[[[128.34059700729392,34.85306844676076],[128.34037810633708,34.853268563382976],[128.3402266889747,34.8531285606801],[128.34047520350848,34.853018810543986],[128.34059700729392,34.85306844676076]]],[[[128.36740019968758,34.85397638001336],[128.36672567463754,34.85392397712961],[128.36660519666145,34.85376442248209],[128.36661358142746,34.853451810542126],[128.36685328397314,34.85308833267501],[128.36705623555662,34.85298193444563],[128.36726976083614,34.85264942473885],[128.36746524507495,34.85254218456696],[128.36752292385913,34.85238224899497],[128.3674036653588,34.85211150218468],[128.3674209601639,34.851905956617905],[128.3676055477659,34.851603460277765],[128.36758412899906,34.85139912233673],[128.36797524221356,34.85068301348844],[128.36827223871998,34.85045868643904],[128.36896348169017,34.85030069970978],[128.3691662519648,34.85046431965659],[128.3687569087856,34.851238779992876],[128.36874784655288,34.851517177216934],[128.3685240261206,34.851810672140786],[128.36841158757545,34.85334897225749],[128.36816237804226,34.85358492895351],[128.36740019968758,34.85397638001336]]],[[[128.34482244520552,34.85437398795391],[128.3443138334944,34.85413800940146],[128.3439244992144,34.85418462881866],[128.3434979314791,34.85407379688589],[128.34301947608915,34.85372403599563],[128.3429397869866,34.8534606947565],[128.34282317331989,34.853380326376936],[128.34209048182984,34.85315823042832],[128.34161423447458,34.8531819721253],[128.34098476693663,34.85345045475141],[128.3405513917275,34.85354512453482],[128.34039085549048,34.85343281955421],[128.3406147675652,34.85321395733414],[128.3410836574739,34.85307472880462],[128.3413480935966,34.85313983975881],[128.3419145011422,34.853038430097],[128.34202583878456,34.85296108690489],[128.3419603520679,34.85284430341888],[128.34227935439807,34.852421434718536],[128.34272595435036,34.852151063886474],[128.3429485258419,34.852140715983516],[128.34308906952876,34.85227052355913],[128.3432049246675,34.85226842185645],[128.34351825451424,34.852190769555655],[128.34387499171547,34.85197514784542],[128.34419928245725,34.85213586902755],[128.34445057167267,34.85271771266624],[128.34504825288155,34.85303214203885],[128.34521569512998,34.85304169732343],[128.3454627704941,34.85329813486246],[128.34592739527415,34.85359001359361],[128.34581285392431,34.85392852947399],[128.34482244520552,34.85437398795391]]],[[[128.2064228075495,34.8586983546691],[128.20675979393135,34.85894935037911],[128.20666639167774,34.8591900304497],[128.20634773547252,34.85912437650928],[128.20628197891193,34.85879684836663],[128.2064228075495,34.8586983546691]]],[[[128.20009460416122,34.859842542508666],[128.20014561037792,34.860254426749464],[128.20004909888715,34.86025402652856],[128.20000141872512,34.85978105085324],[128.19913885713729,34.85990224109683],[128.1987882526761,34.86008668760926],[128.19837277454934,34.86000324029103],[128.19771613457942,34.859706422970945],[128.19727661568615,34.859646402703625],[128.1966995612606,34.8597822507774],[128.19636394917035,34.86000446676967],[128.1959315254906,34.86013670555472],[128.19571932815452,34.86004530905719],[128.19555815518356,34.859787775610236],[128.19497385012687,34.8592241289383],[128.19452018173752,34.85894127523553],[128.19216295959228,34.858393937548655],[128.19179669670694,34.85845884513447],[128.1918331863087,34.85864796193558],[128.19176747300565,34.85865842264939],[128.19172139661106,34.8585081821652],[128.19133125532272,34.85856816990763],[128.1906330112614,34.85899027972468],[128.1910442463645,34.85950577170269],[128.19092271628702,34.859556629767845],[128.19063543058974,34.85917868321724],[128.19026228577818,34.859183293319795],[128.18977083638714,34.858779413216126],[128.18924304839817,34.8586725987418],[128.18806133275126,34.85776742424114],[128.18750483829572,34.857640498803114],[128.18728316659528,34.85771350705466],[128.18694861568036,34.8576306794933],[128.1863109944114,34.85720636568784],[128.18579701640138,34.8569812956257],[128.18556275168513,34.85697522038088],[128.18482915305376,34.85717527717747],[128.18439301139998,34.85709778210888],[128.1831457446034,34.85605068706435],[128.1829911445953,34.85600896968925],[128.18199004061682,34.85670934852773],[128.18191398508134,34.85663678071309],[128.18292857844756,34.855931283294325],[128.18220477534084,34.855344230453156],[128.18194508079088,34.85536799247747],[128.18196453392576,34.85565178555193],[128.18215302456147,34.85582665762904],[128.18219009851288,34.855999672740644],[128.18205251833558,34.85599068034456],[128.18184455020304,34.85555211592922],[128.18140328977407,34.85552442219394],[128.18051691145286,34.85561568309166],[128.18072377008704,34.85686350386474],[128.18059540959007,34.85686966972739],[128.1804197792573,34.85589118256085],[128.18004299637883,34.855930024376455],[128.1800372692869,34.85557930707441],[128.1799489088103,34.85553266880851],[128.1794484729778,34.855506939084194],[128.1785942384108,34.855650124459125],[128.17816428760074,34.85560791984727],[128.17788734555472,34.855509834726746],[128.17701438036974,34.8549511005715],[128.1754523759479,34.85430555732157],[128.17316991913307,34.854195687250176],[128.17275276429461,34.85404291632488],[128.172419565567,34.85401029979417],[128.17205506430204,34.853827878139306],[128.17109176427098,34.85370923925445],[128.16993694378877,34.85301210124907],[128.1694403654327,34.85252936165177],[128.16907903301095,34.85230828367476],[128.16859178412426,34.85214024586784],[128.1679642078846,34.85164641813563],[128.16782256569826,34.85143905254092],[128.16771498252442,34.85110151867352],[128.1678072589129,34.85071675958968],[128.16796437025874,34.850559346677436],[128.16796838624975,34.850450442525116],[128.1680688236287,34.85048324550869],[128.16818840743753,34.85037377230838],[128.167830739513,34.84995170022635],[128.16784215024512,34.84937006880096],[128.16808396065645,34.84941497955047],[128.1683302327077,34.84920456232592],[128.1684077967803,34.848905864040404],[128.1683891121479,34.84827647823472],[128.16866420412418,34.847797188155106],[128.16870312984753,34.847358945940954],[128.1685040597249,34.84656232108323],[128.16816695201564,34.84631280558085],[128.16788361755857,34.84595796213392],[128.1674701869536,34.845324388209036],[128.1673728361733,34.84503347005452],[128.16724825811323,34.843908244450205],[128.16726665291148,34.843669975292315],[128.16745022951744,34.843307653769514],[128.16736173608768,34.84285829969882],[128.16753043326852,34.8428105273884],[128.16747635521335,34.84254153931855],[128.16731520378696,34.84248286501021],[128.1673239312372,34.842363123850284],[128.16741667781668,34.842481243295126],[128.1674811930652,34.842443340568124],[128.16762208116816,34.84226789731301],[128.16765092263304,34.842092002199685],[128.1677897979099,34.841991520234394],[128.1678070415923,34.84180014174429],[128.16848125312703,34.84109894118381],[128.16886195663662,34.840822694027366],[128.16921681522294,34.8407506557728],[128.16940059878866,34.84079602401943],[128.16938334937177,34.840618345074596],[128.16951217076792,34.84055188255101],[128.1700741053568,34.84049069326871],[128.16974720355591,34.84015769418454],[128.1699708652001,34.840074941907716],[128.17081464969021,34.840286444591065],[128.17089906888413,34.84036424065786],[128.17090310596026,34.84056671723043],[128.17123555013202,34.84073570994378],[128.17134246873414,34.84071968108674],[128.17133268929553,34.84065591487764],[128.17150363129397,34.840689979796046],[128.1715302352731,34.84063060713831],[128.17137191101148,34.84053853451956],[128.17152388306616,34.84042983685829],[128.1717304762001,34.84040175918292],[128.17191509103876,34.84011098953703],[128.17215224517602,34.840118444265656],[128.17227002981917,34.8402018027298],[128.17226492573732,34.84041788210686],[128.1724129675904,34.84039591336507],[128.17272909377982,34.8401340964091],[128.17283783811172,34.839884235164924],[128.17258704547493,34.83975503938418],[128.17256751039827,34.83931128624754],[128.1727191455763,34.83922711916098],[128.1726488663781,34.83918723312021],[128.17300537786116,34.83893792204852],[128.173357385107,34.83893232820355],[128.17363946800575,34.83873752032569],[128.17382834649277,34.838766159663734],[128.17392752706186,34.83889086276801],[128.17445705408673,34.83883951940759],[128.17473555356372,34.838995778676576],[128.17502882824516,34.83878123933208],[128.175744450303,34.83879651102359],[128.17606174936128,34.838882713260105],[128.1769499205618,34.83875301528071],[128.17701008744885,34.83851966021477],[128.17730658520023,34.83821337726103],[128.17731658107135,34.8380305205229],[128.17779168261148,34.83768536030361],[128.17751709078968,34.837251456606076],[128.17766298476263,34.83705340135568],[128.1779535033749,34.83703099188779],[128.1780730664458,34.83692693394315],[128.17798637011143,34.83671277631289],[128.17785048191826,34.83673264342678],[128.17780016026194,34.83666772847278],[128.17815395588522,34.836199682683606],[128.1779855034834,34.836137908817825],[128.17796345544562,34.83599693814398],[128.1783231395354,34.83577524139689],[128.17849267592567,34.83584229479297],[128.17866828833093,34.836442328207745],[128.1790974004676,34.836412513969805],[128.17904307404055,34.83663648098179],[128.17882355733093,34.836797977151214],[128.17888134708406,34.836955297020495],[128.17916211367083,34.837146606954384],[128.17976147717033,34.83732409253832],[128.18093117176855,34.83613418176603],[128.18110600719606,34.836141163573735],[128.1811841896551,34.836254217763525],[128.18114120249598,34.83638468144489],[128.18092804862908,34.83650254362979],[128.1800745010097,34.83730662455883],[128.18096251829544,34.83773429811744],[128.18101469949335,34.837906433344656],[128.18131850782234,34.83790452107138],[128.1818272584361,34.83776093949723],[128.18294114562173,34.83719043685425],[128.1835240179272,34.836624158846774],[128.18349255707525,34.836528726202665],[128.18356976112003,34.836496515755705],[128.18347266932787,34.83651557687016],[128.1835089875858,34.83644460287751],[128.1836462515293,34.83645352889731],[128.1839356722174,34.836081300612086],[128.18403259611665,34.835790003846164],[128.18399074662082,34.83553632821049],[128.18424397151477,34.83509815509351],[128.18404312504043,34.834808160421346],[128.1843624288473,34.83442445061789],[128.1842434613062,34.833918602649256],[128.1839385315227,34.833487150942865],[128.18398178960342,34.83338407076259],[128.1835361531874,34.83312056488994],[128.18324994600238,34.83306543574371],[128.18319237410168,34.832835720841295],[128.18278150226314,34.83255612181448],[128.18253192081133,34.83252287817731],[128.18212533681873,34.83259485198598],[128.18156272656472,34.832468732804],[128.1812198865843,34.83225014990679],[128.18067240925396,34.83244629827914],[128.18043725524387,34.8324145629955],[128.18026609696906,34.83169995254167],[128.18002212618708,34.83156537370982],[128.17958651913702,34.83160673004818],[128.17955433008086,34.83150372926918],[128.17928173596175,34.83138739787142],[128.17957230609807,34.83055886576134],[128.179537535627,34.82996681499482],[128.1796280548035,34.829799615952716],[128.17957305413964,34.82972627841003],[128.17977742255135,34.82920632804676],[128.180460990022,34.82854634017257],[128.18114162076918,34.82800182282785],[128.18135776231603,34.82790788490001],[128.18175234353592,34.827446925689046],[128.18240818523077,34.8271491753187],[128.18257564135692,34.82689099260731],[128.18295899412132,34.82676112848168],[128.18344814628892,34.82683171884397],[128.183663139033,34.8266796476339],[128.18381556482072,34.826676893703215],[128.18398241763356,34.826773063121436],[128.1839030479331,34.82712977347559],[128.1843303219361,34.82716607108625],[128.18456898264924,34.827024838515854],[128.18465449212601,34.82681443595986],[128.1849569486315,34.82657178386535],[128.18557428789703,34.826332608777406],[128.18573666540087,34.8261983450459],[128.18604413363565,34.82613780234938],[128.18633628505586,34.82626649941208],[128.1865411880773,34.82646408117353],[128.18636701822413,34.8267571173076],[128.1863986318744,34.82683031321707],[128.18662289065844,34.82669924663923],[128.18687867919348,34.82686337614859],[128.18684200148914,34.826948302371164],[128.18696823621727,34.82697123884784],[128.18763176628676,34.826753282955025],[128.18800609363333,34.82672132240493],[128.1879080097925,34.82687943662013],[128.18795584143862,34.82693203558308],[128.188425152499,34.82687628053051],[128.18850363708313,34.82707347499428],[128.1888070248158,34.827112680727126],[128.18903841926297,34.82699593595294],[128.18940393551713,34.82702435869721],[128.1895165941502,34.826954738397966],[128.18945832851776,34.826741994811826],[128.18925238547828,34.82655280204391],[128.18923176810924,34.826265251607516],[128.18935739313974,34.826234360172094],[128.1895405246961,34.826363107209005],[128.19032313803638,34.826357096345255],[128.19079613891645,34.82665554359576],[128.1916802281625,34.82688983048844],[128.1920284615752,34.827172408964174],[128.1926506015098,34.82747914957536],[128.19322249042563,34.82810688670304],[128.19325687918658,34.82853065409569],[128.1939295193217,34.828409514594966],[128.19412218899674,34.828547791184725],[128.19423900271795,34.82883029104505],[128.1946042459859,34.829066229362304],[128.19484216152873,34.82914290694517],[128.19499847341868,34.829090678539515],[128.19562925628463,34.82970731060907],[128.1965449767455,34.82977461014181],[128.19647777171187,34.8299522791002],[128.1956685675703,34.82991500413505],[128.19555821292727,34.8301389516713],[128.19604263083176,34.830412945829046],[128.19598014020036,34.830477720487295],[128.1954855173477,34.83022005463148],[128.19552083131077,34.83029481399018],[128.19540600299197,34.83050536446682],[128.19523763285585,34.830643973839415],[128.19526775000028,34.83089892010325],[128.19560117284843,34.83135409466949],[128.19592434334496,34.83152486126087],[128.19658238851324,34.83160625861013],[128.1966379888915,34.83136972519372],[128.19682598464655,34.831468234594084],[128.1971022756865,34.83135723292467],[128.19741785347685,34.83141183826944],[128.19787636427375,34.83170630516642],[128.1984334073525,34.831733349233055],[128.19850879750433,34.83178917267837],[128.19858071544397,34.832278869287606],[128.19872388807494,34.83255639153926],[128.198485401089,34.83269075686372],[128.1984513144205,34.83297622338486],[128.19854655697912,34.83304004670932],[128.19854089185134,34.833171195739595],[128.19872935661436,34.83321508161635],[128.19873100704584,34.83327723395952],[128.19837979514546,34.83339732712093],[128.19844977213165,34.833688049367694],[128.19857450580932,34.83369249472569],[128.19859722329974,34.833947355316006],[128.1987233721096,34.83399860920691],[128.19878388990088,34.83413648652144],[128.19866877028232,34.834412378459184],[128.19868199856515,34.835025023947864],[128.19891704781332,34.83561531499272],[128.19919819603513,34.835869768758286],[128.1991688506246,34.836006728543595],[128.1994389791012,34.836055856409814],[128.19939871342464,34.83618139621375],[128.19924881481967,34.83623978299161],[128.19934212905093,34.83631120940961],[128.19915804391698,34.836463340537826],[128.19911580616613,34.83671570937859],[128.1994994143734,34.837352081898906],[128.19974592543025,34.83763933242959],[128.1998941651664,34.837661093540106],[128.19996156949867,34.837748618590034],[128.20001142473586,34.837712125745256],[128.2000827465306,34.837851289135855],[128.20006149499767,34.83802064457262],[128.1996982150431,34.83817942101577],[128.19970309303918,34.83851691056633],[128.19985960050704,34.83901988973387],[128.20013399837234,34.839001747414635],[128.20033823826026,34.839274404422824],[128.20023670149502,34.83931454219814],[128.20007509194852,34.83906290551603],[128.19982395719532,34.83908456322669],[128.19982634813428,34.83926794627031],[128.19998960873616,34.83942009062137],[128.2001427682276,34.839311166630225],[128.20018372649758,34.83950852111622],[128.20054839241382,34.83979495170774],[128.20106016393194,34.83980264106999],[128.2009021537934,34.839870495354766],[128.2009355969035,34.83995648956399],[128.20138150354177,34.84018916085438],[128.2015798226559,34.84018237764323],[128.2016470550357,34.84031195012291],[128.2015703025407,34.84035312642483],[128.20180919078507,34.84069211529646],[128.2020361374332,34.840433403696714],[128.20214886382962,34.840500466809736],[128.20203840823288,34.84063657068449],[128.20221705651448,34.840989459603634],[128.2020425553223,34.84128870792324],[128.20207259905112,34.84133739010757],[128.20221041713214,34.841280966864566],[128.20275774402575,34.84163644389091],[128.20378973100625,34.84061401148413],[128.20375539525818,34.840554593141924],[128.20405177548108,34.84049288678349],[128.20448962144192,34.84051689812194],[128.20451861104655,34.84063542858335],[128.2039668643312,34.8407116634082],[128.2027406434617,34.841793053877815],[128.20272037925895,34.84184344317598],[128.20295918032616,34.84195653519692],[128.20390295969835,34.842135834570364],[128.2049844979607,34.842069572433346],[128.20523092795221,34.84210478624908],[128.20544606857922,34.84224348028664],[128.20556382406932,34.842193818168894],[128.20562923351898,34.8422463810036],[128.20548482765213,34.8424321572606],[128.2056305469066,34.84246242214712],[128.20580196133332,34.8426427980037],[128.20617998038497,34.8428411354247],[128.20677920044167,34.84299853053555],[128.20722188931126,34.84301601936172],[128.20827550102527,34.842862103761156],[128.2088704252454,34.842851840692504],[128.2106249657885,34.84308907168352],[128.21169002287604,34.84333608738138],[128.2131354431477,34.843278474612035],[128.21401942155202,34.84354301163288],[128.2153140549663,34.843463360077486],[128.2160593990347,34.84327812001351],[128.21625736809688,34.843172924834036],[128.2160835805216,34.84269731116552],[128.21621214995187,34.842653881902145],[128.21642554228615,34.8431752167341],[128.21670977411253,34.843090713570945],[128.21729280074442,34.842802482926196],[128.21801908380735,34.84231264080542],[128.21897951767906,34.841904124690444],[128.21901401477194,34.8416583058668],[128.21909918825034,34.841658906990055],[128.2190904876774,34.84208233569175],[128.2197513771726,34.842117088994456],[128.21989315588303,34.84203946115456],[128.22090875866144,34.84221538436055],[128.22115064752848,34.84209282299598],[128.22123001069644,34.84216592832309],[128.22115626557132,34.842272954255165],[128.22163894158757,34.84209471434362],[128.2222987634259,34.84209665383417],[128.22232918512574,34.84220873651664],[128.22163339157856,34.8421848971829],[128.2211877627982,34.84237509274763],[128.22141385134984,34.84317920826808],[128.221903522849,34.843106256542114],[128.22191878481357,34.84316208571256],[128.22114699498923,34.84326042630935],[128.2211486763442,34.84443510350688],[128.2214825592378,34.844282906714945],[128.2229973297366,34.844203131595044],[128.2230688085186,34.84412907132421],[128.2230641268726,34.843745360946926],[128.22314609944794,34.843747028779944],[128.2231707818179,34.84411757202698],[128.2232465904562,34.84416902014393],[128.22395338046374,34.84395505569259],[128.22389409461368,34.84382410406798],[128.22440378006556,34.84365276752636],[128.2247735031602,34.843326932436],[128.22489360273605,34.84339347137251],[128.22520852546776,34.843072361147414],[128.22537280165278,34.84316268838065],[128.22520237313933,34.84346277193674],[128.22547214322037,34.84382878180848],[128.22572602266874,34.843670169378505],[128.22567755125846,34.84341146291626],[128.22581482070743,34.84310527339977],[128.22622581307846,34.84292252857989],[128.2256797976376,34.84224010892925],[128.22535933146003,34.84222352029623],[128.22535472717257,34.8421116117734],[128.2257610784792,34.842133362659986],[128.2264607617711,34.84292408597701],[128.2267558407056,34.84289902041733],[128.22710315759798,34.84276643556704],[128.22755159073515,34.84284591089461],[128.22825382641173,34.842312795215065],[128.22860814433585,34.84224244569096],[128.22898732880554,34.84226535666645],[128.22927470848563,34.84264830719642],[128.22939965766938,34.84311460709715],[128.22976696409398,34.843097283487296],[128.23046608701742,34.843862904754396],[128.23084303254558,34.84390756342321],[128.2312320474495,34.84418634960137],[128.23181835523786,34.84434994943761],[128.23178889794136,34.84444437218905],[128.23226163020004,34.844602448255344],[128.23235131597272,34.84470844813096],[128.23247548231856,34.84511986390589],[128.23242214053337,34.84531156531055],[128.23216128844828,34.84547066192748],[128.23130383000677,34.84568017043458],[128.23125212179448,34.84574998845346],[128.23136348391915,34.84589055952493],[128.2312229062013,34.846152188353294],[128.23100795338064,34.84640006072101],[128.23015159813153,34.84703098873488],[128.23001831014167,34.84719833322179],[128.229940865818,34.8475529226379],[128.22941915299913,34.847857682340766],[128.22926388320127,34.848272765132805],[128.2290751166603,34.84840808223488],[128.22893210778997,34.84873679175544],[128.22866752680267,34.84886833702533],[128.22856003888543,34.84909291844191],[128.22810366341983,34.84899145703296],[128.227640163315,34.84907457875985],[128.2271968973375,34.84934633110652],[128.2268705399826,34.84965845029518],[128.22637411231372,34.84980691390134],[128.22623929199582,34.84996033600862],[128.226202799797,34.85017343244211],[128.22573334056892,34.85061172333163],[128.22542256078162,34.85072237968992],[128.2251217921791,34.85109011875451],[128.22509999039804,34.85122053498834],[128.22477211214996,34.85150440787389],[128.22401713363487,34.851716436803244],[128.22360175285775,34.852027041044245],[128.22252494809123,34.85235871904508],[128.22176746881507,34.85218813837541],[128.22048730592576,34.852340339440644],[128.21939029080195,34.85227120797117],[128.21912243144882,34.85238116878121],[128.21845073844747,34.852413052920994],[128.2182996417106,34.85236621084254],[128.21806751839011,34.85206783283668],[128.21746314750993,34.852098792796816],[128.2170731328556,34.85231680395937],[128.2166706973832,34.85236604139888],[128.21598362695795,34.85229213627682],[128.21542445444092,34.85212061259516],[128.21528928458955,34.85201462252097],[128.21459487087296,34.85194301427828],[128.21422655204304,34.852628123584886],[128.2140952006402,34.85257253425083],[128.2143140944788,34.85218630251604],[128.21412585726586,34.852087612214845],[128.2143413925964,34.85173238397459],[128.21427700242864,34.85162878773374],[128.21446856019583,34.85154468247884],[128.2142582696264,34.851321937650795],[128.2136653366536,34.85107861890655],[128.2132042608891,34.85103633661682],[128.21203308018738,34.85122438871312],[128.21100546292675,34.85167436336444],[128.21027182948097,34.852189164071156],[128.20994457150053,34.85259227877554],[128.20973099729636,34.85318151691311],[128.209621413118,34.85321000937431],[128.20974781593304,34.853307242400085],[128.20980277157858,34.853210142233785],[128.21011932195384,34.85332588053704],[128.21004763918475,34.85354283521568],[128.21011395042703,34.85374147866963],[128.21002423086108,34.85375991470401],[128.20994422054127,34.85357484753891],[128.20962312834308,34.85346403715839],[128.209644253695,34.8539579385051],[128.20978791217613,34.854136343853426],[128.21005931488904,34.854107037312836],[128.21002068052545,34.85388538122559],[128.21010558009445,34.853865624331476],[128.21017980161938,34.854052286096476],[128.21072943079855,34.854160801054746],[128.2111467271921,34.853552592363116],[128.21124894398287,34.85347568292199],[128.21134556621138,34.853519864032265],[128.2106730383225,34.85442442110617],[128.21056147249055,34.854702482966516],[128.2103722207447,34.85487240720212],[128.21027156540396,34.855228518409724],[128.2100463251706,34.855370941801844],[128.20934376065847,34.855572808962926],[128.20892889468647,34.85584132567582],[128.20834384711088,34.85574108045383],[128.20738147221093,34.8562829198057],[128.2073428050562,34.85623858155114],[128.20836125445797,34.85564418793097],[128.208485571299,34.85545012857017],[128.20826732764357,34.855223851624245],[128.20742468154867,34.85527676221353],[128.2066194734453,34.8557364595638],[128.2059552166131,34.85647857951912],[128.20565723778748,34.85697141540018],[128.20558792447443,34.85736906446053],[128.2056770840565,34.8576130443937],[128.20607047277124,34.85741153296789],[128.2060975952787,34.857486200190934],[128.20587489032368,34.857604772649715],[128.20603694426956,34.85784643461267],[128.20615098447152,34.85778972563722],[128.20619755483574,34.8578536934594],[128.20599014447285,34.857966859740756],[128.20638232883124,34.8586240248214],[128.20628503099383,34.85866348295287],[128.2060219254513,34.85826228497886],[128.2054232825206,34.85808706905536],[128.2041417690821,34.85822743344095],[128.2035962921435,34.85840897764114],[128.20302751445521,34.858726014517764],[128.20211829578685,34.85942720707898],[128.20206887007666,34.859661402346745],[128.20166203397275,34.85973249108315],[128.20038357983634,34.85960660608872],[128.20042676561374,34.859826627549154],[128.20009460416122,34.859842542508666]]],[[[128.4512712573449,34.860337292917855],[128.45120689169465,34.860368346750704],[128.45122439490126,34.86031132022413],[128.4512712573449,34.860337292917855]]],[[[128.37614241656786,34.860372757536425],[128.37629207482627,34.8605404474844],[128.37627696085843,34.86071335093211],[128.3757538878703,34.86098945451843],[128.375561277669,34.86096148936237],[128.3754698509513,34.86081626605807],[128.37594868298024,34.86037016578468],[128.37614241656786,34.860372757536425]]],[[[128.4513672404774,34.8605063938757],[128.45136808774447,34.860521355823025],[128.45132602507465,34.86050893365886],[128.4513672404774,34.8605063938757]]],[[[128.45054808783632,34.8613339210169],[128.45064482388224,34.861397158151924],[128.45053453773588,34.86146265208519],[128.45044420037883,34.86136328156578],[128.45054808783632,34.8613339210169]]],[[[128.45263897306728,34.86158700630815],[128.45233637570945,34.86157451529433],[128.45212193671156,34.861349398125725],[128.45205674751813,34.86112998863732],[128.45279696291456,34.860936352459895],[128.4531141345404,34.860977428998495],[128.45315168367406,34.86109801581694],[128.45305414315425,34.86132098338222],[128.45263897306728,34.86158700630815]]],[[[128.3788349174976,34.860673045863116],[128.37906916220535,34.8609115441391],[128.37908624524684,34.86115824786866],[128.37877477864134,34.86202017925209],[128.37851755037747,34.86214383245621],[128.37819148265223,34.86218915687489],[128.37756307865706,34.86204380298897],[128.37734003545404,34.86161824687181],[128.3775949946857,34.86109157806238],[128.3780674677878,34.860786853158054],[128.37858340250477,34.86065181337056],[128.3788349174976,34.860673045863116]]],[[[128.45031321069627,34.8626701619354],[128.45029853090267,34.862675055783306],[128.45029589536645,34.862649083363934],[128.45031321069627,34.8626701619354]]],[[[128.45026841931494,34.862679195558506],[128.45023303592495,34.86269989785993],[128.45021270997924,34.86266075156996],[128.45026841931494,34.862679195558506]]],[[[128.45080554942717,34.862715330752096],[128.45079839768496,34.862727375958386],[128.45076828524756,34.86271081414896],[128.45080554942717,34.862715330752096]]],[[[128.45026314832148,34.86276049986812],[128.45025261008942,34.86276765171675],[128.45024056463774,34.862754477020594],[128.45026314832148,34.86276049986812]]],[[[128.45082248764018,34.86288584272529],[128.45079990344726,34.862902404494584],[128.45076339252927,34.86285460118837],[128.45082248764018,34.86288584272529]]],[[[128.45094933743064,34.86290616835178],[128.45092072954557,34.86289562913296],[128.4509222348457,34.862867398899446],[128.45094933743064,34.86290616835178]]],[[[128.45057664016903,34.86263111067174],[128.45077871583146,34.862985940597255],[128.45071690340376,34.863065749210804],[128.45054025055165,34.86300665813595],[128.4503160792424,34.862795228088906],[128.45035366638237,34.862707614351045],[128.45057664016903,34.86263111067174]]],[[[128.46551536501988,34.86398256472761],[128.46548123814262,34.86399460855657],[128.46549428559476,34.86394642887221],[128.46551536501988,34.86398256472761]]],[[[128.46578938917295,34.864445292627316],[128.46574120824602,34.86445432640324],[128.4657452239028,34.86443023663163],[128.46578938917295,34.864445292627316]]],[[[128.41474301700504,34.864383748255875],[128.41481046610585,34.864571796759],[128.41463468132525,34.8649022556545],[128.41430659141284,34.86493546107565],[128.41408552764798,34.86479534412863],[128.41417931856063,34.8645538489093],[128.41474301700504,34.864383748255875]]],[[[128.4696553287387,34.86501993929969],[128.46957703528636,34.86505808145978],[128.4696222032185,34.86493562400721],[128.4696553287387,34.86501993929969]]],[[[128.34657729810237,34.86630522973316],[128.3461217160331,34.86629720852343],[128.34562116750766,34.86614866527836],[128.34458773529892,34.865641915014095],[128.34369008398943,34.864772616421156],[128.3438062484271,34.86439422980952],[128.34432193912622,34.86408929644509],[128.34500120252585,34.864248101368375],[128.34546630472875,34.8650059041622],[128.34580139475463,34.86522870418701],[128.34595940336627,34.86553380449953],[128.34664874150917,34.866146897146784],[128.34657729810237,34.86630522973316]]],[[[128.34892552602378,34.86726035141259],[128.34793290557582,34.86712535888483],[128.34751752574826,34.866872096949216],[128.34722853204954,34.86640788789069],[128.34760825506797,34.86620766083185],[128.3478988680293,34.8661742175196],[128.34837616425153,34.86582570984024],[128.3485688273169,34.865838434245916],[128.34886580067425,34.86568865089069],[128.34915456438216,34.86547363081067],[128.3493169033685,34.86499881756156],[128.3495229090672,34.86477350787966],[128.34972738779553,34.864644481685204],[128.35022132102372,34.864530805210684],[128.3503205456927,34.86393748924011],[128.35066634976863,34.863673644708996],[128.35104592784205,34.86361907431042],[128.3512476946801,34.86383955062266],[128.35128265842704,34.86419381904329],[128.3510559654823,34.8648341243591],[128.35143770509194,34.86548243927774],[128.35128419395215,34.8659096533626],[128.3510486833532,34.86603658912268],[128.3506606853761,34.86643759707831],[128.35054096211863,34.866443983836966],[128.35016527742428,34.86693275596266],[128.34987348042353,34.86709255336559],[128.34892552602378,34.86726035141259]]],[[[128.4654551404241,34.867343784530725],[128.4654303807761,34.86731634884421],[128.4655033201607,34.8672982817372],[128.4654551404241,34.867343784530725]]],[[[128.46778131483725,34.86906325477119],[128.46747983730626,34.86889957637622],[128.46752366750232,34.8688221017989],[128.46728107298767,34.86864374233132],[128.46716625024564,34.868109503631366],[128.46701366145206,34.86793253673041],[128.46658266499725,34.867763524417796],[128.46629033663018,34.86773517147572],[128.46722596486123,34.86672179526576],[128.46740259997614,34.86632315211965],[128.46750597677047,34.86554135691871],[128.46740458438066,34.865048787043946],[128.4671297408115,34.8646580230431],[128.46686496600444,34.86450477327585],[128.46614965458653,34.86443357571753],[128.46600749731036,34.86431215427206],[128.46594148950877,34.86410431650782],[128.46611495904747,34.86370984360934],[128.46651469022441,34.86350247345145],[128.46708409810864,34.86392929178155],[128.4675830936569,34.86392433289718],[128.46764336919594,34.863975519965216],[128.46804165979447,34.86389703903953],[128.4681950758048,34.86395230217279],[128.4683332179582,34.86419771598777],[128.46832557495887,34.86454898210547],[128.46817019307434,34.864674165233346],[128.46826158357834,34.86483325914444],[128.4686097029451,34.865054010106775],[128.46919166562475,34.86523075361046],[128.4694208863469,34.86545621093161],[128.46942749911832,34.8657246279251],[128.46906230438125,34.866009759924566],[128.46882032206045,34.86646342872423],[128.46972924598194,34.86716651036284],[128.4696625750303,34.86774965428709],[128.46960519332816,34.867742899040216],[128.46966430705186,34.86718669384569],[128.46886405880198,34.866555694881875],[128.46823241436152,34.86700377784331],[128.46833155228663,34.86744804435568],[128.46926112874218,34.86855457863326],[128.4697404342913,34.86834216314162],[128.4698401028016,34.86840041091338],[128.46930338306896,34.86865192857292],[128.46902405463118,34.86887552249125],[128.46778131483725,34.86906325477119]]],[[[128.3356711852968,34.87003078286192],[128.3353595068445,34.87023530258306],[128.33520321194607,34.87022591442046],[128.3350999016411,34.870135513226444],[128.3351243766431,34.869988672421385],[128.33592612181172,34.86968904846213],[128.3359734964763,34.86954735943631],[128.3368287014892,34.869050884934964],[128.33718497198745,34.86902669982656],[128.33735246562534,34.86888150411217],[128.33804702220814,34.86870460393413],[128.33834596452957,34.86874362866587],[128.3379833556159,34.86899979030812],[128.33756836207914,34.86908673059606],[128.33730556016957,34.86922526362226],[128.33654473490552,34.8698039999081],[128.3356711852968,34.87003078286192]]],[[[128.46670213077587,34.86992754567434],[128.46665885864388,34.86989007253442],[128.46688280605,34.86980174308731],[128.46670213077587,34.86992754567434]]],[[[128.33332738725653,34.870877859372285],[128.33316066123112,34.870989514385414],[128.3328796650626,34.870982470045455],[128.3332330626719,34.87080401659655],[128.33332738725653,34.870877859372285]]],[[[128.33486962001157,34.870943039260375],[128.333852661837,34.87118271381951],[128.333385895013,34.87105285837964],[128.3335334693886,34.87088417368769],[128.33397346138906,34.87093385275142],[128.33471946302444,34.870743896982866],[128.33495062421156,34.8705852861506],[128.33510404392644,34.87059354106779],[128.3351636862361,34.87071030129687],[128.33486962001157,34.870943039260375]]],[[[128.3304469691292,34.87164937727167],[128.33036077522257,34.871747980418945],[128.3302290456163,34.87179367884115],[128.33020099953362,34.871750218489986],[128.3304469691292,34.87164937727167]]],[[[128.4670005790397,34.87097650142544],[128.4670410263515,34.871107360830756],[128.46704043215001,34.8711299635236],[128.46692801158213,34.870981259827225],[128.4670005790397,34.87097650142544]]],[[[128.33019717734103,34.87191887895046],[128.32996321943733,34.87211969725837],[128.3294289380322,34.872294894647055],[128.32965299064503,34.87209410256909],[128.33019717734103,34.87191887895046]]],[[[128.32982202267615,34.87265692081372],[128.3297290996289,34.87271680586445],[128.32975942004268,34.87280704337238],[128.32946446956467,34.873045074751325],[128.32919193529187,34.87306505488571],[128.32931004409025,34.87264279061055],[128.32970691139766,34.87249734993447],[128.32980186975857,34.872522879116254],[128.32982202267615,34.87265692081372]]],[[[128.37635925631642,34.876038186213286],[128.37645364150782,34.87619500215301],[128.37638833865404,34.87641283299035],[128.37626000912644,34.87652620678672],[128.37567295876414,34.876648621175455],[128.37517713062104,34.8764992668377],[128.37524259543235,34.87624272978306],[128.37545512815024,34.876007853660084],[128.37635925631642,34.876038186213286]]],[[[128.33402249049237,34.87751454765159],[128.3339891257978,34.8774866786534],[128.334014958097,34.87748010908989],[128.33402249049237,34.87751454765159]]],[[[128.3322020558902,34.87759991266159],[128.3321600357504,34.87757912236599],[128.332171306035,34.87757206493786],[128.3322020558902,34.87759991266159]]],[[[128.37546728892326,34.87758543898174],[128.3756016759823,34.8779071275409],[128.37544148887073,34.87836933159567],[128.37522141858605,34.87843976283568],[128.37466179006077,34.87825775082903],[128.37461725020685,34.87812221727889],[128.3747257630574,34.877995325745985],[128.37546728892326,34.87758543898174]]],[[[128.32514024378602,34.87890731163407],[128.32500307006686,34.87898243777679],[128.32477084444548,34.878951010130336],[128.3250196335596,34.878888618543535],[128.32506085524847,34.878792717596305],[128.32514024378602,34.87890731163407]]],[[[128.32492349058035,34.87909556952879],[128.3248129629315,34.87906237203309],[128.32491531264913,34.87904116957187],[128.32492349058035,34.87909556952879]]],[[[128.32484676566497,34.8791511957019],[128.32480870242725,34.879166356827675],[128.324777802004,34.87912894450472],[128.32484676566497,34.8791511957019]]],[[[128.3196245829354,34.8794284982312],[128.31956090697548,34.87941763513942],[128.3196108466788,34.8793869029619],[128.3196245829354,34.8794284982312]]],[[[128.43147194216021,34.8838558292418],[128.4314238905841,34.88385944180825],[128.43140721919403,34.883822774862765],[128.43147194216021,34.8838558292418]]],[[[128.31481236234663,34.88481265328308],[128.31479712590036,34.88484663699044],[128.31478004255146,34.88481003036053],[128.31481236234663,34.88481265328308]]],[[[128.31459659314802,34.88513950192547],[128.31458376443695,34.88517352718201],[128.31457055202122,34.88513451672547],[128.31459659314802,34.88513950192547]]],[[[128.3091699095931,34.885174001372356],[128.3091383227955,34.88529449066032],[128.30899512789262,34.88529288817874],[128.3090279784047,34.8852030601533],[128.3091699095931,34.885174001372356]]],[[[128.30884871387303,34.88572171252609],[128.30875179331613,34.885713171441424],[128.30878122093387,34.88569356051519],[128.30884871387303,34.88572171252609]]],[[[128.47335359130824,34.88526473189444],[128.4733099716204,34.88528773045152],[128.47326793782383,34.88522824987237],[128.47335359130824,34.88526473189444]]],[[[128.3052753056004,34.89266067512887],[128.30533625305384,34.8929975468702],[128.3051918064558,34.893173547436554],[128.3048321404182,34.89331577495247],[128.3044526516969,34.89317954340827],[128.3044012646965,34.89288416412857],[128.30457574682526,34.89269171832559],[128.3050198042998,34.892535896399934],[128.3052753056004,34.89266067512887]]],[[[128.43773437553398,34.89460229627368],[128.43798692174704,34.89479094280846],[128.43828869264385,34.895239798004425],[128.43818383738645,34.895953750575266],[128.43808126716362,34.89607275561058],[128.43667265250778,34.895711977900454],[128.43706276469263,34.89466238956045],[128.43742993493868,34.894495290607864],[128.43773437553398,34.89460229627368]]],[[[128.42453583102997,34.89427917191934],[128.4251866695117,34.89498249734127],[128.42504221964433,34.89583500233617],[128.42472749936314,34.89636222267287],[128.4245252758483,34.89648333073436],[128.42423833383117,34.89651805872883],[128.42341750203548,34.89622417133674],[128.42229027497632,34.89556916942151],[128.42157472094883,34.89431944081459],[128.42127111508606,34.89432055839598],[128.4210611100122,34.89418360978154],[128.42103611634246,34.893956385560784],[128.42139638926113,34.89373639211434],[128.42151611638923,34.89335860726474],[128.42168888412013,34.8931216708403],[128.42278500044844,34.89202110704065],[128.4230191618401,34.89144110873518],[128.4229363894715,34.89082138663455],[128.42329028028368,34.89027500093558],[128.42340027518563,34.889780835458495],[128.42349360792426,34.88969805729999],[128.42371222446576,34.88975638852848],[128.42389333141253,34.889938889923414],[128.42429361358384,34.89059972169799],[128.42417167231042,34.89150361633054],[128.42385361541355,34.89248028057308],[128.4239088901146,34.892680001548214],[128.4243419460857,34.89309805275328],[128.42431833032288,34.89388388577521],[128.42453583102997,34.89427917191934]]],[[[128.43888400747045,34.89768150524512],[128.4387106066716,34.89769793302331],[128.4385782762306,34.89762948577664],[128.43862116900712,34.8976030191712],[128.43888400747045,34.89768150524512]]],[[[128.46590825426043,34.897276919495624],[128.46591663185743,34.89740420750904],[128.4658344310845,34.897599248805534],[128.46581368080842,34.89739314734041],[128.46590825426043,34.897276919495624]]],[[[128.47423161177292,34.9007834869516],[128.4735511721941,34.900676815795904],[128.47334890518957,34.90032404073697],[128.47331735687817,34.89992666379525],[128.47397438683086,34.899414837417446],[128.4743824107364,34.899215640818504],[128.4753692010067,34.899191812304345],[128.47540674766853,34.89947263283018],[128.47507459054017,34.90010912067589],[128.4750090822485,34.90010236307484],[128.4746755026084,34.900567784532306],[128.47423161177292,34.9007834869516]]],[[[128.42728611333405,34.90131889239964],[128.42695360924964,34.90184222580154],[128.42662249474847,34.902107779076744],[128.42627499512722,34.90220917149067],[128.42606888704358,34.902159440716964],[128.4262094414463,34.9017466633803],[128.4261436090066,34.90158749969561],[128.42644999451772,34.90129638856261],[128.42744305377965,34.901057501550575],[128.42757777790732,34.901081389677636],[128.42728611333405,34.90131889239964]]],[[[128.46712089415033,34.90228264683433],[128.46719354839664,34.90239832484166],[128.46716144926282,34.90241735126577],[128.46706711358416,34.902309127102505],[128.46712089415033,34.90228264683433]]],[[[128.44541582780445,34.90260752124754],[128.44563990877032,34.90283248733527],[128.4454692747717,34.902991712544356],[128.44522763315666,34.90299578600737],[128.44476978491176,34.90277156085739],[128.44476222105342,34.90266762295179],[128.44497204950696,34.9025843539025],[128.44541582780445,34.90260752124754]]],[[[128.4583883302835,34.90284139241816],[128.4584644486967,34.90291917098993],[128.45831861516362,34.903123893002366],[128.45800944205314,34.90315777869168],[128.4580883390578,34.902934167216095],[128.4583883302835,34.90284139241816]]],[[[128.29944724202701,34.90608516062327],[128.29867956089683,34.90576312343766],[128.29854528132122,34.90555104927921],[128.2985646865754,34.90541770412591],[128.29867708829372,34.90512942617634],[128.2988336764523,34.90497592930207],[128.29910554602736,34.90484796146326],[128.29919834323857,34.904876290426785],[128.29947736630754,34.904653155063166],[128.29994981349677,34.90466094279923],[128.30008807014138,34.90476339505608],[128.30011458703933,34.9048908952129],[128.29991241088786,34.90580651116305],[128.29996841708237,34.90597961146686],[128.2999116848553,34.90608423630922],[128.29944724202701,34.90608516062327]]],[[[128.44240557127452,34.907022309969065],[128.4419540122784,34.908445004546365],[128.44195101296648,34.90872962539108],[128.44183648289615,34.90880472874292],[128.44175361440603,34.908655077546086],[128.44193824792396,34.90836690563079],[128.44208040287145,34.90716817770652],[128.44217798223843,34.907066750108285],[128.44240557127452,34.907022309969065]]],[[[128.44171666988137,34.90930916425249],[128.44173861039476,34.90959472344647],[128.44163555548764,34.90968166827839],[128.44157278105789,34.90955499659113],[128.4416424994365,34.90932167138587],[128.44171666988137,34.90930916425249]]],[[[128.49041888963558,34.910377224176884],[128.49061662180753,34.91046914601835],[128.4907824880375,34.9107773780917],[128.49105766685864,34.91090202742087],[128.49153500776507,34.91094151937145],[128.49166427778644,34.91105865353194],[128.49191682314648,34.91155951051872],[128.49186341727608,34.91185494005547],[128.49164991258388,34.912109856617775],[128.4909202843453,34.91231447330593],[128.49020082104187,34.9120929717122],[128.48999703842077,34.91196593453776],[128.48993584249786,34.9116971390479],[128.4900017003641,34.9112642377597],[128.48986188284778,34.910964679708265],[128.49017025579604,34.910388400871604],[128.49041888963558,34.910377224176884]]],[[[128.44293271982647,34.913514218418136],[128.44289001684672,34.91350426571291],[128.44291451841883,34.91348001334435],[128.44293271982647,34.913514218418136]]],[[[128.45883278721914,34.91340934413033],[128.45832427414456,34.913236559254116],[128.458072523532,34.91274364354428],[128.45804651893388,34.912505661895246],[128.45823018427842,34.91216740128958],[128.45874108940978,34.912146757484265],[128.45902545576098,34.91223077783418],[128.459151003099,34.91235225224697],[128.45930696963154,34.91286820863506],[128.4592645013244,34.913209210206475],[128.45883278721914,34.91340934413033]]],[[[128.45180186502068,34.9151108835145],[128.45179483307012,34.91512504139311],[128.45176571539918,34.915096778016604],[128.45180186502068,34.9151108835145]]],[[[128.48486002148363,34.91712962284814],[128.48423820236678,34.91719244722457],[128.48455154182864,34.91652802642658],[128.4844546297933,34.91637152357746],[128.48415503929283,34.91626145930562],[128.4837722388553,34.91644914909402],[128.48347811344135,34.916456802282376],[128.4832967647517,34.91628743996749],[128.48324300274467,34.91609347073583],[128.48327380630346,34.91600249497982],[128.48388967059313,34.91560354000608],[128.4838380940702,34.915125207026776],[128.4846621119834,34.914697896406054],[128.48568023982918,34.91503737859734],[128.48607297734912,34.91541457514002],[128.48619720944131,34.91574534132712],[128.48643280341798,34.91598328666102],[128.4862358155677,34.91640841167874],[128.48569680380697,34.91701746487296],[128.48540625265946,34.917179871391966],[128.48486002148363,34.91712962284814]]],[[[128.35328413799502,34.91808139081413],[128.35295717980543,34.918303773112505],[128.35278443910946,34.91828331265705],[128.35246613279344,34.918086873403595],[128.3519446168904,34.918248324103025],[128.35177921642742,34.918141368103804],[128.35162446142178,34.918181488331285],[128.3515339570759,34.917991556332815],[128.35171909921675,34.9173807823206],[128.351817769523,34.91736215092689],[128.35208235578494,34.917570193273896],[128.35238680064208,34.91768814485736],[128.35274568549158,34.917669897222204],[128.35309470663995,34.91777289203406],[128.3532977271901,34.91798452623431],[128.35328413799502,34.91808139081413]]],[[[128.46581220165712,34.92122713630941],[128.46566909934631,34.921095678842995],[128.46516409290925,34.92095744633901],[128.4650046657327,34.920861136610746],[128.46496606885773,34.92072432618525],[128.46545941142824,34.92057778352654],[128.46598295003443,34.9202408468086],[128.4665015953796,34.92023437172425],[128.46713269623328,34.91973317263246],[128.4671369253243,34.9193508764257],[128.46816202706714,34.91921782228828],[128.468272503611,34.91899521835476],[128.46912105126958,34.918431596284144],[128.4686666703639,34.91796344573571],[128.46823728922013,34.917907563260634],[128.46727005699918,34.91719613254268],[128.46573495481914,34.91580652398016],[128.46474310652619,34.91418139795116],[128.4642151188999,34.91255710096857],[128.46412872487176,34.912538316661774],[128.46418766509007,34.91248287249438],[128.4638113847048,34.91049317736657],[128.46369565945514,34.910476291718076],[128.46381741177615,34.91044888340534],[128.4641970893351,34.908907528119286],[128.46439533441273,34.908552404095296],[128.46516373124754,34.90807733182138],[128.4652633917397,34.907704642139166],[128.46482106299248,34.907464839913736],[128.46485102014645,34.90742240819996],[128.46530528737767,34.9076683787919],[128.46550667109992,34.90757294040628],[128.4656596790004,34.90728416469938],[128.4649957222745,34.90712905361948],[128.46501289702317,34.90708421660009],[128.4651488631963,34.9071174777184],[128.46522763569257,34.906933687043995],[128.46544712040867,34.90699258113243],[128.46549896546549,34.90717783204707],[128.46570088791452,34.90719938186899],[128.4659032883227,34.90682956771039],[128.46624195818725,34.90660057699767],[128.46613902347335,34.90613805800847],[128.46586062791172,34.90611507520758],[128.46587364569834,34.906002175499175],[128.46538558868784,34.90593261605808],[128.46517437722935,34.90586276522227],[128.46518962539423,34.9058128938761],[128.46606417575302,34.90598946901859],[128.4662367380588,34.905849007852474],[128.46724190506905,34.90581227259808],[128.46823824918656,34.90521882737071],[128.4693115482427,34.90493466024753],[128.4698063121046,34.90472979422609],[128.47049301607376,34.90470072095267],[128.47097071947275,34.90453139222601],[128.47202476905912,34.904795136795684],[128.47259973185038,34.904836290630456],[128.47417009233945,34.90477151743916],[128.47551383052377,34.90438606908215],[128.47619472998932,34.904567363581755],[128.47645664075426,34.90477725399255],[128.47653561632467,34.90524158036988],[128.47694346353106,34.905951341649676],[128.47701547105532,34.90623690320662],[128.47697965636522,34.90669490848296],[128.47722671855686,34.90720108477635],[128.47718649585457,34.90728606366567],[128.47769933753185,34.90764879059574],[128.47763298348812,34.90771239466507],[128.47706725872723,34.907308796926436],[128.4767593350941,34.90748567960493],[128.47661430176854,34.90769025707777],[128.47652087580482,34.908206210158895],[128.47667339262208,34.90866468731173],[128.4769107367659,34.90889928335595],[128.47721354705098,34.90902475571308],[128.47742970496947,34.90901771256478],[128.4776364248964,34.908570299198296],[128.47769054338153,34.90858427678494],[128.4774477587371,34.90907851858098],[128.477768892308,34.90926070050858],[128.47869361656802,34.90897168191176],[128.4793179049091,34.909104468473004],[128.47962335610296,34.90935882492291],[128.47985159958205,34.909769883117846],[128.48025799470284,34.9100612236999],[128.48005206556536,34.91022906558397],[128.47974661243492,34.910310206552374],[128.4796617459636,34.910184211972435],[128.479260146163,34.91015157151575],[128.4786337267625,34.910625741374325],[128.47825036162368,34.91074793425544],[128.4772213587009,34.910439671019674],[128.4767841519736,34.91051001639832],[128.47695701584993,34.911281944783816],[128.47681958303647,34.91137876177693],[128.47690140386834,34.91125947936156],[128.47672248170448,34.91066424403778],[128.47656092613792,34.91066834493691],[128.47652182328872,34.91057169898565],[128.4764451088827,34.91057763551828],[128.47600425859184,34.910734613201036],[128.4751476664997,34.91146071338021],[128.47456281915046,34.912442106938684],[128.4740872931987,34.912915163250425],[128.4742039974829,34.91298675057471],[128.47392558507207,34.913332680522004],[128.47378645595728,34.91356341099722],[128.47383786566917,34.9135906463962],[128.4737130400711,34.91358176932818],[128.4734073389416,34.91393743251335],[128.4732697046403,34.91389400842251],[128.4726872894251,34.91474943045937],[128.4726809983144,34.915434603097495],[128.4733901434226,34.91560050044919],[128.4737322528861,34.91630321701661],[128.47366607826,34.916319447877434],[128.47334059566364,34.91564410104151],[128.47260971165895,34.915473914834394],[128.4724010783032,34.91612877988614],[128.4724574436141,34.916802509595286],[128.47235185240635,34.917399888039164],[128.4723593453877,34.91758307745406],[128.472594123344,34.91783075248431],[128.47268521537612,34.91783856163966],[128.47245054751122,34.9178881323135],[128.47284408974343,34.91818491655056],[128.47299597126948,34.91798755123079],[128.47300917599685,34.918046926869714],[128.47354635966457,34.91807685399341],[128.47383096273492,34.9178455036357],[128.47381891351037,34.91774099720438],[128.47423345962386,34.91778855598651],[128.4742975884451,34.91772371644547],[128.47429461120896,34.91779007469223],[128.47451242980296,34.9178364414949],[128.47477354050068,34.91879809397682],[128.47490781211016,34.9189001210753],[128.47431511145723,34.91882421610234],[128.47400309537161,34.9189962734955],[128.47382892089422,34.91935884893171],[128.47299621604571,34.919539265034516],[128.47299230167175,34.919687610693586],[128.47278275625814,34.91989709676912],[128.4722528243214,34.91988543111746],[128.4718225016797,34.92004157474942],[128.47147064241219,34.91998792868425],[128.47108808726134,34.92034247902109],[128.4707961829986,34.92007125498373],[128.47027726737488,34.91990916483704],[128.46917850941733,34.91993200136263],[128.46867395537518,34.92029134588303],[128.46863950452027,34.92054410597552],[128.46812825564157,34.920476920073064],[128.46770859285064,34.920514653443],[128.46723747615735,34.920789478854935],[128.4668330582544,34.92080958474096],[128.46648923803792,34.921022086952654],[128.46581220165712,34.92122713630941]]],[[[128.43466694705268,34.92490944211221],[128.43471027956204,34.924828886004384],[128.43487722013148,34.9247919442515],[128.4348277799647,34.92486305507066],[128.43466694705268,34.92490944211221]]],[[[128.43441166282682,34.92565055563648],[128.43398610716307,34.92566278079365],[128.43388750311135,34.92560777586352],[128.43371861285564,34.92522888976893],[128.4334677738725,34.92497917141881],[128.43420082912795,34.92516944451197],[128.43464528349313,34.92499388832779],[128.43464388447939,34.92517000015352],[128.43452777260154,34.925272226059704],[128.43461666534412,34.92537722313778],[128.4345727772783,34.925534720388455],[128.43441166282682,34.92565055563648]]],[[[128.3217844010743,34.926783998319436],[128.321175778031,34.926710850060495],[128.32031787142293,34.926228033143815],[128.3198073228631,34.92557396327729],[128.31989943303148,34.92502973251317],[128.3196753920801,34.924643576150146],[128.31945489505682,34.92437437240063],[128.31887721332774,34.92398488298011],[128.31848100113686,34.92333989144787],[128.3184975980344,34.92277160088037],[128.31840660149828,34.922727413480324],[128.31824630357224,34.92235606312],[128.3192372499681,34.92129353504846],[128.31923267438125,34.92091079133208],[128.3189576504397,34.92008308445501],[128.31903713236892,34.91989902445234],[128.3191835561052,34.91983698888717],[128.3193914343271,34.91991517614397],[128.3196612610458,34.92026308184386],[128.31951630692944,34.92131894485032],[128.3197564798134,34.92201107945812],[128.31973347552935,34.922750939293394],[128.3198076234353,34.92283725428082],[128.32014904126513,34.9225668723497],[128.32020227248057,34.92260349001707],[128.31984859374407,34.92288871062943],[128.3199682063577,34.923069386184636],[128.3201427460122,34.92310788854859],[128.32041029441015,34.92302717434192],[128.32047415187776,34.9229163713037],[128.32090589942558,34.92273388144142],[128.32105855607506,34.92256830258747],[128.32049059672315,34.922272815584485],[128.32051951360427,34.92223069197396],[128.32078792656486,34.922360377483926],[128.32151738606592,34.92231355640538],[128.32194693489745,34.92283512716766],[128.3221980047746,34.922887535527884],[128.32251504687417,34.92284328472159],[128.3227244135357,34.923011824991875],[128.3228398658393,34.92324504039897],[128.32289090970963,34.923746585751985],[128.32317275827327,34.9239426030464],[128.32368310486552,34.92376073225116],[128.32384707207527,34.923248412114745],[128.3240509934173,34.92290223739991],[128.32425598147006,34.92274370550986],[128.32450161873973,34.92270119630345],[128.32465685895488,34.92294385333121],[128.32476567694843,34.92327163863134],[128.32474653401536,34.92422616486307],[128.32470611487284,34.92438904330788],[128.32445648123885,34.92459674325201],[128.32447784501187,34.92479127395601],[128.32433645274557,34.92514141828541],[128.32407922841205,34.9253576298166],[128.3237440261894,34.925439670130295],[128.3233316799112,34.92580843552779],[128.32327141541506,34.9259892948536],[128.3233379737666,34.92619877934896],[128.32295600662135,34.92649948476629],[128.32217562811744,34.92662877106443],[128.3217844010743,34.926783998319436]]],[[[128.3326458342156,34.92657027888768],[128.33234083513287,34.92686305678795],[128.33198444456696,34.9270000012836],[128.33188527878033,34.92680833486752],[128.3319205566679,34.92645305739585],[128.33148527900357,34.9259911117343],[128.33102000093757,34.92581972330402],[128.33071972276693,34.926075001048595],[128.33033083373752,34.925926389977775],[128.32978444580982,34.92597944511017],[128.3292630560331,34.9265255566616],[128.32884972275824,34.926458057106395],[128.3286722236314,34.92634333428924],[128.32879861230876,34.92569805721174],[128.32940666711184,34.92504194553633],[128.3295158336635,34.924757223532474],[128.32877333448744,34.923611111535806],[128.32876666718693,34.92347305636871],[128.32828000039768,34.92298444536491],[128.32828111220738,34.92287250151396],[128.3284697228209,34.92267805669367],[128.32837111207516,34.92241444574063],[128.32855444455396,34.92226694619873],[128.32863277821247,34.92203027962954],[128.32892916728346,34.9219713899607],[128.32898805638695,34.92226805632071],[128.32936754572233,34.92227851007736],[128.32904953182893,34.92231871588425],[128.32866399896798,34.92269921095796],[128.3288060977768,34.92316621248755],[128.32922529349506,34.92337343666022],[128.32968536696484,34.92337669461201],[128.32974127329544,34.92323887858703],[128.33007532397244,34.923097906599445],[128.33020527851133,34.92262972347268],[128.3304597230011,34.922390834313],[128.33034083487257,34.922280556366005],[128.3303725014719,34.92218944540136],[128.3305238899727,34.92222000078763],[128.3308652778219,34.922548334015616],[128.3315130572059,34.9228330563811],[128.33170722260328,34.923206390519404],[128.3316311122673,34.923830834931415],[128.33175611146507,34.92411222386116],[128.33171361227633,34.92432027884084],[128.33157971546197,34.92446927796567],[128.33156053131344,34.924775559337945],[128.33216083454334,34.92521305619683],[128.33281361277025,34.92527527861787],[128.33294277899913,34.92544305673276],[128.33284694478746,34.925788057007054],[128.33290277907327,34.92622666774417],[128.33284722276562,34.92646000124616],[128.33278111242217,34.926584723405874],[128.3326458342156,34.92657027888768]]],[[[128.3331669445193,34.9279922233672],[128.33303416622672,34.9278958344234],[128.33292888865478,34.927461945210226],[128.3330111104357,34.92699027872378],[128.33321861135198,34.927163333686835],[128.33358416731394,34.927866111550046],[128.33353499973276,34.927951389255526],[128.3331669445193,34.9279922233672]]],[[[128.43754329262583,34.92745798724037],[128.43736426344108,34.927418834796825],[128.4372476857784,34.92716613907047],[128.43706313209282,34.92702563115119],[128.43626094145594,34.927114725288476],[128.43699238481443,34.92698727326345],[128.4370162347064,34.92686707221293],[128.43690846744596,34.926632719356064],[128.43671865654545,34.9265520846079],[128.43652423806992,34.92678035882703],[128.43603558043742,34.92644048966319],[128.43606991443752,34.92639468411649],[128.43585446949734,34.92614707865983],[128.43593440968388,34.92589454581519],[128.43576084301773,34.92545575547603],[128.4359092206562,34.924825789187345],[128.43603094856013,34.924649120125295],[128.43659353580435,34.924609057941026],[128.43737419088285,34.92501101349534],[128.437740000195,34.9250976975173],[128.43791829938945,34.92529662156275],[128.43886702818014,34.92542061879918],[128.43930310472857,34.92557733487764],[128.43962225501113,34.925811071790946],[128.43953138165216,34.92597077720138],[128.43834473827397,34.926364016862316],[128.43798111297895,34.92672268389857],[128.43793921979625,34.92712893418575],[128.43754329262583,34.92745798724037]]],[[[128.45150352547935,34.92835795771202],[128.45133662805904,34.92821649305618],[128.45146504249794,34.92785814544933],[128.4519460729526,34.9277797797344],[128.45239825184225,34.927876292618464],[128.45244671896694,34.92803325955108],[128.4522598228815,34.92813311300447],[128.45216423015793,34.928293226201525],[128.45150352547935,34.92835795771202]]],[[[128.45405600492737,34.92818252284272],[128.45375397952435,34.92837077655103],[128.45338083746054,34.928228141003366],[128.4532375475374,34.92807766236781],[128.45339788638816,34.927995403524555],[128.45368083495921,34.92801363096642],[128.45405169514981,34.92790482234638],[128.45414102408645,34.927974090057866],[128.45405600492737,34.92818252284272]]],[[[128.4422450200036,34.929088428728164],[128.4431317442204,34.9294065184361],[128.44328889588095,34.92950209991285],[128.44324256015614,34.9295933206888],[128.44314724573786,34.92963488476305],[128.44219445290955,34.92942749232182],[128.44204072948494,34.92928200010731],[128.44200919054356,34.92912761360223],[128.4422450200036,34.929088428728164]]],[[[128.33890594317276,34.930762766613185],[128.33861453102438,34.93075382523042],[128.3384608428664,34.9306556605927],[128.33848785879576,34.930588104770884],[128.33827834453353,34.930385795862044],[128.3382553616065,34.930231036059176],[128.33858456266617,34.93015070230453],[128.33895816737785,34.93026691846305],[128.33908343056063,34.93054701523712],[128.33890594317276,34.930762766613185]]],[[[128.33973271229925,34.93131315256978],[128.3395528280093,34.93135425090811],[128.3396284146669,34.93124230382704],[128.33973271229925,34.93131315256978]]],[[[128.3411678078379,34.93174591398179],[128.3409064141386,34.93114680603205],[128.34100453524456,34.93094870412934],[128.34119433283448,34.93089124633084],[128.34137403380967,34.930926419787106],[128.34175757648518,34.93118934503408],[128.3420672775501,34.93114898669036],[128.34244825968648,34.93095134123518],[128.34267951113594,34.931042328872984],[128.3425889482411,34.931109411983854],[128.3426176554949,34.9312445151541],[128.3424708063954,34.931380709559825],[128.34249275114965,34.93156141366536],[128.34225641976835,34.931728969748065],[128.3411678078379,34.93174591398179]]],[[[128.49139228433452,34.93165382758602],[128.49135781892141,34.93165946767714],[128.49136157991407,34.93163753541466],[128.49139228433452,34.93165382758602]]],[[[128.4893344734157,34.936639553455144],[128.489145320801,34.93711616615066],[128.4888146158412,34.93739887087756],[128.4885100711916,34.9379174728775],[128.48832536179748,34.938425358073346],[128.4876112175923,34.93887418725946],[128.48735218076664,34.938934645085844],[128.48722081885356,34.93887515587261],[128.48718659865546,34.93878814062989],[128.48737038513784,34.93850024503694],[128.48712030925213,34.93800754505585],[128.48720199241984,34.93779549051945],[128.48737141835682,34.93764245186908],[128.4872656247153,34.93719478098377],[128.48675338850774,34.936659352233406],[128.48578665690272,34.93670115007483],[128.48584408406285,34.93662778823981],[128.48640729961676,34.93660793241967],[128.48633802674496,34.93613074512827],[128.4866945803175,34.93625219331467],[128.4868128518697,34.93609184867404],[128.48677513090294,34.93596527945577],[128.48654512241853,34.93566876627516],[128.48616636484905,34.935844889068115],[128.4859602759311,34.93613374303149],[128.48591129474445,34.936110489673915],[128.48612187778457,34.935814707561995],[128.486507099758,34.93563235120938],[128.4860457597206,34.93531173896453],[128.48534031429196,34.935038736874894],[128.4849707846014,34.935013866234826],[128.48471047207397,34.93489794749744],[128.48464106716773,34.93408075134696],[128.48457508849324,34.93394074951988],[128.48432563275077,34.93380813606443],[128.48434597441954,34.93366699734445],[128.48470564198408,34.93314580348009],[128.48479910693314,34.93268318297018],[128.48504952531223,34.93245711623827],[128.48555814269494,34.93163487970271],[128.4855515915177,34.931183549521755],[128.4851900054157,34.93062197956763],[128.4852202589699,34.93032413986523],[128.48540202639273,34.930032323774036],[128.48596606976363,34.92977218185334],[128.4868740048031,34.929097904067774],[128.487380335022,34.9290559373588],[128.4880562847349,34.92913849112007],[128.48810738155396,34.92896329115804],[128.488166407631,34.92896882097],[128.48814536451778,34.929151273324294],[128.48893885286716,34.929257127478216],[128.48889143007779,34.92908537020282],[128.488958479078,34.92907535560544],[128.4890337036983,34.929276545512565],[128.48923737538468,34.92929872487495],[128.48953721158915,34.92926296593209],[128.48993890829476,34.92910128869174],[128.49004165149466,34.92925753622583],[128.49003114665504,34.92953115221962],[128.4908949616473,34.930472764276054],[128.49118872339227,34.93126956493694],[128.49136475036053,34.93201225554814],[128.49123952221206,34.93270722504289],[128.49051940097354,34.93373247230493],[128.49051661063655,34.934171060195375],[128.489870159036,34.934601452619724],[128.48981721824472,34.93484768754436],[128.49008943267742,34.93486479741669],[128.49008695159964,34.934913731641515],[128.48980603145418,34.934895559250144],[128.48974159070497,34.935273280982486],[128.4896430390034,34.93537068102886],[128.48972746670836,34.93608728313452],[128.48950318863544,34.936501164972526],[128.4893344734157,34.936639553455144]]],[[[128.4881611146242,34.940177399200564],[128.4883733018436,34.940331551864304],[128.48838172198757,34.940481899718066],[128.4881007225981,34.9407003094417],[128.4880186601533,34.940860508632596],[128.48767496558997,34.9409201751111],[128.48790404154283,34.94073323620164],[128.487915338369,34.940278326270175],[128.4881611146242,34.940177399200564]]],[[[128.43496805186965,34.944300557566784],[128.43354277377222,34.94423500041315],[128.4334275036308,34.94407082985216],[128.433432501309,34.94370083475021],[128.43356167029765,34.94346055684961],[128.43374222710096,34.94334666528818],[128.43375052973187,34.943124681354185],[128.43355672104815,34.942822468363815],[128.4335838221819,34.94266581950705],[128.43297601518927,34.94252882502144],[128.43353996944424,34.942606682363554],[128.43364388937795,34.942224045959456],[128.4334924569037,34.94217988344342],[128.43344900387027,34.94207153500097],[128.43292964599385,34.942052369746975],[128.43293787012232,34.94197321658322],[128.4334783723598,34.94198934106123],[128.43364277248455,34.94189471893521],[128.4342580549399,34.94203971934191],[128.43487666710217,34.94232111536819],[128.43480916433583,34.94248500236485],[128.43497833455712,34.942577775005105],[128.4350663832957,34.942807222940985],[128.43544194297016,34.94310472741029],[128.43549055118083,34.94365722268856],[128.43565222694696,34.943742502940275],[128.4357066691111,34.943931392356866],[128.43565611454144,34.94411555674298],[128.43496805186965,34.944300557566784]]],[[[128.48649723022967,34.96814391285448],[128.48647930164557,34.968026746984],[128.48624107303007,34.967911752825785],[128.48635606113024,34.96741379221574],[128.48624569319412,34.96706862681617],[128.48601654017492,34.966778983376],[128.48571058281354,34.96664755265415],[128.48464244168812,34.966459091483614],[128.4837523136461,34.96613808299823],[128.48326813085288,34.96583837293085],[128.48257573420403,34.96486233871367],[128.4823857464728,34.964413187215754],[128.48242823903936,34.964134973582354],[128.48211389255462,34.963621968912264],[128.48225493119642,34.96327694817624],[128.4829272008277,34.962734864312026],[128.483180090856,34.96218028829131],[128.48396063136846,34.96134435496384],[128.48453038164587,34.96050316179583],[128.48452545892232,34.960241137677265],[128.48430079796688,34.9599715431162],[128.4845527822151,34.95969962685712],[128.48459082600053,34.95935674572647],[128.48419563476472,34.9588162637235],[128.48420978205536,34.95809403544246],[128.4837634732018,34.95623865058475],[128.483826701626,34.95515444355523],[128.4842326055542,34.9544779889681],[128.48518498914436,34.95406451647039],[128.48566654868458,34.9539852971534],[128.48602826290792,34.954039599547244],[128.48625308699968,34.95415460078012],[128.48664390883027,34.95414815877612],[128.48907567162667,34.95374870372802],[128.49069054598291,34.953849140744396],[128.49094177026208,34.954352217904585],[128.4909720013474,34.95461063321391],[128.4910990719649,34.954674320674975],[128.49098700088348,34.9547594489139],[128.49095108894036,34.95517372331426],[128.4906498768715,34.95558519895686],[128.4900377778502,34.955781088082276],[128.48912401576996,34.95566591867701],[128.48802497052023,34.95589868188931],[128.48711773487463,34.956433739019715],[128.48617269222459,34.957142542849326],[128.4856418133176,34.957630270502044],[128.4854977346366,34.957963859288405],[128.48547645360637,34.95901474182423],[128.48510669802695,34.95967435980209],[128.48509162377673,34.960118138466214],[128.48587289706046,34.961368827935495],[128.48613120017484,34.96205964492003],[128.48681621425126,34.962014530969654],[128.4868233641572,34.96206703677517],[128.48604938722994,34.96212428779737],[128.4860230843102,34.96279406491593],[128.48636316258467,34.96295440425634],[128.48613429502132,34.963060515177965],[128.48634875525374,34.9633841847412],[128.48667048411357,34.96330942142374],[128.4864936139538,34.96259479489804],[128.4865549334801,34.96258843570144],[128.4867383680844,34.96332486698691],[128.4865895442882,34.96339780752942],[128.4865948934983,34.963472335838865],[128.48689312392952,34.96404286839333],[128.48738606770462,34.964549666336495],[128.48797715215906,34.96484926487784],[128.48815161555817,34.964727570830924],[128.48866061192385,34.965038462302225],[128.48945582789736,34.965355926875],[128.48982418267272,34.96546719419894],[128.4901525489872,34.965387628185084],[128.49024141098144,34.965573453270714],[128.489989945996,34.965731712711396],[128.48982473487513,34.966016616984206],[128.48921387100083,34.966233622745094],[128.48897418535998,34.966242718263324],[128.4886737791787,34.96639340071055],[128.48849423025075,34.966362326238375],[128.48764961204418,34.96655598985878],[128.48723025789823,34.96678124752449],[128.48685782558874,34.96706216958611],[128.4866751774165,34.96730382229661],[128.4866314913128,34.96809971527801],[128.48649723022967,34.96814391285448]]],[[[128.43206943249496,34.97638144527279],[128.43134617753392,34.9762396038792],[128.43092656625709,34.976389615915615],[128.43000386570932,34.97601618626246],[128.42953904446787,34.97601501158145],[128.4287946693848,34.97567350738671],[128.4285480898723,34.975751861625504],[128.42801321300087,34.975733595643426],[128.42747402025975,34.97581445605586],[128.4264367041798,34.97564934285599],[128.42510029101794,34.97604511105003],[128.4245650561065,34.975637965987],[128.42391305690876,34.97566380333217],[128.42304997936878,34.97541239437631],[128.4228821232835,34.97511727725842],[128.42213652640694,34.97465110716955],[128.4211558930047,34.97355609371411],[128.42086047698646,34.97231813436947],[128.4204091625672,34.97221522668437],[128.42012953119402,34.972037750915305],[128.41861324563442,34.97146281685265],[128.4182102435223,34.970934911024166],[128.41790302444502,34.97069040723592],[128.4172932155483,34.96987193114856],[128.41708191439082,34.969110525531214],[128.41670531422352,34.9686409006861],[128.41626573457555,34.96769960775435],[128.41585340188328,34.96725623693457],[128.41564353871635,34.96720540675663],[128.41342628527093,34.967650010988464],[128.41274801688078,34.96743809834693],[128.41235052683817,34.967479218630785],[128.41113995380476,34.96783465065029],[128.41069175215986,34.96786401801079],[128.41000250062248,34.96830274860563],[128.4082957980589,34.96825803859469],[128.40528892180723,34.96865506753466],[128.40473251951846,34.968845181060225],[128.4046854204448,34.969228682911925],[128.40421307629018,34.96944043644093],[128.4037916180901,34.96974071350884],[128.4033205299656,34.97025593911474],[128.40331251431203,34.97041006217472],[128.40213847427944,34.97054688869998],[128.4013817725959,34.97098248477834],[128.40111747291226,34.97105737397516],[128.4005566125261,34.97076408495259],[128.4003519970032,34.97046361955769],[128.4005666090257,34.96953299803187],[128.4004971887851,34.96947421277446],[128.40064728208463,34.96942870936612],[128.40058721132309,34.969339605143965],[128.40070639128666,34.96915416097435],[128.40035973253742,34.96866781721451],[128.40015087182866,34.967999347908595],[128.4001873666565,34.96782877313771],[128.40039336951162,34.96758676512996],[128.40028252988662,34.9673841970868],[128.40024248814282,34.966649168815614],[128.40059709896448,34.96616005490082],[128.4004189859704,34.96542774292983],[128.39985976856053,34.963999464279105],[128.39845156576743,34.964070732668304],[128.39670526311204,34.96454362777374],[128.39575455408618,34.964125324764865],[128.3948975756306,34.963912246500556],[128.3934068207121,34.96384899280652],[128.3928824178281,34.963653446804955],[128.3920038194808,34.96366662831252],[128.39212957528383,34.96323856189801],[128.39137821458112,34.96191526047861],[128.39014284988505,34.9614919162087],[128.38979598639972,34.96114093455409],[128.38910498135593,34.96102393955483],[128.38916694502382,34.96067961427965],[128.38904643651608,34.95994429155798],[128.3890456714941,34.95929684768923],[128.3892750895424,34.958733768983286],[128.3893404265307,34.95755933808331],[128.38982530807718,34.95636400702726],[128.39016692250325,34.95496185299502],[128.3907401345501,34.95326015278796],[128.3910221742641,34.952009797087314],[128.38944120807258,34.952005135727454],[128.38847028874983,34.95171425783969],[128.3877019898891,34.95122582096534],[128.38706639083404,34.950966724050595],[128.3860268742338,34.95088459087823],[128.38544648890036,34.95022449068141],[128.38545244843237,34.949953143055914],[128.38526888261228,34.9497080804326],[128.38450017077412,34.949222134431764],[128.3838633573344,34.94869161683217],[128.38320050343623,34.94855995574584],[128.38223741838306,34.947622086495436],[128.38102567951393,34.94702189202034],[128.379834176403,34.946875603709586],[128.3788596753138,34.947261542024734],[128.3781908122097,34.94687264562559],[128.3774763120353,34.946246824795],[128.37705486650088,34.945996432343414],[128.37550525007762,34.94567663465433],[128.3742327885899,34.945248088396376],[128.3731221371183,34.94546734876861],[128.37239033544935,34.94544225312202],[128.37186167364408,34.94533135768488],[128.37124216021064,34.945830246077534],[128.37051260046027,34.94628460518435],[128.3689097001227,34.94630466251784],[128.3674267219071,34.94581043034083],[128.36678738921057,34.9456896068819],[128.36570736941704,34.944907022776725],[128.36528436107818,34.94429204877491],[128.3651812475178,34.943924233536265],[128.36475584859477,34.943612841174335],[128.3633359380299,34.94340617003436],[128.36160751269253,34.9437013818283],[128.36048765493825,34.94381215248957],[128.35925847855484,34.94330139748119],[128.35876822919056,34.94336751563187],[128.35810317625453,34.94318911446849],[128.35738007691967,34.942715137742816],[128.3564771639526,34.94255476875597],[128.35601404046034,34.942093318457076],[128.35542869548988,34.94207036684077],[128.35501926794282,34.941924684059686],[128.3547295649021,34.94197368337178],[128.3541363926896,34.94185465023317],[128.35369082722028,34.94184852797151],[128.3523774118385,34.9404937253587],[128.35235728031404,34.93976475150022],[128.3518899015313,34.93932896873016],[128.35186753525653,34.938986155086994],[128.35142226064863,34.938653756164925],[128.35108732429634,34.938275309104604],[128.35061946220964,34.93853612408699],[128.3505264858665,34.93889172946743],[128.34986196224568,34.9394584719853],[128.34876197601164,34.93994705981258],[128.34774642515765,34.939984006975834],[128.34774966583387,34.94027400057971],[128.34768192067855,34.9402591233638],[128.34759823571915,34.94048619650722],[128.34665957972808,34.94030003763948],[128.34568056442427,34.93827426850764],[128.34451208746518,34.93752837746618],[128.34560207805532,34.93695767698322],[128.3457253548922,34.935659066780524],[128.34562308699964,34.93563424557842],[128.34573309988642,34.93561919743299],[128.34582945946312,34.93499107846991],[128.34580656480478,34.93478137702331],[128.34563937364825,34.93461170648245],[128.34480270189792,34.93427622551429],[128.34507294794253,34.93383856098182],[128.34556950910581,34.93380088023841],[128.34618298524873,34.93361822524511],[128.34636128202177,34.933446416637025],[128.34661407558778,34.93288596314307],[128.34655059336356,34.932605565713686],[128.34573626751236,34.931976521811805],[128.345205142192,34.930368515475095],[128.34398722266306,34.93058805683405],[128.34372055607824,34.93072138976895],[128.34342805688118,34.93066916776706],[128.34311305617638,34.930475000864504],[128.34289750046722,34.93019361233039],[128.34298486508473,34.92987372853818],[128.34361159570898,34.929568602271736],[128.3437888862232,34.92966987872682],[128.34396159037215,34.9293481968254],[128.34385119093542,34.92931284522974],[128.34387555669974,34.92926100018468],[128.34302510446662,34.92898612454399],[128.3430503028531,34.92891181201536],[128.3440193149,34.929230691170304],[128.34404804454167,34.92915787331194],[128.344413092948,34.92916183995072],[128.3450970604616,34.929398182841176],[128.34553020158054,34.92911951597324],[128.34459830683113,34.928198833116134],[128.3442153509852,34.928033198362535],[128.34405498505015,34.927822485674376],[128.34372442931874,34.92786006774719],[128.34370597054962,34.92772303425427],[128.3440360499882,34.92767801905103],[128.34396016227382,34.92702880303388],[128.3435402849124,34.92677332706464],[128.3433169458868,34.927095001049516],[128.34295111172773,34.927379723406965],[128.34265031802448,34.92737010376766],[128.34245763187766,34.92777655259656],[128.34238468185984,34.92775309065505],[128.3425743271389,34.92732622191023],[128.34240861277186,34.927173334480024],[128.3423872225513,34.92703055637583],[128.34268305688084,34.92670250116854],[128.3428388889649,34.926176667221604],[128.34232412850292,34.925676646334665],[128.34208556869484,34.925671545142364],[128.34168359106687,34.9258397124507],[128.34152378736047,34.925844812180934],[128.341363336297,34.9257487484503],[128.34143249978942,34.925372779156085],[128.34171638914563,34.92504166735396],[128.34151527779065,34.924737501226275],[128.34157416731395,34.92416361193799],[128.3407922232298,34.92378277829138],[128.34034111182618,34.92405055620566],[128.33990472209388,34.92417138980997],[128.33967027795873,34.924326111726856],[128.33963139003822,34.924525278640054],[128.33928555642444,34.92473083399762],[128.3387847223686,34.92448861205541],[128.33842027831625,34.92441361177563],[128.33809833498958,34.92392861267554],[128.3376812184111,34.92418501362667],[128.33745489946585,34.92474675674032],[128.3372568388381,34.924980890382045],[128.33729289766023,34.9252793652175],[128.33753329121356,34.92546731523936],[128.33794108169738,34.92539317199971],[128.3381316570476,34.92547556978956],[128.3383393645605,34.925721333917195],[128.33835827499965,34.92600724126927],[128.33849862094405,34.92617726627435],[128.33784426284737,34.92681606483277],[128.33765055629672,34.92681194592841],[128.33746833427205,34.92656222318977],[128.33750194605943,34.92639639033112],[128.33735361180146,34.92590277867697],[128.33679916761758,34.925636112591164],[128.3364508341087,34.92564472396496],[128.33609888998453,34.92511027913365],[128.335939747488,34.92502513885752],[128.3365534898403,34.9244680149347],[128.3366173683424,34.92401616765653],[128.33631222316885,34.923691112737664],[128.33604500118662,34.92356389002308],[128.335723335052,34.92306111228783],[128.33571972341582,34.92293889063873],[128.33608555622467,34.92232166799459],[128.3359413893258,34.922054723025695],[128.3360541668125,34.92174500076346],[128.33600166667,34.92163277923307],[128.3354680559389,34.92140027926013],[128.33528472647438,34.92100677182139],[128.33539962008012,34.92093426886438],[128.33564927471483,34.92096173553852],[128.33582687233258,34.92115645743872],[128.33645671147917,34.92121597880299],[128.33661540958968,34.921322304827655],[128.3368915326679,34.921358015993],[128.3369861911939,34.92172237040106],[128.33657611588586,34.92245888352484],[128.33672579296876,34.92280148663521],[128.33733657478308,34.923181077299255],[128.3375433989164,34.92323351349804],[128.33801210537314,34.92318110998413],[128.33862672388875,34.92351082402919],[128.3390203607091,34.923515926257544],[128.3394626659096,34.92340671603238],[128.3397636288835,34.92295813521499],[128.34047227735826,34.922607156410415],[128.34054576311695,34.922441234400736],[128.3408148688277,34.92230128822785],[128.34107085395232,34.921966203160075],[128.34118639150296,34.92193110816778],[128.34139544900333,34.92226666486029],[128.3411876455624,34.92268641605375],[128.34127878950707,34.9231153391736],[128.34141627412805,34.92327631297596],[128.34132910387987,34.923647168056476],[128.34155883852364,34.92382560584553],[128.34240067431344,34.92415770055551],[128.34250863764882,34.924520563086155],[128.34247471559868,34.92481019048327],[128.34258301699097,34.925050818610664],[128.3427075792825,34.925132196251255],[128.34281459448428,34.92554554156723],[128.3433341444269,34.925813338414635],[128.3436180129002,34.92583558800889],[128.3438329396268,34.92574216775432],[128.34394119155988,34.92564428789411],[128.34399222295946,34.925326945038506],[128.34414277929457,34.9251691673548],[128.34498805580293,34.92494666774403],[128.34489777871286,34.92461722316583],[128.34453777820912,34.924251389914595],[128.34453000147926,34.92407805646711],[128.34416583487786,34.923782778254306],[128.34419202845052,34.92344788716225],[128.3452518926299,34.9234626227483],[128.34539653809543,34.923673457851415],[128.34539705692305,34.92396346587435],[128.34572444680884,34.92421262171253],[128.3460080096574,34.924254108819305],[128.34673369221008,34.92405770683113],[128.34716819191226,34.92428471893681],[128.34715894740816,34.92433724913704],[128.34734770741426,34.92438374306243],[128.34749201523792,34.92454274611112],[128.34788915688014,34.92429088485355],[128.34809368597513,34.92403350207804],[128.34832873748257,34.92398346493217],[128.34842894150304,34.923879103419246],[128.34881326132984,34.92391727440856],[128.34895940542137,34.92386564879285],[128.3491057435979,34.923976141176595],[128.34934507422884,34.92399189780232],[128.3502933215234,34.92358042266321],[128.3505093986216,34.92359831359618],[128.3506247777934,34.923703891856576],[128.35090020441783,34.92343409992383],[128.35128874649544,34.92336430924501],[128.35152458397076,34.92269849409047],[128.35145157510055,34.922421767965716],[128.35127455038358,34.92242309308702],[128.35119141336472,34.922224163400934],[128.35090444481534,34.92225055679698],[128.3499956987196,34.922562772990105],[128.34782722315958,34.922482223432496],[128.34714555632115,34.92238027902563],[128.34617611216655,34.92198333426485],[128.34608861187752,34.92144222258602],[128.34626000121972,34.921110557065326],[128.3468347224267,34.92074527821694],[128.34706527866535,34.9207311120073],[128.3479220340605,34.91989831350684],[128.34862479460946,34.91957920707762],[128.3497780576135,34.91978411413085],[128.35018322005592,34.92006701210335],[128.3504416535891,34.92013906814387],[128.3505418295426,34.92020872109459],[128.35049248236814,34.92027912575382],[128.35060454366703,34.92026403733847],[128.35063150850957,34.92032097353166],[128.35075750077283,34.920214445770796],[128.35074083501593,34.92001500066806],[128.3504961119258,34.919737778880794],[128.3505612264325,34.91935041961888],[128.35091947894634,34.919354165725295],[128.35167740527942,34.91976147631559],[128.3519368205512,34.91973601825377],[128.35252869255126,34.9199327742201],[128.35281654522828,34.91985140190194],[128.35303268841568,34.919894457710036],[128.3534054557703,34.920210088329874],[128.3536352996193,34.92010476868862],[128.35418872482367,34.919606667729674],[128.354549590059,34.91951837582204],[128.35471735372846,34.91804904742039],[128.3545419538735,34.91787606213727],[128.35450243046165,34.91758748891357],[128.35401719593483,34.91701552151083],[128.35392332252053,34.916749408660245],[128.3535473524315,34.916576277497754],[128.3532907260364,34.916913981092186],[128.3532274277036,34.91688073092455],[128.35345477665754,34.91653240701957],[128.35296202236785,34.91634385327603],[128.3526088940352,34.91581894859385],[128.35250172634102,34.915864250950364],[128.3524221653477,34.915762946059914],[128.35190151618016,34.91585918422213],[128.35170307502426,34.91628604465343],[128.35160510110282,34.91623758655888],[128.3514402669705,34.916433931074735],[128.35134095220815,34.91676418374525],[128.35128298337054,34.91675357442689],[128.35137051926372,34.916452693159144],[128.351201798834,34.916650931144765],[128.35073661693042,34.916376634243356],[128.35147348336608,34.91535265712957],[128.3515009307842,34.91477378370076],[128.35184521596565,34.91412472049505],[128.35190484834436,34.913798217136964],[128.35228593769267,34.91351280180802],[128.3524581463709,34.913176559866415],[128.3522076799995,34.912715003509575],[128.3522707679362,34.91269149861747],[128.3526491198496,34.913246117075495],[128.35289645373328,34.913215205285645],[128.35291471379168,34.91296087709012],[128.35303973355104,34.91285587407116],[128.3533856154397,34.913026101988955],[128.35364392912905,34.912512496261364],[128.35336333580562,34.91242161663626],[128.3533892099961,34.91237535872663],[128.35363851471928,34.91245992330375],[128.35450971379785,34.91128705820406],[128.354239047649,34.91110845611317],[128.3553609098326,34.91019984788369],[128.35530553884198,34.910122903168016],[128.3553622620658,34.90990185151518],[128.3551569962613,34.9097401537418],[128.3552069525908,34.90947834951797],[128.3558192068994,34.909277563082874],[128.35581937010318,34.90890469689917],[128.35532475521708,34.90787274606577],[128.35436291103022,34.908016515909125],[128.3536066669437,34.90781638957253],[128.35294944440815,34.90715833400748],[128.35249861195823,34.90684444508359],[128.35178750039967,34.90663388866879],[128.35151139013615,34.906459722383296],[128.35122639004376,34.906208055978404],[128.351316667104,34.906078611531676],[128.35118638926542,34.90616749979125],[128.3509663891458,34.905882499744855],[128.35045527861084,34.905460833607556],[128.34972527915176,34.90526083366993],[128.34934444629485,34.90537694431189],[128.3483705562412,34.90548500017646],[128.34720805655274,34.90529361212304],[128.34651833380653,34.90488527802219],[128.34627375578782,34.90455947603906],[128.3459912455731,34.9044656680673],[128.34521163263875,34.90493207902228],[128.3454301593597,34.90531301182991],[128.34503494862952,34.90557380769749],[128.34549805888054,34.90592624924342],[128.3454213379744,34.90599002447391],[128.34497135460074,34.90562793670585],[128.34470701919736,34.905857492028716],[128.344589619825,34.90575557182185],[128.34411277793333,34.90600777857379],[128.34364416738038,34.90645750038165],[128.34253666827308,34.90686444512153],[128.3421650010574,34.9069311121456],[128.3416044442989,34.906868889904025],[128.3411885884692,34.90669169647714],[128.34129055622708,34.907179444723724],[128.3405033346454,34.90780972339708],[128.33914416685778,34.908431112430094],[128.33875889013822,34.908502500629254],[128.33740611163182,34.90825333412218],[128.33678729212286,34.90833407361586],[128.3367535405692,34.90845757172262],[128.33657386596687,34.908544814254526],[128.3359919502301,34.90847985204193],[128.3357290596731,34.90826114797523],[128.3355978491277,34.907899146691],[128.33531669184833,34.90779471298679],[128.3353037876228,34.907885286130224],[128.3350977949247,34.90795013540935],[128.33445313877257,34.90798062513381],[128.33424291056795,34.90839417909758],[128.3342072475628,34.908979246336365],[128.33412835335136,34.9089732332306],[128.33415977866386,34.90868654327647],[128.33404701339947,34.9086877175994],[128.33402953464977,34.90849700739871],[128.3336397930576,34.90866342385423],[128.33326641822552,34.90871082905575],[128.33316972335996,34.90865916763891],[128.33248861196196,34.90882972373389],[128.33208808197338,34.90881674790445],[128.33063956863052,34.90845522217978],[128.3299160932121,34.90835396697452],[128.329016109575,34.9083353951056],[128.32829179604,34.90819944114978],[128.3277747867425,34.90793246607297],[128.32754859031934,34.90763166261835],[128.32708720180102,34.907281121638114],[128.3268798552214,34.90722028377263],[128.32588648890712,34.907102225221614],[128.3249510225363,34.907182545483394],[128.32493569445415,34.90726600051982],[128.324558065026,34.907234265201716],[128.32458182201896,34.907061704924054],[128.32403844728807,34.90692472760051],[128.3232193955267,34.90681500538616],[128.32269838082365,34.906932752352915],[128.3220022782546,34.90674249955407],[128.32133565178094,34.9071699835841],[128.32140524351783,34.9075221808716],[128.3212534568488,34.90757467537611],[128.32138974073385,34.90800500914103],[128.3213214833611,34.908019315551236],[128.32097286549882,34.906836484273384],[128.32092264598666,34.906893487956225],[128.32104749201324,34.90743161057037],[128.3209003462058,34.90703957118162],[128.32063677607755,34.90708727250464],[128.32056272151354,34.906875183459],[128.32009878339656,34.906992156999856],[128.31948835822536,34.90743639440919],[128.31943017318525,34.90757020519169],[128.31974541225063,34.90794279139849],[128.3201932965415,34.908103556248356],[128.32025742303998,34.908245963104726],[128.3197686120489,34.909195835176185],[128.3195877788148,34.909363333948264],[128.31889805604052,34.909607500756415],[128.31777718201644,34.909288152167015],[128.31684667888936,34.908797731391395],[128.31675221612494,34.908778563478094],[128.3166122504381,34.90889517925383],[128.31534542104288,34.908653208192646],[128.31432790201598,34.90866503240556],[128.31435243142892,34.908794635434234],[128.3121556520387,34.909098125514916],[128.31189507476503,34.90895979970133],[128.31150201649504,34.90896841874165],[128.30938687304524,34.90863049373103],[128.3088697911948,34.90876497529965],[128.30859885709845,34.908764358041424],[128.30788497278536,34.90857684688739],[128.3067582482746,34.90792217038181],[128.30662064370736,34.907820515955564],[128.30665239691274,34.90769066935004],[128.30614289399367,34.90725521658367],[128.305210025972,34.907099461569054],[128.3047315050352,34.906518538270134],[128.30465350867394,34.90653085019309],[128.30434231779662,34.906208256817045],[128.30407721282143,34.90607759874386],[128.30372527209258,34.90642342347018],[128.30366985796394,34.906385618008514],[128.30403175083842,34.906035426360845],[128.30340627257516,34.90528448332823],[128.303266575756,34.905348577230164],[128.3030976419601,34.90517517604073],[128.30246533405787,34.90562013868941],[128.3024155013993,34.90557729030054],[128.30321990015733,34.904987015288626],[128.30276749549662,34.90451167850173],[128.302414712961,34.90434082960194],[128.30184605438097,34.90384818793857],[128.3014437134699,34.903655185753514],[128.30107768561558,34.90331843108502],[128.30043484324767,34.90309899287422],[128.3004084580882,34.90318121847287],[128.3003312551706,34.903162128726976],[128.30035918678678,34.90308123563342],[128.29899954316383,34.902715385579214],[128.29821413812093,34.90233751924559],[128.2979902459651,34.90249562326232],[128.2979519920699,34.902461581696514],[128.29819123944338,34.902217848886046],[128.29801623016135,34.90196904534304],[128.29806305919936,34.90160153154748],[128.29797949257048,34.901288593468756],[128.29764757375187,34.90068423270584],[128.2977215886326,34.900395892655176],[128.29786457334774,34.90029565125918],[128.29780130237157,34.900204461784696],[128.29803860948803,34.90009511485054],[128.29809202403692,34.89996189171375],[128.29802204145923,34.899883135268865],[128.29866184634596,34.89947934979313],[128.29919028941455,34.898950167570575],[128.29956248209166,34.898705045611635],[128.2996734214373,34.898448158097416],[128.30000056513512,34.89825147988597],[128.29998262647297,34.898092536620844],[128.3002106280339,34.89810166443417],[128.30078561937128,34.89784677226503],[128.301219142241,34.89774762600732],[128.30129790487024,34.89763763241874],[128.3014475289473,34.89760246950707],[128.30244453837744,34.897663304604926],[128.30293292123653,34.89788809852507],[128.30312401940685,34.89786612507887],[128.3031764819075,34.897976298769166],[128.30378375510602,34.89801166195804],[128.30495091366777,34.897507961157885],[128.30532224701437,34.897235649263315],[128.305075879231,34.896996499113804],[128.30528812166128,34.89684755862718],[128.3048243541448,34.89637894876173],[128.30489623092618,34.896337840020884],[128.30553856924772,34.896957964087434],[128.30621575638958,34.89637456638099],[128.30602057875785,34.896226991752975],[128.3061161800222,34.89618775475982],[128.30640994032368,34.8954641771655],[128.30519293452022,34.89525380502028],[128.30465244378863,34.89536307135348],[128.30463194283172,34.895283286847736],[128.30519638276346,34.895158664225],[128.30621212822606,34.89532894421389],[128.30644604974032,34.89525919109821],[128.30657311455136,34.89498368596362],[128.30676584445598,34.89503100196786],[128.30683683022005,34.894802844311414],[128.3069974580824,34.89468970843638],[128.3078476086618,34.89435400594108],[128.30819780705926,34.894357146048456],[128.30918376437006,34.89369694407569],[128.30943793117999,34.893211839577866],[128.30978536083782,34.89288448206615],[128.30995381592575,34.89249695361988],[128.30991219024187,34.89169798364495],[128.31020008293316,34.890565947167794],[128.3101077182292,34.89033714035005],[128.30983856723392,34.890036188157715],[128.3098089843293,34.889592534313024],[128.30994438569832,34.8895134757346],[128.31037776272083,34.88885426738331],[128.31068426474167,34.88806909436278],[128.310624901004,34.88799946103934],[128.31086246403748,34.88704124452532],[128.31066222314328,34.8864050004421],[128.31005776918298,34.886016995637036],[128.30951166776381,34.88604500176979],[128.30933111222583,34.885975833891855],[128.30906162203559,34.88548867739988],[128.3093468869971,34.88521604495355],[128.309900476777,34.885015609621654],[128.31009034748988,34.88503225015715],[128.31017732347306,34.88492094081676],[128.3103798714687,34.88490592053957],[128.31070761800777,34.885032020770204],[128.31107781569239,34.88490039844937],[128.31118154171227,34.88496602767507],[128.31120052628734,34.88517721233999],[128.31146303475606,34.8853491776718],[128.3114777847874,34.88548652265136],[128.3116149885116,34.88554820477452],[128.3117085263124,34.88577359876995],[128.312100150964,34.885758851318954],[128.3124586595607,34.88590644318458],[128.3127761976578,34.88577125683173],[128.31283265261987,34.88582708506412],[128.31303207356746,34.88581205511544],[128.31339771453705,34.88560728267804],[128.31352316826332,34.885451251040124],[128.31396486087206,34.88540163440058],[128.3139012173203,34.885577240408004],[128.31412974721167,34.8855014103372],[128.31468882146027,34.88518443564343],[128.31472975347893,34.88497107453727],[128.3149884216989,34.8846385935151],[128.31511239162484,34.884604144971064],[128.31526319039565,34.884770246773236],[128.31560175610107,34.88464179856534],[128.31588016324602,34.884335024991756],[128.31596040707905,34.88410313329005],[128.3161126612204,34.88409836908383],[128.3164340212019,34.88380656314401],[128.31653906964644,34.883547822291],[128.31628062091306,34.88316750053179],[128.31629622448423,34.88276759227974],[128.31636421628218,34.88229877189997],[128.31660016953904,34.88188766663429],[128.31657055123915,34.88177627200966],[128.31672520638656,34.88166301735262],[128.31660601294854,34.88154219363211],[128.3167337319133,34.88146250283377],[128.31661938522436,34.88138250033196],[128.31665483194413,34.880790851853966],[128.31648789772072,34.8806653567004],[128.31638089930271,34.88037080467693],[128.31688484386896,34.87997857915597],[128.31690631873508,34.87985686992648],[128.31727535546145,34.87980365200211],[128.31718507530502,34.87991206340461],[128.31729696029618,34.879996564452945],[128.3174770132809,34.88000282832308],[128.3180439195209,34.87973599754267],[128.3186095744708,34.87966878671593],[128.31863915425564,34.879597548351754],[128.31850813059324,34.879544526036256],[128.31892206888085,34.87935849971369],[128.3194972805029,34.8793107762185],[128.31943262333124,34.8794495410134],[128.31951618094908,34.87949849628801],[128.31949978908042,34.87960738155759],[128.319732773664,34.87977829282656],[128.31958122650673,34.88013276200017],[128.31970404241028,34.88024999655693],[128.3196568847337,34.880500925046064],[128.31978705927597,34.880532122751475],[128.31992034132432,34.880685154601984],[128.32015693106516,34.88127055136409],[128.3204405605672,34.88150542995844],[128.320707371656,34.881587622446936],[128.3207395205213,34.88170755365072],[128.3211430672535,34.881779330370506],[128.32137479900007,34.88191431290922],[128.3213289450968,34.881968319790964],[128.32162081392212,34.88206634665417],[128.32176607967608,34.882236852980526],[128.32174092659835,34.88237500742643],[128.32146123431335,34.88255395852821],[128.32152987910723,34.88272693688296],[128.3216922893525,34.8827856969401],[128.32182210343822,34.88301008763939],[128.32180296582882,34.88310210952862],[128.32149091257818,34.88332078420677],[128.32154735019083,34.88367308622471],[128.3214791560569,34.88385315436656],[128.3215943780187,34.88418816699415],[128.32196415807726,34.88456162157992],[128.32299626004763,34.88511531835328],[128.32391628716502,34.88494187512352],[128.32437836754175,34.884953665181065],[128.32480443565058,34.88507518842551],[128.32486773856508,34.885433239323795],[128.32509783943544,34.88575746870055],[128.3252436801361,34.886230591357155],[128.32571741577425,34.88667348472711],[128.32612061944172,34.88682665501872],[128.3274033613056,34.88672295640638],[128.3279671216418,34.88657866383987],[128.32856459107555,34.886213017128625],[128.32874649433177,34.885966179757254],[128.32830846869325,34.88559443392926],[128.3284068426265,34.88551678665561],[128.32882207789953,34.885870529418696],[128.32954773773585,34.88502686243653],[128.32948495768423,34.88478511635387],[128.3289469293926,34.884565996283335],[128.3284423290507,34.88395106672185],[128.3287352451928,34.88378576088363],[128.32856820500854,34.883638833863245],[128.32793747504178,34.884109056969315],[128.32788933906528,34.88407159785711],[128.32836502013,34.88367106577586],[128.32792433770234,34.88290164791709],[128.32753985140124,34.88252395806759],[128.32719633011948,34.88244591767681],[128.3263031464917,34.88248359028673],[128.325709112577,34.88298308323692],[128.32566079925735,34.88293625997301],[128.326419122089,34.88229968785403],[128.32642250014223,34.88221027920448],[128.32605651334623,34.882035634569114],[128.32603753107546,34.8817037171614],[128.32569447920457,34.88158843328945],[128.32575235101612,34.88147004896265],[128.32552364974623,34.88143155637657],[128.3253662309045,34.88129524588252],[128.3255150251876,34.88116173551812],[128.3252783407528,34.88107163840692],[128.32566942662092,34.88066471968152],[128.3257763511552,34.880259112497384],[128.3256544404369,34.879998112579],[128.32548361938416,34.879856069838084],[128.32539060286265,34.87939789604789],[128.3252798324319,34.879348132253774],[128.32528012104515,34.87926764733238],[128.32562429399542,34.879137818581846],[128.3255952230016,34.87906322565786],[128.326005438963,34.878859941506335],[128.32624669792813,34.87858350094543],[128.32660161905392,34.8785242469033],[128.32661575377978,34.87813654778083],[128.32648671050538,34.87802366019357],[128.32657635696035,34.87783796623253],[128.3272756843508,34.87731442386234],[128.32725289325435,34.87721427595113],[128.32736239838508,34.87722977364825],[128.3276448299836,34.877028945087076],[128.3279721392976,34.87616289012758],[128.32831041246376,34.87600281753236],[128.3284388011494,34.87602163473541],[128.32901104105815,34.875822287857645],[128.32920542877238,34.875864788101346],[128.32951121542666,34.87607787018483],[128.3298380344507,34.876778106161005],[128.3299395637025,34.87682014698595],[128.33022769915306,34.876846854713676],[128.33053669065544,34.87659850723023],[128.33091507959335,34.8765427738247],[128.33098055082232,34.876801358942146],[128.33050066671774,34.87749849799396],[128.33060925956215,34.877941500725136],[128.3308972221586,34.878425556939746],[128.33092250048625,34.87867277897272],[128.33077561204078,34.878807882558256],[128.33083616440513,34.87909118519327],[128.330943746473,34.8792393957327],[128.33129909722678,34.87937198322152],[128.3318611926202,34.8793578460899],[128.33230114321603,34.879154688114546],[128.3323073590853,34.878797971178486],[128.33209154051696,34.878354533581216],[128.33212712042499,34.87791671789856],[128.33230709838907,34.877566053241985],[128.33228784645786,34.87745245715085],[128.33330705943555,34.877493496262225],[128.33338389146562,34.87756975275241],[128.33357412778741,34.87758442540776],[128.33409048073645,34.877554281198236],[128.33429228312488,34.877633953865484],[128.33448343196912,34.877582876478186],[128.33458608966612,34.87765211622005],[128.3347269394807,34.87759200033615],[128.3351333550561,34.877692731357556],[128.3352374441793,34.87764445551404],[128.33559823200767,34.877827223019864],[128.33599078561417,34.87760596150908],[128.3363748539414,34.87755322711386],[128.33658091983824,34.877676364229195],[128.33667748630663,34.87785298950539],[128.3368581789058,34.877641154318006],[128.33712246552975,34.87760698171775],[128.33696878058487,34.877763414006964],[128.33709066539728,34.87781092374585],[128.33707411982587,34.8778905665344],[128.336693944185,34.877963227103685],[128.335742497883,34.87897677958971],[128.3345758028623,34.879556862663044],[128.33438003370728,34.87993715969943],[128.33458715552248,34.879997857188705],[128.33458021047784,34.880102861568695],[128.33434493648053,34.880019265812784],[128.33418314557423,34.88028226150484],[128.33360012576154,34.88077224991233],[128.3335961075822,34.880846689911166],[128.33418449311944,34.88137024274989],[128.33412482147378,34.881415203883364],[128.33362555270338,34.880952352745716],[128.3331163392172,34.88124849490158],[128.33301872553386,34.881140821111856],[128.3327920245881,34.88109388472485],[128.33212548254707,34.881158736642654],[128.3322539163964,34.88158276823164],[128.33265500373483,34.8819215667955],[128.3327245091617,34.882215569091166],[128.33351810149892,34.88287645461434],[128.33385109566387,34.882967049039834],[128.33425808156983,34.88291411349304],[128.3351571086809,34.882384371993275],[128.33493321475024,34.88197048637905],[128.33501550829413,34.881921227836166],[128.33526530322192,34.88232759708065],[128.33654340375986,34.88216231851605],[128.33665102659035,34.88163269808125],[128.33629222105984,34.8815751270896],[128.33633200578282,34.88131165695059],[128.33688981335064,34.8813960127349],[128.33714871785648,34.88153973122799],[128.33807189995136,34.8814047408675],[128.33807618710804,34.88128842264678],[128.33847626407626,34.88120244437984],[128.33848109213514,34.880920729236884],[128.338677753216,34.88093040173893],[128.33865960939426,34.88121120602238],[128.33893106064315,34.88122590146025],[128.33998699829527,34.88058987119924],[128.34037480199456,34.88050751800954],[128.3404160241675,34.880611562990495],[128.3400126107068,34.88067983457859],[128.3390636349366,34.88129656299599],[128.33918313857475,34.88174140369929],[128.33938557763207,34.88208754289907],[128.33984444254517,34.88208112213845],[128.339835941536,34.88216623454675],[128.33946884401536,34.88218327610179],[128.3395483646297,34.882267359539775],[128.33993232792633,34.882389547928284],[128.34028366980132,34.882335943305954],[128.3405705820408,34.88219346613326],[128.34066861695248,34.882322290790086],[128.34134516542625,34.882116513463544],[128.34161571931298,34.88194840001431],[128.3418248558326,34.881748849623285],[128.34182476652384,34.88149424559031],[128.34244976037667,34.88086681321687],[128.34227754094144,34.880297136093596],[128.34180125431274,34.88036519437001],[128.3417471015937,34.880189192229125],[128.34207657696672,34.880122103360115],[128.34225454678287,34.879620561144876],[128.3418619449658,34.878821945281736],[128.3419013897775,34.8786272234587],[128.34177222237582,34.87838277924821],[128.34183083412685,34.87812888947251],[128.34176389023588,34.878062223830426],[128.34177059914802,34.87752186534446],[128.3419914773637,34.877310646102316],[128.3417530589227,34.87681131925427],[128.34213984529396,34.87574668217685],[128.34202524321637,34.875441941403466],[128.34187961815672,34.875346926583916],[128.34161752800622,34.87488715880626],[128.34172930806685,34.8744760469645],[128.3427311622552,34.87416490861187],[128.3429349101641,34.873931618421125],[128.3429439554587,34.873762254313796],[128.34308699063058,34.873676415276414],[128.34302670217292,34.873544510015336],[128.3431032591231,34.87348689972458],[128.34409967937165,34.873150430333816],[128.34465570224913,34.87314060029821],[128.3449732243972,34.87298701268597],[128.3450774764374,34.873025941641906],[128.34504670006194,34.872873326044115],[128.34513012371124,34.87282830539094],[128.3454388672883,34.872936198688336],[128.3457525051892,34.87280707741986],[128.34618050715795,34.87290800202701],[128.34617705210422,34.87311176265826],[128.34662745623342,34.873463026363915],[128.34694971165268,34.87345210281245],[128.34730063154328,34.87364529410731],[128.3474623916451,34.87338791619458],[128.34771501871975,34.873299847916876],[128.34779938330215,34.87315399931778],[128.34813664755134,34.873130367217314],[128.34858602884168,34.87356047967555],[128.3485140041985,34.874338968353214],[128.34903154668413,34.874686959022405],[128.348809238836,34.87492601655241],[128.34880318012011,34.87504616183493],[128.3490852918313,34.8752631523059],[128.34955683100864,34.87534182806575],[128.34967552285775,34.87544640162687],[128.34982030368212,34.87562893105504],[128.34971720123784,34.875806771805685],[128.3497596422462,34.87604227975443],[128.3502798614567,34.87635602110345],[128.3504141421593,34.87674104307551],[128.35012819132007,34.87718414020862],[128.3501576454212,34.877480682032264],[128.3503733350823,34.877670310088156],[128.350416913644,34.878109993359004],[128.35007312751935,34.879017156841854],[128.3500909099968,34.87916564891774],[128.34958188328923,34.88026504678589],[128.34947162671102,34.8811429138852],[128.34919972329368,34.88168000123998],[128.34925825131782,34.8820435294798],[128.34967404709695,34.88239605066178],[128.349608627062,34.88263852781414],[128.34994440276003,34.882960504851845],[128.34984972561963,34.88418969117286],[128.34958192158763,34.88442234469726],[128.34954016207502,34.88467920755383],[128.3487744107667,34.88552211994769],[128.34863332373345,34.88581235001315],[128.34893721933534,34.88598951213492],[128.34888520408188,34.88607225891773],[128.34843532232864,34.885831500619666],[128.34822544813977,34.886273570507164],[128.34790741457007,34.88656311449225],[128.34907732925598,34.88751600685484],[128.34949424728822,34.887002252541585],[128.3491487852835,34.886671374571584],[128.34921199518868,34.88660986629419],[128.34956590684052,34.886927171763574],[128.34984716949688,34.88675247015154],[128.35062182954275,34.886781653039286],[128.35120529813634,34.886539563608615],[128.35129523098794,34.88584655045992],[128.351739436835,34.885150965316946],[128.35214128574293,34.88394747585992],[128.35245950110271,34.88360747609396],[128.3521703446602,34.88317336523009],[128.3522886180176,34.88193792779136],[128.35242351344323,34.88169308561095],[128.35223500092735,34.88130166820274],[128.35231111215774,34.880916667972116],[128.3525319451557,34.8804433341435],[128.35272055646587,34.88019527896895],[128.35306972272926,34.88001250108765],[128.35319027812469,34.87985583484305],[128.35307555595477,34.879743612008944],[128.35303888972516,34.87953861273647],[128.35309944554473,34.879290834126685],[128.35344305615263,34.87916055665604],[128.3538401574065,34.87921551498359],[128.35407508676113,34.87952351158373],[128.3540063664703,34.87979478208608],[128.35412631352827,34.87989936035308],[128.35451806123265,34.88001519536674],[128.3551246516024,34.88005059176361],[128.35652813076342,34.88067592329798],[128.35673487280994,34.88069589065243],[128.3570483419886,34.88058305914621],[128.35742766819817,34.88016142142637],[128.357511701299,34.879902283824556],[128.35747614982597,34.87934570023026],[128.35735177890498,34.8792063669578],[128.3571057155117,34.87942927394418],[128.35728511426342,34.879174939378665],[128.3571601097808,34.879214405686305],[128.3565490874812,34.878773658516536],[128.35627074268336,34.8789263068743],[128.35620617617334,34.87884327160687],[128.35665071184826,34.87863140380073],[128.35619650668875,34.87831369857918],[128.3565344177876,34.878131574390146],[128.35709985773153,34.87820728762959],[128.35680731477538,34.87804852756501],[128.35701200223372,34.877960682262035],[128.3573730739434,34.87807314002162],[128.35741638987287,34.87709833442589],[128.35703217364852,34.87669808592096],[128.35659583374132,34.87647666787425],[128.35615802310133,34.87611223199697],[128.35619777790822,34.87600944546326],[128.3560638900384,34.87564916796033],[128.35548472262016,34.87526666768179],[128.3553864806678,34.87510878740044],[128.35543008961324,34.87494273221294],[128.35530935994782,34.87488954917272],[128.3553179644738,34.87482796556282],[128.35600878908227,34.8747752895467],[128.3564589780009,34.87422310490335],[128.35650284324268,34.873910060491525],[128.35632995181177,34.8735759997105],[128.35586527862216,34.87325277849413],[128.35591111164138,34.873215557145684],[128.35532323558223,34.8726416568194],[128.35556138919034,34.87233694559321],[128.35567219477034,34.87185717869919],[128.35605595887657,34.87112019557804],[128.35637242052584,34.87113199432887],[128.35640250079024,34.871230833689474],[128.3572831708106,34.8717982400627],[128.35762388942706,34.87176944544399],[128.35794972307528,34.871521667476706],[128.3579161793559,34.87128856942738],[128.35800376219683,34.87119229970768],[128.35786405400324,34.87105458080668],[128.35787550347803,34.87096869609094],[128.3583950017434,34.87065166735242],[128.35841095676537,34.87048647174593],[128.35869114944794,34.87024219981898],[128.35996683979837,34.8699553451552],[128.3603920526955,34.86992320574407],[128.36075001232706,34.87002609140407],[128.3613335557373,34.87071845175034],[128.3614973592306,34.87167113341252],[128.36179133427729,34.87159237528323],[128.36181275764002,34.87164421524556],[128.36230370104266,34.87152278390497],[128.36248776489003,34.871127302553965],[128.36272944503702,34.87086222303353],[128.36256126024233,34.870672169764],[128.36254258622847,34.87010648250291],[128.36277058495315,34.86999578916971],[128.3629885794721,34.87001260580176],[128.3634558446709,34.870127444505606],[128.36426249317861,34.87051015963261],[128.36509863783166,34.87104392875168],[128.36578111131735,34.87164055646898],[128.3664395756877,34.871972544705464],[128.36711691189214,34.872439624935375],[128.36776886987295,34.872653190564584],[128.36806599130927,34.87267208162307],[128.36832124265382,34.87258661475498],[128.36872740191333,34.87216126963973],[128.36922236126009,34.87184173182413],[128.37013952185586,34.87149777773543],[128.37158717786772,34.87005136896822],[128.37215311756086,34.8696105556798],[128.37261332931283,34.86943368027044],[128.37313364570872,34.86937226329101],[128.37424840697022,34.86953727007544],[128.37492695811997,34.86982702667779],[128.37502350021927,34.86974422069556],[128.37533977040684,34.870085722120514],[128.37524172083107,34.870204068136125],[128.37580944943272,34.87086196640762],[128.37604905406076,34.87135097786051],[128.37599574740304,34.87157561499661],[128.37549670857274,34.87229082219939],[128.37551124590004,34.87286325604278],[128.3752616835501,34.873125696857535],[128.37476820341368,34.87340043354082],[128.3736195368109,34.87448929437443],[128.37349743570618,34.87465410189444],[128.37387567140792,34.87492693605065],[128.37381872175675,34.874997497863056],[128.37340356722677,34.87474074503316],[128.37247264308994,34.875127462440624],[128.3725446671404,34.87529639885778],[128.3724622214788,34.87533937075152],[128.3723208231889,34.87510406274472],[128.37218378698594,34.87513103994963],[128.3716972387651,34.87538770343847],[128.37155879872304,34.87560527706653],[128.3715284802364,34.875678979684174],[128.37185204554632,34.87574100337645],[128.3718018312323,34.875921283982684],[128.37148881472646,34.87586604848907],[128.37155991465926,34.876303016680396],[128.37180415656576,34.87687026280263],[128.3716304086526,34.877824115366195],[128.37172654590995,34.878486207208354],[128.371859167559,34.87887861242527],[128.37222777922864,34.879505834592464],[128.37257333460497,34.87990777882197],[128.37245222247122,34.88004916752939],[128.3722991665233,34.880068611432826],[128.3718360205515,34.88079847559169],[128.37196512501993,34.881057615392876],[128.37163815840427,34.881821161530944],[128.3710050543153,34.88229204897591],[128.37042250067518,34.882523334469184],[128.36956143549293,34.88343124448542],[128.36944054394235,34.88481207511419],[128.36885921630358,34.885293234984466],[128.36929485916346,34.88571678792996],[128.36972133555525,34.8859455529063],[128.3699353577089,34.885704897581384],[128.37031611221624,34.88587855140612],[128.3709284368308,34.88581129774605],[128.37160212702742,34.88522257001395],[128.37179671798086,34.88516809553003],[128.37220484502544,34.884538983176874],[128.3717777325472,34.884344328348085],[128.37180898248639,34.88426489040981],[128.37229135432364,34.88442166663391],[128.3730581139732,34.88350866548649],[128.37375939622575,34.883019794805584],[128.3740383700599,34.88296464170654],[128.3747099920161,34.882331940878814],[128.37425589266945,34.88218673202594],[128.37429939738644,34.88208012560838],[128.37479401422584,34.88219639585061],[128.3750013093123,34.88196675224411],[128.37527835889534,34.88193281062997],[128.3760300201587,34.882222167637664],[128.3766015165383,34.88222704727469],[128.37737132155655,34.88245876390072],[128.3774426681127,34.882361634565655],[128.37763663010693,34.8824215093556],[128.37759034019686,34.882567429691456],[128.37786717607955,34.882648211952024],[128.37782527999678,34.88276871979648],[128.3787223942912,34.88326380659727],[128.37910289903388,34.883716695169355],[128.37933611202513,34.8843697234841],[128.37987008594885,34.88511006365785],[128.37986307173213,34.88582531240047],[128.37955301372776,34.886184623580824],[128.37960517261186,34.88645752626581],[128.37854315715302,34.887735622607],[128.37857973833636,34.88800638846428],[128.37791901879223,34.888748087768406],[128.37690610924452,34.88956692247218],[128.37548155190092,34.89000244376268],[128.3751252249555,34.890346211977196],[128.37628455489568,34.891209609471304],[128.37692315823674,34.89078242489726],[128.37756542306514,34.89056187207509],[128.3779935653513,34.89022451324765],[128.37847616439444,34.89013424643214],[128.37849714543708,34.890220489837155],[128.37882824785785,34.890175868767436],[128.37883911600414,34.89035622416428],[128.37966922171492,34.890359238774046],[128.37978811215368,34.889655475878484],[128.38005850642656,34.889593816345396],[128.38022482292365,34.889927529347624],[128.38059830220385,34.889799103323114],[128.3806789692877,34.88919871681574],[128.3801490713469,34.88904648803534],[128.38018461964856,34.88896885915041],[128.38116458292066,34.8892140165699],[128.38127299980187,34.888657665242924],[128.38057342723747,34.888294018387676],[128.38063451730153,34.88823736779457],[128.38133840093664,34.888589292200855],[128.381405426533,34.888320741847785],[128.38119423300512,34.88819251587094],[128.3815411004894,34.88780485220549],[128.381636431329,34.887841337099026],[128.38165602012378,34.88766412806444],[128.38141804267678,34.88748227011712],[128.38178113246602,34.88717590295775],[128.3820709516579,34.887160670315346],[128.38228929840267,34.886892187260734],[128.38255736506392,34.88683237051935],[128.3828446589998,34.8864926790234],[128.38280631993834,34.88639949920146],[128.3829601916774,34.88618949464977],[128.38321788475716,34.885225110032295],[128.38331847046047,34.88447288247801],[128.38398901291689,34.883467317417555],[128.38385614279554,34.88327100343303],[128.38458564392755,34.88233902527364],[128.38455972502604,34.882265577268626],[128.3848444817829,34.882327720362696],[128.38476115668828,34.882230380642056],[128.38498955199114,34.88170473798724],[128.3852863439362,34.881704742103395],[128.38503500643864,34.88102814543771],[128.38500229579685,34.880758220641624],[128.3850894505545,34.880628054343255],[128.3849819508008,34.88047283050485],[128.3843708043438,34.88008647945776],[128.38394522779436,34.879440016342556],[128.38334231707293,34.87924952773456],[128.38317285610864,34.87894908148005],[128.3829582080659,34.87883816666567],[128.38252684321182,34.8788666002884],[128.38211480210578,34.87912435860919],[128.38206344556386,34.87906040308304],[128.3824770145787,34.87881508215592],[128.382307888683,34.878757562309744],[128.3821262181153,34.87885071499487],[128.38185635541902,34.87854862917892],[128.38214835341913,34.878354164731974],[128.3818772762082,34.87784028605335],[128.3819226294159,34.877606588813215],[128.3826148194876,34.87708917388152],[128.38318535508992,34.876811451717344],[128.3838088892459,34.87662277832943],[128.38382805547673,34.87621638930023],[128.38362554550542,34.87584234778132],[128.38322166315592,34.875622470708215],[128.38211740978184,34.875347298102476],[128.3814798312542,34.875440572812465],[128.3812970009834,34.87534605384358],[128.38109921571717,34.87508733416157],[128.38112277846287,34.87497555682955],[128.3809330567325,34.87456527859253],[128.38117055619898,34.873761945056074],[128.38114296602132,34.873395757617835],[128.38124967161352,34.87319309686157],[128.38150411631418,34.87294015056528],[128.38229277941116,34.87260666803555],[128.38286527827847,34.87253500093816],[128.38315608000312,34.87261053115602],[128.3837308117799,34.87315574402252],[128.38441611247725,34.87359388958012],[128.38506138946778,34.87392389007704],[128.38548750080338,34.87407361182129],[128.38568250153915,34.87407361257326],[128.38593545596277,34.87421596359322],[128.38613500113195,34.87449361226832],[128.38617493316377,34.87472125028656],[128.38653074935286,34.87485922531026],[128.38663572289462,34.87579709154068],[128.38741900556482,34.87584287427144],[128.38746402065038,34.87545058751921],[128.38754767896563,34.87540633604616],[128.38754486111026,34.87565020467351],[128.38767739888436,34.875670526776595],[128.38765894351636,34.875917351803025],[128.38809356700344,34.8762140562754],[128.38823272699818,34.876211724051466],[128.38824308858165,34.87614548068973],[128.38828691344892,34.87620729564626],[128.38846155376677,34.876193009456216],[128.38900557239717,34.87584620054854],[128.3889728499049,34.875756347596706],[128.38904605089837,34.87571953324206],[128.389098015521,34.87577645514032],[128.38918256144206,34.87569275191219],[128.38942117041552,34.875068794842505],[128.38971750717332,34.87463547951392],[128.38976836200376,34.87428317134559],[128.38961980213193,34.87425452408735],[128.38979309062333,34.873809545105765],[128.39007547131376,34.87390160383077],[128.39004484564123,34.87397424556104],[128.39030183683101,34.87397308804865],[128.39051865589246,34.87378145081249],[128.3908232608833,34.87367201058507],[128.39099358072878,34.873493811652295],[128.39098849144037,34.87300853336925],[128.3906461289906,34.87241135587345],[128.3899637649357,34.872308736148625],[128.38965816910877,34.87237916742427],[128.38918944517295,34.87270388999958],[128.3887225010638,34.87291444567389],[128.38853527898237,34.873170279093266],[128.38819277927846,34.87322416824355],[128.38800750110423,34.873357779448696],[128.38779394028185,34.87339434222851],[128.3869733350575,34.87314305578069],[128.3865000017175,34.87287111289856],[128.38636194438766,34.872711945055016],[128.38621387463982,34.872682821125295],[128.38589278740824,34.872214693026855],[128.38598355263068,34.8715751248231],[128.38564555542322,34.87116722369176],[128.3849039371223,34.87100076085594],[128.38484527870418,34.8706063905522],[128.38467436339232,34.87035914476454],[128.38487833400274,34.869870557164326],[128.38478166019132,34.86968768911824],[128.3848986116201,34.86934166722346],[128.38490611113977,34.86889333486064],[128.38525342963902,34.86845530088469],[128.3857482434512,34.86822433248186],[128.38634666713202,34.868076945288756],[128.3866479016768,34.86782168682057],[128.38694944560467,34.867844723273855],[128.38708500076098,34.86774805583818],[128.38772083418957,34.86758638968372],[128.38795968141463,34.86735829709061],[128.3894668230932,34.86701482042386],[128.38967527912558,34.8670819446506],[128.3901502783268,34.86700333459398],[128.3906883343875,34.86705111198814],[128.3912661115262,34.86689444511956],[128.39161639017001,34.86694444589477],[128.39327965886375,34.86660345980732],[128.39362472344138,34.86680861246049],[128.39438555657034,34.86671833468655],[128.39464594672484,34.866770869777824],[128.39515865546136,34.867040939525914],[128.39575361063822,34.86711633726563],[128.3958118890998,34.86724103855189],[128.39626083361512,34.867250556314026],[128.39844111149614,34.86693138959659],[128.39894626112024,34.86670241316337],[128.40139617902818,34.866270472512646],[128.4024571184454,34.86594033900156],[128.40261137039445,34.866058756478814],[128.4032918395319,34.86569823972485],[128.40425166780568,34.86568444544916],[128.4051242188967,34.86544651133792],[128.405299752054,34.865616378998205],[128.4051686999431,34.86596674776073],[128.4052699113583,34.86607131302387],[128.40517236274712,34.866455642863286],[128.4058926137384,34.86650818410503],[128.40587166467924,34.86659884537844],[128.4052500703787,34.866543950968484],[128.40522580515392,34.86677452948756],[128.4048892642193,34.86676369438128],[128.40491971889537,34.867107878762006],[128.40475791939886,34.8675517962374],[128.4049013727428,34.8677158552218],[128.40579203598122,34.86779439674745],[128.4064087815041,34.867487810497295],[128.40730130282208,34.867509818763565],[128.40752523046277,34.867452410240034],[128.40774539060502,34.86752149987789],[128.40852738480035,34.867392612733774],[128.40899762449084,34.8671275260204],[128.41021836387543,34.86679331775475],[128.41047273246676,34.86665429623825],[128.4105660539464,34.86639805508361],[128.4104365257201,34.866179520073025],[128.4097155663537,34.86579561020752],[128.40912181385684,34.8655920312685],[128.40913811055785,34.865436062573025],[128.40932646584133,34.8653263236489],[128.4093852780212,34.86538666816191],[128.41008583405684,34.86501333383677],[128.41113916789436,34.864945278840935],[128.41174363984322,34.86480877510807],[128.4124530563405,34.86486611270414],[128.4129738897844,34.86473527922605],[128.4133208341161,34.86480500106297],[128.41341416695647,34.865046944954884],[128.41305083432312,34.86530416737918],[128.41248951798084,34.86591699614875],[128.41274944942845,34.86648050197374],[128.41334512758212,34.86673921604921],[128.4132260483505,34.867126376534486],[128.4135809067481,34.86734894880466],[128.4137894577806,34.86693501883602],[128.41425599503953,34.86709533698723],[128.41409086004313,34.86757971133258],[128.41502925934492,34.867634550048486],[128.41608017191294,34.867422333341615],[128.41642073297893,34.86728989539082],[128.41769969309954,34.86608624369068],[128.4192545237142,34.865450691079154],[128.41964285433986,34.865064319235785],[128.41977597342674,34.865025501280186],[128.41973864865105,34.864959585372375],[128.42041693992485,34.86360166357418],[128.4204395753058,34.863348960877545],[128.42053254860815,34.86328772886056],[128.4207323783908,34.862783398470214],[128.42067074545224,34.86226299423329],[128.42053172868103,34.861957747295584],[128.42006159460593,34.86137300076593],[128.41992908763137,34.86075307599948],[128.4197920492646,34.860622200296845],[128.41977163598065,34.860469414147126],[128.41862443962378,34.859659399472214],[128.41862563592355,34.8595872353407],[128.41802816663855,34.85948298853657],[128.4177073569071,34.85985892870341],[128.41794975262465,34.86029791980572],[128.41783272869594,34.86034545836717],[128.4175860634875,34.85992821457878],[128.41691368952624,34.85975505863728],[128.41591777058997,34.86126938105538],[128.4151561115468,34.86142694531823],[128.41492111205503,34.861436390067524],[128.41478777851447,34.861324723611325],[128.41489267878495,34.860938335317485],[128.41486299352277,34.860687971173405],[128.4142597815573,34.860138640605804],[128.4139734791678,34.85953480663783],[128.41401394308943,34.85939583343657],[128.41389666117675,34.85915855131027],[128.41253765016617,34.859131179602386],[128.412176584276,34.85921392840479],[128.41188929192143,34.85940077716415],[128.41160454035338,34.85970340664559],[128.41157540969067,34.85983977108741],[128.41084245421638,34.860015300779516],[128.41012194586463,34.86036083434999],[128.40957869664177,34.860510037135334],[128.4093050014382,34.86047639017395],[128.4088717995679,34.86066472500914],[128.40823638988698,34.86079722354781],[128.40816861110096,34.86073277939756],[128.40809472463093,34.86087972087729],[128.40767466429466,34.860778006271616],[128.40739804051356,34.86079975363564],[128.40699308349048,34.86103563273152],[128.40718787698654,34.86171419863322],[128.40706697934087,34.861729520912654],[128.4068583773371,34.86115478686366],[128.40577215566836,34.8613561431968],[128.40585892611892,34.86171624829493],[128.4057454676172,34.8617403796075],[128.40557233727174,34.86123601933176],[128.40434922528738,34.86147361636673],[128.40410499983406,34.86160213118969],[128.40404358287824,34.86172773378719],[128.4041407376755,34.86191387240525],[128.40402982608413,34.86195838021457],[128.40389622623206,34.86173502859547],[128.40378865178718,34.861728671192964],[128.4031449539811,34.8619738619093],[128.40275107142665,34.86196950889341],[128.4020261269851,34.862106829191994],[128.401534723495,34.862305000909366],[128.40085722257098,34.86233916759037],[128.40053083453466,34.8621625006439],[128.40027532589514,34.86184885621067],[128.40022506240084,34.86147927456931],[128.399657782331,34.86090788500143],[128.3993544457837,34.86034750137306],[128.3990489361553,34.8599937860705],[128.39887388770407,34.8600111723418],[128.39872981642304,34.85980927126991],[128.3981405294797,34.860080706479444],[128.39809846708425,34.86003104076581],[128.39867806849117,34.85975453118709],[128.39841448387546,34.859383366163165],[128.39834384848342,34.85938419007939],[128.3984652190098,34.85932086417862],[128.39835446016923,34.85898227356788],[128.39838304192995,34.85867170261654],[128.39700174410046,34.858244689185845],[128.39586801670467,34.85899348235299],[128.3964598838273,34.85974941848345],[128.39696260995015,34.860132930673046],[128.39738872736683,34.861023206335],[128.39725277877056,34.86159333488325],[128.39732179106872,34.86175725178543],[128.39717425902248,34.86195809885205],[128.39723686538025,34.86210723687598],[128.39684639007382,34.86271750112801],[128.39666388974666,34.86287611163445],[128.39569583484692,34.863126944879966],[128.3951779809865,34.862803071058785],[128.3949675009521,34.86276250075317],[128.39443511068635,34.86324211459897],[128.39418715444987,34.86318989869085],[128.39396576509688,34.86310298331228],[128.39390621401853,34.862959011462685],[128.3933911236537,34.86279282336987],[128.39340472317315,34.86230694546604],[128.39327638967043,34.86209333512008],[128.39333250127734,34.861936389522],[128.39313522293057,34.86171616545878],[128.39276819811542,34.86163123628151],[128.39245456086658,34.8617503022105],[128.3922268546027,34.861958321578136],[128.39195595397638,34.86235904521605],[128.39191757461538,34.86266690290834],[128.39171402907414,34.86290109344177],[128.39116423669645,34.86290177767264],[128.39082497683466,34.862787560309414],[128.39038242097035,34.86287864964827],[128.3891576180902,34.862903212654615],[128.3886372253399,34.86279859317111],[128.3883869040609,34.86265092408166],[128.3883815507964,34.862516097337625],[128.38910638513258,34.86219890412086],[128.38958111150095,34.86183527885812],[128.38963518009024,34.86168800644395],[128.38953950071982,34.86144270001268],[128.38934277566347,34.86125697562921],[128.3885013509926,34.86087743993934],[128.38830774125714,34.860675267017236],[128.38834972298787,34.86037222352032],[128.38811124101812,34.85979071396987],[128.3879193846535,34.85963694670401],[128.38785982656452,34.85971261807744],[128.3865988714239,34.85936242298462],[128.3862930567432,34.859402779092974],[128.38618055648374,34.85950416773404],[128.38614055642304,34.859754723728166],[128.38559555568247,34.86010611151294],[128.38554308149952,34.86040353885652],[128.385374722317,34.860503334392526],[128.3849783338697,34.86108333428218],[128.38470777711953,34.86129119349055],[128.38433338914248,34.861277703718564],[128.38428091795583,34.86115173257073],[128.3844838903243,34.85999750078718],[128.3844589422651,34.85940660890883],[128.38505767735842,34.85798209758409],[128.38435571622094,34.85752546306095],[128.38449518461746,34.85741281843809],[128.38507264603686,34.857858147165054],[128.385288891054,34.85686204135201],[128.38514425826108,34.85629825725252],[128.38408914250138,34.85556424402011],[128.38380662872567,34.85582930456886],[128.3839598100102,34.85593412171894],[128.383907810619,34.85599514360053],[128.38345225746934,34.8557247081858],[128.38290630581093,34.85585212059961],[128.38388171051812,34.85738827755722],[128.38368263510873,34.85746603757181],[128.38278263103987,34.855906132029965],[128.3824798431832,34.85596145495642],[128.38225586651893,34.855879754981494],[128.382213900788,34.85594542931315],[128.38182514009043,34.85580428803951],[128.38204342506108,34.855517922982855],[128.38165548198938,34.85426734177363],[128.38145728015814,34.854208062438936],[128.38077170481816,34.85438917509229],[128.3806962823531,34.854221683294945],[128.38029441564896,34.85414319024089],[128.3793532855551,34.85376402213892],[128.37918611200143,34.85340139045979],[128.37936142001843,34.85297629147706],[128.3792784708899,34.85265287388878],[128.37902101106977,34.85216000686591],[128.37852844458277,34.85150909470146],[128.37797280363208,34.851235640665614],[128.37778738885962,34.85170150126965],[128.3777225342992,34.85168482928429],[128.3778721602591,34.85125197070934],[128.3772576482829,34.85119237763112],[128.37668043945948,34.85130684207668],[128.37604721812514,34.85108549116366],[128.37534980339834,34.851057468092435],[128.37485144936232,34.85119879320391],[128.37418750940427,34.851791598795174],[128.37378694438613,34.852001111456595],[128.37336944557717,34.852502223056625],[128.37326325367667,34.85285146346758],[128.37272833444635,34.852875833906005],[128.37260611184382,34.852800834912756],[128.37238555698988,34.85288944585227],[128.37216277825985,34.85277027869999],[128.37222083390395,34.85254833444667],[128.37211555625538,34.85240305705558],[128.37121538164473,34.85185228963293],[128.3710876261575,34.85156487126421],[128.37088388991117,34.851477224138506],[128.3707094949395,34.85113243671672],[128.3705646127675,34.8510728578188],[128.37019950070126,34.85114840635264],[128.37018189339108,34.85109286043279],[128.37055509200826,34.85100630075532],[128.37057939714396,34.850550303194865],[128.37050640340595,34.85049229349069],[128.37064205854426,34.85052887588131],[128.37084853670018,34.85037744708701],[128.37080070990075,34.85026627620247],[128.37056923165878,34.85021608301388],[128.37049143405002,34.85042061842061],[128.37050746727988,34.850237912352455],[128.37000520639427,34.850183939897384],[128.3700601423929,34.84991193046769],[128.36978416707305,34.84978333395459],[128.37002861252148,34.8492722233898],[128.3703190876492,34.849101362831895],[128.37068964166934,34.84914206034388],[128.37071312030213,34.84922001364761],[128.3715771224168,34.84905463531009],[128.37208965668518,34.84906004975145],[128.3731004101007,34.84876081136329],[128.37342014977258,34.84846657056131],[128.37370762699854,34.84790923928381],[128.37380593489695,34.847856978406305],[128.37398305726543,34.847205278773835],[128.37449638944236,34.84707555677232],[128.3748080562447,34.84711750110168],[128.3757527786819,34.84680916823865],[128.37633027875913,34.84672139024337],[128.37642555513835,34.84668555698415],[128.37630701137212,34.84658362204657],[128.37666413121664,34.8462458744937],[128.37699251527843,34.8464393502122],[128.3771693626997,34.84643076727464],[128.37771073166974,34.84585025129839],[128.37777632049375,34.84504085933018],[128.37767138974664,34.8443858341724],[128.37756916780094,34.84434500110245],[128.3774877788904,34.84405027885334],[128.37734861159984,34.84400027912811],[128.37711361154214,34.843696944805295],[128.37691412035915,34.84360466190309],[128.3761622227566,34.843600835142546],[128.3758600007741,34.843501667255246],[128.3752860788042,34.84345260657848],[128.37482946476928,34.84348527728074],[128.37488602170632,34.84361708582548],[128.37454144834163,34.8438569787363],[128.37418555240134,34.84398690124697],[128.37291277864722,34.844073334324776],[128.37223194574415,34.84427166699133],[128.37197888959278,34.84419638980827],[128.3720616683037,34.8438347234743],[128.37247305607045,34.84369639001948],[128.37301777891412,34.84363333413731],[128.37327861259817,34.843385001514534],[128.37342513282474,34.84293671440233],[128.37432688152938,34.842023340554924],[128.37458505593494,34.84126504851542],[128.37473504509418,34.84119681713409],[128.37544555680321,34.84121947322554],[128.37569071561143,34.84116339269474],[128.37640529259798,34.840581827171654],[128.3763079711739,34.84041094519622],[128.37638520487593,34.84036033185389],[128.37656429256265,34.84047989135341],[128.376909809615,34.84027123812131],[128.37715981489262,34.84025265696349],[128.37803532066795,34.84076533398568],[128.37881965509922,34.841072522312935],[128.3795825556337,34.84118175032011],[128.38023786544466,34.84106185239213],[128.38129438225502,34.8414903905757],[128.3815165742839,34.84196344048134],[128.38148410840822,34.84212175359876],[128.38134178029503,34.84223234342156],[128.38130342260789,34.8426643490542],[128.381413329236,34.843404048929564],[128.38149175985666,34.843732225166264],[128.38182793551934,34.844067386080866],[128.38189568703694,34.84407681928866],[128.38211284099123,34.84363010015362],[128.3821854640241,34.84365073252619],[128.38204499760562,34.84391720524096],[128.38294718847825,34.843909993741036],[128.38294066262202,34.843713626308094],[128.38381297088472,34.84366517551064],[128.38381140725517,34.84321035071469],[128.38388835197435,34.84320809271649],[128.38393790368804,34.84396074285891],[128.38451063547242,34.84388808556104],[128.38537690540036,34.84394099752019],[128.38594456412412,34.8437324076119],[128.38592699166682,34.84348610100461],[128.38612892849605,34.843457184009296],[128.38611891262954,34.84292958097971],[128.38621284661224,34.842924722490196],[128.38623717627888,34.84362744802465],[128.38682145193818,34.84351782944522],[128.38737564500244,34.84309673118502],[128.38745676775267,34.84303152136225],[128.38740718985696,34.842975399649966],[128.38752972486344,34.84290429780599],[128.387353545808,34.842721412185064],[128.38741730252553,34.84268346753706],[128.38766526408972,34.84290011206995],[128.38818695175416,34.84255760856615],[128.38831964315276,34.84267544962308],[128.3885125511449,34.842188217506276],[128.38846653630804,34.84174991443986],[128.38771370090234,34.84165103603946],[128.38773981126627,34.84156343088353],[128.38815329964183,34.84159588093497],[128.38817779457293,34.84136283215538],[128.38856069977234,34.84140802376527],[128.3888246478276,34.84076371106166],[128.38888632920688,34.840283584207285],[128.38882223485305,34.84012008291865],[128.38836239019113,34.83997511673591],[128.38845773973915,34.8397767178077],[128.38866631594752,34.83984301683843],[128.38892520070314,34.83974708281642],[128.3889128790058,34.839016331494435],[128.38849184254252,34.83901888560007],[128.38849022328628,34.83919206116939],[128.38843623177186,34.83902162637788],[128.38769958599084,34.83906842474489],[128.38649636938777,34.83865756978674],[128.3851029311094,34.83843844784015],[128.38476623848425,34.83822287153926],[128.38396798645348,34.83816963445963],[128.38344164020015,34.83797673504814],[128.38348270806574,34.837792831771324],[128.3836838898371,34.83763000115237],[128.3834033343601,34.83601138969233],[128.3834788900972,34.83558277931916],[128.38434027869033,34.83495916789383],[128.38437500151542,34.83481139044626],[128.38471139028132,34.83456305669867],[128.38464889998312,34.83440895266214],[128.38475929852078,34.8344763413484],[128.384874379292,34.83442171419923],[128.38489055649094,34.83413750072094],[128.38510000103048,34.833986111933086],[128.38531972329403,34.83367000179634],[128.38553639011388,34.83354750075924],[128.38574833331074,34.83379722326137],[128.38570388997675,34.83409888916768],[128.38662908461188,34.83462374751213],[128.38702782898991,34.8352832934361],[128.387808334466,34.8358791673454],[128.38837694492233,34.835921945606465],[128.38886622064325,34.83569133086705],[128.38913122386757,34.835445322705525],[128.3892138898692,34.835468612489976],[128.38953861196865,34.83522416781876],[128.3897813902057,34.83514750076061],[128.39019277863588,34.83525722339523],[128.39065583465532,34.835761112169344],[128.3908819790085,34.8358083885227],[128.39112317331842,34.835710947308236],[128.39146931382146,34.8352276760269],[128.39102580736844,34.834823316300074],[128.39089707347748,34.83479018461254],[128.3909253438349,34.834726231522986],[128.3914437546187,34.83507540957902],[128.39241148304754,34.83447767225769],[128.3923040067697,34.83428578704274],[128.3923622953904,34.834269936257854],[128.39254984568072,34.834609734478676],[128.39310217747683,34.83436096349115],[128.39347454110106,34.83401039554036],[128.39382056248488,34.832980908749825],[128.39387952081233,34.83241304983525],[128.3942978709683,34.83168439743252],[128.39429099381675,34.831514522250544],[128.3924739840494,34.831071766464085],[128.39228345513777,34.83080012270574],[128.39280333513884,34.82954666779501],[128.39410277889237,34.829252500818065],[128.39437388956105,34.82940555696017],[128.39521444534222,34.82934972317943],[128.3955419452616,34.8293952793713],[128.3958305573403,34.8295425017538],[128.39595638957087,34.82978889007238],[128.39587277865675,34.830183334062106],[128.39605416690975,34.83073944533231],[128.39646116474842,34.831089090125836],[128.39708126502316,34.831369431402955],[128.3972174555339,34.83172689010092],[128.39708793458956,34.83204926983851],[128.39741569537827,34.83201045215374],[128.39731708096625,34.83161918568743],[128.39744541728243,34.831588894847044],[128.39763122624876,34.83211646090947],[128.39703625407526,34.832213670295516],[128.3968358982355,34.83310525550922],[128.39687469931044,34.833350093983476],[128.39716468554005,34.83385374415093],[128.397454164335,34.834043547453135],[128.39828963640417,34.83322750173325],[128.39858334277,34.83349887320645],[128.3986912310269,34.83364943788639],[128.39835077781376,34.83397341398853],[128.39854421776622,34.834156260989516],[128.39801656371287,34.83471005225923],[128.39826277904857,34.83503416730801],[128.3984253224071,34.834910647242104],[128.39878561909478,34.83520445814786],[128.39863944517856,34.83538000118574],[128.40168261714524,34.836021936853655],[128.40307924065695,34.83317921753209],[128.4040777294168,34.83275390312903],[128.40414089672953,34.8328824251742],[128.40452167216029,34.8327807368922],[128.4045102434747,34.83261309745156],[128.40496426886938,34.832602878308066],[128.4049646666867,34.832715292176914],[128.40550677894728,34.83295229119376],[128.40673821373605,34.833788654613485],[128.40745782758657,34.83446394067389],[128.40839437622827,34.83470322158077],[128.40907123152724,34.834666155515606],[128.4103702840092,34.83483949036853],[128.41158553414425,34.83572759761354],[128.41250197075416,34.83626433870109],[128.41313898146694,34.836521173210535],[128.41316920832602,34.83647180209983],[128.4133092551099,34.83652789047784],[128.41328567097995,34.83658021630657],[128.41486713568688,34.83721498299643],[128.41534708388124,34.83760680252369],[128.41543030577176,34.83748059798379],[128.4156842625406,34.83759381819162],[128.41556184519968,34.83778552729023],[128.416869456385,34.83883254427141],[128.41702055053872,34.838725439624035],[128.41744468049714,34.83906085267499],[128.4173004904636,34.83919169154779],[128.41800729543894,34.839758452956936],[128.41861749885473,34.83989874460549],[128.41890126571877,34.83902741349291],[128.42158098138538,34.839633502072616],[128.4219293826906,34.839456494871484],[128.42213715129475,34.83885549226009],[128.42519487481815,34.83956242527913],[128.42504749137285,34.84000203796487],[128.42522403928095,34.84004262003484],[128.42548589469163,34.84063135177051],[128.42571608111376,34.8414451414466],[128.42567310476312,34.841680864231016],[128.42545734429638,34.84187554950332],[128.42513352584123,34.8419284735499],[128.42462367940985,34.842168609998886],[128.4236018538629,34.84280535309567],[128.42448293328087,34.844290327483854],[128.42485623947115,34.844511831668186],[128.42548390836677,34.84458352176649],[128.42685487933792,34.844191046811446],[128.42663859938375,34.84343925844153],[128.42633498886266,34.843197866132634],[128.4262844505817,34.84238266395784],[128.42651867747372,34.84163642638031],[128.4275203905117,34.83956228440352],[128.42993169994955,34.83863276407296],[128.43069584575665,34.838529681007195],[128.43038121823287,34.837435310696804],[128.4306055471755,34.837392686002],[128.43068645995302,34.83767782230772],[128.4308495904686,34.837840605308884],[128.4311275831303,34.83907472835011],[128.4316860438384,34.83916858234646],[128.43187975083504,34.839497665891315],[128.43309050691934,34.83870192979929],[128.43295897671987,34.83822831779173],[128.43311226100894,34.838206869377274],[128.43322637980248,34.838558789780365],[128.4336030462265,34.838529059404244],[128.43420111160137,34.8382847237758],[128.4344608337211,34.83826944541977],[128.43516578454629,34.83839771934025],[128.4400388198938,34.840363429069825],[128.44158410319042,34.84047438884581],[128.4417967808519,34.84057433874659],[128.44175739331197,34.840675633333674],[128.4416276944533,34.84072423414618],[128.44149089519817,34.84062858128609],[128.44015944834587,34.840520592631385],[128.43997207034792,34.84072947643983],[128.43819953368376,34.84002672904505],[128.4378573072788,34.840616862347275],[128.4360865804442,34.839923530021494],[128.4351902347727,34.841478723317785],[128.43272750934764,34.84114097497009],[128.43172755674246,34.842793277931555],[128.4336143803771,34.84466365734739],[128.43496011317364,34.84374481722252],[128.44126764377515,34.84256447163176],[128.44108992074845,34.841932158711806],[128.440995299692,34.84184364886116],[128.44100404959832,34.841756121947874],[128.4411589728204,34.84169360596263],[128.44127455090955,34.84175572502949],[128.4413284532301,34.841925039585],[128.44179956166158,34.84370982686151],[128.44193416725432,34.843686667887084],[128.4419288066628,34.84346193106122],[128.44207467380102,34.84335016059567],[128.44231487706935,34.84338516145347],[128.44227194489085,34.84354333376731],[128.44345104424949,34.84321630472301],[128.44342865576425,34.84330901066571],[128.44361678854244,34.84342065004303],[128.4433911123919,34.84353666813531],[128.44332421267703,34.84381195783867],[128.44359623212645,34.84419101666524],[128.44389478187898,34.84441200585438],[128.4442366592441,34.84423169082978],[128.4446423000976,34.844220178394266],[128.44466638968234,34.844275000991345],[128.4449859371736,34.84416397448311],[128.44503993543873,34.84429676396422],[128.4448783346954,34.84438861214381],[128.44492361137344,34.84447805681025],[128.44504261251794,34.84445746290596],[128.4458357408359,34.844937842796455],[128.44602893440813,34.8448998691064],[128.44611648148225,34.84498352998204],[128.44631784992646,34.84497843673318],[128.44652388964408,34.84513027803202],[128.4466569453117,34.8451375013666],[128.44696862181064,34.84480832270433],[128.44740990658266,34.84485878483165],[128.44755274723252,34.84498562311319],[128.4477703823546,34.84503169890605],[128.44841773872773,34.84555158127083],[128.44866791551647,34.84598833141354],[128.44903750387195,34.84622092147745],[128.44947485302328,34.846322025895915],[128.4497369197803,34.846171518144494],[128.44986170793828,34.84622962365935],[128.44981378218083,34.84632797382633],[128.44996610347337,34.8463618332721],[128.44998869670704,34.84645673543922],[128.45052394009775,34.846665865218164],[128.45080196754932,34.84654265185896],[128.45083798865625,34.846652353469466],[128.45108529552778,34.84646942584238],[128.4513160044601,34.84640853965973],[128.45171995997848,34.846485430702145],[128.4519283419081,34.846606301724734],[128.45202999766147,34.846730598509254],[128.45198444547898,34.846967222826486],[128.45212416734842,34.847247501024825],[128.45210944554745,34.84756139072712],[128.45206277870759,34.847843889921926],[128.45176694574258,34.84815666779219],[128.45173111225785,34.848319723674486],[128.45206605667929,34.84897666116418],[128.45212009435062,34.84903601515336],[128.4535128805167,34.84901153788809],[128.45359622103027,34.84911949607504],[128.4521219661755,34.84910260446785],[128.45209384539137,34.84929575005907],[128.45178833451052,34.84966805611501],[128.4510495443357,34.84979082434811],[128.45100050433152,34.84994619598503],[128.4506103285167,34.85019832844005],[128.45050449212926,34.850531049234675],[128.45042735322258,34.850877882151764],[128.45042819523846,34.851839209525565],[128.45066379716255,34.85198078524296],[128.45130885839458,34.85192524096897],[128.451673510939,34.85206382227372],[128.4516500176875,34.85211468833782],[128.4512875871555,34.85198623125938],[128.4509523223323,34.85202051549401],[128.45084775774538,34.85217995512831],[128.45125342254312,34.85274094638392],[128.45134385222073,34.85275635189097],[128.45163534777944,34.85254945507033],[128.45178769830156,34.852704651262364],[128.45151992849483,34.852894542079625],[128.45156480183576,34.85302742678846],[128.45231920322655,34.85343794149503],[128.4530588290192,34.85403175931512],[128.45356952867692,34.854335256689765],[128.4539400132601,34.854731515493505],[128.45396497845636,34.85497555467578],[128.45382194502952,34.85516333397791],[128.45277632527038,34.855538573914295],[128.4527284993667,34.856178364189155],[128.45243219276924,34.85685693069237],[128.45267737386052,34.857354906707656],[128.4528821236682,34.85746809978739],[128.45296254651257,34.857713167108145],[128.45287244510862,34.858105584667285],[128.45296398350348,34.85815758831198],[128.45277269722138,34.858374829510225],[128.45288937237126,34.85902441453689],[128.45279865607463,34.85903391444253],[128.45268833733022,34.85839030122282],[128.4519603601395,34.85806731028037],[128.4517587228562,34.857823773564796],[128.45166215968868,34.85745925620364],[128.45020284878308,34.858300749689626],[128.45020314667156,34.85860012983857],[128.45067148106511,34.85869818542145],[128.45071662465025,34.85960000956657],[128.4509875007449,34.859886111464],[128.45117500071407,34.85995055721136],[128.45123000084246,34.86026889005085],[128.45083361130764,34.8605844457031],[128.4505886119849,34.86041888985658],[128.44985082396738,34.860442825713235],[128.44863123875172,34.86170669402361],[128.4485954068842,34.861972545868745],[128.4486878650209,34.86222919751069],[128.44889876529507,34.86231427317261],[128.44902794054204,34.86226554507599],[128.44901793689579,34.8621171538164],[128.4490806025689,34.862230660345354],[128.44976619107427,34.86248051342086],[128.44971388986843,34.86257589211045],[128.449192526057,34.86235404212789],[128.4486998844551,34.862501824873334],[128.44819872024485,34.862355493583536],[128.44699193003996,34.862909338466196],[128.44666880879407,34.8635613257026],[128.44658203896194,34.86393454290207],[128.44693112658462,34.864450656377095],[128.44693659419934,34.86513414103756],[128.44682234265616,34.865532419262024],[128.4469197257376,34.86575927336216],[128.44891697340435,34.86741262418642],[128.44890749039106,34.867485594194704],[128.4493203611015,34.86784501004489],[128.44982089624511,34.86808834288288],[128.4501479370612,34.86809858039299],[128.45046833142058,34.86801079064941],[128.45119442353726,34.86754948136459],[128.4511605119792,34.867322786312464],[128.45089416828594,34.86711833406406],[128.45086916719953,34.866771946068056],[128.4511255561953,34.866538890205184],[128.45128472287755,34.866554722734676],[128.45150472285673,34.866748057018455],[128.45178569018256,34.86661310760214],[128.45179861207663,34.865930278634075],[128.45162555623153,34.86573027893326],[128.4517664756319,34.865459692232996],[128.45255665199736,34.865261704084155],[128.45289164406432,34.865298580080925],[128.45299665624032,34.86544269424334],[128.45294027841203,34.86581194521993],[128.45303055648338,34.865963612198854],[128.45313916669147,34.86598833456612],[128.45325527892612,34.86540027892276],[128.45320661279106,34.86512871503599],[128.45340388999006,34.8649311126592],[128.4533872476036,34.8647884448656],[128.45358616479012,34.864646394262444],[128.45399394055764,34.864652066777815],[128.45395801598647,34.86476799699988],[128.4540874270187,34.8651353570367],[128.45403706263275,34.865375781198196],[128.45430803480286,34.86548220932828],[128.45471618881615,34.865523088598955],[128.45503347047665,34.86545124114353],[128.4551593523598,34.86528828083004],[128.45517861212429,34.86499361141124],[128.4553780554952,34.864815556186336],[128.45561000104058,34.8647050004811],[128.45593222267848,34.86467333492331],[128.4559682515223,34.86458859022313],[128.4562314892586,34.86464024307297],[128.45646168175938,34.864811075073185],[128.45646010530876,34.86531052240982],[128.45734756995714,34.865846638053895],[128.45730860901358,34.865896747708575],[128.45656992700629,34.8654538318434],[128.45644801471806,34.86558495779228],[128.45631173700974,34.86550267465506],[128.4558511304414,34.86600751671328],[128.45590996815142,34.866723376177916],[128.4556878543386,34.867109498405604],[128.45586349974965,34.867183129110956],[128.4558381388961,34.86723610435154],[128.45484245937953,34.866898116871035],[128.45410583563807,34.86772773523105],[128.45398225542257,34.86800369888355],[128.45404221793845,34.86829392583365],[128.45425407109522,34.8685380623116],[128.45462237074207,34.86871956486532],[128.45509387318927,34.86874716615196],[128.45492299024548,34.8685856667433],[128.45510505537655,34.86839168703821],[128.45532358057176,34.86852054563371],[128.4557441137577,34.86791524891902],[128.45583380365093,34.86793479921889],[128.45578866963936,34.86805660938476],[128.45673205630496,34.868342742115374],[128.4568640769164,34.86857916482112],[128.45663599299056,34.86928186182061],[128.4563928990017,34.869736095755414],[128.45593355713382,34.86979085810595],[128.4557663364859,34.869709706837554],[128.45543084761962,34.869284636255884],[128.45525442468585,34.869389609328664],[128.45514207050948,34.869533154890036],[128.4551082944814,34.869853350397115],[128.45579441690072,34.87005587360382],[128.45576223875804,34.87026274298934],[128.4551720365602,34.8702481608824],[128.4552819641837,34.87044185318215],[128.45541756401298,34.87039417060974],[128.45557984978223,34.870618158345444],[128.45522467698464,34.87078150765373],[128.4550746021699,34.87056633612245],[128.45519144508847,34.870474000098895],[128.45506421506235,34.87032292725195],[128.4533171685374,34.87138930288238],[128.45316871431018,34.87154769515256],[128.45291238206622,34.87262345233827],[128.4524222364842,34.87296121772287],[128.45189315442155,34.8737903786798],[128.45192762893078,34.87406470668412],[128.45245175009543,34.87455057361586],[128.45334832731277,34.874976449266875],[128.45386359905874,34.87499916441017],[128.45422234941987,34.87492347229913],[128.4544063981103,34.8748073929818],[128.45467703623348,34.87441486253321],[128.45431946852221,34.87429235241937],[128.45440535067985,34.87412122989577],[128.45477950711913,34.874248558127576],[128.45523741567192,34.87352968694123],[128.45489425232978,34.87323537434479],[128.45498018976403,34.87316818944965],[128.45482765500378,34.872850083242625],[128.4550193648626,34.87249180864449],[128.45566359558833,34.87250856724612],[128.4563752998006,34.8727707527515],[128.45660160959807,34.87362380029985],[128.45734069599476,34.87344672387999],[128.45737194906985,34.873518087801514],[128.45607991492062,34.87382603504703],[128.4556596492428,34.8744578779901],[128.45528923658787,34.87458077717085],[128.45522363432062,34.874698131058196],[128.45526826236366,34.87507718319949],[128.4557706077457,34.875516677023526],[128.45572878930278,34.87596545670402],[128.45603687667867,34.876490503800696],[128.45588090006603,34.87669713997648],[128.45560066269024,34.876800408542934],[128.45516222328325,34.87784722271619],[128.45556833433346,34.87803166817164],[128.45585136346992,34.8783080228436],[128.4560220085357,34.87829632481205],[128.45585615797788,34.8783396607136],[128.45578139057142,34.87844555663565],[128.4557152311039,34.87875147165407],[128.45577330793705,34.87898868731051],[128.45617595344072,34.87927681581863],[128.45646068886214,34.879804078474834],[128.45601000121005,34.8804136123335],[128.4557200002153,34.880586112566775],[128.45544673681994,34.88089998990226],[128.45503290186133,34.881058240692454],[128.45508084612186,34.88119843738525],[128.45497371031985,34.8812840414373],[128.45522409067223,34.88143665495852],[128.455520740095,34.882033332231444],[128.45775584691026,34.882662046245336],[128.45830076142076,34.88204892749047],[128.45863853584305,34.88193787430642],[128.45908133592323,34.88161779856889],[128.459857267275,34.88124654202389],[128.4598701358419,34.88106023120622],[128.4595890514473,34.88015975769213],[128.46033372068945,34.879955778219],[128.4606661861914,34.87976841925956],[128.46052920469666,34.878607216995036],[128.46020938447947,34.8786287696887],[128.45961193956876,34.87851722217091],[128.4591935914557,34.878195055657585],[128.4589520749047,34.87813318692912],[128.45829315046632,34.87816646756821],[128.4591473063595,34.87805655352468],[128.45929000135726,34.8777888896698],[128.4592755566569,34.877636111908274],[128.45968250099781,34.87741833458548],[128.46037833342652,34.8768863896804],[128.4598977893743,34.87633638994692],[128.45976750100115,34.87580277888451],[128.45983277818982,34.87567611223026],[128.460222302638,34.875426373982165],[128.4603816188814,34.87514818071016],[128.460268653877,34.87505110038533],[128.4602103940133,34.87477923250809],[128.4607567459568,34.87459030832261],[128.46093697717686,34.87434618909322],[128.4608692565198,34.87416710378533],[128.46066442929714,34.873997993709445],[128.46072986492865,34.87390436608359],[128.4603764777812,34.87345341229534],[128.4602969545489,34.87304494414205],[128.45857012605384,34.87333688123622],[128.45842267301236,34.87335253612907],[128.45837018814498,34.87329377094395],[128.46002382714508,34.872917433036264],[128.4608572920419,34.87261425655941],[128.4613803678636,34.87233957888163],[128.4615875550127,34.872135788589105],[128.46192484005132,34.87147181978553],[128.46180810683182,34.871334893002064],[128.46189871663728,34.871208384589266],[128.46203137856872,34.87126910993409],[128.46299640102842,34.87124474527688],[128.46361470509052,34.871087397376094],[128.46431505637702,34.87132000305644],[128.4646406067701,34.871345401815475],[128.4651266395392,34.871252436835555],[128.46591849388636,34.87123625849364],[128.46629686098808,34.87113175453664],[128.46719298260385,34.87171259472948],[128.46741050227033,34.87237408519322],[128.46762338022256,34.87242203165554],[128.467702392254,34.87223978502678],[128.46788563754274,34.872300948018434],[128.46779671270315,34.87253291956777],[128.46806395643293,34.87333110920958],[128.4680309354137,34.873412302227315],[128.46796139059524,34.873395450065004],[128.4677799384113,34.872612903844356],[128.46743151974874,34.872509740171104],[128.46740767149205,34.872803033438274],[128.46748938716263,34.872991848625],[128.46722315976376,34.8730627688587],[128.46719489549625,34.873787893028535],[128.468053931457,34.873813312413155],[128.46804965573432,34.87390917924193],[128.46697298869364,34.87385702189951],[128.46664698856196,34.87455614189096],[128.4668261135763,34.875476295841565],[128.46655030665949,34.87623000213698],[128.4667988594626,34.87736759770921],[128.46738062781165,34.87790891926637],[128.46756208195725,34.87867237057098],[128.4678940842922,34.87910714813736],[128.4682588089192,34.87938887626496],[128.46837930018435,34.87993804153547],[128.46832461938274,34.880322456164926],[128.46783653478735,34.88050082512644],[128.4676864363087,34.88068230028738],[128.46742296678354,34.88159422876064],[128.46770373794163,34.882072875182644],[128.46791034790593,34.88221291078608],[128.46880882337396,34.88252169731451],[128.47027567545703,34.88332670387515],[128.4706804371648,34.88373408353946],[128.47110139575778,34.884414998766516],[128.47109307513304,34.884652953288374],[128.47089106665933,34.88492343605987],[128.4697914197797,34.885502936048525],[128.46954132802173,34.88582175885772],[128.46953044525998,34.88610776630595],[128.47062082575263,34.88654742959035],[128.47226722693912,34.88662160175036],[128.47226281230516,34.886683455084636],[128.47158216849124,34.88665203589574],[128.47157381719322,34.887119400616236],[128.47147360411225,34.8871171609547],[128.47148366558454,34.886662930487084],[128.47006880423416,34.88653930312547],[128.4699914750344,34.886424494243755],[128.46949794288741,34.886162223176015],[128.46926176883736,34.886499785677486],[128.46919572900006,34.887128403419574],[128.4687117673166,34.887024847796155],[128.46856260042904,34.887285218464186],[128.46857213498808,34.88749883475481],[128.46862422784713,34.88756400688177],[128.46914340109853,34.88747015617566],[128.4693890134359,34.88797848776698],[128.46958219417837,34.88799631139552],[128.46960363643376,34.888188013760725],[128.46980528433764,34.88829308262644],[128.47031632591717,34.88758288338941],[128.47049071565914,34.88765722633695],[128.470362047839,34.88785374550073],[128.4702568371609,34.88781827052429],[128.4699501159586,34.88835744571035],[128.47022739925026,34.88863935804089],[128.47082033286782,34.88872139697015],[128.47089660048934,34.88830028086999],[128.4712131059792,34.88837903852936],[128.4714037380887,34.88864239872527],[128.4724973859206,34.8887141880605],[128.47237172811583,34.887918305841225],[128.4720437674153,34.887677736146344],[128.47208636894538,34.887630964333034],[128.472451331416,34.88791170149341],[128.47261363130096,34.888986597691286],[128.47294632011824,34.88897293073597],[128.47295747805595,34.88905044485207],[128.4732432108292,34.88921743195735],[128.47366582575833,34.88928659051687],[128.47402450493306,34.88925250768194],[128.47455485685327,34.889441233772644],[128.47489788204874,34.88946220905021],[128.47522233274105,34.8892383895938],[128.47577944836036,34.88966720624812],[128.47561285592582,34.88994234469817],[128.47530175485878,34.890188863348186],[128.4750007867077,34.8903113456841],[128.47457236263267,34.89079296263352],[128.4742288022056,34.89166838376298],[128.47420373988746,34.8923880105664],[128.47396077368685,34.893058690020666],[128.47339801607725,34.89373540556749],[128.4731637765344,34.89388274671017],[128.47288751815105,34.893368138655276],[128.47234105640388,34.89318522338007],[128.47230431465124,34.89367063532827],[128.47241377812892,34.893675027465086],[128.47240979502845,34.89374370055999],[128.4721057512424,34.89373272949572],[128.4721088156683,34.893661208025165],[128.4722191479579,34.893665589782124],[128.47225390943632,34.893179534541424],[128.47199469992026,34.893130866342254],[128.47195928656595,34.89289488400306],[128.47161598531068,34.89258133774716],[128.47138516451938,34.89253734121391],[128.47151558847767,34.892487552133524],[128.4715182079147,34.89201835986034],[128.47142950246453,34.891860928738176],[128.47120380159478,34.89175216220208],[128.47003219931065,34.89176891628916],[128.4697912612842,34.89189555957698],[128.46919132550627,34.891648846334],[128.4686215551814,34.89191090893645],[128.4682849390827,34.89180342292599],[128.46790291004325,34.89153979677062],[128.46742354919996,34.89138148446422],[128.46669433751595,34.89132553201218],[128.46625142079972,34.89145175282758],[128.46550005238268,34.8920399737476],[128.46466998054458,34.892871717941496],[128.46386238389755,34.89454467166361],[128.46445859026252,34.894887464312376],[128.46490925775458,34.89496561625561],[128.4653045389977,34.89432918950201],[128.46549099390253,34.894097516895755],[128.46554726154187,34.89413125756685],[128.4650573794122,34.89483879258495],[128.46573391425065,34.895882368102484],[128.46576777169014,34.89607713823702],[128.4656858336713,34.896541225675165],[128.46550317673308,34.89652399323724],[128.4653160013029,34.897254102566336],[128.46541517183496,34.89757680509312],[128.46503501823295,34.89836807066431],[128.46507603981502,34.898777117106945],[128.46462305421142,34.899196494660345],[128.46414972266234,34.89946805695844],[128.46399972216443,34.89952389069596],[128.46390388952324,34.89947527917689],[128.4637710449104,34.899215397167744],[128.46377472310525,34.89894611237239],[128.4634245994464,34.898967885552],[128.46298815623229,34.89922121673991],[128.4628773694197,34.89946788118671],[128.4630379210243,34.89953493387029],[128.4629846453488,34.899702705233864],[128.46314224576807,34.899886105055714],[128.4630557285969,34.90001817947958],[128.46271622989684,34.899885676854495],[128.46248817652364,34.90007602980469],[128.4622534720706,34.90011935539865],[128.46110622210665,34.89988792134576],[128.46055403871463,34.89959923829795],[128.4601442047864,34.89982072139244],[128.46005475137326,34.89968989306031],[128.4593173630496,34.90010222580289],[128.4592591833927,34.90004076784266],[128.46039648686258,34.899427744525525],[128.4602156288181,34.89914980776578],[128.45998062972853,34.89920183735048],[128.45967646631712,34.89868485958524],[128.45940955068264,34.89841299328442],[128.4593103127672,34.89818036940242],[128.45930509528702,34.897809498106064],[128.4595004273609,34.89780430158964],[128.45938755782618,34.897514863671574],[128.459189383148,34.897650263083555],[128.45899378171367,34.897663705606256],[128.45876839964902,34.89766138540441],[128.45875062522163,34.89751724844136],[128.45854173428063,34.897541637290146],[128.45853887095055,34.89769290550304],[128.45825622577107,34.89789591380208],[128.45805492910384,34.89847644795565],[128.4580568989151,34.89880619874191],[128.4578862558378,34.89888409034279],[128.45804957071115,34.89898878802862],[128.4580039584192,34.89914900725111],[128.45772625230188,34.89956201012012],[128.45723433579866,34.89970098848992],[128.45717827378422,34.89959822870371],[128.45606719593292,34.899719956068054],[128.45539056826897,34.90016515875149],[128.45603187286574,34.90092025554586],[128.45597910526635,34.90095315940922],[128.45527851706157,34.9002156717258],[128.45450257153507,34.90059235326034],[128.45484754599937,34.900944526197854],[128.45479368152212,34.90097915864063],[128.45435444623703,34.9005462233045],[128.4541827987622,34.90055379194269],[128.45392219590474,34.90070189568357],[128.45379912072767,34.90094110203023],[128.45381698577276,34.90119257287766],[128.45426575897682,34.901702493097794],[128.45437523024052,34.90173716380111],[128.45464867098113,34.90138989650163],[128.4547084000069,34.90142003334657],[128.45448446394087,34.901713458326235],[128.4544961742466,34.90180598062613],[128.45500619675167,34.90195873903575],[128.45524566674024,34.90137209211486],[128.4552856016688,34.90131034798239],[128.455364946273,34.901334030940674],[128.4550985775215,34.90192002744069],[128.4560148384066,34.902686329954804],[128.4562750762094,34.90279203753394],[128.4563555047591,34.90267645135027],[128.45682812416004,34.90259935976868],[128.4569784821377,34.90286448388194],[128.45723914852377,34.90305582636401],[128.45727511163776,34.903214290887156],[128.45796305684442,34.90369194586561],[128.45830833418307,34.90375472344153],[128.45889231762678,34.9036972686582],[128.4593788899775,34.90384666781516],[128.4597188897115,34.903816945486675],[128.45998222381596,34.90398277846114],[128.46045583472772,34.904861112352435],[128.46020944530642,34.90516194510043],[128.45952555650516,34.90533416727612],[128.45922583457994,34.90551833422765],[128.45809138904775,34.9055627789509],[128.45763916791228,34.90549472274563],[128.45743723309906,34.905554651100516],[128.4571926367118,34.90617003214015],[128.4568201152882,34.90620965277433],[128.4568906204956,34.906766525716186],[128.45723892954376,34.90667356710076],[128.45727203905378,34.906801888950746],[128.45694643062478,34.90690603502313],[128.45684000043192,34.907781389715446],[128.45569130317335,34.908311982703424],[128.45441426240455,34.9090967733734],[128.4530880053919,34.909763667896456],[128.45302641313395,34.909859210545605],[128.45314756107072,34.91001376281653],[128.45252463934736,34.91017947762302],[128.45232890738598,34.91032533460968],[128.45211791448432,34.91078641846484],[128.45225304415354,34.91099085489313],[128.45234732878302,34.911670677480245],[128.45289795289193,34.91211997544379],[128.4529392697395,34.91251348217777],[128.45339944547356,34.91311472330453],[128.4535665888104,34.913211505656676],[128.4534178664423,34.91321289712651],[128.45304500177713,34.91341666789019],[128.45267152829285,34.91388141264548],[128.45267569700763,34.91407546389829],[128.45316077920037,34.914422334558836],[128.4531226775003,34.91457145762127],[128.45290849161805,34.91463430424271],[128.45290035544843,34.91470842667474],[128.4529928651447,34.914699826539625],[128.4529222646641,34.91476574992105],[128.45255967549815,34.91470688310872],[128.45232769520888,34.91475744980047],[128.45139029409165,34.915256812628925],[128.45147055488408,34.915166339278734],[128.45052593248724,34.91514225949696],[128.4503825006759,34.9149230566531],[128.44941023379084,34.9150000239259],[128.44920464390674,34.91478703477503],[128.4487103001812,34.91474759855414],[128.44859000105575,34.91451972329369],[128.4477966676949,34.91399944522186],[128.44704638915857,34.91388472301574],[128.4468572228569,34.9137886118206],[128.44575944542396,34.91383889016556],[128.4451697225909,34.91375916728037],[128.44396166726773,34.91417472396715],[128.44342111219817,34.91362027818884],[128.44314416758291,34.913591112317214],[128.4428077790257,34.9133794455322],[128.44233666711796,34.91326889038228],[128.44145055598577,34.91337000133848],[128.44087666770145,34.913275556846024],[128.44038805625905,34.913283056768975],[128.4397772232031,34.91286277874766],[128.438607500641,34.91237805626562],[128.43827222348756,34.91208444553301],[128.43825611147292,34.91198055708693],[128.43919527865785,34.91155444561131],[128.43952333430423,34.911248056988875],[128.439858056038,34.91116333416889],[128.44003472369187,34.91101888983647],[128.44020833518428,34.91101083437772],[128.44043194556335,34.91111722337196],[128.4406747231504,34.911040000626116],[128.44078805619785,34.91060861202338],[128.44103611161518,34.9104161121138],[128.44119500131146,34.9104666680259],[128.4413341677696,34.91094333499973],[128.44142228428439,34.91088931235006],[128.4414497801184,34.91096426720927],[128.4419832963498,34.91097222572677],[128.4423204185776,34.91087431881453],[128.44300489284987,34.910378859575],[128.44269484714098,34.91000298931132],[128.44307094282746,34.910332358652106],[128.44334420548742,34.91014291093785],[128.44345486189778,34.90990963035035],[128.4431313845216,34.90976524374053],[128.4430002028464,34.909615972893306],[128.4430758843757,34.90953324927284],[128.44352169171634,34.90980476954309],[128.44363689192892,34.90964867818752],[128.44385664164008,34.90919390219692],[128.44350353978137,34.90914615350033],[128.4434472627512,34.90906847482999],[128.44386671637076,34.90915296272894],[128.44402096014232,34.90847460723729],[128.4446243772296,34.908055704696984],[128.44506287644597,34.9072524461267],[128.4456343045544,34.906551634333674],[128.44611916802032,34.9057325007274],[128.44602527852274,34.90514055660541],[128.44607277837403,34.90484611217434],[128.44618888929094,34.904687501808176],[128.44651277853407,34.90462527895705],[128.4467536118613,34.90474166756529],[128.44734361179013,34.90485083396873],[128.44752944550604,34.905039723840325],[128.44810138981737,34.90532222336477],[128.44840722339043,34.90562222277182],[128.44903939508373,34.905611022639654],[128.4493480566015,34.90548333480899],[128.45002444481858,34.90499250092997],[128.4504688890855,34.90439555661974],[128.4504402788034,34.90390361247419],[128.45073685859964,34.903855179921685],[128.4509848052019,34.903272039447536],[128.4514261770484,34.90287356696179],[128.4514189654111,34.902483185178085],[128.45122993665194,34.90223398161104],[128.4505194452809,34.90206666797609],[128.4499198765459,34.90207211579611],[128.44893166708698,34.902247500575086],[128.44835457642807,34.90219890569691],[128.44819998338198,34.90209786996067],[128.44808875289357,34.90185072349294],[128.44766369754697,34.901592139688326],[128.44691419042826,34.901243917354066],[128.44644635337994,34.901110776520404],[128.4457450007148,34.900606667311024],[128.44514944525332,34.90039388913266],[128.44484527821888,34.90015111171661],[128.4446800016072,34.90019194574117],[128.4442791676001,34.90000638999125],[128.44398254096996,34.899510503091534],[128.44426750180682,34.89933888945242],[128.44443722375806,34.899107223654504],[128.44434237915712,34.89873408729254],[128.44381901202468,34.898342377422004],[128.4432894452861,34.89818805601738],[128.4428558340444,34.89791055735659],[128.44240079659644,34.89773340849995],[128.4423308822793,34.89763114131783],[128.44237555633848,34.897285278664235],[128.44206947190258,34.896718621139904],[128.4422862014454,34.89655684125447],[128.44291403043437,34.89639187789372],[128.44351329824826,34.89634718671777],[128.44395334505055,34.89613842469197],[128.4446208100072,34.89623146408129],[128.44460746534543,34.89550386778163],[128.4444941975538,34.89500346364964],[128.44431712157237,34.894838548441804],[128.44346111217567,34.894873890310905],[128.44318416795917,34.89480611238847],[128.44226777893763,34.89478805659912],[128.44168500126165,34.89467555717556],[128.44132500074238,34.89447416714146],[128.44120752456854,34.89415462721915],[128.4409526022609,34.893895030706055],[128.44047527872894,34.89364166773876],[128.44001753745547,34.893235309363924],[128.43956278024314,34.89307381105698],[128.43911055688037,34.89308527881141],[128.4388896997179,34.892918681136116],[128.43905527867398,34.892632500668576],[128.43935902359627,34.89250856152524],[128.4391411609231,34.89220966903439],[128.43920150818482,34.89217626210093],[128.43945360496963,34.89247182405721],[128.43970048355203,34.89239346807208],[128.43996652459435,34.892181295449184],[128.44086827111556,34.89208830488429],[128.44197487604654,34.89223170971277],[128.4423729106233,34.89248708469305],[128.44247904556457,34.892289691855126],[128.4425481796226,34.89231014867661],[128.44245650500855,34.892486749462414],[128.44260555990562,34.892596271384605],[128.44380068865308,34.892971493446424],[128.4439706016105,34.8925125109147],[128.44386581428887,34.89218312741416],[128.44401802154297,34.89212153393914],[128.44386112875193,34.89195967129436],[128.44338707788418,34.89179477259525],[128.4431705273299,34.891797349394245],[128.44313414895439,34.89194327259141],[128.44234643021736,34.891843603321945],[128.44231269756594,34.89175854610312],[128.441470579245,34.89140892817038],[128.4413415927028,34.89141389921607],[128.4411539444063,34.89124490414305],[128.44110796239542,34.89107670382762],[128.44139302665562,34.89075976890702],[128.44168822394315,34.89063236988129],[128.44156363742758,34.89045495263473],[128.44189942911774,34.89035309721627],[128.4419667172039,34.89053221334745],[128.44226270812533,34.89044351393034],[128.4426743920588,34.89047629508445],[128.44270868223362,34.890143906601885],[128.4427921680037,34.8901459588496],[128.44275415688224,34.89052601487019],[128.44296674893462,34.89064525015345],[128.4434327656335,34.89046949706049],[128.44389381909056,34.88997823539197],[128.4438288460874,34.88993900299649],[128.44430434923865,34.88955741714116],[128.4445796080053,34.889750281282744],[128.44495497174728,34.88952239696095],[128.44483353048702,34.889309696950946],[128.44549732278688,34.888882500985765],[128.44570130454295,34.88900883639937],[128.4455312276119,34.888490960218796],[128.4453022614472,34.888346556298146],[128.44504358327183,34.8883276793573],[128.44472980907952,34.888424410126966],[128.4434665603068,34.888524581651296],[128.44330656521774,34.88869904880863],[128.44310301491657,34.88873324066786],[128.44303671816795,34.8885069756064],[128.4426958055118,34.8885819431228],[128.44278192376186,34.889171332525045],[128.44271092434687,34.88918259558147],[128.44262952065264,34.88880511661895],[128.44217040228517,34.888977966422814],[128.4421001155013,34.888824445420234],[128.44167565840482,34.88888069315475],[128.44129741929112,34.888746204448935],[128.4409709645298,34.88844414143358],[128.44072404831238,34.888497224165796],[128.44023154565875,34.888837390899106],[128.43933751067084,34.88900047871907],[128.43869175832435,34.88897104038891],[128.43845901310996,34.889025676384044],[128.4379791672399,34.889363056439905],[128.43724000093087,34.889499445788054],[128.43691138994336,34.88965083475197],[128.43673861112373,34.889913056068934],[128.43644472302577,34.88993611232206],[128.43626305726178,34.88979166775124],[128.43632611272952,34.88961166792225],[128.4362755567255,34.88951750041772],[128.43601166715018,34.889350279226775],[128.43619523705647,34.88907172412492],[128.4360450755332,34.88895305203554],[128.43605390348463,34.8886915622661],[128.43637240197017,34.88823317949631],[128.43630346075284,34.887426709123524],[128.43602966104854,34.88690129229874],[128.4356810135645,34.88696842409873],[128.43563660199942,34.88682151521643],[128.43598030820124,34.88676018448011],[128.43585957997843,34.88640644804012],[128.4355613280953,34.88607114738451],[128.43542526823853,34.88633480032673],[128.43474601442838,34.88646205232155],[128.43470493821852,34.88681377535036],[128.43447845680822,34.88682365191886],[128.43456356080117,34.887102008502964],[128.4350525424465,34.88708641582107],[128.4350526432597,34.887146992533445],[128.43468386918389,34.887142020646394],[128.43461137903907,34.88769052383631],[128.43402332837346,34.887705799377564],[128.43338027885528,34.88809750134441],[128.43318277769433,34.88840194570693],[128.43254694525388,34.88838111182303],[128.43185361245983,34.888134168385925],[128.43161444501982,34.88795472355369],[128.43145750046097,34.8875483338055],[128.43107722328926,34.88728638958975],[128.43104555632718,34.887110556089326],[128.4307488895045,34.88676750094016],[128.4309977786864,34.88637277804281],[128.43103750079234,34.88596277842897],[128.4308080561485,34.885351945051745],[128.43095389041042,34.88478916781843],[128.4307150007889,34.884220556443715],[128.4307244450526,34.8839755571728],[128.4308772238513,34.883641667142896],[128.43109975948803,34.883500208018084],[128.43134666749899,34.88399444563104],[128.43168861218717,34.88423888941482],[128.43228305633053,34.88436000111497],[128.43278722221248,34.88432555627167],[128.43350638933168,34.88481888963962],[128.43380862627728,34.88483348729551],[128.43409774445826,34.88474399041461],[128.43451388915025,34.884395278367435],[128.43438888988996,34.88355111245465],[128.43446861177932,34.88325027840858],[128.43442332729114,34.88290406946063],[128.43429050902668,34.88276572500167],[128.4339666151401,34.882720540809196],[128.4340524074966,34.882560208718346],[128.433827809705,34.8826170770706],[128.43398171545246,34.88240926472586],[128.43403459088,34.882063604366444],[128.43431762879806,34.88174433777782],[128.4344910224996,34.88139994297399],[128.43451416750264,34.88114500121135],[128.43433777828372,34.88088666795109],[128.4334522658721,34.88053358762644],[128.4332851039881,34.88054090263936],[128.43300639472432,34.880270702605515],[128.43304639523836,34.88014511961448],[128.4329742620665,34.88003961737958],[128.4328793185618,34.88009280174534],[128.4328023237063,34.879998409837114],[128.43198861836976,34.880568512566825],[128.43217301410763,34.88074024081311],[128.43202919589302,34.8808373875278],[128.4318550540613,34.88067184291512],[128.4315826762284,34.880867038349884],[128.43153851186614,34.88082496165229],[128.43229786581506,34.88028536914198],[128.43194969159867,34.879717100028465],[128.43176625930707,34.87897149194234],[128.43259902243764,34.87872849599467],[128.43261444573224,34.87830861143792],[128.4328055563586,34.87803583374886],[128.43264166771746,34.87735305664331],[128.4319458342499,34.87703083442899],[128.43161529426888,34.87696996415972],[128.43135381490993,34.87673484291402],[128.4312541893945,34.876508096469124],[128.43020666777468,34.87623888977407],[128.42975888967115,34.87670666798544],[128.42951694624895,34.876744167563125],[128.42896944493344,34.87728527850211],[128.42870972332065,34.87733611262483],[128.42837111185364,34.877189445924266],[128.42818055562086,34.87699194514422],[128.4279963903073,34.87658250070201],[128.42773222322833,34.87639666843499],[128.42773527878234,34.87614527948462],[128.42736694467362,34.875842779396194],[128.42669805633608,34.874679168327404],[128.42629722288865,34.87445027843326],[128.42598444597678,34.87412444513883],[128.42541238543222,34.87397197328958],[128.4250706192012,34.87347844948507],[128.42451901192115,34.873490054682144],[128.42439229149434,34.87354181492073],[128.42444342836416,34.873635939199296],[128.4240929110619,34.873772007319516],[128.42399222361362,34.873627187747125],[128.4244747979506,34.87341472017629],[128.42514107261488,34.873388466197774],[128.42508576790533,34.87303398637314],[128.42500701859112,34.87290503603044],[128.42473925622676,34.872777242953624],[128.42344665287035,34.87234189982939],[128.42346592381205,34.87200983039362],[128.42277084654916,34.87208529150289],[128.42211641909896,34.87229373115535],[128.42149529514143,34.87281431571253],[128.42122993420503,34.87319228535269],[128.42103281186212,34.87385125518228],[128.42146992194657,34.87405622106166],[128.42166641248556,34.875019577023544],[128.42177618326713,34.875063610902096],[128.42346336885782,34.88313226611812],[128.42350291382954,34.88378098455266],[128.42327370348906,34.8843416733227],[128.41947371898576,34.88925874925526],[128.42026507479693,34.889715135733965],[128.42021406609,34.88980201938787],[128.41940562298797,34.889368071288565],[128.4192865274919,34.8893673281854],[128.41880879228236,34.889982584170625],[128.41890457088977,34.890271768581755],[128.41908164192867,34.89027578879456],[128.41908439806343,34.89070869274918],[128.41898648446482,34.89084879025871],[128.41885078940052,34.89083515230762],[128.4183153377117,34.8916079032566],[128.41864115560034,34.891721949835826],[128.4187599907536,34.89165083835734],[128.4189419495088,34.89121373830918],[128.41925364524337,34.89129166703217],[128.4191619153265,34.891508869961655],[128.4192581092228,34.89153059805353],[128.4190382009833,34.89208635694272],[128.4184255201778,34.89192357267052],[128.4180735675087,34.89226592283895],[128.4182311765946,34.892471240592414],[128.4184659845381,34.892365113244885],[128.41891999734978,34.893205827595146],[128.41871120984098,34.89329451106035],[128.41981035407213,34.89508485186144],[128.42002161356552,34.895879413322724],[128.42000429363142,34.896165290195704],[128.41974614780602,34.89661661017662],[128.4189261299355,34.89679433397516],[128.419134859247,34.89711503372682],[128.4198970079591,34.897096868338295],[128.4203660383648,34.89735170067619],[128.4208487373709,34.897963098877455],[128.4216177565489,34.8986088907959],[128.42182771944795,34.89899964980269],[128.4217800848402,34.899351735400145],[128.42194411233274,34.89939684592926],[128.42189742777447,34.89949259193884],[128.4224608522726,34.89970424069391],[128.4224318219087,34.899753950033066],[128.42178074182894,34.89950741301442],[128.42128710746366,34.89984466900265],[128.4211122739602,34.90011778560024],[128.42114446060958,34.90051524186126],[128.42176153223772,34.90125137647363],[128.42198847721684,34.90123187680428],[128.42206352144584,34.901443519654684],[128.42213792126634,34.90145139526925],[128.42291510432742,34.90130882539366],[128.42293507474392,34.90137231700745],[128.42204129696188,34.90154012882206],[128.42195974622533,34.90165639373078],[128.4220412580978,34.901986406545724],[128.42244704203512,34.90203938539249],[128.42251660834336,34.90180428353869],[128.42300408088659,34.90191096806287],[128.42404371562645,34.901860215847535],[128.42416745037525,34.901906305933466],[128.4241253102943,34.9022785335891],[128.42487027813218,34.90265305716334],[128.425286945117,34.90265750068009],[128.4254552579467,34.9027316343085],[128.42546861577028,34.90286901297595],[128.42525853306034,34.90313599434938],[128.42528611147313,34.90345472371079],[128.42559393462673,34.90364385857327],[128.42568638923018,34.903891390027965],[128.4254166672095,34.90425777855862],[128.42547833449575,34.90449194577263],[128.42528916769209,34.90470972257384],[128.42474666749948,34.90493972379037],[128.42424361077462,34.90498888979263],[128.42379111175507,34.904790278721066],[128.42360456250864,34.90480230888599],[128.4235777776001,34.90471305664777],[128.42329805634313,34.904581112869735],[128.42287722265527,34.90416805654549],[128.42252767196277,34.90352639066141],[128.42249995154242,34.903579226228096],[128.42203545469056,34.90354301507366],[128.42158505234787,34.90363031718021],[128.42118468919193,34.90386129410199],[128.42083257971117,34.90420184787266],[128.42078198237505,34.90435032125333],[128.42083999311254,34.904645103243354],[128.4205677789321,34.905122223770356],[128.4206863891393,34.90551694581244],[128.41996083419696,34.90576750096376],[128.41976777858892,34.905900001617134],[128.4186683013796,34.90777385433411],[128.4181444095859,34.90801729071504],[128.41774249735357,34.90926169754164],[128.41770252086647,34.910153667139085],[128.4177743826072,34.910283060102444],[128.41812832473823,34.91028164624705],[128.41821049723123,34.9105788211093],[128.4191267066335,34.91048583416922],[128.41945068147137,34.91080807097845],[128.4193809634405,34.91085346428071],[128.41909673909058,34.91056667883825],[128.41829761442807,34.91061566615583],[128.41812500414875,34.91071016193608],[128.41823338133617,34.91135314655879],[128.41838669484616,34.91158776718042],[128.41886441084816,34.91200228572495],[128.41913277390788,34.91211950289472],[128.4191787433952,34.912068595026795],[128.4192023706556,34.9121424671025],[128.41936244781544,34.912186507911876],[128.41971247736126,34.91207275243684],[128.41967178887214,34.91179614312786],[128.419986615988,34.911751871768516],[128.41988185952732,34.91117185720704],[128.41996103991409,34.911160637393515],[128.42009801796996,34.91192627430483],[128.4203792872774,34.91183841363139],[128.42073775567493,34.91197100705399],[128.4211718184445,34.91241411143888],[128.42138460396276,34.91232062505867],[128.4215521660751,34.91238203910497],[128.42159981173023,34.91253832578787],[128.4214874051486,34.9126629712801],[128.42133948944974,34.9126514246154],[128.42131707283195,34.91257714524064],[128.42103673152064,34.91268422384851],[128.42078638847724,34.912589445261446],[128.42060666670776,34.9126088908449],[128.42046055532273,34.91273277900649],[128.42044706807192,34.91288654901309],[128.42066849135256,34.91337443342966],[128.42062577051794,34.91361196715081],[128.42190331155265,34.91437776058285],[128.42330812964033,34.91480969667362],[128.42339253351716,34.91470375472438],[128.42361812851513,34.91464383808268],[128.42402609367264,34.91472920754402],[128.42441638787992,34.9149292802895],[128.42450490901473,34.9150853070532],[128.4244582819743,34.91523753780489],[128.42429757822921,34.91536696896148],[128.42441947884615,34.91559844272669],[128.42501352679994,34.91608720214649],[128.42516372685418,34.91594662637003],[128.42528833089605,34.91604997908931],[128.42515889494229,34.91619130766366],[128.42538955446577,34.91633951384743],[128.4254956348611,34.91612671709436],[128.42567026017232,34.91616690286232],[128.4255371864074,34.91640735359154],[128.42698459497984,34.91654912975584],[128.42701754178728,34.91645054002124],[128.4270967479214,34.91647123606715],[128.4274551148232,34.91621993176466],[128.42725193641647,34.91572566770818],[128.4270293163275,34.91576969098564],[128.42644433866178,34.91567533418782],[128.42646224622365,34.91559880430238],[128.4270372034781,34.91568604447919],[128.42723642527835,34.91565389859228],[128.4272508947792,34.91543506352123],[128.42760111194968,34.91495857419594],[128.42785851090764,34.91503379502371],[128.42808627234956,34.91466192215344],[128.42823055679474,34.9145877793215],[128.42820101869023,34.914308871629906],[128.42843611140418,34.91411776315466],[128.42860860462042,34.91415075180726],[128.42898269107675,34.91498464861546],[128.42863877412387,34.9156250021513],[128.42837303908055,34.915813087215334],[128.42824861249815,34.916019445855675],[128.42830035831315,34.916205076268945],[128.4281261122968,34.91674083418782],[128.4292252956803,34.91734854051213],[128.4295984462911,34.91775482343482],[128.42963683826494,34.91812217519965],[128.4294233727016,34.919118096843135],[128.4297820252392,34.920170457661236],[128.4296842305861,34.92021871098392],[128.4298269873324,34.92054697175207],[128.42982225398995,34.921228628512075],[128.4300040608392,34.92200337167281],[128.42935055528247,34.923003387602314],[128.42918142328816,34.923509730443975],[128.42932017330318,34.92411332642858],[128.42966674730906,34.92417172840704],[128.4296068160104,34.92449698800622],[128.4292758294748,34.92457266246511],[128.42891968536293,34.92517996262187],[128.42946093689528,34.92562350362985],[128.42941059994962,34.92567380216747],[128.42892750618753,34.92528064142722],[128.4287886431407,34.925298838290544],[128.4284703879821,34.92583238121975],[128.42855144617891,34.926272975850246],[128.42915736274378,34.92599121810193],[128.42940514976803,34.92634999947766],[128.42885813512518,34.92654228556075],[128.42911104665808,34.927173394594675],[128.4289758341206,34.9273059227287],[128.4287142654464,34.92728770147811],[128.42862874133192,34.92738440844672],[128.42849164610826,34.92785535370393],[128.42835419894826,34.92801411465169],[128.4284216286112,34.92836060770076],[128.42886601983923,34.92863132567395],[128.429333333877,34.929048334682555],[128.43024805673662,34.929046668022735],[128.4309725012373,34.929175278643875],[128.4315038900258,34.92946583503993],[128.43174277791448,34.929734168243186],[128.43319400703575,34.93025350780852],[128.43380244459402,34.93018777335391],[128.4344209698997,34.93030398705607],[128.43499176862665,34.930610903848105],[128.4354223045229,34.93094680955173],[128.43549957477896,34.931319443381454],[128.4359767696911,34.931519741679374],[128.43579475721938,34.93158372443856],[128.43580136178247,34.93170241017575],[128.43560990243046,34.93159441325525],[128.435247223012,34.931605556493295],[128.43467142521237,34.931449362881814],[128.43442179233546,34.93162031008189],[128.43426778410438,34.931868066038504],[128.4341139542091,34.931753029855656],[128.43315590527496,34.93204906120914],[128.43291697600586,34.93237611600234],[128.43312014113548,34.93251867466897],[128.4329237538653,34.93291700860668],[128.43305202867336,34.93350949466329],[128.4329503671537,34.93449590395312],[128.43279115987497,34.93425096258381],[128.43160533779212,34.93428186599316],[128.4308553357928,34.934914195200456],[128.43051903239686,34.93505328905277],[128.42953350670945,34.93475256066815],[128.42833576371794,34.93526603262607],[128.4279963090393,34.93570096488986],[128.42762467503647,34.93646274043029],[128.42754096693008,34.93676155789748],[128.42758584961265,34.93705734842165],[128.42768309666198,34.93723660750082],[128.42836793293404,34.93730090335387],[128.4285433488865,34.93672823138544],[128.4286002844323,34.93674066182507],[128.42846328245253,34.9372112558928],[128.42858595422214,34.93726814058556],[128.42853217341622,34.93737854795116],[128.42889057253697,34.93765619279391],[128.42894669776052,34.93808989931678],[128.42920750565509,34.938408264088736],[128.4292131605039,34.93863554247022],[128.42887700110737,34.938796955326026],[128.42835906543013,34.938629047284245],[128.4280408654208,34.93863530363345],[128.427645237522,34.93883457131682],[128.42750943256982,34.938967609030115],[128.4275121454642,34.94000834901339],[128.4273902624951,34.9399888575794],[128.42739420235696,34.93898936971973],[128.42704221216283,34.93887681932734],[128.4262903739294,34.939213877837645],[128.42637582298497,34.93932398898406],[128.4258387685452,34.93955559610454],[128.42580874471096,34.93984626735494],[128.42615193025327,34.94044724942092],[128.4260669811641,34.94047704579545],[128.42574452418938,34.93988555384617],[128.42578735433472,34.9392707096037],[128.4253895135313,34.93925435496057],[128.42501012368618,34.93971347032758],[128.42470749491395,34.940445582434634],[128.42492048353404,34.94056018443844],[128.42489812155253,34.94085194138134],[128.42526418680515,34.94153792649542],[128.4256007630398,34.941419096525806],[128.42530017946186,34.941579620723886],[128.4254585520232,34.941881925130154],[128.42533111186668,34.94193975882616],[128.42556724234365,34.94237728927942],[128.42597770141677,34.94284922260052],[128.42635047037152,34.94304673811431],[128.426885591991,34.9430140033351],[128.4273625623234,34.9428206166594],[128.42739519364991,34.94237194178648],[128.42752591365175,34.94236699784583],[128.42752203051722,34.94271774737053],[128.42775104270834,34.94267297334494],[128.42779013739525,34.94272547267931],[128.42769783889213,34.9427987419447],[128.42791050870198,34.94313851012807],[128.42787403618968,34.94335310934414],[128.42803559868858,34.94358477370542],[128.42889300216356,34.9437523749698],[128.42955467863433,34.94448785370122],[128.43006717833643,34.94476067942525],[128.43018654114653,34.945176890701305],[128.4300540457942,34.945605861836256],[128.43010907228538,34.945892013286965],[128.4292111448903,34.9461122339983],[128.42972583987563,34.94655717273325],[128.42951683007752,34.946925133880335],[128.43097560985547,34.94695037124077],[128.431179511519,34.946866805804774],[128.43136875308102,34.94688486703575],[128.43151916536422,34.94703189266227],[128.43248050392538,34.947047611971115],[128.43309938628894,34.94720939898301],[128.43331150081738,34.94712573352884],[128.43346062153063,34.94719837281405],[128.43352985362017,34.94740046141585],[128.43492614589897,34.947864184152166],[128.43521170080533,34.947752593106415],[128.43536903771525,34.94782513249308],[128.43538888137752,34.94802104124695],[128.43647169648295,34.948407287068434],[128.43686023933455,34.948078041331875],[128.43754613790105,34.94831341187535],[128.43750767207484,34.948462665854095],[128.43722796976354,34.94843892184829],[128.43694305183297,34.949057774167265],[128.4371501407075,34.949156776727996],[128.43707061030335,34.94930651600291],[128.43659285423598,34.949231006388175],[128.43644969873583,34.94902979258901],[128.43650435677299,34.948866821721616],[128.43639322553773,34.94861788498645],[128.4352694634167,34.948238885238666],[128.43508281190216,34.94836959868254],[128.43485965561712,34.948291072320345],[128.4348311294442,34.94806821235695],[128.43343424616066,34.9475706780643],[128.43318975101113,34.94768177998314],[128.43304051141544,34.9476023784605],[128.4329633033905,34.947413910763],[128.4324509463959,34.94723733967488],[128.431498054102,34.947235046773976],[128.4312873478503,34.94739985584858],[128.43116415887664,34.94740130703966],[128.43099755697702,34.94726799926184],[128.42928124687086,34.94729497334235],[128.4292452306726,34.94758622917165],[128.42950228634777,34.947725238540315],[128.42953175471098,34.94942254109276],[128.4291390673037,34.94951508906751],[128.42914059939903,34.95054989294144],[128.4298229758822,34.95058244283065],[128.43007604866824,34.950491537073844],[128.43034860145656,34.95057625288152],[128.4312435729465,34.95055218171649],[128.43278307623606,34.949330119373556],[128.43288327691937,34.9494236272537],[128.43132019295805,34.95070683989467],[128.42911889635448,34.95071923696644],[128.42911204384498,34.95137795002547],[128.4292194163871,34.95137897984384],[128.42921467406384,34.95201217001237],[128.4291025144576,34.95201441395487],[128.4290904002786,34.953849373929614],[128.4289879655392,34.95387285260436],[128.4289844674924,34.95405591565806],[128.42899954719945,34.95468299815265],[128.42908803248534,34.95485113220522],[128.42907710393717,34.95695508837878],[128.4313252719466,34.95696563689505],[128.43132529685522,34.95714471166039],[128.43176457339854,34.957545446960474],[128.4316390146109,34.9576410752112],[128.43174309744583,34.95773809055957],[128.4319209848162,34.957816941761756],[128.4320880137588,34.95776836805444],[128.43204852834663,34.95753724653131],[128.43708127304345,34.962101479387584],[128.4369245305858,34.96222073133786],[128.44382791930747,34.96847443344829],[128.44096549417642,34.970618274798],[128.439675455979,34.96935543422858],[128.4385044088719,34.96840531770023],[128.43732520286363,34.967862246156656],[128.43631416666983,34.96699057101877],[128.4363015088623,34.96706444721533],[128.43649237023723,34.96724770826977],[128.43745034710597,34.968004080796504],[128.43804021577552,34.968259136196494],[128.43925544066147,34.969279181994374],[128.439570934216,34.96942241114228],[128.44004217982658,34.9701403133055],[128.44080860859586,34.970878804948775],[128.44136889594364,34.971855902411875],[128.44098410623081,34.9721456815523],[128.44085867042708,34.97216940357459],[128.4407993583788,34.97210252911173],[128.44026826606648,34.97227376677707],[128.4389291273211,34.972443171860604],[128.4387911104615,34.97271575088826],[128.43593582958587,34.973504187861934],[128.43583421497314,34.973721914416736],[128.43531030551148,34.974108606450564],[128.43527446489148,34.97497536286059],[128.43424609668395,34.97460379818692],[128.43356879108217,34.97496156934647],[128.43336773019834,34.9754609814452],[128.43295845387604,34.97606412407724],[128.43206943249496,34.97638144527279]]]]}}
