{"type":"Feature","bbox":[127.87896450163943,34.886081866793994,128.18442163764962,35.15937028289942],"properties":{"regionCode":"48240","version":"vworld-20260909-3f8952dfda77-p3","name":"경상남도 사천시","attribution":"국토교통부/K-Geo플랫폼 · VWorld 법정구역정보, CC BY 2.0 KR; 공공주택 복덕방 가공"},"geometry":{"type":"MultiPolygon","coordinates":[[[[128.08088686085176,34.88940296493838],[128.0806606841198,34.88939798308319],[128.08060659627333,34.88935718410097],[128.0808978341549,34.88933221032577],[128.08088686085176,34.88940296493838]]],[[[128.0774406640931,34.88987847451258],[128.07732973066993,34.889884292851555],[128.07730256535828,34.88979943153402],[128.07743221156167,34.889825364935746],[128.0774406640931,34.88987847451258]]],[[[128.08340952774304,34.896463160741426],[128.08327653868702,34.89652825468095],[128.0826598972372,34.89637712222453],[128.08246118251475,34.89626486342899],[128.0823791692329,34.89602650180216],[128.0827828723096,34.89590389021061],[128.08323324810004,34.89594052125224],[128.08352104985542,34.896203256997445],[128.08340952774304,34.896463160741426]]],[[[128.08402938096393,34.89649966959968],[128.08422359853077,34.89635294963949],[128.084326065882,34.89646014508132],[128.08402938096393,34.89649966959968]]],[[[128.05977575735616,34.90160324455601],[128.06003298139163,34.901756210928006],[128.0599481377467,34.90200181391239],[128.0597685288545,34.902097311702086],[128.0597967370142,34.90221126318919],[128.05965691900965,34.90212543616174],[128.05973809024988,34.90203597369975],[128.05958888613506,34.90189630791881],[128.05900395803314,34.90163080197391],[128.05864631528704,34.90160406482506],[128.05825917676123,34.90169229197223],[128.0578159639608,34.90157577278998],[128.05743942106338,34.901670172538395],[128.05707291859414,34.90166439094896],[128.0568785107955,34.90148842548159],[128.05675738820335,34.901141923441344],[128.05641801372664,34.9008899116029],[128.05665181942322,34.9007747397606],[128.0576840839723,34.90121849833615],[128.05785084158563,34.901171596259275],[128.05799965927454,34.90123938707275],[128.058063449542,34.90116989076272],[128.0583754103961,34.90113641635223],[128.05876033249206,34.90134287000873],[128.05915567706882,34.90125629970011],[128.0593944003165,34.90108195098946],[128.0594733019714,34.900978463494],[128.05937664897255,34.90085787176993],[128.05979553632608,34.900893111324386],[128.06010741990124,34.90104874475662],[128.0599793493804,34.901316592812286],[128.05983517834727,34.90137556190376],[128.05977575735616,34.90160324455601]]],[[[128.05968900920962,34.902466026686966],[128.05967004156113,34.9024685929224],[128.05966882041307,34.90245767752755],[128.05968900920962,34.902466026686966]]],[[[128.06388289176448,34.90867770880577],[128.063714984568,34.90865613443938],[128.06322474549836,34.90814442487796],[128.06316096608182,34.90796540258912],[128.06328881125197,34.907669255828935],[128.0636406309883,34.907782491398876],[128.0635462224681,34.90815010258613],[128.06362570516637,34.90833966625028],[128.06394907692828,34.90857559046238],[128.06388289176448,34.90867770880577]]],[[[128.0825045958171,34.908725569077305],[128.08226595861277,34.90883366097488],[128.08197922980887,34.908752167017674],[128.08182482995144,34.908657952900654],[128.08161160364702,34.908286037525414],[128.0818628018547,34.907947033691244],[128.08175023144747,34.90769669632324],[128.08192971227476,34.90741990229597],[128.08200629518925,34.90694585332837],[128.0818654297667,34.906679953091974],[128.08198249576884,34.906572403604315],[128.08360170079655,34.90723057273667],[128.08345065438755,34.90732895297225],[128.08349658625573,34.90743533455589],[128.0833434831404,34.90765466972827],[128.08349520586094,34.907772161522125],[128.08349411680632,34.90788001865332],[128.08321149127275,34.908038868908214],[128.08346112391436,34.90813443030161],[128.0832129598608,34.90829655164681],[128.08296908122642,34.90860359696115],[128.08272448667597,34.9087358281953],[128.0825045958171,34.908725569077305]]],[[[128.08417347547885,34.90897514205133],[128.08412766098186,34.90899299491169],[128.0841241741293,34.90897686148228],[128.08417347547885,34.90897514205133]]],[[[128.04781482336477,34.909312318891956],[128.04796420341114,34.90938219966011],[128.0480052875412,34.909549217455854],[128.04784444388184,34.90958610252115],[128.04769396623342,34.90990317360633],[128.0472062411215,34.90978709615835],[128.0472064386239,34.90968949869196],[128.04763406823872,34.909519629132106],[128.0476118035098,34.909446498883554],[128.04781482336477,34.909312318891956]]],[[[128.07611354677653,34.90990985418866],[128.0759188129568,34.910213717282026],[128.07596436246988,34.910459916753766],[128.0756851409926,34.91077574737751],[128.07543468067257,34.91078343239823],[128.0753019643174,34.91063227416588],[128.07520637282565,34.91019642614358],[128.07486287326378,34.90985021538373],[128.07413283632212,34.90970865908468],[128.07349597513488,34.91001873890146],[128.0730362436551,34.90982092727395],[128.07287806986346,34.90935464821144],[128.07251392505003,34.90898613595479],[128.07184290492248,34.90889838510267],[128.0718804485384,34.90874363001079],[128.07231144385162,34.908559591745515],[128.0741434767556,34.90831556810317],[128.0745775916739,34.9081941628294],[128.07475624212645,34.907779042456355],[128.07473143162983,34.9071807402585],[128.07458992232054,34.90703673474561],[128.07421788635037,34.90709169676181],[128.07382667267854,34.907006070086815],[128.07362321667344,34.90684725982993],[128.07331401422152,34.90689565809887],[128.0733000834919,34.906756661621905],[128.07355828358587,34.90610559734727],[128.07330661531435,34.90573323073832],[128.07306137602714,34.90561063217157],[128.07270653052,34.905598740769236],[128.0721188908557,34.905944603402176],[128.07162367580278,34.90646752030751],[128.0713470209809,34.90640551164917],[128.07128819082666,34.9062508760501],[128.07138829459973,34.905914470306804],[128.0712944295593,34.90532169748675],[128.07133709998124,34.90493404332909],[128.0709046336446,34.90456833851652],[128.07099657180166,34.90433713170671],[128.07020650312722,34.90401596638485],[128.07045578881306,34.903150426396245],[128.07058505795032,34.90304837171093],[128.07066655707166,34.903135741300375],[128.07034733477013,34.904019973012964],[128.07106315307996,34.9042872004905],[128.0714219775431,34.904266777589484],[128.0719506513218,34.90452537695751],[128.07215543861943,34.904393900249005],[128.07302064436948,34.90428935650101],[128.07496252857433,34.90213293685975],[128.0750560371446,34.902150693455006],[128.07520631511935,34.90202033787414],[128.07532203166744,34.902517514380826],[128.07563634670566,34.90266738549778],[128.075813782228,34.9026501666624],[128.0761087307828,34.902473931864286],[128.07621576337186,34.90220056161922],[128.07580235166338,34.901720239878784],[128.07547010664936,34.90188586118324],[128.07543455493968,34.901816069582495],[128.07575977174017,34.901659552299805],[128.07571069589355,34.9015908834879],[128.07384708667902,34.9002085980267],[128.07347066983556,34.900525864799704],[128.07324045414046,34.90059529840203],[128.07279619608028,34.900999566698054],[128.0723049539418,34.9007695862765],[128.07094585110727,34.90255926907065],[128.07075088784165,34.90250659957224],[128.0721362262594,34.900692864068624],[128.0725431560965,34.90034600944879],[128.07239049614662,34.9000469276542],[128.0724522951335,34.89973492556814],[128.07238694715747,34.89925820382674],[128.07219648723958,34.89906636553376],[128.07203982242515,34.89859451627842],[128.07192636228407,34.89849605137466],[128.07200377251306,34.89851191128116],[128.07200681079337,34.898361452783035],[128.0720990861344,34.89836496092585],[128.07214389823275,34.89826173661031],[128.07261135665428,34.89808357269617],[128.0727660162334,34.89792128220607],[128.07285279523356,34.89764176645713],[128.07259395129614,34.89746351293458],[128.0725141311004,34.89720368264578],[128.07262042395837,34.89708711039471],[128.0731625200826,34.89686004645046],[128.07331736183497,34.89662569333139],[128.07341155196485,34.896332839659514],[128.0730553414866,34.896009771794304],[128.0727946336136,34.89547986710001],[128.07278637777048,34.8953052832734],[128.07301134901934,34.89504502835221],[128.07292211500214,34.89487639810774],[128.07328341818393,34.894839060421674],[128.07344924245658,34.894721318423485],[128.07348487206812,34.89449246532196],[128.07367772077208,34.89434028053792],[128.07369407399284,34.89421087972251],[128.07353436205506,34.89388859887213],[128.073161382253,34.89376491016781],[128.0731925283734,34.894330795351564],[128.07306262912047,34.894327884705945],[128.07305434758595,34.89365401061949],[128.07290521499436,34.89365808340356],[128.07273487643087,34.893759114980035],[128.07269154429196,34.8944074108275],[128.072581708553,34.89439964122563],[128.07262174567066,34.89373407810349],[128.07295164160794,34.89350731566928],[128.07287955311128,34.893385262581056],[128.07303860476196,34.89319925492975],[128.07298045143736,34.892381081498606],[128.07274749795945,34.8920790164398],[128.07201739796457,34.8916013139993],[128.0713448953513,34.89047282402309],[128.07095821953686,34.89010997427675],[128.07096078237487,34.889854143517915],[128.07117974316535,34.88957490854188],[128.071279252173,34.88958898158141],[128.07139318954262,34.88946884494403],[128.07147234046488,34.88911824414001],[128.0713731728424,34.88884941314878],[128.07143297504328,34.888416802992175],[128.07168046076728,34.88829607250075],[128.07177793706683,34.88836715942075],[128.07186335290473,34.88829867678381],[128.07207445804318,34.88838294352111],[128.0725214670237,34.888305214254814],[128.07295106159168,34.88814755358509],[128.07337139275052,34.88778002957492],[128.0736897844864,34.887314750003924],[128.07367010528955,34.887160837420076],[128.073501462029,34.887032091117156],[128.0735690103608,34.88647941469143],[128.0739238187937,34.88630010714727],[128.0743785576668,34.88623329982009],[128.07474607766403,34.886081866793994],[128.0754531063894,34.88633328132635],[128.07623279416686,34.88708603862275],[128.07682682604084,34.88715166387018],[128.0770161847762,34.887453155484636],[128.0786200471057,34.888347339150314],[128.07920299103006,34.888452762513786],[128.08002763432663,34.888957602159856],[128.0802677289185,34.88897001947661],[128.0792980912774,34.88917384934907],[128.07882641012208,34.88940494453471],[128.07817314536246,34.88957843435953],[128.07795842050896,34.88954322153764],[128.0774538760435,34.889718222236944],[128.07712299072801,34.88973853363686],[128.0764783473878,34.89036397562696],[128.07619440982737,34.89044683410555],[128.07561112970347,34.89081784285403],[128.0752492421316,34.89171730568278],[128.07513555832801,34.8924943762724],[128.07524488409777,34.89355973958783],[128.07554162834495,34.89442733668588],[128.07586432593965,34.89467681689474],[128.07628335424192,34.8946533578019],[128.07727933863478,34.89510713160091],[128.07741406300582,34.895103232796906],[128.07744161302583,34.89498457942157],[128.07753708480902,34.89495522585898],[128.07851813746547,34.89504845846712],[128.079229718557,34.89550264693283],[128.07905166382727,34.895632707023445],[128.0786460850612,34.89565046313058],[128.07849110771355,34.89600136768727],[128.07856704556355,34.89630766671397],[128.07852899821032,34.8966248268957],[128.0784139177845,34.89676603573853],[128.07847803884027,34.89694914612417],[128.07835231157972,34.89709624977265],[128.07850003116383,34.89740041545226],[128.07900485517848,34.897796368625556],[128.07984849839042,34.89787705765404],[128.0801393144815,34.89768256436339],[128.08026663710547,34.897781622682004],[128.08045061282252,34.89779101872415],[128.08069870074075,34.89744680069396],[128.08098790893996,34.897302066744814],[128.0810784119235,34.89694788653603],[128.0813945199636,34.896721601007975],[128.08260199537665,34.89693562665543],[128.08336825262475,34.89732365613717],[128.08356312237296,34.89751243665887],[128.08342669976938,34.89761178372471],[128.0832328083414,34.897570219582356],[128.0828709583748,34.89774358858364],[128.08209267791213,34.89783434723326],[128.08195911766302,34.898015367861426],[128.08197071452045,34.898494157758826],[128.08201832883458,34.8987663310159],[128.08218705152612,34.898897148614125],[128.08181794476778,34.89893054191937],[128.08164271012242,34.89907030672826],[128.08151841407994,34.899059696399746],[128.0812696034816,34.89919169426545],[128.08100208170922,34.89917064436263],[128.0796361868592,34.900077179189886],[128.07921225850893,34.900566668810555],[128.07919680880173,34.90110493233546],[128.07940322098634,34.901328915339086],[128.08091342056224,34.90198407647781],[128.08117542430085,34.90223511168857],[128.0819079251243,34.90252406094853],[128.08141083430726,34.902676564643336],[128.0814004402935,34.90286229125253],[128.08036512679806,34.902808970504125],[128.08035844866248,34.90292717845278],[128.08021966094165,34.9030529578514],[128.0792326794667,34.90270394167559],[128.07863638332918,34.903324514416816],[128.0784536670822,34.90340592780222],[128.07831390619944,34.90362043661979],[128.0780740994274,34.90362749556431],[128.0779127186551,34.90393485997944],[128.0778515597506,34.904330073387214],[128.07845387676025,34.90484343137804],[128.07881527294683,34.90494843922223],[128.0788111782137,34.9050319095604],[128.07915365215567,34.905282486379],[128.07911219302304,34.90545813591399],[128.07919236259656,34.90560878308088],[128.08002255376675,34.90593062606676],[128.0806859771174,34.90609288812989],[128.08072778597395,34.90622231468062],[128.08032534523733,34.90625531549706],[128.0802874647318,34.906695999126896],[128.08012694285136,34.906862743679405],[128.07997343302137,34.907504356918174],[128.07966921101792,34.9076586102679],[128.07842218164427,34.90778580530451],[128.07806839506094,34.90797093804542],[128.07791858048515,34.90791148361088],[128.07777630141567,34.90770450696202],[128.07758445212684,34.907726062442066],[128.07692202450633,34.908004978602854],[128.07654594268405,34.908267642634335],[128.07632912928545,34.908562162729694],[128.07629435761038,34.9088482861962],[128.07648153435676,34.90903512670233],[128.07628133947932,34.909249543683465],[128.0762676867379,34.909391898765854],[128.07609686301305,34.90950427934614],[128.07611354677653,34.90990985418866]]],[[[128.07496272283333,34.91536850663134],[128.07502355450956,34.91549612354224],[128.07495934466834,34.915515473927286],[128.07439951308177,34.915240461789914],[128.07369011037446,34.91535896516646],[128.07345234368984,34.91522910589759],[128.0734905944515,34.91515450379849],[128.07442045005664,34.914750707517],[128.07476039431134,34.915094576116516],[128.0749726624114,34.91497799763817],[128.07510014589596,34.915348415728204],[128.07496272283333,34.91536850663134]]],[[[128.08948804970663,34.91858917059439],[128.08948333588842,34.918621665107175],[128.0894297166571,34.918571940870564],[128.08948804970663,34.91858917059439]]],[[[128.09215499737678,34.92095082982728],[128.09200361028797,34.921112501757925],[128.09200139451775,34.92126999768998],[128.09184889425174,34.92125249837754],[128.09172721838638,34.92109028194839],[128.0917169474328,34.92078194166201],[128.0919105589837,34.92094861579838],[128.09198472237856,34.9207369463597],[128.09215499737678,34.92095082982728]]],[[[128.05837675138375,34.922788793543205],[128.05822566595717,34.92276088811511],[128.0582234168499,34.92265510621807],[128.05839219328,34.92265940664294],[128.05837675138375,34.922788793543205]]],[[[128.04503857624104,34.92263219101626],[128.0439216206102,34.923272488177034],[128.04363160713132,34.923312821509626],[128.04344039916455,34.92323380866564],[128.04342256050006,34.92303393808725],[128.04381353830644,34.92253226792968],[128.04377057503666,34.92228029086759],[128.04392471594767,34.92211971137707],[128.04425051342838,34.922208370833246],[128.04470616355587,34.92211888996299],[128.04545862816286,34.92214588611122],[128.0458223127007,34.9223632193066],[128.04503857624104,34.92263219101626]]],[[[128.07968889005207,34.92293750285724],[128.0797627821193,34.92324027819003],[128.07926055211405,34.92347694537587],[128.07910389395425,34.92362971816324],[128.07885832921616,34.923676665960414],[128.07818611546276,34.92320777600874],[128.07802278153352,34.92281750286461],[128.07807560975203,34.92258921239923],[128.07550607360778,34.92207161833444],[128.07553812754108,34.9219632577221],[128.07767360082028,34.92240120341736],[128.07765752839276,34.922467375547576],[128.07809194612673,34.92255416521313],[128.07841221865226,34.92246027589342],[128.078376948506,34.92260500077201],[128.07860444037686,34.92272666885013],[128.078946666611,34.92266305950604],[128.0791127754489,34.92280833625696],[128.07930416416937,34.922727223239534],[128.07968889005207,34.92293750285724]]],[[[128.04909049348439,34.92601029047784],[128.04923233478178,34.92628664704001],[128.0490293869276,34.926582801362756],[128.04902604456848,34.92690187215672],[128.04885142781498,34.92710512075614],[128.0485158851508,34.927120025021075],[128.0481077763133,34.9265640652048],[128.04843634634227,34.92613395454757],[128.04835227766634,34.925912916023734],[128.04844975525077,34.92588254639472],[128.04843892610296,34.92574748473753],[128.04864819923506,34.925717810510925],[128.0486964537222,34.92598497860947],[128.04909049348439,34.92601029047784]]],[[[128.0362180526554,34.92749305818531],[128.03513111454333,34.92731916830316],[128.03506594562606,34.92742724585161],[128.0348917865778,34.92732119779863],[128.03435909190577,34.92661607504235],[128.034481107559,34.92660667065498],[128.03435083006204,34.92640111005797],[128.0342136134593,34.926363892578934],[128.03379805125277,34.92601166723857],[128.03347555335966,34.92540527906974],[128.03290084016965,34.92472694626103],[128.03363916817187,34.92441833107746],[128.03389055339827,34.92438222117836],[128.0339308328451,34.924314444214154],[128.03378139312608,34.92413916914612],[128.03393360965242,34.92391222088161],[128.03440889171458,34.92392444484033],[128.0346661100396,34.9236919479875],[128.03490694330182,34.923648333942324],[128.0347469488686,34.923562219349016],[128.03453138629237,34.923144163503466],[128.03458640298146,34.92312614994065],[128.03477334225036,34.92348579599106],[128.03516707554823,34.92356213983866],[128.03553043336512,34.92343610490117],[128.03561727894513,34.92298083661559],[128.03544583111068,34.92281400619243],[128.03537916819067,34.92246944944175],[128.03498639260332,34.92246971944224],[128.0352336130623,34.92257944762503],[128.0343955578955,34.92233028229159],[128.0341802758971,34.92186722394076],[128.03440555305218,34.92184416416136],[128.03448555286465,34.921592503070784],[128.03504555993877,34.920962220378875],[128.03519277361164,34.92061027674285],[128.0353483324124,34.92056528079668],[128.0352933365299,34.92046666957366],[128.0353833331896,34.920259162717485],[128.03568000272213,34.92006360824293],[128.03585360705367,34.91979110996916],[128.0360450036381,34.919695553105115],[128.03618306065707,34.919715279209626],[128.03665750465788,34.919448888651566],[128.03682472492008,34.91926444617493],[128.0368519491737,34.918963060969624],[128.03714472008434,34.918856110024215],[128.03741916775616,34.91893972168289],[128.03778333855738,34.919548332257186],[128.0379977761974,34.91969667100233],[128.03918167110163,34.9202597205696],[128.04027221749033,34.92090694628397],[128.04042170779303,34.92110678476573],[128.04024617790964,34.92132479582669],[128.0404297602256,34.921575073130306],[128.0410497270479,34.921890834722326],[128.0411405559691,34.92184111220021],[128.0413533342717,34.92194500364471],[128.04167916364577,34.9219647272061],[128.04181444254453,34.9217513896751],[128.04205277922227,34.92181721973323],[128.04203056159386,34.92194833560655],[128.04177860947638,34.92222333352005],[128.0419400001445,34.92238556036272],[128.04195472611278,34.92256666811392],[128.04153611399872,34.922761664060836],[128.04143167013547,34.92288389256347],[128.0416222187518,34.923014766176934],[128.0415807247586,34.92315091301869],[128.04108887577,34.92327424869276],[128.04075013898589,34.92359485321086],[128.040252542083,34.924241626967785],[128.04011400056274,34.92473255307396],[128.0399666891884,34.924687241522264],[128.0403905513997,34.92343529637266],[128.0398300957212,34.92318822515849],[128.0391600474256,34.92320573256231],[128.03798718784498,34.92431149413763],[128.03799959224656,34.92519712435256],[128.03883190674577,34.92546239959004],[128.03921652136913,34.925308191786044],[128.0392946864654,34.925431817195005],[128.03887208222594,34.925600317706184],[128.0379404017768,34.92529421811994],[128.03755888623826,34.92574333174194],[128.03765305154653,34.92580111530413],[128.0375532366703,34.925757591626095],[128.03708666283282,34.926361945989385],[128.03683722452726,34.92650166940186],[128.03672277729157,34.92678028014078],[128.0367763858873,34.92710944581049],[128.0364841680697,34.92743055967259],[128.0362180526554,34.92749305818531]]],[[[128.04430750562003,34.92746361481003],[128.04377861246525,34.92706138986059],[128.0431619451301,34.92698416548244],[128.04245444073206,34.92658499907725],[128.0421811096765,34.92631610790661],[128.04202305407736,34.925621389389505],[128.04220889226139,34.925425557816226],[128.04211375316456,34.925341153720126],[128.04227692326336,34.92514459356839],[128.04219106560652,34.92500827273256],[128.04248975090957,34.924764729163044],[128.0425692242869,34.92482880102988],[128.04233046131822,34.92503902583116],[128.04252362506747,34.92531272930887],[128.04284406601718,34.92546495033337],[128.0431643790193,34.92534736831296],[128.0432541452321,34.925216928712075],[128.0431389309316,34.924964021122406],[128.04280133429177,34.92470411670495],[128.04286709709302,34.924640864236714],[128.0430670188998,34.92477744314193],[128.04346075571434,34.92450386456246],[128.043677808311,34.92465241220384],[128.04412725489917,34.92459228675749],[128.04530351891077,34.92468810966271],[128.04593583091372,34.92486472134043],[128.04606666369472,34.92504055638126],[128.04618777774277,34.92541610838056],[128.04615416988474,34.92562694131443],[128.04632583007626,34.925882776234445],[128.0462402846202,34.926066944659304],[128.0460088865075,34.92615194580108],[128.0452205504787,34.927025553010616],[128.04453999952875,34.92743277865929],[128.04425111210438,34.92739361460017],[128.04430750562003,34.92746361481003]]],[[[128.02902748883042,34.929533262536744],[128.02882739349337,34.92948115179248],[128.02883817042868,34.92931986091232],[128.0286312973038,34.92923278636529],[128.02815569049454,34.92883166808407],[128.02813896320328,34.92816014627113],[128.028368176616,34.92777977172981],[128.02822629759075,34.92747987510563],[128.0284847677817,34.92684651843369],[128.02874025426115,34.92674640200706],[128.02930174494946,34.92676163328829],[128.02929557461158,34.92664439947976],[128.02940975456286,34.92664057100977],[128.0294144544857,34.926512842263136],[128.02971288115725,34.92632554566897],[128.02977574987875,34.92637698285495],[128.029506431238,34.92653764245228],[128.02947212868412,34.926780498416875],[128.03020283160677,34.926836123706806],[128.03027779823225,34.92678407446208],[128.0301474915515,34.92644524464681],[128.0300090796865,34.92634225097843],[128.03008366509493,34.92629090146172],[128.03022894610876,34.92642859835735],[128.0303633402948,34.92676419733771],[128.0309031887639,34.92695023520326],[128.03087121023367,34.927004241360436],[128.03052411551852,34.926962668541265],[128.03055492287544,34.92708829180856],[128.03095530224343,34.92715797885145],[128.03099115529037,34.92700910064454],[128.03145982135786,34.92740970175288],[128.0312731385735,34.928652490203085],[128.03079841319206,34.92869109456141],[128.02902748883042,34.929533262536744]]],[[[128.02537722417495,34.93165139031728],[128.02493444575987,34.931599444953775],[128.02488138898693,34.93131388983696],[128.0249983336717,34.931016667513354],[128.0251527746714,34.931043332755465],[128.02538250480373,34.93125583042863],[128.02549055329965,34.931531392454296],[128.02537722417495,34.93165139031728]]],[[[128.03227673152,34.93240614397703],[128.0320570449033,34.932638401811154],[128.03172175261787,34.93269781461256],[128.0315689280706,34.93258339597924],[128.03155008447737,34.93240899700002],[128.03133496896118,34.93241142851826],[128.03126289936017,34.93231263334617],[128.0318453622203,34.9319956038609],[128.03185565303218,34.93177174494104],[128.03191999323192,34.93176836399264],[128.0319902017974,34.931989285178254],[128.03220832937043,34.932074145852155],[128.0322009949759,34.9323193982596],[128.03227673152,34.93240614397703]]],[[[127.95591368662176,34.9378381886448],[127.95615085699288,34.93797797758268],[127.95613471033428,34.938167379085094],[127.95595226030747,34.93814489366435],[127.95584312353651,34.937892148644984],[127.95591368662176,34.9378381886448]]],[[[128.0305839748334,34.93833729245157],[128.03017467568188,34.93866181835612],[128.02982301375513,34.938702789203106],[128.02934653679162,34.93861390503696],[128.0289868101505,34.93845695323514],[128.02865969013197,34.9381951556345],[128.02811746553013,34.937928337302246],[128.02810723888408,34.93660559109712],[128.0280181170499,34.93639081691465],[128.0281119038869,34.93610441600091],[128.02811286457214,34.935565498388016],[128.02865110528927,34.93525925295803],[128.02903358910854,34.9351807471428],[128.02934348279717,34.93495101803363],[128.0293551728659,34.93478654373767],[128.02971753968671,34.934593530241656],[128.03038798077415,34.934664140373876],[128.0311882101291,34.93407295837596],[128.0315329988343,34.93422389777576],[128.0315694377309,34.934164014275765],[128.03194223610984,34.9341202596111],[128.03195017349694,34.93419368334221],[128.0320971928059,34.93425470416354],[128.0328768485584,34.93421763051488],[128.03312702816413,34.93430072575864],[128.03321301962885,34.93425258410341],[128.03340284181914,34.93435591991255],[128.03348081446376,34.93453318614198],[128.03349788352523,34.93501877949808],[128.0337637616601,34.93508698166325],[128.0335010774625,34.935052578929195],[128.0333972673942,34.935276080186775],[128.0334972525555,34.93601766692937],[128.03261234085443,34.93635495715378],[128.032231448815,34.93666576362374],[128.03210144250144,34.93688074524045],[128.03206452670887,34.937613634698145],[128.03198299695552,34.93776798997888],[128.03188589092488,34.93772860243405],[128.03195488136205,34.93707932441115],[128.0315845432545,34.93700394041295],[128.03129341845673,34.937298956619635],[128.03124364961664,34.937257999002725],[128.03153176265837,34.936952891190664],[128.03125234195883,34.936797127626136],[128.03085544736274,34.936951004110824],[128.03120143097314,34.93676205613053],[128.03104555384064,34.93659490119972],[128.0305891560208,34.93675663946746],[128.0303714049485,34.93703693403161],[128.03050639821618,34.93726918024181],[128.03090978816923,34.93721925525762],[128.0305950386313,34.937320822645546],[128.03051921601164,34.93806799379192],[128.03064576318783,34.938212678056985],[128.0314002286327,34.93798834761367],[128.03145959498355,34.93807702743631],[128.0305839748334,34.93833729245157]]],[[[127.95790202249604,34.941359039669294],[127.95800690477775,34.941400224564894],[127.95803665462354,34.94146321997542],[127.9579279134611,34.94144119185025],[127.95790202249604,34.941359039669294]]],[[[127.95776957405728,34.94237547115491],[127.95761178848421,34.94259892502597],[127.95751017680658,34.94238341159378],[127.95768513846022,34.9423305921442],[127.95776957405728,34.94237547115491]]],[[[127.96356236871272,34.943056605902754],[127.9635383542719,34.943132499806616],[127.96328268181948,34.94299946085886],[127.96356236871272,34.943056605902754]]],[[[127.97468993110766,34.94341315663699],[127.97474532924686,34.94355548570067],[127.9746112167853,34.94372020970889],[127.97442114209531,34.943760700039896],[127.97423944377883,34.94364675843376],[127.97421554297722,34.943452916821236],[127.97429351442892,34.94335307094322],[127.97468993110766,34.94341315663699]]],[[[127.95595976640753,34.94374138041336],[127.95594878454283,34.943842057912214],[127.95534439586466,34.943725130695974],[127.95482833966292,34.943834374913685],[127.95494839917468,34.943662535624256],[127.95497769258377,34.943422907724106],[127.9551332442466,34.943357238155734],[127.95554314392034,34.94344830442407],[127.95595976640753,34.94374138041336]]],[[[127.95715214404815,34.9441649085387],[127.95737896740191,34.94426979577776],[127.95727834863544,34.94435648665831],[127.95703265553395,34.94422067012265],[127.95715214404815,34.9441649085387]]],[[[127.95379940504421,34.944526041578506],[127.9535526312471,34.94451301682702],[127.95344331714729,34.944374706233546],[127.95352343027419,34.94432613508376],[127.95349262149115,34.94422730909097],[127.95388369850156,34.944224148758714],[127.95394218862691,34.94409498641892],[127.95409646525567,34.9442120223162],[127.95425114635952,34.94418448822082],[127.95388698740582,34.94441358628624],[127.95379940504421,34.944526041578506]]],[[[127.96206883747182,34.945704056288754],[127.96259269526605,34.94585845346492],[127.96226324456264,34.94595669625515],[127.96198119517189,34.94593234100179],[127.96204508378324,34.94581646222088],[127.96194481345066,34.945750926217684],[127.96206883747182,34.945704056288754]]],[[[128.03057396363275,34.94540146796479],[128.03056668054725,34.945739352468664],[128.0304633883037,34.94597187777667],[128.02995522790278,34.946311882600526],[128.02984778979467,34.946144293306276],[128.02975996111007,34.94521454623168],[128.02947229794142,34.94511146016715],[128.02934458932944,34.944946736990275],[128.02962713975768,34.94452494697821],[128.02966992546948,34.94430042939211],[128.02957052233714,34.94391297607701],[128.0297323145209,34.94358075166671],[128.02979458116207,34.94318084373341],[128.02931492031578,34.94260377274627],[128.02932312201563,34.94247911933467],[128.0295017616039,34.94237417820929],[128.02972565062004,34.94236423163586],[128.03040681166377,34.942681653788576],[128.03077416082868,34.94276386779538],[128.03099243917762,34.942457609329175],[128.0312446008739,34.94232026398829],[128.0312923645421,34.94242032490879],[128.0309101082289,34.9427884052121],[128.03124884854756,34.94286833516],[128.03128122972663,34.94271830194596],[128.03149461714003,34.942816745610806],[128.0318398423948,34.94247082894634],[128.03194791313786,34.94251929045358],[128.031533057072,34.9429306131686],[128.03187846259596,34.943179343910145],[128.03205044641123,34.9437421723132],[128.03169537699875,34.94419323390022],[128.03179606115816,34.944646720457435],[128.03169414866133,34.94466168094769],[128.03151023430644,34.944047641360896],[128.03104429547938,34.944332068597596],[128.03101333173802,34.94454023964795],[128.03131476314863,34.94465189600536],[128.03128763126992,34.9447054904953],[128.0310975083767,34.94464919037845],[128.0308306089395,34.9447918082414],[128.03134645445812,34.945159923339645],[128.03154723428375,34.9449672928878],[128.0316234124488,34.945021989951975],[128.03138441944597,34.94528812701503],[128.03082801659875,34.94496934401366],[128.03060173375744,34.94525185910228],[128.03065350640136,34.945428043738275],[128.03057396363275,34.94540146796479]]],[[[127.96604959975542,34.946193242189246],[127.9662487378147,34.946398247389354],[127.96587578213415,34.9467647538592],[127.96572508367706,34.94675305359868],[127.96542553576124,34.946282236314346],[127.96569616000379,34.94618059451063],[127.96604959975542,34.946193242189246]]],[[[127.95243411336351,34.96233160219071],[127.95239963482777,34.96281508400723],[127.95211959607178,34.96293148009663],[127.95202305041046,34.962801001502015],[127.95205499962333,34.96259092685662],[127.95223390159057,34.96234471792649],[127.95243411336351,34.96233160219071]]],[[[127.95073917318744,34.96272004107758],[127.95109404480188,34.96295858006717],[127.9507393039429,34.96322517280537],[127.95061975735761,34.96299804970605],[127.95073917318744,34.96272004107758]]],[[[127.97225749119072,34.96284535972718],[127.97179602756475,34.96305548832961],[127.97164188746254,34.96325749584764],[127.97133615412108,34.963267125734696],[127.9709227524931,34.96280635635359],[127.9703384570465,34.9626057274135],[127.97024014217786,34.962296891808776],[127.96964617472413,34.96183155800078],[127.96945745158835,34.96141136109017],[127.97003163939627,34.96103862188476],[127.97021449567261,34.961040803258115],[127.9703357516271,34.96094510284914],[127.97060473506718,34.96100263158255],[127.9712011849339,34.96141858361301],[127.97167304861364,34.96194625061399],[127.9722610796179,34.96232322799769],[127.97234683360577,34.96263868716954],[127.97225749119072,34.96284535972718]]],[[[127.94817856732509,34.963929765686785],[127.947453313875,34.96386104642098],[127.94729140409581,34.96361880243354],[127.94759815361503,34.96326345077251],[127.94767802892136,34.96285198451198],[127.94812070626911,34.96255103103855],[127.94848020489766,34.961588136959406],[127.948698657087,34.96157135126407],[127.9491192224838,34.96183660280223],[127.94918255313394,34.9620609488044],[127.94899569372546,34.96241922572322],[127.94897711286393,34.96287300045564],[127.94817856732509,34.963929765686785]]],[[[127.95915619881582,34.963883227239975],[127.95865391831957,34.963971946425666],[127.95823746592144,34.963775711052236],[127.95793796285338,34.96374521130938],[127.95779974567257,34.96357418094008],[127.95764706416854,34.962703892244214],[127.95780972112131,34.9626842218514],[127.95820808817771,34.96288875806615],[127.95894497057311,34.96344809407161],[127.95915619881582,34.963883227239975]]],[[[127.94683961552336,34.96397647337369],[127.94702121189611,34.96408558924665],[127.94669383197062,34.9641499291271],[127.94666295308177,34.96400599964662],[127.94683961552336,34.96397647337369]]],[[[127.95943708233048,34.96398453677721],[127.95965817182376,34.96401992488334],[127.95970048060263,34.96408675857882],[127.95954859205953,34.96413896610108],[127.95943708233048,34.96398453677721]]],[[[127.94057072558398,34.963734981441945],[127.94048954583143,34.96385915788968],[127.94056961325819,34.96401994172795],[127.94047748922202,34.964217383682644],[127.94021852449177,34.96427701149536],[127.94013827755899,34.96407274796758],[127.9401829823428,34.963847470985904],[127.9402794891809,34.96378065478959],[127.94023486151923,34.96371065034555],[127.94049092347892,34.963732607164125],[127.94048704928659,34.963661818367285],[127.94057072558398,34.963734981441945]]],[[[127.94847081906067,34.96486461261808],[127.94858414923502,34.96523479379988],[127.94852329600575,34.96528431125774],[127.94843708338581,34.965167610851594],[127.94847081906067,34.96486461261808]]],[[[127.96214095889161,34.96540341214424],[127.961964803494,34.96521759906798],[127.96198082210651,34.965222203733525],[127.96214095889161,34.96540341214424]]],[[[127.96474419372205,34.9662049747512],[127.96443927363605,34.966098965041375],[127.96404613808586,34.96582219209902],[127.96385884789704,34.9658452481733],[127.9635802706782,34.96603820102729],[127.96329357938404,34.96601707708976],[127.96307263196562,34.965876561344786],[127.9627509981172,34.96524860244453],[127.96232469682754,34.965203993864534],[127.96209639484739,34.964666339569014],[127.96180368887096,34.96428373850335],[127.96171016757495,34.96424668632259],[127.96090186617812,34.964379822523114],[127.9607651072482,34.96430992372087],[127.9607062146725,34.96408598193785],[127.96119150024042,34.96358289559344],[127.96115625632227,34.96335606249493],[127.96141749599853,34.96270919931873],[127.96138592809803,34.96258147691875],[127.96116031961263,34.962439254753065],[127.96098225872497,34.96218978273724],[127.96092811936226,34.96195264401296],[127.96096637870667,34.96161169618912],[127.9613246793422,34.9611013126585],[127.96154067554538,34.961069578591186],[127.96198230619473,34.96137941636284],[127.96296863935366,34.961425409539096],[127.9640110320386,34.960891159919335],[127.96422395621973,34.96093475243638],[127.9646989291568,34.96077516496948],[127.9650048488221,34.960864374567294],[127.96508527765658,34.961040868002655],[127.96476014050107,34.961108384175645],[127.96465480181645,34.9613100221536],[127.96416167620818,34.9617540469245],[127.96407150631816,34.96280592981066],[127.96355360586163,34.96326243391086],[127.96368871261316,34.96383535586368],[127.96362267029295,34.96397110875252],[127.96398757141982,34.964375259833375],[127.96465653242474,34.964733694607766],[127.96513031005557,34.96486438347423],[127.96562317572248,34.96462475495273],[127.96617035306048,34.964476206240306],[127.96612236018511,34.96403295480766],[127.96620331852598,34.964016320779635],[127.96629639737075,34.964491968095885],[127.9666166738484,34.9645959402783],[127.96672129554754,34.96470435021805],[127.96687411890092,34.96545981236487],[127.96662869563377,34.965694078734714],[127.96539028593435,34.96550932935296],[127.96519586425825,34.9656001345114],[127.96474419372205,34.9662049747512]]],[[[127.99485528341032,34.96706910798605],[127.9947679252189,34.967160255350315],[127.99445748746605,34.967038764367935],[127.99458118936764,34.9669034698426],[127.99485528341032,34.96706910798605]]],[[[127.9956903385447,34.96797416945698],[127.99592225044987,34.968143513016706],[127.99596822025244,34.968240571331684],[127.99580287421087,34.96814216630881],[127.9956903385447,34.96797416945698]]],[[[127.99359412564725,34.97117602005826],[127.99355139021652,34.97127136216029],[127.99342454358352,34.97120768388169],[127.99336949748589,34.97105883599494],[127.99359412564725,34.97117602005826]]],[[[127.94326837437974,34.97125688204175],[127.94319315314576,34.97140060975207],[127.94325247368593,34.971559506006635],[127.9430494234092,34.971519071767545],[127.9428839759571,34.97138588513887],[127.94287569246116,34.97125551575673],[127.94297961451363,34.97124650617207],[127.9429997392602,34.97115855918373],[127.94326837437974,34.97125688204175]]],[[[127.94230076418934,34.97177470979711],[127.94201873242085,34.97175153401039],[127.9420845163037,34.97144714425835],[127.94240195805939,34.97168908085483],[127.94230076418934,34.97177470979711]]],[[[127.99971250182307,34.97313729635336],[127.99970622428795,34.97314878595928],[127.9996823885795,34.9731363634327],[127.99971250182307,34.97313729635336]]],[[[127.99978170719608,34.973230086965366],[127.99966306293999,34.97322746782141],[127.99964738498778,34.973163745307836],[127.99971362607685,34.97318387722757],[127.99978170719608,34.973230086965366]]],[[[127.93750182073725,34.97400653321275],[127.9377311028433,34.97416528316959],[127.9375758547088,34.97433595302964],[127.9374455881909,34.97435704062367],[127.93719628046435,34.97417445082102],[127.93716579722286,34.97406116148325],[127.93727298140196,34.9739950315871],[127.93750182073725,34.97400653321275]]],[[[127.99946920664979,34.973396559068696],[127.99978666058655,34.97354399163021],[127.99988638671829,34.97376851473696],[127.99957443588455,34.97433180646318],[127.9991859843914,34.97382972204833],[127.99925282727713,34.973489131995244],[127.99946920664979,34.973396559068696]]],[[[127.97785824061975,34.97541178834691],[127.97773098375868,34.97537856229518],[127.97771845489292,34.97527982178818],[127.97799078525327,34.97533444049712],[127.97785824061975,34.97541178834691]]],[[[127.9791670986417,34.97546881444654],[127.9789350565699,34.975456777310576],[127.9786795937832,34.975294017453905],[127.97886124445924,34.97502562965514],[127.9791656009007,34.974940045415394],[127.97951028024941,34.97514084254326],[127.9791670986417,34.97546881444654]]],[[[127.94287464003078,34.97605377168177],[127.94223519167068,34.97636555352541],[127.9422962361996,34.97621980053413],[127.9421711048316,34.97614343624661],[127.94211604713445,34.97592466576665],[127.94296284954738,34.97550845815459],[127.94287464003078,34.97605377168177]]],[[[127.94099706557807,34.976574235146245],[127.94142522879434,34.976945695235116],[127.94145514135627,34.97717774894331],[127.94124602330206,34.97710491002979],[127.94097075924596,34.97679230249325],[127.94099706557807,34.976574235146245]]],[[[127.99881001599934,34.9768652822547],[127.9986613018726,34.9770011840833],[127.99863746748379,34.977188318188965],[127.99850790640302,34.97725304472099],[127.99778841752303,34.97714428210671],[127.99766068323387,34.97701831468563],[127.9979748485017,34.976800024888554],[127.99834657571333,34.97686556107726],[127.99867520349493,34.9767364449935],[127.99881001599934,34.9768652822547]]],[[[127.99605083498726,34.977734721176276],[127.9958711066419,34.97783111590241],[127.99515972595076,34.97771388781465],[127.9950514128354,34.9778226486606],[127.99484887913135,34.97762803197718],[127.9946046907657,34.977680796417395],[127.99457014501526,34.97759869700985],[127.99494913140968,34.97747761511187],[127.99538675229363,34.97721215306137],[127.99538345193075,34.977117638451865],[127.99551961135094,34.97716545651942],[127.99562561282758,34.977059482032345],[127.9956471992806,34.9761486180384],[127.99573662460301,34.975842240744285],[127.99560396238694,34.97580994283533],[127.99576255389384,34.975771551493395],[127.99579378753481,34.975588125368134],[127.99542403976045,34.97528549507959],[127.99547888466972,34.975210837493826],[127.99514971764174,34.975116948690676],[127.99479694364543,34.97518167139793],[127.99463500034663,34.975415552608325],[127.99427722012199,34.97565694161788],[127.99411749983814,34.975663612536536],[127.99396860805793,34.97551250479344],[127.99380389121099,34.97515721975482],[127.9939433318751,34.97452166975787],[127.99389721702171,34.97430028176032],[127.99369639362452,34.97405138863616],[127.99406360935768,34.97356639125912],[127.99411250586886,34.97335639339055],[127.99379916195203,34.972536664742506],[127.99385389103631,34.9724986134282],[127.99409471788998,34.97245972298506],[127.99483083798236,34.97309278088165],[127.99546583448067,34.97340111675009],[127.99679000385377,34.97350000070538],[127.99711305280289,34.97342917103317],[127.99727556063847,34.97321110965096],[127.9974902736119,34.97324472343155],[127.99762555128765,34.97334305717243],[127.99756055883923,34.973536946121314],[127.9976163931468,34.973833055843286],[127.99801944567339,34.9741197219749],[127.99818721997597,34.97437916394358],[127.9982266638838,34.97473028155336],[127.99800111616254,34.97498999960489],[127.99764277890915,34.975184442875054],[127.99737916475573,34.97526000451226],[127.99741861217304,34.975148337851024],[127.99671639279391,34.97498832990245],[127.99638666626487,34.975068884900026],[127.99654416377852,34.975636392452216],[127.99753278222319,34.976565280091926],[127.99730694279634,34.97674639368598],[127.9973055534097,34.97685944188699],[127.99688111359352,34.9769088866506],[127.99648528435662,34.97708916845088],[127.9961961084141,34.97740833498531],[127.99605083498726,34.977734721176276]]],[[[127.93603386545739,34.97923942357539],[127.9355520923188,34.97914375408398],[127.93525772321196,34.97922999142257],[127.93490812463163,34.97900676173309],[127.93467175812066,34.9787070451708],[127.93455627747714,34.978395474150695],[127.93450265534865,34.97767294519705],[127.93458897121451,34.977390664467684],[127.93485263223286,34.97745793887547],[127.93503578933924,34.97761836488927],[127.93534807422691,34.97759425585922],[127.93555093020791,34.97750398216769],[127.93567570043737,34.97721482494499],[127.93588415769482,34.97715120582881],[127.93651480991478,34.97746447312342],[127.93698522444464,34.977490461823244],[127.93783025621269,34.97728983345767],[127.93820366672489,34.977028595559105],[127.9387991598334,34.97688679921747],[127.93914770878871,34.97689528067986],[127.93947948530291,34.97701621632609],[127.93954499344487,34.97735281277423],[127.93948688526703,34.97766414536978],[127.93898792953962,34.97765620603211],[127.93879700398479,34.977739011113506],[127.9385960566037,34.97821217492919],[127.93845008450775,34.978323871090886],[127.93790827826165,34.978142452339306],[127.93761870514062,34.978133972128326],[127.93718749944149,34.97844319941882],[127.9368680266123,34.97896520046985],[127.93648204710549,34.97903636503669],[127.93603386545739,34.97923942357539]]],[[[127.95967866430519,34.97951688507117],[127.95987390067816,34.97963795156556],[127.95991674248609,34.9798013680279],[127.95968842184385,34.98003586368492],[127.95961445758152,34.98023767380028],[127.95942048218468,34.98010364417154],[127.9593343430553,34.9799338807926],[127.95951251063812,34.97975587285466],[127.95956222826673,34.979574643827696],[127.95967866430519,34.97951688507117]]],[[[128.00142912391496,34.98034095684799],[128.00160305653918,34.98052806357097],[128.0016098428782,34.980654576926],[128.0017736409328,34.98068431567655],[128.00181053218301,34.980757627577326],[128.00137842709498,34.98098166233104],[128.0012933410937,34.980917238400764],[128.0012858660189,34.98039647304689],[128.00142912391496,34.98034095684799]]],[[[128.00012528065048,34.98107527343293],[128.0005325046269,34.98143194225271],[128.00055883722564,34.98161893470002],[127.99999877018169,34.98215666095204],[127.99977000571349,34.9822808203375],[127.99972666906065,34.98196805158165],[127.99947917118033,34.98175472392016],[127.9992313914659,34.981220556843795],[127.9996783396199,34.98089666818869],[128.00012528065048,34.98107527343293]]],[[[128.0109251146469,34.9838341411886],[128.0111907605291,34.984302017696336],[128.01112146642703,34.98442701924318],[128.01091799501214,34.98450801452281],[128.01074972584718,34.98434844915676],[128.0106734742549,34.983968364321875],[128.01076041385764,34.98386046141933],[128.0109251146469,34.9838341411886]]],[[[127.93958015345805,34.9857185123139],[127.93926758937269,34.98593546799841],[127.93900075627607,34.98597677679228],[127.93885952394392,34.98587060013666],[127.93885874790458,34.98580258220429],[127.93922021676697,34.985717367594674],[127.93955498041775,34.98546492405042],[127.93975059462066,34.98547958944307],[127.93980559303404,34.98567490848811],[127.93958015345805,34.9857185123139]]],[[[127.9990483664254,34.989948694221056],[127.99880537707041,34.989772075551876],[127.99915394042074,34.98952994677315],[127.99930905392671,34.98959355749314],[127.99947495867963,34.98980153629688],[127.9990483664254,34.989948694221056]]],[[[127.96949361226946,34.99037060170167],[127.96845359765044,34.990243340816015],[127.96795000061776,34.99009249737714],[127.96760278039376,34.98987611389867],[127.9673447253275,34.9895824582756],[127.96707317902623,34.989475064148095],[127.96665971691705,34.98959444955872],[127.96656667073556,34.98985110830787],[127.96637305261414,34.98999917142048],[127.96609138519534,34.98998305246824],[127.9657858315246,34.98977860869878],[127.96649944106159,34.98877833574619],[127.96640250505274,34.98867888694456],[127.96576278341493,34.98845417211566],[127.96555544491534,34.988206925114746],[127.9654061104108,34.98778888940196],[127.96513110878901,34.9876066708642],[127.96557500247428,34.986983892678275],[127.9657311120874,34.98658472671662],[127.96579166809836,34.98591444060545],[127.96604389308882,34.98576083767885],[127.9662069486266,34.985427503574925],[127.9661505616178,34.98483778089225],[127.96587944026214,34.98458611174005],[127.96543722121929,34.98436222038396],[127.96535028133754,34.984178055685376],[127.96555542802753,34.98390280419162],[127.96565749623917,34.98354833250557],[127.96612794280018,34.98312594402275],[127.96562638406785,34.98220999723201],[127.96506250429294,34.982004441467346],[127.96399944586625,34.982248614789306],[127.96392032749803,34.982711648631955],[127.96364636446022,34.98280781565262],[127.96339403971733,34.98300961816353],[127.96323225601266,34.98293132272936],[127.96256884050028,34.983451042900356],[127.96247783170017,34.98337608827173],[127.96316713819542,34.982838694986306],[127.96312780632982,34.982336129577455],[127.96333834032049,34.98221111125025],[127.96353000710856,34.98165916792747],[127.96345777576238,34.98147721889103],[127.96310111195517,34.98124611468669],[127.96303777977687,34.98055861325805],[127.9623424991509,34.980166390240115],[127.96233500249076,34.97975499586757],[127.96251444233116,34.979570276992916],[127.96249916757334,34.97932805375319],[127.96319694372126,34.97857694767416],[127.96347000282819,34.977993333926044],[127.96367000660081,34.977058334465504],[127.96344944054339,34.97645555435216],[127.96256500312971,34.97624999588709],[127.96188361554564,34.97634111316027],[127.96194250240085,34.975693609284356],[127.9620933313633,34.9756033341611],[127.9628419476617,34.97609778053995],[127.96325139056137,34.976100553881],[127.9634680522572,34.975987780929884],[127.96379999848078,34.97605138633007],[127.96428333449165,34.97557666902785],[127.96431861388149,34.9749869465279],[127.96447444731946,34.97492416493927],[127.96472805930031,34.974549724634315],[127.96484778261811,34.97410639413934],[127.96439944620495,34.97365361474899],[127.96429110947494,34.973241109710564],[127.96415695093512,34.97309194850625],[127.96335139394436,34.97320750406607],[127.96302499548469,34.97308166981448],[127.96296083697516,34.972854165166524],[127.96272500073289,34.97253860898621],[127.96272111370396,34.972269165516416],[127.96230333425864,34.971907775528784],[127.96245722229806,34.971670557253795],[127.96329138950772,34.9715869408712],[127.96345000519989,34.97141249764749],[127.96353888565474,34.97145916783201],[127.96379444633585,34.97119833636138],[127.96422500310966,34.97113333870423],[127.96460694854109,34.97067194463968],[127.96540332367533,34.970619837053135],[127.96583361340457,34.97040277911483],[127.9659663857687,34.97016444348119],[127.966370283247,34.970060279741254],[127.96682000666894,34.96952388863425],[127.96721471989561,34.96945944470363],[127.96773471971993,34.96957472129583],[127.96817500271641,34.969376945341516],[127.96888852904459,34.968436758826535],[127.96894468661145,34.96812591564222],[127.96886064532076,34.96810425033956],[127.9689558077592,34.96807541411902],[127.96908944690665,34.967291665953105],[127.97029587506603,34.96690529769836],[127.96973872314513,34.965797391132355],[127.96981015698209,34.965773295385304],[127.97052577402901,34.96711096844511],[127.97099897266233,34.967268552506894],[127.97147231727114,34.967180554692725],[127.97120546338971,34.966631742685244],[127.972308669086,34.96624671167286],[127.97224010633404,34.966066108470656],[127.97175524236388,34.96527072332355],[127.971657471588,34.96523685773657],[127.97060492342355,34.96555009121479],[127.97057254486998,34.96547658429589],[127.97175398765903,34.965099604329936],[127.97219468280696,34.96573289428014],[127.97230450913439,34.96582418666162],[127.9724475289174,34.96578539214685],[127.97269558428445,34.96610970116579],[127.9731327724063,34.965991664546486],[127.97360577551768,34.96572379718511],[127.97454722893042,34.96578916465859],[127.97535555442504,34.96554527895561],[127.97595999633052,34.96558333563799],[127.97631972367654,34.96575527821557],[127.97696472437681,34.965723329360614],[127.97779347529062,34.965544124523234],[127.97817295973309,34.965109947101574],[127.97836694487341,34.96466138974612],[127.97908528071886,34.96418472074165],[127.97954194900444,34.96402527740497],[127.97982305887723,34.964041387618074],[127.98150861133226,34.96379083151017],[127.98203222315193,34.96358166927223],[127.98253277717433,34.96350389042614],[127.98277305021765,34.963290274954126],[127.98318361625503,34.96311472301673],[127.98367471690537,34.963129448566995],[127.98370861417881,34.96329888819966],[127.98410920833093,34.96325185526347],[127.9841116498993,34.963316849153394],[127.98381031771706,34.963370208276096],[127.98371111652972,34.963543888695035],[127.98276722827546,34.963767222184806],[127.98254000486503,34.964019445117515],[127.98248888937728,34.964251945938116],[127.98279528295379,34.96502916386355],[127.98346483020488,34.96562089190325],[127.98366346569853,34.96568280967064],[127.98346861023816,34.96565778048984],[127.9839219462116,34.96584695046192],[127.98569610809004,34.966045838559474],[127.98644803306571,34.96626115606319],[127.986721386272,34.966227775921],[127.98704360688033,34.966054722882625],[127.98754194200791,34.96604944553139],[127.9880675050275,34.965904443340165],[127.98882806057499,34.96657610706478],[127.98894833405996,34.96685000095178],[127.98970250241263,34.967819442099206],[127.98999500058574,34.96791000416396],[127.99043861407502,34.96780500420411],[127.99064277425006,34.96762638756601],[127.99062583418036,34.96704055471322],[127.99076971807193,34.96653389021941],[127.99071360929929,34.96589499859604],[127.9908333338303,34.965699999114484],[127.9918736083629,34.96541861686539],[127.9921733357821,34.96505222489648],[127.99250917008928,34.96498166317789],[127.9926141673439,34.96521916446564],[127.99158361143294,34.966927225974125],[127.99110500436626,34.9673136091456],[127.99110444296373,34.96767972046374],[127.99123805505714,34.96790666950852],[127.99169055768542,34.968339449573435],[127.99212139192656,34.96858944157923],[127.99233777543628,34.968604726369335],[127.99275749793087,34.96834638780213],[127.99304917222723,34.9682883359057],[127.9939428715668,34.96832272059021],[127.99430541695818,34.96824619387302],[127.99446215333433,34.96808076692827],[127.99438861676848,34.96804006071311],[127.99448908215761,34.96802860179198],[127.99484962923003,34.967665598743224],[127.99499970027041,34.967304995562074],[127.99486515640739,34.967211926407415],[127.99490590948896,34.96713308555271],[127.9952397071555,34.96730921197651],[127.99507271362455,34.967604030559144],[127.99517733150864,34.96764087644253],[127.99508189626297,34.96785543806766],[127.99534946542398,34.968125847451056],[127.99520361154656,34.96824027849529],[127.99527722303665,34.96828805893777],[127.99518028047986,34.9682622182143],[127.99497916412486,34.968501667525615],[127.99457944801998,34.96864638912195],[127.99434832988908,34.96919138515563],[127.99442194122176,34.96969305457229],[127.99505277783173,34.97043749613001],[127.9950388835093,34.97069833237682],[127.9947550045785,34.970908056495766],[127.99448256621946,34.97094384513506],[127.99399115945452,34.97041649214792],[127.9932305529545,34.97038749996619],[127.99311258879489,34.970159659208385],[127.9925182669091,34.9698255878346],[127.99227134672275,34.96978799104895],[127.9919038877252,34.96986277683369],[127.99170305761389,34.97002166467118],[127.99161249672194,34.97023555364799],[127.99133278001672,34.970426947700126],[127.9914786085038,34.970846665360675],[127.9914416687766,34.97110611203767],[127.99105305846602,34.97149444536659],[127.99102139079116,34.97169166425518],[127.99113555259574,34.97205500023067],[127.99092305505259,34.97234860743272],[127.99073527468876,34.97216778005949],[127.99068832869746,34.971744722416254],[127.99048111225936,34.97149556017662],[127.99044629437539,34.97120842452431],[127.98901319900773,34.97058508349483],[127.9885661073824,34.971075556944925],[127.98862696813012,34.97126790328548],[127.9884222226459,34.97209610855572],[127.9878677798152,34.97262888775178],[127.98757917150614,34.97264555766897],[127.9874129121353,34.97273288022346],[127.98728967163792,34.973078095315834],[127.98747327469101,34.973142030089505],[127.98727621587673,34.973111986986616],[127.98722227822165,34.97332848589862],[127.98715561030907,34.97331182145334],[127.98721478174441,34.973097983336636],[127.98701864870465,34.973063848526955],[127.98722050815529,34.973063244392584],[127.9873158327145,34.97273138881454],[127.98727500073984,34.97228527762423],[127.98705722208578,34.97183777426002],[127.98701778190437,34.97146916704626],[127.98715555215075,34.971318334543035],[127.98753166945576,34.97123611064949],[127.98787194072071,34.97092528323598],[127.98809860663901,34.97016056129701],[127.9885150061455,34.96965111417542],[127.98850278261763,34.9685844485553],[127.98829527729896,34.968422219171266],[127.98752194458217,34.96832555968601],[127.98702083391905,34.96788972440169],[127.98690499698634,34.96771333648259],[127.98689417188348,34.96720971787559],[127.98656416333598,34.9666933347756],[127.98598805192692,34.96660083105032],[127.98565416564107,34.96682222502375],[127.98508750720917,34.966934984208706],[127.98480277861098,34.96796694187821],[127.98422611480204,34.967977223844095],[127.98394305912602,34.96815944362535],[127.98390222018745,34.968256668511266],[127.98400971737932,34.96857944276968],[127.98391694329621,34.968997218744434],[127.98378972348668,34.96911472066988],[127.98334147875693,34.96928436038751],[127.98311027132257,34.969157476205844],[127.98288574723176,34.96871275025063],[127.98275471784034,34.968648057514315],[127.9824716990537,34.96875400203871],[127.98206030636403,34.96941505760957],[127.9817263090184,34.96944177949629],[127.98168820486748,34.968640623033664],[127.98156055428495,34.968317504588995],[127.98112417219978,34.96843139146272],[127.98052693969971,34.96874666453106],[127.98033878394617,34.96868706369021],[127.97921730096071,34.97058128870113],[127.98011586721518,34.97127066798389],[127.9808049999212,34.971369722389504],[127.98125055820847,34.97131499934902],[127.98139694058007,34.97167611053542],[127.98163583470559,34.9718594414281],[127.98215166250621,34.97185444129915],[127.98265444539751,34.972100279291205],[127.98288999552759,34.97238194369736],[127.98290889195381,34.972751945095816],[127.98306972171302,34.973077775737195],[127.98296166719982,34.97317500430149],[127.98266138844477,34.97317666798034],[127.98246750093918,34.972963609538056],[127.98178639530343,34.972701663744985],[127.98137555275946,34.97245250097208],[127.9810186144591,34.972045833240934],[127.98077277618793,34.971954999089895],[127.98048071393893,34.97199612453199],[127.98034722932489,34.972148330242405],[127.98031555495507,34.972555830691384],[127.98017472478712,34.97273222370023],[127.97969583355432,34.972762777180826],[127.97865999698277,34.973461666633256],[127.97758333320296,34.97370277770807],[127.9772186089316,34.97425194479092],[127.97632904472022,34.974637393448916],[127.97631833815818,34.97479917192306],[127.97643782802659,34.97494393063522],[127.97695861626823,34.97515111536597],[127.97695555494063,34.97541333087971],[127.97674444583708,34.97567110984565],[127.97674916120944,34.9760138884441],[127.9771194491796,34.97639499777344],[127.97744416566196,34.97730444316495],[127.97727111478609,34.9775849990868],[127.97711611327843,34.977681392491974],[127.97584388637719,34.97745750043525],[127.97528777487166,34.97709833081963],[127.97454193051195,34.97705009502438],[127.97429277637846,34.97713305347324],[127.9742369447534,34.977314724439196],[127.97435694145251,34.97767333455559],[127.97431833333702,34.97785583188027],[127.9738094494862,34.97811860899503],[127.97361972597172,34.97830833062781],[127.97398194017252,34.979132496886855],[127.97373667057352,34.97944333582068],[127.97350305294565,34.98032610748518],[127.9735141954037,34.98040608502756],[127.97437555403215,34.98113777964765],[127.9743217590658,34.98116995635373],[127.97353150577776,34.98050199293671],[127.97265194467425,34.98052833120323],[127.97225643568893,34.98046016678111],[127.97141870603787,34.980018994915035],[127.97101531788503,34.980607688248895],[127.97055277339011,34.98107555946915],[127.97089916586069,34.981345834036624],[127.97092888602522,34.981726944061606],[127.97039083449721,34.981681392744186],[127.96992444402076,34.98174778101293],[127.96969055788298,34.9815686146146],[127.96953222088486,34.98130083776266],[127.96917333198738,34.981072779073166],[127.96894722392938,34.98109444928424],[127.96889721760937,34.981590559608655],[127.96871861182308,34.98185277892388],[127.96833861387657,34.98168750242064],[127.9680980569924,34.98146888966018],[127.96764173747958,34.981487435598304],[127.96709694116238,34.98126666568292],[127.96608777383081,34.98153555770044],[127.96576928692598,34.982001804469434],[127.96576720153242,34.98215902392184],[127.96619750381618,34.98295417120999],[127.96665805664814,34.98310305782444],[127.9670722284239,34.983697781716145],[127.96795889122531,34.98441222179485],[127.96829323246283,34.98444171530879],[127.96914611550214,34.98408833554846],[127.96960083792472,34.984340829397695],[127.96979944824679,34.98434194751437],[127.9702758396484,34.98416027909532],[127.97054027928814,34.983939446505815],[127.97132250246173,34.98409361132931],[127.97128471939317,34.98427166689185],[127.970877780393,34.984285837586015],[127.9705222180596,34.98463528156691],[127.9700044459042,34.98467833036867],[127.96971778279428,34.984871389525885],[127.96960000249058,34.98511805419472],[127.9691638855068,34.98517056020087],[127.96839444404303,34.985023616437665],[127.96802265445638,34.98517169675259],[127.96800719699108,34.98550711013343],[127.96816639695285,34.98603579280265],[127.96866780231272,34.98636814718592],[127.9686391641982,34.98666666553291],[127.96885611797396,34.98700361271592],[127.96900666340338,34.986993334907766],[127.96909060146054,34.98709933879648],[127.96947578247044,34.98692915511159],[127.96981657356865,34.9874432437064],[127.96974889269951,34.98746394702659],[127.96983694594158,34.98785194683795],[127.96943388942302,34.988738615154446],[127.9685577923095,34.98869845008965],[127.96782099861558,34.9893747163576],[127.96773787954406,34.98937930001022],[127.96775198177814,34.98949243150253],[127.96807432404287,34.98964057518264],[127.96845596004671,34.9900598628486],[127.96933348620678,34.99025532800489],[127.96949361226946,34.99037060170167]]],[[[127.93118430861011,34.9965399412316],[127.9311658139511,34.99674540882063],[127.93102298647871,34.9965427107324],[127.93110114570692,34.99649011268835],[127.93118430861011,34.9965399412316]]],[[[127.93200855928347,34.99719581454039],[127.93222565059959,34.99734110225357],[127.93220598933556,34.997837559706326],[127.93228089714552,34.99800240709712],[127.93223129682633,34.99820879891519],[127.9320429205308,34.99838103188427],[127.93176531158562,34.9981896721423],[127.93157284826316,34.997707615038784],[127.9316726409149,34.99737474970141],[127.93200855928347,34.99719581454039]]],[[[127.93345585538133,35.003043588219136],[127.93336289634702,35.00317424244078],[127.93320076083648,35.00322308471067],[127.93295799334727,35.003184631583416],[127.93280035819993,35.002992650785],[127.93283970682378,35.00230144971621],[127.93272684002555,35.002162836138496],[127.93268909780134,35.001684093475276],[127.93287546170976,35.00130962650783],[127.93281124268563,35.001232092560535],[127.93308209561268,35.00106560677211],[127.93330881840029,35.00109172621788],[127.93337295686686,35.0012025486426],[127.93357460484025,35.00126865978317],[127.93354511511542,35.00142287433444],[127.93371787942054,35.00164386128227],[127.9337437525775,35.001997387818406],[127.9339350497204,35.00231875877207],[127.9336786910858,35.00285848944391],[127.9337031290874,35.00295475069657],[127.93345585538133,35.003043588219136]]],[[[127.93662862133182,35.00297139010255],[127.93629199348631,35.00321345018475],[127.93587963763936,35.00325692984556],[127.9355961285998,35.002978822758685],[127.93569354649965,35.00229975540959],[127.93597816002246,35.002025994827825],[127.93633791210372,35.002028660857675],[127.93695582337989,35.00238526374207],[127.93713189984624,35.00281128920644],[127.93662862133182,35.00297139010255]]],[[[127.93301876488381,35.00461926229099],[127.93305800236968,35.00497035875096],[127.93291423647135,35.005076434018875],[127.93270033878589,35.00495986568156],[127.93257537992338,35.00463313829599],[127.93269966349098,35.00443114051472],[127.93268358227918,35.00418162112857],[127.93306141739431,35.004073609369875],[127.93337788792599,35.0042087203093],[127.9332173743448,35.00422758856086],[127.93318990361135,35.00440629678338],[127.93301876488381,35.00461926229099]]],[[[128.03542021176477,35.01627210725444],[128.03578754140176,35.01658887830351],[128.03571888780897,35.01672772737582],[128.03551263184553,35.016654002483314],[128.03535976468032,35.01632510516403],[128.03542021176477,35.01627210725444]]],[[[128.00872725881314,35.01972305354442],[128.00871098549462,35.01973007769472],[128.00871151155062,35.01970776581269],[128.00872725881314,35.01972305354442]]],[[[128.03919237025764,35.0342391142253],[128.03881970076037,35.03444513127373],[128.03864907094717,35.03440192252066],[128.03850535436163,35.03399149807941],[128.0385774940209,35.033737905777855],[128.03885490081808,35.03379589229759],[128.03924313221682,35.0340255792041],[128.03937815088318,35.034220398315036],[128.03919237025764,35.0342391142253]]],[[[128.00300588917418,35.03550929420603],[128.0047037325929,35.03618493776893],[128.00542094399484,35.036763031410125],[128.0057536712937,35.03691558596986],[128.00595464143265,35.037278713820754],[128.0059561387934,35.03754065912834],[128.0057757473614,35.038091831344815],[128.00549190073434,35.038250959698956],[128.0053010649209,35.03850382588798],[128.00488847696303,35.038644642826604],[128.00379239315865,35.038575258148605],[128.00355174876788,35.038510424742384],[128.00309399346182,35.0380958044086],[128.0029629806536,35.03760351610377],[128.00299637404976,35.03677633560369],[128.0028657188537,35.03659697905892],[128.00277479818905,35.03604824026539],[128.00290172776977,35.03557171427275],[128.00300588917418,35.03550929420603]]],[[[127.9811482958638,35.15811121306871],[127.98066597372767,35.15913744461496],[127.98075809386764,35.159260811699724],[127.98023516116514,35.15937028289942],[127.97986765221926,35.15928868172472],[127.97914588634914,35.15888569414927],[127.97865203479564,35.15875182351581],[127.9780726342731,35.15838444263071],[127.97734352155902,35.15838506323116],[127.97592049386822,35.15757247690145],[127.974861972613,35.15765256786367],[127.9741623418437,35.15779842203987],[127.97353510048099,35.157290311577924],[127.97299111945443,35.15661318530872],[127.97260444068239,35.15640563992068],[127.97207372002148,35.156280268425135],[127.971282960599,35.15720003299011],[127.96972912640202,35.15781075155452],[127.96952389411501,35.15838023504726],[127.96912662575069,35.15860089498797],[127.96875667002226,35.15864340886908],[127.9667910769543,35.15715617664771],[127.96717339072954,35.15571178924958],[127.96680254574635,35.154618162896334],[127.96652826396058,35.15443895829049],[127.966302045455,35.15449055759311],[127.96504746640316,35.1539724916896],[127.96501275154874,35.15336066060427],[127.9644213954522,35.15312890943354],[127.96367617081384,35.151050454857014],[127.96340563850725,35.15110904427973],[127.96298796974459,35.15052683855438],[127.96186083085549,35.15069759080571],[127.96289600912125,35.151931005235305],[127.96367498722667,35.15342651593956],[127.96382125418019,35.1543204445932],[127.96379673703946,35.15503809307288],[127.96350844190144,35.15561266287419],[127.96280426163423,35.156100751180794],[127.96187442526414,35.15705495519603],[127.96121302985543,35.15747252865352],[127.96084603113536,35.15755561476801],[127.95876801821208,35.15750711180603],[127.95827615433973,35.15760205691446],[127.95826913945959,35.156888831899536],[127.95789275852121,35.15682285386328],[127.95613144495617,35.15677944909584],[127.9548374224415,35.15597009214378],[127.95499002289462,35.155751828034695],[127.95420388917078,35.155187698608955],[127.95378141888011,35.15465225294125],[127.95393295597054,35.154235356059296],[127.95406349048756,35.154130273804405],[127.95381412445988,35.15385672165028],[127.95243164228843,35.1533642137595],[127.95152195174128,35.15264190952608],[127.95101645856218,35.151973917610015],[127.9501555405138,35.15207977731379],[127.94978372388196,35.15233285662894],[127.94913341110492,35.15255552115923],[127.94818135519273,35.15266797696644],[127.94738104149515,35.15297042571339],[127.94669041483998,35.15275153316776],[127.94627223161183,35.152812147122205],[127.94554866860199,35.15315206657869],[127.94506968469136,35.15305019863047],[127.94433627719356,35.15311789127866],[127.94350537701186,35.153097099711935],[127.94316831046251,35.152731036807666],[127.94256703973032,35.15270678551155],[127.94227202292595,35.152256914614384],[127.94227856880175,35.15215267080615],[127.94186677846959,35.15194098679232],[127.94047901999309,35.1519947683228],[127.94027622227591,35.152144104008606],[127.93916901156572,35.1524521201797],[127.938901908939,35.152449039336275],[127.9386144705321,35.15258743446303],[127.93794112739481,35.1521841914587],[127.93738434873626,35.15164497488825],[127.9369681448031,35.15145590143014],[127.93660267027205,35.15134508734007],[127.93590935794253,35.151395295040494],[127.93500223052176,35.150995233459426],[127.93444966412034,35.1500891171364],[127.9338906860752,35.1498184835436],[127.93337077050843,35.14984751281743],[127.93306707984057,35.14974156528115],[127.93260198261856,35.14979292551988],[127.93183903351401,35.14972491487678],[127.93144978216158,35.14945587775066],[127.93103450398797,35.14795654226492],[127.93120716032792,35.14712472123931],[127.931638285791,35.146679251012024],[127.93166826587411,35.146154644435484],[127.93154096054226,35.145471595258314],[127.92988759571529,35.14476172411689],[127.92925989765276,35.14541033397044],[127.92866545395538,35.145446863965255],[127.92764440050422,35.145851206033306],[127.9271807285117,35.14627217816328],[127.9271192873555,35.14646577089077],[127.92724366424616,35.14715904065213],[127.92722292894123,35.147733022054055],[127.92665930838177,35.1479968169004],[127.92640203714986,35.148244534157286],[127.92521989605154,35.14822336647218],[127.92455635710935,35.148405145039476],[127.92409712771514,35.14866915910664],[127.9237286016817,35.14909149094295],[127.92297005106273,35.14961584384203],[127.92182602784672,35.15004514860354],[127.9214412042927,35.15032560409502],[127.92035490529732,35.150051797689265],[127.91862744406605,35.14987768264466],[127.91648033047322,35.15001922612771],[127.91428907894627,35.15003074536905],[127.9134506879161,35.15056783479718],[127.91298874767106,35.15098062409931],[127.91237346404372,35.15082260059073],[127.9115278094304,35.150004456238555],[127.91107987017709,35.148628246103065],[127.90965905109256,35.14839966014497],[127.90746032155585,35.1496891040139],[127.90705772475823,35.15007730155225],[127.9068015595073,35.1507250803613],[127.90575759009742,35.15210831677936],[127.90496819940644,35.15230892540052],[127.90432135156044,35.15323203838119],[127.90358402991241,35.15403216512945],[127.90309019600564,35.154867955434085],[127.9021855525212,35.15482183998468],[127.90129269839856,35.15520343180455],[127.90028267372601,35.15544771435972],[127.90008822933285,35.155730513582554],[127.90010666096549,35.15586671965824],[127.899596886854,35.156016411084245],[127.89947340032343,35.15624907263142],[127.89885960959545,35.15668906605003],[127.89857300690973,35.15673041500603],[127.89853395452968,35.15664798259095],[127.89819056614446,35.15660611433751],[127.89764644672637,35.156294696624244],[127.8970074446429,35.156317791277104],[127.89639063188882,35.15643098492665],[127.89620625560809,35.154849172523356],[127.89632343196426,35.15421579881646],[127.89616780922934,35.153667117107325],[127.89654690628866,35.15303470964417],[127.89651752294186,35.15279868296782],[127.8950988886357,35.15265771387754],[127.8947107973812,35.15242183696252],[127.89442793072152,35.15261816318488],[127.89374648626604,35.15256585113514],[127.89356702729114,35.15267071563443],[127.89244992325172,35.15226165333056],[127.89124059186568,35.15154799803304],[127.88827005506813,35.150988225262104],[127.88703193119639,35.15062930938403],[127.88519893290224,35.15024511194796],[127.88461648399347,35.14968071588186],[127.884786818429,35.1485502107198],[127.88459925240086,35.148119349932585],[127.88447678080676,35.14802728032955],[127.88451168347905,35.14785318001891],[127.8844256150305,35.14774720760885],[127.88315893001248,35.147862832169054],[127.88258734427575,35.14764154306229],[127.88181863978832,35.14792110453862],[127.88134679379567,35.148007651053234],[127.88085231375854,35.1484882010422],[127.88035501377556,35.14871315584162],[127.88004029095312,35.14871047157201],[127.88003289500476,35.148523745927214],[127.87978312417872,35.14810618362248],[127.88018183841729,35.14779347898891],[127.88025405392702,35.1474719495418],[127.88013625064438,35.14749106583259],[127.87995777405314,35.14738872725564],[127.87985704579636,35.14712700995647],[127.87979146279228,35.147130624016654],[127.87970736868674,35.146894219699966],[127.87983568575193,35.14674978110037],[127.87960713786528,35.14604661448226],[127.87896450163943,35.14564337691474],[127.88072213708915,35.14338227373513],[127.88125282479129,35.14236872829098],[127.88112053300866,35.14220625842286],[127.88066872131871,35.140572206805814],[127.88092672689922,35.13932210386651],[127.88140586230615,35.138669701660625],[127.88239787196208,35.13796366380749],[127.88221421132398,35.13686479966678],[127.8823231931609,35.13655266561658],[127.88332740208214,35.135824186485756],[127.88423579342782,35.1348117076445],[127.88512535405802,35.134281040418756],[127.88512690244593,35.13411102392658],[127.88460754451896,35.1335695454671],[127.88442887683225,35.133180700278984],[127.88521743282105,35.1319068378552],[127.88503710955858,35.13115352984665],[127.885437654751,35.1304563109167],[127.88640426292123,35.130342586822195],[127.88701159245275,35.1305579377204],[127.88795292056626,35.13059162447459],[127.88864651445546,35.130444157212104],[127.89034541179677,35.130989232039006],[127.89108505108568,35.131011978439204],[127.89110688717632,35.13075812318769],[127.89136804014557,35.13064538963218],[127.8923740904756,35.1299057021901],[127.89238393494303,35.129108301220114],[127.89344026107804,35.12834753122046],[127.89454334305812,35.127912958532455],[127.89555799164104,35.12639255242058],[127.89635430114545,35.12610991523081],[127.89732306433169,35.12604374933388],[127.89808203557624,35.12607257560439],[127.89903076082368,35.12642601138128],[127.90008370956826,35.125879055029756],[127.90202088262912,35.12551137724447],[127.90301621008146,35.12460442235622],[127.90294871775866,35.12413937467268],[127.90418020217457,35.12404419543515],[127.9048798712646,35.12380467596667],[127.90534838020777,35.12339459570125],[127.90563106848957,35.123354324261804],[127.90577369038304,35.122788312718576],[127.90625810090717,35.12167715284047],[127.90654751975026,35.121469562718616],[127.91050200160802,35.12065852236473],[127.91085476663172,35.11835804788206],[127.91001384625599,35.11708632299141],[127.90929517037343,35.11668963655101],[127.90776391956547,35.11603872265336],[127.90724736967982,35.11538813387945],[127.90607196440354,35.11435607187878],[127.90641464967351,35.11416755517626],[127.90684814426604,35.113201513681005],[127.90611970582628,35.11293631508087],[127.90611084901872,35.11370799306783],[127.90579835719673,35.11389892725488],[127.90477087489828,35.11325463205181],[127.90423296827011,35.11307340853281],[127.90271178970151,35.11154331155354],[127.90189908018952,35.11131460205732],[127.90099698185003,35.11115775413143],[127.90078835412433,35.11119719277556],[127.89968617681369,35.10967369094785],[127.89983304687263,35.1088333063806],[127.89955013099203,35.10818955947426],[127.8993596904286,35.10739764307094],[127.8999695138994,35.10713543575037],[127.90004322207498,35.10649200054692],[127.90058229414176,35.10614800846236],[127.90162368532667,35.104748589047375],[127.90272535046232,35.104405344572534],[127.90297584622496,35.104224480003495],[127.9029758460506,35.10359574416533],[127.90406769023943,35.10294360310013],[127.9045503785924,35.10192790329261],[127.90546338778631,35.10126682762327],[127.90621395439268,35.10102915347862],[127.90718707654543,35.10054390646622],[127.9081957078857,35.09926096664135],[127.90893135301414,35.0988392124089],[127.90931653973222,35.09812909631975],[127.90861800639446,35.09737993233502],[127.90766422334957,35.096996412478035],[127.90712699256757,35.09696440843156],[127.9064359400162,35.097232909802976],[127.90505647490734,35.09637248070095],[127.90428972508647,35.09619099828089],[127.9031409277532,35.095635270451496],[127.9018721563723,35.09526678244866],[127.90224545368923,35.09478101849971],[127.9019901795938,35.09310557182091],[127.90165565213492,35.09290684242628],[127.90213254417287,35.09174232968397],[127.90234305521795,35.09140991635062],[127.90249055918592,35.0913262050083],[127.90258176151637,35.09026623340304],[127.90278566124526,35.08979697404099],[127.90259830418678,35.08922619587902],[127.90252589371322,35.08846604906107],[127.90228250443687,35.08761185880592],[127.90110778740383,35.087341646083175],[127.90016090826055,35.08770753154877],[127.89748947962144,35.086867515318374],[127.89351369674422,35.08656627491596],[127.89458463931027,35.08438732769755],[127.89578522526035,35.08234367496684],[127.89622689939328,35.08122115634698],[127.89677925803942,35.08033123627713],[127.8977201201701,35.07912095754237],[127.89864857511893,35.07885287051702],[127.90021314832975,35.079321395309414],[127.90200531019342,35.07964951534012],[127.90295999263519,35.079390257129376],[127.90343516982101,35.07962054679848],[127.9047265227712,35.0793496491548],[127.90631810228237,35.078820349396366],[127.90746560865118,35.0771366096132],[127.9079746949982,35.0754445172685],[127.9084821424983,35.07410958687581],[127.90831872367288,35.07342146427736],[127.90984667342704,35.073374742828236],[127.91170831548035,35.07344905180926],[127.91204077740889,35.07214948157066],[127.91220931530201,35.07052702383034],[127.9126442148856,35.06990072122242],[127.9137587053994,35.069218006071694],[127.91344379480546,35.06713975575404],[127.91419386519331,35.06645331136685],[127.91420766031187,35.06587065172276],[127.91446751963694,35.064531041245544],[127.91487989553393,35.064378776233205],[127.9152588477633,35.0640812677434],[127.91888820230884,35.06355702259702],[127.91934955334304,35.0636875242019],[127.9197895880647,35.06419937476497],[127.92019103066274,35.06434234934425],[127.92038567794043,35.0641740674286],[127.92045328884453,35.063798998082085],[127.92159086428616,35.062850098047655],[127.92226737500351,35.06206347547273],[127.92256275459592,35.061122238174725],[127.92295679293726,35.06026195395727],[127.92365190439975,35.05911369496857],[127.92365986950963,35.05832078944899],[127.92375822879491,35.05798449485412],[127.92418077900628,35.05737794110777],[127.92432210718515,35.05701491824975],[127.92392768416536,35.05663489729821],[127.92351280564091,35.05645309020157],[127.92447284383128,35.05463679373243],[127.9244662910235,35.054194813249886],[127.92472806884244,35.05371050067158],[127.92593119678756,35.05317843089995],[127.92676919319155,35.05270286326517],[127.92678471680397,35.05239694259933],[127.92729153017156,35.051040070802564],[127.92747596537043,35.050769272377416],[127.92830206574337,35.050458323009174],[127.92860538033861,35.05051294252273],[127.92944877684535,35.05038964598207],[127.92957819751247,35.050111370799584],[127.92984713441776,35.04993139094157],[127.9299491116919,35.04957406971364],[127.93073674985372,35.049040239119655],[127.93086563732656,35.04842446379378],[127.93118359061593,35.047735384063095],[127.93087187818806,35.04695023487051],[127.93036075502339,35.04629457353123],[127.93031964238436,35.0458908044745],[127.92942565124865,35.04582839652113],[127.92896238683839,35.04551993265847],[127.92812963658184,35.04521129976882],[127.9276019403554,35.044630319277],[127.92697837087832,35.04304022601075],[127.9270436846675,35.04271222119299],[127.92391950010602,35.041829896989476],[127.92377991291637,35.04093684459298],[127.92390396972564,35.04037995928749],[127.92326268101777,35.038011490725175],[127.92436615086726,35.03748645811052],[127.92471006055894,35.03522325371026],[127.9241005965709,35.034062322551044],[127.92322699110606,35.0338049258516],[127.92295088105405,35.03311130161464],[127.92387239813608,35.03189901835714],[127.92363869937658,35.03147088464721],[127.92321321917726,35.03109474779753],[127.92514996033081,35.02953790914401],[127.92449530032293,35.027962672452965],[127.92419093378697,35.02759608097956],[127.92350114475565,35.027377919433555],[127.92312566009804,35.027095192779356],[127.92319326938305,35.026406212534084],[127.92214661800732,35.02664658600188],[127.92101351924812,35.02664152126797],[127.92019914060124,35.026111126347125],[127.91976460774504,35.0254682019856],[127.92090306922347,35.02566294096847],[127.92112647222963,35.02540155636261],[127.92043619168417,35.0247023823994],[127.92070458536739,35.024427282408546],[127.92141122394428,35.02420804885549],[127.92186192535907,35.02383614877822],[127.92189086778933,35.02368017834213],[127.92174674366441,35.023582637550646],[127.92071705258621,35.02336711948219],[127.92050821285407,35.02318787374657],[127.92054052176822,35.02282532849665],[127.92142894774118,35.02181230268896],[127.92163595352254,35.02093428264555],[127.92216348334695,35.02045863153538],[127.92319289271161,35.018555876265815],[127.92379247665784,35.01850656214147],[127.9241332687682,35.0180020531974],[127.92419272310161,35.01802363669084],[127.92277142790633,35.0156206950832],[127.92281266803552,35.015418708322045],[127.92253313865017,35.01505011083278],[127.92254612649951,35.014607000659986],[127.92530609375333,35.01382914599751],[127.92575122028333,35.01352307900439],[127.92620660146952,35.013495708332485],[127.92653843659666,35.013374366799525],[127.92746161729464,35.01328497279314],[127.92790963671429,35.01341311749327],[127.92825856238856,35.01340566307391],[127.92906241430354,35.01362992024212],[127.92975851094732,35.01344711262865],[127.92986240560178,35.0133398622528],[127.9298663623343,35.013058548880544],[127.92909307634268,35.012883120617346],[127.92873337375804,35.01269403848082],[127.9285619227525,35.01249669631815],[127.92843084350851,35.01209337627018],[127.92853923994252,35.01205259864254],[127.92866693971554,35.012285808541804],[127.92882797931394,35.01199135747335],[127.92904351584393,35.01182489139615],[127.92971474755531,35.011533788043955],[127.93023055720191,35.011412255660886],[127.93065322629046,35.01113953417757],[127.93073239236918,35.01061986093004],[127.93014580387275,35.009626331315935],[127.93025876454426,35.00914188645107],[127.93073610251024,35.00882505637523],[127.93077957478168,35.008587426822295],[127.93105376997877,35.00821553949835],[127.93177884593253,35.007958816778945],[127.93215302909746,35.00724686722273],[127.9326705015892,35.00700962517236],[127.93271951014512,35.00673817904453],[127.93284557128608,35.00665174471277],[127.93278397220226,35.00639117196597],[127.93305271808664,35.00607327640064],[127.93345661737065,35.00601846112384],[127.93404474918326,35.00635293998175],[127.93435027851937,35.006260834148534],[127.93454273974878,35.00588786339808],[127.93502687235207,35.00592735299281],[127.93518943083409,35.005733460100274],[127.93512951604598,35.00560824634707],[127.93520638634547,35.00525982554797],[127.93510682470841,35.00483182433596],[127.93529676955684,35.004746653522496],[127.93559407301922,35.00479283610529],[127.93590897195482,35.0046274637757],[127.93620354347308,35.00409681241152],[127.93654290169114,35.00387371346778],[127.93733095089289,35.00397406056926],[127.93751499470781,35.004092138667914],[127.93742367451912,35.00447204748888],[127.937031585871,35.004660508336904],[127.93694542275382,35.005116323338285],[127.93706313689664,35.005209771904674],[127.93736166682189,35.00518361220738],[127.93767597200224,35.005049543864274],[127.93846158533267,35.00519339921699],[127.94073625176657,35.00416504850928],[127.94068374290939,35.00393118858238],[127.94013847446173,35.00341188501837],[127.94018342205517,35.00337794757194],[127.94049500147426,35.00366963664466],[127.9407993174655,35.00363077634267],[127.94084048378282,35.00338288523037],[127.94075513095554,35.00285250908729],[127.94106567555998,35.00242003009518],[127.94120923360998,35.002044526571],[127.94124776145118,35.00147802952209],[127.94116016982696,35.00134773160052],[127.94063333388118,35.00091957618177],[127.93977162534496,35.001096638400014],[127.93924842813804,35.00093247097769],[127.93764972304781,34.99959694587805],[127.93664916363062,34.99913472063925],[127.93583083655855,34.99892611602686],[127.93536693921024,34.99864333449553],[127.93531083001656,34.9985736160475],[127.93542194272851,34.99830694501386],[127.93556916864297,34.99823749722156],[127.93589750001006,34.99825944734662],[127.93642416773542,34.99797750133874],[127.93664083317266,34.99799805729329],[127.93735944372229,34.99855055802442],[127.93779971760549,34.998573052780465],[127.93823999642032,34.99874750364214],[127.938655276382,34.998615554244616],[127.93907667000057,34.99877249908899],[127.9400772236141,34.99939916458162],[127.94015583791165,34.999746671561674],[127.94095472437559,34.999639999747544],[127.94168082935407,34.99994416907948],[127.9422728104142,35.00002490575665],[127.94295238085284,35.00022407935095],[127.94322252908262,35.000232533573374],[127.94358444500745,35.000004446071266],[127.94394535605952,34.99997496465708],[127.94427555948569,34.99964333484103],[127.94467139190446,34.99941138588272],[127.94476666886945,34.999425832511214],[127.94464657022596,34.99805700773254],[127.94433531402257,34.99810848043299],[127.94359520907093,34.99781981211995],[127.94311249541195,34.99799333123147],[127.94307167252352,34.99794944670059],[127.94291332933325,34.99817583161967],[127.94256639272903,34.99830249670828],[127.94141749480585,34.997905835863335],[127.94084944898843,34.99732722486521],[127.94057167185287,34.99733416398775],[127.94015555979206,34.9974613933478],[127.93988138981773,34.99715833184401],[127.93949277431545,34.99728972721474],[127.93907750368426,34.99712833678934],[127.93851278107469,34.99715361569872],[127.93805416459426,34.9969763869458],[127.93809444702562,34.99666221939579],[127.9386372216867,34.99623360869434],[127.93859722928703,34.99602333768712],[127.9387094458142,34.99620083654057],[127.93890194865556,34.996222782410904],[127.93903917065208,34.99616027657849],[127.9391880553933,34.99587527382894],[127.9392583343254,34.995588888018126],[127.93919749764758,34.995468894133005],[127.93927222326988,34.99551028215816],[127.93916888517366,34.99522416647587],[127.93922388941803,34.995189444533786],[127.93893000435466,34.994935277438664],[127.9389155612423,34.99475722060503],[127.93914750114676,34.99462749943854],[127.93935500552206,34.994343610820835],[127.94063893369687,34.993147015969065],[127.94001143946133,34.99246757667363],[127.93967833181252,34.99257777634257],[127.93948583470305,34.99278472742752],[127.9391341734136,34.99291722326728],[127.9387202737689,34.993275833308836],[127.93844166831433,34.993383615252775],[127.93821499511988,34.99334028285081],[127.93804277952194,34.993192225203025],[127.93785638996178,34.99272138787149],[127.93791583326659,34.992452779813775],[127.93748416209944,34.99220499971994],[127.93734388832155,34.992268329977705],[127.93711777816716,34.99256805902867],[127.9368008335461,34.99315417045333],[127.93628833227541,34.99293167034875],[127.93614055546206,34.99293833582876],[127.93607972621164,34.993061666577475],[127.9361377796394,34.993411111643326],[127.93647305412159,34.993873059119466],[127.93638805643933,34.994273893271505],[127.93660944350795,34.99447805195198],[127.93667749957325,34.99465528053282],[127.936506945803,34.99482805871566],[127.93616639367985,34.995529442733314],[127.9362538932209,34.99579250101397],[127.93611027714684,34.99625250006802],[127.93614587242074,34.99637726889895],[127.93607900077272,34.99639445905176],[127.93588611119708,34.996187501877976],[127.93522194762642,34.99616444406108],[127.93450222652442,34.99633971896735],[127.9343138838325,34.996251115665196],[127.93427250512921,34.996114447828546],[127.93437417119888,34.99573166786078],[127.93467778225994,34.99550416610294],[127.93465638906031,34.99514666834324],[127.93427666639865,34.99489917159275],[127.93441417072343,34.99462917058637],[127.9343544413461,34.994498890472784],[127.93406667018483,34.99425500279041],[127.93375555845473,34.99446222636521],[127.93332944036048,34.994411115545034],[127.9331616687357,34.994091392343435],[127.93278027626344,34.993825281349835],[127.93292694870973,34.99354444107544],[127.93285111616208,34.993276666758696],[127.93203000224986,34.993051940993574],[127.93221555548534,34.99262888648777],[127.93188749477292,34.99219111661996],[127.9319497196029,34.99185889029365],[127.9325886078583,34.99092555538815],[127.93291833755272,34.99078861371451],[127.93395194639115,34.990900554260605],[127.934361950928,34.99071305621753],[127.9339333371197,34.99002305877699],[127.93367278128568,34.98912166412412],[127.93366860773777,34.98856694581674],[127.93383027447875,34.98782250015923],[127.934107499342,34.98770611307794],[127.93426500023193,34.98738971913403],[127.93404499622562,34.987093886616904],[127.93413833897938,34.986746665420036],[127.93388888705977,34.985770003573805],[127.93401889275984,34.98565583074159],[127.93403916326481,34.98541471846819],[127.93452472659226,34.985574720030826],[127.93463139198046,34.985658057349],[127.93471694090039,34.98597916993527],[127.9350350032139,34.98610499984533],[127.93516416735976,34.98623472709631],[127.93503555392252,34.98688638922283],[127.93528638722547,34.98698250540452],[127.93525833370421,34.98703889330907],[127.93538360847587,34.987126944232145],[127.93564388665415,34.98717610841836],[127.9357438853885,34.98762805545896],[127.93612305112912,34.98808805335118],[127.93671694591976,34.988536947524196],[127.93686000384072,34.988562776202194],[127.93702916698759,34.98848055661896],[127.93721555416988,34.98853638929543],[127.93739250138202,34.988715274231154],[127.93743222328813,34.988834170295725],[127.93724944429766,34.98905750085671],[127.93733388514302,34.98928694390571],[127.93757471944717,34.98943028188562],[127.93794250442745,34.9893441655012],[127.93830527894228,34.989771113648416],[127.9385455523997,34.98973639390132],[127.93897111367481,34.98937805505142],[127.9392505552084,34.98933222266451],[127.93938333377349,34.98921361562013],[127.93934916866424,34.98889110870919],[127.93874194813169,34.98876722009635],[127.93864805691112,34.98859861086152],[127.93897916950696,34.9881644416259],[127.93882027384868,34.98773361160204],[127.93894861340297,34.98755638831814],[127.93931360773766,34.98763333354648],[127.9395438881998,34.98779721856031],[127.93979860801213,34.98784083743684],[127.93993611544246,34.987788333394555],[127.94045721937192,34.98815500191999],[127.9410186106223,34.98809388493731],[127.94128749802437,34.98785749693948],[127.94137944216578,34.98742611271331],[127.94164444747403,34.987037498696544],[127.94150333325948,34.98644000165271],[127.9410827752955,34.986391110484256],[127.94078056210493,34.9864816675232],[127.94062721975368,34.98640194157011],[127.94052833738436,34.986218337920434],[127.94046694975229,34.9856197269757],[127.94055360921894,34.98537527806371],[127.94093694225741,34.9852705546965],[127.9411002826209,34.98500111207761],[127.94126889067397,34.98492500237747],[127.9416863922594,34.98497638654197],[127.94216416530553,34.98474222393136],[127.94247389517659,34.98473000423311],[127.94270972226995,34.98463277594765],[127.94340305633146,34.98497166706791],[127.94378222472955,34.98494167057866],[127.94388444151937,34.984827495910636],[127.94388166932225,34.98453249914723],[127.94433361271105,34.98434444349785],[127.94448861671013,34.98412167009216],[127.94428110978103,34.98403444705935],[127.94394999885408,34.98405555409876],[127.94367806087843,34.98388889080167],[127.94369083554702,34.98362111112009],[127.94401971989848,34.98341944726162],[127.94399555227731,34.98320694475854],[127.94413083954043,34.98302583199484],[127.94410222141214,34.98286833732997],[127.94378444681885,34.982740004293774],[127.94349917080831,34.98278583772253],[127.94339444424081,34.98285194513314],[127.94335444573727,34.98302444837042],[127.9427683279412,34.983384446087996],[127.9423747255368,34.983381391006745],[127.94221111032586,34.983192224489365],[127.94200666326937,34.98310305487209],[127.9416391679302,34.98339055937757],[127.94158083445515,34.98352778151596],[127.94145638400487,34.98356166326338],[127.94098222413045,34.98342972355465],[127.94073000266535,34.98298583659585],[127.94042888746533,34.98279222604343],[127.93993556213034,34.982666387955646],[127.9397780612723,34.98280471966656],[127.93974389111378,34.98295028106424],[127.9396499984028,34.98295944457727],[127.93986333638485,34.9835719417697],[127.93943694672464,34.98401111418822],[127.93872360930122,34.984199171254055],[127.93825195007635,34.984101109971135],[127.93789388469082,34.98360083653645],[127.93773777690619,34.983506391464736],[127.93732667240572,34.98378194336394],[127.93720555768341,34.98394721985294],[127.93717111619797,34.98418861364357],[127.93696055608868,34.98427389234165],[127.9363566672895,34.98398055842481],[127.93615972276363,34.98364277451096],[127.93563528026961,34.98351277814187],[127.93506194775046,34.9828852811455],[127.93489305684734,34.98257833048282],[127.93473333615783,34.9825047218902],[127.93467860933698,34.98226750377846],[127.93512082809181,34.9819630585905],[127.93597972516815,34.9821977749386],[127.93637722180154,34.982183614489216],[127.9368791697513,34.9817394448952],[127.93684610880614,34.981620280160165],[127.93655333005893,34.98138333115833],[127.93655277729442,34.98125110861214],[127.93679584026988,34.981246114443685],[127.93699139560535,34.98102194663434],[127.93727582968269,34.98088805607593],[127.93757389438137,34.98082110945023],[127.93778611613872,34.980872776034204],[127.93802167308192,34.98073694446852],[127.93858639087341,34.98077583588911],[127.93897999982751,34.98060694546812],[127.93908110839135,34.98064305518994],[127.93945166234593,34.98137138648622],[127.9396958373617,34.98154139265109],[127.93999499986585,34.98155138860637],[127.94032111612218,34.981260829777106],[127.94101027476763,34.98110888731134],[127.94102388599954,34.98085805468333],[127.9412102742127,34.98080610745339],[127.9413455507183,34.980578055085864],[127.94139444915808,34.98031889102485],[127.94095619359217,34.97963152492562],[127.94108315692122,34.97914688910138],[127.94099787705821,34.978971381574134],[127.94076757577865,34.97904302043502],[127.94073348149097,34.97896228082825],[127.94122105227598,34.97877943212687],[127.94125437151767,34.978867974448356],[127.9411132013041,34.97894160930664],[127.94123809018363,34.97918783500945],[127.9425500668352,34.979230755191374],[127.9430740906909,34.97944802062107],[127.94335732348493,34.979724443422256],[127.94373749562416,34.97972860941973],[127.94435722754277,34.97949860829722],[127.94450277434758,34.97912056122116],[127.94450500369001,34.978592779374885],[127.94466249915564,34.978225554262586],[127.9448797190762,34.97796611580558],[127.94518667158898,34.97789166419413],[127.94534666837706,34.97772056063767],[127.94559833575444,34.97762778092123],[127.94596332985132,34.97790611232347],[127.94666917139298,34.978078609324726],[127.94671528266252,34.97799749789423],[127.94714667066742,34.97793666412974],[127.94765833106074,34.97774777920358],[127.94773972099057,34.977637783601956],[127.94779528197216,34.977093892919186],[127.94816888863251,34.976784167970216],[127.94855027347768,34.97694027627514],[127.94864306234483,34.97705639295246],[127.94910166782952,34.976945278089715],[127.94961944168493,34.97669305397796],[127.94978055298955,34.97627805908997],[127.94996500110723,34.97623305442303],[127.95049722001885,34.976720833061904],[127.95079388381362,34.97672166542206],[127.95090360652719,34.97665694608744],[127.95118138396441,34.976733890291634],[127.95157166318248,34.976590556497435],[127.95166778220188,34.97643194129446],[127.95219944620388,34.97620861114777],[127.95227083110194,34.97603333508051],[127.95278889230082,34.97581583315843],[127.95284833486396,34.97554194391858],[127.95293749694744,34.97551666389347],[127.9530719437959,34.9756230579712],[127.95314694955361,34.97597888796318],[127.95287944765045,34.97594388853043],[127.95252833192173,34.97640194764381],[127.9524638867559,34.97667528092839],[127.95257055236976,34.97694528035896],[127.9525277772844,34.97707944794062],[127.95213027925269,34.97732471977651],[127.95208083711152,34.977589724418316],[127.951881111982,34.97768583201701],[127.95144388359572,34.97756610875866],[127.95125361027625,34.9775961089559],[127.95074722167404,34.97733361102127],[127.94995222773557,34.97771861407933],[127.94963083001825,34.97774500455818],[127.94931417199597,34.97804167077155],[127.94931833653261,34.978267776041925],[127.9487183370004,34.97830111010328],[127.9483344513887,34.97847194840044],[127.94827861121293,34.978780554301046],[127.94844721707621,34.9791969475656],[127.94806847272851,34.979590042564226],[127.94818242882566,34.9801723131353],[127.94888180635728,34.98060922033112],[127.94879111744291,34.98073722535331],[127.94940472085482,34.98115139174449],[127.9497011134261,34.98117944846158],[127.9501986060914,34.98102472528462],[127.95083833336372,34.98131250100903],[127.95136749592947,34.98093805627146],[127.95190694327057,34.98131555674057],[127.95211695345938,34.981373037997635],[127.95239645760988,34.98114549227171],[127.95232176975428,34.98087687336445],[127.95237489406038,34.980667823175544],[127.95246835126768,34.98064695412045],[127.95281663277362,34.980765145010956],[127.9529437235901,34.9809041895892],[127.95294338956221,34.981100387220174],[127.95281921106714,34.981214580183746],[127.95238602952998,34.98127954009991],[127.95185111209325,34.98155388536871],[127.9516213894388,34.98182306094553],[127.951503606662,34.9821466644428],[127.95130527964692,34.98221416998121],[127.9509111107362,34.98215694935268],[127.95072027660086,34.98220194219696],[127.95014528245817,34.98251666783261],[127.94927833483175,34.982591942008675],[127.94847416975664,34.9827611086673],[127.94823583674808,34.982626669536025],[127.94782888590915,34.98263194762414],[127.9473136112524,34.982384169460566],[127.94678499688631,34.98297416564063],[127.94704278200692,34.98332860946784],[127.94702027682757,34.983436108156916],[127.94782798394768,34.98432777759272],[127.9484441642266,34.984424997414834],[127.94915833566016,34.98488694326271],[127.94936472407842,34.98471639066401],[127.9498900005225,34.98454166729796],[127.95009194266105,34.98450305945173],[127.9502708325724,34.98459722012316],[127.95043777603328,34.984752224452286],[127.95045860727915,34.98489916904272],[127.95034610612,34.985366945709394],[127.95000416403458,34.98566055656649],[127.94996472149292,34.98595500073982],[127.95006111066124,34.98604222645959],[127.95047111485495,34.986235275481775],[127.95042666967885,34.98617722606165],[127.95121832990816,34.98602750460702],[127.95159111569112,34.985783610117494],[127.95178722478356,34.985789724737586],[127.95202416550197,34.98591611034692],[127.95231999603592,34.986224167192844],[127.95232916337538,34.98650222226144],[127.95299083237879,34.98671138755031],[127.9532238883181,34.98666388721549],[127.9531858315673,34.98661111447569],[127.95334139007764,34.986500281140614],[127.95332472517558,34.98619166635268],[127.95366306234448,34.98610277730346],[127.95382000520125,34.9859027807881],[127.95374083603693,34.985383607899884],[127.95389110894247,34.985254445066644],[127.95410749733709,34.98535277557503],[127.95456750318112,34.98536750192131],[127.95495249639613,34.98508388674534],[127.95528444227023,34.98501666692766],[127.95548888597206,34.984741942652335],[127.9562605609021,34.984814725363336],[127.95700142632049,34.98440721357844],[127.9570328089799,34.98420826524149],[127.9570915098643,34.98419789702837],[127.95712208312838,34.98430853862729],[127.95775489882422,34.98422337419996],[127.95776072809873,34.98427443469783],[127.95720451316119,34.984349720769075],[127.95720718046468,34.9846174525399],[127.95701555273614,34.984744997809784],[127.95697594192376,34.98519681949426],[127.96000694907019,34.987924163814846],[127.96007583062338,34.987822226681104],[127.96024777388854,34.98787333464795],[127.96054139350242,34.987823889105094],[127.96085194698699,34.98803139043975],[127.96095083466584,34.988171108729006],[127.9608683339215,34.98836055650445],[127.96092444738753,34.988507220924],[127.96069972275657,34.988721391179276],[127.96071944970069,34.988852776773605],[127.96099527380645,34.98915083011869],[127.9609958307313,34.98940750075369],[127.96136500022517,34.98960111591726],[127.96175722257279,34.989973336501066],[127.96173416540914,34.990330837886596],[127.9618030513648,34.99045583055006],[127.96149805608468,34.99089417146493],[127.96191722169499,34.99196499679587],[127.96211750451533,34.99222999942433],[127.96218332805357,34.9926472215784],[127.9620561089703,34.992955830519556],[127.96171278047693,34.9932133331756],[127.96164110798378,34.9935777813486],[127.96175222696915,34.994182781819816],[127.96157250048981,34.994560281349884],[127.96271138630331,34.99484055781246],[127.96382611548474,34.99457333381704],[127.96396695108125,34.994616390030735],[127.96416490428157,34.99500386350908],[127.96514541002071,34.99489506763404],[127.96583783814432,34.99411428234066],[127.9653290594904,34.993811980982464],[127.96519181679534,34.99388090713708],[127.96527749347072,34.993776562799034],[127.96500323558767,34.993881442032155],[127.96497504970203,34.993829848119084],[127.96543596422097,34.99366309512935],[127.96542972113825,34.99356333038054],[127.9660644474048,34.993395003195246],[127.96639388943414,34.99321611520852],[127.96677888531326,34.992575558925935],[127.9674841700365,34.99240722084488],[127.96769444620134,34.992273615175904],[127.96776194436379,34.99230860845998],[127.96772833399862,34.99185861169283],[127.96744216429305,34.991713586784236],[127.96776531988418,34.99179331252974],[127.9677869154155,34.99206380392419],[127.9679758480235,34.992449746959785],[127.96796874837112,34.99275561033617],[127.96764708183818,34.993141425291135],[127.96775902067935,34.99361593505645],[127.97210501998593,34.99407244105157],[127.97220768639936,34.99378563285391],[127.97256663948136,34.9934396716636],[127.9726103520022,34.993229427107146],[127.97278541203103,34.99308598197516],[127.97339686220162,34.99209674538319],[127.97322428255133,34.99163435395448],[127.9728091219422,34.99147697308164],[127.9728724581278,34.99129159122698],[127.97195060422327,34.99096230734029],[127.97199047296445,34.99088276901659],[127.97230587909598,34.99098780016118],[127.97235909034724,34.990917808780225],[127.97244319756592,34.99094385996895],[127.97245384837247,34.991047068072376],[127.97308993541687,34.99124550213354],[127.9732853756333,34.99116146338451],[127.97353283652781,34.990726547556996],[127.97433625102846,34.99039308688108],[127.97464264870193,34.9901844633325],[127.97452176304076,34.98986441327167],[127.97381798542014,34.98931725049637],[127.97392893428304,34.989254519281516],[127.97389111740422,34.988923616480584],[127.97400861083243,34.988852224630385],[127.97389416482763,34.988626114032925],[127.97351722534046,34.988118608369334],[127.97328694702264,34.98795971875601],[127.97301083253103,34.987889446778624],[127.97277083043373,34.98761944434757],[127.97271694879376,34.98738083132175],[127.97284055367221,34.987169720838544],[127.97274917355176,34.98649694463874],[127.97304444292753,34.986342774579406],[127.97359694920135,34.986663891088845],[127.97415666426888,34.98654667033743],[127.9744675020547,34.98669999996893],[127.97467639257064,34.9866077745553],[127.97471972275079,34.986003888711956],[127.97398416956342,34.9855433298127],[127.97380111386416,34.98534027546858],[127.97387806028019,34.98498416919939],[127.97409611517261,34.984735831169615],[127.9746347231182,34.98481722580884],[127.97517083766682,34.98519166485444],[127.97524306038909,34.98550528267025],[127.97539666640589,34.985574163668154],[127.97569972269417,34.98606583467984],[127.97576139357223,34.98673777459931],[127.9759255554296,34.98678138749195],[127.97621749567938,34.98676139200079],[127.97684389032187,34.98645666639902],[127.97705110625164,34.98604139226244],[127.97707694016229,34.98580250038484],[127.97785638894949,34.985463892223805],[127.97790221935202,34.985283056346205],[127.97783749921442,34.98511777587213],[127.97758999462378,34.98499388815762],[127.97710361202067,34.984490276537414],[127.97593805547511,34.984816112305786],[127.9769548261132,34.984463856813115],[127.97703472783763,34.98438722181086],[127.97704860655563,34.984060275461616],[127.97723221921619,34.98407388610259],[127.97732639472329,34.98398277785158],[127.97721916898513,34.98359861534132],[127.97698666372949,34.98338083816928],[127.97673721689767,34.9833630518206],[127.97663555674745,34.9832544472978],[127.97663249632245,34.98290916840338],[127.97674472570954,34.98275222521359],[127.9767699958169,34.98240416772117],[127.97687749953391,34.9822736088145],[127.97738000552546,34.98208472596694],[127.97745055787914,34.98198639018129],[127.97776361073704,34.98197694668966],[127.97800500343529,34.98206833619894],[127.97840278441338,34.98174194714675],[127.97825556038971,34.981470838558614],[127.9781822272651,34.981049719047284],[127.97852082788877,34.98076527603618],[127.9787194427209,34.980886113005596],[127.97880083420036,34.98109055742158],[127.9800069449958,34.980811669474754],[127.9799191718795,34.980376949486875],[127.98011222721446,34.97998528186228],[127.98032583905815,34.97981889181304],[127.98081833652351,34.97995250332482],[127.98105027339147,34.97975999639871],[127.98132416891218,34.97967083030623],[127.98146083929763,34.97948277874244],[127.98143000487343,34.97934083245699],[127.98106305919255,34.97913528149182],[127.98083610929592,34.97889638527575],[127.98048250265272,34.9783230588134],[127.98062999668088,34.97804082943967],[127.98118277781991,34.97765833192639],[127.98257805785614,34.97798527767728],[127.98286055850336,34.97789749866934],[127.98291750316702,34.977021393961856],[127.98319583813118,34.976700832127555],[127.98325721924616,34.976455557183414],[127.98320889471182,34.976341947629095],[127.98290055374474,34.97614361630145],[127.98287361605598,34.97600166563446],[127.98325138547334,34.97573472131501],[127.98341917165315,34.9757697225671],[127.98378555256583,34.97620999806646],[127.98426305334428,34.97642138699206],[127.98456889020996,34.97664805468067],[127.98460028023933,34.976998890655565],[127.98408694306254,34.97715444169836],[127.98419528233333,34.97746138914477],[127.98419541457953,34.97784123153283],[127.98524083451224,34.979107500995276],[127.98552285095316,34.97910717712324],[127.98567528319712,34.979201815201066],[127.98595360149879,34.97923732117286],[127.98661139171995,34.97914389016881],[127.98672888747925,34.9790008304364],[127.98665249841432,34.978509165637675],[127.98685944482942,34.97792472250688],[127.98705305913631,34.977668609537574],[127.98740805927957,34.97742389395866],[127.98753833236955,34.977006388289276],[127.98772555364538,34.97691222558726],[127.98802971969283,34.97691221995258],[127.9883225054091,34.97711250428705],[127.98839138702236,34.977318611240165],[127.98765444275618,34.97779805495221],[127.9876216729103,34.97803472547295],[127.98785110921096,34.97845277574087],[127.98837305612608,34.97879416509886],[127.98880110857256,34.97858667018309],[127.98975083689515,34.97877500057684],[127.99012972713152,34.9790405560555],[127.99015109711102,34.97924201136725],[127.99051779503077,34.97931690490622],[127.99042738154826,34.97956689042188],[127.99107332837313,34.979635916363414],[127.9910658458584,34.979702956410904],[127.990432226163,34.97965361332821],[127.9901116638805,34.97949778198783],[127.98979305310097,34.979562220655076],[127.9910730597572,34.98106416390938],[127.9912986147904,34.981058059289126],[127.99145500200734,34.98121916801029],[127.99146806230605,34.9815194417547],[127.99178000293087,34.98210555835746],[127.99173972267381,34.982318891727346],[127.99120527735245,34.98251917165225],[127.99107333605932,34.98305999807627],[127.99083472011922,34.98311055473852],[127.9904088894114,34.98298389354306],[127.99016110804787,34.98307999648106],[127.99001833521606,34.983316663284086],[127.98989694242204,34.98396305704896],[127.98928333519008,34.98391221978503],[127.98898722011323,34.984074719588676],[127.98892527462347,34.98475111169699],[127.98875139430764,34.98501805354869],[127.98776736709331,34.985327110929255],[127.98849866772177,34.9881335978325],[127.98867893771738,34.98821161906498],[127.9884991635483,34.988499997651516],[127.98855194646646,34.98875000487939],[127.9888750927469,34.98856964670184],[127.98897843194293,34.98860466060319],[127.98908639213123,34.98878249775972],[127.98908222744961,34.989139164944305],[127.98926755368694,34.989241317866195],[127.99049068659393,34.98921857248402],[127.99091499741861,34.98902555821478],[127.99094083691251,34.98879861613552],[127.9913624966107,34.98820611290909],[127.99142666220395,34.9879997230192],[127.99121471765116,34.987495558857695],[127.99149611141505,34.98703611164893],[127.99149722162109,34.98671222390338],[127.99160111150083,34.986645830588856],[127.99201278263611,34.98693527636014],[127.9920766693417,34.98710166341759],[127.99189194445843,34.98731889046971],[127.99189944703582,34.9877719411024],[127.99236277590377,34.988221113332514],[127.99276888874267,34.98843111271823],[127.99306471747926,34.98801028327816],[127.9931061149732,34.98767917139892],[127.99323999813349,34.98751083282071],[127.99386194548143,34.98719917014876],[127.99428416291549,34.987138893362065],[127.99451333935178,34.98676167175034],[127.99440916845501,34.98636361046539],[127.9941572213096,34.98632750181794],[127.99390222449316,34.98614971909474],[127.99363417131538,34.986190003105754],[127.99356083164582,34.98612249892779],[127.99356860711083,34.98592305861257],[127.99408889002694,34.98522388530443],[127.99400056265601,34.98486861582929],[127.99379638914957,34.984695554010194],[127.99385027833574,34.98451027539078],[127.99423444491605,34.98444444198165],[127.9943816712034,34.98469917063289],[127.99509471895907,34.98514750408348],[127.99500388655474,34.98546167180554],[127.99466528129918,34.98561222036385],[127.99461777467158,34.98597916562575],[127.9954472289668,34.98674111024509],[127.99569249617393,34.98721305894817],[127.9963027758805,34.98755639268257],[127.9964116647653,34.98779166718615],[127.99564889060042,34.98816861007774],[127.99554472360168,34.988338609115814],[127.99463638462632,34.9882483316741],[127.9945319482587,34.98829027926703],[127.99439278318364,34.98848361157684],[127.9944277831703,34.98869972747109],[127.99473499923076,34.98906138704121],[127.99499555790638,34.989229172028594],[127.99508333145712,34.9895016662611],[127.994900274009,34.98955055888155],[127.99384944652266,34.98942528114665],[127.99365888907944,34.989534163218764],[127.99393527318368,34.98995833299182],[127.99463194086175,34.99063694069831],[127.99464722018665,34.99103444121303],[127.99448555389208,34.99110000387897],[127.99403658624163,34.99090979390295],[127.9933644494523,34.991609443009956],[127.99364861490834,34.992062500249126],[127.99529000378,34.993963892363524],[127.9959216706828,34.9939330596841],[127.9961536143289,34.993330559299494],[127.99636861104493,34.993185275056355],[127.99659556101092,34.993171388132915],[127.99693388855152,34.99339222244025],[127.99715972592509,34.9936333320911],[127.99724406617098,34.99393694927581],[127.99692713010381,34.994270973950016],[127.99682007352531,34.99470978613823],[127.99686472252118,34.99520694805178],[127.99723806231533,34.995876188992604],[127.99753614508032,34.99608578839397],[127.9975680973895,34.99604446988136],[127.99766135277757,34.99618969316321],[128.00031778454414,34.99513333047883],[128.0003004137544,34.9947954839177],[128.00047718853878,34.99433760907451],[128.00032362651945,34.99399543193735],[128.00050044633474,34.993803902669015],[128.00058962691864,34.99348751986162],[128.00040864304117,34.99218569682007],[127.99951083928451,34.991924999480325],[127.99939694961829,34.99176249770736],[127.99934701898344,34.991270724442934],[127.99941222164595,34.99116277482198],[127.99897511595009,34.990887913872925],[127.9995534843579,34.99119940549368],[127.9998822229971,34.9910866720542],[128.00028583557426,34.990811669735706],[128.00161056019687,34.99038638718473],[128.00207972298267,34.99000444559543],[128.00226972691186,34.98928138539676],[128.00216120762911,34.98893692110076],[128.00230999987465,34.98879027971748],[128.0020463832803,34.988293612062854],[128.00075194196037,34.987789995635445],[128.000518891802,34.987463893126424],[128.0005019494929,34.987220555160505],[128.0002797240564,34.9871347206003],[128.00000583453547,34.986771947676445],[127.99992944890509,34.9863016669238],[128.00008917213353,34.9859736155552],[128.00014805201565,34.98558694916921],[127.99968333631371,34.98475388707236],[127.99980278036178,34.983896668184805],[127.9999563911051,34.98354027617064],[128.00037250263972,34.983469444102155],[128.00087166742472,34.98380528131795],[128.00098777365193,34.984184997072795],[128.00119771807343,34.98444193925185],[128.00123643869958,34.98482456030933],[128.00148343498327,34.985071584109924],[128.0018095737794,34.98521901198931],[128.00163500470885,34.98535500433524],[128.001844440118,34.98574083141664],[128.00190527869762,34.98604666914231],[128.00319124473242,34.986799648939744],[128.0033998126406,34.98704106318256],[128.00348193351178,34.98739423217029],[128.00382945620478,34.987578443146454],[128.00385990204018,34.987668014983356],[128.00521981174907,34.98818785457878],[128.0054796971016,34.98816057298687],[128.0057189972856,34.988002499841436],[128.0058223481178,34.98723198136877],[128.0059686169368,34.98690916613674],[128.00535083027393,34.98656738398443],[128.0050260748358,34.986128997402986],[128.00498059796985,34.985901325550486],[128.00514536501177,34.98577583022479],[128.00535333142815,34.98585805961102],[128.00593129175056,34.98524222183461],[128.00562216335786,34.98494991930853],[128.00574040869492,34.98464382818207],[128.00517977921703,34.984423879155955],[128.0044908446305,34.98458110343637],[128.00455523843507,34.98466722291662],[128.00493222508788,34.984635873261],[128.00473800019307,34.98470890252854],[128.00434351968826,34.98465820420231],[128.0043309631718,34.98481430329491],[128.004131660154,34.984708788542584],[128.00393960028364,34.98443025015705],[128.00373527698702,34.98318249957794],[128.00449111449555,34.98311222101281],[128.0049586093053,34.98259471904696],[128.00516305966553,34.9825161120345],[128.00617194639534,34.982465553148735],[128.0065347244326,34.98214444568649],[128.00708472685233,34.98213611016366],[128.00809138737077,34.982341389285644],[128.0081616674431,34.982541663475686],[128.00793027385552,34.982940274037645],[128.00833280308527,34.98369345027625],[128.00849639218362,34.984309850902214],[128.00940261644934,34.98479837475661],[128.00986199229138,34.9849470569143],[128.01062480093398,34.98506290541293],[128.0111132594309,34.98555116622149],[128.01126235420514,34.98626198667678],[128.01255009433876,34.98622625546579],[128.01283387401713,34.98649325080464],[128.01276059926508,34.986560318333986],[128.0124878452258,34.98632284143252],[128.01140347724572,34.98635878590437],[128.01135968795057,34.98692111747],[128.0116460701747,34.98703059968261],[128.01193315728537,34.98703142294374],[128.01193305502053,34.98711197434078],[128.0116212904291,34.987120450951075],[128.0114048910371,34.98703012342265],[128.01132635894217,34.98717089559603],[128.01124052701425,34.98713082601018],[128.0110220374225,34.98757861616412],[128.01053592181083,34.987790281845335],[128.01049815687162,34.98771126031227],[128.01094564295252,34.987528762517705],[128.01116550387454,34.98710006454069],[128.01063372097525,34.98686846916735],[128.01060629740545,34.98694950067644],[128.01045467128915,34.98687532861201],[128.00963934490002,34.987238508522594],[128.00918913618537,34.987962188414045],[128.00927972247248,34.988667504285985],[128.00942500031235,34.989100557387],[128.00954616627294,34.989187749720045],[128.00922194688408,34.98980833485858],[128.00898111355778,34.99001833677826],[128.00777143758648,34.98989513048362],[128.00765942302948,34.989967169495806],[128.00763584969044,34.989878609630914],[128.00750305019727,34.98998755949242],[128.0075496851982,34.99100291018366],[128.00779038781997,34.99113192189002],[128.00830957051946,34.99123655506896],[128.0091955609902,34.99170527477077],[128.00921750235128,34.99188222360826],[128.00938000395632,34.99208333173637],[128.0093777762258,34.992342781396026],[128.0095258340889,34.99255472291237],[128.00922877399427,34.99291182466721],[128.00813556155714,34.9936536124488],[128.0080827733088,34.99403083255585],[128.00772500262894,34.99452111179437],[128.00749250403615,34.99466528179051],[128.00735417284906,34.99503666419479],[128.00752333009342,34.99548860800219],[128.0074312476209,34.995857772704326],[128.00894835241644,34.99667191735099],[128.009215918901,34.99643116354253],[128.00956719508662,34.995712653587226],[128.0100469469345,34.99523583888161],[128.01023102817766,34.99491454361372],[128.01046055661212,34.994887598907155],[128.0106115089416,34.99500703069069],[128.0107698383661,34.9950022644785],[128.0122334564105,34.99426207940039],[128.01222673593657,34.994163229170695],[128.01195204983804,34.99394698910936],[128.01219405926253,34.99321739626726],[128.01205014661338,34.99304544866017],[128.01189133248494,34.99309810959802],[128.0115682964205,34.99304834928876],[128.01148697157782,34.99293904844992],[128.01129343015145,34.99288665515352],[128.01127840332967,34.9927973900779],[128.01165730111174,34.99285136489999],[128.01272265679847,34.992721102023324],[128.01317425264213,34.99244177138031],[128.01294225490417,34.99183122994192],[128.01320153304954,34.99146931389899],[128.01278740667004,34.991154363410914],[128.01323883309095,34.991363799546434],[128.01370643206542,34.9911010019571],[128.0136841807012,34.99099011892641],[128.01392088829408,34.99092705539377],[128.01345486360643,34.99046468607408],[128.01335868952495,34.990515785500705],[128.01330291530724,34.99045409480251],[128.0136742676262,34.99019682424533],[128.0137489104277,34.990265193422246],[128.01355085084012,34.990397198362885],[128.01400322401224,34.99085537344465],[128.0142764721109,34.99089612432634],[128.0143926700515,34.99117368863107],[128.01486010134857,34.99170591094371],[128.014953401035,34.99198255912037],[128.01492550881528,34.99232041511809],[128.01462446495012,34.99256042352316],[128.0145827496581,34.99270085584866],[128.0148375518188,34.99318103029809],[128.01519507464027,34.99356137482419],[128.01519265620715,34.99377329673905],[128.0157010724689,34.99428720772527],[128.0158435174928,34.99453681705853],[128.01587029391658,34.994996419046544],[128.01562929684366,34.99531626024476],[128.01548073652694,34.995391516697836],[128.01546963173232,34.9955924878276],[128.01557684326352,34.996003070042775],[128.01641333968252,34.9970522389787],[128.01648037132173,34.99759527074297],[128.01634844372475,34.99821992777465],[128.01623776031562,34.9983917906677],[128.0160615676869,34.99838758658848],[128.01604798550298,34.99816339444795],[128.01575439240818,34.998075144351816],[128.01567290347108,34.99813789217848],[128.01569574173493,34.998289691889454],[128.0164314937458,34.998838639493925],[128.01740348590474,34.998854118693096],[128.01748230304568,34.99894984781628],[128.01757346313022,34.99992814090514],[128.0178405095706,35.00046786505346],[128.01782840448166,35.000756228163745],[128.01806213788507,35.001171869530225],[128.01915731289856,35.001416182151914],[128.01942797874025,35.00182355538408],[128.01935267379437,35.00185729394058],[128.019070218775,35.00147733398553],[128.01782523650573,35.001190586716476],[128.0173568826982,35.00129775711881],[128.0161246253414,35.0012924785001],[128.01567710735804,35.0011456109559],[128.0154496996004,35.001193254906525],[128.01474755489446,35.001752787426476],[128.01620816753135,35.00358104343389],[128.0166724734005,35.00339666050605],[128.0173023125249,35.00333153407951],[128.01836156600612,35.003383270785385],[128.018800240431,35.00397904862241],[128.01938045576054,35.00429880183382],[128.01966415035957,35.0042600053188],[128.01991078541639,35.00468910901848],[128.01961193138644,35.00572202800082],[128.0182946198283,35.00683897780218],[128.01798064169893,35.00698998907532],[128.01773167650134,35.00700673323111],[128.01723619383577,35.00645253739132],[128.01696391695205,35.00644449875064],[128.0166027610681,35.00671235435178],[128.01660007410368,35.00719197639922],[128.01647967899137,35.00740427546272],[128.0162980900604,35.007463354777464],[128.01606795001064,35.007413364047025],[128.01592999103036,35.00819565428718],[128.01616714222266,35.00820330175343],[128.0163449495192,35.00836448544845],[128.0166584530714,35.00839970666541],[128.01717278689753,35.00860269510293],[128.01758857402234,35.0089277459063],[128.0181665278601,35.009551407117925],[128.01835004322746,35.01000634706869],[128.01816700011622,35.01027712640722],[128.0176977450071,35.01030869108547],[128.01651076553028,35.01078991819365],[128.01526207047453,35.01099714899125],[128.01382467158217,35.010731644064904],[128.01282285355887,35.01025792155421],[128.01220361250373,35.010536759680335],[128.01194910468578,35.01150012643763],[128.01154630917358,35.011645493755026],[128.01118000333258,35.01156034649739],[128.01099487093373,35.01162679364108],[128.0105063400867,35.01197400911334],[128.01033338685383,35.012274875472976],[128.00968483131285,35.012458903403136],[128.0094165817338,35.01233032561279],[128.00903560307955,35.01256225200868],[128.00820696363493,35.01243239733052],[128.0078488867403,35.01259284497036],[128.00789459696577,35.01268902700679],[128.00759830485086,35.01265827220465],[128.00688530139573,35.014915878022876],[128.00701840902957,35.01501115518306],[128.0076511693257,35.01505417831939],[128.00806110889434,35.01516284643016],[128.00828125328815,35.015309178055524],[128.00840569196012,35.01554325715556],[128.00796020791265,35.0160611597349],[128.0076888208176,35.01613100524537],[128.00696363705978,35.016781334984564],[128.00694116784376,35.016951725864274],[128.00766559834113,35.01776866560967],[128.00812471549736,35.01759822551071],[128.00992734348324,35.01633948856896],[128.00942426434494,35.01676967289907],[128.0094374490506,35.017094859618204],[128.00921223689838,35.01738909851048],[128.00877796671884,35.01842426633471],[128.00870793312535,35.01908699447215],[128.0087950519708,35.01947450983125],[128.0086779907876,35.01975779447132],[128.00851641380248,35.01995037665146],[128.0078478536554,35.02017811239881],[128.00703790966014,35.0213805450137],[128.00810661294923,35.02156425530958],[128.0085821094502,35.021942604642746],[128.00879332772385,35.02198866420483],[128.00861664536686,35.02241635527613],[128.00774943413555,35.02332279189323],[128.00780436282517,35.02340855540287],[128.00741948403768,35.0238084406968],[128.0067286385834,35.02444499621503],[128.00631286615607,35.02471586954971],[128.0063932977587,35.024786099606246],[128.00605173314125,35.024813576240504],[128.00610643635167,35.02491854735354],[128.00583393263346,35.025061967225156],[128.00595555881105,35.02535437582329],[128.00583693530916,35.025208459412816],[128.0056701354556,35.02527343967326],[128.00556705662788,35.02543288983438],[128.0054073481111,35.025374558602444],[128.00543894914938,35.025300996547124],[128.00556844556877,35.02532517981563],[128.00578306257836,35.02507189266902],[128.00566182799136,35.02491233569409],[128.00503110690715,35.02464931564247],[128.00413195662946,35.024755857543695],[128.00380313593644,35.02470941613377],[128.00319674258193,35.02504395567608],[128.00337696645457,35.02644509376543],[128.00357235020155,35.02640020757562],[128.00416390521417,35.026592760941],[128.00439356919222,35.02641129412055],[128.00447434740934,35.02646317291821],[128.0038191775437,35.02696972184041],[128.00352293790777,35.02689545598921],[128.00246278146892,35.02726243603054],[128.00221743298326,35.02741563541991],[128.00165126941098,35.02751215637762],[128.00083297651437,35.02780050047397],[128.00057832793698,35.028077687391956],[128.0001029951642,35.02834847313332],[127.9994522709575,35.0293691157551],[127.99873444102691,35.02954415388031],[127.99853480676379,35.029729672442485],[127.99852268627015,35.02998545319307],[127.99873501419363,35.030137688713566],[127.99873814804253,35.030337587108356],[127.99859879887748,35.03045508049794],[127.9985469167236,35.03066136012414],[127.99802372955904,35.031124190418595],[127.99697375923255,35.0314918679908],[127.9963165303527,35.03139628129268],[127.99618502326722,35.031270562768924],[127.99608101986921,35.03133897467049],[127.99595494201334,35.03126280438626],[127.99595873277303,35.03115208015172],[127.99525034354988,35.031592940810654],[127.9943297012416,35.032010227166374],[127.99430104137602,35.03225097990978],[127.99519364648991,35.033021526122425],[127.99571336682098,35.0337063257205],[127.9961288583795,35.033683698527504],[127.99663181452081,35.03375791819222],[127.99715255465574,35.034390579340474],[127.99806963581118,35.034688769064786],[127.99803990197452,35.034754811883154],[127.99714701311525,35.03449399951502],[127.99691977949828,35.03455719457637],[127.99675540133978,35.03494676730396],[127.99669868909103,35.03552573884762],[127.99684485450615,35.03606811275361],[127.996492887176,35.03656725902022],[127.99681155907972,35.03694668815709],[127.99684712783016,35.03722070719788],[127.99609277867654,35.037723334249705],[127.99490472323951,35.03773944575808],[127.99444305611485,35.03763611170957],[127.99353888984278,35.03725389057493],[127.99242689250818,35.03713332094213],[127.99224770084902,35.03717399274106],[127.99200557975236,35.03768349837561],[127.9907181409563,35.038445406210755],[127.99094132452926,35.038824452378705],[127.98937605598319,35.03929363212985],[127.98916670889413,35.03888382980986],[127.9890123615415,35.03901657572823],[127.98875860888819,35.03906215700294],[127.98832224468683,35.03909971164431],[127.98802722247694,35.03903777953954],[127.98775722248024,35.03884361154276],[127.98752722310796,35.03827389046977],[127.98770888900765,35.037230833955384],[127.98775250061165,35.036345556345104],[127.98750082822379,35.03560669845978],[127.98774878938022,35.03521266414413],[127.98907512739926,35.034238467715575],[127.98897029507395,35.03381687978593],[127.98804436444715,35.033211326127656],[127.98756222142318,35.03317309237533],[127.98665791113085,35.03287661033037],[127.98553792702133,35.03203604055674],[127.98527225729833,35.03226833887771],[127.984437556031,35.03207661672558],[127.98453910351822,35.031873729991766],[127.98448667802501,35.03184602090769],[127.98402223831289,35.0318689179889],[127.98353160238159,35.032015919759665],[127.9830023257651,35.03203876830333],[127.98255061510885,35.03195898788894],[127.9824817905996,35.032292175174355],[127.98243422364007,35.03195579327412],[127.98181088155565,35.031962767727684],[127.98174906008963,35.03220884057937],[127.98170386324686,35.03195021673313],[127.98129854533563,35.031953588827534],[127.98073795843645,35.03183768729348],[127.98085817982152,35.03205177543908],[127.98064115411553,35.0318812455289],[127.97830213381164,35.031626042253144],[127.97707347024377,35.03133500646828],[127.97594814122829,35.03315698495605],[127.97358301164307,35.03548785857138],[127.97474867103134,35.03599446793591],[127.97562444576693,35.035364445365566],[127.97638611161192,35.03507555638033],[127.9769413892418,35.035038333915956],[127.97766027834425,35.03477027900109],[127.9787686113428,35.03479777894519],[127.97975777838454,35.035089444949485],[127.98092944491417,35.03585972289357],[127.98120361195383,35.037189723207966],[127.9811638898762,35.03742666810976],[127.98101389998554,35.03748680298135],[127.98122889338424,35.03792192768351],[127.98207204083515,35.038650719465245],[127.98215192774471,35.03880632063384],[127.98208334894727,35.038928492246406],[127.9815454045159,35.03889194790162],[127.98150473654555,35.03895360530245],[127.98146193619327,35.039244052015846],[127.98177230390895,35.03958433125467],[127.98171350751993,35.03983063165289],[127.98161827628913,35.039885001522684],[127.98175693454984,35.04016873590046],[127.98199541254837,35.040278950101914],[127.98253016049907,35.04078189732985],[127.98272919880542,35.041261284278384],[127.98319231061201,35.04187824917317],[127.9831322957684,35.04204730226225],[127.98327252231806,35.042577767134695],[127.98357060963711,35.04325523341345],[127.98431722589643,35.04416801642903],[127.98447349240635,35.04482207480691],[127.98439828926674,35.045024994809815],[127.98415608366864,35.04518254547475],[127.98412191722797,35.04535971594816],[127.98455202862823,35.045699670225844],[127.98512841347494,35.045693843811115],[127.9859232213712,35.04617281246559],[127.9859842096537,35.046292076651504],[127.98712151822163,35.046543061167384],[127.9875503714924,35.0462763825609],[127.98793278704497,35.046200835113794],[127.98812958764454,35.04626848628079],[127.98898483095755,35.04597351968634],[127.98933529857813,35.04558217325276],[127.98967635558651,35.04541430790093],[127.99054404624381,35.045306886009705],[127.99131786820553,35.045613030590445],[127.99178219810622,35.04547907714259],[127.99195572882662,35.04560197410119],[127.99204102816165,35.04554653904828],[127.99217648337218,35.04561018259159],[127.99246565418845,35.045591729392605],[127.99287724221514,35.04579566685848],[127.99316660401685,35.04577479458596],[127.99329402229047,35.04591413335929],[127.99379195559398,35.045765130070414],[127.99395390933968,35.045984070801765],[127.99422838484071,35.046147440406386],[127.99422922971674,35.04629681144404],[127.99447015756292,35.046596584129006],[127.99501223873548,35.046621990731396],[127.99515190331354,35.04653178476154],[127.9951387671794,35.046318953561915],[127.995505890535,35.045848600625284],[127.99548897463421,35.045642032036504],[127.99609345337117,35.04546420502609],[127.99701710584908,35.044835976896145],[127.99708405786984,35.044876932214585],[127.99728558893746,35.044815842210504],[127.99757043290263,35.044527499032746],[127.99777769073174,35.04447420268985],[127.99848745734542,35.04397487586396],[127.99912131971377,35.0436438721481],[128.00005012540228,35.043367198899844],[128.00030290977415,35.04340787423551],[128.0008846007096,35.04332364257254],[128.00164768383067,35.04307700496916],[128.00197799115526,35.043058152549264],[128.00264938671984,35.0426039328463],[128.00276312747138,35.042396128642544],[128.00290284206767,35.04262152302569],[128.00291750260848,35.042879551529666],[128.00268423429526,35.04324399579238],[128.002721769045,35.04366897692217],[128.00243624517225,35.04424252194099],[128.00416743014375,35.044668341801696],[128.0045516676833,35.04383166817146],[128.00484305653134,35.043622223252285],[128.00533688455403,35.04349081758829],[128.0062250344537,35.04356480510177],[128.00635324429058,35.04345323611127],[128.00649158045042,35.04315105401885],[128.0060567297457,35.04304057755942],[128.0052319452307,35.04266333426232],[128.00494833403272,35.042340278680804],[128.00497493440008,35.0419730573417],[128.00522357851273,35.0415650300457],[128.00583834680506,35.0413528001616],[128.00589743405936,35.041011778943975],[128.00630044427245,35.040791550180046],[128.00648869724003,35.04009156610907],[128.00674079956477,35.039738439026095],[128.0070412693343,35.03950927337998],[128.00719178238674,35.03957375524506],[128.00732553823687,35.039514385472934],[128.0075741096361,35.039159901689935],[128.0082485933824,35.038647254899416],[128.00882167748816,35.03847337443461],[128.00937635670059,35.038545239329096],[128.00968247830426,35.03863312190458],[128.0097094561234,35.038726419290526],[128.00993331294018,35.038778924901415],[128.01064920393804,35.039171350739245],[128.01136768174123,35.0391142041117],[128.01147847828574,35.03923804724433],[128.01201298984935,35.039347779997996],[128.0128582846687,35.039675651977305],[128.01321417284032,35.03947603078287],[128.01402664992213,35.03960098188256],[128.0146025178484,35.03997762906402],[128.0147789007402,35.040340724456975],[128.01485023975107,35.04083707329486],[128.01463301926043,35.041771697349354],[128.01435861574,35.0422622282402],[128.01411755861622,35.04250208542432],[128.01403630718085,35.04290748832083],[128.0138594359418,35.04302132652843],[128.01361059519712,35.04341119330899],[128.01303763110317,35.0439188847782],[128.01277952422092,35.043936408966616],[128.01230070072413,35.044421194676694],[128.01176943106302,35.04432610639567],[128.01140536413982,35.044703238934034],[128.01097943112433,35.04475875023141],[128.01058425889187,35.04517802448242],[128.0105999332736,35.045300041279184],[128.0104701008291,35.04550986178344],[128.0100732021962,35.04587306783646],[128.01008161359098,35.046377407856866],[128.00958196355668,35.04702681890358],[128.0085500489042,35.04750395926214],[128.008625075059,35.04862253194132],[128.00878054363463,35.04916742347888],[128.00926935042955,35.04971757155501],[128.0098070676718,35.050054534663744],[128.01176180895501,35.0490022979386],[128.0115634632719,35.04873442415365],[128.01164012387918,35.04835330799166],[128.01179688792186,35.04812998390915],[128.01208083375474,35.04794305660606],[128.01220555568617,35.047535556505494],[128.01230806694502,35.04750190503313],[128.0125905731379,35.04759212679884],[128.01270558381353,35.04730834776883],[128.01316789372225,35.046788583139744],[128.01381630743847,35.0465247804133],[128.0143232417989,35.04653307169139],[128.01450737532167,35.04668783125744],[128.01446480200985,35.04657672994619],[128.01576549731539,35.04586894779253],[128.0157224741288,35.0455319018335],[128.01591122546472,35.04505470186769],[128.01616688876388,35.04474361223352],[128.01642816247477,35.0441805363733],[128.01675694576406,35.04380027848958],[128.01711735234971,35.0430135152886],[128.017311507595,35.04289777987823],[128.01765168300477,35.042967992684176],[128.01777341825346,35.04284476557654],[128.01821653459655,35.04229675653145],[128.01814439947697,35.04183543719871],[128.01836470251394,35.041736776216666],[128.01899363523037,35.04180439507575],[128.0191240349067,35.04176192773136],[128.019484543475,35.04069225503896],[128.01894298240933,35.04066527007431],[128.01852920293888,35.040485657962876],[128.01844958173587,35.040247032844874],[128.0188813050376,35.03989520512485],[128.0177964278834,35.038614496565046],[128.01760589530596,35.03870249106699],[128.01717750072254,35.03866500077053],[128.01626889050524,35.0382550015149],[128.01610722310696,35.03798500108492],[128.01595694552944,35.03790472292579],[128.01521888954161,35.037729723152275],[128.01486861271454,35.037502500711646],[128.01476444521865,35.03733861212123],[128.01486407732898,35.037012273115465],[128.0138352454378,35.03617229035028],[128.013344515863,35.03619176898068],[128.01297929581497,35.036290865024235],[128.01190179140764,35.0362186462086],[128.0117223492526,35.036124737161856],[128.01147870793397,35.03572727166673],[128.01083947329562,35.035326577165435],[128.0104382428186,35.03532851275382],[128.01024067940753,35.03551603084373],[128.01011617410293,35.03553515695302],[128.00997759840646,35.03516269965752],[128.00952674288152,35.034842719664404],[128.0086512548042,35.03461476445203],[128.00809383034056,35.03427705415022],[128.00751473953972,35.03427978238582],[128.0069459968087,35.03406486709377],[128.00668168691797,35.034174210748134],[128.00634637371107,35.03415809168987],[128.00573829777687,35.033815516837485],[128.0056498072279,35.03363825621074],[128.0057021000962,35.03340836118258],[128.00595007055924,35.033045160519855],[128.0067239005492,35.0326322425972],[128.00738702667084,35.0321381276844],[128.0086315077899,35.03095376049802],[128.00895651883638,35.03073363870478],[128.00933937903957,35.03061901429842],[128.00983676728126,35.0307736655949],[128.01040221562693,35.03063219711663],[128.0117492114123,35.03002304841064],[128.01187588364076,35.029771050340315],[128.0123207889875,35.02952737100944],[128.01310329988564,35.02950094812379],[128.0134138518737,35.029314591139375],[128.01369895903113,35.02895869008923],[128.0143788679824,35.02861206158116],[128.01460582884337,35.028572758777884],[128.01477708211038,35.028660405317666],[128.0147310844884,35.02914993269727],[128.0148604728679,35.02940618039703],[128.0155582849641,35.02969477135373],[128.01642277534577,35.02942857738567],[128.01686859210255,35.02885132865544],[128.0174204609996,35.02899409897678],[128.01791246666372,35.02899447896633],[128.01796872696258,35.02909336480267],[128.01807643662062,35.028991109025704],[128.0179797685779,35.02876307271572],[128.018133825991,35.028529371741485],[128.0186111211584,35.028177506888795],[128.01936543212068,35.028249759047426],[128.01991431080933,35.02822028832153],[128.02013909575032,35.02849654933618],[128.02087408663667,35.028970074013195],[128.02093278890408,35.02923644557228],[128.02062481511646,35.03004653879082],[128.02067960466226,35.03021850018013],[128.02126390752966,35.0305375050324],[128.02148092160866,35.03051820174145],[128.0218106301138,35.030688617439424],[128.02242178689087,35.03057255691547],[128.0224080044027,35.030293062926475],[128.02252452718392,35.03020491970256],[128.02274313791483,35.03040093241624],[128.0227416705391,35.030493989721485],[128.02296215868404,35.030485262302875],[128.02325903112475,35.03146971579936],[128.02315136513602,35.031488506713565],[128.0228774127686,35.03068038062673],[128.02231973571122,35.030688858187254],[128.0207544803552,35.03101771207548],[128.02073374253612,35.03133422689289],[128.02226878343552,35.03174988132859],[128.0235572098719,35.031786661551685],[128.0237663976156,35.031730328777094],[128.0238052228284,35.031777833663426],[128.0246202308023,35.03147320560664],[128.02465869478738,35.031538749918184],[128.02305607243642,35.03210862724715],[128.02281186953442,35.03247628193764],[128.02289426927226,35.03256500573594],[128.023961428679,35.0328608964273],[128.0244058978994,35.033251699816326],[128.02447597085637,35.0332377619599],[128.02453644433277,35.03301462900306],[128.02474823026907,35.03292926936058],[128.0251982482239,35.03305576430761],[128.02537974111914,35.0332174787094],[128.02570803641197,35.03376035045185],[128.02584545126587,35.03445034551712],[128.02573381322907,35.03517249675657],[128.02592639002293,35.035886523392506],[128.02574694379612,35.03739202418122],[128.0259762474522,35.037772726297774],[128.02621153478975,35.038946527157705],[128.0265650818621,35.039407468389435],[128.02657988758543,35.039637338648205],[128.02637128343324,35.04023281521151],[128.02657417571368,35.04046582699402],[128.02652876102349,35.040502938001886],[128.0267736104359,35.04045600265351],[128.0269726756972,35.04050544095917],[128.0270636827022,35.04098716013827],[128.02704537132374,35.04119572930835],[128.02663272953333,35.04213781903237],[128.0264100300708,35.042443153648584],[128.02611343869916,35.04266024448933],[128.02638007842097,35.04322130791114],[128.0266574925631,35.043257779889466],[128.0269312301758,35.04354433797433],[128.02688574418755,35.043944389938986],[128.02696217001588,35.0439506288859],[128.02708635436824,35.04427996010315],[128.02752352470813,35.044516173037266],[128.0277730691702,35.04447395830714],[128.02804459152074,35.04452270895146],[128.02806573109464,35.04482871990145],[128.0285584509179,35.045119321838825],[128.02888323116815,35.04566639555832],[128.02893843803653,35.04610267412797],[128.02854264926808,35.04699047185735],[128.02842926235027,35.0477060833643],[128.02797987921315,35.04846699831356],[128.02815608813322,35.04879098083156],[128.02844836229983,35.048837200063645],[128.0286578705546,35.04900173646023],[128.02916329089314,35.04917379378944],[128.0294417143821,35.049123102375745],[128.02975805663255,35.04890083520335],[128.03005215406262,35.048449866439505],[128.03034822345774,35.04843949307697],[128.0306691725283,35.04875379028652],[128.03098624915208,35.04988998396415],[128.03102744003544,35.05017528209203],[128.03090937759046,35.05060283787358],[128.0307495685926,35.050844931172755],[128.03056315141205,35.05093649422491],[128.03014418677478,35.05094875964628],[128.0297753124286,35.05075855916241],[128.02967508490917,35.05093143697155],[128.02961842281633,35.05090837119435],[128.02969706180383,35.0507629892641],[128.0288717292729,35.04964966394697],[128.02869699442007,35.04958714800799],[128.02843270840793,35.04961893191896],[128.02803703890953,35.0498001806797],[128.0279107837304,35.050228796359555],[128.0271641832749,35.05038978681387],[128.0262154910693,35.05103978214615],[128.02571866310583,35.05167707681911],[128.02554901393682,35.05235189430345],[128.0257449979772,35.052365117406666],[128.02578593350623,35.05283852507244],[128.0264507784492,35.05291140631344],[128.02643891966218,35.05297812758331],[128.02556497955774,35.05287731792184],[128.02540811568494,35.05347691746791],[128.02563579618888,35.05424733635323],[128.02558566900353,35.05463389136853],[128.02567094165767,35.05533649518478],[128.0263329574042,35.05528472692576],[128.02647789112706,35.055906156905436],[128.02629079832954,35.055345311743984],[128.0255132516469,35.055427574321314],[128.02502932714086,35.05536358606288],[128.02484104612356,35.05540365280256],[128.02486444191584,35.055992311701715],[128.02510570423485,35.05621840976471],[128.02524841990402,35.05666110316214],[128.02646485546487,35.05648835666108],[128.02666945598057,35.05637882718373],[128.02671844849044,35.05643269348263],[128.02638018155133,35.05660893907391],[128.02661653879508,35.05686075987157],[128.02692649030433,35.0567575192581],[128.0269585880141,35.05680375452245],[128.02671832814048,35.05692112650784],[128.02725906610735,35.05761056720614],[128.0272298382401,35.057725277020026],[128.02892268772715,35.05992260038373],[128.03088105152796,35.0607823296212],[128.0313122327344,35.06111640346236],[128.03138071961067,35.06109860284465],[128.03158291919965,35.06140819772673],[128.03193049647876,35.06156975668758],[128.0328340404699,35.06086219925816],[128.03301424501967,35.0609994142485],[128.03296097035184,35.061044194288385],[128.03280555866036,35.06097221268396],[128.03194708521906,35.061653846131875],[128.0319947077614,35.06180199844213],[128.03219919463626,35.0619278934075],[128.03196840196628,35.06186594217701],[128.03271445835466,35.06214872923022],[128.0345129046994,35.06246211983428],[128.034742806018,35.0627240304515],[128.0347456851758,35.063062452711364],[128.03448549257337,35.0637204511541],[128.0346383434371,35.06367752647878],[128.0348474021071,35.06378823611105],[128.03480271210609,35.06402208715306],[128.03439380687595,35.063924064315444],[128.03390433687161,35.06478080888494],[128.03347017558244,35.065867268650514],[128.03313366068045,35.066315140686086],[128.03281825398065,35.06699212115698],[128.0326779620761,35.06808445879131],[128.03199870658966,35.06867262157599],[128.0323342836631,35.06889273170237],[128.032514144713,35.06938408589216],[128.03352130362256,35.069566157197734],[128.03380744042647,35.069348405043755],[128.0341141880279,35.06923309698475],[128.0351843362664,35.06936940511982],[128.03538920357826,35.06932098571316],[128.03590435717797,35.068995048924485],[128.03632340845704,35.06893732605496],[128.03660739160009,35.06936037718014],[128.0370826875207,35.06975005643177],[128.03722346718328,35.07007619469929],[128.037195283514,35.070645528546464],[128.03662503119125,35.070869067248616],[128.03732696876565,35.07157329390147],[128.03800333355576,35.07125416783746],[128.03840915930957,35.070916833371854],[128.03863380845038,35.070864273751255],[128.03939438358563,35.07093729003281],[128.04014405691498,35.07126218871894],[128.04079143409663,35.071798338424834],[128.04096112413114,35.07199777697378],[128.0410942059738,35.0723549910799],[128.04122207104405,35.07301515736403],[128.04113930447002,35.073429213940706],[128.04048027281848,35.0746111399454],[128.0403546532416,35.07526691958254],[128.04045080767457,35.07543716493446],[128.04021605963933,35.07568231070357],[128.03976791303253,35.07597619708647],[128.0377924104473,35.076023969082115],[128.03686875656533,35.07597476439078],[128.03607552553342,35.0760486181811],[128.03580456056017,35.076247658238174],[128.03509926298702,35.07657078156907],[128.03468096340296,35.07717186221575],[128.0340951970327,35.077654580861164],[128.03441968283587,35.077716494458585],[128.03583120212565,35.07844108416608],[128.0368166210245,35.07804914758243],[128.03738548597568,35.078354125169],[128.03830455560032,35.078098220688915],[128.03908123710843,35.07820100943248],[128.03938446268407,35.07838284805665],[128.03967009283951,35.0787202313469],[128.03974325439842,35.07904536489488],[128.03994208016496,35.07914574283561],[128.04135644828386,35.078757340446614],[128.0416512515345,35.078301752664075],[128.04224833477363,35.077896263224126],[128.0429400016277,35.07654388982524],[128.0431331521771,35.07569549660986],[128.04330156122293,35.07556357192642],[128.0440883172453,35.07556742723949],[128.04450007260476,35.0757007740114],[128.04483722233064,35.075386408454534],[128.0460398549965,35.07543560060618],[128.04600694942027,35.07600912923924],[128.04637958891843,35.07614787836766],[128.04690403554022,35.07653382974209],[128.04820543727692,35.07710686997149],[128.04897115886013,35.07777655350359],[128.049507523889,35.077840042685914],[128.05027567338183,35.07809762788154],[128.05061537635032,35.07837740949272],[128.05098843628667,35.07854755015504],[128.0510049933499,35.07869460918662],[128.05115782138847,35.07881003256987],[128.05123493214944,35.07899764343525],[128.05200033421337,35.07974711723724],[128.05229897504043,35.07969330278958],[128.05255311650254,35.08025797038319],[128.05252533834351,35.08035580438856],[128.05234714084767,35.08044684023316],[128.05238842617723,35.08102245941388],[128.0528938462298,35.082531742364694],[128.054089965462,35.08549043221745],[128.0549479465793,35.08694487349066],[128.05660885613398,35.08875831358385],[128.05673159783342,35.08898101417368],[128.05747838949148,35.08872859128791],[128.05602228435384,35.08607064118144],[128.0556697490635,35.085215427712946],[128.05544176454666,35.084900838789096],[128.05455992576924,35.082903944451836],[128.05454698241417,35.08267113693138],[128.05442599617712,35.08257101518742],[128.054113121693,35.08187532202418],[128.05413656694316,35.081749474889904],[128.05586257305598,35.080303819417395],[128.05722992246925,35.078682510098815],[128.0614712965186,35.079235769037666],[128.06195545209994,35.078666273124945],[128.05885531021994,35.07698336478377],[128.05883463968604,35.076890409948646],[128.05875631624113,35.07692473133912],[128.05720488923572,35.07605887449055],[128.05478235299472,35.074331156233754],[128.05471636208043,35.074354938837416],[128.05476364079624,35.07420150616002],[128.05461148795854,35.07419814160867],[128.0482173758424,35.06955599785039],[128.04826108086365,35.069494890936056],[128.04819117014495,35.06944425616832],[128.047850338097,35.06927409611565],[128.04779715783388,35.06930927254571],[128.04780687469622,35.06925239055953],[128.0451766565129,35.06724032388347],[128.04510207198658,35.06728272795499],[128.04512828644883,35.06719660587383],[128.04444697331996,35.06653175283868],[128.0440907940821,35.06607986782846],[128.04412836207297,35.06601200444616],[128.0440021603513,35.06598103105698],[128.04383172016426,35.065741939536],[128.04313541063595,35.064506608528816],[128.03999000585537,35.057716288357234],[128.03997378457876,35.05760335317704],[128.04024090900327,35.057374470031334],[128.03946861281332,35.05677566587381],[128.0395798811576,35.05668291130974],[128.03886858618154,35.055035864738784],[128.0386648806929,35.054331365582],[128.03876426036032,35.05426708411486],[128.03867430188515,35.05386220806209],[128.03853844464746,35.05379379882317],[128.0384437240281,35.05325739680702],[128.03824401223534,35.04964087217963],[128.03839473945627,35.04907126204294],[128.03826980594684,35.04906833396177],[128.03824674699635,35.04878930604267],[128.03841015623948,35.04879437451802],[128.03860802367342,35.04841050640849],[128.03902271865547,35.04793429415194],[128.03994659542678,35.047369743183815],[128.0405079264409,35.04720334280376],[128.0410620820724,35.047135559049885],[128.0411267247303,35.04717987538926],[128.04115917518013,35.0471255154332],[128.0410440816813,35.04703354710996],[128.04110514568393,35.04696435786132],[128.04095611951217,35.04668276137723],[128.04064122618703,35.04660463662959],[128.04069899306802,35.04646239381841],[128.0409693607748,35.0464391504444],[128.0410128115555,35.046378743207065],[128.04097371911178,35.04601271228985],[128.04080764476552,35.04564172167095],[128.04044193534475,35.04527287994765],[128.0399195836122,35.04434200003186],[128.03928430130182,35.04170862083484],[128.03882535008125,35.041630748202216],[128.03884889876875,35.04153890760311],[128.0393918319922,35.041621244573456],[128.0395261335304,35.0411045996563],[128.03897414290768,35.04114746824849],[128.03890784450317,35.04124814810349],[128.0388060856442,35.040725533181416],[128.03890584505666,35.040713573305595],[128.03900108632655,35.04105955397099],[128.0394908960121,35.04103050926514],[128.039694915282,35.040915605041285],[128.03944910778787,35.040337115730466],[128.03863685474775,35.04037893131304],[128.03862904047114,35.04027514505491],[128.03958542258275,35.04021276594549],[128.03939591098464,35.03992792604873],[128.03942087348148,35.03953490484577],[128.03910990903665,35.03907589971653],[128.03907399188355,35.03856311863118],[128.03881901514833,35.03809586379681],[128.03876796173586,35.03769697717723],[128.0390010211699,35.037075445366995],[128.03889391603022,35.03663081883687],[128.03909984166015,35.03624581972579],[128.03905707647576,35.03599351678447],[128.03926381883653,35.0359623182072],[128.0394035932303,35.03584195595204],[128.04014932751207,35.034696086964246],[128.03988241092253,35.03453011573578],[128.04014970684221,35.034657600544776],[128.0401894461156,35.03461911654663],[128.04103154535375,35.033346343287036],[128.04149964664717,35.03301848802178],[128.04206006447927,35.0323354148776],[128.04218083189966,35.03211307791514],[128.04222007163648,35.03128172622617],[128.04212828674477,35.03110232231203],[128.03794694791793,35.02739028163908],[128.03760129800384,35.02644781576773],[128.03698400236186,35.02590340728389],[128.03680145068842,35.02559747365115],[128.03574598310428,35.02442533828737],[128.03563218198832,35.02368820718431],[128.03487754766368,35.02363012072757],[128.0348923356733,35.02354220748867],[128.03547107491852,35.02359579589522],[128.0354739335665,35.02331888903383],[128.03490928855345,35.02315590949643],[128.0348491986041,35.0232517718496],[128.03475069655823,35.02321950749766],[128.03483140750845,35.02300143159677],[128.03546883814417,35.023219968603705],[128.03564523541962,35.0231580160835],[128.0364942363283,35.02244768684477],[128.03691533481856,35.02192107340841],[128.0370601013364,35.02153949454956],[128.037019428036,35.021286714768],[128.03660423173602,35.020766282496474],[128.0364348878654,35.02068063121872],[128.03639315483034,35.02053879630237],[128.0368794243491,35.019953197757175],[128.03710759819273,35.019470962293],[128.0371026526428,35.0192389931028],[128.03725571179322,35.01900228210497],[128.03719553555283,35.018957710970824],[128.0372514977516,35.018715802029185],[128.03746384175304,35.01857395697204],[128.0379158862846,35.01922286907415],[128.03751814844114,35.020148086897905],[128.03755776813662,35.020809325795575],[128.03778344540115,35.02120559999613],[128.03838945099332,35.02160754608536],[128.0386739545904,35.021696943265404],[128.03912237999253,35.02177104789241],[128.0398333792527,35.021700940378814],[128.04033107924792,35.02185046993372],[128.04060932499794,35.02219154440933],[128.04063764593087,35.02277828652477],[128.0407841761799,35.0229962321073],[128.0412262393686,35.02310089784043],[128.04158918129482,35.023312240396734],[128.04221284912862,35.02413812254893],[128.0428574483353,35.02451117874625],[128.0432715353435,35.02462855290189],[128.04373984143538,35.02454868883595],[128.04373024116907,35.02449009527828],[128.0438164476984,35.02453605594279],[128.04421225142897,35.024411702729964],[128.04425047350537,35.024459082064475],[128.04459964086632,35.02440124699749],[128.04459855162946,35.02434973083927],[128.04487594813327,35.02435498892549],[128.04505598507853,35.02409198993369],[128.04495904236686,35.02371747116243],[128.04521744198615,35.02353197958051],[128.04970086363528,35.016603958172695],[128.050048138972,35.016316931257876],[128.05056367011062,35.016121795404686],[128.05048566869337,35.01601028902718],[128.05056393590078,35.01581557386969],[128.05030578235045,35.01513153542594],[128.0495040478195,35.01418625914394],[128.0492763678196,35.0138001788969],[128.04856399407944,35.014179680004574],[128.0481648756351,35.0133255099253],[128.0481749086954,35.013145972953076],[128.04932625212015,35.01306491144881],[128.04937719226652,35.01272744995771],[128.04915860540416,35.01167863470657],[128.0484476698317,35.010670769281774],[128.04831867469466,35.01069938231057],[128.04838434575427,35.010557518781944],[128.04818462209008,35.010292617595624],[128.04701821531046,35.00953553607413],[128.04588576090038,35.01062136513482],[128.04579993390786,35.01056004762963],[128.0469648100036,35.00949991860585],[128.04651259577486,35.009254610498616],[128.04658821862438,35.009234413915955],[128.04551239975007,35.00843021366333],[128.0450417414247,35.00794244304949],[128.044652004377,35.00774639732785],[128.04415341428674,35.00781774204563],[128.04260426059673,35.008496577866225],[128.0442258660224,35.00773072680073],[128.0436589405581,35.00729933909564],[128.0432983504562,35.006464019096995],[128.04275044706375,35.0058058813643],[128.0425668413368,35.00588870635853],[128.04250570689004,35.00583142402256],[128.0427189761694,35.00570961368276],[128.04216382318552,35.0051038104074],[128.04204254546764,35.00482936600842],[128.04207542534232,35.00460625663095],[128.04232395195135,35.00424695609523],[128.04227487764575,35.003978480647824],[128.04171267368443,35.00337737031223],[128.04026917433487,35.00307860678558],[128.0398388780451,35.00285791290052],[128.03976765649904,35.00288117774043],[128.0397785810704,35.00276381860564],[128.03924488219388,35.001871712291276],[128.03916386903865,35.001469231415484],[128.03793738634835,35.00136294381698],[128.0391416801105,35.00138558177597],[128.0392564535179,35.00108484450665],[128.039152736747,35.00101075916365],[128.03928462348492,35.00102615649441],[128.0400465152155,34.99959876050033],[128.03993674793335,34.99928555118368],[128.03874540255669,34.99804638832602],[128.0388032966256,34.99803006434589],[128.03876657241406,34.99649558428528],[128.0390083427928,34.995593481631325],[128.03893866702734,34.995574983562925],[128.03903751839923,34.99554887059886],[128.03909344510686,34.99537083876812],[128.03896477962178,34.99520490180151],[128.03915949408596,34.995184225265],[128.0393988368441,34.99435892298791],[128.03940686662165,34.99384518634729],[128.03925293634794,34.99306324491575],[128.03938920428297,34.992666426886615],[128.0392554172769,34.99258947501533],[128.039414245083,34.99256781048435],[128.0395525958461,34.99240229245456],[128.04022928689795,34.99093063478892],[128.04021170443383,34.990830518912425],[128.03960962643262,34.99029175789317],[128.03870176546891,34.98958620411797],[128.03897401886925,34.98872513662907],[128.03913709247226,34.98877344066484],[128.0389091336278,34.98949287163694],[128.03981582702227,34.990308874072106],[128.04079288734147,34.98972786025214],[128.04007996704925,34.98885206963241],[128.0395573044527,34.98918365914732],[128.03949840608763,34.989117755398006],[128.04000782286283,34.98876302348485],[128.03982953097423,34.988540704409175],[128.03921134830674,34.988278669558234],[128.03907726578018,34.9882818718794],[128.03903598387163,34.988184696051334],[128.03916376767484,34.98814214581072],[128.03992275769136,34.98847780704152],[128.04106303975166,34.989882744579596],[128.04165578076902,34.989716890810705],[128.04251016864137,34.989024633559666],[128.04321970986095,34.98828814375884],[128.0432437354685,34.98814538046734],[128.04335076581353,34.98819107470564],[128.04345743245636,34.988044942340004],[128.04419652966257,34.98627368603784],[128.04412512043905,34.98617019056091],[128.04426788483516,34.98609715239724],[128.0444614474562,34.98552433114113],[128.04361767287878,34.984137985041116],[128.04353124641978,34.98401430709611],[128.0434658858307,34.9840341798882],[128.04345447379464,34.983568114586596],[128.04372571466286,34.98315347928272],[128.04527425084544,34.98171314336622],[128.04547723177728,34.98137175989786],[128.04525885791372,34.98055332703842],[128.04505028823198,34.98019334032228],[128.04459738310356,34.9799630887675],[128.0446371208842,34.97990596789331],[128.04508412133913,34.98011368354802],[128.04543973315245,34.980744364660836],[128.04560043743143,34.98075145978078],[128.04546337474912,34.98086442969685],[128.045564665627,34.98146527713763],[128.04589416144862,34.98156513024064],[128.04660655340695,34.981093032409845],[128.04673723821702,34.98076212126993],[128.04580919020458,34.9807862879243],[128.0458101467521,34.980729340094356],[128.04675424772933,34.98068537033517],[128.04688366030064,34.98043567751912],[128.047431393557,34.98003210951584],[128.04763427820072,34.97977350102606],[128.04758427648335,34.97971666667111],[128.04764531368969,34.979677350869316],[128.0477737293741,34.97976409363745],[128.04847497455972,34.978761385079586],[128.04855020611902,34.97881837111229],[128.04912055590452,34.978661958417554],[128.05168551512654,34.97832160694234],[128.05230999755764,34.97782587633855],[128.05247517406053,34.97713427569169],[128.05242287178922,34.97703936998497],[128.05211295625375,34.97681303058146],[128.05157064228123,34.97661368999034],[128.05139955085627,34.976451112641605],[128.05144409276565,34.97529208838106],[128.0512248420619,34.97471094637217],[128.05098055451114,34.97433167137183],[128.05052150592286,34.974196783639755],[128.05024023507858,34.97419859500324],[128.05012613998056,34.97406801700385],[128.0501247869205,34.97369870728551],[128.04984855766943,34.97366142998565],[128.0498476032955,34.97360189733763],[128.05001644208124,34.97360978034899],[128.05013629735046,34.973177865129344],[128.05007291904278,34.97207663833336],[128.05020766557163,34.971993605802034],[128.05017001284344,34.971849925480974],[128.05032212935157,34.97190799951453],[128.05049660731984,34.9716897330036],[128.05001608224467,34.97070102094523],[128.0515840057319,34.97033852516231],[128.0520111020146,34.97034722316166],[128.05194560541042,34.970245111824525],[128.0516219404103,34.97019555243326],[128.0511821995827,34.97025317438709],[128.05013097001705,34.97006822887298],[128.05003817731193,34.96995956730761],[128.05015073359195,34.96938538040332],[128.05010751574565,34.969182302715254],[128.049465387258,34.96892968799274],[128.04929296236512,34.9689269765012],[128.04910932603832,34.969020684722004],[128.04854130096388,34.96983596338151],[128.04774309185447,34.9701238335231],[128.04776122425838,34.970369917094665],[128.04732661264535,34.970417271789444],[128.04731240067554,34.97036711735537],[128.0476263788622,34.97033190397324],[128.04766984495208,34.97025380081407],[128.0476417548717,34.970113178483096],[128.04741016206268,34.969918636466524],[128.04756388483955,34.96986860954551],[128.0475944477119,34.969683055301374],[128.04736388636104,34.96940721986787],[128.04721416703035,34.96903305979563],[128.04712166277213,34.96905583148816],[128.04683055609252,34.96769832951396],[128.0466367000766,34.9673897647444],[128.0459711620514,34.96672470832554],[128.04532235384247,34.96632099863385],[128.04483167338842,34.96624167056523],[128.0448313600239,34.96613377666274],[128.0447351939699,34.966216584254624],[128.04381761327284,34.96584597689932],[128.04277714902378,34.965551503380965],[128.04238104821266,34.96523460426776],[128.0418771640915,34.965000669236055],[128.04104731403072,34.96377296802052],[128.04024248673807,34.963139310409936],[128.03927921872358,34.963592948063955],[128.03869915134504,34.96354733724292],[128.03871092495157,34.963471113593144],[128.03925053656877,34.96351388047679],[128.04004666440062,34.96308222135587],[128.0400097976239,34.96248816842012],[128.03993388954845,34.96248916417599],[128.04000712652422,34.962345491412684],[128.03980257581134,34.96208690097154],[128.03855962974436,34.961970862290535],[128.0385362266137,34.962142806292576],[128.03839039337643,34.96214154388035],[128.0382925938594,34.962941280648366],[128.03851340142364,34.96328974967709],[128.0384481599417,34.96334007806898],[128.03817365718393,34.962931857087426],[128.0383064191868,34.961917399163546],[128.03763610793993,34.9616905563614],[128.0374918014766,34.96173293013596],[128.03701919729144,34.96137207013943],[128.0369315578771,34.96137539547455],[128.03654611617267,34.9607866717211],[128.0364650008597,34.960702220835756],[128.03639417137308,34.96072777958389],[128.0364469446975,34.9606827798012],[128.03630934038813,34.960417467258814],[128.03613190262917,34.96023007539568],[128.03604555904357,34.96023222030556],[128.0360855066599,34.960197916871266],[128.03546889058023,34.95969222532488],[128.03528610683355,34.959715560026886],[128.03505833073675,34.95939750494234],[128.0340500040369,34.95870833327486],[128.0338586138311,34.95842694368994],[128.03319167235196,34.95819916580147],[128.03212482717953,34.95874626629531],[128.03250761887455,34.959296262147944],[128.03243253720765,34.959385473697324],[128.032029039394,34.95884234396927],[128.03183133799175,34.95872573785828],[128.0316063697925,34.95886459920254],[128.03103555205223,34.958882778398625],[128.03055999717495,34.95874000529595],[128.03011333028826,34.95874638949515],[128.02986666877925,34.95786083110948],[128.0298827745126,34.95751139092085],[128.03002527325705,34.95735361351312],[128.02995417021404,34.95711722678504],[128.0309133402493,34.95553444225165],[128.03129222410053,34.95537249992325],[128.03162610951395,34.955115836499715],[128.03263999517387,34.95406028347535],[128.03358917107693,34.95245499764225],[128.0339102811172,34.95142499780853],[128.03412088338382,34.951231071175094],[128.0344545132273,34.95059253308282],[128.03393424480876,34.95026520973227],[128.0343369238879,34.94973136221298],[128.03440090882225,34.949763237612736],[128.0340501704565,34.95022546278633],[128.03463004967594,34.95058705984911],[128.03479693282813,34.950434517642336],[128.03486623866348,34.95045977405214],[128.03465593517444,34.95065933743365],[128.03462504657227,34.95095121805489],[128.0348472109862,34.95098387304677],[128.0351414259767,34.95068897316924],[128.03493316437425,34.950542472591096],[128.0355932176475,34.950487045898385],[128.03573985124297,34.95029769257257],[128.0345946450839,34.9499083530685],[128.03463013684876,34.94982148393143],[128.03565569550713,34.95013167232652],[128.03572683237638,34.950026779550775],[128.03596561320944,34.950056589086884],[128.03704399155464,34.94901298344438],[128.037134200822,34.94836179030258],[128.03734301767733,34.94819568637639],[128.03757366923443,34.947752618485225],[128.03793845297187,34.947599665791444],[128.03818515180308,34.94731370223292],[128.03862728952788,34.94695378765314],[128.03911514652324,34.946692553182],[128.0394026150127,34.946403745165476],[128.03953490837046,34.94585715961233],[128.03918441332698,34.94535397766826],[128.03931378622562,34.944749078974375],[128.03914755707973,34.94446164916165],[128.0392506187233,34.944098410544846],[128.03897927696843,34.943388507210756],[128.03888631527903,34.94231777292078],[128.038747906222,34.941764060826266],[128.0390103989694,34.941178025805606],[128.03937646466787,34.94077162841518],[128.03925409534017,34.9405251961311],[128.03932185944166,34.94024378173517],[128.03948014560945,34.94023640696572],[128.03942168838003,34.94055234558821],[128.03972506867723,34.94109467826233],[128.0400047438608,34.94099744347985],[128.04020176256387,34.94127339782811],[128.04040666846106,34.941058467761636],[128.04013484783823,34.94074843777985],[128.04019567340177,34.94072124680745],[128.04048475384565,34.94099577414632],[128.0408345613242,34.940617157866285],[128.039923060864,34.9400257840639],[128.03963796424017,34.94007759328178],[128.03959978897217,34.93998907679913],[128.03991898317736,34.93990419634242],[128.04100588968032,34.94060369221255],[128.04114278037056,34.940557541992945],[128.04168607850823,34.939877336636236],[128.0416074827419,34.93975267264883],[128.04232818524537,34.93918210574008],[128.0424228455316,34.93886366676074],[128.04291883146578,34.93854194518821],[128.04330893779482,34.93785917252391],[128.043732969749,34.937627971272214],[128.04369524522562,34.9375578017301],[128.0438023394376,34.93760175561478],[128.04411619508,34.937475945482824],[128.04462682689422,34.93715284471866],[128.04550612336655,34.93599222956186],[128.0466354335522,34.934924444572836],[128.04767680099505,34.93427651045013],[128.04765744911836,34.9341525760192],[128.0478287815763,34.934051345278725],[128.04807365929273,34.93404519742635],[128.0492541092618,34.93332849406896],[128.04958729422682,34.933284834632495],[128.0505487015836,34.932698407114344],[128.05112601257034,34.93216966065056],[128.05095938191627,34.93196216589973],[128.05148563829025,34.93158660863341],[128.05169118556447,34.9316983586817],[128.05211152665007,34.93133504099096],[128.05173065796902,34.93120426677018],[128.05175179497041,34.9311411932707],[128.0521438575967,34.93123415259468],[128.05227675461052,34.931160314678074],[128.05342110996008,34.92988694658239],[128.0537938943273,34.92966638761201],[128.05393305533738,34.92965944016344],[128.05462361644305,34.92918250305954],[128.0547627760029,34.92901444709143],[128.05470971713027,34.92892861284144],[128.0549950832964,34.928690676862516],[128.05608932298804,34.92866741076152],[128.05607060307636,34.92795692796002],[128.05734775673628,34.927329633040635],[128.05788653527836,34.92734705282755],[128.05786379351903,34.92749733935481],[128.057422193514,34.92746025760543],[128.0562725321363,34.928043223559],[128.0562660283564,34.92852028555588],[128.05735272190208,34.92852978571592],[128.05739850020052,34.92861694980911],[128.0567740397322,34.92885124992129],[128.05694249472762,34.92907409224431],[128.0567130421167,34.92920258309321],[128.05658950761463,34.92919153735283],[128.05627542925484,34.92893896458638],[128.0561083332465,34.92895972196772],[128.0561843515906,34.92919399683054],[128.05667697978774,34.92931064511007],[128.05696336891322,34.92916186480135],[128.05707482586573,34.9292278796928],[128.05777235405037,34.92908827339244],[128.0577572137325,34.92902357362508],[128.05810168057312,34.928947592904365],[128.05797105515344,34.92850759460389],[128.05810369305956,34.92840952807634],[128.05752834430382,34.92786575200037],[128.05765090177562,34.927765850282114],[128.05797804080666,34.928135831941354],[128.05823916393896,34.92829056409045],[128.05842345583372,34.9289178097385],[128.05979711765985,34.92865183174395],[128.0596831673252,34.9282843250936],[128.05976820954515,34.92826568482115],[128.0598861923603,34.928631843644915],[128.06095350776573,34.92839812140549],[128.06086620167522,34.92812945610382],[128.06092097549805,34.92811811726259],[128.06101481240242,34.92838318148043],[128.06197310303017,34.928170888445855],[128.06188746055597,34.927911575346386],[128.06196795378025,34.927891501870995],[128.0620534361883,34.92814561261532],[128.0627960589306,34.92803397895193],[128.06270841341086,34.927428089306765],[128.0630998171537,34.927347553225175],[128.06318782837056,34.9271714584369],[128.06309020905533,34.92707408923027],[128.0632230136778,34.926975054202764],[128.06334664039278,34.92702782620991],[128.06329246052962,34.92691958005432],[128.06335050381125,34.92682465531673],[128.0640809574231,34.92643992693325],[128.0640285662478,34.92632739494022],[128.06384546938403,34.92630269303108],[128.06389682014665,34.924838913471035],[128.06416379952174,34.924599416388155],[128.0642343801659,34.924426539772895],[128.0643929168295,34.92435181300484],[128.06454592240473,34.9244558528689],[128.0645329379037,34.924536315958036],[128.06407360338284,34.92487006502424],[128.0640615655672,34.92619603317981],[128.06413263629273,34.92640134141863],[128.06427836049886,34.92646929888697],[128.0647346083921,34.926552050050105],[128.06491755718372,34.926249449481716],[128.0650830560927,34.9262626117974],[128.06759148091425,34.92676636532989],[128.0679955249688,34.9266231214239],[128.0677689478204,34.92619854930904],[128.06787916047404,34.92612542076577],[128.0679985255405,34.92623000118166],[128.06810149181152,34.92619478208657],[128.06829228837825,34.926520173561684],[128.0695023046834,34.926086007815094],[128.06933313188748,34.925767210531376],[128.06940731730026,34.92574132383208],[128.06957919471995,34.926050308227495],[128.0699258890986,34.92592619654547],[128.0701870796995,34.92639646646044],[128.0703428835994,34.926359170584774],[128.07037944120668,34.92642575385982],[128.06990779596057,34.926589733643226],[128.07035641592688,34.92731141885029],[128.0720426067698,34.927361751540865],[128.0731131093544,34.926103502850104],[128.07190473014464,34.92405858085409],[128.0698077751472,34.92417065458084],[128.06980291605487,34.92411345385126],[128.06965682300248,34.92409165847125],[128.06964264977933,34.923994789672754],[128.06732470888906,34.92333788658074],[128.06708876063456,34.92333439000497],[128.06699113282696,34.92321349931212],[128.06706844085042,34.92307884418236],[128.0672160970096,34.923096815622316],[128.0697277497092,34.92382010058078],[128.0723838354443,34.923673503887144],[128.0736178251218,34.92333921434004],[128.07384471862065,34.923452224838705],[128.0739966645276,34.92319666826913],[128.07398360961594,34.92307777962737],[128.0738122237015,34.92297139385354],[128.07377528079493,34.92277444525082],[128.07389028222042,34.92261027513557],[128.0740719433374,34.922832500272754],[128.07433389170865,34.92297055599672],[128.07450972392394,34.922979168702796],[128.07447305601485,34.923097778381845],[128.07482777978814,34.92339332958985],[128.07538194985236,34.92301722142908],[128.07544194603037,34.92306861332192],[128.0750722197762,34.923442782217435],[128.0749586073432,34.92346389214955],[128.0749544416262,34.9238038875841],[128.07553835053707,34.92382260000058],[128.0755240498785,34.923426210654554],[128.07561413513668,34.923429383684436],[128.0756702171913,34.92382213404045],[128.0761724393923,34.925147572360956],[128.07698027096274,34.92508709358297],[128.0772644235104,34.92412075556288],[128.07737875368974,34.92412548211661],[128.07696363555687,34.925665618550084],[128.0773559177399,34.927024738480334],[128.0784392179109,34.92702998587308],[128.07846291274086,34.92550111768574],[128.07955710960465,34.92551366603675],[128.07955602694966,34.92564884280978],[128.08000088912442,34.92565649406902],[128.07998492748607,34.92655989913226],[128.0797679366268,34.926561140303136],[128.0790107138773,34.92716172575846],[128.07898222606588,34.92813813547998],[128.07958780894484,34.92846802324998],[128.0813869926772,34.92770777326608],[128.08139558737352,34.92706037743372],[128.07994000950174,34.927047434933286],[128.07994085382805,34.926915979001656],[128.08605472320582,34.926973615562325],[128.0880107026632,34.926173371437166],[128.08594263907835,34.918992417598616],[128.08473855415406,34.919205096573535],[128.08251129131577,34.91802665109146],[128.08271242902995,34.91776931841569],[128.08265160492624,34.917708675875005],[128.08325065194333,34.9169873523328],[128.08661532285515,34.91874325776026],[128.08700659814542,34.91912600267469],[128.0870655919341,34.91894715697884],[128.08662929285032,34.91862412278987],[128.08481237597107,34.91764476634163],[128.08277767878815,34.91659023350143],[128.08246290036004,34.91655089293754],[128.08239084988134,34.9163841115014],[128.08252534610676,34.916226830936694],[128.08267924689412,34.91623930449824],[128.08653162034628,34.91826225985785],[128.08668805632894,34.918206389443476],[128.0866988955156,34.91811500077858],[128.08685916914416,34.91823028078488],[128.08699444186846,34.91804000324803],[128.08721638533297,34.91806083330843],[128.08742639229254,34.918286109021366],[128.08761583785352,34.91878638727374],[128.0874525047869,34.91901055325254],[128.08760305168306,34.919137775018555],[128.08779167096492,34.91901777814259],[128.08790972312255,34.91907527818831],[128.08785056064056,34.91922500070927],[128.08873861585084,34.91928332901575],[128.0887852734432,34.91899749856456],[128.0889738906593,34.91887749987112],[128.08910722214492,34.91865555852914],[128.08928833595442,34.91868860742237],[128.08928138500255,34.91894833493855],[128.08967222015767,34.919742780540545],[128.0897427823762,34.92009250328965],[128.090074167922,34.920559166007806],[128.08995694690432,34.92067583411854],[128.08998527974887,34.92077000316362],[128.09026389390675,34.92085249922654],[128.09046500105353,34.921107222962796],[128.09071889268458,34.920974721890474],[128.09081777823613,34.92100833409277],[128.09085888583658,34.920874997823496],[128.09104472574367,34.920979170107444],[128.091206945808,34.92090305597508],[128.09122666703473,34.92080666869875],[128.09143333502755,34.921041665269804],[128.091611669602,34.9215419440982],[128.09142749576003,34.92189305988821],[128.09136360597586,34.92259111486399],[128.09177389131014,34.92310555773288],[128.0922158325187,34.92328888778503],[128.09249277385,34.92309694889974],[128.092701109158,34.92311166460149],[128.09280278347038,34.92302944492552],[128.09296249682458,34.923183335491586],[128.09315777836258,34.923178060340156],[128.09350194275018,34.92337722317494],[128.09371732222613,34.923394405047276],[128.09468548219095,34.924216763307754],[128.09460913211547,34.924378673497195],[128.09443851286858,34.924386127073504],[128.09429975232914,34.924169434534996],[128.0937986529031,34.923747009473566],[128.09340192604938,34.92401131024306],[128.09347306855784,34.92409705538697],[128.09384306073542,34.923972102676565],[128.09387625127053,34.924086749825285],[128.09347738510613,34.924126498614285],[128.0935487986291,34.92419968116856],[128.093769464321,34.92420703250868],[128.0938047206317,34.924299008886926],[128.09323053252513,34.92412695560456],[128.0926297997689,34.92414167905112],[128.09235898513046,34.92427783386228],[128.09235892400167,34.92456960162365],[128.0926250089155,34.92472599118677],[128.09380408120535,34.92475827106998],[128.09375630103546,34.92458700020073],[128.09391646679623,34.92454196371568],[128.0941794076072,34.92488511437103],[128.09415332940043,34.925167774590136],[128.0940122283878,34.92519777457854],[128.09438944754856,34.92537861306988],[128.09462694806106,34.92539694120359],[128.0946233340434,34.92556055497163],[128.09491833910286,34.925635276262376],[128.09502972232556,34.92590777451488],[128.09531591667516,34.92609136696125],[128.09533841281694,34.92621049539061],[128.09524610984408,34.926264447739314],[128.09529833847657,34.926328887072955],[128.09569277445607,34.92649028218208],[128.09618971934606,34.92648666987503],[128.0970152788272,34.92618361617089],[128.09684183789784,34.926045770996566],[128.0969904338908,34.92590908593251],[128.09687284734756,34.92561784849916],[128.09685539839379,34.92508486441912],[128.09705097317047,34.92495035794084],[128.09735435492146,34.925032634718654],[128.09766767163842,34.9248273795877],[128.09764801861877,34.924737169868116],[128.0977417911502,34.92474968281395],[128.09768852887345,34.92460260979428],[128.09792048318766,34.9245955351708],[128.09799699570866,34.924449191553656],[128.0979748535743,34.92421844197758],[128.0977204301745,34.92425470739192],[128.0976634282437,34.924197318002996],[128.0976687111848,34.92411265665498],[128.09782216310248,34.92406378050084],[128.09773562265312,34.92381059592146],[128.0977797997868,34.92302895274883],[128.09754250735932,34.922838211887566],[128.09747372374025,34.92267761141732],[128.09753789734754,34.922235782968414],[128.09728561847075,34.92216165687555],[128.09721028299265,34.92185395082372],[128.09702420978363,34.921784209453335],[128.09711182873994,34.92149193747468],[128.0970079968121,34.921308181833986],[128.0972744256725,34.921335057296815],[128.09727997250593,34.92096644336974],[128.09718222781527,34.920969313385605],[128.09712783117712,34.92074827504044],[128.09732664479927,34.92049487591758],[128.09740654075546,34.92055594116632],[128.09736419349008,34.920916331831414],[128.09788361583892,34.92050167173621],[128.0981855596238,34.92065000422473],[128.0983736093135,34.92084611100209],[128.09833055625728,34.921279443485034],[128.09853722123393,34.9210713927786],[128.09895944293064,34.92106388925872],[128.09908333834002,34.92112749672407],[128.09908999919227,34.92125194260769],[128.09874221815582,34.921497227211134],[128.09871916902657,34.92164055221952],[128.0988802774782,34.92191194721608],[128.09958694632448,34.92247944317194],[128.09952222474953,34.92256972085529],[128.09957222843883,34.922763891660814],[128.0994644423738,34.922817219349696],[128.09939901816873,34.923200126284904],[128.09951589994637,34.923344055949556],[128.10030984650336,34.9235770976296],[128.1002870647751,34.923680016463955],[128.0993984013389,34.923407839363826],[128.09915428845486,34.92389876480152],[128.09972460652588,34.92403132743008],[128.09968812708289,34.924115829923835],[128.09909527843288,34.923972959531916],[128.09919025328273,34.92449525146259],[128.09959697676138,34.924880180083704],[128.1002610262493,34.92516010310205],[128.10053056249777,34.92517418557136],[128.10062572942456,34.92501282617406],[128.1014831335395,34.92515483328502],[128.10155249921783,34.92560639318488],[128.1021147189941,34.92564694688315],[128.10220472523562,34.925806385275344],[128.10215832802828,34.92567222741434],[128.10228916849422,34.92572500419419],[128.1024419412867,34.92566722001934],[128.10287722319032,34.92520805668406],[128.10292333709847,34.925000274847584],[128.10213638429266,34.92489778201184],[128.1020318844483,34.9246986126331],[128.1020557140923,34.92438178160117],[128.10263583096733,34.924324721286155],[128.10277916498146,34.92370917099801],[128.10295999552147,34.92355860961682],[128.10314777542288,34.92305194590301],[128.10326000585536,34.92303861384155],[128.10330972695556,34.922872220807356],[128.10353610782298,34.922686940905045],[128.10385583241808,34.9227405595579],[128.104085836866,34.92301111275057],[128.1041744495395,34.92287694080027],[128.1040774535629,34.92238989013997],[128.10344369304235,34.922499417209146],[128.10351448574556,34.922611212108436],[128.10344137996165,34.9226406337005],[128.10338303359882,34.92251946650711],[128.10323210403988,34.92256538485144],[128.1032978823751,34.922692456771756],[128.10317816636447,34.922723040209036],[128.10310750909798,34.92271949000989],[128.10307211958798,34.922597608162725],[128.10261037331517,34.9225558824242],[128.10261286633957,34.922310740600174],[128.10281409507724,34.92230886508804],[128.10281139661492,34.92187203851648],[128.10261433817908,34.92185896505694],[128.10262829307035,34.920948030833394],[128.102531177893,34.92090713073613],[128.10250425960848,34.92070094460974],[128.10261441350244,34.92046776604464],[128.1028613048517,34.920360209290344],[128.1032453503055,34.92043543266027],[128.10679101635,34.921984562702775],[128.10738544131263,34.92207780474155],[128.10753477182314,34.92188621795565],[128.10747512351773,34.92212231438434],[128.10871411529348,34.922779962672266],[128.11040200397355,34.92349350694183],[128.11071723243757,34.92354764226445],[128.11080134145624,34.923731693392035],[128.1109945908256,34.92383777250624],[128.11121855488622,34.923809297320915],[128.1115402122942,34.92359610778429],[128.11160209212335,34.923687137853534],[128.11234535875238,34.923869830495335],[128.1132768109271,34.92387614488786],[128.11378789856477,34.923632478426775],[128.11444192317467,34.923074673794154],[128.115313757102,34.92287090050839],[128.11612936338398,34.92284026828617],[128.11627572589975,34.922756235265375],[128.1162194996629,34.92261321358414],[128.116364023262,34.922722130055355],[128.11721253766848,34.92245313148296],[128.11806118978637,34.9224827204391],[128.11860805589637,34.92266225537701],[128.11866976613638,34.92274214803242],[128.1186022467903,34.92298043773718],[128.1191481502961,34.92246305026167],[128.1193844076023,34.92235366206539],[128.11965941792573,34.922422462893586],[128.11961413313966,34.92265813744518],[128.11909009535154,34.92281420486144],[128.1180140046748,34.923859941344375],[128.1175038200599,34.92479712807466],[128.11661107322266,34.9257212830444],[128.1157509566544,34.92687859681929],[128.11526592034124,34.92804105273381],[128.11520280235837,34.92838577627352],[128.11586714072203,34.92917279191112],[128.11592818183493,34.92955194135615],[128.11572077461642,34.929723050194404],[128.1150966804768,34.929969183301935],[128.1148217553738,34.93021760373037],[128.11475478070452,34.930918948045644],[128.11453572986076,34.931773839127786],[128.11469194299136,34.93211321988607],[128.11469362208211,34.93253044293411],[128.11480326265112,34.93271944483483],[128.11532692852145,34.93316022793044],[128.1152452923006,34.9333914262733],[128.11454823013557,34.93355093558535],[128.11434934020548,34.93370446469984],[128.1143500271497,34.93384520779138],[128.11558849129727,34.93452663255436],[128.11637912367038,34.9346982983027],[128.1166546047624,34.93497476391766],[128.11717090386267,34.93523808934348],[128.1174942829878,34.93565887592257],[128.11760472343553,34.93594892316521],[128.11738096994654,34.936475879519804],[128.11800687190183,34.93662221757648],[128.11845872913176,34.93661947632275],[128.11874329347071,34.93650953869206],[128.11930701827967,34.93656353428426],[128.11984818429985,34.93698135907267],[128.12006592777672,34.937635743566474],[128.11999067822984,34.93765918317579],[128.120090935436,34.938004930549354],[128.12104363883006,34.93835710962734],[128.12194438654936,34.938408880806115],[128.1223518980449,34.938514408728764],[128.12262184822043,34.9387469797217],[128.12280171580377,34.93909674240868],[128.12280216500335,34.939861546378474],[128.1232968037881,34.940905930546684],[128.12331984544463,34.94128023138975],[128.12407340181016,34.94204740311097],[128.12383192465478,34.94287004117609],[128.1240530719426,34.94407330546808],[128.123834274458,34.944210202450336],[128.12352404211398,34.94476757079432],[128.12373374954814,34.94560049336773],[128.12361516676154,34.946109516783494],[128.1236765156189,34.94741359729158],[128.1232994965074,34.94835120619854],[128.12312798160391,34.94912196081081],[128.12397418502653,34.94998297415116],[128.12457955782085,34.95021443521277],[128.12524136426543,34.950915048508755],[128.126572329955,34.95191523265455],[128.12794801219744,34.953922555406194],[128.12895313448792,34.9549335781206],[128.12990591546566,34.95605159716412],[128.13198848586273,34.958834069737016],[128.13292505229373,34.960748961989],[128.13370162174263,34.963637437387526],[128.13368806234573,34.963929099816085],[128.1341629890735,34.96629583404988],[128.1343285599367,34.96783893208996],[128.134860465831,34.96867880821236],[128.13502917012153,34.9691796566249],[128.13501714759016,34.969636863012944],[128.13469152812903,34.970303625952006],[128.134596217565,34.97101286983477],[128.13446236425952,34.97128450284134],[128.13434154763118,34.972432892852446],[128.13413038848265,34.972963077161005],[128.1339037919378,34.97326600945638],[128.1337997057719,34.97404740589562],[128.13387189035737,34.974496839447525],[128.134242255091,34.974842570726985],[128.134376544648,34.9752377525204],[128.13410641545815,34.9763134279733],[128.13409076202944,34.97670408803425],[128.13379609565283,34.97756752736484],[128.1343654341945,34.97877445006877],[128.13450701993563,34.97969983017746],[128.13466553212646,34.97982531942591],[128.13497003482655,34.98032259221515],[128.13496823437606,34.98048958180728],[128.13537851833763,34.98077986410453],[128.13577614231636,34.98091394996229],[128.13666299238955,34.98103404537329],[128.13714257399218,34.9813002888062],[128.13744885528587,34.981734463655876],[128.13771631082247,34.981917319142646],[128.1375216426542,34.982121453745535],[128.13757298795977,34.982195179000804],[128.13794944369855,34.98232397827844],[128.13813755223973,34.98260155954581],[128.1382449105082,34.982642224939056],[128.13821102267912,34.98293316596886],[128.1386489162053,34.98343258364521],[128.13882266486502,34.98400157744548],[128.13902702870155,34.98417906023559],[128.13923439387557,34.98423722566806],[128.13947488425148,34.98465589539015],[128.14001572551697,34.98500720704829],[128.14032361114928,34.98547073501011],[128.141009649656,34.985903064721384],[128.14139401821345,34.98648344115339],[128.1417969885658,34.98675741676611],[128.14154093163773,34.986771758511516],[128.14180351653258,34.98682662313798],[128.14223786802035,34.98793534349683],[128.14242990780244,34.98821443345398],[128.14267626163374,34.98838645676902],[128.14282951689728,34.988657627706495],[128.14298936528309,34.98872188678124],[128.14317294713268,34.989143545331466],[128.1434346249493,34.98938201432671],[128.14343932952275,34.98954859050356],[128.1439341320491,34.989764159581064],[128.1444588403334,34.990174195502135],[128.14503221990716,34.990257346474735],[128.14555882657774,34.99042966984585],[128.14615320243246,34.99086327228636],[128.14828248135672,34.99140775547065],[128.14870096274728,34.99120798542925],[128.14907043402673,34.991367491678226],[128.14972313008164,34.99144912146924],[128.1500900886372,34.99144829323057],[128.15092575602014,34.99128990548269],[128.15141733487408,34.991388840976995],[128.1524082104928,34.99128669927569],[128.153482984063,34.990714097986654],[128.1544626831957,34.99054433245614],[128.15497667055885,34.990247977812714],[128.15608606909956,34.98984377675722],[128.15647429630042,34.98956703788277],[128.15702060351092,34.98894461001047],[128.15900152308092,34.9882179778679],[128.16005041935955,34.987205711072974],[128.16027234691683,34.98692224807759],[128.16026624621665,34.98673788832083],[128.16038841636785,34.98667251154113],[128.16083948876752,34.98648384008474],[128.1614305554453,34.98648141592078],[128.16172002879813,34.98630327983974],[128.1618455328203,34.98638458333418],[128.1624551253099,34.986244925112125],[128.16257964651277,34.98632601318624],[128.1629384228639,34.986184307123494],[128.16312057128823,34.98594601076013],[128.16390685752947,34.98549305398019],[128.16476343678224,34.98476488841465],[128.16534712549057,34.98451268425434],[128.1662446364896,34.98354743581536],[128.16652313868707,34.98363283091519],[128.16766472422964,34.984282317793685],[128.16880431923903,34.984213815928946],[128.17016950231522,34.98474836397064],[128.17052523338373,34.9862573429454],[128.16987875931832,34.987453364157204],[128.16900510100572,34.987573342476814],[128.168637669616,34.98790862691898],[128.1682905961613,34.98855342069801],[128.16812634211607,34.989095928499054],[128.16769118410477,34.9895270636572],[128.16704349948049,34.989929951767486],[128.16659151467874,34.991369635206205],[128.16633739766596,34.99185910024345],[128.16630984411924,34.99233405800241],[128.1665866445106,34.99329581705528],[128.16616382669375,34.99386571370501],[128.16602615670635,34.99454599113754],[128.16564109045092,34.995626904813925],[128.16316713736705,34.99855666161356],[128.16312185537555,34.999252633737754],[128.16289088059676,34.99960563230823],[128.162829159489,34.99997523768386],[128.16264759053755,35.00024647094017],[128.16224318059596,35.000601156091335],[128.16205818971056,35.00088767961254],[128.16179020653493,35.00103329578341],[128.16174574219272,35.00118588973901],[128.16145283951562,35.00135571341459],[128.161233473224,35.001975382459],[128.1606757501778,35.002629061180535],[128.16038222657735,35.00284935870211],[128.16012933003537,35.00323443547364],[128.15965641701138,35.003375902379894],[128.15958573430936,35.00353320792557],[128.15965724686265,35.003818701582645],[128.15959172637105,35.00405394744655],[128.1593677349791,35.00423008601014],[128.1588739768311,35.00435125171392],[128.15863766288243,35.00456348506302],[128.15838789115227,35.005388405240964],[128.1584413656044,35.005573357903266],[128.15803258342393,35.006035437048276],[128.1579891601199,35.0065762696465],[128.15782800076053,35.006985848956866],[128.15804372728365,35.00777353538032],[128.15802504582388,35.00807982554493],[128.15829757212703,35.00839636727233],[128.1585233918752,35.00852872528336],[128.1585021292837,35.008662620167904],[128.15913567184916,35.00898699894195],[128.15923303890028,35.00956390240128],[128.1590923661081,35.01014288846044],[128.15837926242168,35.01183125110786],[128.1585159491978,35.01225429360624],[128.1587136125985,35.01255452232569],[128.15901736268856,35.01279840323595],[128.159801302738,35.01311134994833],[128.15993476461423,35.01323680946347],[128.15977881840578,35.01359193107432],[128.16003716927182,35.014304545519344],[128.1597622439383,35.0146268926367],[128.15975858245267,35.014909571531945],[128.15984709152434,35.015326728002464],[128.1600469329299,35.01551561959204],[128.16060106580213,35.01686102585123],[128.16057180840343,35.01995277088239],[128.16078437681884,35.0204973962459],[128.16147328325326,35.02126472243539],[128.16128184635235,35.02245340881888],[128.16146698410964,35.02278506063131],[128.16176885527273,35.024229438254615],[128.16262437840675,35.02606806885751],[128.1626417071084,35.027228393383666],[128.16290437590706,35.027592788102766],[128.16346002517523,35.027811828657484],[128.16418705142232,35.02798640637545],[128.16477306931225,35.02849160110578],[128.165858855375,35.028960267809744],[128.16632551800384,35.029445352170924],[128.16660539933213,35.02949676211378],[128.16698127059604,35.02922574285898],[128.16724955133432,35.029457380292946],[128.16744753631974,35.030071209508215],[128.1674113138521,35.03045172840471],[128.16726895484982,35.030890113529225],[128.16688049849736,35.031446699505736],[128.16736550168966,35.03128276070153],[128.16830458258553,35.03032990962993],[128.16865485412112,35.03025992551082],[128.16930612459745,35.03065502083209],[128.1698373894986,35.030600271192455],[128.17053945977892,35.03069170707725],[128.17109249584576,35.03051842700314],[128.1714785270472,35.03050975940858],[128.171781146002,35.030874275843146],[128.1720228293041,35.030980660469325],[128.17266773451732,35.03107468192373],[128.1735378951189,35.0314181581152],[128.1735282780735,35.0326770728967],[128.17515276507135,35.034643582072405],[128.17590924914217,35.03607905776705],[128.17750230896,35.03676734104535],[128.17821463889774,35.03752039071927],[128.18003807514654,35.0385072614528],[128.18055206797965,35.03935406521991],[128.18121062640498,35.04019761319961],[128.18144992555568,35.04159471034313],[128.18193552670834,35.04260610940791],[128.18206401868042,35.043129953097896],[128.18180896276544,35.04386046356197],[128.1818565721819,35.04424526285699],[128.18219326934508,35.04501331616658],[128.18199664721274,35.04561737350019],[128.18205734474864,35.04710447121108],[128.1819905038219,35.047520532261935],[128.18212411971618,35.047891812494974],[128.18271017337491,35.04846777404223],[128.18312319561792,35.04924980755776],[128.18352842491146,35.04960986110484],[128.184207857094,35.05048153286527],[128.18442163764962,35.05097877130514],[128.18351745850242,35.051294289741406],[128.18284031997496,35.05142743058457],[128.18178221087692,35.05201178300877],[128.1814405247631,35.052061630762616],[128.18072841836877,35.052624451916365],[128.17974562069628,35.05297138803121],[128.1793281712102,35.05322361857396],[128.17811121078566,35.05355925741643],[128.1775876914023,35.05349977505847],[128.17737484704625,35.052934852876135],[128.1768401923743,35.05247893825784],[128.17582631835324,35.05253725455573],[128.17545583715102,35.05229939867767],[128.1749105365947,35.05229582408763],[128.17247168457442,35.051919843324846],[128.17176203680782,35.052546348023995],[128.17213181669553,35.05332555648418],[128.17119739378774,35.05511020672623],[128.17080719972537,35.05540921675959],[128.16968502614122,35.05730708627873],[128.169113281517,35.05789736571376],[128.1683948840947,35.05828641428387],[128.1673148960524,35.05909553726791],[128.16714135777633,35.05981672714558],[128.16697332765025,35.060154347685916],[128.16662284120568,35.06040799870524],[128.16630669128853,35.060874396306914],[128.1657586420074,35.06222292714932],[128.1649542779445,35.063084362646286],[128.1649299457834,35.06359302300667],[128.1640861053958,35.06431209370144],[128.16340831253092,35.06476332693202],[128.16288443827062,35.06525902279601],[128.16243934366491,35.06613555955951],[128.1616485274389,35.066223587585874],[128.1608474559139,35.066535150673616],[128.15922087065772,35.065509750811984],[128.15814897177043,35.06540325796126],[128.15782541065775,35.065791969369904],[128.15597438122896,35.06578074093839],[128.1552829668141,35.06815169932975],[128.15428487428275,35.07074124934238],[128.15347330623078,35.07122228133775],[128.1533418329097,35.07183821969924],[128.15310811426477,35.072248136807666],[128.1527429856728,35.07241119719315],[128.15277338749303,35.07285391005239],[128.1520272548088,35.07437403000828],[128.14878659518735,35.07515715873362],[128.14794639560913,35.077572825845756],[128.1486056868203,35.077818837955625],[128.1502535114549,35.0793764850148],[128.15134729602013,35.08019732131294],[128.15179990113688,35.08107765670362],[128.15278436069855,35.080723014665416],[128.15447699015675,35.08055907475776],[128.15617629306547,35.08030282460272],[128.15671447042212,35.080736796207745],[128.157715943746,35.08103022305904],[128.15913313905315,35.0807129094647],[128.15975546266333,35.080730248480315],[128.16063859692142,35.080469361724425],[128.16113148808338,35.08014125506948],[128.1623833451289,35.07983393560199],[128.16271183383074,35.079845709888644],[128.16377024826306,35.08038763347938],[128.1641898320307,35.080743447233324],[128.1644408852751,35.08143667461792],[128.16478483142387,35.08167255282277],[128.16576286678313,35.08198123705865],[128.16593998697198,35.08264335398504],[128.16752682414347,35.082977468850366],[128.16928102821595,35.0837716875154],[128.16857388743273,35.084457806347665],[128.16774042618798,35.085668072274295],[128.1685171888961,35.086163596064495],[128.16842156730874,35.08664109909227],[128.1685170616776,35.08734317623822],[128.16844164009765,35.08756531533773],[128.16857073716045,35.08838373687386],[128.16870998063507,35.08857352381409],[128.16865596428661,35.08883980989797],[128.16926404458957,35.08916797782021],[128.17001596488518,35.08977539371384],[128.17018933115864,35.09026353556575],[128.1701384769426,35.09044599804477],[128.17031164809563,35.090825830992976],[128.1700144104513,35.091198355963364],[128.17016150345884,35.0920236820364],[128.1705602728784,35.09241933135097],[128.17055162038864,35.09271887111344],[128.17119850601102,35.093726865276],[128.17131417246014,35.09426409795305],[128.17203638864586,35.09535609895051],[128.17147480305542,35.0959667150026],[128.1704375678922,35.09630337843262],[128.16984430780835,35.09709249120518],[128.16852952211485,35.096529510958234],[128.1670490543931,35.09648287903234],[128.16643267248037,35.09688403224223],[128.16481779167552,35.098723112567626],[128.1644186169046,35.09923049928985],[128.1637208351796,35.1004365783688],[128.1632963881531,35.10077169302566],[128.16263476016772,35.10163059953563],[128.16231354002844,35.101365744831185],[128.16133967547637,35.10105350097682],[128.16052843278322,35.100558946779145],[128.15963530141505,35.10039641620308],[128.15876523647748,35.100794979070685],[128.15820722827127,35.10158993552686],[128.1581742825948,35.10262557165893],[128.15791593508575,35.10370063822792],[128.158019554486,35.104099718422425],[128.15700218735316,35.10512251101613],[128.15704665945697,35.10525301047882],[128.15641154985852,35.106303244012565],[128.1550859998202,35.10686095380962],[128.1549408875756,35.107013762248414],[128.15558236745778,35.107806153260526],[128.15545034489477,35.10880889003996],[128.15462147991622,35.10914764446493],[128.15425690160467,35.10994438329538],[128.15353208234674,35.11068020015977],[128.1525040594731,35.11114221129892],[128.15199708738558,35.111605334806235],[128.1513584915241,35.111790968684204],[128.15076814746513,35.11237135574166],[128.1499819610891,35.11284537426836],[128.1489196621456,35.113183939128085],[128.14734615414687,35.114464618402295],[128.1457492887843,35.1149531398829],[128.1453918177522,35.11517239396318],[128.14379900550665,35.1153393283596],[128.14360647721583,35.11563793137821],[128.14305217741753,35.11592927174356],[128.14100355022123,35.116256315244875],[128.1404424312016,35.11607681346922],[128.1390303378874,35.11597624866908],[128.13867173892118,35.11556422227156],[128.1382933183877,35.115328665995456],[128.13640194259239,35.116031035847904],[128.13548039414778,35.116560858503455],[128.13527764260482,35.11704303021196],[128.1353572469132,35.117282220190646],[128.13517715801774,35.11731096276521],[128.13444265556052,35.11707461340184],[128.13295466769813,35.116958970317924],[128.13197616465982,35.11726558451489],[128.13185775718927,35.117179361009214],[128.13169633055375,35.11667476796254],[128.13134918902412,35.11617168040414],[128.1307618768619,35.1161354316255],[128.1301079432668,35.11597220512138],[128.1299355647201,35.115720814797676],[128.129067793543,35.11506558634329],[128.12856306268998,35.11475280502815],[128.1281066233621,35.11459885259392],[128.12782018490927,35.114627715954875],[128.12770736046073,35.114709773231574],[128.12748263766127,35.11540870225728],[128.12684664099828,35.115949235295496],[128.12544372325695,35.11638041948443],[128.1251174133955,35.116312467388646],[128.12328639927082,35.11513137923323],[128.1208561384526,35.113754917908565],[128.12057917161007,35.11370866098231],[128.1191336059678,35.11421675940527],[128.11845368930392,35.114316067488915],[128.11810571831998,35.11415312980587],[128.11760767872252,35.11347743954033],[128.1171846747505,35.112273324886],[128.1171012984344,35.11173628533075],[128.11680612178367,35.111200651752],[128.11559915347488,35.10998839566614],[128.11397105221957,35.10862079147749],[128.11314822374362,35.10822234773145],[128.111757976804,35.10814342574404],[128.11151044310134,35.107873517647725],[128.11147000244162,35.10757808860538],[128.11157831700055,35.10718227195926],[128.11145798090638,35.10692614029778],[128.11045081616643,35.10622344519352],[128.10984732965923,35.10603585902218],[128.10907204133264,35.10547874626586],[128.10878181160484,35.10540138908053],[128.10787772697086,35.105468075219676],[128.10703069257156,35.10581309050484],[128.1064579802615,35.105938140502865],[128.10456285876177,35.10590086129892],[128.10281811160615,35.1061051974524],[128.10123085216264,35.106508079741964],[128.09952432002265,35.10665140730175],[128.09821901188565,35.10655020913793],[128.0979239637655,35.10641982727043],[128.0977951563818,35.10620273161204],[128.0975962211542,35.10521055274347],[128.09735365115094,35.10491645924348],[128.09577302432243,35.104141192341196],[128.09402629164683,35.103795515179634],[128.09360208940916,35.10356256346504],[128.09282020725297,35.10288434129177],[128.09255563736994,35.10247160803783],[128.09257017982944,35.102074972837045],[128.0929059837373,35.101650265596334],[128.0927436424183,35.10135615250963],[128.09249355475686,35.101233093703534],[128.0915008116625,35.10103048594387],[128.09112571959136,35.101182367572584],[128.09093845835315,35.10135394581975],[128.0908088353497,35.10175613004312],[128.09052211072884,35.10190532126106],[128.09049026669558,35.10201385500553],[128.0905708515083,35.10207788985384],[128.09098842334473,35.10211624637382],[128.09106461032104,35.1022273068001],[128.0907681950584,35.10272582418267],[128.09051113338654,35.102945249480136],[128.09096725538114,35.10327672728738],[128.09090823164644,35.103656915427266],[128.09063285678437,35.10391863216129],[128.08971057823425,35.10394570611462],[128.08946370340092,35.10409534119539],[128.0892921119548,35.10432854305021],[128.0893603483641,35.104584146158444],[128.08971042516572,35.10485921897003],[128.08993369158176,35.105178359594376],[128.0901221025698,35.105943616575594],[128.0902050864249,35.1068492077186],[128.09047818250409,35.107345285560356],[128.09141983534627,35.10750533168465],[128.0917985404006,35.10767022629749],[128.0918035575144,35.108655372260664],[128.09163995009095,35.10897609629604],[128.09200918965217,35.10935299987996],[128.09144573110487,35.110225115442624],[128.09100345612183,35.110568811858],[128.0911079163839,35.1108956778421],[128.09155815716719,35.111151764116144],[128.09168696198316,35.111310173903284],[128.0915737880945,35.111798339174044],[128.09162568707464,35.11214889478557],[128.09127240258317,35.11236896059768],[128.0912929537044,35.11252024140682],[128.09109729737693,35.112944776163474],[128.0910605203546,35.11409174778624],[128.09125626317356,35.11467195117983],[128.09103567915363,35.11524134267887],[128.09109974924579,35.115359855889224],[128.09109336727568,35.11606037184106],[128.0905745936241,35.11644014006306],[128.09003780630837,35.11722930536095],[128.08829476527924,35.118539609212405],[128.0869535709944,35.118919621228],[128.08526090676455,35.11904334928451],[128.08470816717508,35.11932696459166],[128.0829526313899,35.11963957630625],[128.08142537111797,35.12015432962695],[128.08133559502195,35.12116154510609],[128.08031108772002,35.12194731574285],[128.0801379002086,35.12201845475101],[128.07968744105037,35.12201667669652],[128.07935716415122,35.12194130026865],[128.07826511237909,35.12241492667463],[128.07795869567076,35.12248140869406],[128.07786489234016,35.1226248635894],[128.0773381019091,35.12286375551783],[128.07569457677872,35.12319294248953],[128.07489746023847,35.123785744763545],[128.07434106868138,35.12477234677163],[128.07416636745842,35.12521239749124],[128.07449356509912,35.12585364544883],[128.0732435188997,35.126518703373186],[128.07280810861462,35.127030439059155],[128.07195418160742,35.12714039028339],[128.07055808325026,35.12830697166891],[128.06796901178754,35.12873340504171],[128.0663653307013,35.127704514899115],[128.06457949035058,35.12793415554322],[128.06415536876077,35.12790852913462],[128.0634514003293,35.12758406469303],[128.06255147567595,35.12778278005836],[128.06078615137943,35.12761632137694],[128.06037686114377,35.12788527043571],[128.0601292681182,35.12771274191872],[128.05957816777038,35.12757543591832],[128.05891951042133,35.12765525400188],[128.05842191750713,35.12749433985828],[128.05669110678383,35.127869296568775],[128.05621038360906,35.12775962843306],[128.05599062892642,35.12817419369756],[128.05549026074746,35.12966465849384],[128.05457495614843,35.129826838926135],[128.05427597099185,35.129944172041746],[128.05430751928287,35.13009807596332],[128.0540568451185,35.13046990632837],[128.05369028418676,35.130751809685286],[128.05310073754612,35.13057156445542],[128.05255223680436,35.13076775201606],[128.05180609782542,35.130700727939704],[128.05091541764082,35.13107086000262],[128.0506305539945,35.1315321639542],[128.05004224917496,35.13085042275681],[128.04894248979022,35.12988823419214],[128.04883552335482,35.129549013539275],[128.0482624290453,35.12863743311023],[128.0476121629759,35.12781279160368],[128.0476284251862,35.12731972560039],[128.04780547762965,35.12708290979341],[128.04805197244116,35.12701046105469],[128.04841961038005,35.1266950909599],[128.04872286846546,35.12618179886899],[128.048848734165,35.12550053971323],[128.0488282303249,35.12499503756305],[128.0486984733699,35.12457154292907],[128.04722300466034,35.12325785329635],[128.0469718843484,35.12289867718067],[128.04652643903398,35.12252655544567],[128.04574955494363,35.12235474690809],[128.04491415117954,35.122058282298795],[128.0446241148862,35.12149382822862],[128.04396479656273,35.121019624453666],[128.04302906395043,35.120654734935364],[128.04224686431567,35.121253956608605],[128.04157129005304,35.12153214174361],[128.04071985732799,35.12142905224122],[128.0389895897823,35.120434130106595],[128.03814617784215,35.12007642425983],[128.0375062228754,35.11993727110155],[128.03718913129646,35.11974990324258],[128.03695155597,35.11989869433514],[128.0364810111718,35.12046229246528],[128.0342285169409,35.12146195929104],[128.03371918148974,35.12084950551627],[128.0332038200348,35.12097121638044],[128.0323864705466,35.12099760265958],[128.03214696548093,35.121130690408144],[128.03111274453005,35.12136221292944],[128.02810270287216,35.122876053263916],[128.02700606729857,35.12206664093517],[128.02587769162113,35.1221370223939],[128.02523622276203,35.12200311672102],[128.02427610941913,35.12129239160286],[128.0241475155074,35.12080747975535],[128.02419676151428,35.120290677021785],[128.02445892147583,35.11930046433199],[128.0243408755606,35.11864126696026],[128.0234253614941,35.11777017555987],[128.02257701998695,35.11726717367234],[128.02214328000412,35.117140577430874],[128.0212081403206,35.117361031380945],[128.02140214000298,35.11698661695462],[128.0211544511591,35.11692919694789],[128.02108462791864,35.11695022572713],[128.02098569623772,35.11733853227046],[128.0201732344028,35.117677208450644],[128.0198693940011,35.117602275640174],[128.01956605932975,35.11762367902142],[128.019354527579,35.11784877326985],[128.01941265675592,35.118446739251446],[128.01912034631573,35.11877354805949],[128.01878475896723,35.11864940673209],[128.01825041808738,35.118668500443455],[128.01814672153077,35.11853949190182],[128.01774820599962,35.11842260675552],[128.01745839609538,35.118562415188265],[128.0171108378416,35.11862356211887],[128.01689352000494,35.11850849975377],[128.016797151832,35.11832693936135],[128.01610773593782,35.11821433109461],[128.0155619961949,35.11799586702197],[128.01511352152107,35.117782493040124],[128.01468492225254,35.117429660428826],[128.0144779161411,35.11738168432892],[128.0143072200761,35.117214159631025],[128.01422413336763,35.11695659117335],[128.0137894087515,35.11678291588274],[128.01288502656033,35.11611211010547],[128.0125832815371,35.116007759605424],[128.0125082612223,35.11586731195392],[128.01261262102832,35.115776715446266],[128.0125747179475,35.11572206951277],[128.0110626525875,35.11520451076626],[128.01064392825822,35.114622550305754],[128.01048065589856,35.11467081426998],[128.0103306418596,35.114571043571786],[128.01024093900298,35.114315772380955],[128.0098881395644,35.114123013044036],[128.00953915724628,35.11352498423337],[128.00919957756733,35.11332483993989],[128.0085282416715,35.113152887639096],[128.00875203153774,35.1138467435813],[128.00868742360245,35.11421561960108],[128.00818638645535,35.114323676238634],[128.00757063993316,35.11381833075077],[128.00656353005564,35.113472522898306],[128.0048623644378,35.11455376287691],[128.00261221322063,35.11424844556596],[128.00291862122577,35.114634172885644],[128.00306699471395,35.115155484401186],[128.00258167778128,35.11574981797103],[128.0021393618069,35.11650554615285],[128.00096149037856,35.11764689981936],[128.0008914136844,35.11845851634872],[128.00130758151877,35.11909266347337],[128.00127864590095,35.12005268536888],[128.0014696370736,35.120459006822706],[128.0012999752833,35.12091133409414],[128.00149587336264,35.12104567269171],[128.00160564581503,35.12138828470087],[128.00152098163775,35.12175101417132],[128.0008655252327,35.12198456961743],[128.00056174869061,35.12218967055238],[128.00004361255705,35.12299777850764],[128.00007309636655,35.1232068824967],[127.99945488116788,35.12364016954981],[128.00050810698033,35.12412484426935],[128.00124044003152,35.12501822610829],[128.0013588400003,35.125266589565655],[128.00156961468352,35.12646284877419],[128.00217343990073,35.12720211419069],[128.00231290426197,35.12802290515009],[128.00260265294125,35.12832220889435],[128.00261751371698,35.12875926716635],[128.00285936715002,35.129266492899184],[128.0024110918089,35.13037717858141],[128.0024997741031,35.130729606996795],[128.0029624863806,35.13118522842629],[128.0030474195083,35.13155822738293],[128.00302773545107,35.132637720444656],[128.0031225583965,35.13354501768402],[128.00256728714555,35.13440881582759],[128.0019966955426,35.13487086281663],[128.00146822677712,35.1354463593802],[128.00102119806306,35.135736781488546],[127.99850854751382,35.136413653015175],[127.99928235164506,35.137341422104555],[127.99994395146024,35.13757377534478],[128.0001509329992,35.137937900908184],[128.0003100907595,35.13852509154022],[128.00008872835812,35.13943717776896],[127.99982170139971,35.13991835252917],[127.99945417892285,35.14032561914133],[127.99876530844648,35.14060189774277],[127.9985583616906,35.14085265238845],[127.9992539775997,35.141099951223126],[127.99946364250619,35.14133467378285],[127.99952593442194,35.141544941390826],[127.9994094721096,35.14171588815569],[127.99946393876905,35.1418065525734],[127.99909352112873,35.14205824776394],[127.99788452950332,35.14327902650337],[127.99760006273074,35.14333518042314],[127.99740852686253,35.1435196670163],[127.99742993560065,35.143956466322244],[127.99709967199715,35.14453040367559],[127.9967201663549,35.14478795211285],[127.99667743517638,35.14492932981149],[127.99806948612692,35.14583621595205],[127.99921875069343,35.146466193537606],[127.99912935405845,35.148734803854566],[127.99881405303752,35.14914597290422],[127.9987842790361,35.149888789137634],[127.99911574295741,35.15027005409964],[127.9991276671367,35.15086050336556],[127.99731517575954,35.15250925326971],[127.9971933518049,35.15286241467586],[127.99768620561466,35.15377920371993],[127.99863275359817,35.155155908601365],[127.99805651306914,35.155163606067546],[127.99776398770321,35.15549657598584],[127.9971862353977,35.15549477422097],[127.99584060751171,35.155685870417166],[127.99294863689282,35.156505610316735],[127.99154192685904,35.156706513266556],[127.99038410643308,35.156786056922456],[127.98878636220756,35.15716058306019],[127.98818845652038,35.15722227574956],[127.98650542616645,35.15723324767709],[127.982737858412,35.15669012881422],[127.98207564542697,35.15653465158912],[127.98140735188652,35.15654721412919],[127.9811482958638,35.15811121306871]]]]}}
