{"type":"Feature","bbox":[127.57602647678246,34.922739759359395,127.93925366242958,35.33256354353694],"properties":{"regionCode":"48850","version":"vworld-20260909-3f8952dfda77-p3","name":"경상남도 하동군","attribution":"국토교통부/K-Geo플랫폼 · VWorld 법정구역정보, CC BY 2.0 KR; 두꺼비집 가공"},"geometry":{"type":"MultiPolygon","coordinates":[[[[127.83409654873105,34.92680229022701],[127.83402046534157,34.92688778959557],[127.83390591960834,34.926844174784144],[127.83362250721831,34.92620446745606],[127.83350132915267,34.92611089007786],[127.83311521752945,34.926113667947],[127.83289967260849,34.925963190315535],[127.83262340009088,34.925568819024924],[127.832484746107,34.92550659270515],[127.83101146395173,34.92581509187163],[127.83033832573534,34.92565714176038],[127.83006730706843,34.92573235288707],[127.8291941635925,34.92568803073473],[127.82890004984658,34.925793225501415],[127.82896801457382,34.92594142358228],[127.82889784272913,34.92598834944178],[127.82867190163164,34.925679006769066],[127.82888316622095,34.92508677073984],[127.82902400939993,34.924932210010574],[127.82985646533882,34.92487510500327],[127.83024275382523,34.924780698469775],[127.83058731837914,34.9248921132774],[127.83201956341105,34.92507476587208],[127.83286030023604,34.92501387539842],[127.83284782208504,34.9247590209096],[127.83293972213036,34.924748583871484],[127.83303782824386,34.92499161259555],[127.83400412206777,34.92484440709117],[127.83411199770752,34.92490404894088],[127.83432019130899,34.925409810713006],[127.83476768892098,34.92575987966934],[127.83484325947968,34.92631345584608],[127.8343170033485,34.926790860165575],[127.83409654873105,34.92680229022701]]],[[[127.84044302687681,34.92410661375478],[127.84067630047724,34.92434335554288],[127.84007528695074,34.92493394757522],[127.84009160291589,34.9255223089652],[127.83956957704565,34.926285998105364],[127.83963515935044,34.92654689837482],[127.83995072971354,34.92685483445822],[127.839913146132,34.92699571532797],[127.839689891512,34.92700380345105],[127.83952915633562,34.92690983862293],[127.83927112611462,34.92646924221721],[127.83886989966584,34.92617305228066],[127.8394412933568,34.925681812734794],[127.83972761885308,34.92498752999436],[127.83971074441,34.924677154297726],[127.8398184883054,34.92466007777565],[127.84007195520462,34.92418292009223],[127.84026881025115,34.92409145006337],[127.84044302687681,34.92410661375478]]],[[[127.82580454209388,34.93231302618099],[127.82540121257234,34.932356630838854],[127.82532263847173,34.932239720263176],[127.82527819951466,34.93156567977989],[127.82615213893885,34.93193723555097],[127.82633701273645,34.9320959204166],[127.82580454209388,34.93231302618099]]],[[[127.82782913616406,34.93258222511766],[127.82791631455744,34.93248712315317],[127.82806971693671,34.93247801527282],[127.8282155070369,34.93257995832198],[127.82782913616406,34.93258222511766]]],[[[127.83882248713593,34.933027367267634],[127.83843638515788,34.933009129725264],[127.83786783314409,34.93274054729601],[127.8376206265607,34.932814871286986],[127.83750283503245,34.932944223461654],[127.83738705481323,34.93281020881257],[127.83738276285446,34.932619606375006],[127.83759482683574,34.93217715680877],[127.8382081695117,34.93170417997001],[127.83824168493042,34.931467547117435],[127.8379232166121,34.93115795299851],[127.83777899884453,34.93074763169567],[127.83820166403083,34.930508837852734],[127.83852048319487,34.93016692293152],[127.83927717372235,34.930217173307824],[127.83989639881943,34.93056995714685],[127.8402791204226,34.930695031559836],[127.84040606145548,34.93087636396396],[127.84028386690014,34.93112298830536],[127.83977290860798,34.93164850658028],[127.83974753386967,34.93205769826287],[127.83998909834135,34.93233130655301],[127.83991997335056,34.93242368844109],[127.8395302864638,34.93249756540219],[127.83882248713593,34.933027367267634]]],[[[127.81571608581615,34.93389034774254],[127.81574557401481,34.933868697663385],[127.81577298213894,34.93388401388148],[127.81571608581615,34.93389034774254]]],[[[127.78011785193439,34.93415582222947],[127.7798049569152,34.9340282593326],[127.77983914379338,34.933832949860914],[127.78019744406544,34.93401689901598],[127.78011785193439,34.93415582222947]]],[[[127.8373400665025,34.9357889201349],[127.83712027578936,34.935869629802774],[127.83693441990678,34.935808631710266],[127.83687068145346,34.93543846763011],[127.83718753550181,34.93502994158947],[127.8375543401222,34.93503252101256],[127.8378450280746,34.9352658321624],[127.8373400665025,34.9357889201349]]],[[[127.7820568890098,34.936295469582404],[127.78194664787057,34.936306608684816],[127.78183977504023,34.93608280337237],[127.78140773368736,34.93583950816962],[127.78137659219375,34.93543921232809],[127.7811211074385,34.934866012079844],[127.78130904427141,34.934646303918434],[127.782071657391,34.934918459509056],[127.78239655711258,34.93511691848362],[127.78240020512767,34.93526276806796],[127.7824963115522,34.93529856594784],[127.78236185234485,34.93554451520616],[127.78236593559222,34.93603752305636],[127.7820568890098,34.936295469582404]]],[[[127.80869534844264,34.93751373878566],[127.80898039788205,34.937640817243455],[127.80895967426324,34.93780227217561],[127.80856321421355,34.93757488479118],[127.80869534844264,34.93751373878566]]],[[[127.77765095852378,34.937760084118764],[127.77760192502555,34.937943079130875],[127.77754671350834,34.937957499810956],[127.77753907366916,34.93791661840497],[127.77765095852378,34.937760084118764]]],[[[127.777576569281,34.93809775828526],[127.77752710111393,34.93821781573013],[127.77746090860063,34.9381451857993],[127.777576569281,34.93809775828526]]],[[[127.78798157082817,34.93799097207423],[127.78877666322238,34.938261539352126],[127.78887414552052,34.93835284508273],[127.78887893055499,34.93854169428479],[127.78866149464294,34.93869171393356],[127.78835554863329,34.93877177548345],[127.78790785323864,34.938735011583255],[127.78778417707457,34.93856915098005],[127.78775982214447,34.93805970583162],[127.78778947403704,34.93799899565082],[127.78798157082817,34.93799097207423]]],[[[127.83828658470354,34.93828752831149],[127.83789421985358,34.938830271296744],[127.83766821388315,34.93889845501007],[127.83764416701732,34.938659163700216],[127.83794619897726,34.938280719697765],[127.83825132338553,34.938217151285386],[127.83828658470354,34.93828752831149]]],[[[127.77745743393861,34.938279771760236],[127.77750139601397,34.93831500731548],[127.77735839789808,34.93846088076412],[127.77679740712772,34.93886782940174],[127.77651691552593,34.93925297686941],[127.77679381282114,34.93870802230872],[127.77745743393861,34.938279771760236]]],[[[127.83147118107338,34.93978900822614],[127.83121280743927,34.93971161161844],[127.83129270382078,34.93964016650652],[127.83174984784294,34.939559404707396],[127.83210058609824,34.93898528191379],[127.8323258997892,34.93824531716591],[127.83225030817748,34.937885870696654],[127.83251900729647,34.937618889914695],[127.83257555193968,34.936878690205745],[127.83248893837121,34.93672146759155],[127.8318337766354,34.936371476854006],[127.83134893633299,34.93645763210968],[127.83116186657871,34.9363232965102],[127.83050151923149,34.936102509785414],[127.83055502746528,34.936012538343576],[127.83098871513991,34.93587932810687],[127.83129602996064,34.93567673508948],[127.83135074189077,34.935132129052846],[127.83123730223826,34.9346824847569],[127.83052205313464,34.934528624911046],[127.83030157087457,34.934259566481984],[127.83030107451098,34.93413902025444],[127.83001643956202,34.93391222750479],[127.82986255739954,34.93387594872242],[127.82922165985967,34.93407791407345],[127.82900902612876,34.934016103474626],[127.82902250219797,34.933020960022674],[127.8289482790813,34.93283379649695],[127.82946481570544,34.932728839158884],[127.83009821171252,34.932926814958385],[127.83040930310109,34.93271712520184],[127.83079015367092,34.93222360590254],[127.83071823394988,34.93185272653804],[127.83049460433402,34.93158436672719],[127.83059480579342,34.93102431799742],[127.83047971680418,34.93085032296367],[127.82972948922698,34.93056669066966],[127.82959282200538,34.930126992465844],[127.82945025964347,34.93004133237175],[127.82867532746603,34.93010590069119],[127.82850466166026,34.929912367979846],[127.82850338912648,34.9297749700522],[127.82874073498738,34.92955761427388],[127.82895933120064,34.92955146966906],[127.82928088775306,34.929311034479475],[127.82959155524726,34.92879617057588],[127.82996751285233,34.928445421929524],[127.82971035685138,34.92777637248767],[127.82978016927032,34.927758936164764],[127.83009021614559,34.92839780450385],[127.8306882726598,34.92815892167199],[127.83213244914404,34.92790118250704],[127.83262365613663,34.928084561322436],[127.83358153573036,34.92779326275693],[127.83396378786333,34.927748298423246],[127.83416550916766,34.927618345456935],[127.83436287300364,34.9278227232995],[127.8346036800203,34.92773816703479],[127.83465785535894,34.92818567155581],[127.83455010173525,34.92820552994128],[127.83449525860678,34.92833549859384],[127.83458227504642,34.92883568126359],[127.83484823787623,34.92880411237928],[127.83488146466425,34.928989880374615],[127.83471002963776,34.929022163763065],[127.83466852365828,34.92926380625007],[127.83373634608007,34.93019718473866],[127.83371193542719,34.93060840974825],[127.83388133833157,34.930855759451305],[127.83382466212436,34.93099476020044],[127.83326054997345,34.93105555100006],[127.83300793197948,34.9313141438793],[127.83289263189373,34.93123318158356],[127.83312692002329,34.930954397634615],[127.8328940221297,34.93093547972598],[127.83235711614302,34.93130694085507],[127.83219818130948,34.93170415051774],[127.83248499376111,34.93184415877885],[127.8326387638366,34.931590211144766],[127.83278626540277,34.93160304490795],[127.83261361553093,34.93184074529929],[127.83266542899906,34.93188416874474],[127.83245083074817,34.93198791711225],[127.83248734735356,34.932099656609445],[127.83262787625598,34.93232956152176],[127.83340404887204,34.93288897930558],[127.83327854868354,34.93310607609243],[127.83305639132487,34.93327016422857],[127.8333480469704,34.93362041968134],[127.83342250860177,34.93384115101229],[127.83300116118099,34.93328327915664],[127.83243075112921,34.93343017244588],[127.83233530594494,34.933904385495694],[127.83257915500978,34.934501594750095],[127.83288898832188,34.93484520517586],[127.83348073246168,34.93500324960193],[127.83395829851769,34.93485785104648],[127.833579286389,34.93438594676571],[127.83366254435637,34.934336007448074],[127.83394316658278,34.93470137704461],[127.83416612453756,34.93478062557437],[127.83441722974179,34.935126408987166],[127.83441981876551,34.93538416485665],[127.83386921191193,34.935929897882026],[127.83405304659686,34.93706605890858],[127.83396585825957,34.93722810650309],[127.8340492571208,34.93739835000834],[127.83385029429937,34.93789743918246],[127.83385594096673,34.938244027668645],[127.83394924017593,34.938541050514736],[127.83428823958486,34.938741703061936],[127.83427793164698,34.93892165087918],[127.83385616895221,34.93939223984908],[127.83341948389709,34.93923442216678],[127.83294749776371,34.939176752196595],[127.83234817330981,34.93928232777041],[127.83205466912766,34.93955790014215],[127.83147118107338,34.93978900822614]]],[[[127.77918543548085,34.94142009603679],[127.77848789005162,34.94113385600569],[127.77854980572391,34.941094585355366],[127.77819849846196,34.940641079137784],[127.77826553698979,34.94050108141853],[127.77834407915368,34.940492058037144],[127.77831716619232,34.940575233028895],[127.7784186812906,34.94052679561014],[127.77861482525486,34.9406274121969],[127.77863141339562,34.940721607855956],[127.77880139766465,34.940803429455855],[127.77889062675476,34.94055790646203],[127.77907367028672,34.94055649690294],[127.7791500680332,34.940680549971],[127.77927825372655,34.94056794789799],[127.77958678178753,34.94058231730362],[127.779829062369,34.940777887243385],[127.77974227807164,34.94100669947597],[127.77953780653507,34.941022755966685],[127.779727484748,34.94131858275706],[127.77988430853988,34.941296983564605],[127.77970584198903,34.94140516263491],[127.77918543548085,34.94142009603679]]],[[[127.78235754534161,34.940614732158096],[127.78223565936733,34.94082193616179],[127.78219228778171,34.941491674012546],[127.78200724187033,34.941580193768466],[127.78177556656387,34.94157648590663],[127.78166877858752,34.94141974353772],[127.78159274629884,34.9408743660736],[127.78138206477918,34.940536019254864],[127.78180293616438,34.94007803449314],[127.78178724777241,34.939852204321504],[127.78151565722634,34.93951216477526],[127.78105764561155,34.939203945010526],[127.7806991286125,34.93902819330746],[127.78025562828026,34.93892420576294],[127.7799050002006,34.939017090836984],[127.7796814680173,34.93924711531172],[127.77927290261168,34.93944656000509],[127.77840855007403,34.939407402446584],[127.77805685867565,34.93974873734386],[127.7776846213787,34.93977639233403],[127.77736868545482,34.939659629625524],[127.77712988661268,34.93967440058919],[127.77683048950757,34.939879286153605],[127.77629978489101,34.94049844333578],[127.77608541752842,34.940511496562735],[127.77599536874772,34.94040534704239],[127.77634633365135,34.939873764165384],[127.77696695004616,34.93950406556745],[127.77715118108796,34.93925576980754],[127.7777458571288,34.939106246161565],[127.7789945717119,34.93897525356953],[127.77992560707604,34.93878799266716],[127.78093600240885,34.93835716705652],[127.78134523463946,34.938033806701796],[127.78188213145438,34.937381967849454],[127.781990851996,34.936587002592574],[127.78210615716608,34.93653213215497],[127.78226000447272,34.936705091136865],[127.78229861925882,34.937101024662034],[127.78252115205656,34.93733030025971],[127.7828560857009,34.93796744477209],[127.78344408841122,34.93846208980253],[127.78320826432198,34.93882578059038],[127.7824517552246,34.93923289526069],[127.78237564918452,34.939775173237194],[127.78249398320504,34.94013930674895],[127.78271885053965,34.94041319406981],[127.78260300109147,34.94056432174839],[127.78235754534161,34.940614732158096]]],[[[127.83771726009698,34.94221097677271],[127.83747130810279,34.9421780205687],[127.83723468817409,34.94177366141677],[127.83737098273646,34.94171479114859],[127.83738296880566,34.94096434525887],[127.8375152323354,34.940810663659306],[127.83779829833331,34.94069578510585],[127.83853125576202,34.941441912128575],[127.8382553887117,34.941470453466586],[127.83802042800879,34.94213645724504],[127.83771726009698,34.94221097677271]]],[[[127.83804290846156,34.94276977657477],[127.8381580455171,34.942821847650315],[127.83821909482454,34.943020960225546],[127.83808092214201,34.943180524852636],[127.83785684957519,34.9429393257822],[127.83804290846156,34.94276977657477]]],[[[127.83331329434417,34.94506693310643],[127.83333539921108,34.94491909053866],[127.83316294529347,34.94484399902017],[127.83317869904288,34.944534903634505],[127.8332595547181,34.94447896469682],[127.8334914424203,34.94453858758614],[127.83355517032567,34.94477231950778],[127.83336412540879,34.944900918156925],[127.83347346252316,34.94503571420303],[127.83331329434417,34.94506693310643]]],[[[127.85960406450803,34.94674777972841],[127.85879998118277,34.94760890892125],[127.85873197319575,34.947595743197574],[127.85941992769862,34.946824364408776],[127.85960406450803,34.94674777972841]]],[[[127.85896482821673,34.94810828394172],[127.8586685039101,34.94812078995207],[127.85853955617426,34.94788106637455],[127.8589801965092,34.94800320318058],[127.85896482821673,34.94810828394172]]],[[[127.90135522064855,34.95481077221993],[127.9014197827401,34.9548819507817],[127.90136802213922,34.95498109536235],[127.90118130785812,34.95507020116398],[127.90105033722115,34.95504407823962],[127.90110222593908,34.95486570350627],[127.90135522064855,34.95481077221993]]],[[[127.90350683772645,34.958603949567845],[127.90357616032523,34.95868849386816],[127.90297285625051,34.95914602668404],[127.90276906622483,34.9595087495594],[127.90258090424666,34.959527579567606],[127.90214755117252,34.959185690248226],[127.90144664514695,34.9583509978987],[127.90143028383312,34.95795866223465],[127.90196697266805,34.95819194904225],[127.90229156540511,34.95842647628663],[127.90350683772645,34.958603949567845]]],[[[127.90243611088538,34.96133306084697],[127.9027188917332,34.961429719987834],[127.9026197205233,34.961795278706546],[127.90244944613788,34.96180139327237],[127.90230138989615,34.96169389024035],[127.90234250442835,34.961374443529],[127.90243611088538,34.96133306084697]]],[[[127.90189727724392,34.96221202288332],[127.90202990659036,34.962357371278486],[127.90191271550212,34.96249473376721],[127.90175973991815,34.96234805665685],[127.90189727724392,34.96221202288332]]],[[[127.90200690030434,34.96322633628263],[127.90204287178108,34.963309650884256],[127.90192410160833,34.96334800282161],[127.90191939797437,34.963238514452385],[127.90200690030434,34.96322633628263]]],[[[127.90172153754912,34.96417568393722],[127.90194739878524,34.96422898975091],[127.9020205331616,34.96449718358977],[127.90199781839787,34.96489016117892],[127.90189824514724,34.965020983573204],[127.90150197482407,34.964941244821574],[127.90151868213054,34.96430543458985],[127.90172153754912,34.96417568393722]]],[[[127.90103775922353,34.96610601631716],[127.90119516602556,34.966169998004474],[127.9009354695145,34.96630201663973],[127.90085924014707,34.96618694815457],[127.90103775922353,34.96610601631716]]],[[[127.91903121515844,34.96896633932658],[127.91896416694338,34.96907881209053],[127.91883755605552,34.969064167212245],[127.91889034522877,34.96875827438401],[127.91957180993501,34.96843402940917],[127.91992412539734,34.96816570713339],[127.92004629938722,34.968154758604406],[127.92031280545521,34.96832154312472],[127.92046914645569,34.96852929946844],[127.9203458057496,34.968598448987194],[127.91990032655238,34.9684140016119],[127.91903121515844,34.96896633932658]]],[[[127.90935818474307,34.97050262691998],[127.90922601630642,34.970522183860965],[127.90930506357377,34.97040225378007],[127.9092226779104,34.97024982165235],[127.90944499869175,34.97008483194986],[127.90948528218587,34.970212522369195],[127.90961541556447,34.97017729615211],[127.90935818474307,34.97050262691998]]],[[[127.90463133537331,34.970759655320215],[127.90449328855378,34.970728703970636],[127.90448507003481,34.97069432452467],[127.90466511442283,34.9706828425011],[127.90463133537331,34.970759655320215]]],[[[127.91705423994395,34.97269317037597],[127.9164747524008,34.97251690679452],[127.91611691151417,34.97258473872807],[127.91590719607612,34.97216594965123],[127.91643094972122,34.97132524063881],[127.91650840415254,34.97063762170847],[127.9166512671213,34.97021976023121],[127.91691163956098,34.96999238552854],[127.91737908638628,34.970128780399364],[127.91751075347537,34.97047101887329],[127.91786918642279,34.97087925276419],[127.91791998180655,34.97105966947538],[127.91777672503109,34.97122377954118],[127.9174621628885,34.971336652731814],[127.91711263422424,34.97135290382643],[127.91703193272117,34.97143551708074],[127.91699162963539,34.97169224653657],[127.91712514008768,34.97206815449034],[127.91749765993421,34.972371302683584],[127.91737032722614,34.97263514314156],[127.91705423994395,34.97269317037597]]],[[[127.92503477224872,34.97265781203616],[127.92480771751688,34.97272866628991],[127.92489957204526,34.972441725173],[127.92512204454866,34.97228181745004],[127.92519285548721,34.97232730036422],[127.92503477224872,34.97265781203616]]],[[[127.92252336056916,34.97348712952012],[127.92218630402263,34.97345729549411],[127.92207416648417,34.97330239491271],[127.92212708223927,34.97318252848376],[127.92252472090512,34.973077276896866],[127.92258268591088,34.973232949919876],[127.92252336056916,34.97348712952012]]],[[[127.92537451071799,34.97535138600858],[127.92554626498313,34.97549203898001],[127.9255550788637,34.97559418416166],[127.92537067740933,34.97547787377417],[127.92537451071799,34.97535138600858]]],[[[127.9152815082282,34.97531199892356],[127.91543620057405,34.97543240661058],[127.91546510211977,34.97571122751309],[127.91560484793122,34.97596651781514],[127.91538831130693,34.976662394377314],[127.91503642561246,34.97611351305577],[127.9149683449753,34.97580719846047],[127.91511445874659,34.97542325863557],[127.9152815082282,34.97531199892356]]],[[[127.91766166054418,34.9765906586085],[127.91745517925257,34.97669429586449],[127.91736245525128,34.97691284363468],[127.91728342026852,34.97689197037146],[127.91733047181489,34.97676882405178],[127.91720295770439,34.97672136724],[127.91731293760651,34.97652608918274],[127.91728825446658,34.97631001534893],[127.91745362594844,34.97601295231722],[127.91739357229343,34.97588329654673],[127.91715198337566,34.97585227727486],[127.91681601440625,34.97594718391293],[127.91646232484187,34.9757786071066],[127.91617187766127,34.97578416117042],[127.91633682201474,34.97544453266657],[127.91637749330312,34.97481540998378],[127.91692991876118,34.97426682582798],[127.91718965165788,34.97432773271551],[127.91761273189273,34.97425214915855],[127.9177986170342,34.97428665415898],[127.91821123027934,34.97460080034533],[127.91882258652329,34.974874574241404],[127.9196203382338,34.974770576466604],[127.9207162288769,34.97443690393113],[127.921286101604,34.974523085891356],[127.92155748861279,34.97446561131722],[127.92193436918733,34.97450273452793],[127.92193458141091,34.97436147359028],[127.92198569937364,34.97438496211858],[127.92212252695346,34.97470663209333],[127.92205041468036,34.975207526675824],[127.92218266591551,34.97551045626061],[127.92209499012122,34.97582558440024],[127.92144698144558,34.97567737362175],[127.92090258008433,34.97583650803746],[127.92071464786358,34.975746690492066],[127.92046161690254,34.97574514751744],[127.92000788630635,34.97592204111274],[127.91976778876275,34.9762017720964],[127.91973936800045,34.97644523445282],[127.9195865119429,34.97650646690984],[127.91915368684683,34.976453662570385],[127.9187612688788,34.97607814713695],[127.91845815525775,34.97603308432025],[127.91817850893776,34.976185110666904],[127.91796045284,34.97659282540352],[127.91766166054418,34.9765906586085]]],[[[127.91585388517453,34.97815179435036],[127.91618933467458,34.97822852738757],[127.91665145250077,34.97845838930019],[127.91668846637401,34.979382116500005],[127.91633777384287,34.979686264058394],[127.91546614856382,34.97987297341669],[127.9152534090178,34.979779296276796],[127.91506605831353,34.97953433378894],[127.91487641727845,34.97828674858775],[127.91511792846532,34.97816759155735],[127.91585388517453,34.97815179435036]]],[[[127.92604525449403,34.97933197117661],[127.92586777781464,34.979708085825514],[127.92488862060071,34.979854608399464],[127.92499998739868,34.979339947198206],[127.9254019704002,34.97926702988587],[127.92560199143739,34.97912203816182],[127.92600030838835,34.97924507231685],[127.92604525449403,34.97933197117661]]],[[[127.92210815474645,34.98471192680466],[127.92161863402077,34.984828402646585],[127.92119443547674,34.98504335687904],[127.92104287477505,34.98566246935763],[127.92081816532672,34.98582889402971],[127.92067512436306,34.98582033446108],[127.92072179850943,34.98522529082091],[127.92087443418637,34.98472749209769],[127.92079382272593,34.98437680422168],[127.92091548507068,34.98413511347528],[127.92073083785992,34.98370167833206],[127.92074525674867,34.98341366097547],[127.92106658876288,34.982950257426175],[127.92134944316844,34.98203794156016],[127.92156367189124,34.98171511143262],[127.92158903080892,34.98125635049968],[127.92212062206438,34.980937176422664],[127.92239999750706,34.98057559781961],[127.92265807623447,34.98058838274542],[127.9229105683943,34.98049863726281],[127.92321742070104,34.980150240973536],[127.92330685351149,34.9801428731247],[127.9234269869158,34.98018570164462],[127.9236158068022,34.9804587342382],[127.92344172832074,34.98120898730428],[127.92310096675997,34.98176029963225],[127.92323707123143,34.98220813443256],[127.92320342911573,34.982393617526974],[127.92298911954204,34.98258391599266],[127.9229108811909,34.982788773995914],[127.92297295491859,34.98304734852913],[127.92330703404043,34.98346213175603],[127.92315722744485,34.9835548115716],[127.92292195331855,34.98457849169837],[127.92275265001568,34.984696683256104],[127.92210815474645,34.98471192680466]]],[[[127.92160840024388,34.99810261650252],[127.92170498663121,34.99814246147885],[127.92174406063299,34.99830389248362],[127.92159238248999,34.99848423089683],[127.9217898971151,34.998757668016246],[127.9215868599498,34.998999896045184],[127.92126966597702,34.99903347230512],[127.92108942236554,34.99880078791143],[127.92112106368425,34.99867243056055],[127.92147295916776,34.99846311843356],[127.92146177323839,34.99817081626165],[127.92160840024388,34.99810261650252]]],[[[127.6355846845753,35.32644265042617],[127.63145281662518,35.32671588582417],[127.6295262553185,35.3274993339532],[127.62763198715774,35.328589163500375],[127.62579103676461,35.32916738379526],[127.62363507646356,35.33120076048641],[127.62279007128052,35.33168825510652],[127.62060649361669,35.33256354353694],[127.61649488164521,35.33116682966855],[127.61504870048937,35.330809471859325],[127.61270074443067,35.32800045793131],[127.61015403190308,35.32684283418633],[127.60764740161189,35.32506954079352],[127.6070248102261,35.32392801891688],[127.60660341756798,35.3208447077595],[127.60584445381389,35.31948277132806],[127.60492429194854,35.318569134430696],[127.60352112873922,35.318180605504345],[127.59945930831002,35.3157262931313],[127.59563369965237,35.313749927452044],[127.59400462379487,35.31242763435061],[127.59264157524939,35.31182876724586],[127.58976312701317,35.31098318209861],[127.58845701450718,35.31034160032199],[127.58693199776583,35.30992724003108],[127.58566622542425,35.30923379643318],[127.58413364830446,35.309109723934895],[127.58254414131821,35.309170107747285],[127.58115103778033,35.309568381903745],[127.5795679822634,35.30967933817046],[127.57833597167445,35.309414168725326],[127.57747838018041,35.308902596533734],[127.57685951916088,35.308422741741964],[127.57636919947284,35.30730889269351],[127.57602647678246,35.30605730270561],[127.57604089699714,35.30365377135834],[127.57635744975448,35.30220964567426],[127.57673237763444,35.30114397357219],[127.57684452753631,35.300006500957295],[127.57682735498243,35.297501133016034],[127.57732740602599,35.29496802098911],[127.57845349606222,35.29444255695224],[127.57940617234723,35.29375965854274],[127.58197392668953,35.292200085407295],[127.58276903781822,35.29109117745954],[127.58337685151247,35.28966776835146],[127.58429299449661,35.288769291962566],[127.58558147040908,35.2877080844072],[127.58639997392476,35.28672528686868],[127.5873721041616,35.284086086292604],[127.5888735224774,35.28085099797403],[127.58966893405086,35.28050961817203],[127.58963100742109,35.2800483878292],[127.59010578877974,35.27882212059019],[127.59080993834067,35.27785003511219],[127.59100662727607,35.277127730080224],[127.59086747169702,35.27603474576269],[127.59109107516355,35.27536728336325],[127.59162732728998,35.27460978531665],[127.5922632329331,35.273994423634484],[127.59341318656881,35.27315379965632],[127.59447531163337,35.27266447188106],[127.59556027589544,35.27202490739247],[127.59551061159856,35.27145441733237],[127.59592094777952,35.27085367912847],[127.59606877107,35.2701545018452],[127.59577384381035,35.268847909310836],[127.59569937439015,35.268137716055826],[127.59667731215907,35.26742687029767],[127.59735009850412,35.267050814467666],[127.59802177994324,35.2667977121251],[127.60101597801324,35.26671316187382],[127.60161446589464,35.26657787763388],[127.60204899493873,35.26625072539264],[127.60253237017683,35.26569272100701],[127.60261932490597,35.26516808092464],[127.60333195877729,35.26492884203546],[127.60420554698337,35.26500806678644],[127.60471312745405,35.264175353790755],[127.60568779566684,35.263507676203695],[127.6075548923239,35.26293160741115],[127.60855816998009,35.262347837070344],[127.60925461037068,35.262207548841566],[127.60976319126861,35.262317991009034],[127.61016014257277,35.26202804065489],[127.61029708606658,35.261592841643726],[127.6103485261471,35.260858148904944],[127.61107664790403,35.2598365941937],[127.61143658762197,35.258708621710554],[127.61152082046243,35.25809485626298],[127.611235111718,35.257431193717814],[127.61202671035231,35.255866652149585],[127.61214411615659,35.25477182600813],[127.61263175808983,35.25348600607843],[127.61473254805469,35.251165972028666],[127.61525271556359,35.25038991848157],[127.61464638459023,35.24957109405223],[127.61406261944416,35.24952459462293],[127.61381883032269,35.24889357555364],[127.61339758153638,35.24866531265928],[127.61333466557558,35.24840017970601],[127.6124239876614,35.24799721243706],[127.61275659275219,35.2465961268727],[127.6127097752083,35.24641721594082],[127.61311934007456,35.2455364288395],[127.61316296796895,35.2449145294143],[127.61359708702349,35.244346382686125],[127.61360524184738,35.24411723320718],[127.61315988068678,35.24387431572518],[127.61319708362232,35.24327897379829],[127.61304174148992,35.24273443003648],[127.61304854031494,35.24236826915729],[127.61278295535185,35.24158706294103],[127.61367297414908,35.24051516935796],[127.61454689947607,35.24020824450936],[127.6148549519074,35.2401935685354],[127.6151773457184,35.23966309045411],[127.61558182360625,35.23944742754051],[127.61608155717924,35.23931711778918],[127.61628615019596,35.23911033290806],[127.61669884028797,35.23899065778928],[127.61685562480253,35.23820550300754],[127.61720301146937,35.237857814756616],[127.61747773933011,35.23770558896857],[127.61762126461463,35.23735646869995],[127.61792289392166,35.237150502794236],[127.61842467142914,35.23629275346823],[127.61930264264971,35.23568920747173],[127.6191951630234,35.235478133253686],[127.61907881100744,35.234192057973395],[127.61884799663271,35.234009537338515],[127.61886402951261,35.23359856065832],[127.61904269555576,35.2335362302984],[127.61914697446456,35.23304854132368],[127.61875518386523,35.231936176123185],[127.61878085136853,35.23094074714083],[127.61924190825546,35.2305778735057],[127.61924476249034,35.22968501627104],[127.61940249195897,35.229182089321384],[127.61970964349844,35.2287730952064],[127.62016068144104,35.227840693720154],[127.61980041472954,35.22717102826814],[127.62005699757223,35.22634539950543],[127.62066824187528,35.225814420484035],[127.62074691037866,35.22534158818107],[127.62100780468523,35.22513287758834],[127.62116146215763,35.22462422800295],[127.62114258267243,35.223968638762685],[127.62098851626068,35.22365316724049],[127.62096474048506,35.223390578732264],[127.62080165328108,35.22318866832343],[127.62095321132772,35.2225760194726],[127.62082595872374,35.22223284918689],[127.620859217912,35.22167051298311],[127.620616138205,35.22135816665347],[127.62031980823191,35.22115418802652],[127.62025786281265,35.220902592980636],[127.62035764243743,35.22007288757914],[127.62026837248503,35.21952789576099],[127.620542653642,35.21926331531026],[127.62101791487643,35.21845939694806],[127.62069895635568,35.21831876350925],[127.62073764052566,35.216572034824296],[127.62090643337841,35.21490732889182],[127.62071810027392,35.21403105501903],[127.62075673163059,35.21264189355862],[127.62020140221834,35.212383075958655],[127.61988941626005,35.21196529936231],[127.61967206758717,35.21192517359687],[127.6192233193783,35.21145028245482],[127.61867984586141,35.211112207289446],[127.61835418459029,35.210756194696],[127.61740597921205,35.21005457767066],[127.61700942883986,35.20957222807681],[127.61712095744315,35.20873033388605],[127.61697040128466,35.20833710916914],[127.61680857487524,35.20661550827599],[127.61760126193406,35.20495858301756],[127.61764030556488,35.204358990691055],[127.61737152018209,35.20315416237927],[127.61793257383465,35.20267731606795],[127.61807256235251,35.20115173120287],[127.61792241652758,35.20062387551455],[127.61827813679257,35.20017421188768],[127.61802742655563,35.19976956540658],[127.61869688526308,35.19917617851485],[127.618918718987,35.198727987622334],[127.61947136695659,35.19839075630012],[127.61965168002065,35.19802268799268],[127.61994881518227,35.197974951260555],[127.6200227618224,35.19787985176436],[127.6200600609114,35.19622835962218],[127.61987375016744,35.19505519380805],[127.61996296129617,35.19478696985606],[127.62037372719385,35.19445523628526],[127.62063150193573,35.19377609151665],[127.62092394259044,35.19358224140871],[127.62092424287391,35.193316383165275],[127.62144866260584,35.19234490457546],[127.62110029214479,35.19176575014099],[127.61966633695174,35.191456567191366],[127.61841618717561,35.19094355154299],[127.61832409491494,35.19102682476726],[127.61813935758556,35.19089837005331],[127.619615181929,35.18962270953842],[127.62114067281703,35.187797500995394],[127.6219998045341,35.186005183955984],[127.62261658240124,35.18495650220573],[127.62491328963786,35.182220352296724],[127.62633863470694,35.18217212175311],[127.62744910005011,35.18160498349696],[127.62898730002289,35.18028404485028],[127.63024681724661,35.1787519879538],[127.6308365323992,35.17773514099675],[127.63203035203134,35.176200288311925],[127.63266235529728,35.17571150551817],[127.63749451244828,35.17304547200895],[127.6398619319746,35.17088036348782],[127.64082486877268,35.169462580552185],[127.6414080912777,35.167877535555455],[127.64291690695792,35.16633277160395],[127.64354612525253,35.16546189277101],[127.64470854712407,35.164254715458156],[127.64584041529672,35.16289121994847],[127.64733723737052,35.1613020822038],[127.64837140519151,35.16038218647959],[127.65140314078575,35.15985790746508],[127.6538529018675,35.15960013430449],[127.65580601154323,35.15971393126228],[127.65701835750352,35.15967465080034],[127.65871864352226,35.15916878540149],[127.65933507720503,35.158916095424296],[127.65970155758463,35.15831722292741],[127.66027490526086,35.156960391528884],[127.66144535226296,35.156304681447494],[127.66478932361805,35.15480266285346],[127.66702876334402,35.15331814267331],[127.66829014712084,35.15206518306642],[127.66915904240997,35.15134948968916],[127.67024462339268,35.150884901628395],[127.6724102702034,35.14968312304478],[127.67406000442226,35.14858265638076],[127.6749080118801,35.147783600039844],[127.67575151315674,35.14729423481917],[127.67710779740672,35.1460516779156],[127.67713066602516,35.14588289282232],[127.67734973075646,35.145675959269944],[127.67791583271331,35.14475838749004],[127.67886957545485,35.143604289775766],[127.68023199631595,35.14242887731991],[127.68114351083506,35.14182913943988],[127.68216987418853,35.14059350652102],[127.68341352315329,35.139329737757556],[127.686509193311,35.137157442887975],[127.6873549345781,35.13631046903462],[127.68866801402989,35.13517064598464],[127.692025970979,35.131068342878706],[127.69271378736106,35.129623419471784],[127.69382755234138,35.127930589542814],[127.69406421911197,35.12673044074638],[127.6947170424848,35.124578425679594],[127.69523919386577,35.12071181870624],[127.69477979224946,35.11672446747325],[127.69490079915305,35.11341657343566],[127.69480635347666,35.109898232817365],[127.69485007289191,35.10629262442251],[127.69726235258467,35.101786082019636],[127.70019224601317,35.100027959342974],[127.7015017106013,35.099043677319834],[127.70271932296878,35.098654204163275],[127.70661439638499,35.09540868816089],[127.70815567984364,35.093181613228936],[127.71246580690601,35.088163789250736],[127.71357590987014,35.08593672348873],[127.71541770901692,35.08454107842516],[127.7161015476202,35.083475027450525],[127.71766771085136,35.08261129651959],[127.719025400588,35.082142183474474],[127.72594675073802,35.07930811375001],[127.72763771088916,35.07851707761041],[127.72994679630213,35.077244748280876],[127.73255182067163,35.07627377018908],[127.73423589364859,35.075332419617745],[127.73635755367071,35.07359989353405],[127.73870667586242,35.069913758616174],[127.73924628340268,35.06523617025287],[127.73992100549323,35.06336418213653],[127.74321911010642,35.06098147581863],[127.74599774165975,35.05944393042351],[127.74934526590651,35.05789654345529],[127.75156022504697,35.056748357022215],[127.75545609227386,35.05545507690481],[127.75715054181634,35.05500336095504],[127.75838286305138,35.05515180979163],[127.75974778626923,35.05519097702145],[127.76154078677042,35.05510536637133],[127.76346211487446,35.05483761980135],[127.76427694251805,35.054505420113074],[127.76533155555505,35.053632358001444],[127.76678082877412,35.05177953590112],[127.76769993003737,35.050899612745674],[127.76807856740683,35.050429152184556],[127.76866518092474,35.04921963644529],[127.7689181078744,35.04819344438612],[127.76967297376072,35.04648132249956],[127.76975473830146,35.044549992697675],[127.77057470905642,35.04152113856006],[127.77078337116137,35.03738045496158],[127.77162983498104,35.03372196829581],[127.77337433041863,35.031618789978616],[127.77514699474747,35.03009421317724],[127.77607305540158,35.02835497460327],[127.77739359250987,35.02647448483038],[127.77878825583362,35.024738129358276],[127.77990511757093,35.02411425283122],[127.7808686649914,35.02374135509173],[127.78164157550196,35.02334205837481],[127.78224276046195,35.02283799926117],[127.78370676449636,35.021936249996514],[127.78481400752796,35.02094376559807],[127.78517931472959,35.02044096834222],[127.78550711089778,35.01984129438776],[127.78591432948619,35.018230155445956],[127.78622742064493,35.01762831195958],[127.7864121440346,35.016891358455055],[127.78645772059687,35.01630892845165],[127.78637473290469,35.01560057470773],[127.7866421671571,35.0141219424141],[127.78667795331461,35.01338883488725],[127.78657002806047,35.01199683272547],[127.78682651268623,35.01020957790428],[127.78665247509359,35.00965442054983],[127.78597197036142,35.00839239908494],[127.78577671293073,35.0073460858974],[127.78533446415494,35.0059393146196],[127.78515827229904,35.00473816434724],[127.78496163997613,35.004231619377066],[127.78330940971577,35.00127679860186],[127.78307234843379,35.00036868420827],[127.7823493024003,34.99875017131934],[127.78159148144525,34.997604441245045],[127.78129864461532,34.996446024242886],[127.78089802039257,34.99548341272411],[127.78046435890981,34.99400627752781],[127.78062053058802,34.99278959913072],[127.78063293897284,34.9910880561286],[127.78056161259404,34.99040024968499],[127.78032154950124,34.98972463301974],[127.77956127052026,34.988595085656414],[127.77902704663269,34.98811466158788],[127.77683045128776,34.98681872982613],[127.77523755675051,34.98492007272748],[127.77414835109823,34.98323041982267],[127.77372002843741,34.98272052701075],[127.77050061449526,34.9806765189913],[127.76796130002411,34.97966422131775],[127.76736850077008,34.979042332869454],[127.76618194310554,34.97840933646241],[127.76562078133564,34.97802532398366],[127.76404046541047,34.976717594780155],[127.76343750529324,34.97592354596307],[127.76318856753981,34.97471768139958],[127.76276547443554,34.9736908160571],[127.7624476980161,34.973181117470034],[127.76161195854779,34.972217900357464],[127.76136093200004,34.9717170922484],[127.76098484544079,34.97045521427967],[127.7659371696867,34.97034372025466],[127.76602147750431,34.96974065577475],[127.76660793058046,34.96826747595264],[127.76713908291134,34.96734085899717],[127.7675782485789,34.96678650530389],[127.76845464167423,34.96645714916115],[127.76901049983832,34.96643322314765],[127.76959020868887,34.966718761347494],[127.76994269567373,34.96673967437881],[127.770150253832,34.967111620271915],[127.77243192388832,34.96338356933037],[127.77236709029863,34.96288958582057],[127.77200718199333,34.96232318772915],[127.7720407551237,34.96070784852095],[127.77131708907518,34.960584448212884],[127.77134860642528,34.96049871819453],[127.77190362640661,34.96058233579991],[127.77199011570372,34.960494173165905],[127.77206830361241,34.96001008747722],[127.77226616154968,34.959688566404004],[127.7727588371436,34.95915890308969],[127.77284195881045,34.95919983694649],[127.77324293661862,34.95892919243607],[127.77329812774016,34.95718091205076],[127.77349991206646,34.95665738777159],[127.77331197147936,34.9564366780862],[127.77340304706713,34.95624647860788],[127.77352496235027,34.9562251609547],[127.77377545731066,34.956374488612155],[127.77390293666153,34.956246152218775],[127.77345845087683,34.95594540479483],[127.77332726971069,34.95497787999793],[127.7734490569691,34.95495715786222],[127.7734942682295,34.955018414565146],[127.7736055495483,34.95555267283313],[127.77411980259248,34.95594870863992],[127.7742395042493,34.95590618617278],[127.77438408944775,34.95568784693705],[127.77379623771778,34.95550091028391],[127.77353751160052,34.95489479674466],[127.774511776329,34.95424855372329],[127.77456429830944,34.95389351083802],[127.7747529633062,34.953879768126754],[127.77473049554375,34.954179859166814],[127.77531751002434,34.95410321069465],[127.77628184372021,34.95343376587841],[127.77597000771071,34.9531152272919],[127.77570660937657,34.95326918383326],[127.77564322821235,34.95318397096506],[127.77572605424541,34.953103331773406],[127.7759416062379,34.95300715154694],[127.77631277854077,34.95325805584412],[127.77650583379925,34.95315888960882],[127.77656982969681,34.953216868753195],[127.77683576757852,34.953053576878865],[127.77800770358655,34.951480839597124],[127.7780523991229,34.95042333341486],[127.77768692078944,34.950292960629255],[127.7782640631351,34.95018158698356],[127.77846904927762,34.95017197170894],[127.77848166687951,34.950250278523406],[127.77887222214628,34.95021055596771],[127.78038888743109,34.94967103318623],[127.78069196182607,34.94949423990636],[127.78075831213496,34.94910849012658],[127.78003798653177,34.94783035317579],[127.78019880045461,34.94724934755952],[127.78026560927448,34.94724693546194],[127.7802242089086,34.94676061891473],[127.77961808456696,34.946611982715126],[127.7797620317791,34.94621026774314],[127.7798681534231,34.94623266169545],[127.77976423864231,34.94654625412113],[127.77991418651746,34.94657377452626],[127.78024863307117,34.946395635824274],[127.78039603700667,34.946208980927324],[127.78042157350141,34.94588758933207],[127.78016258429025,34.945782504688864],[127.7801321504307,34.94586209285891],[127.78003550720366,34.94582796537604],[127.78013233510228,34.945509396948665],[127.78045112724396,34.94560106807331],[127.7809487657393,34.945250020823785],[127.78102454139136,34.94531994387726],[127.78118244799803,34.945187388457406],[127.78132730265924,34.94483659661513],[127.78125810950021,34.94459558236154],[127.7813316429209,34.94457151665398],[127.78125466257947,34.944441799814335],[127.78104796958274,34.94442448036352],[127.78105406811322,34.944342252925544],[127.78125695114548,34.94427624067265],[127.78154103862003,34.94383289433057],[127.78188603638324,34.943812880729425],[127.78198000873374,34.943654936864554],[127.78225659097627,34.94350403706236],[127.78234012944415,34.94352829024849],[127.78234948709179,34.94345989249708],[127.78487166734435,34.94215750048902],[127.78525863441045,34.941630557224265],[127.78535217904613,34.94130113873627],[127.78535508377855,34.94069938935196],[127.78561532468731,34.94050146608023],[127.78557432720866,34.940433833883844],[127.78581389285274,34.94034099452191],[127.7860324487765,34.94027646677705],[127.7860790232691,34.94033134667703],[127.7858538105902,34.94045434335111],[127.78606521130298,34.94067796557289],[127.78652426263679,34.94083565293174],[127.78710654192035,34.94082904178259],[127.78711018440008,34.94091237642728],[127.78668761489095,34.94096670830211],[127.7863525887655,34.94089689420088],[127.78637646851912,34.941553490634924],[127.78685094658096,34.942978239931584],[127.78698060304067,34.9430351947565],[127.78703951258738,34.94327761335531],[127.78747861628557,34.943389772458865],[127.78791578074654,34.94334938665133],[127.78915908366358,34.94297093739295],[127.78982362989804,34.94250206582502],[127.78969951012796,34.94200665434871],[127.7898216403163,34.9415982549766],[127.78973913997524,34.94132093764706],[127.78953454848939,34.94121839429268],[127.789272974053,34.941211026116115],[127.78928469945525,34.941083272673225],[127.78911666451724,34.94085576014182],[127.78817390112283,34.940862791088236],[127.78814607299641,34.94074695709743],[127.7889457137631,34.94069177710997],[127.78948555609576,34.94085083373319],[127.79018283330342,34.94070793829418],[127.79034194424543,34.94061555629683],[127.79034916821242,34.94051388937687],[127.79016277891967,34.940240277838285],[127.79060444448757,34.940035001243054],[127.79045045846235,34.93989590046603],[127.7904905401553,34.93982605614426],[127.7906607287051,34.93987390438576],[127.79077192762395,34.9401517250773],[127.79155748823744,34.9401816804065],[127.79170250012375,34.94022638909742],[127.79179152108495,34.940369993460585],[127.79222139729056,34.9404284251449],[127.79401636875482,34.93421840483244],[127.79411629238034,34.9338417834116],[127.79403809535225,34.93369026228015],[127.79421263430906,34.93307225465475],[127.7944123987972,34.93296730121331],[127.7951162833307,34.9305432292818],[127.79528550543787,34.93066058853843],[127.79621370540744,34.93081126514498],[127.79857162998547,34.922739759359395],[127.80543399635935,34.92414131553423],[127.80561603694976,34.92413128483057],[127.80571497842588,34.92397997461376],[127.80622594081268,34.92407008407139],[127.80610209922452,34.92450308236504],[127.80568101580396,34.92443633523217],[127.80240742055196,34.935798579458385],[127.8075371120191,34.93682228438189],[127.80892727905902,34.93842702301805],[127.8094758340847,34.93840916728368],[127.80965805650625,34.93849083424234],[127.80953555698154,34.938739444728846],[127.80964895036361,34.93883993520342],[127.80974016531111,34.939227730544076],[127.81077398619804,34.93976778160613],[127.81144194236118,34.939833672476055],[127.8119161286681,34.9396490240687],[127.81201982478392,34.939813920239466],[127.81298046860617,34.93979526822722],[127.81331694444087,34.93954277883543],[127.81456472217702,34.93947555643521],[127.81508333409892,34.9390597229226],[127.81659972267978,34.93901472227708],[127.8178413897891,34.9400463896854],[127.8175561119685,34.94112194562018],[127.8188741664916,34.94221388974311],[127.81876551797416,34.94248025002415],[127.81897823476595,34.94314718345999],[127.81923583376495,34.94336138969011],[127.81925861115712,34.943523334222185],[127.81797305706334,34.946224722846715],[127.81801805717211,34.946448333973166],[127.81710000080685,34.94659666727414],[127.81531416677623,34.94883361177973],[127.81535916153305,34.94896694812766],[127.81584904643557,34.949034280258005],[127.81612727705712,34.94899653708066],[127.8161994455067,34.94912805570513],[127.81684972575869,34.94921648095354],[127.81704833363118,34.94913194517884],[127.817094167713,34.9489722226427],[127.81734083354847,34.9489661112061],[127.81766111147633,34.948763334161114],[127.81827250073266,34.949194445190614],[127.81853444541647,34.94921222275654],[127.81853472331281,34.94912805657931],[127.81780111237548,34.94853555639542],[127.81839222290657,34.94801277887066],[127.81963861115932,34.94548750080316],[127.81970694527624,34.945493333833454],[127.81971889029079,34.945614167207],[127.81871583366684,34.94779555602905],[127.81897639014645,34.94785416740831],[127.81977611202488,34.94618805632815],[127.82063305599623,34.945848057071224],[127.82116833491303,34.9448797227927],[127.82225926180267,34.94520395339732],[127.82201333385426,34.94576527867318],[127.82899222279447,34.94804499993205],[127.8280052785708,34.95008500124812],[127.82776694479175,34.95038472231456],[127.82741916694886,34.95063861182165],[127.82664833395344,34.95086777842412],[127.82461555601273,34.95083611189294],[127.82423500140096,34.95101916744639],[127.82321583405151,34.953141945095396],[127.82326861220648,34.95316500026163],[127.8231870071681,34.95334476679617],[127.82358333326856,34.95347694553619],[127.82396361237737,34.95279916780258],[127.82457388968048,34.95298638951088],[127.82543944422714,34.952147223360164],[127.82633916746128,34.95212722273249],[127.82683833338055,34.95203833371146],[127.82742916727702,34.951488611548626],[127.82905361151238,34.95093305564314],[127.82906250077497,34.95069638988012],[127.82932638880678,34.95067555586386],[127.82945583293225,34.95106055621876],[127.82970250102738,34.95118500063512],[127.83033333486438,34.95123722289477],[127.8303719453089,34.95132833402794],[127.83094368757287,34.95113867431151],[127.8324988907929,34.94970624327897],[127.83445410429326,34.94936407791236],[127.83495162188991,34.9490283647586],[127.8350110389914,34.94887249004085],[127.83781577860653,34.94939244969161],[127.83780047169894,34.94955571915155],[127.83797862954572,34.94988732499237],[127.8388954867334,34.95011543987928],[127.83895994593317,34.949421543992706],[127.83870302132631,34.94905020104318],[127.8387881776319,34.94872119498534],[127.83872769980447,34.948388425360015],[127.8391154345273,34.947789075388435],[127.83931686726025,34.947711591216134],[127.83951149851802,34.947746453570865],[127.8396497534066,34.94786403625851],[127.8399243965512,34.94829276082314],[127.83991792082452,34.948488589555645],[127.83980971569699,34.94885528895155],[127.83950204548339,34.94921593066438],[127.83960180098528,34.94958144426581],[127.83946723821197,34.949995962638624],[127.83944866451036,34.95041091333006],[127.839160599878,34.950630338192184],[127.83867333381995,34.95444805623912],[127.83876690674285,34.954637228577624],[127.83888388881905,34.954679167967996],[127.83874621901367,34.95504920989656],[127.83867246435226,34.95588007631578],[127.83895544025981,34.956434574465845],[127.83888250002494,34.95662833398671],[127.83737638907513,34.957284166571306],[127.83717555557628,34.95724694563978],[127.83695916630454,34.957322778739105],[127.83679666732458,34.95717583378637],[127.83719333379317,34.95703500060748],[127.83733694553352,34.95690972365861],[127.8350894446984,34.95658666809703],[127.83501958806096,34.95685842048266],[127.83535351810607,34.95714756875922],[127.83563317252111,34.95708974289468],[127.83643775279131,34.957132427452606],[127.83651837665037,34.9571821048774],[127.83650801632324,34.957338074171474],[127.83608057947082,34.957384796667505],[127.8358869454621,34.9576055105016],[127.83563583393628,34.95766786419383],[127.83490126838898,34.957701191398776],[127.83474409761895,34.95761619242673],[127.83468758243589,34.95734840902157],[127.83415055557566,34.958571389745096],[127.83497972263486,34.95895638989237],[127.83509238750071,34.95880690525002],[127.83521117214369,34.958798805336855],[127.8353771104738,34.95912499082551],[127.83541811730238,34.95908230981835],[127.83619348823252,34.95937653985998],[127.8366784986195,34.95939294813658],[127.83704851720294,34.95956545095034],[127.8371491925638,34.959479777201715],[127.8372936364928,34.95949052623373],[127.83732390598524,34.959632245142316],[127.83767161851432,34.959592215357986],[127.8378089971662,34.95941114984445],[127.83801668928528,34.95935731226284],[127.83801865852035,34.9592409699821],[127.83787308518583,34.95916765738922],[127.83785963894137,34.959047004364734],[127.83811470108512,34.95895946197506],[127.83801099075556,34.95872119223363],[127.83781129577402,34.95868394666124],[127.837642730551,34.95885359082714],[127.8375309023651,34.95880504060121],[127.8376632361998,34.958543617629694],[127.83748240186632,34.95828645472571],[127.8372637148029,34.95822897806613],[127.83735064480997,34.95797821656421],[127.83754181207226,34.95786507553637],[127.83755078950827,34.95769071892625],[127.8373700438875,34.957611013585634],[127.83764965645005,34.95735654415892],[127.83836152872841,34.95727872096278],[127.83932588116231,34.956919973025684],[127.83951357268177,34.95696681719772],[127.83929908495584,34.95705473072617],[127.83930282984176,34.95718364365925],[127.83988398016174,34.95696068188676],[127.83990744204229,34.957005698074425],[127.8393474007235,34.95730935405643],[127.83995547211008,34.958406562418546],[127.84044392851827,34.959998520399154],[127.84039532797681,34.96117813664606],[127.84051281884385,34.96193505705991],[127.84048639812423,34.962541807544824],[127.84056148913325,34.96276085791585],[127.84076144469869,34.962880318309494],[127.84125367956513,34.96276485297607],[127.8419220660531,34.96189537976696],[127.84403896160745,34.96089957868175],[127.84456988610029,34.960338228310576],[127.8453117834679,34.9592802840119],[127.84504913677482,34.95887768730648],[127.84461323241977,34.95880826326628],[127.84564243388473,34.958382431342294],[127.84571506890839,34.958247487732216],[127.84567385713093,34.95801278258935],[127.84512666704018,34.95760805574502],[127.84422749972698,34.95729472345028],[127.84402444518689,34.95712277871849],[127.84396527804111,34.9567102780423],[127.84326666746294,34.95629305659625],[127.84315861182876,34.95614916747755],[127.84311277801291,34.95594583440808],[127.843200000445,34.955737222641574],[127.84406444205199,34.955069865324965],[127.84433395988799,34.9538508544991],[127.84370063611463,34.9538182366974],[127.84346886590914,34.953436156355465],[127.84352239524294,34.9533821725781],[127.84368269198454,34.95351553545708],[127.84378249996246,34.95347972244055],[127.84416196688555,34.95317678044388],[127.84390072404614,34.95222208485509],[127.84458463556906,34.951146943014365],[127.84513027113404,34.95132132814279],[127.84565131383326,34.951175341843005],[127.84584906836176,34.95097078062406],[127.84588517642395,34.95081017788477],[127.84514481426143,34.94977958275677],[127.84515442626213,34.949615360127],[127.84541542123182,34.949521786206375],[127.84607090955397,34.949881117560125],[127.8468518605035,34.95048863445495],[127.84727598135837,34.950597120044335],[127.8479795538846,34.95033128549419],[127.8482177592958,34.95006271222962],[127.84830677401138,34.94952315167913],[127.84851209161702,34.949057049975266],[127.84810724414066,34.94871473937904],[127.8480422115977,34.9481335745408],[127.84788603803618,34.94798975333916],[127.84760537022854,34.947998418227556],[127.84742716083079,34.947924723358],[127.84726800154925,34.94745427035923],[127.84713196279931,34.947320015841946],[127.84664127526521,34.94729838825043],[127.84680660826635,34.94692173033168],[127.84716643040409,34.946785495590895],[127.84830655995337,34.947180355574346],[127.8486996705179,34.94714609762355],[127.8499672653844,34.947284245636105],[127.85033111245451,34.94723389118719],[127.85070191996434,34.94739212460795],[127.85090606520323,34.94756980306111],[127.85125358187521,34.94765297849542],[127.85165648140348,34.94758497720472],[127.85250540135758,34.947230404720166],[127.8524641531053,34.947292816127955],[127.85257795284531,34.94729342279773],[127.85261485582326,34.94739609038915],[127.85238806123762,34.94765984103528],[127.85229756134021,34.9481038356113],[127.85206929967298,34.94833610363219],[127.85187425776495,34.94837636452387],[127.85178862180285,34.94847615087949],[127.85196479069474,34.94877437275718],[127.85234132725564,34.94886961829465],[127.85267245938425,34.949064583300824],[127.85306934658787,34.948804486844914],[127.85327784295023,34.94886985779716],[127.85379802271818,34.9484565895759],[127.85432295134957,34.94831694727032],[127.8542986390122,34.94792453237503],[127.85438570963332,34.9479105889855],[127.85449932599501,34.94831236310473],[127.8548247496475,34.94839269996279],[127.85516370884712,34.94832997767852],[127.85514044103635,34.94823150562416],[127.85525249799025,34.94822436257012],[127.85513316293165,34.9477434731652],[127.85522233346103,34.94772743188868],[127.85538805683731,34.94836480342419],[127.85573409362905,34.9483269344036],[127.85575573466252,34.94842589444045],[127.85501760911902,34.94855454269802],[127.85509075493128,34.94882097333053],[127.85506725023978,34.94932063442659],[127.85535626128691,34.94942662722646],[127.856259434249,34.949434865798445],[127.8565344400547,34.94924041537426],[127.85689873582932,34.94917175794631],[127.85715595792334,34.949224042612336],[127.85748791679033,34.94942562254495],[127.85825030647547,34.949424284538004],[127.85868222643997,34.949396913425026],[127.85906422132317,34.94928199360538],[127.85892700278526,34.948364004557845],[127.85904605009036,34.94833023675306],[127.8590715757116,34.94823135702464],[127.86031650569416,34.94811020119736],[127.86029794402803,34.947772098898994],[127.86039607214732,34.94782240296004],[127.8604396225924,34.948111916274954],[127.86136783000467,34.94794663602817],[127.86128970550615,34.947316907031215],[127.86035897975417,34.947053980302044],[127.86039118454512,34.94694699541439],[127.86123312902801,34.947182726884215],[127.86134942334455,34.94715810690932],[127.8614917948896,34.94758470052277],[127.86176003981976,34.94748138610647],[127.86178800084626,34.94762906379224],[127.86198587724435,34.947653159588874],[127.86264349023325,34.947556859350065],[127.86292260399694,34.947382419898034],[127.86321722999689,34.94761955599102],[127.86355625798792,34.94735356203569],[127.86357424297387,34.94725438471277],[127.86339264769282,34.94706770673409],[127.86335687223078,34.9467877206912],[127.86341440482342,34.94663180085615],[127.86364122255016,34.94646478966218],[127.86396598060877,34.94640111507314],[127.86496015890476,34.94657675369696],[127.86575745093876,34.9462065660958],[127.86618789189893,34.94638074904419],[127.86657320563896,34.94669172620439],[127.86748076466668,34.94768459963659],[127.86806414309972,34.9478014562464],[127.86886465304657,34.947719883705304],[127.86933080527596,34.94775506375802],[127.87047091029983,34.94732050363256],[127.87053827938132,34.947208829790064],[127.87085466166496,34.94719605235369],[127.87134274549739,34.946821211617944],[127.87243150067852,34.94642202757026],[127.87281936288794,34.9465942398761],[127.87335402566694,34.94718055925711],[127.87402789328637,34.94722511552358],[127.87439292927803,34.94733559012047],[127.87453495021597,34.947121839053615],[127.87467032043715,34.947192107619145],[127.87453375719052,34.94738785580202],[127.87465357216394,34.9475033849481],[127.87510100699066,34.947290416831706],[127.87516598176774,34.9473702325503],[127.87463253035435,34.9476217398879],[127.87493798435523,34.94811449216957],[127.87552372069554,34.94814913770267],[127.87604560441558,34.94793694590814],[127.87595375058349,34.9475121150655],[127.87587215668499,34.947449761193006],[127.87596002151597,34.947375135882886],[127.87606808357303,34.947436351815405],[127.87616755754695,34.947855070394915],[127.87690526972382,34.948199273864375],[127.8773772834167,34.948231253229274],[127.87806926283875,34.9485740307272],[127.87817287512746,34.94841275122792],[127.87828005510045,34.948444361825885],[127.87820937098618,34.948647695476346],[127.8787401014206,34.948780655274916],[127.87891634429339,34.948952485910446],[127.8794623181879,34.94897701607066],[127.88048666483277,34.94940350770387],[127.881442370908,34.94937886401833],[127.88213085700988,34.94959540116812],[127.88226261767619,34.95036274913035],[127.88222848541822,34.950663282661935],[127.88157973273854,34.95161996678678],[127.88119056982659,34.95179451657323],[127.88109174603072,34.95196729339397],[127.88114809228621,34.95241739904366],[127.88142572972461,34.95300618533933],[127.8813409216453,34.95306374844908],[127.88200982165789,34.953919108812904],[127.88211080606712,34.95379055414849],[127.8823263721521,34.95393506202956],[127.88262574133825,34.95437966928014],[127.88278427951761,34.955028248657065],[127.88291593724189,34.955156708205294],[127.88319007933798,34.9551542457694],[127.88430464496665,34.955680575572515],[127.8843009341634,34.95590583207285],[127.8844988239647,34.955962339377464],[127.8847577984499,34.956197617429126],[127.88526675951854,34.95624522218571],[127.88532002753605,34.95601264592516],[127.88553877011793,34.9557470718165],[127.88570110954609,34.9549241697437],[127.88590472012116,34.95473916961678],[127.88603833628824,34.95428832939205],[127.88613721800809,34.953757504716286],[127.88609611716056,34.95334722012038],[127.88633889298183,34.952831668661744],[127.88642388488918,34.952010555045526],[127.88660166269254,34.951603053830844],[127.88691639543234,34.95178138700372],[127.88701138721642,34.95206499854635],[127.88744916890778,34.952603613302465],[127.88750749703189,34.95278222234396],[127.8878849982672,34.9530569448005],[127.88787805573486,34.95324972286079],[127.88768582884073,34.95342666626314],[127.88789805062615,34.954001386093864],[127.88778639582696,34.954246108877754],[127.88722555408641,34.9548913933022],[127.88733833945665,34.95517583772253],[127.88762805497842,34.95538111341802],[127.88884111036212,34.95559944557602],[127.88980110955531,34.95526472076576],[127.89048194821997,34.955192778631776],[127.89086285923246,34.955039072247786],[127.89095971886272,34.95457500279618],[127.89091611423694,34.95423722551676],[127.89105166288026,34.954043332710135],[127.89138389115764,34.9538469422665],[127.89190360673251,34.95374639394572],[127.89217138582674,34.95376944842653],[127.89228027599786,34.95383444707753],[127.8922991650219,34.95397222481154],[127.89214833947415,34.9540016713406],[127.89187083734267,34.95451416308527],[127.89087583600026,34.95544305308198],[127.89056583588086,34.956139448711056],[127.89419692249407,34.9582630616383],[127.89446667070797,34.95807805535824],[127.89488972029775,34.958096941031236],[127.89507416155745,34.957963615486214],[127.89515666931223,34.9575147200082],[127.89536333720014,34.95720861175233],[127.89562582890498,34.95707861209645],[127.89579749651757,34.95685638902586],[127.89597778303475,34.95600472355733],[127.8957888855973,34.9556072240796],[127.89579943897854,34.95519972613822],[127.89632416246683,34.95535778242711],[127.8962411108754,34.95564527757174],[127.89628555852264,34.95575277816936],[127.89643659032916,34.955873860147555],[127.89663652594898,34.95624306461638],[127.8967389662489,34.9562048757748],[127.89666423964434,34.95628168143989],[127.89684516398047,34.956466322023424],[127.89719277353504,34.95651331994597],[127.89720653456833,34.95644496790256],[127.89725712425522,34.956521181899305],[127.8974646488772,34.956537594622226],[127.89817779117482,34.9560435554823],[127.8982827369087,34.95613563646968],[127.897828679562,34.956494153470466],[127.89793248693132,34.95659223777835],[127.89752335307514,34.95694029951409],[127.89721012330125,34.95780490009332],[127.89741020541976,34.95820183756985],[127.89742536682861,34.95848888665351],[127.89774944882112,34.9587599979162],[127.89803611435781,34.958880831954254],[127.89843749535912,34.95927527815206],[127.89836305666371,34.95949194597276],[127.89801360660717,34.95973305435539],[127.89718944399412,34.959865280460264],[127.89670444384066,34.959773608226776],[127.89641666778962,34.959563888110175],[127.89615916257253,34.95951694404664],[127.89603861588166,34.95957889103731],[127.89585055339839,34.959759998738996],[127.89574212009269,34.96010006741912],[127.89578221908414,34.96083500395917],[127.89665944024414,34.961345004635625],[127.8963902806304,34.96142777963977],[127.89608722019749,34.961684169771466],[127.89553277800754,34.96198333433964],[127.89525611040526,34.96190861582385],[127.89518222356914,34.9622333311216],[127.89528833814936,34.962459725304406],[127.8957991695065,34.96250111622667],[127.89584166715672,34.96297528243046],[127.89619917280203,34.96342388856783],[127.89656667041005,34.963489723762855],[127.89690917078352,34.963691116368],[127.89711111457466,34.96372833751537],[127.89750528130163,34.963417225708376],[127.89764583744014,34.962713890954326],[127.89790777919961,34.96251417093925],[127.89828972199534,34.96242111262514],[127.89903694591543,34.96260333398039],[127.89901499686309,34.96282722119836],[127.89866305479683,34.96301361101519],[127.89865528063073,34.9632602783261],[127.89877111036674,34.96349194244869],[127.89894805250563,34.96352666905759],[127.89914014712538,34.963909924797534],[127.8990926564125,34.96397872506912],[127.89939946569424,34.964158526563914],[127.8993535093392,34.964216418025394],[127.89906388664124,34.964066243486926],[127.8989049879661,34.96423818032694],[127.89890496978818,34.9644019015496],[127.89874975813846,34.964549609791995],[127.89855774776238,34.96457502443699],[127.89886790575201,34.96496121144318],[127.89960402937173,34.96442512635235],[127.89951971076665,34.964202838528614],[127.90045173787753,34.96356807801228],[127.90042485336413,34.963511645467406],[127.90054116324315,34.963427390013564],[127.90064898057554,34.963544784755285],[127.8997702669575,34.96418053996128],[127.89989676181997,34.96444587045533],[127.9001194227364,34.964609077366646],[127.90023138059294,34.96492764101096],[127.89984189319242,34.96530389340595],[127.89932916895638,34.96551888736705],[127.89925305868191,34.96576916983323],[127.89935417111649,34.96596916921779],[127.89928222737981,34.96607583653189],[127.89904971918983,34.96622722675029],[127.89859139355039,34.96632583770523],[127.89851722311342,34.96641111354401],[127.89813194297268,34.96653111222629],[127.89754027257045,34.96703833141915],[127.89744694245903,34.96717417044982],[127.89748832946812,34.96727639258095],[127.89768750151984,34.96741889289539],[127.89790471684269,34.96744194860012],[127.89936585523644,34.96720065186564],[127.89972493139543,34.967064294977334],[127.89997733456906,34.967140985766676],[127.8998851549433,34.96727652889855],[127.90008866946047,34.96730127689742],[127.90164912440163,34.97031284518398],[127.90157895959257,34.97039899419804],[127.90125716660964,34.970497250219495],[127.90139152531845,34.97055554380101],[127.90132112493559,34.97081315856757],[127.90160440135105,34.97120692757536],[127.90143405573512,34.971222209010456],[127.90129846772237,34.97133774090728],[127.90125918279004,34.97157901693965],[127.90158438550334,34.97207236277953],[127.9023035718238,34.97215456923567],[127.90305707183144,34.971831179055975],[127.90316762722853,34.97168989074514],[127.9031890387445,34.97128618790297],[127.90334668639267,34.97102796853592],[127.90326749423932,34.97087211947209],[127.90303829128972,34.971018977711616],[127.90294992702891,34.970815641647825],[127.90332874256781,34.97045069851066],[127.90374175246478,34.97032322126499],[127.90404649893772,34.970383001281235],[127.90416256000054,34.9705377190025],[127.90453778821802,34.970785409594214],[127.90471344601801,34.97083908295942],[127.90462023087609,34.97112507224527],[127.90476033369993,34.97180990118391],[127.90458283070471,34.97200298543894],[127.90438740675346,34.97246642763235],[127.90526824567601,34.97316862156744],[127.90600516297664,34.97357100353616],[127.90657851386213,34.973766065892825],[127.90905092853104,34.97423780682667],[127.90919317524161,34.97417839797131],[127.90937228443944,34.97394300373093],[127.90906361470786,34.973599052562996],[127.90857006618508,34.973399231093666],[127.90860495415104,34.97330601444266],[127.90912906601696,34.97351690085932],[127.90945196095572,34.97378468892216],[127.90977241329541,34.97375012819747],[127.91076457053131,34.97268784290812],[127.91113805189592,34.97246359849871],[127.91108420665715,34.97141120005776],[127.91046756459298,34.97073817355499],[127.91030756756815,34.97069792941997],[127.9103487757792,34.9705606156091],[127.91052245098103,34.97059413245822],[127.911246370664,34.97137703051575],[127.91128135091911,34.97240873922512],[127.91188300964848,34.97240691736279],[127.91177038910833,34.97271633106564],[127.91185317845282,34.972764345712605],[127.91181123158984,34.97286738734129],[127.9117184526625,34.972867606350746],[127.91150606002911,34.973823160807896],[127.91051581178785,34.97479304062373],[127.91040805584262,34.975000554348014],[127.9104690665156,34.97555316425409],[127.91082408186777,34.97601181129847],[127.91059818986419,34.97618079576705],[127.9101885594646,34.97615725878866],[127.91013399183186,34.976245215742196],[127.91078888931023,34.97698432311122],[127.9102033591491,34.97727801886735],[127.91004390243539,34.97747882656634],[127.91048497979212,34.97815642459846],[127.91056916805256,34.97816416725711],[127.91050073733041,34.97819988656829],[127.9106592717264,34.978649759418325],[127.91052261622653,34.97884780070343],[127.91049466591548,34.97907505053787],[127.91069245668267,34.979471989217636],[127.91083112613143,34.979591297241065],[127.91075502931639,34.979481714731875],[127.9108174318017,34.979446399817704],[127.91100846387238,34.979717426630955],[127.9109702154822,34.98000947069307],[127.91084186399931,34.980141659943556],[127.90987417673585,34.9805785973375],[127.90991608018903,34.98088681366938],[127.90972015037138,34.98128880472054],[127.90980446512627,34.98143433588697],[127.9099375418969,34.9813825110031],[127.9099758038093,34.981442704549906],[127.90973406280176,34.981677289135924],[127.90890719173137,34.98206508570675],[127.9076362270628,34.98239017267756],[127.90733341114554,34.98256425064143],[127.90726102708992,34.982840784433066],[127.90747058191263,34.98318684954931],[127.9077209917954,34.98335369178197],[127.90889759136898,34.98374120244258],[127.9089697547312,34.98369093544914],[127.90903372802245,34.984085669750236],[127.90896921093368,34.98438778825003],[127.90906722249007,34.98449417072299],[127.90979709612384,34.98438758127926],[127.91061971888608,34.98413567066454],[127.91104137136722,34.98426118350286],[127.91124739275962,34.9845316999539],[127.91136587843616,34.984411976943505],[127.91142158407351,34.98446090769697],[127.91128713924647,34.98457343123715],[127.91156673294337,34.98472910407129],[127.91416940542877,34.98505592245057],[127.91438824999656,34.984737225541586],[127.9150079996509,34.98451552201516],[127.91567999565113,34.983740002494],[127.91573805843817,34.98358138720246],[127.91560522026505,34.98332806571739],[127.91578611314795,34.982872224480126],[127.91591610567532,34.98264388830587],[127.91624638998246,34.98239194874574],[127.91627972335603,34.982074170903545],[127.91648082832445,34.98182389084587],[127.91730527982538,34.98143471836378],[127.91764611276001,34.981390005162304],[127.9181486080378,34.981538334969656],[127.91880583434393,34.98157277965354],[127.91890833710772,34.98176666776337],[127.91859332878818,34.98225972554202],[127.91802082987205,34.98224694810663],[127.9178716680639,34.98230360828555],[127.91771805708377,34.98269278071756],[127.91754750064405,34.98282944329338],[127.91759222034241,34.98315277824069],[127.91819361115817,34.983618337311],[127.9181500041174,34.9838255536583],[127.91768667104051,34.98424555948608],[127.9172827806895,34.98485222465698],[127.91684999631347,34.98495721997848],[127.91666055854549,34.98512000002179],[127.91698278206594,34.98548610864772],[127.9176066620113,34.98580555579101],[127.91772832980574,34.98579499991994],[127.91812694349105,34.98604277714914],[127.91812500153198,34.98637111563239],[127.91803861479706,34.98650472692819],[127.91772833256036,34.98663527990007],[127.91733166491117,34.98660916442574],[127.91688784914109,34.98681105617412],[127.91686926370441,34.986975025273466],[127.91741107052893,34.98748414885971],[127.9170839280842,34.98798186459092],[127.91703520685257,34.98838505368538],[127.91746708129736,34.988631715052826],[127.91822065816092,34.988588792279984],[127.91865267843295,34.988528531711076],[127.91871544715883,34.988459032053974],[127.91877105583055,34.988510330379704],[127.92034774797713,34.988521921999386],[127.920409606181,34.98833311753744],[127.92078219632161,34.98834234287687],[127.92126664543032,34.98822078054997],[127.92171590015674,34.988398955247426],[127.92194029916175,34.98833523884283],[127.92214250361098,34.98857382190712],[127.92212568331264,34.98866003688977],[127.92297050410565,34.988886587927055],[127.92326701925573,34.98903412751785],[127.92352351574114,34.989044065613065],[127.92361457864475,34.989131325547156],[127.92353218685606,34.98936947504894],[127.92331256066757,34.98939898838247],[127.922831647204,34.98898683620522],[127.922193791243,34.98880318533477],[127.92210918905856,34.9888524645782],[127.92182533587186,34.98931825343344],[127.92252095915715,34.989596785268226],[127.9222676380334,34.99000279187497],[127.92272217055097,34.9900762761575],[127.92311840153411,34.98994774286602],[127.92319713591192,34.99004501206206],[127.92296000732384,34.990181980859525],[127.92268148450674,34.99021897975024],[127.92222662571744,34.99014867958678],[127.92184782450293,34.98987443808577],[127.92126345326139,34.99000723434849],[127.92101251084325,34.989961420960555],[127.9206002656216,34.99001582506164],[127.92018263122269,34.989888215415384],[127.91925658320253,34.98987018269052],[127.91880552892232,34.98969097627054],[127.91851232476759,34.989340353916845],[127.91837954855617,34.989290324155185],[127.9176750482353,34.989281726062345],[127.91700443932785,34.98972138562233],[127.91667222796909,34.989738892738835],[127.91637471792401,34.98986305467678],[127.91624722703462,34.99003860744662],[127.9159463888373,34.9901983343502],[127.91558416575756,34.990655560836785],[127.91631696259958,34.99086511993524],[127.91632610805256,34.9910833387561],[127.91593111404931,34.99130277686133],[127.91550888438516,34.991395835541674],[127.91507222895649,34.99164444666466],[127.91464139324545,34.99241638746759],[127.91442666822086,34.99257638905314],[127.91455638755711,34.99276389253949],[127.91503805411661,34.99274639072323],[127.91524889180549,34.99259638629431],[127.9155077835808,34.99270055830173],[127.91568860836847,34.99291528312305],[127.91566027818162,34.993473338899776],[127.915797779815,34.99357638925277],[127.91598194705828,34.99358555392746],[127.91647583023786,34.99331556057737],[127.91670916648269,34.99330138714135],[127.91697944425104,34.993404722471666],[127.91718833112574,34.99336083509203],[127.91730777826612,34.99320222384868],[127.91726749714715,34.99297194687124],[127.91737027769766,34.99283138970682],[127.91719694654792,34.99229027867141],[127.91740500316183,34.99186305541973],[127.91801639064171,34.99206166864676],[127.91844305714685,34.99203527753222],[127.91866194654759,34.99209389417462],[127.91881527693525,34.99269583203773],[127.91879749811088,34.99294944285322],[127.9191227804073,34.993308338772],[127.91953250158883,34.9935858335074],[127.91956527835244,34.993793886168525],[127.91935249656936,34.99424666556725],[127.91927499911745,34.9943402801143],[127.91909083166462,34.994317500613796],[127.91880027579792,34.99443972284199],[127.91862749894595,34.994604164295104],[127.91855611046817,34.99486028091775],[127.91842917189784,34.994913059796666],[127.91826499799564,34.99490055666336],[127.91810777494847,34.99477583619738],[127.91785222307335,34.99425166361508],[127.91751472161017,34.99434055474348],[127.91716834011395,34.994640831717525],[127.91665749976556,34.994619443837315],[127.9164291671366,34.9947144479339],[127.91629583450747,34.99497971913478],[127.91633916225484,34.99531944231891],[127.91627111327166,34.99557027729603],[127.9164438880592,34.99615277375998],[127.91679222613128,34.996385557322505],[127.91680888708154,34.996511385235905],[127.91669028208057,34.99672527759113],[127.91627104844002,34.997040496666344],[127.91823037409802,35.00003077793326],[127.91849987222746,35.000115508651206],[127.91931305490824,34.99981250114287],[127.91938120072511,35.000187700748356],[127.91980727789019,35.00055227503894],[127.91984481772214,35.00050074356966],[127.92031756387719,35.000727483929936],[127.92222629329478,35.00087190708982],[127.92270865306246,35.00111689545773],[127.92266378331276,35.00116650286941],[127.92219883785663,35.00093494733227],[127.92045498778867,35.00080303065994],[127.92043439848175,35.00102817789552],[127.91994018579325,35.00153097943055],[127.92008431128319,35.0017459621974],[127.92001400133755,35.00177936861716],[127.91977075526921,35.00142311189046],[127.9192108817302,35.001831182925415],[127.91872472831646,35.00201052977984],[127.9186258484879,35.00215401682358],[127.91888678604568,35.00296029617508],[127.91908147448602,35.003152144704174],[127.91956124593179,35.00306469540715],[127.91987407588681,35.00312036267777],[127.91980985021239,35.00331016745159],[127.91947753091509,35.0034854909663],[127.91944794600562,35.00370304666455],[127.91960403827817,35.00429239173203],[127.92110607215007,35.00502553462016],[127.92144215467351,35.00484110232314],[127.92153286814035,35.004614076724074],[127.92147761035419,35.00441058558241],[127.92155538954279,35.004341502287176],[127.92173450220044,35.00464201095463],[127.92219125468768,35.00508477837813],[127.9221550078319,35.00550759359559],[127.92165822582528,35.00602006652792],[127.92188339682359,35.006573628313234],[127.92210248492042,35.00679560595449],[127.9220893212135,35.00698140006122],[127.92189027121375,35.00714284610243],[127.92137080136368,35.00717318228701],[127.92118760290096,35.007255161786574],[127.92102373088761,35.00757085680393],[127.92092481241679,35.00815081864227],[127.92066671769689,35.00816076589324],[127.9201734165884,35.00845913434768],[127.91983751962549,35.00885878483244],[127.91960602325639,35.00900698825222],[127.9187864850075,35.00931531630759],[127.91840487079799,35.00960006282643],[127.91808229152902,35.00968487694942],[127.91771324909732,35.00993199550083],[127.91811795353448,35.01048599110315],[127.92189016813143,35.01417351797804],[127.92219098062795,35.01444301190525],[127.92253434279543,35.01445868036313],[127.92253313865017,35.01505011083278],[127.92281266803552,35.015418708322045],[127.92277142790633,35.0156206950832],[127.92419272310161,35.01802363669084],[127.9241332687682,35.0180020531974],[127.92379247665784,35.01850656214147],[127.92319289271161,35.018555876265815],[127.92216348334695,35.02045863153538],[127.92163595352254,35.02093428264555],[127.92142894774118,35.02181230268896],[127.92054052176822,35.02282532849665],[127.92050821285407,35.02318787374657],[127.92071705258621,35.02336711948219],[127.92174674366441,35.023582637550646],[127.92189086778933,35.02368017834213],[127.92186192535907,35.02383614877822],[127.92141122394428,35.02420804885549],[127.92070458536739,35.024427282408546],[127.92043619168417,35.0247023823994],[127.92112647222963,35.02540155636261],[127.92090306922347,35.02566294096847],[127.91976460774504,35.0254682019856],[127.92019914060124,35.026111126347125],[127.92101351924812,35.02664152126797],[127.92214661800732,35.02664658600188],[127.92319326938305,35.026406212534084],[127.92312566009804,35.027095192779356],[127.92350114475565,35.027377919433555],[127.92419093378697,35.02759608097956],[127.92449530032293,35.027962672452965],[127.92509685770395,35.02930413920253],[127.92514996033081,35.02953790914401],[127.92321321917726,35.03109474779753],[127.92363869937658,35.03147088464721],[127.92387239813608,35.03189901835714],[127.92295088105405,35.03311130161464],[127.92322699110606,35.0338049258516],[127.9241005965709,35.034062322551044],[127.92471006055894,35.03522325371026],[127.92436615086726,35.03748645811052],[127.92326268101777,35.038011490725175],[127.92390396972564,35.04037995928749],[127.92377991291637,35.04093684459298],[127.92391950010602,35.041829896989476],[127.9270436846675,35.04271222119299],[127.92697837087832,35.04304022601075],[127.9276019403554,35.044630319277],[127.92812963658184,35.04521129976882],[127.92896238683839,35.04551993265847],[127.92942565124865,35.04582839652113],[127.93031964238436,35.0458908044745],[127.93036075502339,35.04629457353123],[127.93087187818806,35.04695023487051],[127.93118359061593,35.047735384063095],[127.93086563732656,35.04842446379378],[127.93073674985372,35.049040239119655],[127.9299491116919,35.04957406971364],[127.92984713441776,35.04993139094157],[127.92957819751247,35.050111370799584],[127.92944877684535,35.05038964598207],[127.92860538033861,35.05051294252273],[127.92830206574337,35.050458323009174],[127.92747596537043,35.050769272377416],[127.92729153017156,35.051040070802564],[127.92678471680397,35.05239694259933],[127.92676919319155,35.05270286326517],[127.92593119678756,35.05317843089995],[127.92472806884244,35.05371050067158],[127.9244662910235,35.054194813249886],[127.92447284383128,35.05463679373243],[127.92351280564091,35.05645309020157],[127.92392768416536,35.05663489729821],[127.92432210718515,35.05701491824975],[127.92418077900628,35.05737794110777],[127.92375822879491,35.05798449485412],[127.92365986950963,35.05832078944899],[127.92365190439975,35.05911369496857],[127.92295679293726,35.06026195395727],[127.92256275459592,35.061122238174725],[127.92226737500351,35.06206347547273],[127.92159086428616,35.062850098047655],[127.92045328884453,35.063798998082085],[127.92038567794043,35.0641740674286],[127.92019103066274,35.06434234934425],[127.9197895880647,35.06419937476497],[127.91934955334304,35.0636875242019],[127.91888820230884,35.06355702259702],[127.9152588477633,35.0640812677434],[127.91487989553393,35.064378776233205],[127.91446751963694,35.064531041245544],[127.91420766031187,35.06587065172276],[127.91419386519331,35.06645331136685],[127.91344379480546,35.06713975575404],[127.9137587053994,35.069218006071694],[127.9126442148856,35.06990072122242],[127.91220931530201,35.07052702383034],[127.91204077740889,35.07214948157066],[127.91170831548035,35.07344905180926],[127.90984667342704,35.073374742828236],[127.90831872367288,35.07342146427736],[127.9084821424983,35.07410958687581],[127.9079746949982,35.0754445172685],[127.90746560865118,35.0771366096132],[127.90631810228237,35.078820349396366],[127.9047265227712,35.0793496491548],[127.90343516982101,35.07962054679848],[127.90295999263519,35.079390257129376],[127.90200531019342,35.07964951534012],[127.90021314832975,35.079321395309414],[127.89864857511893,35.07885287051702],[127.8977201201701,35.07912095754237],[127.89677925803942,35.08033123627713],[127.89622689939328,35.08122115634698],[127.89578522526035,35.08234367496684],[127.89458463931027,35.08438732769755],[127.89351369674422,35.08656627491596],[127.89748947962144,35.086867515318374],[127.90016090826055,35.08770753154877],[127.90110778740383,35.087341646083175],[127.90228250443687,35.08761185880592],[127.90252589371322,35.08846604906107],[127.90259830418678,35.08922619587902],[127.90278566124526,35.08979697404099],[127.90258176151637,35.09026623340304],[127.90249055918592,35.0913262050083],[127.90234305521795,35.09140991635062],[127.90213254417287,35.09174232968397],[127.90165565213492,35.09290684242628],[127.9019901795938,35.09310557182091],[127.90224545368923,35.09478101849971],[127.9018721563723,35.09526678244866],[127.9031409277532,35.095635270451496],[127.90428972508647,35.09619099828089],[127.90505647490734,35.09637248070095],[127.9064359400162,35.097232909802976],[127.90712699256757,35.09696440843156],[127.90766422334957,35.096996412478035],[127.90861800639446,35.09737993233502],[127.90931653973222,35.09812909631975],[127.90893135301414,35.0988392124089],[127.9081957078857,35.09926096664135],[127.90718707654543,35.10054390646622],[127.90621395439268,35.10102915347862],[127.90546338778631,35.10126682762327],[127.9045503785924,35.10192790329261],[127.90406769023943,35.10294360310013],[127.9029758460506,35.10359574416533],[127.90297584622496,35.104224480003495],[127.90272535046232,35.104405344572534],[127.90162368532667,35.104748589047375],[127.90058229414176,35.10614800846236],[127.90004322207498,35.10649200054692],[127.8999695138994,35.10713543575037],[127.8993596904286,35.10739764307094],[127.89955013099203,35.10818955947426],[127.89983304687263,35.1088333063806],[127.89968617681369,35.10967369094785],[127.90078835412433,35.11119719277556],[127.90099698185003,35.11115775413143],[127.90189908018952,35.11131460205732],[127.90271178970151,35.11154331155354],[127.90423296827011,35.11307340853281],[127.90477087489828,35.11325463205181],[127.90579835719673,35.11389892725488],[127.90611084901872,35.11370799306783],[127.90611970582628,35.11293631508087],[127.90684814426604,35.113201513681005],[127.90641464967351,35.11416755517626],[127.90607196440354,35.11435607187878],[127.90724736967982,35.11538813387945],[127.90776391956547,35.11603872265336],[127.90929517037343,35.11668963655101],[127.91001384625599,35.11708632299141],[127.91085476663172,35.11835804788206],[127.91050200160802,35.12065852236473],[127.90654751975026,35.121469562718616],[127.90625810090717,35.12167715284047],[127.90577369038304,35.122788312718576],[127.90563106848957,35.123354324261804],[127.90534838020777,35.12339459570125],[127.9048798712646,35.12380467596667],[127.90418020217457,35.12404419543515],[127.90294871775866,35.12413937467268],[127.90301621008146,35.12460442235622],[127.90202088262912,35.12551137724447],[127.90008370956826,35.125879055029756],[127.89903076082368,35.12642601138128],[127.89808203557624,35.12607257560439],[127.89732306433169,35.12604374933388],[127.89635430114545,35.12610991523081],[127.89555799164104,35.12639255242058],[127.89454334305812,35.127912958532455],[127.89344026107804,35.12834753122046],[127.89238393494303,35.129108301220114],[127.8923740904756,35.1299057021901],[127.89136804014557,35.13064538963218],[127.89110688717632,35.13075812318769],[127.89108505108568,35.131011978439204],[127.89034541179677,35.130989232039006],[127.88864651445546,35.130444157212104],[127.88795292056626,35.13059162447459],[127.88701159245275,35.1305579377204],[127.88640426292123,35.130342586822195],[127.885437654751,35.1304563109167],[127.88503710955858,35.13115352984665],[127.88521743282105,35.1319068378552],[127.88442887683225,35.133180700278984],[127.88460754451896,35.1335695454671],[127.88512690244593,35.13411102392658],[127.88512535405802,35.134281040418756],[127.88423579342782,35.1348117076445],[127.88332740208214,35.135824186485756],[127.8823231931609,35.13655266561658],[127.88221421132398,35.13686479966678],[127.88239787196208,35.13796366380749],[127.88140586230615,35.138669701660625],[127.88092672689922,35.13932210386651],[127.88066872131871,35.140572206805814],[127.88112053300866,35.14220625842286],[127.88125282479129,35.14236872829098],[127.88072213708915,35.14338227373513],[127.87896450163943,35.14564337691474],[127.87960713786528,35.14604661448226],[127.87983568575193,35.14674978110037],[127.87970736868674,35.146894219699966],[127.87979146279228,35.147130624016654],[127.87985704579636,35.14712700995647],[127.87995777405314,35.14738872725564],[127.88013625064438,35.14749106583259],[127.88025405392702,35.1474719495418],[127.88018183841729,35.14779347898891],[127.87978312417872,35.14810618362248],[127.88003289500476,35.148523745927214],[127.88004029095312,35.14871047157201],[127.88035501377556,35.14871315584162],[127.88085231375854,35.1484882010422],[127.88134679379567,35.148007651053234],[127.88181863978832,35.14792110453862],[127.88258734427575,35.14764154306229],[127.88315893001248,35.147862832169054],[127.8844256150305,35.14774720760885],[127.88451168347905,35.14785318001891],[127.88447678080676,35.14802728032955],[127.88459925240086,35.148119349932585],[127.884786818429,35.1485502107198],[127.88461648399347,35.14968071588186],[127.88519893290224,35.15024511194796],[127.88703193119639,35.15062930938403],[127.88827005506813,35.150988225262104],[127.89124059186568,35.15154799803304],[127.89244992325172,35.15226165333056],[127.89356702729114,35.15267071563443],[127.89374648626604,35.15256585113514],[127.89442793072152,35.15261816318488],[127.8947107973812,35.15242183696252],[127.8950988886357,35.15265771387754],[127.89651752294186,35.15279868296782],[127.89654690628866,35.15303470964417],[127.89616780922934,35.153667117107325],[127.89632343196426,35.15421579881646],[127.89620625560809,35.154849172523356],[127.89639063188882,35.15643098492665],[127.8970074446429,35.156317791277104],[127.89764644672637,35.156294696624244],[127.89819056614446,35.15660611433751],[127.89853395452968,35.15664798259095],[127.89857300690973,35.15673041500603],[127.89885960959545,35.15668906605003],[127.89947340032343,35.15624907263142],[127.899596886854,35.156016411084245],[127.90010666096549,35.15586671965824],[127.90008822933285,35.155730513582554],[127.90028267372601,35.15544771435972],[127.90129269839856,35.15520343180455],[127.9021855525212,35.15482183998468],[127.90309019600564,35.154867955434085],[127.90358402991241,35.15403216512945],[127.90432135156044,35.15323203838119],[127.90496819940644,35.15230892540052],[127.90575759009742,35.15210831677936],[127.9068015595073,35.1507250803613],[127.90705772475823,35.15007730155225],[127.90746032155585,35.1496891040139],[127.90965905109256,35.14839966014497],[127.91107987017709,35.148628246103065],[127.9115278094304,35.150004456238555],[127.91237346404372,35.15082260059073],[127.91298874767106,35.15098062409931],[127.9134506879161,35.15056783479718],[127.91428907894627,35.15003074536905],[127.91648033047322,35.15001922612771],[127.91862744406605,35.14987768264466],[127.92035490529732,35.150051797689265],[127.9214412042927,35.15032560409502],[127.92182602784672,35.15004514860354],[127.92297005106273,35.14961584384203],[127.9237286016817,35.14909149094295],[127.92409712771514,35.14866915910664],[127.92455635710935,35.148405145039476],[127.92521989605154,35.14822336647218],[127.92640203714986,35.148244534157286],[127.92665930838177,35.1479968169004],[127.92722292894123,35.147733022054055],[127.92724366424616,35.14715904065213],[127.9271192873555,35.14646577089077],[127.9271807285117,35.14627217816328],[127.92764440050422,35.145851206033306],[127.92866545395538,35.145446863965255],[127.92925989765276,35.14541033397044],[127.92988759571529,35.14476172411689],[127.93154096054226,35.145471595258314],[127.93166826587411,35.146154644435484],[127.931638285791,35.146679251012024],[127.93120716032792,35.14712472123931],[127.93103450398797,35.14795654226492],[127.93144978216158,35.14945587775066],[127.93183903351401,35.14972491487678],[127.93260198261856,35.14979292551988],[127.93306707984057,35.14974156528115],[127.93337077050843,35.14984751281743],[127.9338906860752,35.1498184835436],[127.93444966412034,35.1500891171364],[127.93500223052176,35.150995233459426],[127.93590935794253,35.151395295040494],[127.93660267027205,35.15134508734007],[127.9369681448031,35.15145590143014],[127.93738434873626,35.15164497488825],[127.93794112739481,35.1521841914587],[127.9386144705321,35.15258743446303],[127.93802623112425,35.15391544576789],[127.93837551023897,35.15497695494906],[127.9380602788452,35.15607617477011],[127.93792423876825,35.15758944148186],[127.9375680798857,35.15871679847075],[127.9371926815277,35.16217164864043],[127.93766863320678,35.16305085489087],[127.93806841929509,35.16412304817473],[127.93867830652557,35.16491813745464],[127.93925366242958,35.16594032548205],[127.93783235189345,35.16767836144542],[127.93682140366371,35.168511575434536],[127.93607981956782,35.16939762923992],[127.9337612181379,35.17165122778643],[127.9305995201664,35.1731234636743],[127.928390406008,35.175306681810646],[127.92808417187668,35.17585113819442],[127.92805429885425,35.17623297162009],[127.92714302624381,35.176793877748956],[127.92507769101839,35.17831880123899],[127.92301168925755,35.17874887980368],[127.91956642208164,35.179929075999816],[127.91749521297416,35.179943452008885],[127.91515788062864,35.182125816954915],[127.91203739878823,35.18218571870475],[127.91006548420613,35.183737978166654],[127.90825252732071,35.18428684497151],[127.9061965021191,35.186259935887854],[127.90430679533512,35.18788254652206],[127.90269253562664,35.18955179507858],[127.90208998217251,35.18982790563323],[127.89847245265713,35.19340019396694],[127.89714157119035,35.194095647351396],[127.89484605129213,35.19697227588373],[127.89370613110756,35.1994461011786],[127.89443086841693,35.20231532964089],[127.89469498400888,35.20371062115424],[127.89493625396898,35.20411806226717],[127.89518342865809,35.20572068813743],[127.89453474703082,35.20789382869941],[127.89309631000056,35.20930676984783],[127.89184494362388,35.21086533970584],[127.8903423062244,35.21186032387461],[127.88957892214944,35.21287967372425],[127.88795979705833,35.21646995700197],[127.88781746744873,35.21847502355635],[127.8882131970649,35.22007743848697],[127.88951553850127,35.223694561881416],[127.88997438567081,35.22565840719372],[127.88985555732407,35.22753146548498],[127.89026621258333,35.227862484786264],[127.89019551491177,35.22983553426117],[127.88992697843503,35.2312042484072],[127.89021084514722,35.23300179375102],[127.88782471135966,35.23761711884006],[127.88808928457614,35.238428177459326],[127.88917018361938,35.24005717066213],[127.88970173700474,35.2420215783433],[127.89155537098867,35.24615444152227],[127.89275597013642,35.249143517513424],[127.89315029405347,35.25033383340921],[127.89311342614873,35.25044061342964],[127.89245806306056,35.2504110629196],[127.89246364762572,35.25025995329768],[127.89190848515227,35.25027692622899],[127.89194877649503,35.2510704303345],[127.89117519833236,35.25088863943411],[127.89002965717137,35.2508912214507],[127.88951316599454,35.25074131824977],[127.88873584514083,35.25034271184017],[127.88780575384027,35.25037866928117],[127.88695166915943,35.249950494327564],[127.88652188611505,35.24939124299146],[127.88652135651664,35.24925048028175],[127.88551291391835,35.24980905400685],[127.88443030187932,35.25054390105758],[127.88295372609832,35.25072316525547],[127.88265631727914,35.250545830010026],[127.8822709562845,35.25044474642276],[127.88147840616493,35.250694173391935],[127.88049783023068,35.251284938048364],[127.87729875572624,35.25117310297315],[127.87578745427358,35.25132384293475],[127.87447907534838,35.25094856333652],[127.87441610887333,35.25123535547569],[127.87467270460559,35.2524221310535],[127.87467562347958,35.25365729315747],[127.87478072861417,35.25394936009313],[127.87540714417985,35.254724237273244],[127.87581327686415,35.25663669955526],[127.8755569139272,35.25721141807964],[127.87497151818341,35.257702098767915],[127.87406286080824,35.25804283548205],[127.87329661918064,35.258693021191725],[127.87235460060742,35.25888278182381],[127.87151241677951,35.25936677950271],[127.87027046123487,35.25960793236881],[127.86917232386025,35.26002553455325],[127.8686494125048,35.2599215921115],[127.86777165526462,35.25946837569881],[127.86516850440688,35.25858395762267],[127.86412208761334,35.256046043701765],[127.8638727802826,35.25487628246792],[127.8634002409663,35.25409218817608],[127.86272121736614,35.25408085316034],[127.86117554359046,35.253808112355436],[127.86085605304044,35.25355405290937],[127.86023647318217,35.252790244307974],[127.85992087542584,35.25261079186993],[127.85989280999816,35.25211426916639],[127.8593410942081,35.250951215245706],[127.85677665974552,35.24892186103383],[127.85676101961448,35.248098442013934],[127.85705107216835,35.247470165697095],[127.85654493764804,35.24665081469761],[127.85799550105631,35.24519778934995],[127.85755001775472,35.244360697661406],[127.85777675495592,35.24248236762638],[127.85596610684006,35.24102300031742],[127.85583311372406,35.24034179001394],[127.85511542102228,35.239491841250405],[127.85307578060953,35.23840405372938],[127.85302673187364,35.237579759900186],[127.85233760962583,35.2374309679756],[127.85195361471872,35.23717050561875],[127.85179928573258,35.23691926008738],[127.85128488404128,35.23663452196746],[127.85073331370802,35.23600826373485],[127.8485144763426,35.23552424991153],[127.8471702616556,35.23548332706967],[127.84638023460695,35.23440300422888],[127.84563321110568,35.23375013934141],[127.84546675530484,35.2333503247615],[127.8457004712893,35.23308526439449],[127.84521290793744,35.23274334925],[127.8451442498713,35.232397976005565],[127.84529687154637,35.231433880566],[127.84562486776036,35.2312461889268],[127.84564918162718,35.230769277581274],[127.8447058974537,35.22839505469592],[127.8432414504053,35.2275722057999],[127.84163341748831,35.22820603640831],[127.84101566360633,35.22833092589143],[127.84019659165475,35.22866554030404],[127.8381024419202,35.22894786659251],[127.8375560084053,35.229237150819905],[127.83533984354415,35.22962822388332],[127.83488357074985,35.22927323338945],[127.83463905686646,35.228626864221184],[127.83385401618801,35.22792306361332],[127.83374721518007,35.22714797289325],[127.83284562342618,35.22614988614125],[127.83236021326526,35.225455623551774],[127.83184682504105,35.22573975991748],[127.83157907760513,35.22568831370477],[127.83109503304387,35.225226810280645],[127.82973924070758,35.2245685408256],[127.82880216916992,35.224463584671796],[127.8282416915412,35.224312583062726],[127.82789426031319,35.223297488798664],[127.82654872096495,35.22248559132255],[127.82597554671466,35.22246850319958],[127.82427726284723,35.22209710865744],[127.82356040302082,35.2222071449233],[127.82305313896158,35.222016513756564],[127.82235481281919,35.221984395343405],[127.82153897991202,35.222466389903985],[127.81985642403359,35.22227647893219],[127.81902451355727,35.222340642048536],[127.81787073632132,35.22207674852057],[127.81506775241105,35.22174080436588],[127.8142392633523,35.22181643958504],[127.81325716029257,35.22147539317028],[127.81276964393658,35.221079013670604],[127.81198725468523,35.22117429690694],[127.81016396005569,35.22117676106203],[127.8092997493333,35.22110042172583],[127.8083358226028,35.2211472508967],[127.80644504991118,35.22073834055311],[127.80558543805876,35.220418678887384],[127.8042225530354,35.220628076595325],[127.80344020342628,35.22039136632204],[127.80264252884393,35.22026775072954],[127.8017674239653,35.21999446458567],[127.80123296604962,35.219518032361705],[127.80040534544247,35.21932761399123],[127.79957161032068,35.21927618703214],[127.79806001134423,35.21975359568407],[127.79660169237899,35.2196594583553],[127.79491713192502,35.21997446619612],[127.79364508590648,35.220694360597015],[127.79332597448936,35.22047241971067],[127.79097526860777,35.22001249041982],[127.78994307910443,35.22060662130238],[127.78899194687868,35.2208345225342],[127.78776953031897,35.220467226714774],[127.78606690097013,35.22036036632627],[127.78447532255208,35.220723008011426],[127.78269321292338,35.220963740988736],[127.78195848108042,35.22031485887696],[127.78190905474699,35.2189486559083],[127.78015688400049,35.21962219806613],[127.77607132911764,35.21948702265055],[127.77344210822584,35.221432436999905],[127.77249953256843,35.222966711426174],[127.7707096410325,35.22313118330578],[127.76974499615667,35.223481689630674],[127.7682978042273,35.2233414890507],[127.7672867952272,35.22439810467253],[127.76608651144984,35.22628073735035],[127.7654591470274,35.2275163001334],[127.76340694340145,35.228167702816336],[127.76107802743596,35.2282418828721],[127.76025506348253,35.22856585203675],[127.76008830226682,35.22946408509444],[127.75778178632336,35.23150844238678],[127.75640697189746,35.232090165128135],[127.7556804450694,35.23350394823277],[127.75426466763774,35.23469267334449],[127.75283980454705,35.23685235050979],[127.75288670902104,35.237736346238485],[127.7536207408343,35.23912218371389],[127.75169400572189,35.24084848837925],[127.75011579399253,35.24541195290248],[127.7506069897233,35.24679525619767],[127.74949284211375,35.24832043316216],[127.74889875789474,35.24941071133019],[127.74761608745648,35.25040448486007],[127.74581086164461,35.25136386666905],[127.74344984083481,35.25323612024271],[127.73759338000531,35.25549623394492],[127.73644688921651,35.255617940812364],[127.73385026790156,35.25487603874388],[127.73242323061541,35.25518257016159],[127.73174185255792,35.25589167458432],[127.73044236271261,35.256595524629574],[127.72917297227613,35.25692464591375],[127.72811635450604,35.257022612471395],[127.72649543292219,35.25754274989619],[127.72572980995919,35.25827015451694],[127.72414917379582,35.2587749591633],[127.72086924494943,35.25930507112658],[127.71807661893537,35.259592152935035],[127.71665865436152,35.260031840420446],[127.71605846576952,35.260510217536584],[127.71584216618916,35.26090666764695],[127.71082607871186,35.26269498797622],[127.70847388957156,35.26337149399462],[127.70569269613361,35.26433208231186],[127.70480183829791,35.264863659435385],[127.70369979874661,35.268210778358124],[127.70265672935852,35.27034065155539],[127.70264035576524,35.27133058174608],[127.7021991141231,35.271977694066955],[127.70149884469227,35.27257036064161],[127.70036110125912,35.27476214049564],[127.69567284630588,35.27704488013911],[127.69506579795778,35.27772854734228],[127.69335691278732,35.28094016247227],[127.69264737296702,35.281699159325385],[127.69105252254947,35.28270434878002],[127.69032350535113,35.28354396738652],[127.69028679814252,35.284223613107514],[127.69205717378834,35.28651012862148],[127.6927823972811,35.2877435082249],[127.6915246638879,35.28910861606761],[127.68904927079879,35.292796510171286],[127.68860075736967,35.294102511291726],[127.68957652784994,35.29593288199716],[127.68894437180852,35.29767936244101],[127.68906319305628,35.299236351531256],[127.68824322765613,35.30243872940135],[127.68868821243139,35.30378853872594],[127.68880967309244,35.30586224161068],[127.68872016077518,35.30726594635623],[127.68840522676558,35.3083929414302],[127.68790574357679,35.30966644507431],[127.68819605625848,35.310948640339284],[127.68869319853312,35.31242201785948],[127.68863208470917,35.3135114627938],[127.68838754326495,35.31498116612224],[127.6885315370141,35.317462888888734],[127.6888395383206,35.31929758132401],[127.68567126014467,35.321822441551646],[127.6839300071487,35.32273635894125],[127.6826706506998,35.3228287242811],[127.67943126831466,35.3215537058652],[127.67785299531434,35.3213859960481],[127.6760619141037,35.32163585117195],[127.67330627526331,35.322352122401355],[127.66917805480536,35.321340097930985],[127.66789241857276,35.3207007793431],[127.66603061837029,35.32034410398652],[127.66461468637306,35.32064731790167],[127.66333581432396,35.321308847727344],[127.66184962684858,35.323003855943554],[127.66081267574658,35.3257936976187],[127.65923202872764,35.32779337964143],[127.65811955636804,35.328734843083645],[127.65636997369215,35.328229901216694],[127.65367744690555,35.32819580341891],[127.65184734406307,35.32804535432319],[127.64926950965433,35.32734468201861],[127.64646718293139,35.32643896504267],[127.64309463398394,35.326115594609846],[127.64129061737722,35.324855440999876],[127.64019707082903,35.32468432971918],[127.6355846845753,35.32644265042617]]]]}}
