{"type":"Feature","bbox":[126.16769235321365,33.11250006858399,126.9478847697652,33.483081068110735],"properties":{"regionCode":"50130","version":"vworld-20260909-3f8952dfda77-p3","name":"제주특별자치도 서귀포시","attribution":"국토교통부/K-Geo플랫폼 · VWorld 법정구역정보, CC BY 2.0 KR; 두꺼비집 가공"},"geometry":{"type":"MultiPolygon","coordinates":[[[[126.26845973942439,33.11250006858399],[126.26851608640844,33.11257848245369],[126.26841961985178,33.112764552877884],[126.26820175676754,33.11275813506673],[126.2681491603805,33.11264061227581],[126.26845973942439,33.11250006858399]]],[[[126.264673081519,33.11577167219376],[126.26457451364111,33.115732726149],[126.26457320414181,33.115601882855316],[126.26477010473563,33.115689898570714],[126.26495126480995,33.11562374157796],[126.26495525115783,33.115693091259295],[126.264673081519,33.11577167219376]]],[[[126.26486946830879,33.116255770507316],[126.26478015012584,33.11638873057334],[126.26473696501085,33.116245522409564],[126.26460620720052,33.11619427684792],[126.26466790585721,33.11616387729638],[126.26486946830879,33.116255770507316]]],[[[126.26467073441792,33.11690975842723],[126.26456447925844,33.117020401557845],[126.26442830705102,33.116914179644716],[126.26453423643103,33.116782102504054],[126.26483370591102,33.11685360237558],[126.26480793422621,33.11696594636166],[126.26467073441792,33.11690975842723]]],[[[126.26481971775532,33.11706263433459],[126.2648152777232,33.11708511345893],[126.2647138025807,33.11706960164712],[126.26481971775532,33.11706263433459]]],[[[126.26650458049708,33.12168503967774],[126.2664636106437,33.12176440302053],[126.26635648163953,33.12177108454289],[126.26642897619743,33.12169791127585],[126.26650458049708,33.12168503967774]]],[[[126.27016998082453,33.122857555455084],[126.27013037528401,33.122958883000024],[126.26996827663707,33.12296153989567],[126.27004371688486,33.12284685314235],[126.27016998082453,33.122857555455084]]],[[[126.26986652234586,33.123548599060996],[126.26963633996587,33.12349939120639],[126.26962181063587,33.12338934327318],[126.26986652234586,33.123548599060996]]],[[[126.26955497121965,33.12350564076533],[126.26951112543773,33.12358060683385],[126.2694120037618,33.123547774171286],[126.26946219379712,33.12351270658361],[126.26955497121965,33.12350564076533]]],[[[126.26953886723034,33.121960876429064],[126.26940148918109,33.12246010021028],[126.2690763897912,33.12275488823801],[126.26907242549723,33.12323349541465],[126.26866487048652,33.12384408658589],[126.2684135062846,33.123870601056396],[126.26822450265578,33.123798116438465],[126.26811232706537,33.123686897270794],[126.26759498091333,33.12249567732872],[126.26730846068503,33.122149715068176],[126.26700303371496,33.12207794371111],[126.26685123875875,33.121931502200994],[126.26671564486921,33.12173687263447],[126.26669558914288,33.12134839273745],[126.26631025725156,33.12108581530787],[126.26623308340073,33.12056614514177],[126.26603670428473,33.120381653162774],[126.26564816580431,33.12030519061623],[126.26591780504594,33.12008005888956],[126.26591964491244,33.11985894778793],[126.2654055496177,33.11928212148298],[126.26567805931558,33.11891145887314],[126.26567745073626,33.118784800341516],[126.26548297189574,33.11857232844782],[126.26512346612249,33.11840576724144],[126.26494622182015,33.118021257867724],[126.2647498619863,33.11798511175319],[126.26483408725922,33.11790653669961],[126.26499925422347,33.11794389777741],[126.26514100891846,33.117747053674755],[126.26534674898218,33.11765519920827],[126.2652850790169,33.117571740801885],[126.26536377319877,33.11720850743879],[126.26506286794965,33.11709512222619],[126.26516406865102,33.116975011461584],[126.26503510376106,33.11678461902229],[126.26530386707917,33.11646361744389],[126.26554344673147,33.11555286494717],[126.26522457069642,33.1155880872968],[126.2649814979872,33.11544368110633],[126.2650431997571,33.11537066220605],[126.26517028771129,33.115379262575026],[126.26560502421754,33.115497284368786],[126.26554187883488,33.11524150198854],[126.26578597008573,33.114986830292416],[126.26581752216138,33.114792485145756],[126.26655366377068,33.11386194988367],[126.26712002262208,33.113349038725936],[126.26760761788765,33.1131083910039],[126.26827614849469,33.11315815152514],[126.26855974751315,33.1128503509297],[126.26876594893932,33.112851561458484],[126.26898621751064,33.11316214417951],[126.26883156668448,33.113161236808985],[126.26880947332178,33.113218487225545],[126.26903008599837,33.1132869573477],[126.26892980546512,33.11354807761287],[126.26911477347308,33.1135029789146],[126.2692504155345,33.1135905438862],[126.26918475511899,33.113888253323644],[126.26949532072102,33.11434071508633],[126.2696837155098,33.11448456908224],[126.26957261752807,33.114646261745435],[126.26957880101091,33.114903806791666],[126.26997026185028,33.11623283308202],[126.26989761971768,33.11737440406325],[126.26968880547786,33.11808965413995],[126.26974150162022,33.118554672520936],[126.2695771060883,33.118925978151886],[126.26939017612514,33.11980937053768],[126.26950880516047,33.12074773386284],[126.26969021445514,33.12093353197699],[126.26965128573546,33.12121600456578],[126.26934974750242,33.121678872730854],[126.26934864644828,33.121811818903204],[126.26941106816038,33.121905951756894],[126.26946985546256,33.121836320297405],[126.2700006064569,33.122001740411775],[126.27008765094244,33.12182869025385],[126.27014858429304,33.12184534710406],[126.27040091759658,33.122389524048366],[126.27036676434287,33.12252382073414],[126.2702112256812,33.12253036780936],[126.27004631776147,33.12227599140972],[126.26989444900073,33.12219095118486],[126.26990179056995,33.12206239590913],[126.26953886723034,33.121960876429064]]],[[[126.2677716099313,33.123964885687194],[126.2677639571607,33.12401802778069],[126.26765563288315,33.12402115125001],[126.26766147102144,33.12398258723173],[126.2677716099313,33.123964885687194]]],[[[126.26954883904827,33.123986073689935],[126.2695034122419,33.12405264515249],[126.26940070819057,33.123980137935796],[126.26903362221049,33.123967779009874],[126.2691915225592,33.12386275460638],[126.26954883904827,33.123986073689935]]],[[[126.26920514415406,33.12404750632659],[126.26930709464037,33.124176171578014],[126.26928446547113,33.124222463553544],[126.26910867228042,33.12410090296983],[126.26920514415406,33.12404750632659]]],[[[126.2687178119043,33.12406355370377],[126.26877408806298,33.124143723690075],[126.26872152785637,33.124217619328554],[126.26865312176794,33.1241504607107],[126.2687178119043,33.12406355370377]]],[[[126.26953591948772,33.12414622632893],[126.26961811644762,33.12417985231905],[126.26958830820016,33.12427407806277],[126.26942226169547,33.12423046652843],[126.26953591948772,33.12414622632893]]],[[[126.26823165460407,33.123984777709545],[126.26805686618493,33.12428507512251],[126.26791250449197,33.1242362616902],[126.26790779195089,33.12414543711528],[126.26823165460407,33.123984777709545]]],[[[126.26772338959017,33.12436661230421],[126.2677036882495,33.12439577181879],[126.26762434073675,33.12434819547077],[126.26772338959017,33.12436661230421]]],[[[126.27223226486642,33.16205171830294],[126.2721639302571,33.162109747529655],[126.2716876268718,33.16198244862138],[126.27099204942006,33.16209495908996],[126.27063762120295,33.16189181798809],[126.27076660744946,33.16182387007065],[126.27143144337397,33.16198013583811],[126.2718610858973,33.161903038193856],[126.27223226486642,33.16205171830294]]],[[[126.2712164401801,33.16240291185411],[126.27105725761587,33.162441381142145],[126.2711064520327,33.162351509490776],[126.2712164401801,33.16240291185411]]],[[[126.27062187480861,33.16284808019004],[126.27063345190396,33.16286176132893],[126.27056044314509,33.16284889327274],[126.27062187480861,33.16284808019004]]],[[[126.27266649679194,33.1636582615718],[126.27244266271418,33.1635046019689],[126.27237520270118,33.16335431384026],[126.27246049827558,33.16329215674159],[126.27260742600488,33.16337533720331],[126.27266649679194,33.1636582615718]]],[[[126.271518466914,33.16357705937136],[126.27150551548105,33.163652363618645],[126.27142521286571,33.16366631965459],[126.2714455031568,33.163611346985014],[126.271518466914,33.16357705937136]]],[[[126.26935136511668,33.1643326356921],[126.26931034860478,33.16430165306013],[126.26938513337818,33.16429370483496],[126.26935136511668,33.1643326356921]]],[[[126.26866535204819,33.16486588916494],[126.26863409154784,33.1648739084306],[126.26860703447554,33.164801259184074],[126.26866535204819,33.16486588916494]]],[[[126.26859850510978,33.165015076460435],[126.26854922918295,33.164984852492715],[126.26856443707891,33.16497385324984],[126.26859850510978,33.165015076460435]]],[[[126.26853011460449,33.165221414547595],[126.26853258778407,33.16523351404192],[126.26850167616978,33.165224854633294],[126.26853011460449,33.165221414547595]]],[[[126.27960748411577,33.16741589911069],[126.27931229991495,33.16764491884074],[126.27909985007393,33.16760158503293],[126.27908901607141,33.16747150697298],[126.27928342570722,33.16733486402889],[126.2795536419886,33.16732740783819],[126.27960748411577,33.16741589911069]]],[[[126.27747646320155,33.16787365992685],[126.2774466050348,33.16786762505394],[126.2774547741541,33.16785144346335],[126.27747646320155,33.16787365992685]]],[[[126.26502212384968,33.16817854940908],[126.26498910535506,33.168177994601486],[126.26499949435176,33.16815326214606],[126.26502212384968,33.16817854940908]]],[[[126.26440964984583,33.16830783409107],[126.26435964778254,33.16831267546664],[126.26437941281482,33.168269241730755],[126.26440964984583,33.16830783409107]]],[[[126.2873550906726,33.16867698748453],[126.28730420607957,33.16866163885552],[126.28732072787027,33.168608375662984],[126.2873550906726,33.16867698748453]]],[[[126.26395203762864,33.17012279709329],[126.26396066708017,33.17018082263902],[126.2638851899054,33.17024565247921],[126.26387354068252,33.17020212881493],[126.26395203762864,33.17012279709329]]],[[[126.26440297987415,33.17058177478776],[126.26433065354699,33.1705642179605],[126.26438471164147,33.17053577372257],[126.26440297987415,33.17058177478776]]],[[[126.26417093819896,33.1707281797868],[126.26414693566836,33.17077807610666],[126.26409652369769,33.17078084606724],[126.26410412565211,33.1707563656346],[126.26417093819896,33.1707281797868]]],[[[126.26369980093143,33.171632837811934],[126.26371267402025,33.17158438780166],[126.26376095993992,33.17159993850059],[126.26369980093143,33.171632837811934]]],[[[126.26619576959587,33.172390189003316],[126.26617571120228,33.17240449682901],[126.26614945282788,33.172364849383584],[126.26619576959587,33.172390189003316]]],[[[126.26605211585178,33.172595000162715],[126.26604628173162,33.17256223661606],[126.26612231192388,33.17254690699216],[126.26605211585178,33.172595000162715]]],[[[126.29066740678284,33.17343806561312],[126.29062805373326,33.173297846980404],[126.29085483979425,33.1732564558699],[126.29081733835845,33.17313648830329],[126.29095986712613,33.17288337543829],[126.2911786055739,33.17262298782237],[126.29130728744127,33.17258615856743],[126.29132698336727,33.17314423236924],[126.2912038691316,33.17315121305167],[126.29121437370884,33.173264750977054],[126.29098299842654,33.17340066118485],[126.29066740678284,33.17343806561312]]],[[[126.26788738074796,33.17349471644643],[126.26784044243426,33.17347938089541],[126.2678568122901,33.17345765671945],[126.26788738074796,33.17349471644643]]],[[[126.26817653493377,33.173455843834276],[126.26810297318568,33.173522221219486],[126.26806008720516,33.17352233078598],[126.26807778236204,33.17349556528854],[126.26817653493377,33.173455843834276]]],[[[126.26757722915555,33.17353175163883],[126.26752009076567,33.17356964240365],[126.2673260546375,33.17350358338275],[126.26744818224606,33.17343713351621],[126.26757722915555,33.17353175163883]]],[[[126.26866724728067,33.17367511554803],[126.26861865108563,33.17366527106516],[126.26863193892146,33.1736531759545],[126.26866724728067,33.17367511554803]]],[[[126.26798773787107,33.17373919240998],[126.26795230119568,33.17379786390505],[126.26784242031397,33.17378315008693],[126.26786657081657,33.17375416843827],[126.26798773787107,33.17373919240998]]],[[[126.26862017836102,33.173881669619554],[126.26866270046865,33.17384792876489],[126.26878573610874,33.17384044742808],[126.26873322271852,33.173863758821696],[126.26862017836102,33.173881669619554]]],[[[126.26918995342135,33.17493522398597],[126.269187444134,33.1749664978939],[126.26910848177113,33.17492095268115],[126.26918995342135,33.17493522398597]]],[[[126.26960359478787,33.17486967316594],[126.26947123311146,33.1749930456853],[126.26940397297703,33.174997429830455],[126.26939642618437,33.17495113140226],[126.26960359478787,33.17486967316594]]],[[[126.27294183567169,33.17506060883581],[126.27288455929697,33.175038004739584],[126.27289634901916,33.17502517827253],[126.27294183567169,33.17506060883581]]],[[[126.26909891505358,33.17507913027334],[126.26903024275413,33.17511163680711],[126.26902490794387,33.175083113788126],[126.26909891505358,33.17507913027334]]],[[[126.27276795103965,33.17508502007173],[126.27277051885558,33.175150402752884],[126.27270103392875,33.17516451118719],[126.27269825630509,33.175137263593456],[126.27276795103965,33.17508502007173]]],[[[126.27224309003844,33.17522053133063],[126.2722339728462,33.175207673711654],[126.27233603285191,33.17519627869782],[126.27224309003844,33.17522053133063]]],[[[126.26999246368096,33.174780729114],[126.27069421288621,33.17620100323012],[126.27053935412667,33.176187395304765],[126.26984584970401,33.17461452607586],[126.26975175600123,33.174723134568225],[126.26946333473093,33.17478581901969],[126.26946399702318,33.17470605180409],[126.26980940297967,33.17459471944594],[126.26962503007968,33.17415139799752],[126.26951895809651,33.17409899472449],[126.26941036325076,33.17415013847814],[126.26893307433284,33.17491285964217],[126.2688138270267,33.174873663194205],[126.2693259360255,33.17409646261717],[126.26957369464449,33.17399165425483],[126.26953176784059,33.17385895942083],[126.2691861952602,33.173689788749314],[126.26906622718428,33.17380804139771],[126.2690669183313,33.17372477588174],[126.26881979146714,33.17362465962232],[126.26871055121251,33.17365340781904],[126.2685697799794,33.17357141011359],[126.26840848775856,33.17363081561081],[126.26818637441801,33.17344967549564],[126.26801983380156,33.173164600147224],[126.2678066827021,33.172981411387944],[126.26765280528261,33.17297490873615],[126.26738106554444,33.17273329681935],[126.26707720203612,33.17275250150818],[126.26698073264963,33.17284639919302],[126.2664723589399,33.17254461340409],[126.26594486666431,33.171542266187764],[126.26575673167657,33.171353624464196],[126.26533707667576,33.17119020720299],[126.2648178297218,33.17059795548422],[126.26457505159955,33.17017807373848],[126.2643968150104,33.16960182799296],[126.26444580371269,33.16931522132983],[126.26497849435242,33.16869419208552],[126.26613600168109,33.16797608229601],[126.26757940959904,33.167293229611396],[126.26796460701,33.166996003177424],[126.26830644025551,33.166439446801334],[126.26859590601515,33.16616247288409],[126.26873910163702,33.165767309728814],[126.26879130295805,33.1651403859953],[126.26901741104022,33.164921631745855],[126.26961541407694,33.16452499142588],[126.26998331702362,33.16441853774863],[126.2710412044956,33.16388667859552],[126.27111059358727,33.164022849597174],[126.27183233756995,33.16458513594468],[126.27258153758986,33.16478982009247],[126.27285482363453,33.16467695041668],[126.2731944199781,33.16470154821142],[126.27346288649858,33.16480824251629],[126.27364183638899,33.16506459036664],[126.27458448184237,33.16527291117677],[126.2752043626679,33.165898664635876],[126.27580629818488,33.16574989796392],[126.27629749259059,33.165879891026314],[126.27626394091806,33.165978964835006],[126.2758283909735,33.16587462307935],[126.2752716261294,33.16601143533852],[126.27502453005391,33.165891381982156],[126.27443011005509,33.1653091745281],[126.27360427782398,33.165136399203604],[126.27353501298705,33.16539680590622],[126.27342498099047,33.16539215576715],[126.27338208894632,33.16492305418348],[126.27287731926987,33.16481793367237],[126.27257501058214,33.16500623793195],[126.2723611949675,33.16497211954165],[126.27227726436931,33.16525887780333],[126.27270392085815,33.165475435439795],[126.27280774092522,33.16520907164644],[126.27286245830734,33.1652250068883],[126.27276881004788,33.1654892892191],[126.27328948649524,33.165627781410414],[126.27338892132751,33.16554750705344],[126.273538990282,33.165586800608715],[126.2734921938267,33.165695417270896],[126.27418389097164,33.16605423715391],[126.27409285444361,33.1663782557837],[126.27414510489511,33.16641547698822],[126.2750127375371,33.16628347037062],[126.27504379859286,33.16619340976243],[126.27513529791963,33.16621645412868],[126.27512286298159,33.166326982414446],[126.27547456771973,33.16634368946292],[126.27549124589653,33.166435150490265],[126.27506048503692,33.16637059759734],[126.27466196332716,33.16642759526539],[126.2746655260408,33.16693012451172],[126.27437668886803,33.16715446694948],[126.27470798714852,33.16738549128933],[126.27499906387142,33.1674799149522],[126.27512579152034,33.16764565487323],[126.27602568525208,33.16803953243351],[126.2768249745568,33.168245998869146],[126.27754219437475,33.168179251612486],[126.27817129947063,33.16778471276631],[126.27886803091737,33.167843296460816],[126.27903575843322,33.167953359780796],[126.27907905795689,33.16820997778609],[126.27888099916642,33.16942793969199],[126.2783308309458,33.170321537791565],[126.27788138990104,33.170744379210674],[126.2776473707243,33.17087177572821],[126.27742772051971,33.17087050105885],[126.2767248342201,33.17135344391432],[126.27635447131982,33.171871903484266],[126.2764148453938,33.172017803158674],[126.2762819630418,33.17198764165076],[126.27601665235477,33.17227719291115],[126.27551260385756,33.172457595494656],[126.27526385989691,33.17275564004364],[126.27532128466751,33.172855338724645],[126.27467292822884,33.17338197132338],[126.27443416646751,33.17388159972372],[126.27443266797292,33.174063524830316],[126.27469003825681,33.17433512716328],[126.27463253465967,33.17448820750837],[126.27450397707786,33.1744977832461],[126.27430863030675,33.174373489072025],[126.27403217325845,33.174398467849045],[126.2732887581187,33.174745404313526],[126.27323302369523,33.174844443389695],[126.27287986579199,33.1747864006032],[126.27171295926293,33.174825764347986],[126.27126242523015,33.17468430277776],[126.27133495289547,33.175321029800074],[126.27150027691967,33.17547267734094],[126.27158257256241,33.175805983584944],[126.27161620442091,33.176052422878165],[126.27151692841,33.176089430665904],[126.27143496472135,33.17599441537472],[126.27131981388153,33.17598942226869],[126.27114721556839,33.17495489143558],[126.2705582756494,33.17495956423591],[126.27037103267313,33.17466912486895],[126.26999246368096,33.174780729114]]],[[[126.26952415251715,33.19446863524036],[126.26958008236927,33.19452621696497],[126.26951095623185,33.19457305418658],[126.26947243437968,33.19451151914463],[126.26952415251715,33.19446863524036]]],[[[126.26988140239398,33.19463167240902],[126.26980351923955,33.194648073438614],[126.26965963261097,33.19456779751398],[126.26977541923269,33.194493458150326],[126.26988140239398,33.19463167240902]]],[[[126.26894588548389,33.194550894013474],[126.26883704870922,33.194653037360155],[126.26878250151907,33.19455831686938],[126.26894588548389,33.194550894013474]]],[[[126.26518654462038,33.19557941447141],[126.2651442974141,33.195566267322796],[126.26514820971009,33.19554708792575],[126.26518654462038,33.19557941447141]]],[[[126.27456033975884,33.195615827756235],[126.27445285600884,33.195684356564946],[126.27450817829904,33.19552986744517],[126.2748114634074,33.19555499042426],[126.27467958872356,33.19564176699388],[126.27456033975884,33.195615827756235]]],[[[126.26794066726964,33.19563062226],[126.2677678248828,33.19561392102355],[126.2677373894325,33.19553421777745],[126.26797010746027,33.19555911684941],[126.26794066726964,33.19563062226]]],[[[126.26541716216475,33.19570149792118],[126.26535150014257,33.195718060664426],[126.26531967592543,33.1956512442134],[126.26541716216475,33.19570149792118]]],[[[126.26550560242036,33.19571815891878],[126.26551461018627,33.19579530512977],[126.2654103091651,33.19564907680319],[126.26550560242036,33.19571815891878]]],[[[126.26522687111172,33.19583624987406],[126.26521330423587,33.19585510619695],[126.26518544332055,33.195814546189496],[126.26522687111172,33.19583624987406]]],[[[126.26548292965963,33.19591638094902],[126.26545453589837,33.19592631629423],[126.26545146377836,33.19589617956559],[126.26548292965963,33.19591638094902]]],[[[126.26561658974776,33.19601418745487],[126.26561174191637,33.19608123717292],[126.26552672993282,33.1960136551036],[126.26561658974776,33.19601418745487]]],[[[126.27577383557508,33.19714293467758],[126.27582083248268,33.19728287084267],[126.27573220798878,33.19731417975491],[126.27568128365623,33.197234449978595],[126.27577383557508,33.19714293467758]]],[[[126.274946960773,33.19779882822759],[126.27491106565971,33.19760007822339],[126.2750611335869,33.19755641402762],[126.27521773232348,33.19764451135491],[126.2752154879558,33.19778659492179],[126.274946960773,33.19779882822759]]],[[[126.2755542580005,33.197618430914105],[126.27544402372267,33.1977996471681],[126.27527062501393,33.197745892477826],[126.27540504093822,33.19763658678778],[126.2755542580005,33.197618430914105]]],[[[126.26301284996073,33.197853245679106],[126.26295655327712,33.197878515395445],[126.26293888955573,33.197823235845085],[126.26301284996073,33.197853245679106]]],[[[126.26281053825265,33.19789793981923],[126.2627991388343,33.19792753587732],[126.26275761282069,33.19791782419832],[126.26281053825265,33.19789793981923]]],[[[126.26253920222196,33.19806610618146],[126.26257622328053,33.19815279025159],[126.26250327338349,33.19820726803406],[126.26246208332941,33.19809314744043],[126.26253920222196,33.19806610618146]]],[[[126.26264887637423,33.198249511656265],[126.26261611914991,33.198357245490385],[126.26244727473102,33.19831152197679],[126.2624974504037,33.19827512682513],[126.26264887637423,33.198249511656265]]],[[[126.26198811100721,33.198625085274934],[126.26197601431728,33.19868132887425],[126.26187435535512,33.19861144567928],[126.26198811100721,33.198625085274934]]],[[[126.27638819414558,33.19882793560164],[126.27630481990657,33.19888551911521],[126.27629061178946,33.19885297681142],[126.27638819414558,33.19882793560164]]],[[[126.27584043571179,33.19887506051669],[126.2759449023195,33.1989518588936],[126.27594068850799,33.19896896305803],[126.27582043587127,33.19892074835806],[126.27584043571179,33.19887506051669]]],[[[126.26166188127472,33.198880301111146],[126.2615354339399,33.19888892787699],[126.26151003977128,33.19886203502742],[126.26163876501171,33.198824804789126],[126.26166188127472,33.198880301111146]]],[[[126.26147493820646,33.19894254858353],[126.26147165313695,33.198960922353166],[126.2613911607011,33.19894123134132],[126.26147493820646,33.19894254858353]]],[[[126.27703328424468,33.19942558487327],[126.27707760557858,33.19950031207177],[126.2769394704923,33.199579215128146],[126.2769429569373,33.19948078072322],[126.27703328424468,33.19942558487327]]],[[[126.26241512121406,33.20286902747793],[126.2626434964362,33.20303151805012],[126.26238843068826,33.20350044939274],[126.26245626760047,33.203767407030725],[126.26206854830473,33.20386438371338],[126.26196355501932,33.203791022949574],[126.26190166399996,33.20347401606621],[126.26227282876475,33.20290623802014],[126.26241512121406,33.20286902747793]]],[[[126.29252875121804,33.207315612732536],[126.29255269351825,33.20727791723125],[126.29257201204346,33.20728566374241],[126.29252875121804,33.207315612732536]]],[[[126.29222204048898,33.20778038526708],[126.29210972187144,33.20766878369912],[126.29224794407133,33.20758030971242],[126.29222204048898,33.20778038526708]]],[[[126.31401050624989,33.20833904725324],[126.31398350476505,33.20834663487228],[126.3139973511577,33.20830961816985],[126.31401050624989,33.20833904725324]]],[[[126.31427084734062,33.20834329798745],[126.31408961052438,33.2083299683665],[126.3139670195085,33.208212593490735],[126.31390452144706,33.20777047789987],[126.31404531277455,33.20765428669306],[126.3141911135098,33.207648974902014],[126.31435686283854,33.20776588503077],[126.31440924773405,33.20799068329427],[126.31449197203655,33.208032269370555],[126.31447699982326,33.208201190755595],[126.31427084734062,33.20834329798745]]],[[[126.31390393473326,33.20862408473687],[126.31388545982227,33.20857526846278],[126.3139851303033,33.208524650699],[126.31390393473326,33.20862408473687]]],[[[126.31689190461289,33.20846066085268],[126.31701586382937,33.208698917157356],[126.31684058091295,33.20868866779834],[126.31679764378339,33.20850008443991],[126.31689190461289,33.20846066085268]]],[[[126.31399460532775,33.20881100716945],[126.31387973346504,33.208748194961714],[126.31392802900326,33.20867111824393],[126.31407765027507,33.20876927812309],[126.31399460532775,33.20881100716945]]],[[[126.31700715263406,33.20878497406715],[126.31713723333263,33.20885664424867],[126.31714346327344,33.20889680147816],[126.31695330937497,33.20886771930642],[126.31700715263406,33.20878497406715]]],[[[126.3163994578432,33.208851692117904],[126.3164572064113,33.208886008780915],[126.31649233118462,33.20896074848957],[126.31636338451399,33.20892808607329],[126.3163994578432,33.208851692117904]]],[[[126.29243912147015,33.20878839405007],[126.29243156740014,33.20875149326409],[126.29248583722155,33.208762242376686],[126.29243912147015,33.20878839405007]]],[[[126.31602838692712,33.20919860307375],[126.31604691224234,33.209264331607756],[126.3159879045799,33.20929219805133],[126.31595511082433,33.20921783394611],[126.31602838692712,33.20919860307375]]],[[[126.29268283775232,33.20904303519287],[126.29265230757919,33.20908242553717],[126.29258306484908,33.2089622149722],[126.29268283775232,33.20904303519287]]],[[[126.29236761406527,33.2091548834535],[126.29228735649073,33.20911329500757],[126.29237229148605,33.208980248190834],[126.29245772869628,33.20897655059904],[126.292416898095,33.209022914732536],[126.29236761406527,33.2091548834535]]],[[[126.2924249392945,33.20930457159038],[126.29237532108823,33.20926876607211],[126.29262316623463,33.20925171852645],[126.2924249392945,33.20930457159038]]],[[[126.31587558352169,33.20951823962398],[126.31585832877136,33.2096281694738],[126.31575628456785,33.20951517592087],[126.3157530834085,33.20940003035274],[126.31584753212155,33.20948155995787],[126.31579896249511,33.20951375208759],[126.31587558352169,33.20951823962398]]],[[[126.31611394566076,33.21010915496313],[126.31610796912558,33.21016455414875],[126.31604752005771,33.210080380008144],[126.31611394566076,33.21010915496313]]],[[[126.31663549019966,33.21001644536366],[126.31666671917837,33.210290526762336],[126.31659345939237,33.2103048200874],[126.31656850016662,33.21002409696781],[126.31663549019966,33.21001644536366]]],[[[126.31583165243721,33.21056582507337],[126.31593337809394,33.21052004073999],[126.31591468892583,33.210544066169334],[126.31583165243721,33.21056582507337]]],[[[126.29283319051643,33.21044057007287],[126.29298137882016,33.210637901653286],[126.29287346332771,33.2107543369879],[126.2927823803192,33.21049550500186],[126.29283319051643,33.21044057007287]]],[[[126.29282073610914,33.210776884087494],[126.29270092429346,33.21077745600539],[126.2926649431851,33.21071165947513],[126.29272363305823,33.21076121167945],[126.29282073610914,33.210776884087494]]],[[[126.31341374439994,33.21128991312892],[126.31337815543475,33.21121400287969],[126.31365782700044,33.210819534974895],[126.31371661414309,33.21059025321411],[126.31359214262761,33.21031307694725],[126.31340101116002,33.21036385035836],[126.31315342655789,33.21024762492727],[126.31309454743702,33.210002532209344],[126.31333313355445,33.20951211268221],[126.31371108178148,33.209081001012315],[126.31404744438306,33.209043310320766],[126.31396091970392,33.20892491817863],[126.31408445357012,33.208837779582346],[126.31452224381867,33.208947562803466],[126.31465684351885,33.20891341551251],[126.3146020954824,33.20912860216267],[126.31473673464659,33.209354124325785],[126.31514869313592,33.20954774981941],[126.3156505437527,33.20955094296156],[126.31568264110625,33.2097327573235],[126.3155296687129,33.2100365773513],[126.31566360235063,33.210093076506354],[126.31568270965208,33.21020416686297],[126.3156259823144,33.210277035861246],[126.31540373315332,33.21029446585341],[126.31555133411432,33.210488363525826],[126.31541809762601,33.21054612371596],[126.31502069670451,33.210489288161426],[126.31393933971539,33.211190576627004],[126.31341374439994,33.21128991312892]]],[[[126.31337823919141,33.21131551671305],[126.3133765762039,33.21131495338222],[126.3133781841789,33.21131410737499],[126.31337823919141,33.21131551671305]]],[[[126.29394547352747,33.211812216749394],[126.2940270381665,33.21185566847444],[126.29402926692704,33.21188670552749],[126.29394334330533,33.211859800686184],[126.29394547352747,33.211812216749394]]],[[[126.29356144536867,33.21201085441983],[126.29362332911035,33.21188991083613],[126.29383209881861,33.211975325180546],[126.29380739237007,33.21200664227455],[126.29356144536867,33.21201085441983]]],[[[126.2951122617174,33.21390447416947],[126.29523531347343,33.21395521940385],[126.29520651223022,33.21402765472332],[126.29510066738159,33.21398336252442],[126.2951122617174,33.21390447416947]]],[[[126.29536609058708,33.2140323728625],[126.29539243647277,33.21400928698968],[126.29541163748715,33.214033252181764],[126.29536609058708,33.2140323728625]]],[[[126.29540241388916,33.214046579938476],[126.29552065657018,33.21401472861224],[126.29555216263512,33.2140786329597],[126.29540241388916,33.214046579938476]]],[[[126.24581458000065,33.21723297945574],[126.24573678332337,33.21745276311627],[126.24563273099939,33.21745573841433],[126.24563364461049,33.21728058770014],[126.24581458000065,33.21723297945574]]],[[[126.65482897642036,33.22132995308851],[126.65478974343162,33.221431462625574],[126.65468479781927,33.22138554669094],[126.65470041642854,33.22134176854581],[126.65482897642036,33.22132995308851]]],[[[126.51572861272992,33.22051557238231],[126.5154850691943,33.22025404368437],[126.5154335620902,33.2199362607272],[126.51520833933422,33.21956653305987],[126.5152219880514,33.21943262180268],[126.51498474880698,33.21926514259964],[126.5149187343475,33.219114590082235],[126.51464972355325,33.21901442664077],[126.5146215709735,33.21885776635317],[126.51446113478796,33.21880499410397],[126.51442721475321,33.21864317311354],[126.51425004327398,33.21847578411354],[126.51420930891477,33.218346474061455],[126.51428594428779,33.21816744028814],[126.5141509612506,33.218291034134765],[126.51383532509018,33.218322834847726],[126.51372920936302,33.21813394745371],[126.51384322397634,33.21795468622636],[126.51400059663474,33.21792453202525],[126.51353276545971,33.217900233833824],[126.51343831535465,33.217802912890214],[126.51308261999358,33.21769097551761],[126.51301464895046,33.21755986700372],[126.51305020934394,33.21725286474003],[126.5133625988099,33.21711000176566],[126.51358856108273,33.21710190984392],[126.51441392520317,33.2174227279852],[126.51437204598243,33.21771125553799],[126.51450514617676,33.217853983164915],[126.51464590931464,33.21783983792105],[126.51480823230904,33.217767297658945],[126.51465176986972,33.21755155446796],[126.51464249338777,33.21679807368884],[126.51478503137842,33.21667012671987],[126.51514090159127,33.21675968315848],[126.51555592429006,33.216182844235846],[126.51592390213956,33.216189150174216],[126.51632476738837,33.216013003729174],[126.51663805325568,33.21603231243384],[126.51697056836629,33.21587888141634],[126.51717938072136,33.216015657128565],[126.51715261356684,33.21611471553851],[126.51731128628688,33.21630134004519],[126.51810541927169,33.21628295751095],[126.5183279092879,33.21608534092109],[126.51840563435404,33.216111931296616],[126.51824807375786,33.216632917187674],[126.5182988356466,33.21683467513277],[126.5185359720079,33.21697753657322],[126.5190293900951,33.21690971989002],[126.5191139081451,33.21699173519115],[126.51911700722842,33.21717838093337],[126.51900009090507,33.217298324457836],[126.5190604894384,33.21780878655004],[126.51895644937373,33.218158193653515],[126.51899123740955,33.218489980746334],[126.51858865651222,33.21868006540913],[126.51829304604088,33.21902220702826],[126.51760739951189,33.21937005916597],[126.51751954155087,33.21953349190401],[126.51725959617423,33.21970983246268],[126.51682329316684,33.21991225329401],[126.51680052924137,33.22004736716632],[126.51640814339983,33.22034823711168],[126.51572861272992,33.22051557238231]]],[[[126.24594598984595,33.21815159294377],[126.24592404185005,33.217896213362366],[126.24562077973422,33.21771107840465],[126.2465644167861,33.21773410534896],[126.24681362019756,33.21759379330606],[126.24686451400649,33.21773826851199],[126.24674365828125,33.217846720895245],[126.24655278738999,33.21785178605449],[126.24632877538109,33.21809440717636],[126.24594598984595,33.21815159294377]]],[[[126.65460425894511,33.22162507037398],[126.65458283208275,33.221564687868174],[126.65462984917079,33.22155607247427],[126.65460425894511,33.22162507037398]]],[[[126.65421592221875,33.221688878839444],[126.65430088999514,33.221839915205855],[126.65424328449376,33.22193001607018],[126.65414113326045,33.22175651212152],[126.65421592221875,33.221688878839444]]],[[[126.65690758307872,33.22204035975328],[126.65686903890284,33.22204052427748],[126.65686133391696,33.22200001887284],[126.65690758307872,33.22204035975328]]],[[[126.65845526019612,33.22215310485212],[126.65841879165565,33.22214651914784],[126.6584255907836,33.22212211283009],[126.65845526019612,33.22215310485212]]],[[[126.65686337555462,33.22230132552542],[126.65674196337902,33.22229594051443],[126.65676206037735,33.22223225540083],[126.65686337555462,33.22230132552542]]],[[[126.65342623453145,33.222454636478965],[126.65341207147736,33.222510319479916],[126.65332628830045,33.22247365167071],[126.65334368295811,33.22244277489099],[126.65342623453145,33.222454636478965]]],[[[126.65478989783841,33.22245788668375],[126.65483361448882,33.22255393999459],[126.65475596301812,33.22257617627829],[126.65471307972749,33.222487878295404],[126.65478989783841,33.22245788668375]]],[[[126.65355083110921,33.22249618997054],[126.65352109343843,33.2225836533182],[126.65347689061464,33.22258479570572],[126.65348118702593,33.222501946899854],[126.65355083110921,33.22249618997054]]],[[[126.65296113833242,33.22252556369711],[126.65297413814025,33.222628023524635],[126.65290052030704,33.22263475966689],[126.65287537325077,33.222537583818735],[126.65296113833242,33.22252556369711]]],[[[126.65380513967153,33.22264746046913],[126.65374994357103,33.22268404579504],[126.653722229775,33.22262776221748],[126.65380513967153,33.22264746046913]]],[[[126.65326082834926,33.22258734634653],[126.65330904653891,33.22268359497162],[126.65321766637659,33.222706784941764],[126.65315650105114,33.2226288933565],[126.65326082834926,33.22258734634653]]],[[[126.65355621389529,33.22274957979582],[126.65367056675662,33.222619736855805],[126.65360711011157,33.222732265570755],[126.65355621389529,33.22274957979582]]],[[[126.24685811870245,33.21929828984528],[126.24675790570059,33.219338440345034],[126.24661833757624,33.219227507042504],[126.24663872209099,33.2189767119317],[126.24634202949653,33.21901296139342],[126.24630395148802,33.21896287291328],[126.2463977654992,33.21861766893201],[126.24650543025031,33.21857125871056],[126.2467617115079,33.21874447654591],[126.24689741777185,33.218417112010876],[126.24706414589618,33.21835022736409],[126.24715756749397,33.21865184462364],[126.24690008081552,33.21882023899915],[126.24685811870245,33.21929828984528]]],[[[126.65374350774003,33.22279273220414],[126.65372330714791,33.2228557901343],[126.6536363333739,33.22284887750807],[126.65366871643651,33.22279784269128],[126.65374350774003,33.22279273220414]]],[[[126.65435955138484,33.22288365140866],[126.65442066093306,33.222921292703326],[126.65444010874195,33.2229737948286],[126.65432728504491,33.22297880325699],[126.65435955138484,33.22288365140866]]],[[[126.65347827759743,33.22283141885149],[126.65338473849442,33.222988034688036],[126.6533518235212,33.22293406976863],[126.65347827759743,33.22283141885149]]],[[[126.65354419147477,33.22298368441773],[126.65345266325636,33.22298857266288],[126.65346153224927,33.222943060284855],[126.65354419147477,33.22298368441773]]],[[[126.65486980552272,33.22293588703828],[126.65477378449938,33.2230480860005],[126.65470157567215,33.22295884646366],[126.65486980552272,33.22293588703828]]],[[[126.6545658009899,33.223020719651345],[126.65463152977968,33.22308767726349],[126.65445759533056,33.22310477540225],[126.65445813816669,33.22308438113225],[126.6545658009899,33.223020719651345]]],[[[126.65758590826911,33.22317285805866],[126.6575310361364,33.223269812253584],[126.65744414663072,33.22329544940207],[126.65748996060866,33.22315672338052],[126.65758590826911,33.22317285805866]]],[[[126.65476282195944,33.22326002222485],[126.65470811088088,33.22333711404713],[126.65455541261673,33.22331002046933],[126.65451738434986,33.223235974913074],[126.6547050495427,33.22313200152912],[126.65476282195944,33.22326002222485]]],[[[126.65284812388641,33.22318957186385],[126.65291522055567,33.223286506594945],[126.65281623525517,33.223359802793574],[126.6527612825378,33.22320429587985],[126.65284812388641,33.22318957186385]]],[[[126.65784291491383,33.22323433346816],[126.6578497590998,33.223378615017964],[126.65763151928743,33.22341624678212],[126.657654007989,33.22323264328146],[126.65784291491383,33.22323433346816]]],[[[126.65194687291799,33.223394870466414],[126.65202205319336,33.22348653376202],[126.6519932615364,33.223532482076244],[126.65182173911226,33.22345630175029],[126.65194687291799,33.223394870466414]]],[[[126.65662577666942,33.223465637138744],[126.6566593207267,33.223556043998826],[126.65660825398129,33.22359203352283],[126.65654319520286,33.2235224928433],[126.65662577666942,33.223465637138744]]],[[[126.65753955973304,33.2234499835975],[126.65747354803854,33.223624180667926],[126.65730173701307,33.22363957710873],[126.65733197265791,33.22353407508718],[126.65753955973304,33.2234499835975]]],[[[126.65780127741837,33.22377180113762],[126.65782797101758,33.223936535637804],[126.65758752053738,33.22396289300646],[126.65759119334254,33.223833870880185],[126.65780127741837,33.22377180113762]]],[[[126.24614998852583,33.22047414241332],[126.24621873133455,33.22062392873972],[126.24606358160833,33.22074626158679],[126.24596267083875,33.220597529953764],[126.24614998852583,33.22047414241332]]],[[[126.65219467736839,33.22414736099336],[126.65241829226188,33.2243237144487],[126.65239406067364,33.22448323694628],[126.65222273204544,33.2244319058312],[126.65211184706213,33.22420384221602],[126.65219467736839,33.22414736099336]]],[[[126.65240614534095,33.22471747854761],[126.6525517125835,33.22473338512086],[126.65251001757794,33.22477861066394],[126.65240614534095,33.22471747854761]]],[[[126.65275437546035,33.22503325111275],[126.65284270216752,33.225105539024376],[126.6527620006905,33.225167345936136],[126.6526615349094,33.225099892804636],[126.65275437546035,33.22503325111275]]],[[[126.24316243861398,33.22168272812285],[126.24313110695057,33.22181374440121],[126.24296842637052,33.22182722675568],[126.24295253705452,33.22169596426758],[126.24316243861398,33.22168272812285]]],[[[126.65843275977161,33.2252658130119],[126.65847539007156,33.2253386952141],[126.65832172057668,33.22537767046751],[126.6583227439199,33.22530780028382],[126.65843275977161,33.2252658130119]]],[[[126.65848458949351,33.22548279779899],[126.658522039681,33.225619679114736],[126.65831881429797,33.22557331968898],[126.65833643786009,33.225482571265225],[126.65848458949351,33.22548279779899]]],[[[126.65844298625557,33.22605684858454],[126.65823844447849,33.226074319456316],[126.65823482820733,33.22587351558181],[126.65836566661308,33.22582951176732],[126.65844298625557,33.22605684858454]]],[[[126.65595929125536,33.226812435117544],[126.65563254232,33.2269496066409],[126.65546273062853,33.22687496541643],[126.65536426928462,33.22671601463878],[126.65509195594228,33.22679473714953],[126.65443218368819,33.226476657304495],[126.65402640953013,33.226159673709034],[126.65334919817155,33.225977045802395],[126.6529848316861,33.22572280805498],[126.65302230717347,33.225599974685785],[126.65290444840146,33.225373140588985],[126.65296930319326,33.22527941337301],[126.65283495713278,33.22495636252447],[126.65294968102224,33.22464915493779],[126.65269288797005,33.22441542612472],[126.6527434079917,33.22431168877549],[126.65268088929487,33.224351725164915],[126.65249407274946,33.22417477501564],[126.65269905044151,33.223917836533694],[126.65284241626598,33.223995994962515],[126.65295991780262,33.22395606045688],[126.65295923867836,33.22359896130467],[126.65306454580322,33.22361566919253],[126.65321030420283,33.22349906939882],[126.65375803044067,33.22357958693063],[126.65356767087177,33.22350403130091],[126.65368051088866,33.22332634142434],[126.6540292598157,33.22329704713902],[126.65417281659721,33.22335293219716],[126.65428709417695,33.22326647725857],[126.65471296781634,33.22347525877178],[126.65483156869605,33.2234514120021],[126.65508732003394,33.22356564506116],[126.65517912208891,33.223394229311054],[126.65530894227085,33.22337051779896],[126.65538355032031,33.22347507783274],[126.65528275984721,33.22361623759188],[126.65543930084048,33.223538351297755],[126.65549239529119,33.2236075542716],[126.65570669533605,33.22362057829961],[126.65614284611924,33.223561147538824],[126.65631110833918,33.22346100876684],[126.6563543306409,33.2237164391993],[126.65660534643109,33.22374538682364],[126.65690977512634,33.22340889094838],[126.65710301062906,33.22346695200732],[126.65723591235111,33.223738250982954],[126.6571618820594,33.223875881065155],[126.65735028049359,33.223959174850144],[126.65726627400657,33.22423144694703],[126.65706634763303,33.22444919266598],[126.65723898843203,33.224713150971226],[126.6570871726181,33.224879814149624],[126.65721984031329,33.22489092952802],[126.65723639962951,33.22495859534551],[126.65753403352572,33.224890136123875],[126.65775511442723,33.22495093821685],[126.65761433805471,33.22505700513462],[126.65721103960362,33.225068595977596],[126.65722158399662,33.22522699759983],[126.65713208979942,33.225343176936924],[126.65725619080929,33.22523513776593],[126.65751639547713,33.22563595149938],[126.65752003357103,33.22595374861835],[126.65762695680687,33.226014853862324],[126.65758206226486,33.226254890372076],[126.65748635187745,33.22634909925523],[126.65729467485474,33.226315735215444],[126.65693589569553,33.22659000037032],[126.65637973254731,33.226650361665286],[126.65612361203746,33.226800660788264],[126.65607350543958,33.22670047059354],[126.65585674314102,33.22676836199105],[126.65595929125536,33.226812435117544]]],[[[126.65692866136243,33.22709470663904],[126.65657816073612,33.22715351475657],[126.65613640345413,33.227065286831944],[126.65602199352554,33.2269693082427],[126.65601675043611,33.226855504152745],[126.65623437942,33.22694816732275],[126.65698910049157,33.22700218309304],[126.65692866136243,33.22709470663904]]],[[[126.56542670590802,33.22764542338601],[126.56441271170837,33.22764187650846],[126.56377116396715,33.22753435766064],[126.5637212748246,33.22741247423506],[126.56383340930613,33.22718588623413],[126.5637127845501,33.227120015015394],[126.56363122714893,33.227194924671934],[126.56334299739564,33.22718138115299],[126.56306383543978,33.226687501655256],[126.56317465383567,33.22632340917467],[126.56334120034303,33.22609921833151],[126.5636091395069,33.22597910238763],[126.56370301006223,33.22600262661997],[126.56409631574891,33.22572684456703],[126.56430684200492,33.22544261617109],[126.56455662584023,33.22537900988061],[126.56477936906742,33.22543780459347],[126.56494653299384,33.22562957336154],[126.56516475255937,33.225669916334596],[126.56569617315384,33.225421118938996],[126.56637944951324,33.225526947605545],[126.56640072034644,33.2252890925289],[126.56672833600764,33.225059198467534],[126.56725581557447,33.22510733951631],[126.5674135841503,33.22528872791959],[126.5677680070239,33.22538263711474],[126.56815785781768,33.225323232641465],[126.56836996032816,33.22553665124201],[126.56850357801532,33.22599039637731],[126.56869277587332,33.22622175782853],[126.56847213060021,33.226466541230835],[126.56847271500396,33.22682293405819],[126.5681111611535,33.22701810110317],[126.5679812579017,33.227273878063464],[126.56764537025803,33.22746716240322],[126.56689804711047,33.22763941415943],[126.56649421464135,33.22754888651897],[126.56542670590802,33.22764542338601]]],[[[126.56810099432886,33.22781282117251],[126.56791129817532,33.227870372619485],[126.56786774017765,33.22780231921576],[126.56769218028172,33.2277997616198],[126.56764176715615,33.227721978766944],[126.56779704773646,33.227615804209705],[126.56771191867536,33.22754372767564],[126.56829975882921,33.22731487575777],[126.56863260344578,33.227271407139476],[126.56860450579015,33.22734891749657],[126.56810099432886,33.22781282117251]]],[[[126.46834327272715,33.22778175602764],[126.46851129656415,33.22747984208405],[126.46862746309111,33.227566182572005],[126.46834327272715,33.22778175602764]]],[[[126.49919837129762,33.22814301424125],[126.49915331849222,33.228162930301366],[126.49913213004169,33.22803503026983],[126.49919837129762,33.22814301424125]]],[[[126.46758730824531,33.22815078759553],[126.46756419829245,33.2279776206297],[126.46744177586056,33.22814304147866],[126.46747092686755,33.22793361892892],[126.4676170132956,33.227839194476545],[126.46758613235399,33.22793767329686],[126.46758730824531,33.22815078759553]]],[[[126.5005753052916,33.22871756823257],[126.50047330640592,33.22872231644526],[126.500407315328,33.22856801644101],[126.50051402322063,33.22860666553083],[126.5005753052916,33.22871756823257]]],[[[126.30890203917295,33.2270661346579],[126.30882963976374,33.227061829182844],[126.30896361082794,33.22701777124415],[126.30890203917295,33.2270661346579]]],[[[126.3089700862807,33.22714934494145],[126.30893802390703,33.227177603764396],[126.30893602723351,33.227134107283405],[126.3089700862807,33.22714934494145]]],[[[126.5004194897399,33.22880233609792],[126.5003473988899,33.228900062962104],[126.50026307493312,33.228866174624386],[126.50029455842547,33.22881588149992],[126.5004194897399,33.22880233609792]]],[[[126.30919757691413,33.22723435039295],[126.3090481601193,33.22715518833202],[126.30914586473408,33.22713801393998],[126.30906063939668,33.22708245199449],[126.30901801486252,33.22713606839462],[126.30894174243176,33.22709898507153],[126.30905706764614,33.22705777265863],[126.30921480437468,33.227196325937975],[126.30933093602249,33.22711943987823],[126.30919757691413,33.22723435039295]]],[[[126.30902385184446,33.227296859292665],[126.30900501299693,33.22732296466655],[126.30894559942043,33.22727829340551],[126.30902385184446,33.227296859292665]]],[[[126.30891208389528,33.22733442226306],[126.30889498976036,33.22733370480009],[126.30896377173366,33.22730975252299],[126.30891208389528,33.22733442226306]]],[[[126.49903745170946,33.229121293227394],[126.49901750885198,33.22912125812431],[126.49902285867711,33.22909743108765],[126.49903745170946,33.229121293227394]]],[[[126.4990055789846,33.22912881065594],[126.49899544995922,33.229155296061826],[126.49897151447827,33.22914794107337],[126.4990055789846,33.22912881065594]]],[[[126.50874482879877,33.22923795048821],[126.50865837594979,33.22947489116096],[126.50858440144475,33.22949853701585],[126.50854441388084,33.22943766408279],[126.50874482879877,33.22923795048821]]],[[[126.50668627238926,33.22950661444489],[126.50661613906021,33.22948605816849],[126.50667492186597,33.229363300463845],[126.50653728711741,33.22946673012922],[126.50667226374192,33.229166021868046],[126.50678455870039,33.22910995315743],[126.50680252281519,33.229220005513675],[126.50668627238926,33.22950661444489]]],[[[126.46519966404252,33.22913404106098],[126.46525489920556,33.229217697778694],[126.46523432225622,33.22927050778556],[126.46515925965296,33.229210281006715],[126.46519966404252,33.22913404106098]]],[[[126.50217347289275,33.22990365749144],[126.50222944777627,33.22981363734412],[126.50248721203822,33.22971200928376],[126.50237589609611,33.22982748611813],[126.50217347289275,33.22990365749144]]],[[[126.30952936099173,33.22838189570302],[126.30945547765498,33.228362678358316],[126.30946065878545,33.22835595357788],[126.30952936099173,33.22838189570302]]],[[[126.50468896140329,33.23011965757536],[126.504566020802,33.229633514187505],[126.50484912809779,33.229721080348575],[126.50500134774525,33.22954469597684],[126.50525839481695,33.229665130864916],[126.50501337326776,33.23003055163829],[126.50468896140329,33.23011965757536]]],[[[126.30964387844507,33.22858846036007],[126.30953475796844,33.22854830134914],[126.30964527698235,33.228454181423615],[126.30964387844507,33.22858846036007]]],[[[126.49846617400912,33.23075391652424],[126.4982118553721,33.23065368519331],[126.49801543583149,33.230693802085725],[126.49767632036965,33.230411867268394],[126.49787825400958,33.230262096694446],[126.49799228825277,33.23026181301219],[126.49795952755333,33.229944112697666],[126.49805813371701,33.22942426863115],[126.4982238786422,33.22928142605628],[126.49855824659691,33.229229414213606],[126.49887956009358,33.22931724464212],[126.49922776917697,33.22973094387761],[126.49897581330319,33.23010134760581],[126.49899123283969,33.23025265999498],[126.49886754067505,33.23045460128878],[126.49846617400912,33.23075391652424]]],[[[126.49766500133477,33.23080328499132],[126.4975618042579,33.23073787026019],[126.49756276037559,33.230564995122535],[126.4979219112203,33.230676308537305],[126.49766500133477,33.23080328499132]]],[[[126.30985482726763,33.22917108398004],[126.30978644991218,33.22914344951572],[126.3098745100246,33.229147021306595],[126.30985482726763,33.22917108398004]]],[[[126.30966302421376,33.22915288955306],[126.30955220975747,33.22916443710464],[126.30952543047613,33.22911148126768],[126.3095543856935,33.22910316663039],[126.30966302421376,33.22915288955306]]],[[[126.37034947997074,33.22965948414058],[126.37040871520271,33.22979657847585],[126.37025625856965,33.229809799843245],[126.37021008950614,33.229669877495326],[126.37034947997074,33.22965948414058]]],[[[126.3695246611048,33.23037045508716],[126.36942685920185,33.23045163766761],[126.36936268640298,33.23043178276833],[126.3693837720967,33.23039362510459],[126.3695246611048,33.23037045508716]]],[[[126.59886882071828,33.23233690001671],[126.59857808961688,33.232359840943694],[126.5979705809751,33.23209603090745],[126.59764268284626,33.23184080651238],[126.59646889399713,33.23130800983904],[126.59614377388966,33.23096539916119],[126.5960430168304,33.23075288970795],[126.59603436703601,33.230404445107716],[126.59626679080874,33.230291407371375],[126.59621155119889,33.230170448363694],[126.59643826590697,33.22991430814435],[126.59642347856729,33.22981177242737],[126.59659493997368,33.22955483638393],[126.59649771019741,33.229242837884776],[126.59662225424468,33.228989199503346],[126.59651800406554,33.22885880646482],[126.59702786673847,33.22884859482788],[126.59712174018767,33.22866781004428],[126.59702129277974,33.228564805961945],[126.59722437603163,33.2282995199511],[126.59777178799561,33.22838753685993],[126.59803706338579,33.22851841912522],[126.59822622795859,33.22849149064233],[126.59831078560784,33.22831663813091],[126.59839824417637,33.22829591452414],[126.59846236843865,33.2284710708228],[126.59878758234,33.228665907284665],[126.5991889192279,33.22835911000201],[126.59952885875639,33.22822752276024],[126.59972185028909,33.22825915598823],[126.59983478896557,33.22843354373009],[126.60014910467834,33.22841151353991],[126.60028671999952,33.22848335065049],[126.60110811648094,33.22844490321093],[126.6018797527083,33.228728428176595],[126.60259495172286,33.228705851654404],[126.60275543047797,33.22927527296015],[126.60262215125081,33.22987980274726],[126.60244336046686,33.22995267830975],[126.60215490347188,33.22994245017263],[126.602048246202,33.230121017000045],[126.60189802782648,33.23018487998325],[126.60176169783082,33.230167806487394],[126.6017251496994,33.23003128801213],[126.60144075236073,33.230380605099796],[126.60124235009764,33.2303620462933],[126.60099490601993,33.23071916877813],[126.60083707755166,33.230694539214994],[126.60090246744726,33.230916134480786],[126.60078474665909,33.231055698834716],[126.60088648314535,33.2313792112864],[126.60035411281093,33.2317396167335],[126.5999049222051,33.23177497562214],[126.5995723515229,33.23204663900622],[126.5992994570542,33.2319959584307],[126.59936912574321,33.23212955237826],[126.59886882071828,33.23233690001671]]],[[[126.36907904199299,33.230404819583256],[126.36911627162017,33.23060471810288],[126.36894515706068,33.23067611520077],[126.368960024381,33.23041058131884],[126.36907904199299,33.230404819583256]]],[[[126.31003511914575,33.23008966014728],[126.30997989644003,33.23012998098276],[126.30989267867166,33.22996987450277],[126.31003511914575,33.23008966014728]]],[[[126.30988852302023,33.230146487800546],[126.30981260700204,33.23011424813625],[126.30978065355895,33.23001518148077],[126.30980125414246,33.23001488163567],[126.30988852302023,33.230146487800546]]],[[[126.30979075109849,33.230227884633564],[126.30978555934853,33.2302292076877],[126.30976929104891,33.23021478174778],[126.30979075109849,33.230227884633564]]],[[[126.23773262459684,33.22960553416094],[126.237693608595,33.22968724598831],[126.237553787151,33.229601256074595],[126.23759112795511,33.229399901605575],[126.23788256199514,33.22943057762809],[126.23795656793526,33.22937308816496],[126.23795508890723,33.22947037280979],[126.2378241226395,33.22948497449578],[126.23793141519047,33.22957329832584],[126.23773262459684,33.22960553416094]]],[[[126.36826731256481,33.23125944091044],[126.36829030298618,33.23113270835884],[126.36851925728273,33.2311073002882],[126.36852317943556,33.23117807912086],[126.36826731256481,33.23125944091044]]],[[[126.36461009079966,33.23126708795572],[126.36457808684003,33.23124648429388],[126.36459256663967,33.23124099561923],[126.36461009079966,33.23126708795572]]],[[[126.36908888489617,33.23129851965693],[126.36908932279067,33.23134837350616],[126.3689823851858,33.231275592862],[126.36908888489617,33.23129851965693]]],[[[126.31039419051521,33.23083196973284],[126.31027037428399,33.23059571742721],[126.31040802204126,33.23054186940283],[126.31053729616889,33.230733305649714],[126.31039419051521,33.23083196973284]]],[[[126.37011929592114,33.23137763924002],[126.3699223407705,33.231390148389636],[126.36998780837958,33.23135520877081],[126.37011929592114,33.23137763924002]]],[[[126.36982852289373,33.23141827242984],[126.36984183213517,33.23147422214561],[126.36974459119202,33.23142029948908],[126.36982852289373,33.23141827242984]]],[[[126.36465962200747,33.231452732157315],[126.36456415120989,33.23142003871654],[126.36492813589327,33.2313780331666],[126.36465962200747,33.231452732157315]]],[[[126.36456453374113,33.231585082412956],[126.36454523754813,33.23159345930158],[126.36453937886397,33.231575774835676],[126.36456453374113,33.231585082412956]]],[[[126.36444597693263,33.23160412316843],[126.36443906538909,33.23161027258555],[126.36442260637797,33.231567533052704],[126.36444597693263,33.23160412316843]]],[[[126.3644042738586,33.23163403296194],[126.36437183436698,33.231657327758136],[126.36437415257159,33.23159629978866],[126.3644042738586,33.23163403296194]]],[[[126.37201564839906,33.231697503302954],[126.37206072512915,33.23174225113479],[126.3719708959715,33.23170715673365],[126.37201564839906,33.231697503302954]]],[[[126.3643571559181,33.231694615844894],[126.36430431275592,33.231705769216646],[126.36430235022443,33.2316893857254],[126.3643571559181,33.231694615844894]]],[[[126.36744254930463,33.231865463461574],[126.36736026289965,33.23181584024605],[126.36739862376817,33.23178945714518],[126.36744254930463,33.231865463461574]]],[[[126.46191693145555,33.23265156982213],[126.46199614643666,33.23268568761766],[126.46191119873075,33.23273808339724],[126.46186997684677,33.23271745644188],[126.46191693145555,33.23265156982213]]],[[[126.36420406728826,33.23188806082201],[126.36416162535585,33.231926541165016],[126.36416308145668,33.23190472949002],[126.36420406728826,33.23188806082201]]],[[[126.36447035080248,33.231770253536844],[126.36427903885664,33.23194566906728],[126.36435416146017,33.231761464125405],[126.36455588566282,33.23161349282727],[126.36453511130149,33.23169563253206],[126.36463645113383,33.23172829298246],[126.36447035080248,33.231770253536844]]],[[[126.36403876463454,33.23198125425395],[126.36397383457525,33.23197258265001],[126.36397907939148,33.231960879268115],[126.36403876463454,33.23198125425395]]],[[[126.36768108430228,33.232076270333934],[126.36755180104302,33.232039665431905],[126.36758706791683,33.23202302023925],[126.36768108430228,33.232076270333934]]],[[[126.36395379136184,33.23204261686719],[126.36391001385826,33.232049335986254],[126.36391340648697,33.232029652525554],[126.36395379136184,33.23204261686719]]],[[[126.36401740750756,33.23206683572572],[126.363999049487,33.2320773442449],[126.36398897840108,33.232050289887106],[126.36401740750756,33.23206683572572]]],[[[126.46231047799363,33.23311430950456],[126.46227112580239,33.23317215031119],[126.4622181152526,33.233124802423966],[126.46231047799363,33.23311430950456]]],[[[126.37306620930204,33.232375816040694],[126.37302933019042,33.23240350860567],[126.3729887813365,33.23235334544465],[126.37306620930204,33.232375816040694]]],[[[126.38404578131696,33.23251915147772],[126.3840228844118,33.232500960560635],[126.38407652173731,33.23250326368597],[126.38404578131696,33.23251915147772]]],[[[126.38381203654664,33.2325102580884],[126.38378422115738,33.23252044387224],[126.38377213425336,33.232501458803945],[126.38381203654664,33.2325102580884]]],[[[126.38406842728921,33.23254839515984],[126.38403458527667,33.2325475512817],[126.3840494053405,33.23253007034984],[126.38406842728921,33.23254839515984]]],[[[126.36369858477072,33.23239045573452],[126.36361711768392,33.232377930435824],[126.36370340790955,33.23234970898513],[126.36369858477072,33.23239045573452]]],[[[126.384019985953,33.232611440564156],[126.38397304069017,33.23259118310461],[126.38400857458939,33.23253901921029],[126.384019985953,33.232611440564156]]],[[[126.38390824716627,33.232639225069086],[126.38390309677264,33.23261481036962],[126.38395810722261,33.23262012299842],[126.38390824716627,33.232639225069086]]],[[[126.38299544216207,33.232732373613025],[126.3829709054173,33.2327415388029],[126.38297426845834,33.232724018249264],[126.38299544216207,33.232732373613025]]],[[[126.38381818004387,33.23275400618979],[126.38375913623629,33.23260477428679],[126.38379608427455,33.232551382984475],[126.38379923776827,33.23267079142742],[126.38381818004387,33.23275400618979]]],[[[126.37409392387376,33.23272223873734],[126.37410509361487,33.23277477377509],[126.3739605459326,33.23269457853969],[126.37409392387376,33.23272223873734]]],[[[126.36362955360735,33.23257029190992],[126.36355069509716,33.232681815161584],[126.36351416654495,33.23269486428882],[126.36353479012213,33.23259676550921],[126.36362955360735,33.23257029190992]]],[[[126.31327720966785,33.23238787170728],[126.31325291910615,33.23239355298249],[126.31325708783477,33.232372234240415],[126.31327720966785,33.23238787170728]]],[[[126.38507471648178,33.233123748740574],[126.38505462628636,33.233127751836236],[126.3850780219231,33.23309137002971],[126.38507471648178,33.233123748740574]]],[[[126.23781178104551,33.23138940610058],[126.2379541750025,33.23151661506252],[126.23781464038369,33.231745753328426],[126.23772086403456,33.23159934336362],[126.23781178104551,33.23138940610058]]],[[[126.313308723927,33.232568423237666],[126.31330497871204,33.232538369596966],[126.31337311429138,33.23252340007245],[126.313308723927,33.232568423237666]]],[[[126.38487446577153,33.23329247080516],[126.38483308229732,33.23331602452384],[126.38480488769292,33.23321936659031],[126.38487446577153,33.23329247080516]]],[[[126.46237550338151,33.23420687575243],[126.46236196840444,33.23420952279211],[126.46236144187553,33.23415533228926],[126.46237550338151,33.23420687575243]]],[[[126.46280628778106,33.23425562176567],[126.46277572235525,33.234271268169174],[126.46276756259435,33.234202077814246],[126.46280628778106,33.23425562176567]]],[[[126.46268066503262,33.23425363706684],[126.46257242606981,33.234286439110036],[126.46260879777057,33.23421608864976],[126.46268066503262,33.23425363706684]]],[[[126.46214018553792,33.23430025883672],[126.46212100481084,33.23433146300346],[126.46210267592811,33.234311006396034],[126.46214018553792,33.23430025883672]]],[[[126.462707804035,33.23434229362576],[126.46273884632106,33.234318805202065],[126.46277415677821,33.23435177710011],[126.462707804035,33.23434229362576]]],[[[126.38193474272296,33.23363670050009],[126.38186862275002,33.23370524666128],[126.38179178193678,33.233577438997735],[126.38193474272296,33.23363670050009]]],[[[126.23587227909618,33.23242686340996],[126.23535120696053,33.2324101780208],[126.23527088140135,33.23221127895271],[126.23538601648373,33.23209756718493],[126.23561993626313,33.232030044985855],[126.23597270537958,33.232264904239564],[126.23587227909618,33.23242686340996]]],[[[126.46244358917008,33.23459946839678],[126.46242669444052,33.23460760010066],[126.46241022477004,33.23458156248257],[126.46244358917008,33.23459946839678]]],[[[126.46250180555884,33.23483405273509],[126.46246421328283,33.23482334155497],[126.4624959848611,33.23480355274142],[126.46250180555884,33.23483405273509]]],[[[126.46255673157633,33.23494023136194],[126.46252084478407,33.2349663139063],[126.46248283213792,33.234936576318844],[126.46255673157633,33.23494023136194]]],[[[126.46212631852927,33.23530352993195],[126.46207829783881,33.23533118239849],[126.46203221284439,33.23530564711798],[126.46204363329305,33.23529776292045],[126.46212631852927,33.23530352993195]]],[[[126.46253756140813,33.23533794612729],[126.46253911045844,33.23536536281839],[126.46249412759776,33.2353524550996],[126.46253756140813,33.23533794612729]]],[[[126.36044625491144,33.2345170290181],[126.36037563449466,33.234473333677506],[126.36045736887203,33.234464124295144],[126.36044625491144,33.2345170290181]]],[[[126.46229555604573,33.235471873791624],[126.46226066664589,33.23545765759429],[126.46226524500064,33.23544586589239],[126.46229555604573,33.235471873791624]]],[[[126.59582052900339,33.2364873254217],[126.59576385156507,33.23652826458804],[126.5954877813292,33.23644413763282],[126.59574575592269,33.23645275728004],[126.59582052900339,33.2364873254217]]],[[[126.46206095131937,33.235500793456225],[126.46198077601487,33.23550567585524],[126.46200866610214,33.23543637141917],[126.46206095131937,33.235500793456225]]],[[[126.59471854308103,33.23655385135904],[126.59467674966147,33.236510228826575],[126.59470453640454,33.23649897710041],[126.59471854308103,33.23655385135904]]],[[[126.59479567744461,33.23649048283043],[126.59476959949669,33.2365732768111],[126.59465450751668,33.236417559393715],[126.59479567744461,33.23649048283043]]],[[[126.46228424595428,33.235549184279805],[126.46225104511468,33.235539664159226],[126.46225971648187,33.235525185441034],[126.46228424595428,33.235549184279805]]],[[[126.59524230829885,33.23662353049315],[126.59520027357769,33.236611537153635],[126.59521323432189,33.23659282560281],[126.59524230829885,33.23662353049315]]],[[[126.35860100211193,33.23467938565743],[126.35861139258027,33.234697859670135],[126.35853635737381,33.23466822358424],[126.35860100211193,33.23467938565743]]],[[[126.33724929662503,33.23449182173825],[126.33726277979949,33.23451071061299],[126.33719539028898,33.234472654175576],[126.33724929662503,33.23449182173825]]],[[[126.23619987299068,33.23350654316301],[126.23613341446907,33.23321882418925],[126.23638464785436,33.233190228234804],[126.23635988333608,33.23327007126842],[126.23649739290848,33.23342473436813],[126.23619987299068,33.23350654316301]]],[[[126.43679244449268,33.23541976095496],[126.43671295604061,33.23541436161064],[126.43670012038011,33.23538487385505],[126.43674620200665,33.23538293716633],[126.43679244449268,33.23541976095496]]],[[[126.46220610116471,33.235590411368],[126.46218808107918,33.23564226801498],[126.46212968309042,33.23559504019648],[126.46220610116471,33.235590411368]]],[[[126.59422677101483,33.236651608013474],[126.59419888356821,33.23668926823308],[126.59418111384933,33.23662943190279],[126.59422677101483,33.236651608013474]]],[[[126.43681695749461,33.23545021167425],[126.43680444413273,33.235442419271884],[126.43680563999229,33.23543823185952],[126.43681695749461,33.23545021167425]]],[[[126.59517459672877,33.23667491046772],[126.5953245706804,33.236644148701835],[126.59532247248985,33.236654871254395],[126.59517459672877,33.23667491046772]]],[[[126.35815527535378,33.23474409484886],[126.35819899770215,33.234721689976034],[126.35822542008306,33.23476453617358],[126.35815527535378,33.23474409484886]]],[[[126.23598811472627,33.23362866269109],[126.23584798637857,33.23363550641191],[126.23579641300373,33.23347092738604],[126.23547675003017,33.23355062978104],[126.23527764231021,33.233462874684804],[126.23524439818772,33.23328109107997],[126.23532975277752,33.2330069116992],[126.23547112541631,33.23288232258338],[126.23547563770758,33.23303579332722],[126.23566556823947,33.233285837509385],[126.23587266711696,33.23334786218256],[126.23585218545603,33.233485414413856],[126.23602309136045,33.23344663456181],[126.23609586743198,33.23349807078702],[126.2360066764003,33.23349848302698],[126.23599568614956,33.233550879063756],[126.23609776980227,33.23352719132856],[126.23598811472627,33.23362866269109]]],[[[126.36067063326834,33.23486239321928],[126.36063982555292,33.23486463372069],[126.36063889764871,33.23482694971692],[126.36067063326834,33.23486239321928]]],[[[126.46212558687705,33.23575596335476],[126.4620616856719,33.235748834214114],[126.46206275161592,33.235714847934304],[126.46212558687705,33.23575596335476]]],[[[126.59417936288816,33.23677154159969],[126.59414020624004,33.23679821957245],[126.59413017021714,33.23672959044743],[126.59417936288816,33.23677154159969]]],[[[126.43734562161906,33.23555621044374],[126.43735535395874,33.235559409798476],[126.4373248257627,33.23556518657458],[126.43734562161906,33.23555621044374]]],[[[126.3373909274437,33.23463969290746],[126.33735943361641,33.2346943079669],[126.33729539351503,33.234608980318875],[126.3373909274437,33.23463969290746]]],[[[126.60238736789981,33.23676051403137],[126.60237899800794,33.23682240287704],[126.60227828821114,33.23688514059527],[126.6022729183204,33.236824768001334],[126.60238736789981,33.23676051403137]]],[[[126.60194241107797,33.236887528844186],[126.60194255408979,33.23678714185028],[126.60203045476833,33.23678565506008],[126.602017899753,33.236866446684296],[126.60194241107797,33.236887528844186]]],[[[126.5941996620223,33.236785619267714],[126.59421448440204,33.23686326223569],[126.59420302759897,33.23686985239252],[126.59417586386074,33.23684606836985],[126.5941996620223,33.236785619267714]]],[[[126.46218065722009,33.23589108491999],[126.46211576005706,33.235836345593256],[126.4622384064517,33.23583399115416],[126.46218065722009,33.23589108491999]]],[[[126.35823223868985,33.23491512395236],[126.3581381807371,33.23498979727933],[126.35813010421964,33.234857307837366],[126.35837055003927,33.234754050319225],[126.35842770860276,33.23493246924374],[126.35823223868985,33.23491512395236]]],[[[126.43661930122491,33.235697480314926],[126.43660626036841,33.23569815170838],[126.43660644830928,33.235689010337815],[126.43661930122491,33.235697480314926]]],[[[126.59424619843324,33.23676833388988],[126.5943083950885,33.23695427357722],[126.59430242065294,33.236972529902886],[126.59421813608958,33.23680921282978],[126.59424619843324,33.23676833388988]]],[[[126.46242021032174,33.23593034910095],[126.46241585294216,33.23594096922168],[126.46236653095548,33.235918396102804],[126.46242021032174,33.23593034910095]]],[[[126.33748502173202,33.234815604353294],[126.33748959810173,33.23484333544642],[126.33745208499867,33.23483830291393],[126.33748502173202,33.234815604353294]]],[[[126.43674972993037,33.23573308104659],[126.43673473831713,33.23573522217682],[126.43673169600171,33.235724371072074],[126.43674972993037,33.23573308104659]]],[[[126.43742958002571,33.23574991608095],[126.43742652863429,33.2357572868334],[126.43739237479258,33.235752777580004],[126.43742958002571,33.23574991608095]]],[[[126.33740743156568,33.23486538445778],[126.33736692548905,33.2347238575481],[126.33738024417292,33.23473028472258],[126.33740743156568,33.23486538445778]]],[[[126.43670445269476,33.23573824093301],[126.43669639985056,33.23575420770329],[126.43666191822311,33.23573723693455],[126.43670445269476,33.23573824093301]]],[[[126.43744270076844,33.235773517424086],[126.43742465733835,33.23576807069145],[126.43745974623013,33.235748871379066],[126.43744270076844,33.235773517424086]]],[[[126.43695685281385,33.235776557182675],[126.43690941006491,33.23573459746396],[126.43691832306418,33.235729940255936],[126.43695685281385,33.235776557182675]]],[[[126.43745150862173,33.23579201301263],[126.43746017671636,33.235797219106544],[126.43743544886775,33.23580180438751],[126.43745150862173,33.23579201301263]]],[[[126.3418535842454,33.23494847675714],[126.34180088982144,33.234951984344455],[126.34183272946696,33.23486939349211],[126.3418535842454,33.23494847675714]]],[[[126.43699465582333,33.23580092782126],[126.43698597338955,33.235774470936676],[126.43706307602595,33.23579222164861],[126.43699465582333,33.23580092782126]]],[[[126.33721162913734,33.234913984581986],[126.33708064661528,33.23489203547702],[126.33694698803647,33.234702902199835],[126.33700150720945,33.23455703160754],[126.33710271597649,33.23479960198235],[126.33721162913734,33.234913984581986]]],[[[126.60198718235513,33.23693536006731],[126.60201352669968,33.237104914691756],[126.60198098641416,33.23714498830404],[126.60189546914324,33.23704423538439],[126.60198718235513,33.23693536006731]]],[[[126.59432606545107,33.23699638298127],[126.59437965127094,33.23709060745722],[126.5943724717607,33.23710030354699],[126.59431142790102,33.23705746614044],[126.59432606545107,33.23699638298127]]],[[[126.46193801517867,33.236058458743784],[126.4619145294586,33.23609171764265],[126.46191563527363,33.23603383829999],[126.46193801517867,33.236058458743784]]],[[[126.43744500093803,33.235881839469904],[126.43733435475255,33.235871484247795],[126.43714794656431,33.235719447717166],[126.43726525922867,33.235692316759405],[126.43744500093803,33.235881839469904]]],[[[126.43750866975708,33.23589975474695],[126.43747396285424,33.23590626972819],[126.43747844773742,33.23588606667546],[126.43750866975708,33.23589975474695]]],[[[126.43674064728602,33.23592465326997],[126.43672257652106,33.23589344766543],[126.43675348506451,33.23590875265478],[126.43674064728602,33.23592465326997]]],[[[126.43712523901021,33.23593297585607],[126.43704823218839,33.235928759627456],[126.43702341883527,33.23591495171087],[126.43708235830339,33.235892280924475],[126.43712523901021,33.23593297585607]]],[[[126.46220284465133,33.23614002982813],[126.46216863739478,33.236172069182125],[126.46215646203564,33.236127927467095],[126.46220284465133,33.23614002982813]]],[[[126.43729226388496,33.23590681805329],[126.4372689149097,33.235960746754806],[126.43717854443672,33.23594573202961],[126.4371923509135,33.235932702406984],[126.43729226388496,33.23590681805329]]],[[[126.43686223430434,33.2359772276974],[126.43685526312424,33.23598363412753],[126.43684299898676,33.23597696948157],[126.43686223430434,33.2359772276974]]],[[[126.43750388838289,33.23598963383443],[126.43748492626284,33.23598009888045],[126.4374926533502,33.23596984668083],[126.43750388838289,33.23598963383443]]],[[[126.43891822278253,33.23602385458749],[126.43875435970125,33.23601015049228],[126.43876448153966,33.235932259513575],[126.43893128572327,33.235880086532795],[126.43891822278253,33.23602385458749]]],[[[126.34265646457487,33.23516184346722],[126.34265597849486,33.23516794500824],[126.34262005808787,33.23514365461256],[126.34265646457487,33.23516184346722]]],[[[126.43747077845879,33.23598630153293],[126.43747054233579,33.236028181155454],[126.43739703465006,33.23597673511868],[126.43747077845879,33.23598630153293]]],[[[126.34098511601987,33.23515519065164],[126.34094895915668,33.23517675527731],[126.34096752732255,33.23508843188827],[126.34098511601987,33.23515519065164]]],[[[126.3408096521345,33.23514724649762],[126.34086456807168,33.23515221742803],[126.34084361400087,33.23518084059842],[126.3408096521345,33.23514724649762]]],[[[126.4376042131459,33.23604852169275],[126.43759869497816,33.236050778117225],[126.43759358373137,33.23603980022605],[126.4376042131459,33.23604852169275]]],[[[126.43596801264928,33.23602140401359],[126.43596437610586,33.23603959121092],[126.43593950268345,33.236033500475294],[126.43596801264928,33.23602140401359]]],[[[126.43677370673618,33.236041391802665],[126.43675690027403,33.2360236620896],[126.43682041293879,33.23601235529499],[126.43677370673618,33.236041391802665]]],[[[126.43654035021045,33.23605156039522],[126.43653051872042,33.235958414053705],[126.4366402237564,33.235867955594486],[126.43666236807003,33.23603015878689],[126.43654035021045,33.23605156039522]]],[[[126.43767459536855,33.236035117497195],[126.43766021243253,33.23607797846563],[126.43761908924593,33.2360191958653],[126.43767459536855,33.236035117497195]]],[[[126.46210994057621,33.236208782792644],[126.4621484044064,33.23628730048884],[126.46211390684488,33.23631438122142],[126.46207276783167,33.23625189940285],[126.46210994057621,33.236208782792644]]],[[[126.34339745370804,33.235281849814356],[126.34343305984522,33.23528218181147],[126.34342656443425,33.23529710517171],[126.34339745370804,33.235281849814356]]],[[[126.34309767022832,33.235311796413725],[126.34307448226134,33.23532795706926],[126.3430598976932,33.23530702561561],[126.34309767022832,33.235311796413725]]],[[[126.34330916529534,33.23534505588271],[126.343252676705,33.23538116512559],[126.34320030562404,33.23538161876862],[126.34325003696163,33.235338098684906],[126.34330916529534,33.23534505588271]]],[[[126.34284815655336,33.235372627555925],[126.34275999667757,33.23523076988898],[126.3429581802777,33.23530514503151],[126.34284815655336,33.235372627555925]]],[[[126.34307624845201,33.23541599191582],[126.3430615852736,33.23540550948881],[126.3431235354445,33.23537088971123],[126.34307624845201,33.23541599191582]]],[[[126.34114320960313,33.23541912970833],[126.3410956742664,33.23537283271379],[126.34114994508637,33.235365050539976],[126.34114320960313,33.23541912970833]]],[[[126.34217952639088,33.235446794210866],[126.34213582333298,33.23544175777631],[126.34221009150322,33.23535820980455],[126.34217952639088,33.235446794210866]]],[[[126.34140964743737,33.235440899616904],[126.34125380047671,33.2354351870939],[126.3412004801092,33.2353591239815],[126.34127888632013,33.23523889397029],[126.34140684790208,33.235300655972424],[126.34127506604591,33.235372042700114],[126.34140964743737,33.235440899616904]]],[[[126.43775314906732,33.236349238215624],[126.43773395170714,33.23634814165554],[126.43773125443957,33.23633199912677],[126.43775314906732,33.236349238215624]]],[[[126.34342251193205,33.23550918964002],[126.34347139613298,33.23545566640539],[126.34346118424533,33.23551565079469],[126.34342251193205,33.23550918964002]]],[[[126.34339571345728,33.23561085940412],[126.34336121294955,33.235618980640275],[126.34339742865559,33.23555648267821],[126.34339571345728,33.23561085940412]]],[[[126.33825157770573,33.235509675783696],[126.33809271523567,33.23556244919161],[126.33810535088051,33.23534774215801],[126.33815196492856,33.23548637026626],[126.33825157770573,33.235509675783696]]],[[[126.43793067484488,33.23645433133756],[126.43790972128043,33.23653820521623],[126.4379051049142,33.23645815639828],[126.43780457818053,33.23644573686752],[126.43785320098681,33.236403932225485],[126.43793067484488,33.23645433133756]]],[[[126.34360166852866,33.23569650867004],[126.34358331521145,33.235704544689455],[126.3435655576508,33.23565020968725],[126.34360166852866,33.23569650867004]]],[[[126.34367934174276,33.23572288529282],[126.3436386458473,33.235727296192984],[126.34364050950224,33.23571193291185],[126.34367934174276,33.23572288529282]]],[[[126.43845978433741,33.23656920795016],[126.43843821329136,33.23659515849598],[126.43843494333744,33.236531100877215],[126.43845978433741,33.23656920795016]]],[[[126.3406107882918,33.23572816743083],[126.34054983836705,33.23572204248817],[126.34056370089293,33.235674776227974],[126.3406107882918,33.23572816743083]]],[[[126.43805552538781,33.23654043237708],[126.43807212986738,33.236611474838476],[126.43796895396616,33.23652174728473],[126.43805552538781,33.23654043237708]]],[[[126.43815449258796,33.23660551717021],[126.43815501615516,33.23662266844402],[126.43812470058232,33.236620241366204],[126.43815449258796,33.23660551717021]]],[[[126.4619318223567,33.23684185544168],[126.46183980242394,33.23681837646738],[126.46184923324843,33.23664512410849],[126.46206999373389,33.23675734009469],[126.4619318223567,33.23684185544168]]],[[[126.43820009061358,33.236671072590916],[126.43818040272104,33.23668266943944],[126.43814593619763,33.2366565823847],[126.43820009061358,33.236671072590916]]],[[[126.34695784209588,33.23578762913432],[126.34701899174613,33.23584317405545],[126.3469959013477,33.236016614928666],[126.34692608274607,33.23590916292093],[126.34695784209588,33.23578762913432]]],[[[126.3464106895736,33.236109266238415],[126.3463880391399,33.236110923152154],[126.34638754317217,33.23606941894745],[126.3464106895736,33.236109266238415]]],[[[126.43821710711003,33.23698976634053],[126.43832502074001,33.23684378474939],[126.43838677198798,33.23694858885677],[126.43821710711003,33.23698976634053]]],[[[126.34713532302916,33.23612793646981],[126.34715990020477,33.23620517287118],[126.34714634003085,33.23623669771479],[126.34708615185005,33.23616683009813],[126.34713532302916,33.23612793646981]]],[[[126.60541690017978,33.238067847082505],[126.60529080194179,33.23837732944872],[126.605269001475,33.23838419347829],[126.60533252405817,33.23812055048924],[126.60541690017978,33.238067847082505]]],[[[126.35689959050664,33.23645283292388],[126.35695184457025,33.23650076286088],[126.35693963322063,33.23651566689079],[126.35687086439587,33.23650339183923],[126.35689959050664,33.23645283292388]]],[[[126.60528591680938,33.23852130469187],[126.60526052523288,33.23855606302795],[126.60525703506896,33.23848522872803],[126.60528591680938,33.23852130469187]]],[[[126.54700304869215,33.23769945465545],[126.54696277812691,33.23808850393262],[126.54687747733148,33.23815558156777],[126.54684519870804,33.237772982759445],[126.54700304869215,33.23769945465545]]],[[[126.56403808690037,33.23702613086554],[126.56295589174853,33.23791985375057],[126.56301945011927,33.2380289306267],[126.5629505945796,33.238268794576996],[126.56284532612209,33.238311499133616],[126.56098592274847,33.237661522494385],[126.55967002119695,33.237053304772495],[126.55933998779739,33.23681848201899],[126.55875117504438,33.236623863163366],[126.55857194212655,33.23634582764913],[126.5587146230501,33.23625855922869],[126.55905261827166,33.23646877359286],[126.55935975252468,33.2364446441298],[126.55984849831938,33.235878965022934],[126.56065445032246,33.235617337710394],[126.5608705144395,33.2353925812431],[126.56141154528,33.23531399264496],[126.56158247156966,33.235047287107456],[126.56220667785077,33.234674715080054],[126.56267770123138,33.23468190478263],[126.56288979329656,33.23478432338988],[126.56339982451705,33.234692660409024],[126.56374394079981,33.23476601575123],[126.5641763236354,33.23404116782881],[126.56478116268977,33.23334974624526],[126.5650998239374,33.233105896060316],[126.56520327760401,33.23215864047137],[126.56565822057965,33.23212756231181],[126.56556625280709,33.233170543495596],[126.56473356131295,33.233919953726556],[126.56427441530805,33.23476881871847],[126.56434971864817,33.23507271908594],[126.56421080826891,33.23561193901106],[126.56424811943722,33.236172380803396],[126.56403808690037,33.23702613086554]]],[[[126.60450103751576,33.2386030245423],[126.60448678214337,33.23864971012362],[126.60443680703857,33.238596535197054],[126.60450103751576,33.2386030245423]]],[[[126.46185606320834,33.23749169062455],[126.46178996475702,33.23759788756529],[126.46175829075344,33.2373738761674],[126.46185606320834,33.23749169062455]]],[[[126.46172326615789,33.23757433664762],[126.46156514328786,33.23753506278961],[126.46159205473298,33.237310673698666],[126.461643402287,33.23731792918764],[126.46161879489962,33.237446664740276],[126.46172326615789,33.23757433664762]]],[[[126.5913251550918,33.23863219432052],[126.59131369098552,33.238425934783855],[126.59151120972388,33.238390942160336],[126.59158857866923,33.238467167965396],[126.5913251550918,33.23863219432052]]],[[[126.53495058440201,33.2382519639566],[126.53501956275245,33.238140726559315],[126.53513066464036,33.23817512394905],[126.5351814349251,33.238045623191276],[126.53532914328609,33.23812711475647],[126.53495058440201,33.2382519639566]]],[[[126.23530776931247,33.235390539983456],[126.23537396097062,33.23552711722351],[126.23524787742981,33.23558954646365],[126.23520823130639,33.2355143150038],[126.23530776931247,33.235390539983456]]],[[[126.43966524709498,33.23751966401999],[126.43968058346073,33.23747849306914],[126.43973576797474,33.23748791166171],[126.43966524709498,33.23751966401999]]],[[[126.46146698445732,33.2375330147781],[126.46149159674965,33.23764852928335],[126.46142523340974,33.237710364412635],[126.46137804092338,33.23755012155603],[126.46146698445732,33.2375330147781]]],[[[126.43970173173018,33.23756588385867],[126.43966737125564,33.23756170808082],[126.43970623081279,33.23755007149693],[126.43970173173018,33.23756588385867]]],[[[126.60465565361218,33.23890911519417],[126.60461448705212,33.23890858794941],[126.6046117361274,33.23885952142589],[126.60465565361218,33.23890911519417]]],[[[126.60473294289831,33.23896052848707],[126.60471981796717,33.23897792480158],[126.60466131733111,33.238923775815735],[126.60473294289831,33.23896052848707]]],[[[126.54820087035408,33.238623464152376],[126.54821690716074,33.238653546147816],[126.54808165667173,33.23863385058976],[126.54820087035408,33.238623464152376]]],[[[126.54495991877282,33.238667397425786],[126.54471062404703,33.238656612265196],[126.5449071470627,33.2385462595099],[126.54495991877282,33.238667397425786]]],[[[126.5443871516399,33.23865504921509],[126.5443756069906,33.23868809735811],[126.54432676539669,33.238676070664035],[126.5443871516399,33.23865504921509]]],[[[126.46074552135725,33.23799251333056],[126.46066595936273,33.23803706926213],[126.46060528060988,33.238029142811406],[126.46061794531374,33.2379584199168],[126.46074552135725,33.23799251333056]]],[[[126.46091361202107,33.23803345441838],[126.4608326913111,33.238107127375045],[126.46078574040467,33.23799521247146],[126.46091361202107,33.23803345441838]]],[[[126.46060868498444,33.23812121370309],[126.46059800908343,33.2381474946116],[126.46053368200423,33.23810456928411],[126.46060868498444,33.23812121370309]]],[[[126.46078362637519,33.23814730759934],[126.46075623104367,33.2381531397602],[126.46074805067934,33.238122358424825],[126.46078362637519,33.23814730759934]]],[[[126.46028960297686,33.23815499254415],[126.46025601782907,33.23815547844303],[126.46025883685215,33.238133220395426],[126.46028960297686,33.23815499254415]]],[[[126.46022501939858,33.23822377693562],[126.46017813234073,33.23822375385355],[126.46018999425873,33.23819657644489],[126.46022501939858,33.23822377693562]]],[[[126.54794334174075,33.239049261566294],[126.5479310556523,33.23902230284908],[126.54799894592519,33.23900049555888],[126.54794334174075,33.239049261566294]]],[[[126.54912546787233,33.23906497091031],[126.54909522626838,33.239133532580176],[126.5488343743131,33.23896861370959],[126.54863235271176,33.23907535530471],[126.54854456404927,33.23902989278573],[126.54865538272361,33.23878474897435],[126.54878036927664,33.238885226421175],[126.54899851848468,33.238877174238425],[126.54912546787233,33.23906497091031]]],[[[126.39213780858067,33.23749090337083],[126.39183324397864,33.23785008184567],[126.39176919417406,33.2375737191322],[126.39196304024318,33.237421373065025],[126.39213780858067,33.23749090337083]]],[[[126.5449381458047,33.2389835180247],[126.54504593704222,33.239077166535445],[126.54486589107317,33.23914998137958],[126.5446915629138,33.23901453389526],[126.54470373410244,33.23897834723069],[126.5449381458047,33.2389835180247]]],[[[126.54803963427852,33.23918561356191],[126.54806582160468,33.23914231279454],[126.54814072885402,33.23915392778877],[126.54803963427852,33.23918561356191]]],[[[126.54804100238908,33.239388854800154],[126.54803588549676,33.239332439061734],[126.54822018538059,33.23928851375511],[126.54818951817015,33.23937874586928],[126.54804100238908,33.239388854800154]]],[[[126.54463198555123,33.23940027890392],[126.54452952664458,33.23935734631169],[126.54467830608655,33.23933170746865],[126.54463198555123,33.23940027890392]]],[[[126.54477824936684,33.23947064520775],[126.54487638886877,33.239446317383475],[126.54487716924572,33.23952971251],[126.54477824936684,33.23947064520775]]],[[[126.54854175137795,33.239584397447],[126.54854468805894,33.239388611311156],[126.54872170036788,33.23918023773152],[126.54890198928499,33.23933250063669],[126.5491284697692,33.23928399350371],[126.54920992490048,33.23940355496405],[126.54913715550062,33.239520910999055],[126.54881256087754,33.239419778834055],[126.54875590045951,33.23956142656907],[126.54854175137795,33.239584397447]]],[[[126.61401266944597,33.24028623847628],[126.61385518163858,33.24029076279782],[126.61384967847685,33.24023683691545],[126.61391496238134,33.24022836631188],[126.61401266944597,33.24028623847628]]],[[[126.61366310063549,33.24030264482787],[126.61360398379641,33.24023127719969],[126.61350316397831,33.240261385824034],[126.61360639804867,33.24014329471844],[126.61366310063549,33.24030264482787]]],[[[126.6142472523975,33.24033230102607],[126.61394965807402,33.24032181116683],[126.61409949939376,33.24032622480018],[126.61422792339488,33.240157558418794],[126.6142472523975,33.24033230102607]]],[[[126.61455667626609,33.24035130139808],[126.6146768465763,33.24025854424376],[126.61465482270721,33.24017941188532],[126.61488788304834,33.24005395835738],[126.61490045019715,33.240151373752425],[126.61477009219017,33.24024507422631],[126.61494031637466,33.240157457043864],[126.6149270488089,33.240247876093285],[126.61502041722119,33.24026908440656],[126.61455667626609,33.24035130139808]]],[[[126.5492109529254,33.23969259641095],[126.5491929752479,33.239871493965495],[126.54903560488371,33.23986622753685],[126.54900312549368,33.239634488431],[126.5492109529254,33.23969259641095]]],[[[126.54476753585429,33.23971949194015],[126.54482760697235,33.23978099563209],[126.54477407491122,33.23988091772213],[126.54467537259562,33.239802411322046],[126.54476753585429,33.23971949194015]]],[[[126.3940841220318,33.23860820097215],[126.39405980403987,33.23871936837727],[126.39384847595294,33.23874070038008],[126.3938709569137,33.23867315232676],[126.3940841220318,33.23860820097215]]],[[[126.54926885265974,33.24030658086325],[126.54916479215615,33.24027187916083],[126.54933596272852,33.2401943911945],[126.54926885265974,33.24030658086325]]],[[[126.45563498396322,33.240056895053726],[126.45560635820529,33.240081095524914],[126.45555882090929,33.240049114810056],[126.45563498396322,33.240056895053726]]],[[[126.4210130160898,33.24023951944366],[126.42090694790063,33.2403545776958],[126.4207586266785,33.240248234720156],[126.42077692178287,33.2401716096345],[126.4210130160898,33.24023951944366]]],[[[126.61848614579567,33.241907500482746],[126.61843164352197,33.2419409457919],[126.61840619968581,33.241884768170046],[126.61848614579567,33.241907500482746]]],[[[126.39685785562175,33.24014961904783],[126.3968089272772,33.24021669404764],[126.3968033810597,33.24012025497853],[126.39685785562175,33.24014961904783]]],[[[126.4539783336637,33.24064793486585],[126.45405805769148,33.24063017956658],[126.45405388744625,33.24065544308052],[126.4539783336637,33.24064793486585]]],[[[126.39864170767196,33.24022836736794],[126.39864040935942,33.24028319718509],[126.39858123930092,33.24029543468975],[126.39858335689073,33.240268224898415],[126.39864170767196,33.24022836736794]]],[[[126.45380947241821,33.24068758631756],[126.45379851187697,33.240755673752865],[126.45368687066177,33.24076949217682],[126.45370094076769,33.2407275295183],[126.45380947241821,33.24068758631756]]],[[[126.61847449180391,33.24208077636166],[126.61839176903545,33.24212430667717],[126.6183837619331,33.242077982990814],[126.61847449180391,33.24208077636166]]],[[[126.61883348741617,33.242239762518814],[126.6187633109048,33.24226269191248],[126.61873669732817,33.24219426647565],[126.61883348741617,33.242239762518814]]],[[[126.61867491955081,33.24212664444821],[126.61864512081536,33.24226534140974],[126.61861681148497,33.242281078426196],[126.61858563118501,33.24216972970207],[126.61867491955081,33.24212664444821]]],[[[126.39914435342881,33.240585782897725],[126.39930982570651,33.24053843556821],[126.39929899852974,33.24059662826275],[126.39914435342881,33.240585782897725]]],[[[126.61880006126258,33.24240602025713],[126.61879056083878,33.242473730712184],[126.6187193887096,33.24248386413678],[126.61873082853865,33.24240687183242],[126.61880006126258,33.24240602025713]]],[[[126.6191752831081,33.24251286806662],[126.6191383236382,33.24252912029209],[126.61909805608629,33.24246189705042],[126.6191752831081,33.24251286806662]]],[[[126.39873536287227,33.24091369209367],[126.39861797833827,33.24092361025291],[126.39863448594092,33.24073944403632],[126.39851461032796,33.24066173951852],[126.3986378934638,33.240592685045215],[126.39871849661593,33.240675311713204],[126.39873536287227,33.24091369209367]]],[[[126.39839036324713,33.241009479896626],[126.39838714562191,33.240918419013106],[126.39848175257526,33.2409082822024],[126.39839036324713,33.241009479896626]]],[[[126.3984976549819,33.24101474143826],[126.39847326740512,33.2410287246202],[126.39843072623472,33.24097984082261],[126.3984976549819,33.24101474143826]]],[[[126.61884941524976,33.24266639229803],[126.61889784325977,33.242752051760675],[126.61884750852798,33.24278688962967],[126.61875946916135,33.242707907206785],[126.61884941524976,33.24266639229803]]],[[[126.39880082332346,33.24107836541247],[126.39876999238183,33.240999063001084],[126.39883036597367,33.2410009594832],[126.39880082332346,33.24107836541247]]],[[[126.39878385404793,33.24107604690831],[126.39878678085451,33.241109357864204],[126.39873889438208,33.24108580190457],[126.39878385404793,33.24107604690831]]],[[[126.58262820393581,33.24306596449164],[126.58253127072436,33.24318982132671],[126.58239415069663,33.243075060449925],[126.5824288572477,33.243058018794805],[126.58262820393581,33.24306596449164]]],[[[126.58226924175152,33.24334156968067],[126.58228446592089,33.24342319088118],[126.58217135579433,33.24340183941178],[126.58218493320754,33.24335817399838],[126.58226924175152,33.24334156968067]]],[[[126.61955134777945,33.24356482842007],[126.61972514003345,33.243723885318296],[126.61930516416986,33.243533725705966],[126.619429056182,33.24354547516659],[126.61930503369916,33.243155319318504],[126.61942833941632,33.24298291601298],[126.61974190804763,33.2431818738928],[126.61967978930909,33.243556727940785],[126.6196450179337,33.24327083929419],[126.61956534947419,33.24323321381737],[126.61957175229216,33.243432025810534],[126.61946872470699,33.24327053474354],[126.61941810454493,33.2434380923851],[126.61960554242408,33.24346640959346],[126.61955134777945,33.24356482842007]]],[[[126.6196748613776,33.2438969077394],[126.61936924957328,33.24394339046144],[126.61954455660644,33.24377764733569],[126.6195963941788,33.243894008112186],[126.6196673320042,33.24377468671465],[126.6196748613776,33.2438969077394]]],[[[126.5744704995376,33.24365664393068],[126.5744062568281,33.24365252013403],[126.5744404431409,33.24360159581194],[126.5744704995376,33.24365664393068]]],[[[126.57457600934364,33.24380910094216],[126.57452520381706,33.24378006597337],[126.5745592789848,33.24376077055626],[126.57457600934364,33.24380910094216]]],[[[126.22203517051433,33.240813717595564],[126.22194686053214,33.24080486064366],[126.22190014594376,33.24073570442949],[126.22203537852572,33.240759964836066],[126.22203517051433,33.240813717595564]]],[[[126.22144564260992,33.24090229055758],[126.2215115928007,33.24104670815976],[126.22137801917187,33.24106653619265],[126.22136908227101,33.24094656660434],[126.22144564260992,33.24090229055758]]],[[[126.57498317051821,33.24419710333383],[126.57503039568488,33.24412351138425],[126.57518775889397,33.24418215061589],[126.57514310017545,33.24419990452947],[126.57498317051821,33.24419710333383]]],[[[126.57538991612918,33.24440573310208],[126.57524832342445,33.244318179253895],[126.5754396136827,33.24422921833074],[126.57572834783146,33.244218415977905],[126.57578250691273,33.24437935746841],[126.57538991612918,33.24440573310208]]],[[[126.57649330844902,33.24454712934324],[126.57646911715145,33.24455489954034],[126.57646531403164,33.24449581217105],[126.57649330844902,33.24454712934324]]],[[[126.57563195754781,33.24445861904712],[126.57570026277817,33.244520347815936],[126.57570134443635,33.24456626898095],[126.57561399714865,33.24454491631168],[126.57563195754781,33.24445861904712]]],[[[126.57637610737686,33.24457958534762],[126.57628737810651,33.24462224547237],[126.57626568559147,33.24449930660142],[126.57637610737686,33.24457958534762]]],[[[126.57634852684977,33.24465618380914],[126.57629633188768,33.244652498611224],[126.57630835321989,33.24462940403801],[126.57634852684977,33.24465618380914]]],[[[126.41434210135284,33.24335798175723],[126.41434521271914,33.24347981466393],[126.41428954258936,33.24351420659876],[126.41426929912011,33.24340324580372],[126.41434210135284,33.24335798175723]]],[[[126.62040096943049,33.24538082060034],[126.62035598916223,33.24553522730446],[126.61966428266261,33.24534691863481],[126.6197106464175,33.24516179853389],[126.62040096943049,33.24538082060034]]],[[[126.21211820510312,33.24214519656081],[126.21200511179512,33.241987735868086],[126.21206977315472,33.24205889439289],[126.21211820510312,33.24214519656081]]],[[[126.2133677457848,33.24240546416414],[126.21312122620495,33.24240376667531],[126.21311048292183,33.24233788092625],[126.21329756124129,33.242262569760896],[126.2133677457848,33.24240546416414]]],[[[126.217180871753,33.24247775112134],[126.21716400245599,33.24254423740724],[126.21708398369498,33.24250416256718],[126.217180871753,33.24247775112134]]],[[[126.21787556808725,33.242744183182865],[126.21798816782774,33.242810086832286],[126.21799492044221,33.24285307211295],[126.21784814528804,33.24278611534473],[126.21787556808725,33.242744183182865]]],[[[126.21653406190268,33.24272437575534],[126.21668051184021,33.24284574934682],[126.21647236093078,33.24286932372741],[126.21644478956947,33.24277267712305],[126.21653406190268,33.24272437575534]]],[[[126.21048761266857,33.242711254255326],[126.21056133652489,33.24280784309194],[126.21051505935509,33.242859211402966],[126.21045709184035,33.24283600574352],[126.21048761266857,33.242711254255326]]],[[[126.2099190391669,33.24279239537308],[126.21004751780167,33.24256788153975],[126.21024366359659,33.24264206697762],[126.21030850974576,33.24288707611732],[126.2099190391669,33.24279239537308]]],[[[126.21907938013463,33.242869389445886],[126.21918748125833,33.2429236146297],[126.21921015773907,33.24308607327631],[126.21913015446171,33.243076699175425],[126.21917166001224,33.24299546304098],[126.21907938013463,33.242869389445886]]],[[[126.62334763340355,33.24678430418905],[126.62306783281738,33.24738557652132],[126.62248096625608,33.24720910497326],[126.62234679708158,33.24703861507808],[126.62237699160764,33.246962693760615],[126.62076619277244,33.24638466563298],[126.62021058016668,33.246192174542934],[126.62016926028748,33.24625362135092],[126.61985421716878,33.24623389596854],[126.6197041343631,33.24606461471193],[126.6197030773824,33.245860392807764],[126.61983629729181,33.245720740069096],[126.62011007726899,33.2457039580787],[126.62334763340355,33.24678430418905]]],[[[126.20689235317562,33.24449190579208],[126.20682803115322,33.244509165105576],[126.2068203349786,33.2444588991946],[126.20689235317562,33.24449190579208]]],[[[126.20504475564972,33.24451491580632],[126.20510119942055,33.24457838920621],[126.2050776513166,33.24462184062986],[126.20501672339994,33.24456540682939],[126.20504475564972,33.24451491580632]]],[[[126.20452223219665,33.2445992920859],[126.20458991676765,33.24469637793215],[126.20449972628738,33.244821394591725],[126.20443656841672,33.24474588714613],[126.20452223219665,33.2445992920859]]],[[[126.20209134853721,33.245582745805855],[126.20213149558374,33.24566114568669],[126.20204549496646,33.245669501679146],[126.2020393194847,33.24561101064585],[126.20209134853721,33.245582745805855]]],[[[126.20233492402625,33.24576052963401],[126.20240838720092,33.24588280682553],[126.20222268837298,33.24590235428409],[126.20217773893542,33.24580703500468],[126.20233492402625,33.24576052963401]]],[[[126.20098786216639,33.246364886518485],[126.20103647394917,33.2464229884089],[126.20112344733535,33.246486933090885],[126.2010167068217,33.246484802593685],[126.20098786216639,33.246364886518485]]],[[[126.20095829121264,33.246666009091484],[126.20090986058044,33.24669373741617],[126.20084467946367,33.246616681927065],[126.20095829121264,33.246666009091484]]],[[[126.20082465129799,33.24701362372526],[126.2006256443962,33.247163272558566],[126.20060480378827,33.247024021950246],[126.2007754638597,33.246935947927064],[126.20100263191017,33.24698167589323],[126.20113734521276,33.24690572992463],[126.20125731740605,33.24697528993744],[126.20092697530848,33.2470300594315],[126.20082465129799,33.24701362372526]]],[[[126.20019803623543,33.24690004790693],[126.2003873469541,33.247050931662024],[126.20029301203445,33.24720482420099],[126.20013509909276,33.247118489818426],[126.20022101092292,33.24704482162394],[126.20014779945032,33.24693280413081],[126.20019803623543,33.24690004790693]]],[[[126.19834152446474,33.24896052865946],[126.19819042616162,33.24893900030876],[126.19821322694071,33.24869796594546],[126.19831464637598,33.248766239639664],[126.19834152446474,33.24896052865946]]],[[[126.19801538521156,33.24920014785861],[126.19799502185674,33.24906820014449],[126.19786828385546,33.249069636509915],[126.19784320817121,33.248948568748695],[126.19794025239771,33.24889699467163],[126.19810449892303,33.24895954087077],[126.19801538521156,33.24920014785861]]],[[[126.62857041525669,33.25315364517287],[126.62858748061578,33.25327857246126],[126.62846387895941,33.25329974833271],[126.62846064265497,33.25320164300254],[126.62857041525669,33.25315364517287]]],[[[126.197558177033,33.24937453922156],[126.19777274162803,33.249496738372486],[126.19779852115957,33.249623039164426],[126.19769951498165,33.249701381937705],[126.19761955380862,33.24969175989306],[126.19747401128028,33.24946109129683],[126.197558177033,33.24937453922156]]],[[[126.19449245018784,33.251135498089724],[126.19453675463502,33.251198870369876],[126.19448820221692,33.25123715345966],[126.1944205093849,33.251190787278226],[126.19449245018784,33.251135498089724]]],[[[126.19474910346796,33.25143399549735],[126.19468095128029,33.251479860888885],[126.19441895061442,33.25143200134568],[126.19468982598517,33.25128909332916],[126.19474910346796,33.25143399549735]]],[[[126.19280099355092,33.25273201057455],[126.19263893189093,33.25273611500877],[126.19263203062776,33.25263010447076],[126.19278283534854,33.252652857732734],[126.19280099355092,33.25273201057455]]],[[[126.18816323484829,33.25609458188189],[126.18804191403211,33.25604626651177],[126.18802780484896,33.25594862974467],[126.18832010619361,33.25592713227221],[126.18836812260778,33.25599625580118],[126.18816323484829,33.25609458188189]]],[[[126.64335759169938,33.265793947966785],[126.64331287071539,33.265896506425925],[126.6432189973939,33.265836855222936],[126.64336699112219,33.265665222028666],[126.64333277811217,33.26555620645379],[126.64344451867777,33.26568783160953],[126.64355034719948,33.265700189609426],[126.64359717022805,33.265611251586755],[126.64376374608791,33.26557062374091],[126.6437483542143,33.26570571596289],[126.64360337993874,33.26585538607023],[126.64341877369854,33.26586144817628],[126.64335759169938,33.265793947966785]]],[[[126.64279404539457,33.26579580659391],[126.64280412539462,33.26587598987148],[126.6427038181086,33.26594467331854],[126.64270440210284,33.26582710161211],[126.64279404539457,33.26579580659391]]],[[[126.64529636448364,33.26699537573634],[126.64532894015312,33.26711439306467],[126.64527562519176,33.267134255680304],[126.64519635946016,33.26701546572616],[126.64529636448364,33.26699537573634]]],[[[126.68723544668289,33.267714022376246],[126.68720003812089,33.26780121091159],[126.68709662660383,33.26781601248517],[126.68718825055525,33.26773590391603],[126.68710010814608,33.267683836400025],[126.68716319207302,33.26762981180046],[126.68723544668289,33.267714022376246]]],[[[126.68699025900301,33.26784693796731],[126.68687710578733,33.26794457142079],[126.68679628246751,33.267946167818344],[126.6868772479422,33.267874782098595],[126.68699025900301,33.26784693796731]]],[[[126.67447949300985,33.26772517888942],[126.67457538452513,33.26784032497728],[126.67457299505892,33.26794925342413],[126.67449508119238,33.267822713166964],[126.67447949300985,33.26772517888942]]],[[[126.68747508334633,33.26778369050218],[126.68752210980873,33.26798928992346],[126.68727690906728,33.26806585497494],[126.68742029650221,33.26800841900152],[126.68735586405771,33.267866519626445],[126.68747508334633,33.26778369050218]]],[[[126.6739328580404,33.268124539906815],[126.67417951422505,33.267881791196764],[126.6740828699295,33.26768367469319],[126.67423773188105,33.26788420639507],[126.67437528521502,33.267933814118514],[126.67415331615133,33.268107066928955],[126.6739328580404,33.268124539906815]]],[[[126.68779692282371,33.26824766681722],[126.68774134316254,33.26830270946808],[126.68766453693502,33.26826167164799],[126.68773370410575,33.26821766582512],[126.68779692282371,33.26824766681722]]],[[[126.68725612243871,33.26853780445875],[126.68713524709104,33.26854336222552],[126.6871794886761,33.26850759101763],[126.68725612243871,33.26853780445875]]],[[[126.68742145492455,33.26843516488606],[126.6875059544896,33.26851733752469],[126.68748614364982,33.26856498140053],[126.68737137939844,33.268512853736375],[126.68742145492455,33.26843516488606]]],[[[126.65670928881978,33.2684997991865],[126.65661961033116,33.26844594909357],[126.65675995289583,33.26832045080825],[126.65687197395478,33.26803520451893],[126.65694674774379,33.26740179798834],[126.65697036226193,33.267925549399244],[126.65705407241674,33.2679715108228],[126.6570429500357,33.2681615982962],[126.65697429178043,33.26813408028082],[126.65703220561849,33.26840073509129],[126.65670928881978,33.2684997991865]]],[[[126.69144197280535,33.26904398405227],[126.69140043917686,33.269043791497026],[126.69141813609814,33.269016061200446],[126.69144197280535,33.26904398405227]]],[[[126.68734893983984,33.26908632089763],[126.68726208735981,33.26918275920942],[126.68727493328768,33.26904204505328],[126.68734893983984,33.26908632089763]]],[[[126.17972879083867,33.26485170608769],[126.17973575126972,33.26489127795985],[126.17968357905983,33.26488814804587],[126.17972879083867,33.26485170608769]]],[[[126.69224571757695,33.26942862654095],[126.69226458989982,33.269464468685875],[126.69213286573702,33.26941184735689],[126.69224571757695,33.26942862654095]]],[[[126.69300856219151,33.26960299799839],[126.69296095764614,33.26961982988829],[126.69292219965799,33.26953101095077],[126.69300856219151,33.26960299799839]]],[[[126.17975806544301,33.265158560373784],[126.17966857967438,33.26525728204919],[126.17959218752294,33.265127496733456],[126.17965408131383,33.2651503824092],[126.17972731083405,33.265031817589914],[126.17975806544301,33.265158560373784]]],[[[126.70195580315315,33.271906616553956],[126.70197394965156,33.27196797273931],[126.7018720222228,33.272020472911166],[126.70183561079948,33.27196295365497],[126.70195580315315,33.271906616553956]]],[[[126.7020893418561,33.27199809395598],[126.70209571725889,33.27211171369869],[126.70204527629232,33.27217362721899],[126.70198290121957,33.27208213937819],[126.7020893418561,33.27199809395598]]],[[[126.72282360061546,33.276360269713024],[126.7228146935529,33.27642751139979],[126.72269732481286,33.276407864274944],[126.72273030966403,33.27636402849707],[126.72282360061546,33.276360269713024]]],[[[126.73874786500328,33.276780292050695],[126.7387836489131,33.276839153382454],[126.73868774880461,33.27699827086364],[126.7386505739794,33.276937963253644],[126.73874786500328,33.276780292050695]]],[[[126.72309904929146,33.2768665188091],[126.72309183830384,33.27690680598352],[126.72304174130988,33.27689668582279],[126.72309904929146,33.2768665188091]]],[[[126.72291635574848,33.27706988109424],[126.72292062733774,33.27714490613371],[126.7229062089955,33.27715596428173],[126.7228525006457,33.27709967246216],[126.72291635574848,33.27706988109424]]],[[[126.73993698858848,33.277288511043416],[126.73987586057449,33.27730560474751],[126.73987072159917,33.2772649298441],[126.73993698858848,33.277288511043416]]],[[[126.73984628234759,33.277289493362105],[126.73980678419062,33.27732430402035],[126.73978405815308,33.27727782204117],[126.73984628234759,33.277289493362105]]],[[[126.74305851549398,33.27746468905422],[126.74300299088804,33.277474222061755],[126.74300989048052,33.27742753141382],[126.74305851549398,33.27746468905422]]],[[[126.73936726236509,33.27723727714201],[126.73933578687858,33.277426193386155],[126.73924304218096,33.27746260553217],[126.7393106127706,33.27726456853574],[126.73936726236509,33.27723727714201]]],[[[126.74474076601214,33.27787970546011],[126.74466726159183,33.27791550255647],[126.74466348608905,33.27785514800559],[126.74474076601214,33.27787970546011]]],[[[126.74474215708129,33.277966066341676],[126.74468269432103,33.277964411634784],[126.74470750706683,33.27792564707017],[126.74474215708129,33.277966066341676]]],[[[126.7313237218969,33.27824738437572],[126.73130438989944,33.27828584187227],[126.7312559509255,33.2782595900912],[126.7313237218969,33.27824738437572]]],[[[126.74522074699593,33.27835347949681],[126.74517836616349,33.2783724439602],[126.74514206995745,33.27832574614942],[126.74522074699593,33.27835347949681]]],[[[126.72889147021557,33.27827041497391],[126.72875077600033,33.27825982888538],[126.72875630736888,33.27813721945401],[126.72879049104552,33.27819076109939],[126.72889147021557,33.27827041497391]]],[[[126.74555038769797,33.278372114633484],[126.74550521523317,33.278450338575176],[126.74545274864585,33.27833479485108],[126.74555038769797,33.278372114633484]]],[[[126.73100809937037,33.27836337231638],[126.73094240369323,33.27839875495941],[126.73093200162954,33.27836041301952],[126.73100809937037,33.27836337231638]]],[[[126.72897493445666,33.27839024367924],[126.72900710486884,33.27829672366729],[126.72912431983325,33.278367306874166],[126.72908764041357,33.27839157135806],[126.72897493445666,33.27839024367924]]],[[[126.73062381061489,33.278329093759474],[126.73063587780057,33.27838447873404],[126.73054033087138,33.27842313363661],[126.73053713559531,33.27837975640853],[126.73062381061489,33.278329093759474]]],[[[126.73170596925519,33.2784234866478],[126.73166070297746,33.27844764290291],[126.73162760085508,33.27839067854652],[126.73170596925519,33.2784234866478]]],[[[126.74553116643587,33.278529735608004],[126.74548090374415,33.278534835117846],[126.74549322463771,33.27846895994632],[126.74553116643587,33.278529735608004]]],[[[126.73118101066564,33.27850936054999],[126.73102999472843,33.278609294991526],[126.73109922900741,33.27853983901862],[126.73103696574101,33.27847118054924],[126.73118101066564,33.27850936054999]]],[[[126.73211167395237,33.27858142637676],[126.73216073566464,33.27854420408619],[126.73217483514313,33.27860220995356],[126.73211167395237,33.27858142637676]]],[[[126.73199501740713,33.278678280265325],[126.73188149660606,33.27866216697978],[126.73186789005531,33.27858333505128],[126.73189537860098,33.27858068987455],[126.73199501740713,33.278678280265325]]],[[[126.72395026796062,33.27875234570686],[126.72391384735693,33.278687239140005],[126.72405672827075,33.278541826185794],[126.72414412159436,33.27871434829566],[126.72395026796062,33.27875234570686]]],[[[126.72759760727837,33.278737427075214],[126.72759241593829,33.278784661367354],[126.727460929927,33.27874668515207],[126.72759760727837,33.278737427075214]]],[[[126.72512202065461,33.2786771590447],[126.72513862310257,33.27875726045782],[126.72508572805809,33.278783290636916],[126.72507256996386,33.278734483596374],[126.72512202065461,33.2786771590447]]],[[[126.73631736046582,33.278878219528465],[126.736385507098,33.278991068136314],[126.73637202255841,33.27901330984238],[126.73627802397662,33.27900175003919],[126.73631736046582,33.278878219528465]]],[[[126.73606230341895,33.27895215313012],[126.73612914771903,33.27899836840686],[126.73613999194536,33.27917583265952],[126.73602157831967,33.27907306563593],[126.73606230341895,33.27895215313012]]],[[[126.72605048994512,33.27903805743129],[126.7260645418116,33.279109769006496],[126.7260153978218,33.27917241382373],[126.72599705521083,33.27906489911159],[126.72605048994512,33.27903805743129]]],[[[126.74589550758458,33.27923899486247],[126.7459842163796,33.279298582889616],[126.74587535650436,33.27934731959432],[126.74584117984978,33.279287445398495],[126.74589550758458,33.27923899486247]]],[[[126.73647113737158,33.27932268932848],[126.73635766111215,33.27914834412708],[126.73651233837467,33.279150384718406],[126.73647113737158,33.27932268932848]]],[[[126.73680317315785,33.27942338439979],[126.73675286051198,33.27944879412459],[126.736669867088,33.279382348151756],[126.73672851773529,33.27936894791251],[126.73680317315785,33.27942338439979]]],[[[126.73726877352236,33.27890620052296],[126.73709446236577,33.27925909180048],[126.73710764988553,33.27951527404148],[126.73697661478332,33.279289588205366],[126.73695707192257,33.27904114728609],[126.73712108969093,33.27886315084387],[126.73726877352236,33.27890620052296]]],[[[126.74799074358768,33.279462408810694],[126.74797160975413,33.27957236900385],[126.74790976126592,33.279582432370255],[126.7478854612697,33.2794990356766],[126.74799074358768,33.279462408810694]]],[[[126.73690705869681,33.279431538251316],[126.7370040402807,33.27959412741902],[126.7369806277017,33.279669364549434],[126.7369336920636,33.27964221591564],[126.73690705869681,33.279431538251316]]],[[[126.74666712413135,33.27982494274682],[126.7466427372852,33.2798280402263],[126.74662105676845,33.27977085948118],[126.74666712413135,33.27982494274682]]],[[[126.74680903298984,33.279869844774176],[126.74675828428717,33.27986480916325],[126.74675393045938,33.279829979521246],[126.74680903298984,33.279869844774176]]],[[[126.74695768893278,33.2798572267501],[126.74691021196084,33.279920000981384],[126.74683392217898,33.279875025843765],[126.74686044883856,33.279848464018606],[126.74695768893278,33.2798572267501]]],[[[126.74726531519958,33.27997409152965],[126.74725998632182,33.279893447851684],[126.7473714277989,33.279943669438055],[126.74726531519958,33.27997409152965]]],[[[126.73517283963832,33.28002266309369],[126.73520680569924,33.28011425105056],[126.73497523117814,33.27998239020336],[126.73500426424565,33.279965591193786],[126.73517283963832,33.28002266309369]]],[[[126.73528273050171,33.28013920740893],[126.73529316545334,33.28009631191308],[126.73534541464784,33.28010580090302],[126.73528273050171,33.28013920740893]]],[[[126.73572464592696,33.2804328179883],[126.73553120120815,33.28036415246284],[126.7355450984664,33.28016970031658],[126.73559005637807,33.28017646823367],[126.73572464592696,33.2804328179883]]],[[[126.73549030212675,33.280435385260226],[126.73544998823765,33.28056179844557],[126.73529320983273,33.2805084488408],[126.73526601630628,33.280413539149414],[126.73540110533385,33.28036189203033],[126.73549030212675,33.280435385260226]]],[[[126.74849419352726,33.2797645553751],[126.74843912147782,33.28016237100556],[126.74860165044561,33.28057165375703],[126.74849667766584,33.28068731867093],[126.74852735366252,33.28053140717769],[126.7482868889075,33.280149476000645],[126.74840286164269,33.28004598665614],[126.74837082402765,33.27978617101559],[126.74849419352726,33.2797645553751]]],[[[126.16964817863283,33.27604876981402],[126.16928535513141,33.27574652387884],[126.16964696215766,33.275445488300136],[126.16951465420091,33.27518385947466],[126.17004007277417,33.27538991982843],[126.17020289834312,33.275367404388376],[126.17015615290862,33.275569155450874],[126.17027191607926,33.275720747034114],[126.16964817863283,33.27604876981402]]],[[[126.73443453072026,33.280904777659075],[126.73443115027185,33.2809219915829],[126.73438148598414,33.280909984508625],[126.73443453072026,33.280904777659075]]],[[[126.73439808509603,33.280923093078044],[126.73445055331463,33.28096621355278],[126.73443596575247,33.28099810016738],[126.73438536736049,33.28097500039024],[126.73439808509603,33.280923093078044]]],[[[126.74893755189613,33.281604936656755],[126.74887319018337,33.28163745417603],[126.74888979154206,33.28157534770722],[126.74893755189613,33.281604936656755]]],[[[126.74909574020083,33.28154802944282],[126.74903900701175,33.28164554369839],[126.74895912233646,33.281652126157454],[126.74897257985572,33.28154845703354],[126.74909574020083,33.28154802944282]]],[[[126.7499746967821,33.282012202214354],[126.7499809433835,33.28210663424883],[126.74994587493036,33.28211704960862],[126.74985692913248,33.28199978404345],[126.7499746967821,33.282012202214354]]],[[[126.75068970253027,33.282229561497495],[126.75058588594646,33.28222183355129],[126.75049752090709,33.28215636913997],[126.75076015805043,33.28211512353212],[126.75068970253027,33.282229561497495]]],[[[126.75061737993332,33.282285247630476],[126.75056189892724,33.28227747552597],[126.75056757170853,33.282245746094944],[126.75061737993332,33.282285247630476]]],[[[126.7498625950634,33.28232012797955],[126.74997798782768,33.28252224410677],[126.74976732439151,33.28247795624798],[126.74974663023214,33.28234157857646],[126.7498625950634,33.28232012797955]]],[[[126.75040318068707,33.282788651115254],[126.7502160758976,33.28278611015768],[126.75021144692717,33.28267916861419],[126.7504496508768,33.28264078525333],[126.75048854757335,33.282703526035625],[126.75040318068707,33.282788651115254]]],[[[126.75389471730621,33.284942072329336],[126.75381065592968,33.28480262167716],[126.75401912504668,33.28469385571179],[126.75401571791505,33.2849250542163],[126.75389471730621,33.284942072329336]]],[[[126.16866724839309,33.28053190089963],[126.16855300335833,33.280525285550105],[126.16853462376028,33.28050172134376],[126.16865676573799,33.28044536769997],[126.16866724839309,33.28053190089963]]],[[[126.75436496756741,33.28572456425997],[126.75435799616464,33.285833485315486],[126.75427200670687,33.28584907584008],[126.75423314687681,33.28573733175987],[126.75436496756741,33.28572456425997]]],[[[126.75351780852809,33.285533574291286],[126.75365618900393,33.2858008243144],[126.75357874435404,33.28604654177856],[126.75337596635377,33.28565906970554],[126.75351780852809,33.285533574291286]]],[[[126.75404999742109,33.28616874423736],[126.75405055673417,33.28627568103708],[126.75398574889034,33.28630377254483],[126.7539500095953,33.286222373906654],[126.75404999742109,33.28616874423736]]],[[[126.7536345562691,33.28658546947228],[126.75370776308739,33.286625195060765],[126.75366627893358,33.28667948061494],[126.75361068134761,33.28663735869527],[126.7536345562691,33.28658546947228]]],[[[126.16791229644559,33.28281988413463],[126.16784777289293,33.2829260838287],[126.16769235321365,33.282896201046775],[126.16772194483922,33.28286936929376],[126.16791229644559,33.28281988413463]]],[[[126.75912511432972,33.28929526626046],[126.75887419488454,33.289293281430744],[126.75885021425057,33.28925733941725],[126.75913175700288,33.28922242522742],[126.75912511432972,33.28929526626046]]],[[[126.75918270386373,33.28943922230845],[126.75930344751382,33.28947052578995],[126.75933261302607,33.28952660884079],[126.75916218158652,33.289492198701176],[126.75918270386373,33.28943922230845]]],[[[126.75851359318979,33.28961741129892],[126.75854596015336,33.289489198769225],[126.75870848416666,33.28956851565288],[126.75851359318979,33.28961741129892]]],[[[126.75968144135155,33.289996731513],[126.75966403242542,33.290002559141165],[126.75966851468934,33.289973623724904],[126.75968144135155,33.289996731513]]],[[[126.76223659263096,33.28993279285788],[126.76228219396711,33.29001735404568],[126.76217122938607,33.29004089149132],[126.76216990471171,33.28996349225573],[126.76223659263096,33.28993279285788]]],[[[126.76344719782176,33.29004910821157],[126.76343824464875,33.29008470445292],[126.76331872811002,33.29000345776819],[126.76344719782176,33.29004910821157]]],[[[126.76140360838708,33.29009352670558],[126.76148971485708,33.29028507291261],[126.76135540622163,33.29019575225866],[126.76133872090364,33.29010525989592],[126.76140360838708,33.29009352670558]]],[[[126.75942816728787,33.29027755047377],[126.75933701547142,33.290316592768946],[126.75934259282243,33.290280089186304],[126.75942816728787,33.29027755047377]]],[[[126.75955245733086,33.290522851740874],[126.75949389210069,33.290542306374014],[126.75949181790213,33.29047585343226],[126.75955245733086,33.290522851740874]]],[[[126.76419266709243,33.29049261522807],[126.7641479332596,33.290719378803395],[126.7640386236,33.29072701522754],[126.76399525437326,33.29060494070416],[126.76419266709243,33.29049261522807]]],[[[126.7611877681658,33.29075861608429],[126.76108901314218,33.29063860785099],[126.76114425576814,33.29056148989217],[126.76126297299362,33.29067154538847],[126.7611877681658,33.29075861608429]]],[[[126.76493027905592,33.29071058346079],[126.76503723577709,33.29086009268383],[126.76478741743068,33.290978008359104],[126.76486655761839,33.29077204174981],[126.76493027905592,33.29071058346079]]],[[[126.76371879187316,33.29098858153278],[126.76358753714901,33.29100784377191],[126.76360099801362,33.290945000592366],[126.76371879187316,33.29098858153278]]],[[[126.7656679282359,33.2909158334443],[126.76540455647911,33.29112478688081],[126.76521108231881,33.291049133592026],[126.76514330490612,33.29094180120092],[126.76529312226985,33.290842543453884],[126.7652869879827,33.290728204655295],[126.76548111215666,33.290680063229715],[126.7656679282359,33.2909158334443]]],[[[126.76485640588322,33.29115449641442],[126.764567528702,33.29110534938815],[126.7646325259268,33.291048311224735],[126.76510789502638,33.29105434839079],[126.76485640588322,33.29115449641442]]],[[[126.76266314109523,33.291227567729706],[126.76267151165433,33.2911813591774],[126.76276161915746,33.291204105519064],[126.76266314109523,33.291227567729706]]],[[[126.7615267701264,33.29106392035106],[126.76168244044476,33.29121028174945],[126.76162157734426,33.29128527218488],[126.76140933023639,33.29117857126685],[126.76141523883548,33.29109042120519],[126.7615267701264,33.29106392035106]]],[[[126.76500361067278,33.29166996921182],[126.76528575323006,33.29118767503004],[126.76546683570963,33.291240043778544],[126.76566900065654,33.29115756124009],[126.76588103314876,33.29123947123979],[126.7660820323756,33.29118945011101],[126.76618013121293,33.29123940297294],[126.76562052830768,33.29141921475153],[126.76537083956528,33.291406484399076],[126.76500361067278,33.29166996921182]]],[[[126.76573318979453,33.292538812278714],[126.76570510371144,33.292582759681494],[126.7656398809115,33.292551034609964],[126.76573318979453,33.292538812278714]]],[[[126.76533127464712,33.29259196391162],[126.7650494461663,33.29263380664608],[126.76509922331897,33.29256781373475],[126.76533127464712,33.29259196391162]]],[[[126.7647856857643,33.292545131157006],[126.76476153713986,33.29270142521972],[126.76460072949871,33.292614473180805],[126.7646418525167,33.29257461150547],[126.7647856857643,33.292545131157006]]],[[[126.76465681763203,33.293120258451545],[126.76409281698707,33.293099687168315],[126.76397851167054,33.292867453182524],[126.76415297576246,33.29295062646716],[126.76449628026263,33.292920125630154],[126.76465013516973,33.29302577319673],[126.76465681763203,33.293120258451545]]],[[[126.76647158572031,33.29606406357136],[126.76642871996863,33.29609055382338],[126.76640422741407,33.296047175345805],[126.76647158572031,33.29606406357136]]],[[[126.76644623704455,33.29620920522238],[126.76641880627822,33.29624879832649],[126.76638651940536,33.2962136196037],[126.76644623704455,33.29620920522238]]],[[[126.76710793536303,33.29698902753572],[126.76710321980518,33.297079627385216],[126.76698953630246,33.29717587936628],[126.76689671525824,33.29704831800886],[126.76710793536303,33.29698902753572]]],[[[126.77003655412811,33.30046671043597],[126.76994426386254,33.30052899464612],[126.76992559698284,33.30047356205876],[126.77003655412811,33.30046671043597]]],[[[126.77320872993704,33.30142851472876],[126.77315973688246,33.30137082351126],[126.77321104670604,33.30136701335951],[126.77320872993704,33.30142851472876]]],[[[126.80773242452248,33.30167788536516],[126.80772250048376,33.30173297728748],[126.80761594724754,33.30167823671738],[126.80773242452248,33.30167788536516]]],[[[126.80865207789421,33.3018251526123],[126.80858751424576,33.30180081729229],[126.80860181364473,33.30178262659368],[126.80865207789421,33.3018251526123]]],[[[126.80796000672817,33.30183176681972],[126.80789629579792,33.301839566686375],[126.80788533870852,33.30180284428066],[126.80796000672817,33.30183176681972]]],[[[126.80780058366932,33.30189602260307],[126.80779582019727,33.301936507947644],[126.80772058544107,33.30188904040319],[126.80780058366932,33.30189602260307]]],[[[126.77382614685523,33.301643478128405],[126.773734836087,33.301768926471],[126.77380027328518,33.30183376512507],[126.77374661027183,33.30184957233155],[126.77368433714243,33.30172399667943],[126.77382614685523,33.301643478128405]]],[[[126.79804986083681,33.30218088454213],[126.79818590614451,33.30203877418421],[126.79823709926703,33.302151660338275],[126.79804986083681,33.30218088454213]]],[[[126.80924120763602,33.30226430563654],[126.80912163575401,33.30226973911406],[126.80914073434863,33.302236696176635],[126.80924120763602,33.30226430563654]]],[[[126.79116047920293,33.302549444856595],[126.79110003097723,33.30254830629802],[126.7911252913544,33.302522940988666],[126.79116047920293,33.302549444856595]]],[[[126.81126121118652,33.30272835717045],[126.81117259360028,33.30271447265384],[126.8111763743021,33.302634026354596],[126.81140341171837,33.30255598364525],[126.81137781517955,33.30263019371974],[126.81126121118652,33.30272835717045]]],[[[126.7919721911562,33.30264261937715],[126.79189916156923,33.30267643467826],[126.79187532769444,33.30262552447027],[126.7919721911562,33.30264261937715]]],[[[126.79089397688668,33.30272568027419],[126.79083291529828,33.30272970725334],[126.79084122260717,33.30267715559742],[126.79089397688668,33.30272568027419]]],[[[126.79136842514781,33.30274924384711],[126.79142116908635,33.302793377471104],[126.79126135954262,33.30285897258599],[126.791252045365,33.302820241344264],[126.79136842514781,33.30274924384711]]],[[[126.78928366769587,33.302841777335075],[126.78927332861926,33.30286779855171],[126.78922133677789,33.302856872405044],[126.78928366769587,33.302841777335075]]],[[[126.78920688003451,33.30285276423814],[126.7891393566394,33.30286879737521],[126.78914417042364,33.30283602220909],[126.78920688003451,33.30285276423814]]],[[[126.80066268070911,33.302873300295985],[126.80060688071994,33.30295266240696],[126.80059507276663,33.302866266882944],[126.80066268070911,33.302873300295985]]],[[[126.80116330364865,33.30291389108829],[126.80111210107424,33.302954643526284],[126.80109159084907,33.30291271207715],[126.80116330364865,33.30291389108829]]],[[[126.78915629196385,33.30295717689235],[126.78921863075382,33.30288233025388],[126.78929830456933,33.30293001741322],[126.78927064595487,33.30295208727511],[126.78915629196385,33.30295717689235]]],[[[126.80950953380255,33.30306534527645],[126.80948469153681,33.303090235934576],[126.80943773036648,33.30304251162811],[126.80950953380255,33.30306534527645]]],[[[126.79156785427293,33.302888313251664],[126.79161490154354,33.302977176198],[126.79160246007648,33.303012485802334],[126.79148357090118,33.302937236120606],[126.79156785427293,33.302888313251664]]],[[[126.80251127769884,33.30315421533217],[126.80266076252342,33.303054190921415],[126.80279557451632,33.30305740794788],[126.80266923438838,33.303130834413615],[126.80251127769884,33.30315421533217]]],[[[126.78853910708249,33.30310026297613],[126.78849858142554,33.303109994961694],[126.78848522095846,33.303089270655974],[126.78853910708249,33.30310026297613]]],[[[126.78936001396104,33.303108238950564],[126.7893580145842,33.30318060037347],[126.78922455479048,33.30303511300069],[126.78936001396104,33.303108238950564]]],[[[126.789589149519,33.30309027951958],[126.78965014355522,33.30318153737028],[126.78955655277079,33.30329507487791],[126.78949521284655,33.30325349529745],[126.789589149519,33.30309027951958]]],[[[126.78892325720308,33.30316723108488],[126.78874653747087,33.303284918438756],[126.78871551345301,33.303152822015214],[126.78883827618554,33.30307612153068],[126.78911916180479,33.30308208882939],[126.78901302171738,33.3031941173008],[126.78892325720308,33.30316723108488]]],[[[126.78841576368812,33.30326125577623],[126.788460981249,33.30314055023759],[126.78867055581591,33.30326867655961],[126.78841576368812,33.30326125577623]]],[[[126.80114268169473,33.303315434550235],[126.80112052191328,33.30337862529703],[126.80107186598129,33.30341626221068],[126.80106378351547,33.303324908830255],[126.80114268169473,33.303315434550235]]],[[[126.78947501786348,33.30337788632091],[126.78931680948335,33.30297733034937],[126.78945787314555,33.30303274927847],[126.78947501786348,33.30337788632091]]],[[[126.81204325039727,33.3034758051468],[126.81203156652823,33.30354658371633],[126.81200220331823,33.303554978114995],[126.81197901103947,33.303484994105666],[126.81204325039727,33.3034758051468]]],[[[126.8118327410216,33.303671753757435],[126.81179264118332,33.30367487527253],[126.81180222877717,33.30362539951864],[126.8118327410216,33.303671753757435]]],[[[126.78875947340352,33.30342821836928],[126.78881609389755,33.30350333976835],[126.78880975049968,33.303586783121624],[126.78870381630695,33.30350157959146],[126.78875947340352,33.30342821836928]]],[[[126.8120596758214,33.30371759277704],[126.81218013549147,33.30370438643842],[126.81216290576195,33.30372250089427],[126.8120596758214,33.30371759277704]]],[[[126.7873583124134,33.303978383968825],[126.78733838643265,33.30403457580919],[126.78728078498571,33.303944151685464],[126.7873583124134,33.303978383968825]]],[[[126.788251461492,33.304284419527015],[126.788254410644,33.304435349733794],[126.78823570671146,33.304441130632306],[126.78817275051847,33.3042938523998],[126.788251461492,33.304284419527015]]],[[[126.78513993110059,33.30550041546827],[126.7850854310476,33.305590466224785],[126.7850378245677,33.3055932869582],[126.78504570300184,33.305502533235455],[126.78513993110059,33.30550041546827]]],[[[126.78382974780217,33.30550256090571],[126.78376451215475,33.30560878547428],[126.78368645809205,33.305392231869156],[126.78375574515486,33.30540626447326],[126.78382974780217,33.30550256090571]]],[[[126.78327169075814,33.30559747709339],[126.78326241137925,33.30565901516868],[126.78318841700623,33.30568137288278],[126.78318350046821,33.305641863697936],[126.78327169075814,33.30559747709339]]],[[[126.78534081231338,33.30571923597432],[126.78534498378804,33.30575644439174],[126.78528814586326,33.30574029791231],[126.78534081231338,33.30571923597432]]],[[[126.78198750837477,33.305804372875436],[126.78192608605376,33.305809774279766],[126.78192558614491,33.30577732319546],[126.78198750837477,33.305804372875436]]],[[[126.7769874487559,33.30601263099082],[126.77696209536565,33.30608092905674],[126.77691543541678,33.3060827564122],[126.77691596809603,33.30603357357345],[126.7769874487559,33.30601263099082]]],[[[126.77705202819055,33.306028353668545],[126.77708448765088,33.30615942751712],[126.7770727495543,33.30617720459708],[126.77698482147336,33.30608732634142],[126.77705202819055,33.306028353668545]]],[[[126.78010331150455,33.30634249071821],[126.78009483442406,33.30641735610358],[126.78004246569745,33.30641335913905],[126.780023793631,33.306365999715226],[126.78010331150455,33.30634249071821]]],[[[126.78007559131798,33.306503013356625],[126.78000021671018,33.30648831836498],[126.78001593227489,33.306460305103265],[126.78007559131798,33.306503013356625]]],[[[126.77731641675825,33.306791380720675],[126.77727717262844,33.30686260520237],[126.77721491448548,33.30677897099081],[126.77731641675825,33.306791380720675]]],[[[126.81574015936984,33.30686339216139],[126.81577532974327,33.30698959340898],[126.8156126117602,33.30713618702147],[126.81560515214954,33.307070516972956],[126.81574015936984,33.30686339216139]]],[[[126.83556470286823,33.309572093823036],[126.83556533527462,33.30967877844927],[126.83541546716131,33.30962967020848],[126.83562870415533,33.30949358685237],[126.83574108166042,33.30954215617692],[126.83568099167083,33.309599983034495],[126.83556470286823,33.309572093823036]]],[[[126.83524218639342,33.30947526788872],[126.83528560476276,33.309583207855994],[126.83512602129065,33.30968021762203],[126.83473723923476,33.30947874926189],[126.83463258395818,33.30926837384173],[126.83475319208628,33.309093055470235],[126.83482241844021,33.30911361304733],[126.83486347563304,33.309308759989825],[126.8350447120826,33.309204763429825],[126.83510773521176,33.30937403942166],[126.83532934990127,33.30945144778002],[126.83524218639342,33.30947526788872]]],[[[126.83364185867602,33.310370964223324],[126.83372357200773,33.31046122945958],[126.83370800663012,33.310492974652114],[126.83358149761234,33.310423781763596],[126.83364185867602,33.310370964223324]]],[[[126.83649061652204,33.310792902613386],[126.83654259639835,33.310848957014514],[126.83642161923343,33.31081306565068],[126.83649061652204,33.310792902613386]]],[[[126.83873473666331,33.31368891863322],[126.83887883013576,33.31387388452011],[126.83862795678075,33.31402373815573],[126.83855967747337,33.3139255102177],[126.83863183674646,33.31373469601933],[126.83873473666331,33.31368891863322]]],[[[126.84041957679321,33.313876079012765],[126.8403938619311,33.313952675653425],[126.84023249207323,33.3141477426068],[126.84026777700137,33.31392308008489],[126.84041957679321,33.313876079012765]]],[[[126.83932910570213,33.3141451618449],[126.83922775055223,33.31419134119224],[126.83919742180272,33.31412025632059],[126.83923673794742,33.31410789919899],[126.83932910570213,33.3141451618449]]],[[[126.84013510340112,33.31481092795116],[126.8401868517918,33.314938401047975],[126.83997427652905,33.31505054562048],[126.83985409500427,33.31487421903625],[126.84013510340112,33.31481092795116]]],[[[126.84058398952494,33.31492389343165],[126.84074924643807,33.315183865312534],[126.84055843513124,33.31538235813056],[126.8404530253102,33.31538053764643],[126.84028757830508,33.31531558613291],[126.84028950616258,33.31514935912191],[126.8404442713879,33.31495052022189],[126.84058398952494,33.31492389343165]]],[[[126.84057070676671,33.315554286085415],[126.84048961996585,33.31558426192679],[126.84052850216773,33.31549819957429],[126.84057070676671,33.315554286085415]]],[[[126.84257742252375,33.31679375061381],[126.84253523091961,33.31686089534493],[126.84243967861994,33.316840420076595],[126.84247820911526,33.31679873479787],[126.84257742252375,33.31679375061381]]],[[[126.84358732620284,33.31807268572882],[126.84351269924665,33.31808056786806],[126.84345661074892,33.31802068385898],[126.84351227887336,33.31798058068734],[126.84358732620284,33.31807268572882]]],[[[126.84365169618883,33.318238578437075],[126.8436207971421,33.31828520207555],[126.84357248527196,33.31829743817384],[126.84355685334022,33.31824748125812],[126.84365169618883,33.318238578437075]]],[[[126.84536671760927,33.31929211248882],[126.84528190574494,33.31934645199326],[126.8452826664226,33.31929270592699],[126.84536671760927,33.31929211248882]]],[[[126.84610916751835,33.320037092912884],[126.84603072321418,33.320062497030015],[126.84585164273514,33.31993079953055],[126.84603162701443,33.31989760581543],[126.84610916751835,33.320037092912884]]],[[[126.84720762486295,33.32015093809839],[126.84717084497025,33.32020519393061],[126.84713536531069,33.32019211565551],[126.84714015642193,33.32013411182166],[126.84720762486295,33.32015093809839]]],[[[126.84725744819997,33.32031750384338],[126.84716867134377,33.32036517538971],[126.84712963914572,33.32028475014445],[126.84725744819997,33.32031750384338]]],[[[126.84781244651181,33.32038484084048],[126.84780641660016,33.32042545817634],[126.84773576311629,33.3203153610299],[126.84781244651181,33.32038484084048]]],[[[126.84806609470859,33.32360581922706],[126.84799271514316,33.32358180797497],[126.84802758261533,33.323541097568466],[126.84806609470859,33.32360581922706]]],[[[126.84786046005338,33.324171814978314],[126.84752809163918,33.32402841933608],[126.84768980862508,33.323892068543415],[126.84786046005338,33.324171814978314]]],[[[126.84873069865574,33.32430574597211],[126.84882645599987,33.32449048203407],[126.84848660033832,33.324343785476756],[126.84853602569093,33.324297202807124],[126.84873069865574,33.32430574597211]]],[[[126.84843789618367,33.324480264691545],[126.84838215133722,33.32450038832892],[126.84833357339986,33.32443266363397],[126.84843789618367,33.324480264691545]]],[[[126.84827734059331,33.32480873077326],[126.84830264621436,33.32486082587417],[126.84805236069057,33.32488329656493],[126.84807409028728,33.324830966612645],[126.84827734059331,33.32480873077326]]],[[[126.84757242000455,33.32536350612068],[126.84759716478358,33.32542594578172],[126.84757592165073,33.325446243928724],[126.84748982369004,33.32537843820618],[126.84757242000455,33.32536350612068]]],[[[126.8477668357476,33.325474803374966],[126.84787916568658,33.32556153639894],[126.84774478144148,33.32556634278306],[126.8477668357476,33.325474803374966]]],[[[126.8508357991656,33.33690998713976],[126.85073287808791,33.336972258452384],[126.85076268437034,33.33684043320935],[126.8508357991656,33.33690998713976]]],[[[126.85622896987152,33.33814918705121],[126.85620355195218,33.33817591043512],[126.85613057578819,33.33808693652236],[126.85622896987152,33.33814918705121]]],[[[126.85658787393079,33.33823835447208],[126.85663705118358,33.3384569391247],[126.85653174227848,33.33856205437774],[126.85647077847084,33.338281920691074],[126.85658787393079,33.33823835447208]]],[[[126.85525927285893,33.33846363060707],[126.8552160962724,33.33862536706896],[126.85513180127292,33.33866352273473],[126.85512763462492,33.338506117070025],[126.85525927285893,33.33846363060707]]],[[[126.85844773717649,33.34333252282408],[126.8582302393734,33.343240945457254],[126.85821657296594,33.34318311657344],[126.85844773717649,33.34333252282408]]],[[[126.86083680129744,33.34760023268789],[126.86080902191094,33.347602402342915],[126.86079430066415,33.3475384485046],[126.86083680129744,33.34760023268789]]],[[[126.86825994049423,33.35422444848116],[126.8681952829003,33.35421557880278],[126.86821414706534,33.35418972436377],[126.86825994049423,33.35422444848116]]],[[[126.87259865119576,33.36785959297854],[126.87254474800343,33.36801357334434],[126.87247834369705,33.36800695643391],[126.87253333446674,33.36786890033789],[126.87259865119576,33.36785959297854]]],[[[126.87278779444108,33.368129217318234],[126.8727618388199,33.368192136091544],[126.87269749761856,33.368155053297734],[126.87271118694342,33.36813619207244],[126.87278779444108,33.368129217318234]]],[[[126.87291765561594,33.36927486192359],[126.87285725838979,33.369271971797495],[126.87289707680584,33.36921506066598],[126.87291765561594,33.36927486192359]]],[[[126.88454297413418,33.38339521986581],[126.8845994997735,33.38344030959455],[126.88434582359352,33.38367047139954],[126.88434506181461,33.38355355086839],[126.88454297413418,33.38339521986581]]],[[[126.8865595026084,33.38425128431802],[126.88648924264457,33.38425364833219],[126.88653127365924,33.384150553535065],[126.8865595026084,33.38425128431802]]],[[[126.88863864002671,33.38461353543248],[126.88868753867247,33.38470204134705],[126.88866804546771,33.38472719123785],[126.88858367620215,33.384664245351715],[126.88863864002671,33.38461353543248]]],[[[126.88860502501369,33.38493065286661],[126.88858012027436,33.38499054760345],[126.88835268826594,33.38502537016183],[126.8884934932213,33.38492926006563],[126.88860502501369,33.38493065286661]]],[[[126.89057193818572,33.3867371989448],[126.89052174081161,33.38671481109754],[126.89052177423217,33.386691069833304],[126.89057193818572,33.3867371989448]]],[[[126.89716435020637,33.38790712879155],[126.897019184764,33.38787473045844],[126.89705340580514,33.387838603583],[126.89716435020637,33.38790712879155]]],[[[126.89356413966496,33.38800372690877],[126.89352747868297,33.388016460244195],[126.89351097583246,33.38794195154602],[126.89356413966496,33.38800372690877]]],[[[126.8968038069182,33.387868420007],[126.89685933445733,33.387991807638585],[126.89672762483349,33.38803290215181],[126.8967077786698,33.38791044646608],[126.8968038069182,33.387868420007]]],[[[126.90045858562128,33.38894229956495],[126.90039451411924,33.38891399042842],[126.90043618155724,33.3888950142223],[126.90045858562128,33.38894229956495]]],[[[126.9004932215328,33.38925299426587],[126.90049795216171,33.38930487991558],[126.90034135278545,33.38922250483643],[126.9004932215328,33.38925299426587]]],[[[126.90463352724085,33.39008644728388],[126.90444352329811,33.38996809929452],[126.90448411857366,33.389899426603456],[126.90468072414293,33.38997630603137],[126.90463352724085,33.39008644728388]]],[[[126.90510900186135,33.390006387273274],[126.90509618245139,33.39013197362402],[126.90493970272583,33.390121124158675],[126.9049592473662,33.39003710812165],[126.90510900186135,33.390006387273274]]],[[[126.9032746125465,33.3902609714854],[126.90322890725011,33.39025655668916],[126.90323570434008,33.39021177630649],[126.9032746125465,33.3902609714854]]],[[[126.90364259504625,33.39032569272314],[126.90366068322913,33.390383670252575],[126.90359910374204,33.390356205445265],[126.90364259504625,33.39032569272314]]],[[[126.90335055499611,33.39040814712261],[126.9035357121204,33.390535504821976],[126.90353509288553,33.39059342402332],[126.90331403553522,33.39059709126716],[126.90335055499611,33.39040814712261]]],[[[126.9067182278197,33.39119053308687],[126.90663764736797,33.39126278192188],[126.9063585862437,33.391096403669415],[126.90658016119467,33.39104553833096],[126.9067182278197,33.39119053308687]]],[[[126.90647383446559,33.391307306830846],[126.9064207573056,33.39147063546938],[126.90629625631401,33.391394687325075],[126.90631470564222,33.39132518201825],[126.90647383446559,33.391307306830846]]],[[[126.90662182842037,33.39628079950752],[126.90651161977586,33.39626147018946],[126.90663004979127,33.396172146193145],[126.90662182842037,33.39628079950752]]],[[[126.90690014029215,33.39711858162836],[126.90679062300168,33.39716952403028],[126.90676224655857,33.39709391769224],[126.90690014029215,33.39711858162836]]],[[[126.90571350959549,33.39907489637129],[126.90583074173476,33.399188491476494],[126.90582781209132,33.399199775407155],[126.90557292272725,33.399101076157365],[126.90571350959549,33.39907489637129]]],[[[126.90522158064519,33.39961222662481],[126.90512262773989,33.399584089149776],[126.90516802165476,33.399549869007345],[126.90522158064519,33.39961222662481]]],[[[126.9056350879801,33.401523331664315],[126.9054983555693,33.40152234471142],[126.90548009882666,33.40148656306349],[126.90550734959228,33.401456063958285],[126.9056350879801,33.401523331664315]]],[[[126.9055772088461,33.40166580675488],[126.90561711343399,33.40171331655138],[126.90561004373836,33.40174999787946],[126.90552834487445,33.40171250075024],[126.9055772088461,33.40166580675488]]],[[[126.90536475123656,33.401580892955515],[126.90540970486042,33.40170033759851],[126.90536562623561,33.40176501248766],[126.90527558014585,33.40160414024653],[126.90536475123656,33.401580892955515]]],[[[126.90420966176784,33.40342786258553],[126.904141864598,33.403520152072666],[126.90413144567708,33.40343391796617],[126.90420966176784,33.40342786258553]]],[[[126.90361014730153,33.40351722769825],[126.90361585919729,33.40364290447289],[126.90341766503678,33.40356251248746],[126.90346435229712,33.40351584225838],[126.90361014730153,33.40351722769825]]],[[[126.90373762534857,33.403702012442515],[126.9039870604509,33.40393022692911],[126.90387726905422,33.404080262744166],[126.90372836197618,33.40404456383226],[126.90373762534857,33.403702012442515]]],[[[126.90568424664252,33.40473748888959],[126.90570189886785,33.404828048127094],[126.90554167004417,33.404766939456465],[126.9055723654969,33.40471729743257],[126.90568424664252,33.40473748888959]]],[[[126.90634399993088,33.40513564254912],[126.90634275878473,33.40521108013579],[126.90627178556396,33.40520268693696],[126.90624851426385,33.40511030689452],[126.90634399993088,33.40513564254912]]],[[[126.90751691514379,33.40570330610927],[126.90747409148285,33.40580101836509],[126.90742014111426,33.40582719715217],[126.90741355213665,33.40578600655289],[126.90751691514379,33.40570330610927]]],[[[126.90778472429348,33.40611598655476],[126.90794498713599,33.406074388148845],[126.90791737237397,33.406133405091936],[126.90778472429348,33.40611598655476]]],[[[126.90811421612652,33.40640615435304],[126.9079932554116,33.406410745489566],[126.90801773770896,33.40638610711525],[126.90811421612652,33.40640615435304]]],[[[126.90878166562868,33.40643211827394],[126.90876373537186,33.40644161705869],[126.9087487225147,33.40638574216953],[126.90878166562868,33.40643211827394]]],[[[126.9085846093931,33.406674770500935],[126.90858828402366,33.40654321734637],[126.90872108594752,33.40653836547321],[126.90872854457992,33.40657113584261],[126.9085846093931,33.406674770500935]]],[[[126.91044765819468,33.412463283877564],[126.91035885291537,33.41244892476885],[126.91042601167446,33.41236063097635],[126.91044765819468,33.412463283877564]]],[[[126.91180828133997,33.41243073693288],[126.91180443116136,33.4126335079442],[126.91168634848778,33.41273509941727],[126.91170504950973,33.412602493684474],[126.91180828133997,33.41243073693288]]],[[[126.91164160804149,33.412942745509426],[126.91174751642104,33.413047904740026],[126.91171839061526,33.41308207354623],[126.91160479545324,33.41299783575456],[126.91164160804149,33.412942745509426]]],[[[126.91161254587955,33.41318996632729],[126.91157854234264,33.41315670857118],[126.91170636923093,33.41312601861186],[126.91161254587955,33.41318996632729]]],[[[126.91155387939445,33.413220434955186],[126.91163588295686,33.41324598222722],[126.91165857915607,33.4134043854642],[126.91157688208506,33.41353223942509],[126.9116111174746,33.41337914273997],[126.91155387939445,33.413220434955186]]],[[[126.91157185820654,33.41420765471875],[126.91154134703785,33.41425771663341],[126.91147788886782,33.414249527080955],[126.91149667087942,33.41422253306128],[126.91157185820654,33.41420765471875]]],[[[126.91128887379989,33.415763778376835],[126.91127098026887,33.41573586984339],[126.91131243107255,33.415720598858925],[126.91128887379989,33.415763778376835]]],[[[126.91135811567382,33.41580217320465],[126.91143366357652,33.415825245674895],[126.91143880049754,33.415837655741356],[126.9113616082229,33.41585696752518],[126.91135811567382,33.41580217320465]]],[[[126.91128066115402,33.41632624494925],[126.91122618329891,33.41644014098018],[126.91114721619083,33.41641573258778],[126.91116992067472,33.41632221616313],[126.91128066115402,33.41632624494925]]],[[[126.91141415648664,33.41695350952963],[126.91133127968935,33.416954061539876],[126.91138633769921,33.41677779870155],[126.91141415648664,33.41695350952963]]],[[[126.91204467998054,33.41925763683254],[126.91221098549767,33.4192052806743],[126.91217427706394,33.4192613257844],[126.91204467998054,33.41925763683254]]],[[[126.91248214756327,33.419350785629014],[126.91244991858133,33.41938853146158],[126.91238236585221,33.41941024903034],[126.91240230913996,33.41936874338559],[126.91248214756327,33.419350785629014]]],[[[126.91222522804672,33.41965738792138],[126.9121326898677,33.41962427779312],[126.91222534708305,33.419528618633905],[126.91222522804672,33.41965738792138]]],[[[126.91236957479688,33.42026324053899],[126.91235188769187,33.420091623277926],[126.91246204030483,33.42012408698893],[126.91253644810898,33.42006454305959],[126.91236957479688,33.42026324053899]]],[[[126.91369946734761,33.42037946208756],[126.91361253978837,33.420346582517375],[126.91367780085848,33.42032758638582],[126.91369946734761,33.42037946208756]]],[[[126.91400881809034,33.4204456934227],[126.91387426347572,33.42042990302829],[126.91393273048186,33.4203008592242],[126.91396058331055,33.420316801235266],[126.91400881809034,33.4204456934227]]],[[[126.9131094355109,33.42048191964631],[126.91308315017113,33.420415904543894],[126.91310409046264,33.4204135620177],[126.9131094355109,33.42048191964631]]],[[[126.91411176366245,33.42083631623352],[126.91408020761197,33.4208755827534],[126.91389882737475,33.42078855102507],[126.91411176366245,33.42083631623352]]],[[[126.91446454924468,33.42070476817541],[126.91441906556376,33.42081036217427],[126.91450776204758,33.42091985824013],[126.91438820774734,33.42083840990759],[126.91446454924468,33.42070476817541]]],[[[126.91451478629423,33.421072485556905],[126.91451211942005,33.42115027496676],[126.91444488059362,33.421146252345416],[126.91446765943574,33.421096769315355],[126.91451478629423,33.421072485556905]]],[[[126.9145320058351,33.422088112861935],[126.91457017470586,33.42201154721206],[126.91466613766995,33.42196694727261],[126.9145320058351,33.422088112861935]]],[[[126.91451966351148,33.422306159745915],[126.91458890987722,33.42226986346603],[126.91458912829042,33.422288284280235],[126.91451966351148,33.422306159745915]]],[[[126.91513124795307,33.42273971620776],[126.91503879521323,33.422757207571735],[126.91508673554846,33.422694974861614],[126.91513124795307,33.42273971620776]]],[[[126.93116783763844,33.42273937727738],[126.93116844728331,33.42289362495362],[126.93109413300824,33.42267191458848],[126.93116783763844,33.42273937727738]]],[[[126.93106079243117,33.422959442340954],[126.93100542395479,33.42293961226222],[126.93101728854684,33.422919423121684],[126.93106079243117,33.422959442340954]]],[[[126.93166348888337,33.4234574410122],[126.9316003438942,33.42342676919953],[126.93169908828202,33.42339002846226],[126.93166348888337,33.4234574410122]]],[[[126.93186255834877,33.42399335517902],[126.93187343750013,33.42408745404395],[126.93173557556563,33.4241311592239],[126.93175252816614,33.42399784080548],[126.93186255834877,33.42399335517902]]],[[[126.92698589567868,33.42415236478159],[126.92697411492824,33.42417403222296],[126.92693330635365,33.42413964774835],[126.92698589567868,33.42415236478159]]],[[[126.92533306763927,33.425126251043544],[126.92519824891524,33.425125774287],[126.92523068137274,33.425114100805956],[126.92533306763927,33.425126251043544]]],[[[126.92562799904961,33.42528823959527],[126.92563329615203,33.425425674736445],[126.92552661062122,33.425444147055885],[126.92550307542288,33.42531186421083],[126.92562799904961,33.42528823959527]]],[[[126.93497639933297,33.42618880745608],[126.934920831633,33.42618864541704],[126.93495041485704,33.42612235003442],[126.93497639933297,33.42618880745608]]],[[[126.93536726677453,33.42622976030019],[126.93523758128185,33.42637796870341],[126.93517958147036,33.42638858854194],[126.93519335527102,33.42631967488265],[126.93536726677453,33.42622976030019]]],[[[126.93435791179404,33.42648428878255],[126.93434145551063,33.42656632803727],[126.93428346897144,33.42658083585851],[126.93426419910436,33.42651008583686],[126.93435791179404,33.42648428878255]]],[[[126.91711044577478,33.426424169886616],[126.91713979466421,33.426487031725486],[126.91705995246808,33.4265248282549],[126.9170213061302,33.42645930882734],[126.91711044577478,33.426424169886616]]],[[[126.93476388484099,33.426671943810476],[126.93475153267686,33.426765419713966],[126.93463054308266,33.426741750196285],[126.9346611954846,33.4266677254703],[126.93476388484099,33.426671943810476]]],[[[126.9346053196713,33.42709565661938],[126.9345396362876,33.426967671453234],[126.9347115122388,33.426957774795234],[126.93499031873688,33.426754097608004],[126.93501607732529,33.42689214964717],[126.9346053196713,33.42709565661938]]],[[[126.93598744804079,33.42861981606733],[126.93594946665394,33.42871024596125],[126.93589901286657,33.42871315081395],[126.93589223553349,33.428687613512764],[126.93598744804079,33.42861981606733]]],[[[126.93587174860512,33.428778954550815],[126.93581903801389,33.42874926406046],[126.9358828120479,33.428737395730685],[126.93587174860512,33.428778954550815]]],[[[126.93602635046263,33.429149236806325],[126.93610495387571,33.429105170943146],[126.93624256494927,33.429154902707324],[126.93602635046263,33.429149236806325]]],[[[126.9363197284181,33.42928648742825],[126.93611339901837,33.429291177786844],[126.93609241062072,33.429274270767],[126.93628822886058,33.4292495146111],[126.9363197284181,33.42928648742825]]],[[[126.93602132207957,33.429924552505504],[126.93605998684102,33.430004307171636],[126.9359152786789,33.42999638837086],[126.93591280446043,33.429925063802095],[126.93602132207957,33.429924552505504]]],[[[126.91625028082748,33.43066005260725],[126.91630305167789,33.43069902918323],[126.91624204953092,33.43076641048819],[126.91621248283319,33.43071717150651],[126.91625028082748,33.43066005260725]]],[[[126.91664679832918,33.43160169034954],[126.91666392321773,33.43170116651549],[126.91647649037643,33.431788267988],[126.91647919669083,33.43162546943283],[126.91664679832918,33.43160169034954]]],[[[126.930895910231,33.43337852643084],[126.93084951831969,33.43340755049203],[126.93074516806581,33.43336523429592],[126.93080779482199,33.433285683174084],[126.930895910231,33.43337852643084]]],[[[126.92852763727954,33.43499708698892],[126.92843048235402,33.43505860191143],[126.92837286646346,33.434898748624335],[126.92842555844645,33.43489977978503],[126.92852763727954,33.43499708698892]]],[[[126.92800699810141,33.43498795917884],[126.92803764635984,33.43511707855384],[126.92800791892911,33.435148816608525],[126.92795941495869,33.435051026420005],[126.92800699810141,33.43498795917884]]],[[[126.94051890889516,33.455221825615126],[126.94044548697853,33.45525208046383],[126.94045538620074,33.455224634461686],[126.94051890889516,33.455221825615126]]],[[[126.94361229831989,33.455373833417646],[126.94363290154652,33.455433214074546],[126.94361444470705,33.455447838526396],[126.94355661205944,33.45540986374332],[126.94361229831989,33.455373833417646]]],[[[126.94412621967754,33.45565250119105],[126.94416723409941,33.455634199504054],[126.94420256113482,33.4556780512739],[126.94412621967754,33.45565250119105]]],[[[126.9396109657735,33.45603765335434],[126.93955668314057,33.45604769748937],[126.93979728873762,33.45584497921214],[126.9396109657735,33.45603765335434]]],[[[126.94768774620182,33.45716341367549],[126.9478847697652,33.457255340858566],[126.9474713621878,33.457265664743524],[126.9474821881241,33.45718833338043],[126.94768774620182,33.45716341367549]]],[[[126.93791251797603,33.46406476393469],[126.93806348598766,33.46420905915461],[126.93791005722709,33.4643291378295],[126.93784207046413,33.464109392437756],[126.93791251797603,33.46406476393469]]],[[[126.93789325581533,33.46439278374308],[126.93785905321954,33.464398420997654],[126.9378537854348,33.46434408960386],[126.93789325581533,33.46439278374308]]],[[[126.93763451698578,33.464442186401904],[126.93754014779441,33.46440597508185],[126.93757241681773,33.46437980880529],[126.93763451698578,33.464442186401904]]],[[[126.93727759422669,33.46502920573228],[126.93719904634652,33.46507653000411],[126.93714563724113,33.465063061278656],[126.93722637396394,33.465006086157594],[126.93727759422669,33.46502920573228]]],[[[126.92744562642513,33.47713060413157],[126.92737033761631,33.47710378225817],[126.92736065489792,33.47697394500397],[126.92750295769042,33.47688720334546],[126.93386938102961,33.47686461635437],[126.93397822515661,33.47691110756108],[126.93392340249022,33.47713233310438],[126.92744562642513,33.47713060413157]]],[[[126.89814526859114,33.4829981116459],[126.89801578747871,33.483081068110735],[126.89790194768139,33.48304799265991],[126.8979638884173,33.48295147485751],[126.89775367530058,33.482738358633554],[126.89763912119572,33.48242975237348],[126.8971564684398,33.4821382825217],[126.89698925148976,33.482125447869585],[126.8966780263999,33.48224069759414],[126.89635032747827,33.48202611949751],[126.8963394575748,33.48194835651088],[126.8951961015609,33.48172009665801],[126.89399615796493,33.48190200808436],[126.89396331919404,33.481763122504006],[126.89377711873168,33.48181458797351],[126.89363477679052,33.4816902941024],[126.89303580259566,33.481735177994096],[126.89269371887765,33.48156327576874],[126.89196094141906,33.480975155701564],[126.89178638096423,33.4810962407336],[126.89122757019635,33.480906642400164],[126.89108215920982,33.48099158966217],[126.89090278555523,33.48093807237398],[126.89060313535595,33.48098332747484],[126.89044419780991,33.48082524256723],[126.89029358937519,33.48033715946198],[126.88993676230125,33.48035351106516],[126.88948067500064,33.480876038304025],[126.88886918995009,33.48056484708454],[126.8886447992235,33.47969780555952],[126.88834169266916,33.479077795660245],[126.88789555212027,33.47885317635247],[126.88746168133204,33.47900726646022],[126.88690125588833,33.479593480029095],[126.88623780220088,33.479849578438156],[126.88544853120239,33.480459561764945],[126.8845199496604,33.480668040774994],[126.88370727931272,33.4799875273072],[126.88239350044533,33.478604386459644],[126.88189783208396,33.47751787542531],[126.88146757220125,33.47706728055232],[126.88108704773376,33.477292042267656],[126.88003539675721,33.476783928889276],[126.87951599384066,33.47643262415131],[126.87914695967663,33.47661755691945],[126.87882565952867,33.47668723160875],[126.87862876389482,33.476626999334876],[126.8782721247774,33.47641970030766],[126.87813206188251,33.476258238105125],[126.87814833393476,33.476109868173],[126.87767251195183,33.47588295635535],[126.8776596434414,33.475762308547715],[126.87747125854334,33.47561254474795],[126.87712953797732,33.47556453459797],[126.87670847256415,33.47565128860886],[126.87640511096419,33.475584885623775],[126.87610797043367,33.47565996927044],[126.87533833338392,33.47537036127714],[126.87522187859345,33.475529105169116],[126.87430384829435,33.47552278400616],[126.87427625115859,33.47564219242291],[126.87419824838484,33.47563637790958],[126.87381998871543,33.47554011298106],[126.872566493775,33.474931541849465],[126.87274090725138,33.47448209303363],[126.87279629186332,33.473892275871236],[126.87273889557484,33.47231196773434],[126.87248173352879,33.47223755240188],[126.87220206822616,33.47235235224536],[126.87201558805477,33.472560029950955],[126.87171627632297,33.47246385916316],[126.87151004759691,33.472302183981306],[126.8712810919736,33.47228743773415],[126.87109115750899,33.47240151582819],[126.87105047856713,33.472597212476636],[126.87035679092632,33.47279670826859],[126.87029317051395,33.47255149545951],[126.86996996482638,33.472378793284996],[126.86927433582782,33.47146641516563],[126.8681440533156,33.47080424999348],[126.8676789088466,33.47030080818394],[126.86758973836834,33.47004694561836],[126.86675177701368,33.46895940836134],[126.8663488544301,33.46872557038027],[126.86624468982845,33.468584339397594],[126.86560983081908,33.468503744538346],[126.86507888666269,33.468289445425654],[126.86458067780067,33.46844768826742],[126.86434547418007,33.46832950696028],[126.86292558630137,33.46835898116112],[126.86181275440802,33.4681800360476],[126.86112338464103,33.467863750890615],[126.85901186155034,33.46749285062471],[126.85843328546432,33.467231792274575],[126.8577366447087,33.46705804143872],[126.85763825440127,33.466863594848306],[126.85689386531595,33.46624302134646],[126.85692900752485,33.46575172513023],[126.85622898977293,33.46517357271306],[126.85469217356454,33.46331362184903],[126.85421566089401,33.46314619586272],[126.85315562708705,33.46305291524624],[126.85190262543378,33.46252754538144],[126.85022329942414,33.46236767308151],[126.84918779811882,33.46238981203247],[126.8471681937299,33.462080004546515],[126.84665868015148,33.46211730012361],[126.84631295939396,33.462005196526185],[126.84344145640137,33.46091603003348],[126.84290576348664,33.460824573714156],[126.84164499203926,33.46025883979203],[126.84068917040277,33.45995223927054],[126.83881698086238,33.45903994424533],[126.83683094751702,33.45827838059673],[126.83591243388301,33.457582067186976],[126.83533725115197,33.45727595042458],[126.83487194996611,33.45683971753821],[126.83496445711457,33.45679256931169],[126.83437166091146,33.45669076557134],[126.83342302313481,33.456217702486605],[126.8318906391921,33.4556347478259],[126.83184687880865,33.455669653679955],[126.83158922141835,33.45543551373413],[126.83143050247078,33.45501211902552],[126.83105299063772,33.45459230068172],[126.82950111074923,33.45364170572715],[126.82872649588926,33.45375603560957],[126.82787719368031,33.45348465647329],[126.8268325603392,33.45347027095046],[126.82645127457323,33.45323558800084],[126.82618746216613,33.453195733425545],[126.82545318088087,33.453154797000956],[126.82491739985994,33.45333694608852],[126.82393912098607,33.453022502151825],[126.82407764998514,33.45154459955967],[126.82403731907522,33.45121583450645],[126.82424108723895,33.45047861276797],[126.8237057680211,33.450361880949494],[126.82335713911081,33.44955647347592],[126.82266223082753,33.44874650769567],[126.82244144508942,33.448317303770715],[126.82242924930496,33.44726945693076],[126.82212165395967,33.44670572506113],[126.82137773947049,33.446711535919704],[126.82076682723176,33.44708882742993],[126.82032413047651,33.447067029609535],[126.82054027186709,33.447140240112134],[126.82081733104346,33.44710008077356],[126.82057776714477,33.44720595944704],[126.82024778702784,33.44726550684271],[126.82024686995871,33.44719438684101],[126.82010459550314,33.447212868809984],[126.8192294872467,33.44753723860654],[126.8187870317951,33.447785196512555],[126.81821288103566,33.4478252099249],[126.81728923253928,33.44674920945782],[126.81676762696678,33.44676449090576],[126.81649479852983,33.44658971597343],[126.8160682986994,33.446604829602435],[126.81603154568734,33.44652588325108],[126.81524039206599,33.446473343766094],[126.81511577073452,33.446409475887734],[126.81460143026376,33.445795375109945],[126.81442430807625,33.44524337092121],[126.81335237403252,33.44537372587364],[126.81298320837205,33.44563574064866],[126.81279634769807,33.445633229631746],[126.81158596289012,33.445143849511524],[126.81047780368736,33.444807714982005],[126.80836714305082,33.44459198515513],[126.80685710750863,33.44433519343899],[126.8045615998505,33.443531432527706],[126.80393824608501,33.44323440721337],[126.80325441307461,33.44270144137145],[126.80271689308044,33.44241834202833],[126.80176524851474,33.44218996104303],[126.80162110063013,33.44190601187873],[126.80136611577841,33.441825574052125],[126.80022685140082,33.44173184013338],[126.79981950171334,33.44161275308071],[126.79916470076721,33.44101525552798],[126.79854909989676,33.44063260901046],[126.7970312942439,33.44008502524539],[126.79644001679024,33.440291445131166],[126.79605555151535,33.440612169323934],[126.79495753488735,33.44101985655377],[126.79331540814013,33.44134906596448],[126.79152406332192,33.44139708877558],[126.79005911930452,33.441330019218],[126.78856279712225,33.44135528482206],[126.78784219474508,33.44085857774789],[126.78695828559123,33.43953128494215],[126.78668124476565,33.43890014033771],[126.78565716298233,33.43757779883469],[126.78376973179535,33.435435510081724],[126.7834602018567,33.43490178279387],[126.78247245165389,33.43444980861346],[126.78120776117574,33.43438870394758],[126.7800248652763,33.434212038464196],[126.77926886563165,33.43417375763375],[126.77847815735794,33.43399188243391],[126.77795345669429,33.433059127539934],[126.77529626081348,33.4302685434159],[126.77307643399857,33.42891570030825],[126.77216308787669,33.42804536977855],[126.7700307629514,33.426259230626776],[126.76884220539625,33.42553803784605],[126.76431598607128,33.42309614796888],[126.76378504956226,33.42289788690213],[126.76330879116695,33.42290841530881],[126.7630176439968,33.422705183674324],[126.76258680512149,33.42255770011772],[126.76273834220206,33.422212900879764],[126.76128319857179,33.42146051437108],[126.76009148618522,33.42117162542456],[126.75954495843754,33.42112585910821],[126.75674237361686,33.420248617487935],[126.75538450751002,33.420190980589545],[126.75477447240553,33.42009024070159],[126.75391720419003,33.42012902500234],[126.7524051759732,33.41991679064959],[126.75058017693775,33.41942275733994],[126.74823481571457,33.419727524726646],[126.74140476544835,33.42026921622781],[126.74008650554809,33.4206006739699],[126.73874291606887,33.42114540025978],[126.73650904020246,33.422378649312655],[126.73426943751167,33.42373068747301],[126.73342550834803,33.424330500798455],[126.73182531868247,33.426721938360714],[126.73163300592283,33.42655995224215],[126.72916457571583,33.42579898680985],[126.72894303538692,33.42562639204959],[126.72898974618528,33.4254845108361],[126.72695006997921,33.424420850862525],[126.72425797096288,33.42417726602837],[126.72231315930148,33.42315538023077],[126.71911353454955,33.42250564811238],[126.71837448571965,33.422310082599225],[126.71728461057394,33.42188498992416],[126.709058276913,33.42189717460815],[126.706529197177,33.421227687842226],[126.70536455868317,33.421123890631975],[126.7046642179486,33.42084554005707],[126.7024348885184,33.42024738279493],[126.6996188124405,33.41919378076598],[126.69704849276661,33.41787404226317],[126.69212315080506,33.41515758163763],[126.69073422474337,33.41461903474862],[126.68772828884202,33.41328472075278],[126.68680288586563,33.41242646383542],[126.68566732104934,33.41173951194329],[126.68415916501246,33.41041793802268],[126.68272069080619,33.4094624251592],[126.68106909030871,33.408730664347146],[126.67783389845631,33.40607871071345],[126.67620828865847,33.404861483008766],[126.67384106216774,33.4033729692369],[126.67223714781589,33.40267340476933],[126.66943180617571,33.40038540236277],[126.66907361122293,33.400255171925366],[126.66834400108823,33.40023730309411],[126.66786697171015,33.40039508347632],[126.66686517709617,33.400927337987326],[126.66630479517356,33.40133637470315],[126.66536810544466,33.40166613910374],[126.66429002040074,33.40216083094242],[126.66272928197132,33.402117099470026],[126.66172240376608,33.402191625428735],[126.66046356269804,33.40195888625206],[126.6597752464537,33.40144167020906],[126.65900633390054,33.40053470573571],[126.65819955266302,33.400216436330126],[126.65735679204097,33.399717135924064],[126.65595464058431,33.39952445421276],[126.6554949046329,33.39959143396175],[126.65497064872251,33.39942320101771],[126.65458700476799,33.39898106290677],[126.65455618010482,33.39822248107642],[126.65415402154956,33.39755116391838],[126.65332893158417,33.396894625831415],[126.65352803988606,33.39662828990384],[126.65367675236122,33.39617126605637],[126.6536949618474,33.39565512808488],[126.65341899766203,33.39505492124006],[126.65313248023998,33.394851055806434],[126.65267045024936,33.394671682287864],[126.65170103279739,33.3945069180652],[126.65059693556637,33.39499388895849],[126.65010275918482,33.39497015031349],[126.64869919344714,33.39402995710429],[126.64814039700934,33.39376837107244],[126.64705608670283,33.39386859476679],[126.64385333779957,33.39394712930252],[126.64190812817887,33.39381166096371],[126.63961517544857,33.393182013759265],[126.63726084070659,33.39306536681884],[126.63588267333934,33.39288962411245],[126.63561553870683,33.39264744895026],[126.6344092373265,33.39293189863229],[126.63382394101579,33.39326354730453],[126.63358899328654,33.39391950778116],[126.63077907499344,33.39308601546861],[126.63029333203312,33.39274323390901],[126.62976606930054,33.39263076720198],[126.62910232576388,33.39227662730159],[126.62897312706298,33.391990619248546],[126.62866652912707,33.39170516946215],[126.6279185250069,33.39146059631975],[126.6273795249943,33.3908915366277],[126.62687484390615,33.39061955880185],[126.62633467775149,33.39019007056242],[126.6259954010827,33.38936632670876],[126.62533897107339,33.38833340416622],[126.62491542662936,33.38503613343219],[126.62446138804103,33.38502773240133],[126.62382399925482,33.38457961680953],[126.62369462923907,33.3843520711372],[126.6231851210896,33.38426584946224],[126.62239478155904,33.38472399033378],[126.62122619419617,33.385166613765236],[126.62104010474472,33.385013393090816],[126.62021925998692,33.38486203819113],[126.61873981532658,33.38374376338732],[126.61762127759725,33.3831921051828],[126.61679063439182,33.383076968394384],[126.61523506459997,33.38317332784995],[126.61406628723394,33.38290884139802],[126.61198525188453,33.3829461859982],[126.60988265473378,33.38266093934527],[126.60934705433309,33.382486383335554],[126.60693394757813,33.382237504504424],[126.60529299133398,33.38162165588138],[126.60405880454996,33.3809628104143],[126.60268202288486,33.38040607847561],[126.6003642078808,33.37909416486],[126.59849416766919,33.37852462166245],[126.5977324325179,33.378148224038526],[126.59636389701798,33.377126733469844],[126.59520122312128,33.376528989274085],[126.59322458048989,33.37615304625492],[126.5925055240755,33.37550895912208],[126.5917321825002,33.37385040507521],[126.59157919086002,33.37377489543306],[126.59054497443529,33.37411293606105],[126.58932187080363,33.37434441813098],[126.58897622264485,33.37423593468314],[126.58784677788306,33.37411127201831],[126.58676945492978,33.37417629033796],[126.58449800493514,33.37362595182047],[126.58425799396133,33.37345524665243],[126.58309561564673,33.3736767195528],[126.58208522761807,33.37376263315442],[126.58046156574771,33.37340725175945],[126.57967035433397,33.37337697795412],[126.57895585050572,33.37324565425209],[126.57804651720907,33.37300979893604],[126.57741256679529,33.37293923830594],[126.57524310989555,33.37224419072815],[126.57475874896174,33.37202292231197],[126.57457157882774,33.371818903292734],[126.57339858316762,33.37209305613091],[126.57285277457287,33.37193724238217],[126.57260875227186,33.37195021308522],[126.5722670400475,33.37177512095722],[126.57124408611884,33.37243850144799],[126.5708805379297,33.37246663245089],[126.57010483943476,33.372328239225915],[126.56921013679722,33.37163747244806],[126.56833693211252,33.371874744006206],[126.5672066636915,33.37163118400655],[126.56669043602272,33.3716521087655],[126.566230945092,33.37181118384263],[126.56492096794268,33.37174328313043],[126.56365184302248,33.37202394850528],[126.56316019034546,33.37229273353508],[126.56159018961038,33.372358065711595],[126.56028339499994,33.373110728156625],[126.5596850045935,33.37315933411946],[126.55945202505268,33.37324238970581],[126.55875408044393,33.373159516603295],[126.55787964772279,33.372135270834555],[126.55736624198946,33.37202071651599],[126.55580953262351,33.372366603556806],[126.55455520098597,33.373304890500016],[126.55371604581212,33.37367637604796],[126.55267503301688,33.37296327782888],[126.55154797770233,33.37256307834194],[126.55103440841883,33.37222925439235],[126.55077837937507,33.371883414410014],[126.54836989804629,33.370705814604065],[126.54782658489457,33.37055833808638],[126.54732637920227,33.37027561486634],[126.54653050188021,33.369689892373074],[126.54448926531308,33.36861026806233],[126.54391649712946,33.36809928295329],[126.54310496704174,33.367830848563955],[126.54248444003728,33.367518574544896],[126.54068233258596,33.367179631292046],[126.53964909615677,33.366553269132474],[126.53609050513226,33.36404663127498],[126.53473567841701,33.36323275089488],[126.53333158159825,33.36342576480095],[126.53238969770169,33.36308138533701],[126.53136803839423,33.362931361845234],[126.53048305331212,33.362602223501966],[126.52996803159539,33.36253922117344],[126.52965256392312,33.36185997904736],[126.52952272753399,33.36174041760904],[126.52879674282862,33.362103636728364],[126.52840819763209,33.36252949484452],[126.52690771168884,33.36303536778379],[126.52554706345936,33.36255332868378],[126.52389638984846,33.36177531456555],[126.52153591930143,33.36085278712003],[126.52082136451574,33.360722996970956],[126.51966821289396,33.36068167062563],[126.51747097749416,33.360384830088876],[126.51428971566634,33.36122405910215],[126.5120946959734,33.36101940238386],[126.51110364595519,33.361039880752756],[126.50866818174231,33.358674513044235],[126.50768575436679,33.35811958354856],[126.50663494368044,33.35799596588404],[126.50601821024492,33.358451469650255],[126.5051743121192,33.35882443095229],[126.50340243542838,33.35914558837385],[126.50271015508179,33.3593731867438],[126.49909140937508,33.35984676020659],[126.49826903796664,33.35953007803914],[126.49719564757714,33.35886073584362],[126.49400693010718,33.35721927326315],[126.49223125258547,33.356481396629945],[126.49044849272762,33.35495439961416],[126.48878395074757,33.35495854811077],[126.48742133513838,33.35512469203482],[126.48730947104686,33.3554085298487],[126.48727804763338,33.35592373198684],[126.48691559303793,33.356835938072805],[126.48647411143388,33.357308171432535],[126.48589644213482,33.357549795733505],[126.48484511988795,33.35819075114684],[126.48454211338104,33.35850616274995],[126.48416664748376,33.359106520704316],[126.48370736175771,33.35944223272351],[126.48332886222114,33.359602861887716],[126.48274831694876,33.35967846294459],[126.48186194904339,33.359506418412735],[126.48159471979412,33.35921584299515],[126.4809396846978,33.35905551402062],[126.4783034941109,33.35815007143452],[126.47672305154546,33.357379697069305],[126.47563397913173,33.35660435298507],[126.47497563507488,33.35603664461696],[126.4746812506042,33.35601678862984],[126.47417492452215,33.356713384878276],[126.47413935326381,33.35698406905516],[126.47254975024568,33.35836902590062],[126.47195687304533,33.35855427693889],[126.47090310925987,33.358420166259876],[126.46984540038949,33.3584996643769],[126.46775453520114,33.35979589748482],[126.46728554087014,33.359868081955],[126.46683647954544,33.35973813186449],[126.46566300106406,33.35999997707212],[126.46481741239009,33.36007752466652],[126.46275442008063,33.35956391080849],[126.4611939804267,33.359556788771634],[126.4607636805419,33.35937071883532],[126.46021229025784,33.3587118391585],[126.45844508805175,33.35865790058604],[126.45614755889218,33.35847915315841],[126.45341438162882,33.35874499749447],[126.45248377388997,33.3586294934822],[126.45136128935461,33.358757025559704],[126.45072491398746,33.35895452437571],[126.44805941818916,33.35925239700352],[126.4455815309374,33.35888691750279],[126.4444089431403,33.35830635231016],[126.44414743861924,33.358058040252764],[126.4429434307536,33.35772039997695],[126.44250216014059,33.357530237799764],[126.44191216370488,33.35765117384569],[126.44046975920264,33.35705294653255],[126.43982365798813,33.356598061626336],[126.43927450057096,33.35672246898973],[126.43882741559332,33.356294199266905],[126.43854955736914,33.35626825680518],[126.43825736087233,33.356064872766076],[126.43797828851231,33.355718924882126],[126.43769243947101,33.355529685493465],[126.43755910484842,33.35522578118689],[126.43723929534981,33.355069991155105],[126.43702152143817,33.35480250653023],[126.43697357810144,33.35462327510004],[126.43711669713028,33.35422817488442],[126.4369561128001,33.353872090291915],[126.43699747973686,33.353247040892576],[126.43743944513697,33.35303089410301],[126.43750157224878,33.35264945699664],[126.4373615126429,33.352497938188826],[126.43746935625015,33.35194755500959],[126.4376475910791,33.351594944684194],[126.43726570743829,33.351378141476125],[126.43780221407891,33.35045806422028],[126.43766663221611,33.3498722349009],[126.43769773421222,33.349426666701554],[126.43749773216503,33.34913062116637],[126.43760432113638,33.348702263610036],[126.43734202707886,33.34830233861201],[126.4370546520169,33.347327542854394],[126.43642036458071,33.34664623751351],[126.43592325256088,33.34641556288414],[126.43520179012792,33.34588097729421],[126.43476978686205,33.345721361706026],[126.4345551733513,33.34551246365012],[126.43401956281797,33.34541115705892],[126.43360938112642,33.34497508622376],[126.43315359644797,33.3448576080467],[126.43274833870963,33.344931449567405],[126.43253306921387,33.34448282689666],[126.4325410164304,33.344079898696606],[126.4323721289927,33.34388982443057],[126.43237088140188,33.343496593130936],[126.43225090532961,33.343423526602685],[126.43194264140239,33.3425766724475],[126.43196268282406,33.342432016308344],[126.43182379095765,33.34227311277323],[126.43230976343655,33.341671068028425],[126.4325897017812,33.341121385882026],[126.4301313929528,33.34135720817176],[126.4293777985445,33.34124076972372],[126.4287488076404,33.34156631509405],[126.4283416007392,33.341489704282395],[126.42784435253705,33.34124350684867],[126.42723876443918,33.341249536612615],[126.42642378030207,33.34103893914519],[126.42606480062344,33.34112395603795],[126.42596045861187,33.34126531249541],[126.4257104084445,33.34130314909427],[126.425469327192,33.341522284778605],[126.4246302983831,33.34165175565558],[126.42427634078527,33.34159506881271],[126.42350036753255,33.34181002870356],[126.42318774322615,33.341797528791105],[126.42304313036857,33.341709147019124],[126.42228771559738,33.3415747971268],[126.42201025608117,33.34143491667141],[126.42031165871975,33.3413733449278],[126.41877573247072,33.34235522069492],[126.41760413996012,33.34273328901961],[126.41698016983867,33.34255354297115],[126.41564678051469,33.3425178860475],[126.41506845874828,33.34239696737739],[126.41400326692958,33.34256927875436],[126.41313032901073,33.34258585106416],[126.41024502698116,33.34206235672556],[126.40910275050555,33.34212451740454],[126.40714368603612,33.34356977962963],[126.4059000784116,33.34329931153812],[126.40450729263985,33.343250981711726],[126.40388951135185,33.34303147251995],[126.4028545499886,33.343632829448225],[126.4020628967515,33.34452404927361],[126.40068723155144,33.344716208811654],[126.39954011594195,33.34470173987452],[126.39777279618158,33.34454738136054],[126.39645029708412,33.344709595343254],[126.39522982108204,33.34420229602867],[126.39510534380962,33.3443289312084],[126.39411896032301,33.34396739327008],[126.39238444919998,33.343757492841284],[126.39164447262746,33.343558233831615],[126.39007295579233,33.34448907713968],[126.38876944512307,33.344866116117025],[126.38801265650646,33.344939754849236],[126.38779463283007,33.3450668399691],[126.3876850190372,33.34530547753045],[126.38736616711975,33.344996337092255],[126.38690837027231,33.34481018360934],[126.38614455703349,33.34500569384125],[126.38504211773369,33.345683476828256],[126.38351699351392,33.345787210594374],[126.38221262230552,33.34628705611362],[126.38125533435269,33.34648110081255],[126.37776922340291,33.3466646844443],[126.37592372183124,33.346893616554134],[126.37531040949479,33.346818829958124],[126.3737925474824,33.34569197588351],[126.37204995109634,33.34510915391362],[126.37063890595383,33.34367084912256],[126.37013649552648,33.34235206693593],[126.369199860132,33.341615401239416],[126.36870130566192,33.341382880758246],[126.36747031276877,33.34114917701347],[126.36548016032351,33.34116462743754],[126.36377099437114,33.34133284058057],[126.36291912208539,33.34153237968317],[126.36257495979928,33.34196569632119],[126.36121586930264,33.34203462221561],[126.35939506966415,33.3417563573824],[126.3577736091336,33.341206068696486],[126.35632689176859,33.340893722941516],[126.35492783902635,33.34077971831638],[126.35434894807342,33.34082175678],[126.35197520613858,33.34068505547725],[126.35148698065419,33.3409577431665],[126.3505899512115,33.34107164246899],[126.34950468798657,33.34093667198194],[126.34834565351277,33.34122345078061],[126.34785374303834,33.341589005143106],[126.34611364926864,33.34216949248019],[126.34516676017631,33.34274317595069],[126.34315080545537,33.34314216782625],[126.34163848119334,33.343631096326106],[126.3402366401578,33.343610190254395],[126.3396603165414,33.34334226810071],[126.33957546416829,33.341552753592765],[126.3388105777365,33.34102892217179],[126.3377582757235,33.3407014868715],[126.3370403826862,33.34013638539707],[126.33638121187285,33.33944794132317],[126.33524004698968,33.337708960824685],[126.33513587491673,33.33720555245796],[126.33480231754875,33.33647905722345],[126.33342728582326,33.335875506485834],[126.33280977686417,33.33572415895156],[126.33253848299765,33.33545663733347],[126.33238704978545,33.33479153996445],[126.33192845458024,33.33449633855456],[126.33170931639462,33.334033474787056],[126.3313395151002,33.33375477093628],[126.33105205327482,33.333944719968976],[126.33069050336508,33.33402905109011],[126.33005478065299,33.33311502751151],[126.32937851737093,33.33283315644187],[126.32453442935389,33.3274539311667],[126.32410317858208,33.327445097877465],[126.32383310852434,33.327338221738025],[126.3235785860961,33.327125450591666],[126.32384856813938,33.326589705156714],[126.32257226393682,33.32581416956529],[126.32202262281305,33.32563817340821],[126.32153463975256,33.32557958842274],[126.32096584576225,33.32573770765908],[126.32057019016533,33.326067823766714],[126.31998333296463,33.326822428140076],[126.31929867842969,33.32721154453287],[126.31833258447894,33.32742602818207],[126.31734989400462,33.32726369809616],[126.31369949337507,33.32689851241407],[126.31179867321403,33.32685717670932],[126.31112037997843,33.326235976589025],[126.31030534412169,33.32578503766494],[126.309319215655,33.325453367529505],[126.30867420307705,33.32560981565633],[126.305946615591,33.32665355068814],[126.30423876675715,33.32540544264583],[126.3037559537667,33.324764545210094],[126.30362331584692,33.324326812594876],[126.30017438520338,33.32252331982733],[126.29632270857829,33.32199205546296],[126.2949953375807,33.3179310689714],[126.29438285838515,33.316832205568744],[126.29391362924403,33.31490708848717],[126.29331545435484,33.313190543248965],[126.29296839533919,33.31159838439026],[126.29240919475728,33.310493655780256],[126.28735012233844,33.307101368709276],[126.28723940992188,33.30560724943079],[126.28635249424836,33.30433740144604],[126.2855543352324,33.303856491664604],[126.28448743631115,33.30378229735592],[126.28243043713466,33.303383943780695],[126.28066420619365,33.30241743119223],[126.27996067744454,33.30190384538161],[126.2796823658272,33.301310644853615],[126.27970468508592,33.30055608973611],[126.27956939039878,33.29991760135689],[126.27921978909839,33.299484290438215],[126.27826718690255,33.29916148627491],[126.27789338333592,33.298892283806836],[126.27653658613372,33.29847365421323],[126.2745130909682,33.29814012134094],[126.27376270204375,33.29766726524416],[126.2728591278108,33.29766226857885],[126.27214860341535,33.297484698238165],[126.27073588167285,33.29747630100336],[126.27057988149569,33.297421126392194],[126.27039220339294,33.29747352478336],[126.26914070622284,33.29691389974223],[126.26885109028483,33.296578167628425],[126.26835544103147,33.29618800809053],[126.26722791798633,33.296309316423134],[126.26656300869406,33.296009853320285],[126.26572135165702,33.29590963837404],[126.26518444673545,33.295605802396466],[126.26434971065824,33.29554252974125],[126.26394826127401,33.295318725271315],[126.26336295147254,33.29552681167311],[126.26161530185414,33.29511009728223],[126.26131477782847,33.2951151795114],[126.26002924419461,33.29465854826831],[126.25946473708169,33.294217769399715],[126.25864550047086,33.29424948169576],[126.25828570697603,33.29418107215889],[126.25814860861635,33.294003936066616],[126.25800670434847,33.29395180346321],[126.25668986658323,33.29374673228006],[126.2555140487089,33.29323962813682],[126.25508382151031,33.293312320355746],[126.25419357155549,33.29294001015458],[126.25358325886619,33.29293253555813],[126.25302892745854,33.292805292325845],[126.25219854210195,33.29207391592101],[126.25198410149673,33.291666471340136],[126.2514986134752,33.291591649893036],[126.25129050743116,33.29111436797168],[126.25089457591403,33.290692391660215],[126.25076651738104,33.29042839615636],[126.24982491211875,33.290515047430716],[126.24831626986298,33.28945631972123],[126.24777544228208,33.289436821460015],[126.24748951426994,33.289321080517354],[126.24736243362358,33.28924080682955],[126.24737942360564,33.28897410846109],[126.24699889497623,33.288781526196885],[126.24677317028504,33.288354356972754],[126.24652751470597,33.28825745860427],[126.24581755026828,33.28838007337383],[126.24556213939893,33.288275449919],[126.24502043429949,33.28829876077684],[126.24454826604712,33.28850182057475],[126.24416466835342,33.28757910499113],[126.24419872147293,33.28730800324894],[126.24404295909424,33.28604359732214],[126.24293039606376,33.284158202845106],[126.24275400478417,33.28316425849464],[126.24341007787226,33.282185587515976],[126.24312460352014,33.281336530855455],[126.24312674764528,33.28100431413303],[126.24332183513647,33.27990484702166],[126.24345211986666,33.27957749547785],[126.24339065063165,33.27926021693411],[126.24322775891078,33.27907307049423],[126.24303125297803,33.27844331051907],[126.24303847883758,33.27742393253738],[126.24328216722469,33.27684889962352],[126.24351209675561,33.27667368659054],[126.2436262345956,33.27635611587349],[126.24396122620962,33.275949164422244],[126.24391331422422,33.27521804403645],[126.24430348098656,33.27475017118431],[126.24429455105295,33.273921834323644],[126.24465097599608,33.27296605145991],[126.24429382940095,33.27300537876169],[126.24301426782867,33.27365578576722],[126.24179694295039,33.27453959603293],[126.24056779691091,33.27518761756229],[126.23870499739358,33.27637769510807],[126.23816517046839,33.276922511150225],[126.23671526911899,33.2790693472163],[126.23609070681795,33.27980294044017],[126.23577900224551,33.28006191751271],[126.23542878057873,33.280116481035726],[126.23460505685844,33.28053262074781],[126.23295300272648,33.28173023025423],[126.23218454624883,33.28202224064413],[126.23057376360046,33.28364428486625],[126.23043337289522,33.28406970764264],[126.23013123070629,33.28444132030163],[126.22978755840582,33.28467447797065],[126.22906353454864,33.28498152081063],[126.22741310747845,33.285448797832956],[126.22674965861583,33.285696345907624],[126.22664189949876,33.28582782222712],[126.2253301397741,33.2862855765778],[126.22205265086235,33.28713279744071],[126.21715140208737,33.28948164793718],[126.21363642470088,33.290869827434996],[126.21130871651708,33.29211038265257],[126.20983611094645,33.292680234526614],[126.2062315572815,33.29349550348802],[126.20466813068299,33.29435190848351],[126.2034529516486,33.29513221537444],[126.20270330376492,33.29550443862892],[126.19959359977237,33.29637158705992],[126.19771908774443,33.29668793947854],[126.19647140742028,33.29708595281644],[126.19432860423034,33.29751130525511],[126.1938146271147,33.29783538046796],[126.19261753835423,33.29822900345855],[126.19200652695929,33.29835194535858],[126.19184608265482,33.29753594842562],[126.19169613296134,33.297370591791086],[126.19162207630501,33.29696251735173],[126.19163230137298,33.29639146938561],[126.19188232830174,33.29584675980998],[126.19179042149015,33.29566278577087],[126.19160204147198,33.29436997844491],[126.19171875562208,33.29429966670254],[126.19169179997085,33.29367418151963],[126.19049859774553,33.29342064710611],[126.1895973114133,33.293417062657824],[126.18878653586867,33.29325117189671],[126.18865536042597,33.29277633674138],[126.1884459942204,33.29263862924761],[126.18821705452265,33.292340245004944],[126.18745560804669,33.292003988708515],[126.18713231550552,33.29202387151944],[126.18679843774636,33.29190617033465],[126.18651789553695,33.291945580303576],[126.18631765542449,33.291853232126485],[126.18622998405847,33.29167002218092],[126.18587199302044,33.29145018312321],[126.18540236961839,33.29201515939351],[126.1847956502995,33.291894003473075],[126.184028039682,33.291995201790485],[126.18332396291949,33.29174395660128],[126.18337664216956,33.29161617796632],[126.18318301988478,33.29161114471975],[126.18289272205148,33.29145014554104],[126.182204199044,33.290788609639414],[126.18159466726999,33.29056544140572],[126.18103676881123,33.29062065212784],[126.18087592219116,33.290308505494586],[126.18041965965459,33.290091886383664],[126.1801268328126,33.290151431644226],[126.1797717868568,33.2904912678307],[126.17943392121894,33.29059342029517],[126.17903030362544,33.290500636202744],[126.17904796796185,33.29044970429594],[126.17883514214677,33.29045056965122],[126.1782151298945,33.290645121809234],[126.17786742886445,33.290620432254514],[126.177494500231,33.2908147971536],[126.17686677281252,33.29081678245103],[126.17548347427285,33.29026826650677],[126.17508308470245,33.29045778946881],[126.1749456117711,33.290640836036786],[126.17465184076646,33.29072468786528],[126.17451668572707,33.29064003896536],[126.17418858271506,33.28997778111964],[126.17317251464671,33.28894503850921],[126.17261563488807,33.28873195973929],[126.172285668663,33.28906573787296],[126.1719803255579,33.28893188753724],[126.17171901184122,33.28869347553901],[126.17154475517471,33.28880618291809],[126.17107656782875,33.2885087942955],[126.17093472871655,33.2883183765742],[126.17096259591277,33.288097519995006],[126.1708685301236,33.28793994255558],[126.17048188815758,33.28756594713462],[126.17046143306571,33.28718021705685],[126.17069742954327,33.286702002379506],[126.17200841423843,33.28607488133521],[126.17206516962253,33.285528837608446],[126.1718124468316,33.28517990327255],[126.17138362513485,33.284920473646636],[126.17037958053515,33.28408534595652],[126.17006606594381,33.28344778853166],[126.16984446274122,33.283400388786674],[126.16942653363624,33.28294578447459],[126.16899720090517,33.28272162360563],[126.16899231295879,33.28256388499458],[126.16874128563916,33.282538158308796],[126.1686477737196,33.2828121745729],[126.16857253147745,33.28278789572116],[126.16835096316704,33.283041949896784],[126.16813707648423,33.28309399022794],[126.16832361000812,33.282991474249236],[126.168731706511,33.28214988186389],[126.16921504677262,33.28174206215516],[126.16930267334875,33.28156767292205],[126.1692097139062,33.28090881317496],[126.16939666383344,33.28019766559016],[126.16929639598288,33.28013589337055],[126.1698477459652,33.27935357981012],[126.1699184614652,33.27886939943604],[126.17012637341834,33.27873747376819],[126.17012857984741,33.278504188475026],[126.16976445395426,33.27802265928474],[126.16966113473791,33.27775950733701],[126.16944116042923,33.27759417218475],[126.16897144819747,33.2776132526869],[126.16897197449727,33.277557708500325],[126.16965310389317,33.27753813118442],[126.16967214213585,33.27718622684092],[126.16951857087523,33.27699217261607],[126.16928018671717,33.27702529715366],[126.16926263295959,33.27695852283936],[126.16954469727924,33.27685208955526],[126.16969178602297,33.27703221306543],[126.16995182881901,33.27715615452867],[126.17010628315293,33.27708219639509],[126.16989972266364,33.276722536043096],[126.16999043626427,33.276701616717624],[126.17017150585926,33.277003476497676],[126.17054557322746,33.27673215132644],[126.1700807587113,33.276347724185875],[126.16968719158992,33.27643090942798],[126.16970929698371,33.27667599749056],[126.16955194074993,33.27645779410034],[126.16919409896173,33.276557598867996],[126.16913827576457,33.276830426623505],[126.1690134786297,33.276803927325],[126.16901084769367,33.27661745836604],[126.16883934388144,33.27663777422742],[126.16856976462428,33.27674542012447],[126.16857598693342,33.27716134023571],[126.16866621234742,33.27725544949216],[126.1683863840165,33.277295016191026],[126.16837622348717,33.27658596526323],[126.1699675146879,33.27615778803942],[126.16997569778174,33.27623111982678],[126.17013161164213,33.276226915785884],[126.17062690511008,33.27667279591516],[126.17068708892484,33.27660237524037],[126.17045631790015,33.276355036557405],[126.17128274988168,33.27567592475421],[126.17101580776708,33.2754950050997],[126.17132120509272,33.27563035512876],[126.17180523929204,33.275494017305284],[126.17216004343412,33.27521169898536],[126.17230319411415,33.27493352613801],[126.17226698720175,33.27451708351651],[126.17214288131335,33.27432664362273],[126.17156120157783,33.27404313450573],[126.17152150580544,33.27395339772851],[126.17119038606108,33.273940859271185],[126.171143382761,33.27386284021932],[126.17122469022341,33.273620981748195],[126.17188933229545,33.27299316465045],[126.17232279128464,33.272943850639955],[126.1727112429212,33.27273604325876],[126.1726505023774,33.27259068101964],[126.17295283396165,33.272448736285114],[126.17358773656049,33.271642562260524],[126.17355173592935,33.271439396388125],[126.1741463755979,33.271600355022855],[126.17457025062247,33.271473869641426],[126.17499380273387,33.27112161892163],[126.17495800562384,33.27103107603803],[126.17506256475322,33.27082447894632],[126.17528977917569,33.270565334546525],[126.1758394001992,33.27031653573134],[126.17617243442885,33.26997599367311],[126.17658454587986,33.26980016637416],[126.1770458063607,33.2693332243434],[126.17759964692728,33.26915422637315],[126.1781058364067,33.2688456109534],[126.17846797990909,33.26852578115004],[126.17858749791039,33.26824237601336],[126.1788824418543,33.26809751762726],[126.17910071104782,33.26774800027744],[126.17919459666533,33.26737508514565],[126.1790565553291,33.26724487359028],[126.17907052694669,33.26707248893157],[126.17893765114276,33.266897235186306],[126.17948194347389,33.266478409316655],[126.17979206850292,33.26646580621656],[126.18010935976405,33.26634095270533],[126.18026604289733,33.26609557764667],[126.18014429415578,33.2656758155569],[126.18019056926441,33.26513235995656],[126.18032257529607,33.2648241243581],[126.18057747584132,33.264664435901466],[126.18057710151606,33.26451256491694],[126.18089180640554,33.26409996736084],[126.18099478584396,33.263730278397006],[126.18093613320694,33.26361166906693],[126.18098811451905,33.26329137286503],[126.18115396028112,33.2627978401529],[126.18087876899774,33.262546382038444],[126.181002716164,33.26227060880611],[126.18095316978703,33.26195721269862],[126.18116189803096,33.26197023548463],[126.18140834430464,33.26136180870839],[126.1817740746492,33.26119020090535],[126.18178999538931,33.261008535923594],[126.18208679001341,33.26076255214472],[126.18268213097014,33.25991384813888],[126.18296627820084,33.25978255048432],[126.18301677002489,33.25957692170356],[126.18320570724595,33.259579689538015],[126.18372791248716,33.25909583314502],[126.18430215198023,33.25881637180748],[126.18437232235489,33.25862595923286],[126.1854088227625,33.25802319358656],[126.18590408311837,33.257829407497475],[126.18624973811959,33.25743555821558],[126.18649975126071,33.25734483626239],[126.18675823455585,33.257131026438984],[126.18669010230575,33.25700539650606],[126.18674805464669,33.25691135456],[126.1868241578849,33.256870804193035],[126.18709423504434,33.256987502984224],[126.18749351036261,33.25694590349584],[126.18782211732362,33.256795818900315],[126.18784257705626,33.25670965211023],[126.18797280774606,33.25666941520437],[126.18795050513737,33.2565817978296],[126.18812681207123,33.256606177873884],[126.18854674879077,33.25641723397638],[126.18876256527093,33.25640812811113],[126.188837030057,33.256266981382794],[126.1893251977632,33.256141842616856],[126.18942090492347,33.25601051752211],[126.18988812544428,33.25585778376517],[126.18994993283276,33.25573647837128],[126.19013559102791,33.25564719757141],[126.19007212179758,33.25553649998649],[126.19019134688354,33.25540338191559],[126.1907672887867,33.25513396500353],[126.1908805328724,33.25488102634479],[126.19129252849707,33.255118679391565],[126.19138239057393,33.25500256316645],[126.19176396534617,33.25498811741359],[126.19263605080249,33.25444375036633],[126.19375113093396,33.25340356062969],[126.19391764141585,33.253143115506106],[126.19375362385256,33.25299136845598],[126.1937630912232,33.25290526815556],[126.19393562653777,33.25283040583264],[126.19413580860267,33.253029910535915],[126.19426869522083,33.25303362577441],[126.19459197435339,33.2528218251283],[126.1945507045257,33.2526284775278],[126.19469510984489,33.252572048701325],[126.1949530465521,33.25217856095282],[126.19504284143943,33.25197595552124],[126.19500626289724,33.25170275008913],[126.19516918665612,33.25140220906885],[126.19493289937863,33.251014668997186],[126.19503285284222,33.250992373046195],[126.19544302383794,33.2512406357344],[126.19565021876767,33.25119363913975],[126.19570381125565,33.25102352252242],[126.19608680042934,33.25080873824344],[126.19618610015678,33.25063492664895],[126.19621976905107,33.25015898855073],[126.19629357189145,33.25010199786857],[126.19698116191923,33.25023779263686],[126.19717780258895,33.25010360454659],[126.19726002024765,33.2499276288621],[126.19801903907529,33.24973139101773],[126.19800319236522,33.249678341717896],[126.19818617893716,33.249617535265166],[126.19875723871371,33.249045492111385],[126.19923125875071,33.24886312609818],[126.19911054487945,33.24869991304129],[126.19938853903928,33.248271751153865],[126.19970939677773,33.248180970865],[126.19988014653056,33.248244124771915],[126.20025448141962,33.248072538295084],[126.20067706152675,33.24771475698076],[126.20063392370442,33.247605223088065],[126.20073316862099,33.24756183475056],[126.20079151987402,33.24739194397471],[126.20197040915069,33.246600222274935],[126.2021915022907,33.24630062755355],[126.20249514218665,33.24625580007973],[126.20317838738623,33.24577879755592],[126.2035165202316,33.24572941364782],[126.20384747740076,33.245797450269876],[126.20400162753617,33.245767650584284],[126.2041510007911,33.245618456662186],[126.20454301833932,33.24553698050796],[126.20479633163552,33.24540125083392],[126.20513020148167,33.24500429607281],[126.20548722386391,33.24489947814289],[126.20543377780555,33.24459770556286],[126.2057130652616,33.24504485912457],[126.20604435270472,33.245009005044004],[126.20634976326957,33.245066569481985],[126.20707217272715,33.24460676675957],[126.20732336329226,33.24456957770173],[126.20751328492017,33.24464374424452],[126.20782654209017,33.24446436732842],[126.20794784701688,33.24445152725324],[126.20804959067306,33.244531740449915],[126.20833929212759,33.244446910065534],[126.20839128363262,33.24418182577782],[126.20920019528451,33.243913632154225],[126.21019443976076,33.24308257005713],[126.21077908966718,33.24294056206503],[126.2109359980107,33.24282598370122],[126.21126683769745,33.24279383038171],[126.21165273275945,33.242400975293094],[126.2120815219046,33.24237209374604],[126.21245382146859,33.24225541197984],[126.21259319150882,33.24214787239124],[126.21248987416445,33.2419043943415],[126.2125731734278,33.24174717240949],[126.2127278188634,33.24185306933341],[126.21277391403179,33.24210453480765],[126.2126875593612,33.242201477574],[126.21279294235215,33.24243406552035],[126.21305465355417,33.24266559164404],[126.21341009394342,33.24279508869067],[126.21373466905827,33.2430851060258],[126.21383094062949,33.243124269704516],[126.21408131278181,33.24305872397475],[126.21479626052735,33.24322661786083],[126.21519344990553,33.24323719589137],[126.21597643848116,33.24348291202165],[126.21650211114908,33.24329076304919],[126.21738349135553,33.243267884578536],[126.2175950699298,33.24335772605408],[126.21797810945806,33.24338963462618],[126.21845722792023,33.24325692401307],[126.21903624481492,33.24333789244787],[126.21981580850851,33.24324061888149],[126.22097604017151,33.24249696651368],[126.22114036758143,33.24228339523843],[126.22153408526248,33.24200723898873],[126.22218696976186,33.241250599947605],[126.22220250795854,33.241041631308846],[126.22253155798768,33.241018246558106],[126.22289312304905,33.24121424148187],[126.22299067692751,33.241199770012955],[126.22312748504064,33.241112495948116],[126.22307085717988,33.240857343331385],[126.22313543118692,33.24081327957304],[126.22329685328447,33.240880326375915],[126.22338278084727,33.241134152614734],[126.22450392176587,33.2413539845324],[126.22479871679286,33.24176971758628],[126.22522840092324,33.24168605273745],[126.22535513821043,33.2415552729227],[126.22538320272433,33.24133205387999],[126.22535853500047,33.24117017913644],[126.22509206564978,33.24087111699937],[126.22513567714323,33.24073433708533],[126.22534735709272,33.24056895751173],[126.22504764668304,33.24013946262409],[126.2251516752429,33.240045512477515],[126.22541753342068,33.240163939363065],[126.2258382325618,33.240130840656285],[126.22586413190174,33.24033622182215],[126.22618687199524,33.24054006559401],[126.22612773568096,33.24067523209984],[126.22629172382682,33.24083767865473],[126.22638903322662,33.24060895069399],[126.22674712015639,33.24066209264267],[126.22710818116202,33.24057894430375],[126.2276567971012,33.24074151639582],[126.22778185955087,33.240664807343265],[126.22773230679056,33.24053120324823],[126.2274451446724,33.23998806595615],[126.22720883630132,33.239782390733765],[126.22725517492427,33.239705929929784],[126.22741429891971,33.23978640805203],[126.2276746033985,33.240230702331615],[126.22788927561619,33.240856990928535],[126.22805072972055,33.24085799292698],[126.2280950216418,33.24101450671366],[126.22821842903618,33.24098375083054],[126.22825134236899,33.24122859254587],[126.2284549281996,33.24116818155014],[126.22849891390557,33.24098823142085],[126.2283279681149,33.24095359348791],[126.22847416865744,33.240834580065105],[126.22845357564836,33.24076524145106],[126.22831665508895,33.24075616888806],[126.22819806674016,33.24051696288292],[126.22831074710682,33.24031482560787],[126.22829074517807,33.23999263069604],[126.22821665172135,33.23983401469588],[126.22796302113822,33.239889178456885],[126.22788349456422,33.23979226613281],[126.22815402210912,33.2396571808834],[126.22840902411156,33.239802862574976],[126.22884091988634,33.239279946762345],[126.2284236378829,33.239067669981885],[126.22815729390071,33.239124949957734],[126.22745585028784,33.23951256219654],[126.22741080175601,33.239442386032316],[126.22820922959498,33.238966440290504],[126.2282662800143,33.23871204091033],[126.22855586002153,33.23841797435101],[126.22833376239403,33.23816699005462],[126.22863289561539,33.23803670480299],[126.22848793337945,33.237689328024445],[126.22856894375374,33.23737872258359],[126.22944625474335,33.236833211937984],[126.2297530704033,33.23635005982745],[126.2303146627072,33.23621971240806],[126.23047458834519,33.23624375478697],[126.23084148448243,33.23604005169923],[126.23122188969705,33.235955392832665],[126.2314856902393,33.236185491502226],[126.23167349771366,33.236213271043496],[126.2321512531831,33.23611950600471],[126.23265136363179,33.23641034856245],[126.23298323014606,33.236505590700695],[126.23332600612417,33.236472070260085],[126.23338368199339,33.23623372595873],[126.23363695550086,33.23634789894382],[126.23410227829736,33.23628772150121],[126.23438382423691,33.236168849005196],[126.23448066386325,33.236191373025164],[126.2346559305317,33.23601017301159],[126.23498283702936,33.23592584127194],[126.23508974468882,33.235822338889676],[126.23549022587555,33.235810410302655],[126.2357687849075,33.235284472564366],[126.23549406788129,33.235181366154144],[126.23547675059302,33.23510999289559],[126.23565509976487,33.2350425623724],[126.23578168987439,33.23511323711058],[126.2360946469845,33.2344659527019],[126.23576540386132,33.234548364288194],[126.23553632417877,33.23438192757836],[126.23573300416994,33.23442973341246],[126.23598666329798,33.2343285028557],[126.23603577129228,33.234213681189765],[126.23592207556527,33.233973141113296],[126.23666955019516,33.23353368209286],[126.23725344458634,33.23277525481147],[126.23708201645385,33.232609740817445],[126.23678678754307,33.23261724113431],[126.23682190601987,33.232437440994985],[126.2366597117193,33.23224948944399],[126.23648733300757,33.23218505984147],[126.23627258244174,33.23226798293344],[126.23597927471147,33.232152110666604],[126.23593787325419,33.23199576040064],[126.23609533010327,33.23192005998443],[126.23632751218375,33.231982895233955],[126.23650793716136,33.2316287220773],[126.23672386508525,33.231579402365625],[126.23696705473388,33.23141156413235],[126.23698676354124,33.23131805157318],[126.23688383176297,33.23120648284402],[126.23706773042521,33.23125009718386],[126.23719223989166,33.23112530141335],[126.23730103964536,33.23113386660306],[126.23736624282935,33.23124096362739],[126.23742040913862,33.231421415066805],[126.23734787768582,33.231576876239814],[126.23767555956084,33.23179515497058],[126.2377441697047,33.23193976640031],[126.23787928033488,33.231974594931664],[126.23812479221289,33.2316834923645],[126.2383820324268,33.231356142974086],[126.23827569087112,33.231207476539026],[126.2383238173396,33.23073494117563],[126.23803857220075,33.23015483458518],[126.23797707656087,33.22972411378837],[126.23826273126775,33.229128316809586],[126.23847549906769,33.22903916481495],[126.23868389004181,33.22907881497563],[126.23873761450474,33.2289009759597],[126.23906329300686,33.22895504851276],[126.23906267589946,33.22902631171376],[126.23961881583121,33.229207879611955],[126.23973981590731,33.22917024471949],[126.23992135834621,33.22929744223289],[126.240522536675,33.22936278770444],[126.241244190631,33.22888476753213],[126.24115702388437,33.22878144658243],[126.2411768073502,33.22856776619051],[126.24085326323996,33.22807788650824],[126.2403844934567,33.227976347639775],[126.23984506884403,33.22774828646892],[126.23960684542317,33.2274909794326],[126.2397082029459,33.227358222343035],[126.23992424488866,33.22741548297599],[126.24008973477376,33.22774155807833],[126.24042793292057,33.22785600639363],[126.24066832613573,33.22758885194323],[126.2407062529901,33.22772887702721],[126.24099551309693,33.22765663298484],[126.24107239081948,33.22744056041787],[126.24080401118897,33.22703059496162],[126.24108340037316,33.22692119999231],[126.24108389775645,33.22686364105891],[126.2409785870628,33.22687875921766],[126.24095226262698,33.22671687732062],[126.24109921840234,33.226694474670914],[126.24115834350067,33.22683462849097],[126.24120997058415,33.22671022637809],[126.24114946044062,33.226730414950076],[126.24098177141626,33.226510108410636],[126.24046499296644,33.226304116405636],[126.23920799763543,33.226197086115974],[126.23920676337373,33.225948349218555],[126.23928580359264,33.225950855829524],[126.23932668015415,33.22612653244159],[126.24042159895549,33.22623052882047],[126.24126011319302,33.22656868270977],[126.2414341284755,33.22643406273186],[126.24133259555852,33.226295020413154],[126.24142263988405,33.226293190561776],[126.24178325314418,33.22599042839895],[126.2417315977989,33.22555154694139],[126.24163794601301,33.22544407502973],[126.24134164097708,33.22543610051722],[126.24093671605054,33.22521297658722],[126.24036888016306,33.22544387033905],[126.240405421787,33.22564967187526],[126.24061598738624,33.225625602240264],[126.24062108541845,33.225676016918925],[126.24038318630231,33.22569462105457],[126.24026530660515,33.22554123060662],[126.23957642516694,33.225720671534816],[126.23954436522132,33.22565674528616],[126.2398006067346,33.22553633526493],[126.23944757484537,33.22515865477497],[126.239932222294,33.22544908313113],[126.24076962113053,33.22516021956643],[126.24087164168016,33.22465734643849],[126.24066650891419,33.22446887334774],[126.24100385238675,33.22395353383994],[126.24094728719443,33.223800374916976],[126.24177470758923,33.2235561771643],[126.24196092555098,33.22312142674549],[126.24223212236717,33.223163133695685],[126.24238290322678,33.223103208634214],[126.24259044560708,33.22289540864587],[126.24248132707334,33.22265084730921],[126.2425282072494,33.22252130159051],[126.24272308287689,33.22259608494032],[126.24277093532204,33.22273128716266],[126.24312035611598,33.22241831782208],[126.24289937910385,33.22234922670118],[126.24287812726749,33.222165405760926],[126.24298573309946,33.222051302827474],[126.24332725213804,33.222081008077325],[126.2432088382249,33.2219520280576],[126.2434881403733,33.22188685112198],[126.24360021090293,33.22196769727722],[126.243886373076,33.22196024746408],[126.24405078302784,33.22171688959226],[126.24394434714307,33.22151928876977],[126.24423665408251,33.22160640769479],[126.2445008554144,33.22133450602241],[126.24440832985114,33.22099316650772],[126.24465077434762,33.22115587695182],[126.24512430852552,33.22121632449562],[126.24513864717497,33.22132797603357],[126.24532801113831,33.22141516693273],[126.24573706977635,33.22149824670981],[126.24585993522271,33.22143183520035],[126.24591590480928,33.22121439756621],[126.24608255098399,33.22115834736802],[126.24618693135024,33.22085408548346],[126.24698494042627,33.22068280529559],[126.24688496717363,33.220361498032254],[126.24658013761945,33.220106090066515],[126.24676910437276,33.22000538429949],[126.24678662679412,33.21975444581527],[126.2475284614835,33.219286789125704],[126.24778011041113,33.21893745569438],[126.24773563590487,33.21889470079959],[126.24796578267932,33.21867612272752],[126.24793727241557,33.21838745519816],[126.24768361345754,33.21792405464938],[126.24716413003125,33.21704452987918],[126.24710737117671,33.21709516657761],[126.24698567435092,33.21689831553144],[126.2473595028119,33.216466153425515],[126.24860557072847,33.21540207872146],[126.24883165797559,33.214662920234275],[126.24892367411846,33.213091302674975],[126.24938071198711,33.2124340972269],[126.24957164159443,33.21233399820602],[126.249754418501,33.21237196592563],[126.2498746897515,33.21247389008149],[126.24991547045009,33.21265229382907],[126.24986427176972,33.21281491156067],[126.249647076449,33.21288686328757],[126.24935470730595,33.213234971998965],[126.24926050483006,33.21475067597884],[126.24909467413924,33.21570275309068],[126.24937529479702,33.215832358940766],[126.24931740709818,33.21591391307386],[126.24881783067426,33.21573948780587],[126.24811155694705,33.21629908087657],[126.24816447855262,33.216357101745935],[126.24738699124076,33.21701686356634],[126.24781273532186,33.217772627806156],[126.24844213447628,33.21757878911142],[126.24851522418246,33.217651300931834],[126.24887521385628,33.219093490527655],[126.24904055661621,33.21912460900592],[126.24922735013193,33.21939984088841],[126.24950652869889,33.21945394858931],[126.24963545321484,33.219441020257136],[126.2496140149503,33.21937373534901],[126.24970387203169,33.21935303477384],[126.2498285030068,33.21955662298026],[126.24960677218334,33.2196491673821],[126.24972126949112,33.22003703051736],[126.24996193830081,33.220209454512464],[126.25039544660122,33.220235708306625],[126.25047034115491,33.21996205427043],[126.25017014103497,33.21974370361581],[126.24973845439095,33.21916993460028],[126.24981829961764,33.21912827282429],[126.250361888007,33.21982092297494],[126.25077422140339,33.21974871301717],[126.2511914711383,33.219577853062184],[126.25088309113359,33.21902778703292],[126.25076033582754,33.218986617439164],[126.25077659162696,33.21881944389967],[126.25063485826512,33.218595262687494],[126.24993620544804,33.218304612441734],[126.24976292903314,33.21845158515463],[126.24964040833143,33.21838300568605],[126.24953083255149,33.218612591935965],[126.24940376596064,33.2173101702193],[126.24969078737594,33.21662364379556],[126.2494046373932,33.21652890719237],[126.24944788094199,33.216433029456745],[126.24972428982622,33.21651600263381],[126.25088197976507,33.216431663518414],[126.25094288766797,33.21569400199634],[126.25168783889897,33.21561967908083],[126.25174238746996,33.21447417871089],[126.2514062833444,33.2144248938868],[126.25092515964685,33.21485414259152],[126.25084318355844,33.21478813417369],[126.25125236482123,33.214401266503],[126.25115976601627,33.21438044972226],[126.2512456701518,33.214226427878295],[126.2507816624377,33.21417580434796],[126.25080794284838,33.21407213722615],[126.25125176355375,33.21419916355387],[126.25126733982019,33.21413602852502],[126.25061393921601,33.213975691399035],[126.2504884587565,33.21405586565723],[126.25026300234855,33.21406658975874],[126.25010856110461,33.21391829680594],[126.2501153714153,33.21377633441824],[126.25027128303188,33.213677473567266],[126.25051938419263,33.21368746397377],[126.2515961193901,33.213907815785454],[126.25205099267916,33.214054833910296],[126.25202494348727,33.21410936339537],[126.25270023029651,33.214245643687775],[126.25314549663759,33.21346026502472],[126.25534286967715,33.21139845695532],[126.25524679087333,33.211192302364566],[126.25559344046137,33.21107377054907],[126.25514400039403,33.210816163062866],[126.25513325482963,33.21044879764591],[126.25504599969628,33.21040407590587],[126.25509910808422,33.21034169194721],[126.25515908652697,33.21039827249977],[126.25651332333734,33.20749760075875],[126.25773825004559,33.206917400290976],[126.25941204844189,33.20693135589721],[126.25942266014663,33.20705411594811],[126.25780164566241,33.20703842178289],[126.25672386415292,33.207536343406794],[126.25675130040116,33.20766602261899],[126.25662611181204,33.207962336545876],[126.25656503010832,33.20790749358916],[126.25668306524358,33.207734141239094],[126.25652226536512,33.20771090900657],[126.2556074733106,33.2097807402907],[126.25602945451274,33.21046239683075],[126.25642283037674,33.21040070711016],[126.25658105831853,33.21001711376209],[126.25616075234359,33.20990158317765],[126.25611016457121,33.209818558835664],[126.25619649929111,33.2095533676198],[126.25653289636912,33.209554660909824],[126.25654050274062,33.20945153001308],[126.2594296605215,33.20946484386458],[126.2595696580958,33.210134064284986],[126.25945170758223,33.21093622400688],[126.26009217779564,33.21106873740904],[126.26083202279699,33.211111509326706],[126.26162558000374,33.210970943778584],[126.26195688310428,33.2107371795062],[126.26231337323465,33.21061046330738],[126.26296109485898,33.20997289414283],[126.26333972782363,33.20934332241496],[126.2632446197629,33.208824699584795],[126.26336288351806,33.20849098926263],[126.26324796458641,33.208319614543655],[126.26333008232099,33.20821248137712],[126.26351835928835,33.20818847000459],[126.26374582786185,33.207966013403706],[126.26390351032101,33.207629386765056],[126.26417012432374,33.20738395659181],[126.26424051419403,33.2069824520563],[126.26413644030215,33.20664724865265],[126.26440765140285,33.20643081437983],[126.2644187627661,33.20608793499451],[126.26431266090225,33.20594089516726],[126.26407564121739,33.20582401136296],[126.26404053365836,33.20571231390176],[126.26419118263826,33.20568439574075],[126.26426788550931,33.205798412915286],[126.26439024317891,33.20578779654913],[126.26444181701082,33.205589455294216],[126.26462570252767,33.205471022182024],[126.26465214261033,33.2053405680037],[126.26462286594756,33.20507021890147],[126.26440482444409,33.204933983974655],[126.26444674933208,33.204706629400484],[126.26432258711662,33.20450157619962],[126.26404818483508,33.20436838235082],[126.26390400037393,33.20408011502031],[126.26372732637167,33.20419367261479],[126.26361745123869,33.20414394112011],[126.26330632653142,33.2037489609568],[126.26339917782018,33.20354997145229],[126.26402285374668,33.202963985359055],[126.26418714136186,33.202479878758204],[126.26410975565793,33.20191268308892],[126.26377185672419,33.20133823395348],[126.26344876574579,33.201109469838585],[126.26331329234631,33.20119496894138],[126.26302957997494,33.201124330750154],[126.26274431793493,33.20118691861704],[126.26258950947275,33.201367723073865],[126.26214560158853,33.20134094136586],[126.2620045531767,33.20095023639099],[126.26185320193584,33.200875699127764],[126.26183349715586,33.20070829182211],[126.26187327809117,33.20055771280241],[126.2622058633892,33.20018701881273],[126.26221909395082,33.19991329384859],[126.2620345328245,33.19970952442628],[126.26207637459484,33.1995283959988],[126.26241628862027,33.19908610824398],[126.26314840694587,33.19881080139134],[126.26352293784977,33.19842508046104],[126.26391245605018,33.19816505237028],[126.26419164458001,33.19814587500053],[126.26435994715615,33.198345075765786],[126.26477940588633,33.198441679935605],[126.26515936427587,33.19810682765245],[126.26540148673269,33.19800409706075],[126.26542668586076,33.19787450327497],[126.26591614599668,33.19766998245401],[126.26591002370431,33.19733566482171],[126.26555100783374,33.19703916709856],[126.26519173304727,33.19735425372375],[126.26525420169854,33.19684014419797],[126.26566560439635,33.19675783895363],[126.26559648180192,33.19686905516397],[126.26565884516116,33.196954760408246],[126.26637225364968,33.19702612345201],[126.26664506512368,33.19715244978719],[126.26707675130638,33.19709614677685],[126.26723706298478,33.19701304413098],[126.26751503897617,33.19666089798342],[126.26811308217292,33.19637421035582],[126.26906946026403,33.196095277442886],[126.26974713011555,33.19562653553143],[126.27025089507359,33.19564221755932],[126.27030224878246,33.195473319908956],[126.27040608018982,33.195425694137114],[126.27076010982087,33.19551280177287],[126.27091771503139,33.195677707938245],[126.27087843189604,33.19575915980758],[126.27100371789562,33.19582729563835],[126.27138946913126,33.19592085507354],[126.27212289086135,33.19589517040025],[126.27212928101211,33.196048521150665],[126.27199791444954,33.19622837857804],[126.27227752952997,33.19652491349128],[126.27264939656412,33.19669840326475],[126.27352809048399,33.196889927874544],[126.27404494039892,33.19680695097592],[126.27414461234719,33.196606511986495],[126.2743438108449,33.19661372768276],[126.274428065785,33.196675892021744],[126.27442234295209,33.197719120473586],[126.27457316599391,33.19815632699232],[126.2749671729606,33.198464463611465],[126.27495558526634,33.19863334609417],[126.27505392596132,33.19876686113568],[126.27531564928259,33.19885609949525],[126.27549207776377,33.19900925453809],[126.27571996515324,33.199446409823906],[126.27605953088297,33.19958543931397],[126.27617934393064,33.199586136014304],[126.27642126953387,33.199172897548266],[126.27631040053389,33.19913637524765],[126.27634613306577,33.19904439734704],[126.27646922686226,33.199078426928295],[126.27659747119226,33.19879537180034],[126.27669458214793,33.19868218228455],[126.27675955584964,33.19871065619936],[126.27625485001656,33.19967189046139],[126.27648262300663,33.199925393113006],[126.27704424571698,33.20022058067657],[126.27751909574701,33.20036313274504],[126.27816764151108,33.20039704692525],[126.27912856247028,33.200109322997484],[126.27934000448799,33.199969381694714],[126.2798104903428,33.20014753358623],[126.2800804242782,33.200390243050585],[126.28066344322556,33.200466454293945],[126.28080901743026,33.20056154294017],[126.28144927459343,33.200594206177314],[126.28174458253264,33.20076448602527],[126.2820480400604,33.200735401039914],[126.28220438046573,33.200854852563],[126.28263919842225,33.20091012531134],[126.28339678044235,33.20086789202121],[126.28366018280016,33.20095301120564],[126.28469600008847,33.2009761010084],[126.28518835238842,33.200872712291755],[126.28579698044675,33.20060347070713],[126.28636942745175,33.20017148486061],[126.28678936371612,33.19967384553714],[126.28689250960902,33.199391897521245],[126.2868051906753,33.1991811975682],[126.28673314567108,33.19826520573419],[126.28663928200541,33.19786411710053],[126.28647103890006,33.19757119733703],[126.28666235388924,33.19704751404548],[126.28782539116084,33.196121114283315],[126.28828382463553,33.195874298792376],[126.28873735618863,33.195830293722665],[126.28948095773522,33.19525046461366],[126.2899715390346,33.19510136279622],[126.29024310866441,33.19538524219794],[126.2908955460355,33.195336880599],[126.29162771903927,33.19550825457814],[126.2926334170043,33.19622870798454],[126.29294255540728,33.19670741178385],[126.29315446418506,33.196708615502885],[126.29369411148842,33.19730923129507],[126.2944266488796,33.19707895833036],[126.29439833284744,33.196825896864624],[126.29452848081829,33.19676749771236],[126.29483064883361,33.197282680983044],[126.29490336448396,33.19779986917901],[126.29454268821532,33.19842589241261],[126.29398287877008,33.198835395321865],[126.29398270743488,33.199145298946],[126.29389798887594,33.19930008127919],[126.2940190897968,33.19962006761131],[126.29399167699059,33.19997837254282],[126.29383196198397,33.200425463528745],[126.2936317695809,33.20055117018423],[126.29358204214968,33.20069907962981],[126.29361822016256,33.20101614869639],[126.29349297261474,33.20125706513206],[126.2936042149717,33.201381608532685],[126.29316513317416,33.20266776898882],[126.29231758691937,33.203039353576024],[126.29158314552552,33.203067867803625],[126.29120645615133,33.20328226640669],[126.29067093740645,33.20338063514423],[126.29044774936415,33.20356301467717],[126.29019565512955,33.204499021020496],[126.2902118739427,33.205336593586225],[126.29026357020689,33.205559516779296],[126.29053677608782,33.205525584994135],[126.29028435847484,33.205665185704845],[126.29056631345071,33.20621917069049],[126.29131783510496,33.205874751125165],[126.29135494994883,33.20594082874349],[126.29059749634092,33.20629590034934],[126.29090654240699,33.20691521106707],[126.2913893382868,33.20709064881791],[126.2915345752622,33.20707365832051],[126.29153568550738,33.207138080211976],[126.2912729264586,33.2071722175217],[126.2912144415762,33.207348683188634],[126.29142079200051,33.207334782135916],[126.29139462763952,33.2072434929178],[126.29147144890553,33.207219261101855],[126.29190171350587,33.20784461706734],[126.29197526630794,33.20842888232885],[126.29176519257025,33.20900605094037],[126.29176342615037,33.20922532642764],[126.29200472806153,33.209629635482074],[126.29200015913518,33.21019701026182],[126.29213890989156,33.21037870919968],[126.29225298456154,33.2107905177853],[126.29225033647779,33.21111943097161],[126.2926601612156,33.21205920482834],[126.29321558269658,33.212736661816855],[126.29394938320313,33.213130058508135],[126.29442709170364,33.213741284219246],[126.29430124696401,33.21398178372507],[126.29455476273365,33.214898736632534],[126.29448356330873,33.215643901822446],[126.29368950767875,33.21625339414124],[126.2939357043322,33.2164576302251],[126.29403137371295,33.21672679668515],[126.29387088806683,33.21721927804269],[126.29446499715873,33.217957252145354],[126.29453471406357,33.2182098256255],[126.29436312149483,33.218461029470184],[126.29436202067753,33.218598076331055],[126.29493012269663,33.218745300033355],[126.29508190548582,33.21890796593502],[126.29504964978943,33.219062472686126],[126.2947667435846,33.21936786797961],[126.29482379215762,33.21957377016005],[126.29494102693464,33.21957153890605],[126.29481137115411,33.21990262718695],[126.29491323838857,33.220212944677975],[126.29509325302736,33.220279387019474],[126.29502226592986,33.220443811368405],[126.29527893869951,33.220530136585154],[126.29523843368787,33.22077742841302],[126.29566639879329,33.22093145865075],[126.29616686578035,33.22126712702542],[126.29641947856338,33.221690680280105],[126.29664993273897,33.221623455982936],[126.29669970083549,33.22172104499522],[126.29718354469799,33.22157302173142],[126.29723224169821,33.22165890310909],[126.29665244418317,33.22180704557468],[126.2971493225253,33.222691865012116],[126.29813395726318,33.22354167047234],[126.29882899802048,33.22390192660264],[126.29982801678538,33.22458733572006],[126.30025319573934,33.22509240348888],[126.30052872032593,33.225566481626636],[126.30113181460158,33.22621890746909],[126.30226110571954,33.22694437620413],[126.30308298305191,33.227192194717325],[126.30328275802636,33.22708321962042],[126.30343007430183,33.22728178961065],[126.30360976002532,33.22713685487822],[126.30378040294522,33.22727426735453],[126.30376406465841,33.2274876952637],[126.30466549157893,33.22771207783658],[126.30494053511683,33.22765876955659],[126.30539046767463,33.22738115017358],[126.30560454403415,33.22701585412491],[126.30569955680853,33.226630108877416],[126.30582867550824,33.22657542543952],[126.30584439758337,33.22684733300687],[126.30559034318075,33.22750404664342],[126.30550309738953,33.227478445610146],[126.3053790342804,33.2276910368127],[126.30597025220419,33.22791906864765],[126.30648496706321,33.22807391198284],[126.30673838977388,33.22747323162898],[126.30679692081448,33.22749027848842],[126.30654982484347,33.22809181877148],[126.30696238340285,33.22821267130566],[126.30767941644457,33.22790251473203],[126.3077751014001,33.22755569601304],[126.30784338312962,33.22756667026875],[126.30776047725641,33.22786779998932],[126.30794973187412,33.22778290166874],[126.30811304644001,33.227930863653455],[126.30829821857705,33.227779818097765],[126.30827221243631,33.227640986179416],[126.30859521339374,33.22763338698264],[126.3085544044064,33.22749157948372],[126.30809008384236,33.227304724857646],[126.30792147105704,33.22729164204527],[126.30785915690153,33.22751988249381],[126.30779320914397,33.22750401692227],[126.30784292405724,33.22724663718552],[126.30664846269767,33.22691579396156],[126.30655123294953,33.22717270741624],[126.30648072670826,33.22716089036001],[126.30656867947248,33.22689480015224],[126.30642446082177,33.22674919304375],[126.30669331139204,33.22664247697942],[126.30636243037434,33.226223668692256],[126.30620969014937,33.22628154791904],[126.30613424165095,33.22616216642893],[126.30622527413009,33.22599261118518],[126.30638825100965,33.225940694478254],[126.30650122077196,33.22597095120495],[126.30706397483179,33.22677736525011],[126.30874702943888,33.22727313691126],[126.30887981004985,33.22740043999592],[126.30901634140545,33.227914993872844],[126.30891166438248,33.22799916231362],[126.30900858548024,33.22808593927352],[126.30924107267856,33.22809376506287],[126.30917751133877,33.228257769874354],[126.30899191365005,33.228212078190026],[126.30885978129615,33.228627706754715],[126.3090539557983,33.22926818833613],[126.30932502251228,33.2296222197401],[126.30937527709611,33.23001201176735],[126.30973560770873,33.23058568679811],[126.31044570304397,33.231237833050464],[126.31112771338499,33.23205152053204],[126.311682066425,33.23245992916175],[126.31251415292397,33.23282459842328],[126.31318468573818,33.23289685141886],[126.31380662649046,33.232835418399105],[126.31386806557005,33.23242093962107],[126.31398130034145,33.23226305846704],[126.31393531140627,33.231955486956764],[126.31406562183348,33.23167838773801],[126.31470519631644,33.23142974838498],[126.31483550778081,33.23153609428719],[126.31519948046821,33.231599002305636],[126.31541084448246,33.231797029325016],[126.31544362723632,33.23220712195782],[126.3149562226521,33.232387777378406],[126.31477001846143,33.23256736890265],[126.3147654714856,33.23300524692039],[126.31488193795768,33.23326414165049],[126.31522122854882,33.23360538077841],[126.31534660964188,33.233930694868455],[126.31549240449739,33.23390804163758],[126.31552024886587,33.233977572038675],[126.31531954049552,33.234008054121595],[126.3151936053818,33.23411387534593],[126.31557301421807,33.234369113683485],[126.31552599262055,33.23448133002696],[126.315391976703,33.234513452050166],[126.31553726314199,33.234691263282855],[126.31505671218574,33.23505540523232],[126.31533838927757,33.23527212540597],[126.31569205880105,33.235375526102956],[126.31538369667847,33.23587373667427],[126.31544287971954,33.23599752959444],[126.31650406066005,33.23683919940139],[126.3173071339188,33.237124867988484],[126.31915075449248,33.23802169140754],[126.32024721553499,33.23868277980031],[126.32094472538951,33.23890823938483],[126.32151609579431,33.238958982811084],[126.32205127192842,33.239134183095175],[126.32290247385555,33.23922108849564],[126.32439959927477,33.23913239578461],[126.32464772515806,33.23919189329309],[126.32521997559675,33.239106635526184],[126.32533381058799,33.23900278596006],[126.32539572128776,33.2391745374642],[126.32552581489742,33.23925252452826],[126.32543879807262,33.23939780410758],[126.32546203000504,33.23966133564224],[126.32622012243255,33.23982016516951],[126.32710543637893,33.239826166071154],[126.32718077923299,33.24002604822276],[126.3270053940864,33.24019650803023],[126.32700550282044,33.24029998623386],[126.32718613837942,33.24047796958932],[126.32760336038342,33.24067724718351],[126.32801722021092,33.240668078926355],[126.32816961672458,33.240331309413214],[126.32815444073789,33.23581222057392],[126.32846550552435,33.23581055559984],[126.32836275444845,33.23654586558804],[126.32838800509188,33.236658920165645],[126.32856958357125,33.23667549875635],[126.328547699738,33.239556634288185],[126.33047552556117,33.239570669253375],[126.33049184663282,33.24065485922599],[126.33088750094676,33.24080272607706],[126.33130944634975,33.240748888170586],[126.33168530444239,33.2407874855632],[126.33180074495435,33.24092595966398],[126.33176450217046,33.24061201182114],[126.33320883728737,33.23984106829161],[126.33373986762474,33.23964465125139],[126.33389969974913,33.23949154956373],[126.33471584504628,33.239701724255454],[126.33366231498566,33.23939047142751],[126.33448263183298,33.23957209112704],[126.33454062092093,33.23940122131711],[126.33447409690683,33.239378798316814],[126.33463955168925,33.23900371348431],[126.33418148367527,33.23887403092977],[126.33404439175112,33.239217873985325],[126.33376086839029,33.23913750558884],[126.33445005745692,33.23742858807767],[126.33271668407065,33.23693482345351],[126.33305136919968,33.236073697612035],[126.33479485260733,33.236559231869904],[126.33545494242583,33.234880052086325],[126.33527585930541,33.234772091051006],[126.33324819232445,33.23424865100265],[126.32909190586294,33.2323735231826],[126.32771866429091,33.23239294061593],[126.32747458147284,33.23259062720533],[126.32685141778961,33.23253174409467],[126.32670242432351,33.23235761052015],[126.3267062615437,33.23198014112507],[126.32683287294799,33.231823945290955],[126.32698658222773,33.23177305063305],[126.32931778090726,33.23183410350865],[126.33079840791886,33.232567726531556],[126.33152151003827,33.232811355342754],[126.33163782314304,33.23295590510093],[126.33232055360942,33.2332976605402],[126.33254340470305,33.23330654754519],[126.33360064042635,33.233926073559374],[126.33540801997779,33.234364561785846],[126.33689929224693,33.23491273463023],[126.3371973957197,33.23557498980596],[126.33720213230208,33.23585094315945],[126.3373284090437,33.235799263390845],[126.33743526858831,33.235899279616],[126.33864199464708,33.23629801723769],[126.33926001856673,33.23633830864784],[126.339596516587,33.23625677812191],[126.3396584425525,33.23647908340721],[126.33973244275946,33.23648520967511],[126.33980531382873,33.23590370407899],[126.34375901238559,33.236185137067295],[126.34364957585572,33.23730651513141],[126.34394754383955,33.23730313208593],[126.34412865024177,33.23686586059948],[126.34440230532455,33.23688455882374],[126.34461629707224,33.23704067762402],[126.34555321842464,33.23687871889497],[126.3459803076714,33.236716816534646],[126.3459544420307,33.23656780590936],[126.3464204995216,33.23669174785013],[126.34651028488742,33.236565487807674],[126.34637873223623,33.236381949774795],[126.34724925936641,33.23634810379189],[126.347298741855,33.2362103316805],[126.34748391052555,33.23623065715925],[126.34773923548971,33.23594891298077],[126.34778606406324,33.235757125621596],[126.34795224475164,33.235812402872746],[126.34800148940919,33.235688482801166],[126.3484361893675,33.23547903574562],[126.34851548907082,33.23528884117002],[126.34904770733384,33.23509515760127],[126.3493208376843,33.23491656352886],[126.34962260366194,33.23484324907726],[126.34971686292673,33.234881262333744],[126.35012405128182,33.23473638289124],[126.35038286510188,33.23476628418973],[126.3505759251323,33.23488939075068],[126.3507517542308,33.2347762781772],[126.35148763362614,33.23502516440538],[126.35166074297989,33.234962731074944],[126.35176976352531,33.235078592137945],[126.35202562370196,33.235120201398],[126.35229676416915,33.235034396453734],[126.35258954733986,33.235257519728904],[126.35352421783371,33.235379804449096],[126.35425318915128,33.23571506988266],[126.35500996223831,33.23586979583479],[126.35552231775861,33.23617292881653],[126.35592154514227,33.2362064105261],[126.35597596331921,33.236323887945005],[126.35617956887513,33.2364265513483],[126.35661851053318,33.23645395085434],[126.35656016553376,33.23657506156363],[126.35680047325108,33.23682291243275],[126.35732763229831,33.236920136955604],[126.3582254150628,33.23672747205917],[126.35909897462274,33.236198749610374],[126.35913961117316,33.23609491948741],[126.35891621538428,33.235857153066206],[126.35893781166145,33.235773038622185],[126.35903724151078,33.235751490854966],[126.3592166643735,33.23584722613205],[126.35961609443869,33.23641567231182],[126.36020310238861,33.23675553890695],[126.36078340937044,33.23684365463601],[126.36095908447123,33.23653457243343],[126.3609942829935,33.23604553541136],[126.36117261712822,33.235671901567976],[126.36172526872468,33.23543858252332],[126.36181363481383,33.235577691641694],[126.36127335743032,33.235804126266224],[126.36102591795677,33.23628925381352],[126.36106391779359,33.23663873689374],[126.36173946991659,33.23715879411607],[126.3621671096827,33.23691391181164],[126.36229426452326,33.23702447392093],[126.36237218089676,33.23697104634829],[126.36194491300319,33.23655969072687],[126.36185751194283,33.23657321816649],[126.36167755180638,33.236210356560335],[126.3617898021933,33.2359928042272],[126.36215625269449,33.23607618195357],[126.36294883973738,33.23581590358258],[126.3629351816867,33.23565379350778],[126.36255072684843,33.23555833981469],[126.36209023445417,33.23529025039524],[126.36212794754834,33.23524095487196],[126.36242321503671,33.23540072450706],[126.36242069326872,33.2352574899477],[126.36270762056392,33.234849057326294],[126.36276162018179,33.234577966624904],[126.36315343367795,33.234437805647914],[126.363159086695,33.23422897157648],[126.3629255194593,33.23426542665544],[126.36289976590336,33.23413185945685],[126.3631620960478,33.2339883102951],[126.36318883594419,33.23385386641056],[126.36377756046704,33.23396032891463],[126.36390976194247,33.23390158503333],[126.36402994446384,33.23359357777461],[126.36406676444037,33.233104432483785],[126.36417116148296,33.2329643343878],[126.36480636015024,33.23236837707534],[126.36542909972107,33.23203327793703],[126.36613122985558,33.23186139430417],[126.36637964141545,33.23189540203101],[126.36632039284069,33.231796073307336],[126.36664830805434,33.231669598950724],[126.36667319890283,33.23186977080175],[126.36728946665895,33.231840778006045],[126.36816005092872,33.23295944177769],[126.3682601069377,33.23249841625413],[126.36879041222682,33.23217657163324],[126.36896540619506,33.231990314579434],[126.36895214639094,33.231767428167295],[126.36879212457009,33.23162084828666],[126.36880417298717,33.23153412240653],[126.36889793908475,33.23152822592386],[126.36900759638334,33.23165236311141],[126.36914540643046,33.23148186177321],[126.36989695513039,33.23157853102043],[126.37013900826075,33.23145702611198],[126.37040784271784,33.231697097512516],[126.3709073366642,33.23196177006945],[126.3715265354587,33.232077113919566],[126.37209383563348,33.23254625378208],[126.37246410409449,33.23273096168419],[126.37281110235473,33.232724202556454],[126.37371452095603,33.233011749329066],[126.37396789506789,33.23291447523895],[126.3740694139681,33.233080513981406],[126.37484141131043,33.23320147350165],[126.37519708665621,33.23336727029074],[126.37573979094957,33.23322067528533],[126.37580409766257,33.23297748715965],[126.37573443374674,33.23286289903483],[126.37561466196247,33.232980930343935],[126.37564413378922,33.23283771706692],[126.37578005534347,33.23282417194707],[126.37586666047957,33.23293982861849],[126.3763563760077,33.23201681967931],[126.37658120132842,33.23182032925198],[126.37673635992925,33.231810621363806],[126.37684702240625,33.231884991203124],[126.3768621029996,33.2320034584658],[126.37675781014909,33.23197548754966],[126.37586347678635,33.23309771048029],[126.37570424691849,33.23362165335293],[126.37538500214876,33.233579383461155],[126.37513936521032,33.23370317780641],[126.37519815453155,33.23381561691179],[126.37559411109244,33.23404988548998],[126.37596934525477,33.233720187332146],[126.37582475671078,33.23358439143475],[126.37585776036269,33.23351733688536],[126.37600691094661,33.23362966505767],[126.37607682589797,33.2335788306597],[126.37600310933104,33.2334805446032],[126.37607053925616,33.23351823693757],[126.37679020558109,33.233268803978085],[126.37718037235229,33.233044902088324],[126.37743322322005,33.23234989972033],[126.37700874126689,33.232193849539726],[126.37708780316692,33.23199813370635],[126.37763503341586,33.23218680484698],[126.3777510660484,33.23234555502832],[126.37792832608103,33.23190413927542],[126.37814464672864,33.231679492929125],[126.37827675827945,33.231263842635954],[126.37871517484945,33.23111490670052],[126.3786453909813,33.23098901060579],[126.37878955816086,33.23095568399795],[126.37898675676519,33.23103319500615],[126.3790540029781,33.23121006704896],[126.37872772302426,33.23154533379067],[126.37873173568883,33.2317483269201],[126.37838783195656,33.23285706008621],[126.3787123102796,33.23305249356788],[126.37865253701439,33.23330958148281],[126.378759850606,33.23340494174273],[126.3786392244769,33.23351810326],[126.37864177640382,33.23389553892027],[126.3787671853145,33.23409181830057],[126.37904825668922,33.23427863489906],[126.38009303360899,33.234557246562304],[126.38089038736824,33.23453790360764],[126.38132304969507,33.234445595319556],[126.38141315674984,33.23425272424514],[126.3816654791548,33.23431550755866],[126.38209037466954,33.23427801759015],[126.38258558826307,33.23402407751464],[126.38240543516253,33.23368332422794],[126.38276058488024,33.233446193289126],[126.38309585273834,33.23347904839409],[126.38318950595784,33.233316249439454],[126.38342340589976,33.23342337155534],[126.38343048241394,33.23331312752014],[126.38369923635241,33.23324885429407],[126.38367865413238,33.23314081437071],[126.38392299566047,33.23312088977749],[126.3839242404562,33.23282709466154],[126.38409370636853,33.23288429789017],[126.38412685262907,33.23303371129794],[126.3843352575578,33.23299503876019],[126.38416601469392,33.23275319999293],[126.38426168781206,33.23266022718682],[126.38460900902189,33.23295079615701],[126.38466596276558,33.233450157318366],[126.38508315432615,33.23347526976546],[126.38491977093051,33.233888490625574],[126.38502338773185,33.234156818014114],[126.38581746389107,33.23446375763698],[126.38589846405928,33.23457825509732],[126.38587656616419,33.23473889383946],[126.38624580834733,33.23527805210954],[126.38670732103482,33.235204488409416],[126.38691460756552,33.235419815418716],[126.38703681535067,33.235730101403],[126.387698951982,33.23601257767774],[126.38825586960202,33.23616563566131],[126.38853204637213,33.236086686215586],[126.38909781588794,33.23613894980518],[126.38919828590045,33.23617517502554],[126.38924642526814,33.23631054890009],[126.38936174184191,33.23622473491812],[126.38957063609553,33.23623973223314],[126.38942875680284,33.236380082870916],[126.38945447757288,33.23646498802404],[126.38968337827079,33.23635984019255],[126.38981297122605,33.23646873317179],[126.38966679194087,33.23650816783056],[126.38958037096057,33.23668899108183],[126.3894011313645,33.23673434369481],[126.38923873780794,33.23690258545365],[126.38956658261107,33.23730847589163],[126.38987534331146,33.23743640629573],[126.39023275333751,33.23712061377579],[126.3904770374606,33.23703081741196],[126.39044704896374,33.237297853779616],[126.39093732666343,33.237988773416596],[126.39199342858821,33.238592975643265],[126.39287977896728,33.23881981166215],[126.39355579312335,33.238843775886636],[126.39377966502272,33.23896459817751],[126.39420770044116,33.23888869505054],[126.39460009324763,33.23895014783055],[126.39480735217758,33.238906687285485],[126.3948826907027,33.239001193208736],[126.39490167188552,33.23939973782152],[126.3950239426533,33.23959404674789],[126.3953120303407,33.23976045602815],[126.39568185510322,33.239833847747626],[126.39598941059776,33.23977962004426],[126.39604807737933,33.23987923195972],[126.39596342572533,33.240221120495505],[126.39642193028617,33.24048793533482],[126.39662724556021,33.24043033474884],[126.39662249701739,33.240680319111526],[126.39683476179478,33.24054535136809],[126.39681117470086,33.24071083675483],[126.39691487236962,33.240894018783806],[126.39712574257256,33.241035491389134],[126.3978217437145,33.241259567210186],[126.39859888792347,33.24130327162827],[126.40101759838139,33.24175878860064],[126.40162604413403,33.24225760833275],[126.40216598303888,33.24329290887327],[126.40250590384754,33.24350384857139],[126.40331262053007,33.243825057915465],[126.40378988160924,33.24386127172018],[126.40456872134196,33.24345781828049],[126.40508527042039,33.24331083812586],[126.40588627804694,33.24349862750912],[126.40646197360685,33.243721952276395],[126.40709153498736,33.244174577178676],[126.40728292931827,33.24440845711576],[126.40760007854243,33.244528762930315],[126.41038048861478,33.244960080535364],[126.41183300086252,33.24501007810305],[126.41327344822416,33.244832050028585],[126.41350872637705,33.244484021538746],[126.41426572822074,33.244082105586855],[126.41428943534055,33.24382924968134],[126.41443818342474,33.24368574301666],[126.41528750715547,33.2432592892509],[126.41551909962733,33.24324390967996],[126.41601730502497,33.24341347899661],[126.4163335354133,33.242951998522514],[126.41654230765808,33.2428264566434],[126.4166966550395,33.242904332405146],[126.41658770919666,33.24301335935982],[126.41668109082606,33.24303445378121],[126.4166193592989,33.24344106245362],[126.41795366026315,33.243587809684165],[126.41800614369164,33.2434430994088],[126.41797990351344,33.24359377523687],[126.4180407652263,33.243599629776476],[126.41809312658492,33.24345052866955],[126.41806766867342,33.24360358612522],[126.41821035840424,33.243639237213394],[126.41822719791153,33.244044174285676],[126.41865777584984,33.244094318145315],[126.41870549115468,33.24390553802091],[126.41856324154921,33.243401967748575],[126.41864665703689,33.243339280514114],[126.41881928419947,33.244153308363366],[126.4188898165803,33.24414476054058],[126.41887482737796,33.244024065497904],[126.4191476636553,33.24398913555432],[126.41907991263207,33.24356821838557],[126.4189046498857,33.24326503010279],[126.41876534253457,33.24316513802114],[126.41845968502261,33.24315111496957],[126.4170632690567,33.24242617545957],[126.4166999834184,33.242370880516795],[126.41668384981504,33.24247033917683],[126.41636852005388,33.24241925272542],[126.41624430784941,33.24232948104591],[126.41630989562726,33.24215885033639],[126.41646275924805,33.24212529706997],[126.41713715192367,33.24223729636452],[126.418208671046,33.242808277966624],[126.41885311197758,33.242307797187166],[126.419077479174,33.24221940298908],[126.41959232871278,33.24217858669197],[126.41961433682258,33.24201027326692],[126.4204028752882,33.24150154119612],[126.42047571366781,33.241318309692424],[126.42063057177722,33.241228516474834],[126.42055664302886,33.24091882111905],[126.42063187663784,33.2407378281534],[126.42111823173974,33.2405708483955],[126.42127183806161,33.240397202876764],[126.421327338935,33.24015467760881],[126.42167108476757,33.24008403585267],[126.42174604693751,33.23985697508081],[126.42223419681977,33.23953005115822],[126.42243265331,33.23911798188138],[126.42299903541596,33.239004783245974],[126.4233255322549,33.23901228029432],[126.423342490972,33.23889964863234],[126.42307226331926,33.23855693351731],[126.42315102851195,33.238096487361666],[126.4236779496631,33.238249383046096],[126.42383335188845,33.23754727010749],[126.42404297573412,33.23727212875291],[126.42432343399821,33.23714448499881],[126.42450880554588,33.237153611107786],[126.42473852442518,33.23742425617678],[126.42504206712056,33.23756018121659],[126.42491980011579,33.23699982992924],[126.4251535980336,33.23722928094573],[126.42537365374726,33.23686798125156],[126.42602046361395,33.23652724113697],[126.42632615028134,33.23711891007457],[126.42655027854885,33.237142692302584],[126.42700424410053,33.23701780430302],[126.42709108064017,33.23691515862194],[126.42711344372579,33.23645594393807],[126.42681593552079,33.23624148096313],[126.4267913358868,33.236128261951215],[126.42689658191843,33.235992120240645],[126.4268471031164,33.23589318887877],[126.42698130079836,33.23582149065196],[126.4270302356596,33.23565023122265],[126.42712709488636,33.235582663604156],[126.4274404622657,33.23560069107454],[126.42779414246013,33.23540016079507],[126.42813748670109,33.23534202261462],[126.42837300455369,33.23520869870002],[126.42846569198396,33.23520594087244],[126.4285093597282,33.23531136062481],[126.42885567753667,33.23515479296971],[126.42913725299233,33.23517279490773],[126.42916173712274,33.23548482901549],[126.42935970775265,33.23577831634151],[126.42929287547533,33.235958882220146],[126.429540806836,33.2360547097941],[126.42997235299931,33.23594389468574],[126.43024234503972,33.23570422828984],[126.4308898530902,33.23542046750247],[126.43138256388234,33.23528603271095],[126.43161284108515,33.235320217397344],[126.43170008934675,33.23506620463907],[126.43164765211719,33.234903901003065],[126.43180298564113,33.23464287407821],[126.43225369671951,33.23446434806291],[126.4325135125488,33.23425944290126],[126.43250220544328,33.23386875134057],[126.43275706519798,33.23367397247448],[126.43328277507082,33.23368088299554],[126.43334624249928,33.233603191100414],[126.43375644317098,33.2337164589544],[126.43401234870576,33.233883474862544],[126.43396596520891,33.23450139310377],[126.43406611329534,33.235040619049876],[126.43447480452345,33.235587128008994],[126.43489866115725,33.235757247565545],[126.4349359701033,33.23620187485882],[126.43504775001136,33.236341633459524],[126.43553972348097,33.23662515334566],[126.43572099410808,33.23663952654598],[126.435838031627,33.23660538832641],[126.43587559765288,33.236492513432744],[126.43605856751742,33.2364985207429],[126.43633507800405,33.23632886930904],[126.43672462018951,33.23650460147436],[126.43682236309778,33.236443570158166],[126.4371657376759,33.236476826240036],[126.4374953675455,33.23671367007158],[126.4376602113465,33.236722604827754],[126.43770531864378,33.23682524946413],[126.43798664816343,33.23688595970189],[126.43798799242255,33.2370675382418],[126.43780188138473,33.23717570349521],[126.43771706953326,33.237358652250656],[126.437426036979,33.2375265068554],[126.43730774355019,33.23776738775097],[126.43736743586321,33.23792185095152],[126.43771013117842,33.23794485373814],[126.43804064032571,33.23836875268328],[126.4380919450412,33.23897012508475],[126.43829327861025,33.23903176794237],[126.43838395505314,33.23871308891424],[126.43857446205959,33.23871928949343],[126.4385045163865,33.23903298379114],[126.43884818003903,33.2390097176745],[126.4388472086387,33.238848396345524],[126.43891521076817,33.23885013640592],[126.43893709854918,33.23897666792716],[126.43920077926873,33.238819704712895],[126.43912474553176,33.2386394499793],[126.43845033232827,33.238504433122344],[126.43919238884516,33.23822078037163],[126.43916704029382,33.237880015560194],[126.43891911628145,33.2375214139141],[126.43854382613212,33.237594168686066],[126.43851998418981,33.23751706210749],[126.43875960943475,33.23746974727808],[126.43890931616019,33.237317594424766],[126.43926393589626,33.23782719089095],[126.43928676067448,33.23807994800653],[126.4397397703261,33.23801027437229],[126.43987556554778,33.23808147935022],[126.44021042475711,33.23795559718347],[126.44067643524706,33.23827559737539],[126.44086392621581,33.23831164826081],[126.4412773474638,33.23772363434788],[126.44119290151943,33.23758020311823],[126.44134958478128,33.237581230173866],[126.44175431818708,33.23738788251402],[126.44174766765202,33.23728493695101],[126.44190279488936,33.23722879042108],[126.44195233612491,33.23709956948674],[126.4421008259212,33.23722884872332],[126.44225319297303,33.237116054381644],[126.44266517291663,33.23735241244195],[126.44287545224975,33.23769423363057],[126.443414735798,33.23797363760679],[126.44369222054308,33.23859957801476],[126.44404678544127,33.238843924890574],[126.44438308816255,33.23887918100262],[126.44491360139087,33.23856858286311],[126.44520541615438,33.238578526968666],[126.4454606864091,33.23867594924651],[126.44556210406557,33.23843244509671],[126.4456608204674,33.23841731848522],[126.44591308994107,33.23891332848332],[126.44634479958556,33.23904492512476],[126.44740166252603,33.23918979926974],[126.44848243020188,33.23966247805933],[126.44905285267428,33.24013010294104],[126.44919690991068,33.24034848520947],[126.44919893121639,33.240618127007224],[126.44934127347791,33.24064521528229],[126.44967861969589,33.24099139332738],[126.45011774096406,33.24113741745273],[126.45084659982447,33.24123011652415],[126.45197223360638,33.24152854403311],[126.45248443044149,33.241239765736296],[126.45236319245264,33.24088119391041],[126.45264928361769,33.240695988619485],[126.45276660011598,33.24074090559575],[126.45260155085525,33.240926967316575],[126.45267774555397,33.24106515967218],[126.45264376242828,33.24120008366205],[126.45285860233388,33.241294326430776],[126.45292204824266,33.24121801782012],[126.45308898015672,33.241288377488395],[126.45320061696715,33.24065806304523],[126.45329331800679,33.24067378842686],[126.4532165211328,33.24076535577542],[126.45324726002191,33.24088524721918],[126.45360524230978,33.241144433769776],[126.45355538055159,33.24090191848737],[126.45397520799743,33.240852239131854],[126.45410045820488,33.24091132525819],[126.45417271697916,33.241086399227285],[126.45451293139656,33.24125958149325],[126.45480302363771,33.24120986669544],[126.45512656408118,33.24092568093335],[126.4550746381167,33.24039217315753],[126.45556122404003,33.24034470342328],[126.4559080364736,33.240118082629856],[126.45617502132917,33.24020405819086],[126.45665067134681,33.240219138635574],[126.45705547829739,33.24056875542588],[126.45689323868872,33.240895702920184],[126.45691092540027,33.24109485590784],[126.45735842870165,33.2411775742396],[126.45761234479747,33.24057990340874],[126.45753443974242,33.24031498839343],[126.4576956504002,33.23997034968054],[126.45777243724822,33.24000589294371],[126.45777655153948,33.24028680148427],[126.45799564348209,33.24035070895111],[126.45815755846661,33.24003920208656],[126.4584379277561,33.23998750861434],[126.45866812154003,33.23974203675222],[126.4591457814103,33.2396744893228],[126.45922937088581,33.23955509689357],[126.45912778340264,33.2393680595273],[126.459177966648,33.239291689845885],[126.45984284451939,33.23922913095185],[126.45989373720731,33.239441098349474],[126.4600797238669,33.23937776504204],[126.4608595131624,33.23868210870082],[126.46104129207806,33.23822336908447],[126.46116434046458,33.238154277977316],[126.4610661835111,33.23794776173714],[126.46123825684596,33.23799028158589],[126.46185726382672,33.23756963851289],[126.46208753360327,33.23730884387304],[126.46199180348142,33.23724715927211],[126.46203927366014,33.237071909068504],[126.46235080037536,33.23653017799487],[126.46264552251793,33.23548428507381],[126.46272428979724,33.23452657928019],[126.46295405580578,33.23434654590985],[126.46288045867554,33.233917335509986],[126.46297667101203,33.23389964782411],[126.46310286911378,33.23412717183323],[126.46330357108513,33.23416145816827],[126.46343093274638,33.23429793574511],[126.4635850329808,33.234104010204895],[126.4631762198743,33.23399912180188],[126.4631353747009,33.23334981872611],[126.46274940859134,33.23303740968944],[126.46262299049323,33.23270802146332],[126.46240834632829,33.23237805773836],[126.46214831962482,33.23218467619004],[126.46210281282906,33.23203965884975],[126.46242225180778,33.23182659309089],[126.46300039102566,33.231808018670236],[126.46348714298513,33.231606208525825],[126.46425373577296,33.23146408696785],[126.46537250408488,33.23113748334196],[126.46604082702108,33.230769946206614],[126.46629771299119,33.23048697630329],[126.46686904980136,33.23026383999922],[126.46738467482552,33.229937415875824],[126.46859433513444,33.22882301123939],[126.4689137984151,33.22832724882744],[126.46956498617784,33.22777302320447],[126.46992400007196,33.227036523360304],[126.46992552861732,33.22678309273377],[126.4701226785304,33.22651100059242],[126.47037535339749,33.22637282508624],[126.47134698670821,33.22553773354341],[126.47153925601764,33.2255005756071],[126.47239183641744,33.22608061077259],[126.47257260486839,33.22632785186254],[126.4727215672577,33.22635354826637],[126.47299899770816,33.22623079034722],[126.47323399705594,33.226003311923705],[126.47371633705922,33.22635664131414],[126.47368684302477,33.225943650913194],[126.47333864776328,33.22571869144392],[126.47326770282743,33.22559017920695],[126.47307546007755,33.22554209163865],[126.47303441751167,33.225346580562615],[126.47382484643583,33.22471058147084],[126.4741003732881,33.22433793077726],[126.4741005906472,33.22402367796819],[126.47461131897211,33.22417078953275],[126.47524563792336,33.22404200129579],[126.47531383701298,33.22387768709301],[126.47527732924866,33.22344879906708],[126.4753506958122,33.223403413067416],[126.47592029929113,33.223745900553595],[126.47650716824195,33.22396596007424],[126.47683604969386,33.22396112330464],[126.47693927647776,33.224019568808295],[126.47712480010489,33.223837362242016],[126.47690484223729,33.22387867923751],[126.47688189373599,33.223821400842795],[126.4771131390248,33.22364802515086],[126.47710549166047,33.223717931751715],[126.47733231628942,33.223829578005564],[126.47740035558171,33.22380148964534],[126.47732735400943,33.223744010942255],[126.47737722033888,33.22369641560353],[126.47776217712351,33.22365477243892],[126.47783816193083,33.223795312302826],[126.47765947757588,33.223942674394735],[126.47760400955038,33.224178252804265],[126.47741839127208,33.224271963824926],[126.4774272978887,33.22437252480467],[126.4768752992012,33.224332895107295],[126.47652072991511,33.22414384728019],[126.47641216293944,33.224338988695465],[126.47660199581173,33.22458086533164],[126.47650539645394,33.224612890683716],[126.47632593949305,33.224417392631295],[126.47606103445169,33.224883122929974],[126.47604750788994,33.22499793409952],[126.47613501120601,33.22507943991116],[126.47627756867087,33.22509633225017],[126.47654156284392,33.22496364164782],[126.47676385891995,33.225201749790905],[126.47670823024052,33.22527095140959],[126.47642003618908,33.22520700274612],[126.47630844492139,33.225293685244054],[126.47672952252474,33.22545002237117],[126.47682275427091,33.225895315692576],[126.47766989252396,33.22591734830667],[126.47767464373008,33.22627863345134],[126.47642808924559,33.2262520333912],[126.47597577026517,33.22680989642458],[126.47646984634387,33.227047656114564],[126.4770159816872,33.227049236928764],[126.47701937041431,33.227151311080505],[126.47629446175239,33.2271758407722],[126.47644097907158,33.227433403176065],[126.47638678438415,33.2274555474073],[126.4762111666415,33.22715251822556],[126.47595780839379,33.227090780792295],[126.47531149876245,33.227351020736364],[126.47566674582418,33.22800015885232],[126.47658909467468,33.227630197256836],[126.47791180589175,33.22764107206879],[126.47791219601385,33.227394134798104],[126.47812775406122,33.22737677809943],[126.47812587868462,33.2271516601452],[126.47779313070909,33.226814316586506],[126.47788259866483,33.22675858442174],[126.47822581372326,33.2271292189035],[126.47825044682976,33.227788127628514],[126.47958363944232,33.22830605798412],[126.48063237343129,33.22888272876345],[126.48114796118358,33.22901879935864],[126.48190241663791,33.22899026134364],[126.4829276254921,33.22909591020823],[126.48409834364001,33.22882830276179],[126.48529404336254,33.228809896807775],[126.48576171250035,33.22852769047518],[126.48595724452574,33.2285095553428],[126.48646764487,33.22863163379078],[126.48676637481822,33.22896120656851],[126.4882873908003,33.22978832314323],[126.4894327395734,33.230379892878986],[126.49013760295963,33.2306128945559],[126.49079487077496,33.2309355845826],[126.49116469230837,33.231375746018145],[126.49114019312594,33.231820862484014],[126.49124903529105,33.2322078808238],[126.49117204779886,33.23250434095017],[126.49132673287933,33.232689220247515],[126.49161512147357,33.23267603775087],[126.4918720704776,33.23257035666715],[126.49252461156219,33.23261834268988],[126.4931768611674,33.232412291971016],[126.49360220229448,33.23193499293816],[126.49374066170252,33.23122814684283],[126.49394921148846,33.231050746467474],[126.49452161845483,33.23120624986395],[126.4947917208712,33.23116461439732],[126.49506803049235,33.231221315615606],[126.49512761371855,33.231572156126234],[126.49504563323899,33.2317096822479],[126.49514755330661,33.23185073965393],[126.49538926669247,33.23192102815364],[126.49620863536158,33.23289664036715],[126.4963542385427,33.23293343501756],[126.4964350328226,33.23271374541202],[126.4965985958198,33.232641318917736],[126.49685104794654,33.23298279076879],[126.49701962572712,33.23305866825375],[126.49741418459453,33.23302405743995],[126.49762364004575,33.232905763805036],[126.49783136650183,33.233089798042705],[126.49793078433919,33.2330901994286],[126.49966626018784,33.23210850795459],[126.49981362286333,33.231836168831535],[126.50063192902185,33.2312935915251],[126.50209448832057,33.2316782170441],[126.50249249522638,33.231618538984215],[126.50342117724887,33.23089257343112],[126.50394441202617,33.23095593034896],[126.50404828711409,33.23075303783693],[126.50476815092604,33.2312070800151],[126.50508029394257,33.23109413558498],[126.50569670899398,33.231088230989506],[126.50619859672898,33.2308228627084],[126.50685571434958,33.230650012730536],[126.50777336957383,33.23070099292597],[126.50807193799231,33.23064368757746],[126.51106077201419,33.2324796635257],[126.51124284857157,33.23251379853526],[126.51172842373055,33.23279699311351],[126.51200016181991,33.2327980595171],[126.51251952873409,33.23296441293647],[126.51276654091069,33.23324109773064],[126.51302123177958,33.23332843073529],[126.51297418941941,33.23344521807555],[126.51307107814921,33.233580043702574],[126.51323279863018,33.23353396984614],[126.51310670599499,33.233629621560944],[126.51324714443432,33.233825049148955],[126.51365770005711,33.23389349562665],[126.51373115309322,33.23379491405391],[126.51381696059198,33.23385930544722],[126.51373557778562,33.234043495927295],[126.51379865421572,33.23417324549662],[126.51373831305241,33.2344473350999],[126.51389274272697,33.23468744997629],[126.51428452234222,33.234856082101906],[126.51460263416472,33.23516228381466],[126.51526817788141,33.2355673151095],[126.51540676958513,33.236276645057394],[126.51525857397709,33.23640696355134],[126.51549416464705,33.23687540000086],[126.51553759637927,33.23704233932303],[126.51547925753013,33.23710407963519],[126.51634846711273,33.23646004644375],[126.51633478843823,33.23636752085668],[126.5164809058799,33.23631491649255],[126.51647358698392,33.236202584773764],[126.51675186979702,33.23613281109995],[126.51728694884483,33.23626161982421],[126.5172698521305,33.23652277880818],[126.51678607100693,33.23639363771281],[126.5165696340098,33.23650287461729],[126.51574775669921,33.23705977313515],[126.5159374935055,33.23731908958213],[126.51621079300118,33.23746681543938],[126.51638026285246,33.23742554583186],[126.51669241876378,33.23708684061393],[126.5164093623657,33.23677894252808],[126.51656260381036,33.236667773973934],[126.51697338313977,33.23705140417454],[126.51711996795014,33.23707623157172],[126.51746929976645,33.23696838632102],[126.51751989750032,33.23680705100919],[126.51761959304955,33.23675730760115],[126.51758473992842,33.23706909443956],[126.51808079220267,33.23726318496692],[126.51819850857865,33.23686527095015],[126.51815066638018,33.23677011817651],[126.51828999387811,33.236646728952735],[126.5183432845561,33.236344251197835],[126.51828791557743,33.23599219969511],[126.51814318342903,33.23595029905805],[126.51809486566194,33.235851746658184],[126.51828440394516,33.235909307997346],[126.51848360810573,33.23627446619383],[126.5182064890442,33.23730683855245],[126.51841794428182,33.238029675227416],[126.5187732699095,33.23850450454014],[126.51939885703662,33.238648960008206],[126.51978783624199,33.239032010483214],[126.5200341427404,33.23944514499132],[126.51990240863503,33.23970726984125],[126.51953087481479,33.23996121599785],[126.51952985436522,33.24014780875982],[126.52019864279518,33.24088006698187],[126.52089249458217,33.24127264440507],[126.52116757282135,33.24127370381698],[126.52204166310817,33.240825892498826],[126.52298324377718,33.240868496633404],[126.52636550988355,33.240444172728964],[126.52699049486054,33.24009006836951],[126.52770541418448,33.23995910388811],[126.52803012676677,33.23997426106201],[126.52824758801991,33.23959493023396],[126.52858940878772,33.23950989108665],[126.53050208929866,33.2395930167817],[126.53111406171111,33.23949924102734],[126.53146938728024,33.23936689888354],[126.53281488223618,33.23938031571478],[126.5334018830048,33.23930732287974],[126.53466332896276,33.23954599093432],[126.53521801182971,33.239943538498146],[126.53622275163211,33.24047087398459],[126.537287216742,33.240987282020825],[126.53898886398339,33.24166200731279],[126.53936478721909,33.24202545313745],[126.53955388092363,33.241991341452426],[126.53938291407425,33.24172891595406],[126.5396391015781,33.24156259650448],[126.53992379676988,33.24160419895609],[126.54012151822545,33.24150466858048],[126.54031618912369,33.241671098161895],[126.54050871289623,33.24161471612847],[126.54057984021345,33.24139657485302],[126.5408947205335,33.241318144353016],[126.54154219975894,33.24077188149926],[126.54192364605817,33.240158378457046],[126.54211387459,33.24012427426449],[126.5422738609047,33.240287196587246],[126.54281238093823,33.23997725349034],[126.54321344081661,33.239332601280296],[126.54343233070092,33.23868665408951],[126.54352752168124,33.23863074802743],[126.54376642381314,33.2387887643748],[126.5445034627285,33.23902912122513],[126.54443828521971,33.23960445594611],[126.54456283651525,33.239872274408086],[126.5447983286015,33.24003649870082],[126.54515288960907,33.239734018461355],[126.54547875610471,33.23964168210611],[126.54571699986586,33.23971496295807],[126.54608326693067,33.23952668037921],[126.5462198855421,33.23961617360048],[126.54625942703308,33.23994918194691],[126.54693591889365,33.23985308998942],[126.54697394831042,33.23973072752831],[126.54654020426372,33.23946731432039],[126.54617043388544,33.239128525173825],[126.54638754031139,33.238561558210336],[126.54627230718144,33.238365777058014],[126.5462750335439,33.23819080464899],[126.54637214987575,33.2381686090113],[126.54650302912555,33.23832253222595],[126.54652584337798,33.23874938319921],[126.54669668369743,33.23876871013933],[126.54693970125984,33.23847730068594],[126.5472223191954,33.23830008730929],[126.54722352484389,33.2380661497486],[126.54754050375631,33.237768503956886],[126.54767599094544,33.237728021780406],[126.54831804219073,33.23840053023758],[126.54827655194363,33.238461353471486],[126.54812011087229,33.238367408473565],[126.5478680523627,33.23840269740075],[126.54770841626525,33.238510732464164],[126.54773590548335,33.238743933652216],[126.54809180146508,33.23876836254254],[126.5481168989349,33.23882065864696],[126.54803098778335,33.23886315688007],[126.54777158584271,33.238793642871045],[126.54774658092796,33.239144465409495],[126.54811885665627,33.23957749794125],[126.5484527417934,33.239743027574484],[126.54849535298227,33.239835087599424],[126.54857364796369,33.239856248369165],[126.54881802864733,33.23960231642769],[126.5489273959687,33.23960271262022],[126.54878388602538,33.23979714505822],[126.54906572883289,33.240416443563504],[126.54930891786445,33.240488581945364],[126.54912429778176,33.24062831814862],[126.54944007463797,33.24109456124853],[126.54977375220489,33.24130186154805],[126.5505217676735,33.24149951971554],[126.55104167458039,33.24140985318836],[126.55109999448084,33.24119803882355],[126.55157152203617,33.24102149821743],[126.55229085490645,33.24034454195932],[126.5534457906365,33.24003398582364],[126.55379101350789,33.239600759797405],[126.55465564418517,33.23902178706838],[126.55548107461416,33.238982964874985],[126.55622589644898,33.23915551090186],[126.55671473186202,33.239157253838876],[126.55752657115605,33.23951384348812],[126.55782994214448,33.239489857174625],[126.55793731402952,33.23942041727728],[126.55786837935365,33.239403797958246],[126.55788383077174,33.23931416696035],[126.55805834008419,33.2393151026449],[126.55944216695632,33.23752615257277],[126.55953749291368,33.237537482169834],[126.55972178709803,33.23731505187983],[126.55981374123854,33.237363417086534],[126.55962647983533,33.23761057651449],[126.55977301545829,33.237814845942324],[126.5597054829496,33.23790645203792],[126.55956702408113,33.2378855261606],[126.5588569969341,33.23880067220272],[126.55895707235443,33.23896068746942],[126.55889756679854,33.23911037293049],[126.559151546047,33.23926371266505],[126.55898034277568,33.23930484180968],[126.55919268904886,33.23945288587672],[126.55924606018819,33.24099778673397],[126.55979895040964,33.24183695319218],[126.56002884561597,33.24203889398199],[126.56067506926235,33.24238640421688],[126.56077140872416,33.242365601243975],[126.56136649500924,33.24322525073437],[126.56176868280467,33.24304088825672],[126.56152323445795,33.242465079793924],[126.5610353961269,33.24207337533587],[126.56068040766007,33.24224565944619],[126.56051637297463,33.242015740869114],[126.56064235804917,33.24217850842116],[126.56101527607765,33.242018043693136],[126.56079399798625,33.24113337971957],[126.56089131865329,33.24070418731726],[126.5616762275625,33.23990918404863],[126.56114099103259,33.239334944744606],[126.56122842882547,33.2392765104827],[126.56177815995193,33.23985165337862],[126.56406203120365,33.23917021000998],[126.56429891517668,33.238482283711214],[126.56444128401259,33.23852831350561],[126.5647195430621,33.237955761695694],[126.5656015614362,33.23761595356745],[126.5674053343359,33.238189726185084],[126.56840324818192,33.2371888652452],[126.5667157627933,33.2359478544674],[126.56734734738596,33.235323328046704],[126.56923280915277,33.23666861687314],[126.57019453483932,33.23571088848874],[126.5674995869386,33.23364627795172],[126.5677134887016,33.23343486638982],[126.56708842268544,33.232979174994064],[126.56714422090198,33.232781098213394],[126.56740218361011,33.232675744851875],[126.56796438361077,33.23310417917074],[126.5681637681892,33.23308623582035],[126.57115598250927,33.23542769430074],[126.57123481302928,33.23609524690126],[126.57105047827861,33.23631434805709],[126.57071118180893,33.23640866921223],[126.56992598784494,33.2372049835751],[126.56996301233617,33.237323613234274],[126.56973796910447,33.23757074017648],[126.56898361233462,33.23823838405096],[126.56892160153782,33.23822003589811],[126.56638706408576,33.240701777588505],[126.56646674275262,33.24078844920667],[126.56639576708069,33.24091015658109],[126.56748647227876,33.24173346623317],[126.5677740604629,33.24163981290286],[126.56803346439129,33.24183376148503],[126.56813008788427,33.242019344713505],[126.56808570084775,33.242283768318096],[126.56824399148941,33.24244584946993],[126.56831865984842,33.24276360285262],[126.56856655896696,33.24290092963042],[126.56856582044709,33.24305131782424],[126.56878675636605,33.243280456941584],[126.56900923829132,33.24319489181183],[126.5692771639874,33.24330443626539],[126.5694772988919,33.243044728618145],[126.56991476473232,33.243050419932956],[126.5699937925209,33.24312873866011],[126.5698807548653,33.24322715166825],[126.57002398589484,33.24341981418042],[126.57005775094892,33.24363159217669],[126.56990463080922,33.24376613723452],[126.56999363951728,33.24386392172483],[126.57028599042974,33.24406266869596],[126.57146594481,33.24439537392768],[126.57172844905779,33.24453751802005],[126.57151065995052,33.244740871410556],[126.57151014421126,33.24484670022006],[126.57168227394995,33.244891853537496],[126.5716828172415,33.24478045445924],[126.57214116099676,33.24458429567681],[126.57281125692631,33.24446405673554],[126.57367483781618,33.2440854716408],[126.57448429104743,33.243932280333546],[126.57551514343983,33.244601425915995],[126.57610439898166,33.244748256814106],[126.57647617163664,33.244749523512986],[126.5766865064236,33.24457955498107],[126.57675392230219,33.244670311417565],[126.57670025644445,33.24490115179345],[126.57793239935378,33.245071966739594],[126.57833392078378,33.24428238033065],[126.5787804743222,33.24377701835355],[126.57898596183817,33.24377771405674],[126.57916437549962,33.24389528912258],[126.57927530109235,33.24426328837679],[126.57952000239335,33.244381087581544],[126.58010935294186,33.24416842222633],[126.58024712502234,33.244031409481174],[126.58074311567876,33.24386334412398],[126.58090105962877,33.24390364459337],[126.58096836700453,33.24382821624212],[126.58074912259156,33.24381389820872],[126.58006274838786,33.24396677182384],[126.57996924844251,33.243725913736206],[126.58014898494184,33.24355387288376],[126.58056304382079,33.243380682509084],[126.58127924248832,33.242781739471944],[126.58161880463086,33.24273826559588],[126.58192833960116,33.242602510093384],[126.58209375003034,33.24286692357251],[126.58196404389786,33.24295669037973],[126.58194335509444,33.243180674638324],[126.5820612598893,33.24338766620572],[126.5819954819073,33.243460872310244],[126.5818225294636,33.24346591289307],[126.58178324089184,33.24359623597661],[126.58163549553214,33.24359573858358],[126.58160980728533,33.24365772793233],[126.58220440813328,33.24373843533641],[126.58242721031503,33.243931351705086],[126.58294413463743,33.243956758112816],[126.58381977772842,33.244169960769554],[126.58437702810866,33.244078525765985],[126.58483765721883,33.24374307552894],[126.58529911718578,33.24428351935656],[126.58600880730133,33.24454837222461],[126.58639431473192,33.244328244755124],[126.58654430569256,33.24414910855518],[126.58652011704996,33.2440069918295],[126.58685830360405,33.243981658070076],[126.58722194361403,33.243829688811395],[126.58726961615722,33.24355900166412],[126.58758077496847,33.24373079129613],[126.58823643216472,33.24367970001388],[126.58850194694045,33.24351347641904],[126.58896781672267,33.24347045621923],[126.58958565630952,33.2431779805116],[126.58965909017566,33.2430668206083],[126.58951409330236,33.24266639348406],[126.5898959300626,33.24167647813731],[126.59003377725676,33.241611483341224],[126.59038044466803,33.24163344374644],[126.5910501871311,33.241407550057836],[126.5911106109685,33.24132259973544],[126.59105763061697,33.24104531440553],[126.5913269437858,33.24112835830458],[126.59176703647246,33.24101283192527],[126.59207575172782,33.241086255733094],[126.59225831168455,33.24093493017823],[126.59220847398096,33.24069678611691],[126.59139931901898,33.23937402435583],[126.5914458868748,33.23898148716498],[126.59163830127082,33.23894034360005],[126.59204548893024,33.23903915599826],[126.59241101359324,33.238831477303755],[126.59252766793972,33.23868982185745],[126.59252565838217,33.238408526267186],[126.59284425336274,33.23831487839953],[126.59318701394616,33.23801243127715],[126.59324490085177,33.237678416325046],[126.59367198193003,33.23777450378239],[126.59384445645921,33.23774443091825],[126.59422320342628,33.237542359462935],[126.59443339189987,33.23723947546288],[126.59463607923634,33.237125950397605],[126.59524353049135,33.236916266325515],[126.59527715884106,33.23681054346583],[126.59539186238092,33.236771933288765],[126.59599972662086,33.23679088408851],[126.59600118053231,33.23657368685218],[126.59640823638092,33.23642912027491],[126.59642503220988,33.23647369801376],[126.59607326692716,33.236593484689855],[126.59606967513112,33.23676583725853],[126.59611161750571,33.236828023615864],[126.59657560784017,33.23672007845015],[126.59659394273626,33.23616857113663],[126.59666543192384,33.236246840966345],[126.59665588599395,33.23665627429875],[126.59685114437762,33.23667779597192],[126.59705856107553,33.23661580397454],[126.59766212916227,33.23616658183261],[126.59859449458038,33.235924510640245],[126.59932641331811,33.2360327017628],[126.59969344626151,33.23621491094574],[126.6002845193934,33.236687482981885],[126.60075487549352,33.236741909069764],[126.60123093861831,33.23699965990629],[126.6015642476433,33.23663913406699],[126.6016202261978,33.23666113309242],[126.60131094374498,33.23701532324339],[126.60169757340246,33.23714458426548],[126.60197322586615,33.23738219525585],[126.60224288345346,33.23748053329947],[126.60227184674868,33.237649093864135],[126.60255016008588,33.23773478331721],[126.60272723338817,33.23810592978867],[126.60264964872057,33.23840646556371],[126.6028527118234,33.23857421732886],[126.60305628568769,33.23862917529052],[126.60348647883067,33.23840635144906],[126.60362627367958,33.23790618643269],[126.60413866175182,33.238196069551655],[126.60429556384321,33.23904739772251],[126.60482126604802,33.23926522535228],[126.60482679352486,33.239571280823746],[126.60468053795373,33.23966690005398],[126.6046772302999,33.239800689945255],[126.60514950771659,33.239959433053],[126.60541142086477,33.239938054722664],[126.60570644216894,33.23979345737588],[126.60566966361516,33.239704853273004],[126.60512735675677,33.23989699703698],[126.60494398395163,33.2398896813511],[126.60491376651281,33.2397609392785],[126.6052977444663,33.23949758082699],[126.60611537658883,33.23916179040215],[126.60717329602932,33.23900778039821],[126.60743987972772,33.23868416582758],[126.60749640245518,33.2382432563048],[126.60762798825266,33.23825841351124],[126.60756584029039,33.23871966070199],[126.60790856996617,33.23878027766457],[126.60779201388229,33.23905499106944],[126.60758049135003,33.2389234264033],[126.60735604960377,33.239272936802124],[126.6078937932525,33.23945566063139],[126.60800406188437,33.2392540924385],[126.6079373584981,33.23897677121095],[126.60809804093961,33.23861800752577],[126.60779005419202,33.23838030880931],[126.6080191465142,33.23813388154827],[126.60818065456338,33.23808115030837],[126.6080856407359,33.23770148643824],[126.60788145120242,33.237446540820095],[126.60800792549502,33.23730583393269],[126.60828574724756,33.23764541045741],[126.60844299014691,33.23814009254615],[126.60835686850315,33.23853715087429],[126.60828497271497,33.238569185363055],[126.60815622738315,33.23933720958486],[126.60824086974868,33.239723591617356],[126.61034892147879,33.24054884307229],[126.61211861694855,33.2409512426617],[126.61245972394177,33.241010792021534],[126.61319230370034,33.24098243666334],[126.61389423539892,33.24114057958677],[126.61434818235291,33.241165661035296],[126.61545802979415,33.241643946321425],[126.61572295175684,33.24169489493636],[126.6158534362525,33.241474878559],[126.61612196482474,33.24139812816075],[126.61623742850121,33.24152102618856],[126.61630216136386,33.241876317960774],[126.61658298799408,33.24189041274522],[126.61670001684098,33.24201309867945],[126.6171430749491,33.2420877870086],[126.61766398770521,33.242338650286456],[126.61784397393154,33.242486810254036],[126.61787641401956,33.2426484424151],[126.61851466952484,33.24297346549276],[126.61898240199172,33.24364330890378],[126.61936940651708,33.24382273553205],[126.61934213108326,33.243998108839584],[126.61961023095971,33.24408248123103],[126.6189450279406,33.24423640637155],[126.61876157625007,33.244503207784526],[126.61871180247789,33.24489853027137],[126.61900508807747,33.24605382635314],[126.6192184245755,33.24653907620765],[126.61899764100465,33.247006286721714],[126.61897779281782,33.247760970421126],[126.61912937840604,33.24796474235539],[126.61959233387431,33.2482140263559],[126.61994347799725,33.248642603497025],[126.61964668267694,33.24905805842638],[126.61961355343817,33.249436722396084],[126.61969260368636,33.24970593314146],[126.61986306931264,33.24972163778835],[126.61987709020573,33.24961077082462],[126.6202189059445,33.24961130977739],[126.62021865514146,33.249842875121075],[126.62084869795993,33.24984682746785],[126.62084894506175,33.24940685003026],[126.620525812051,33.24940358212468],[126.62052535240512,33.24912776342845],[126.62116775905321,33.249124798736176],[126.62116789232473,33.247775649182095],[126.621394617006,33.24772879610173],[126.62140212722346,33.247559473833206],[126.62128232490434,33.24752408055907],[126.62129535698372,33.2472614481268],[126.6213987725306,33.24718778336207],[126.6216900572679,33.24721143557834],[126.62176093364992,33.24738769552504],[126.62166989688939,33.24894435017196],[126.62206472427576,33.24966667598827],[126.62199403556194,33.24982478462626],[126.62181894582451,33.249863927232724],[126.62161197925457,33.25011959329784],[126.62166098399017,33.25043583250325],[126.62211315241959,33.250885596919204],[126.62325438579914,33.25142657143039],[126.62364652272177,33.25196526954975],[126.62393340760973,33.25220965992496],[126.6241282124666,33.25219797629259],[126.6241173017892,33.252004055846115],[126.62447353361387,33.251975395412884],[126.6249552668274,33.25170812715883],[126.62525387013811,33.25164218596291],[126.62593116809992,33.251772336017204],[126.62612353023592,33.251746457788414],[126.62683214737599,33.25191708018017],[126.62710737543544,33.251891448522805],[126.62709496929327,33.2520807927192],[126.62735756784318,33.252297421086745],[126.6276043897921,33.25271730747291],[126.62792132930846,33.253800241709364],[126.62807600542418,33.25406389023583],[126.62862108072271,33.25450416083579],[126.62933195791365,33.25453830957026],[126.62992807257238,33.25466819701913],[126.63010375445366,33.254668719892734],[126.63027679660318,33.25450909473644],[126.63075551370342,33.25457318084369],[126.63143870969247,33.2537007063261],[126.63183704775656,33.25356541960276],[126.63223792920266,33.25361395154537],[126.63249876622922,33.253859805612414],[126.63266368262421,33.25385269944853],[126.63265752932739,33.253942433067465],[126.63165398079745,33.25453546143744],[126.6317746015633,33.25462354749395],[126.63274679605628,33.25439387303546],[126.63319364727518,33.25454836813347],[126.63398424578308,33.255735729378074],[126.63409880153014,33.256086980732334],[126.63428081965537,33.25615853416852],[126.6343539255573,33.256115581302865],[126.63447247737804,33.255905660129756],[126.63444784074603,33.25556216772197],[126.6345684872689,33.25559123245919],[126.63455685621304,33.255742286535515],[126.63472445385544,33.25584425855871],[126.63461294328721,33.25620441964739],[126.63487205982265,33.25626923625969],[126.63478852886705,33.25642773725664],[126.6348795696929,33.25659029493428],[126.63579522382133,33.25707403305296],[126.63621188046879,33.257119812670545],[126.63644966832643,33.25733356362298],[126.6370157025683,33.25712912533626],[126.6376307395736,33.25709888961934],[126.63849512460096,33.25729357396307],[126.6388059641784,33.25747828919025],[126.63909279113925,33.257456841555246],[126.63950301116475,33.257658553209744],[126.63980364111448,33.257908685694474],[126.6400380220578,33.25794522083503],[126.64003897917418,33.25801484971658],[126.63973592410261,33.25815322371587],[126.63971108540818,33.258551412215056],[126.6398384242635,33.25860685629952],[126.63954535961122,33.25889339794381],[126.63987886376285,33.259179568219466],[126.64041881269429,33.25887191588222],[126.64043961126848,33.25879670635401],[126.6403414279039,33.258736997047855],[126.64041723386423,33.25863641866665],[126.64066899528457,33.258713386768015],[126.64070112924676,33.25892560270733],[126.64039527968721,33.25909674519012],[126.64028189923876,33.25903245615476],[126.6396528712839,33.25940833721046],[126.6395575664625,33.25960997549703],[126.63967062539183,33.25972657750759],[126.63956904824758,33.25984116669169],[126.63968713980371,33.2599431629079],[126.63970053989448,33.260111000206116],[126.63960315842576,33.260111761413974],[126.63956754284482,33.25995748376814],[126.63942598785847,33.25997145411056],[126.63932599315862,33.26009912162378],[126.639418472593,33.26018189593505],[126.63942856062368,33.26034902754533],[126.63953776028178,33.26039668966818],[126.63959921557205,33.26016362114106],[126.63968291823525,33.26016386387986],[126.63953589423072,33.260447511175975],[126.63970069744946,33.260678450908834],[126.63962839577503,33.26092889371653],[126.6399303168332,33.26127093452139],[126.64014046064084,33.26135927096018],[126.64044743028614,33.2612793927064],[126.64156766287739,33.26184261154486],[126.64164563394478,33.262136812415704],[126.64180976509023,33.2622295402352],[126.64187701970474,33.26260571279685],[126.64154065693246,33.262576197723085],[126.64139950577987,33.26284245732339],[126.64162450461988,33.26294754402474],[126.64177437331573,33.2631847033454],[126.6425336773001,33.263353294147784],[126.64263258936883,33.263486564233894],[126.64257366591296,33.26351756231505],[126.64248138763512,33.26339508567997],[126.64154370556558,33.26318929747874],[126.64156528277395,33.26337802533594],[126.6414008220425,33.26336608518669],[126.64147909946999,33.2630366737737],[126.64130753415914,33.26292433609721],[126.64106085026563,33.26317115797044],[126.64106030045696,33.26330553342961],[126.64122933243176,33.263315073018035],[126.64122100967319,33.26345483179826],[126.64106523904975,33.26346568690524],[126.64117811456,33.263628937390294],[126.64135876277977,33.263594158116724],[126.6413836431444,33.26341860939095],[126.64155076808595,33.26344257844413],[126.64151101845826,33.263678564023266],[126.64121305113795,33.263734981191156],[126.64128634929479,33.26385240386953],[126.64117112062937,33.26392064933142],[126.64120795925112,33.26407512792936],[126.64108504054946,33.264196814465286],[126.64117563705136,33.26474154963746],[126.64153053471055,33.26530793405976],[126.64198585049088,33.26584257967061],[126.6422354587112,33.26601179301339],[126.64257988721812,33.26609911886414],[126.64287989512592,33.26610415851264],[126.64292688425007,33.26601325743524],[126.64300285540932,33.26608223167375],[126.64316960431236,33.26604302370979],[126.64309133181816,33.266132616098254],[126.64317179553355,33.26631944406681],[126.64365035612242,33.26664457631224],[126.64388372848356,33.266935583282766],[126.6442464574887,33.26700764044458],[126.64437776469546,33.26692028750418],[126.64472952747562,33.26724435714403],[126.64485905328313,33.26718763368767],[126.6452679663039,33.26731691191715],[126.64558131211172,33.267094888371744],[126.64564904998649,33.267148656028255],[126.64562732296211,33.26740357616691],[126.64607502435172,33.267574739193094],[126.64636359673224,33.267539355434614],[126.64692831535046,33.267261063615635],[126.64700460395085,33.267457625113934],[126.64690648801445,33.2677421161373],[126.64770978489561,33.268319503557464],[126.64792002855505,33.26821349069428],[126.64840454398916,33.2684920522137],[126.64855987441467,33.268391534769044],[126.64879943959224,33.268383160744655],[126.64915517708837,33.26854778517173],[126.64915008417117,33.26868145220331],[126.64979687393505,33.268398506534],[126.6498922317626,33.26818015031404],[126.65031422578716,33.26794182504989],[126.65050331254709,33.26791311441493],[126.65116238497625,33.268082067495364],[126.65155043010105,33.26846052660485],[126.65154063469403,33.26884001319755],[126.65173316766848,33.269196285803105],[126.65217461882544,33.26948577190431],[126.65266313802414,33.269611071636795],[126.6532702997908,33.26949718786126],[126.65322583477112,33.269423260790326],[126.65341872775603,33.26927062172492],[126.6533607808485,33.26916658388581],[126.65343946129383,33.269057624517906],[126.65396198512035,33.26896717382149],[126.65457654886052,33.268655566732654],[126.65494740436348,33.268983838815466],[126.65522746510446,33.269005502243836],[126.65567084698465,33.269228141326906],[126.65597073450331,33.26926656987084],[126.6561151088588,33.26922658564177],[126.65617888572096,33.269026240531055],[126.65642404989687,33.26890167413378],[126.65671426617791,33.26895715354789],[126.65658572465263,33.26907048230466],[126.65668806490692,33.26912701324758],[126.65682479591378,33.26909542409563],[126.65687216151585,33.26893207212213],[126.6570399752434,33.26883227356391],[126.65739130465546,33.26885691465084],[126.65762100653257,33.26903996717733],[126.65782910574306,33.269040539992105],[126.65812091225185,33.2692223698144],[126.65815650147026,33.26944805473097],[126.6580498106175,33.2697437991614],[126.6584200469645,33.26988045892049],[126.65891526745322,33.26956432528106],[126.65898689482911,33.269583143976135],[126.65888222118312,33.269473675735526],[126.66055156695883,33.26843224590832],[126.66074442509355,33.26834332216776],[126.66091942277043,33.26840148739269],[126.66107100954085,33.26859823390161],[126.66102578901612,33.26878635632476],[126.66083294369118,33.26888498025389],[126.66059998979698,33.26883141506269],[126.6592252136128,33.269667779498434],[126.6594770033564,33.26983392464685],[126.65942349563453,33.26995283713358],[126.6596689875258,33.2699131274356],[126.65966876125023,33.26997161168219],[126.65958256112496,33.26997137625672],[126.6595795571328,33.27074560625884],[126.66013926662127,33.27089892095866],[126.66009220937619,33.27101768337086],[126.65956576007231,33.27088342712414],[126.65877553431342,33.27283749641695],[126.65851144987165,33.27276297605238],[126.65836109402431,33.273312846032496],[126.65826991820376,33.27331259492213],[126.65826967468655,33.27317818151679],[126.65809577193923,33.273139164033005],[126.65795553583033,33.27316133957034],[126.65786390401179,33.27327805834883],[126.65790635633199,33.27344458058905],[126.65810815020896,33.27356071441706],[126.65823642552785,33.27339953527763],[126.65833786538442,33.273424530800675],[126.65836989995522,33.27383479362369],[126.65861998535571,33.27398579317848],[126.65926766727534,33.27411568178928],[126.65940296394649,33.27401207408333],[126.65953273448945,33.27416096840872],[126.65968344908086,33.27419758579104],[126.66049939093365,33.27411487339826],[126.66113398668008,33.27420015585985],[126.661487679127,33.27404794260687],[126.6617592274033,33.2741322328457],[126.6620080085175,33.27410227387209],[126.66244473535781,33.27391129304163],[126.66253050964342,33.27378649132198],[126.66245399108152,33.27365996937691],[126.66266778945617,33.273634972268894],[126.66266240767996,33.273564452394105],[126.66253936715303,33.27344436199118],[126.66238838960562,33.273627798256335],[126.66238697354356,33.27336048580285],[126.66218868776005,33.27347121269985],[126.66221595013272,33.27358064626917],[126.66215163277613,33.273586497662016],[126.66211004771739,33.273436469565],[126.66263968452306,33.27322252793043],[126.66285273586915,33.272998911251946],[126.6628534077484,33.272824097962385],[126.66274402908668,33.272765118223745],[126.66199680393846,33.27272608148302],[126.66198240536526,33.27304096673651],[126.66174077803993,33.273017037652295],[126.66193709473725,33.273015033914774],[126.66195974708555,33.27273625923836],[126.66156424839238,33.272710232654475],[126.66165817648297,33.27142315456717],[126.66114927025664,33.27128991532956],[126.6611896796479,33.27118183917345],[126.66179293343015,33.27134001319562],[126.66413469688835,33.26980192113289],[126.66303010747866,33.26831555100258],[126.6615439952598,33.2679302156516],[126.66124234374372,33.267617268056135],[126.66096786742672,33.267511894452326],[126.66087944549474,33.26731941377975],[126.66006357116106,33.26689096910527],[126.65989739274836,33.26689248997434],[126.65956320378197,33.26673226206351],[126.65955015092108,33.26658958925305],[126.65978747232347,33.26640468053888],[126.6612195748811,33.26712717053611],[126.66181105877105,33.26764368138914],[126.6628682850336,33.267833368495666],[126.66341545455383,33.2680837016418],[126.66364898798497,33.2683677217421],[126.66394967654672,33.268997871111296],[126.66433656799664,33.26940203399075],[126.66475459862782,33.270082725804656],[126.66472502063617,33.27021615970273],[126.66498895185393,33.270556643977926],[126.66514824814928,33.27051529821544],[126.6654010342747,33.27030153071391],[126.66648697856628,33.27069713799146],[126.66678536204093,33.27069793853647],[126.6677156805019,33.27049943685222],[126.6680489852352,33.27053748369099],[126.66838842483358,33.27075275629649],[126.6685909777719,33.27117631421518],[126.66877454128071,33.27122253507506],[126.66915268111043,33.27110206786254],[126.6691322008134,33.271006262748685],[126.66921103907382,33.27096538512323],[126.66938691067776,33.2709691498082],[126.66938154842121,33.2710898143346],[126.66947250181276,33.271107205664215],[126.66956795823332,33.27105815432193],[126.66952414191789,33.270947282176216],[126.66961198610795,33.27091868601917],[126.66969686555672,33.27093559375096],[126.66982350851899,33.27118888291405],[126.66995315278675,33.27120959260559],[126.67003793347598,33.27117194526697],[126.67006891463681,33.27096337708854],[126.67025220084011,33.27108390915646],[126.6702442415095,33.27082619115101],[126.67059900861665,33.27101013395584],[126.67057256919153,33.271169790392236],[126.6706574224023,33.27122575038543],[126.67079809343086,33.27114180521],[126.6709537412595,33.27118651980211],[126.6712922226159,33.27093946379127],[126.67122297156219,33.27080565899285],[126.67162280972929,33.27056805411842],[126.67160191605983,33.27046867576346],[126.6721664688249,33.27008501883826],[126.67334774920812,33.269922350713834],[126.67348807393847,33.26970120734804],[126.6740848986469,33.26986309982161],[126.674141679951,33.269641496277224],[126.67403599934688,33.26947682940938],[126.67410906476657,33.26923408655025],[126.67417876266077,33.26924856060092],[126.67412696383879,33.2694535028785],[126.67427392173849,33.269507480060966],[126.67436444155804,33.269349652658256],[126.67436053944569,33.26911704522531],[126.67402851938736,33.268934476461105],[126.6740037155839,33.26919963708476],[126.6739018075689,33.26915494156818],[126.673911588657,33.26881198079609],[126.67409306035968,33.2686739245519],[126.67370937708152,33.26826676702123],[126.67369169345031,33.26816106680595],[126.6737733440922,33.26812170578222],[126.67395719809612,33.26832691503924],[126.67424803135155,33.26823299921981],[126.67432752519122,33.26835753964483],[126.67463240279085,33.26826115823164],[126.67473554146639,33.26843292241898],[126.67502511398229,33.268449399188796],[126.67509466008549,33.26827487202073],[126.67515362511612,33.26843080016936],[126.67577702916424,33.26822663382672],[126.676638419261,33.268071675025105],[126.67722669960013,33.26816466713163],[126.67765448933265,33.26841444281088],[126.6778791338577,33.26839215910768],[126.67772411938338,33.268447493031516],[126.67770276501648,33.26870324912344],[126.67782695310831,33.2687035707631],[126.67781923030435,33.268953646262844],[126.67809701440831,33.2692859202057],[126.67818722317966,33.26927436350919],[126.67811220034172,33.269320258156036],[126.67815349491586,33.269425404913164],[126.67827587294204,33.26945573323133],[126.67814822311587,33.269471122963516],[126.67793015733933,33.27001790964108],[126.67804319145807,33.27027687142586],[126.67802383278644,33.270452602451336],[126.67825118693739,33.270620397342974],[126.67875935446354,33.27076033471732],[126.67888184474388,33.27076065132895],[126.67922116260591,33.27055144787371],[126.67990282344877,33.270701832313975],[126.68081450307474,33.27075705395037],[126.681477401986,33.270921673506294],[126.68158300531653,33.270887645027194],[126.68145271642867,33.2705161946737],[126.68168667798076,33.2704477435503],[126.6822341588078,33.270537748490746],[126.68235376490458,33.27040683703699],[126.68248963712153,33.27045837121333],[126.68269900959781,33.2699558569239],[126.68282508748383,33.26990473088837],[126.68310083260492,33.26986541809683],[126.68330816783221,33.26992596881826],[126.683494727185,33.27008650593402],[126.68374637700293,33.27012430363952],[126.68480146689465,33.27003837757694],[126.68524749104998,33.26995661798353],[126.68549993050232,33.26977433044408],[126.68554837373033,33.269548652171416],[126.68601686818994,33.26943025676904],[126.68620380679997,33.269455883151906],[126.68640542929116,33.26965371327369],[126.68663986302951,33.26974862647182],[126.6873001573777,33.269690266283845],[126.68755497634872,33.26979380299585],[126.68898040105819,33.26985739987903],[126.68916100761066,33.269780679037886],[126.68961704084569,33.26975323556758],[126.68987543596005,33.26980818770522],[126.68992245477854,33.269982656729695],[126.69008892461473,33.270054527335155],[126.6906637035841,33.270124556567744],[126.69126567081842,33.269943282919364],[126.69121081245079,33.269749693182774],[126.69134391398401,33.270020043793195],[126.69115664759231,33.27010606340765],[126.6913040419339,33.27020879070382],[126.69138979196346,33.270165428294185],[126.69134689443067,33.27007900824017],[126.69148568187744,33.27004799765598],[126.69147501554188,33.26993649982508],[126.69161060546732,33.26990825446622],[126.69147395649328,33.26945874856307],[126.69124826297022,33.26945743031797],[126.69134754404736,33.269345018701586],[126.69158228769552,33.26941915514203],[126.69175898779356,33.269975790363155],[126.69231174077923,33.270062907098286],[126.69229741473508,33.270224360954614],[126.69264280799715,33.27021378212719],[126.69274679975304,33.27015258817844],[126.69269994721948,33.27001426831622],[126.69290372303794,33.27003650248237],[126.69304378393045,33.26987678742912],[126.69312891411522,33.270344317652516],[126.69330882675268,33.27046480763376],[126.69371733175254,33.270407221847854],[126.69404520019815,33.27054379344716],[126.69468331952083,33.270502488610724],[126.69554696706564,33.27067467165883],[126.69629575742175,33.270607905966294],[126.69657449657826,33.27068575842749],[126.69756803193857,33.270688179430294],[126.69818985649096,33.27093263944602],[126.69877861125303,33.27089976950738],[126.69919690654343,33.27096366280853],[126.69936976522249,33.27115986987069],[126.70044514512195,33.27160834947762],[126.70066172293504,33.27145778844188],[126.7008176030559,33.27164497384941],[126.70097186810095,33.27145619687311],[126.70112838387546,33.2717875386497],[126.7009768253594,33.27184972102096],[126.70097640156895,33.2719740521208],[126.70146722732275,33.27222389811946],[126.70166441204195,33.27227296136157],[126.7018503074394,33.272183373280775],[126.70199586236622,33.27236236063549],[126.70223399930238,33.27237579402027],[126.70243081031721,33.27253489677818],[126.70312791168942,33.27266375504057],[126.70335029807985,33.27280719714661],[126.70370839408781,33.272669153083285],[126.70385938728144,33.27268979376496],[126.70400318696602,33.27293022733739],[126.70428171470115,33.273075231365546],[126.70428129554405,33.273199563424185],[126.70452723819095,33.27316942254885],[126.70469208011401,33.273224834938006],[126.70482427915634,33.27337449101845],[126.70512172097219,33.273460944147814],[126.70556484344606,33.2737363842664],[126.70584906843297,33.27370561592846],[126.70636047198639,33.273914047794776],[126.70685203958638,33.27394950596365],[126.70732533080317,33.27385344130503],[126.70782818946472,33.27407470805173],[126.70807645843882,33.27411244774653],[126.70837953284571,33.27404170322498],[126.70877024949556,33.27421982998263],[126.70935526022474,33.274295513371],[126.70971689234271,33.274523586034],[126.7106947678714,33.27464448240718],[126.71110942750387,33.27478692968137],[126.71139173846221,33.274669097041254],[126.7115974793529,33.27494372949225],[126.71242947164498,33.275144952122076],[126.71263785601995,33.27537882183442],[126.712717023439,33.275362300467904],[126.71286704800251,33.27591091022574],[126.71336556239925,33.27623249141185],[126.71357635414238,33.27625807349316],[126.71354788466964,33.276088715663995],[126.71366601220954,33.276043319369876],[126.71375316391345,33.27614141438286],[126.71455215968938,33.276489161899974],[126.71502620141678,33.276525119337194],[126.71532271225497,33.27639582864537],[126.7155953149763,33.276409314276414],[126.71578386565535,33.276240395302146],[126.71610566277698,33.27616753125243],[126.71617375382172,33.275893296349786],[126.7163080137408,33.275939334825246],[126.71671338635865,33.2758016343089],[126.71686453074634,33.275887726558345],[126.71710791653118,33.27588951754251],[126.71727320130198,33.27599882470837],[126.71754696815695,33.2759138549838],[126.7173256435419,33.276036238246164],[126.71746180704119,33.27638641620546],[126.7176728052474,33.276378321432574],[126.71768586926042,33.27654841574539],[126.71787189940754,33.27652458298068],[126.71801533857604,33.27673494847295],[126.71830878616748,33.276717146586556],[126.71830736984296,33.27692425387286],[126.71912694169582,33.27708928515041],[126.71929597775448,33.276734270377105],[126.71933883525097,33.27611045609195],[126.71944956134939,33.27585752806146],[126.71955251140801,33.275786710000894],[126.72006404215954,33.275836914523026],[126.72004065412749,33.27606957017905],[126.71991010756547,33.27597352345496],[126.71962993049213,33.27594692306729],[126.7195631026073,33.27599942899701],[126.71940394910605,33.27632464853184],[126.71944580963742,33.27662877589047],[126.71922727913953,33.277258706237035],[126.71891622885454,33.27758628292874],[126.71869472611064,33.277638350350564],[126.71858063412725,33.277766933346925],[126.71862881168256,33.27790679705938],[126.71891556616137,33.2780284431278],[126.7190656142004,33.277899578812466],[126.71900051504876,33.278114923203425],[126.71922208206209,33.27821279993607],[126.71950810485919,33.27795810462202],[126.71923612331815,33.2777172914192],[126.7190121931555,33.277819572725996],[126.71897923679462,33.27768678057841],[126.71923972094035,33.27759711288416],[126.71966833137529,33.276760918024024],[126.71982200319553,33.276792392403046],[126.71970303094201,33.277052704758376],[126.7197430534598,33.27716526493406],[126.72018123003357,33.277068785772],[126.72004044246056,33.277296537786484],[126.720411825929,33.277454492289685],[126.72055650588538,33.27743160933458],[126.7206056828242,33.277229396958134],[126.72092409475663,33.27691298150817],[126.72100576205396,33.27673008338315],[126.72120404181842,33.27659643517765],[126.72161455045335,33.27675152664446],[126.72154496813184,33.27729711574115],[126.72171720398862,33.277446766645184],[126.72228276524616,33.2775018074928],[126.722422034228,33.277579289760396],[126.72278477865989,33.278008834058745],[126.72288212353847,33.278432068800804],[126.72306520883869,33.27864398602374],[126.72330290193675,33.27880457607467],[126.72365666126824,33.278848236592694],[126.72372087370347,33.27898843213113],[126.72394865790068,33.27905467766303],[126.72459249767694,33.27883316474974],[126.72477228258087,33.27901363085602],[126.72581224908217,33.27943322983385],[126.72652999094923,33.27951912904478],[126.72780525222211,33.27923610456164],[126.72844417334802,33.278830873127404],[126.72901848122811,33.27889487257113],[126.72920785627636,33.27903623392336],[126.72942213917126,33.279068141750464],[126.72973199136109,33.27900593334586],[126.73017418618329,33.27906405865689],[126.73087601642436,33.27879119049799],[126.73144441321924,33.2787524047664],[126.73171592248191,33.27898736551415],[126.73218229568404,33.280043058279986],[126.73223208315014,33.28045475010201],[126.7324784014139,33.28114125567312],[126.73285140137074,33.281576508459985],[126.73330690134064,33.28174040606981],[126.73355862366537,33.28177238620774],[126.73417878533348,33.281502181756366],[126.7346551810029,33.281508915864435],[126.73534731090545,33.281351045475475],[126.73567637549253,33.28112594461374],[126.73587674707815,33.28069477812999],[126.73605350040992,33.28076089351073],[126.73657388757047,33.280281814411794],[126.73664753532776,33.280120480321116],[126.73703431305616,33.27993837236075],[126.73736161038056,33.279964652704244],[126.73782647207177,33.27944160849235],[126.73771925567944,33.27930036263027],[126.73780797655881,33.279242764168416],[126.7387195376372,33.27991152372378],[126.73882372609187,33.27984836935765],[126.73892612540719,33.27995139015843],[126.73878553821606,33.28011568367554],[126.73899639849397,33.28042368624037],[126.73919543898154,33.2804289508382],[126.73921167593186,33.280965140469014],[126.7393747525185,33.281031247715376],[126.73962800799855,33.28138468624445],[126.73952656210425,33.280998322196346],[126.73966785985252,33.28097787131393],[126.73958493037178,33.280015304393174],[126.73940192825287,33.27958355132963],[126.73923825872583,33.2796062795789],[126.73907455834592,33.279441588034416],[126.73920170855814,33.27930966193223],[126.73909674661411,33.279132231555394],[126.73911791557597,33.278879321935044],[126.73895855982154,33.27868462768744],[126.73891371763781,33.27846362685078],[126.73911149838521,33.27800040742324],[126.73926117626986,33.277987330405765],[126.73974615951342,33.27816608150856],[126.73996450799159,33.27797503644153],[126.74007484057266,33.277724284421794],[126.7401782552191,33.2776932656882],[126.74093029348234,33.278463183462954],[126.74107923975217,33.278411491151196],[126.74121292068088,33.27852879879809],[126.74135695858709,33.27834401008847],[126.74147200527165,33.278462225662935],[126.74184167675108,33.27838124473227],[126.7420795546373,33.27849035215489],[126.74264563266047,33.27807993976737],[126.74289016667169,33.27824050637145],[126.74314432200268,33.278191903849766],[126.74318887855044,33.278492648830195],[126.74342655865658,33.27867034969602],[126.74373251272313,33.27877387742705],[126.74440258950455,33.27871147465092],[126.74532323525274,33.279400240702614],[126.7460655528767,33.280405719875525],[126.74570801368102,33.280487155830585],[126.74564949221845,33.28071855269515],[126.74574095582953,33.280861651679295],[126.74650623134714,33.28045038833004],[126.74653737934905,33.28020944376697],[126.74665732565106,33.28021017074969],[126.74663992846871,33.28054276896666],[126.74632995368052,33.28065993140241],[126.74591101924909,33.28106278278187],[126.74594430787639,33.28114646165218],[126.74640295678518,33.28140606700554],[126.74653737252562,33.2814063415608],[126.74690387029192,33.28117128420682],[126.74689770847309,33.28094832962918],[126.74707767955292,33.2810816038599],[126.74717348945136,33.28095628505482],[126.74726521175083,33.2809643529956],[126.74764841472432,33.28141574730243],[126.74744638216474,33.28185264699154],[126.74769965241752,33.28228693062562],[126.74827499584418,33.28200616139284],[126.7484553512751,33.28205210853752],[126.7482435065648,33.282157236030336],[126.7484453698304,33.28242647042106],[126.74848929454706,33.28277796866629],[126.74882241868063,33.28290797751027],[126.74906324767886,33.28273625524081],[126.7491058920593,33.28284781272965],[126.7490165064067,33.283164895442155],[126.74884589761092,33.283324611977534],[126.74893579413431,33.283423402710014],[126.74917066781194,33.283401010691925],[126.74923668877129,33.2835197608994],[126.74919113267802,33.2839798435803],[126.74989317527464,33.28481871876873],[126.7502492882956,33.284852958363054],[126.75157570479628,33.28444451909666],[126.75169540464006,33.28448500744868],[126.75168327926005,33.28469526203167],[126.7505594412566,33.284994772367256],[126.75039463911843,33.286007797046956],[126.75107765719034,33.286315410404924],[126.75102636822639,33.28655078672035],[126.7512881661543,33.286677619931815],[126.75071466977644,33.286904998585435],[126.75078026860812,33.287016508932616],[126.75070776488108,33.28710574345349],[126.75056744645768,33.28702180843014],[126.75039984654755,33.28703227256272],[126.74983755525493,33.28733095370915],[126.75072451005231,33.287820211683815],[126.75091288875952,33.28747933998962],[126.75083977506529,33.2871105601621],[126.75092243200211,33.28704466467481],[126.7510253670378,33.28729655087689],[126.75123190448643,33.28721789198083],[126.75117914291582,33.28710686870287],[126.75184770256344,33.28646889380662],[126.75164437685979,33.28610636946819],[126.75170719020004,33.286074220960614],[126.75196197442709,33.28635694954484],[126.75278042578809,33.28556461069677],[126.75231034643717,33.28446486548019],[126.7521538746381,33.284262091269085],[126.75221665944133,33.28417669746476],[126.75241198018871,33.28417776233067],[126.75301168533395,33.285598675339266],[126.75212609985462,33.28645852979546],[126.75222269597609,33.28669016205998],[126.75207284279959,33.286818679831974],[126.75234824366137,33.286850776266455],[126.75234200671304,33.28701796314154],[126.75181029454352,33.28718027785059],[126.75150912793991,33.287554124116525],[126.75165904382969,33.28755187175212],[126.75193682160116,33.28730187211856],[126.75227973250387,33.28721123869674],[126.75173526875696,33.287774502755276],[126.75168065379816,33.28804105103167],[126.75182851655806,33.2881005292363],[126.75200551569736,33.28794779505425],[126.75196081717581,33.28825399759922],[126.7518412483526,33.28837800527501],[126.75198652244366,33.28839683237551],[126.75182128737885,33.28846237580574],[126.7518756253811,33.28867327567526],[126.75216401985425,33.288599179424104],[126.75214931035757,33.28842148314749],[126.75204104564128,33.2883786197028],[126.75207514180303,33.28829122061001],[126.75220989347281,33.28825361130204],[126.75223112818736,33.28813972343535],[126.75245287786345,33.287969640649465],[126.75286674834743,33.28730615853325],[126.75316070248329,33.287191863866255],[126.75365027667104,33.28736432903361],[126.7539633691843,33.28736494955383],[126.75437641932662,33.28726789170288],[126.75451672753967,33.28695325913493],[126.7545726422495,33.286961820413616],[126.75445682098548,33.28726750270366],[126.75498441082026,33.287335525671985],[126.7552011132322,33.28773038807493],[126.75564925128654,33.28811998883871],[126.7559469646944,33.288144868055795],[126.75646634260792,33.288006548864125],[126.75692478372868,33.28836472539643],[126.75720087055797,33.28838649763803],[126.75715553783922,33.28860526725084],[126.75739022646304,33.288654315125925],[126.75778699094904,33.28916671146108],[126.75778632756008,33.28940680170848],[126.75767919333211,33.289605124655665],[126.75814430748001,33.28979335935844],[126.75829823068514,33.28951212334585],[126.75818668603743,33.28985203531434],[126.75861046676938,33.290108293149785],[126.75933034290061,33.29096167208872],[126.7596921945582,33.290956565361675],[126.75996959819095,33.2907996203054],[126.75995104092317,33.290691856617116],[126.76013955496363,33.290463306061255],[126.76026652440498,33.29047204422345],[126.7602744115734,33.29063013357344],[126.76045203438542,33.29063125195428],[126.76064848090964,33.29028384348853],[126.76070041696683,33.29030108413138],[126.76056989811029,33.290558085856645],[126.76061328806529,33.290693431379474],[126.75977229226531,33.291058837358584],[126.75996038613555,33.29125829787915],[126.76019057134809,33.291110513852985],[126.76017964291167,33.290945791392204],[126.76029636880779,33.291014162434124],[126.76065211627687,33.290883228468275],[126.76062706302056,33.29082126682808],[126.76089253169499,33.29070544867504],[126.76096790855331,33.29083278452307],[126.76086116486563,33.29097549102452],[126.76103721912415,33.29131310004232],[126.76100391882515,33.29166817091861],[126.76112486535122,33.29185193578318],[126.76190615404221,33.29185497353732],[126.76202721015991,33.291768028569045],[126.76200505665128,33.29168513356801],[126.76213043842954,33.29168686927693],[126.7620397496801,33.29153653599658],[126.76216384366295,33.291583935050724],[126.76220304098828,33.29149604210079],[126.76252621235385,33.29161749764113],[126.7626590383661,33.29158202310238],[126.76288008593285,33.29164532550789],[126.76320918842114,33.2913944298171],[126.76337361251198,33.291360520931036],[126.76370655272774,33.29144825269591],[126.76407960429958,33.2917076315571],[126.76431020213803,33.292016757396624],[126.7643096567236,33.292219690130736],[126.76411882267347,33.29231079174729],[126.76377875415601,33.29221010810819],[126.76362184464642,33.29234128761566],[126.76362072004297,33.29275858704214],[126.76377313345786,33.293033266306146],[126.76406522569943,33.29325676253329],[126.76425916812727,33.29334643512222],[126.76463180351172,33.29337377833262],[126.76449853071865,33.29349195893915],[126.76452210530076,33.29358489626979],[126.76473939916146,33.29378109583673],[126.76457064062609,33.29388796066462],[126.76440727591526,33.29388765047563],[126.76440565129795,33.29449216151163],[126.76458527384847,33.29477546663917],[126.76437054078379,33.294892247699835],[126.76451641427813,33.29506973391129],[126.76482623145304,33.29503316316095],[126.76496893972858,33.295122038189376],[126.76528672905663,33.29600032629708],[126.7651724765596,33.29608110997264],[126.76546457099931,33.29623625290446],[126.76546430290672,33.29633629008086],[126.76562380331671,33.29651094308435],[126.76571910263097,33.29651112286182],[126.76585625858591,33.29677662837533],[126.76602437029021,33.29681340683531],[126.7662227089809,33.29672476940828],[126.76661479762787,33.29673414895784],[126.76660599820147,33.29715240321963],[126.7671633147148,33.29734858159249],[126.76784912275114,33.297800285431414],[126.76768685080984,33.297963826095575],[126.76742538727518,33.29769297001387],[126.76731499815565,33.297791968340356],[126.76722441816983,33.297736014826704],[126.76730043877659,33.29765146637579],[126.76696542072075,33.29742945180012],[126.76643318417558,33.29722973064733],[126.76637892610911,33.297332461676795],[126.76646150712027,33.2974844639487],[126.76633982318761,33.29757039741965],[126.76628654950713,33.2978120927484],[126.76600171214476,33.29811517567307],[126.76599863762007,33.298434554118806],[126.76622077714293,33.298533474809496],[126.76631126880515,33.29829915005613],[126.76618447626939,33.29802208265208],[126.76640183799331,33.29784584481356],[126.76681496448005,33.298226851116475],[126.76672139311309,33.298304521939365],[126.76652280397943,33.29888610862346],[126.76654630224193,33.2990053932662],[126.76687324571832,33.29919956727269],[126.76707281037984,33.29921018620285],[126.76730869122234,33.29934860908599],[126.76750610187614,33.299287756453765],[126.76754880659799,33.299381432786355],[126.76785734741728,33.299425397969024],[126.76808383832498,33.29973986279355],[126.76838345732574,33.29996816010864],[126.76933361720535,33.300377427522896],[126.77007896007305,33.30059252116241],[126.77194664551708,33.30085934513374],[126.77249124402913,33.30126403263383],[126.77272362147436,33.30129825414396],[126.77288545998886,33.301516662271],[126.77317188835956,33.30159614051246],[126.77318987505211,33.301796140104045],[126.77393519016157,33.30226997981967],[126.7740868013904,33.30246089246129],[126.7740889243921,33.302734787425464],[126.77466676319092,33.303232891217014],[126.7746799856998,33.30380162748692],[126.77483527755066,33.30420361413664],[126.7752646163571,33.304972208124354],[126.77560105873104,33.3051234622436],[126.77557524120641,33.305318597011784],[126.77595129689615,33.30584398787545],[126.77594074944273,33.306518829541716],[126.77620165080918,33.30624166596397],[126.77632583247238,33.3062297527349],[126.77649902993582,33.30633397132306],[126.77654392651596,33.30645750693969],[126.77671795619432,33.30652294108183],[126.77663210989115,33.306679725036105],[126.77693313669944,33.30668092962648],[126.77714320274515,33.30689580742498],[126.77853068386285,33.307086470452774],[126.77869753433276,33.30707335855736],[126.77923501697691,33.306737251231084],[126.77993440115873,33.30654512155564],[126.78041982959034,33.306757944450915],[126.78065166133754,33.30667737936052],[126.78113579262437,33.30694058835033],[126.7812796013047,33.3069478936514],[126.78137653310047,33.30683060535163],[126.78134473152927,33.306480891064666],[126.78119340400131,33.306374391143144],[126.78128837663824,33.30621223954993],[126.78144596890348,33.306212617910035],[126.78173405387675,33.30637469708845],[126.78181580875997,33.30672058345768],[126.78211657737776,33.30642561468237],[126.78186815278099,33.30616387207207],[126.78188659183388,33.3060819927175],[126.78214078983834,33.30631136916008],[126.78256468629239,33.306410558538396],[126.78278686249692,33.30633735866438],[126.7828852210176,33.30611932156976],[126.78306935503568,33.30621576962726],[126.78336338013581,33.30617757540819],[126.78341827744875,33.30598576530206],[126.7837916374287,33.306039725847235],[126.78385934295625,33.3059011665246],[126.78468470342241,33.30609486339934],[126.78470203951473,33.30578107746021],[126.78481887010464,33.3056140078376],[126.78504810279813,33.30570773244592],[126.78512855108924,33.306014131128165],[126.78531011126653,33.30616420366057],[126.78562554760585,33.306230769640706],[126.78593888067128,33.30617667765109],[126.78639351142857,33.306034471641624],[126.78679842269308,33.30579884524052],[126.7870034262599,33.30543542560052],[126.78718583240642,33.30527660411894],[126.78714100955698,33.304558434631964],[126.78739240486007,33.30464479304773],[126.78739947085883,33.304474003063625],[126.78730483389855,33.304344425091955],[126.78768385422946,33.304345438443335],[126.7874412146116,33.30396748559645],[126.78754214156415,33.30384357227351],[126.78768569966267,33.30383411467565],[126.78781232877348,33.304006015574416],[126.78800769725021,33.30405819453117],[126.7878896347476,33.304369780373726],[126.78797708846051,33.304455897014755],[126.78818422215316,33.30453306713444],[126.78873170469659,33.30451309917561],[126.7890299984885,33.30432446348782],[126.78905526720031,33.303993739001776],[126.78925309464503,33.3040802742317],[126.78933354222777,33.30420393207096],[126.78952831403984,33.30407605659258],[126.78936907681701,33.30385660690518],[126.78903372799628,33.303890401999176],[126.78897889772826,33.30382903961132],[126.78857885134406,33.303816212255484],[126.78861850789457,33.3036595513328],[126.78917556980232,33.303748510724304],[126.78939719719261,33.30371829970068],[126.78943030532038,33.30364217007478],[126.78960658268224,33.303637446863874],[126.7896019046291,33.303514787914345],[126.78974978725313,33.30342135705743],[126.79009772908435,33.303796990164194],[126.79025628503004,33.303772696755466],[126.7904082866657,33.3038827334059],[126.79066908513833,33.303843204598145],[126.79113038749699,33.30334048070687],[126.79099494818131,33.30303781270119],[126.79140301739491,33.30308756481634],[126.79148628864208,33.30302661302341],[126.79146806914486,33.30311826707],[126.79158142753506,33.30315927455737],[126.79183122496421,33.302911790865814],[126.79186040626446,33.30275612263755],[126.7920223081549,33.30275094425599],[126.79211354981331,33.30303221461185],[126.79228971664652,33.30307239585717],[126.79240722480824,33.30327620048151],[126.79266652490351,33.30325137089723],[126.79272987246455,33.30340211360875],[126.79283275458657,33.30339082475581],[126.79309794336639,33.30359219403888],[126.79314853942992,33.30374868979534],[126.79333151872278,33.303799602939584],[126.7932562110869,33.30414494251805],[126.79351543291001,33.3046068820734],[126.79389322558272,33.30475267026647],[126.79419434629736,33.304699612719865],[126.79474563319235,33.304332053618324],[126.7948747377386,33.30439118320293],[126.79586018494297,33.30371120097903],[126.79668870425039,33.303484390711944],[126.79732705697573,33.303119335808006],[126.79783340889848,33.30300071394433],[126.79836354110023,33.302668373352034],[126.7983680064946,33.30288471366463],[126.7988126052475,33.30299663539406],[126.79852114281034,33.30299297992405],[126.79857630443288,33.30306323883038],[126.79895325804613,33.30311639209357],[126.79913592855448,33.30327909465917],[126.79939129750143,33.303136343588754],[126.80002964386489,33.30307653452968],[126.80007732783479,33.302860608860534],[126.80037757704635,33.302889738401234],[126.80066000510338,33.30307166205388],[126.80072060731229,33.303372552020505],[126.80084149683614,33.30335111512469],[126.80089174743573,33.302978462460864],[126.80121725560902,33.30309501182199],[126.80121163685727,33.30316948450435],[126.80108084550079,33.30318589893888],[126.80102837223095,33.3033653134963],[126.8010547448719,33.3034253289927],[126.80110552763895,33.303452058488524],[126.80121787813947,33.30335959381153],[126.8011426943727,33.3035919398082],[126.80120547136772,33.30367561385166],[126.80173730385134,33.30383242854269],[126.80200496142203,33.303491097344065],[126.80229441550226,33.303360600054184],[126.80236046390029,33.303581376451206],[126.80298230961205,33.30383752238533],[126.80281475436989,33.30300826364238],[126.80433505450071,33.30215598969667],[126.80443527423542,33.30223630627237],[126.80439880440481,33.3023380515026],[126.80432822505306,33.30230767049431],[126.8029698583562,33.30310039569863],[126.80308092563853,33.30373128982336],[126.80325168766022,33.303878569022494],[126.8032698961198,33.30403897140723],[126.80317424239725,33.30411009812927],[126.8032549282131,33.30418953491664],[126.80323669281475,33.30431428203877],[126.80337900868001,33.304464214786776],[126.80447761899964,33.30476625192665],[126.80485546510641,33.304963784639995],[126.80530236285455,33.305779534328764],[126.80555736836614,33.306085343812576],[126.80585606159707,33.30595417287375],[126.80585705833519,33.30586809381252],[126.80541306392567,33.30514337891088],[126.80515020506841,33.30486331964862],[126.80505190365204,33.3045489566321],[126.80510139200476,33.30449182589252],[126.80535984361805,33.30456456874343],[126.80562886680093,33.304427049434146],[126.80534024231119,33.30436772750769],[126.80532944307753,33.30404307891621],[126.80483612339106,33.30389349517596],[126.80571478923505,33.304085488245235],[126.80581199621916,33.303796361842195],[126.80591697608914,33.30387334940179],[126.80583026079765,33.30413031893295],[126.80597165160306,33.30418859468977],[126.80608008010039,33.30386277197572],[126.80589637316876,33.303746531369434],[126.80597907021678,33.30359822909743],[126.80587953973497,33.30353575131006],[126.80551144358382,33.30343925052377],[126.80540090291116,33.30365246656966],[126.80515475805267,33.30355320263558],[126.80524309336472,33.30322972974774],[126.80498418705976,33.30288439968134],[126.8046983426982,33.302866618414754],[126.80470110743205,33.302743720993256],[126.80514600241057,33.302804756227104],[126.80537024476482,33.30312322643615],[126.80568612303968,33.30306265862282],[126.80587158331363,33.30311776135849],[126.8059339824766,33.30301195555517],[126.80625434068058,33.30303164041211],[126.80649058343255,33.30293758054697],[126.8065341293841,33.302678976943774],[126.80682639633018,33.30278521780352],[126.8067785836759,33.3024982994979],[126.8066299826192,33.30233355586789],[126.80675449640597,33.30238627785439],[126.80689470885852,33.30228241912286],[126.80704194456935,33.30232268330323],[126.80708628352663,33.30222353011362],[126.80717198894021,33.302286605436905],[126.80716572629947,33.3020337192357],[126.8073512127211,33.30230073449314],[126.8076110890956,33.30233709702437],[126.80771534658237,33.30219756623742],[126.80782475012113,33.3022408910616],[126.80777915761458,33.30230072347469],[126.80801097862174,33.30224029207085],[126.80809474260771,33.3022986179153],[126.80813541132675,33.30224406154089],[126.80824593327462,33.30239433131249],[126.8081719700315,33.30251197178537],[126.80852909691978,33.30282018114783],[126.80886161419176,33.30234922946848],[126.80856297073854,33.30283802745461],[126.8088258892299,33.30291494422124],[126.80899605534648,33.303114033034745],[126.80920910430217,33.30319837988722],[126.809476460341,33.30313740369109],[126.80957905831981,33.30318655375461],[126.80992506543642,33.303463174478495],[126.80984559045913,33.30363502154278],[126.81000915934492,33.30378067855703],[126.81152089583516,33.30391113315813],[126.81055842084221,33.303902923141834],[126.81081808869091,33.30423832971322],[126.8109474481024,33.30427531431545],[126.81084627003486,33.30410028022089],[126.81092233464234,33.304026571135395],[126.81109416594191,33.304189758092726],[126.81105833257527,33.30445746003754],[126.81113699982909,33.3047943174368],[126.81143460279559,33.305447570773545],[126.8125070278914,33.30606638130937],[126.81288542571066,33.306204698468186],[126.81339854088384,33.30612191373112],[126.81375867586392,33.30616468022112],[126.81384022434443,33.3062638175358],[126.8142460860211,33.30638216834603],[126.81433681038082,33.305999754905976],[126.81432769958148,33.30636012997134],[126.81446875488176,33.30640426854045],[126.81456876627313,33.30633838223537],[126.81459819416006,33.306530099921424],[126.81494218283245,33.30656618956759],[126.81491995037092,33.306735304066365],[126.81507033781473,33.30679499462215],[126.81504389346638,33.306844876482046],[126.81487550294159,33.30680107851495],[126.81482740790204,33.30703368058478],[126.81457703625352,33.30694265048636],[126.81448015549314,33.306795746557306],[126.81436737099561,33.30687006244388],[126.81482509048202,33.30721901220015],[126.81504339340728,33.30695733464402],[126.81519610291093,33.306988268693054],[126.81515920686029,33.30746961135385],[126.81591125733989,33.30775253053668],[126.8164967422665,33.30782268304927],[126.81678486412727,33.307753874463465],[126.81687921096915,33.30770081902574],[126.81694114209819,33.307481699055785],[126.81735855980138,33.30732949134074],[126.81754691609297,33.307349344647776],[126.81741803441217,33.307180199676004],[126.81762567926323,33.30712659343313],[126.8178382333719,33.30687123820145],[126.81805663640662,33.3070520747254],[126.81821469973349,33.3070812305198],[126.81858896238663,33.30749895803893],[126.819451155563,33.30769405077094],[126.81986458600353,33.30762981867722],[126.82048426480833,33.30707930247285],[126.82046418787114,33.30684668879907],[126.82029987744522,33.306660847899295],[126.82056226086422,33.30654448676933],[126.82057906256176,33.30631782658914],[126.82084395923277,33.30637758424252],[126.82094220286213,33.30626807656193],[126.82114563574707,33.30629586384062],[126.82117561476123,33.306069643552654],[126.82134980785297,33.306106208356546],[126.8214843260956,33.30592463266032],[126.82163340535001,33.30586817975846],[126.82150643129042,33.30573547173772],[126.82178777278054,33.30570859924106],[126.8219280680963,33.30578051215186],[126.82247451944296,33.305416140159515],[126.82272439817616,33.30565316143024],[126.8229716387346,33.30556161054428],[126.8231301609314,33.305738827897315],[126.82313776025069,33.30590086640387],[126.823411468371,33.30595694055686],[126.82353253668059,33.30584534524964],[126.823800474065,33.30584217741989],[126.82393207174547,33.30592812137561],[126.8240686136917,33.30591860881864],[126.82406579729688,33.3060088173904],[126.82428600100417,33.30607862146257],[126.82454969552161,33.30605142396376],[126.82477977898002,33.305589918656544],[126.82508274043109,33.30565292638184],[126.82528317199,33.30558949886766],[126.82563718827481,33.306076451474176],[126.82632118949068,33.30633073217681],[126.82659024073743,33.30634704599664],[126.82659741372403,33.30623473657914],[126.82683284780359,33.30637316017864],[126.82744928634388,33.30644066424189],[126.82754447667763,33.30636262698778],[126.82782984876125,33.306399322545204],[126.82813977808367,33.30622547292041],[126.82913053435071,33.30630597257006],[126.82941868289696,33.30650879504017],[126.8296681493903,33.306883152019005],[126.82975634818682,33.306799823184114],[126.8301535449002,33.30699127742328],[126.83034824763969,33.30693651937116],[126.83048715091769,33.30714398105298],[126.83068514203872,33.3072340232989],[126.83053101074789,33.307365012973754],[126.83059085625956,33.30758810630547],[126.83071143131131,33.3076017730371],[126.83077471515307,33.307732865061276],[126.83088126269529,33.30822622667676],[126.83082710292953,33.30832488005383],[126.83099303867374,33.30849324117859],[126.83087658671438,33.30863969631861],[126.83098155053362,33.308889409554645],[126.83093596864363,33.308999377443584],[126.83123720480398,33.3092062330315],[126.83158077254392,33.30879708718004],[126.83180187779044,33.30863591937628],[126.83184074114412,33.30811134772332],[126.83180605858736,33.30861606517889],[126.8318879206537,33.30874439819954],[126.83161966229228,33.30881608167797],[126.83126979332202,33.30922381822158],[126.83145234318718,33.309250454358654],[126.83124296786438,33.30959460833488],[126.8314017843907,33.309777081565926],[126.83179557730492,33.30991804533884],[126.83195273802386,33.309614558178936],[126.83224703461866,33.30951283588304],[126.83240830667769,33.30987417415794],[126.83270369453679,33.30999165842423],[126.83286913298694,33.30960613721723],[126.83306431881346,33.309533910032776],[126.83307108530953,33.309785626221284],[126.83326811353562,33.30991665277005],[126.83309305097586,33.31001251973071],[126.83297914509792,33.30996558681021],[126.83301764711338,33.30985121644596],[126.83292991813785,33.3099223572692],[126.83292880302514,33.310267972041146],[126.8330880349278,33.310526457841355],[126.83375606160105,33.310677674949865],[126.83383488043549,33.310672996027634],[126.83379164936844,33.31058169880392],[126.8340420243183,33.310656833758756],[126.83412436308812,33.310911081738865],[126.83455975698011,33.31113149675156],[126.83467979252418,33.310946362941756],[126.83475873247315,33.31027438617442],[126.83474491028038,33.30989984099407],[126.83460641007957,33.30958382167281],[126.83466951139377,33.309531140057956],[126.83474146175226,33.30956619698096],[126.83469850542232,33.30969085896386],[126.83480903571343,33.310132176032084],[126.83472768517136,33.310939018495745],[126.83464844149809,33.31113282404641],[126.83469248662026,33.31120945210993],[126.83490208025529,33.31125265375871],[126.83514364496665,33.31158679097134],[126.83629526312357,33.311668984808385],[126.83662829434773,33.31179341029578],[126.8369505882613,33.31179352873763],[126.83702977716969,33.311889378662784],[126.83698509651909,33.31201660191254],[126.837179560011,33.312122158661765],[126.83741522698706,33.31211751136033],[126.8374287527413,33.31202351810299],[126.83759209401202,33.31206154112041],[126.83765943684521,33.31213368779956],[126.83757783434751,33.31219848041623],[126.83764106759676,33.31222255553206],[126.83792565812776,33.31206403698741],[126.83774854668356,33.312318455693216],[126.83774427658298,33.31250258421596],[126.83788668773651,33.312699386941716],[126.83836037005665,33.31301970894862],[126.83796736878551,33.3130288522206],[126.83790587376471,33.31340500971471],[126.83800562435385,33.31354437309842],[126.83821586885405,33.313507086421524],[126.83828400866,33.31374966751491],[126.83808487759346,33.313966544873146],[126.83811647958795,33.31410229528686],[126.83785752972842,33.31434412311173],[126.83770554320783,33.3143587060102],[126.83738802307582,33.314116125299314],[126.83716730643377,33.314086752462586],[126.83696182400233,33.31418115463694],[126.83691407161733,33.31435053653845],[126.83717669142956,33.31451841230571],[126.83768968788911,33.31462521620475],[126.83821925080746,33.31435600446151],[126.83808650031558,33.31480840459273],[126.83817000795229,33.31489551957337],[126.83844515167463,33.31487707128731],[126.8387097995059,33.314523698220825],[126.8389293717478,33.314519595609376],[126.83875056716047,33.314830790927424],[126.83881764878707,33.31551881291916],[126.83889802981126,33.3155268974687],[126.83907505267152,33.315338184278595],[126.83933586679353,33.315366986772275],[126.83939141415291,33.315570080643546],[126.83951612889362,33.3154871898934],[126.83972801912876,33.31554806251819],[126.84005944770851,33.3154267128993],[126.84019651146882,33.31582425814419],[126.83984659524549,33.31612073430908],[126.84016664987439,33.31630070128428],[126.84058564090041,33.31620200371604],[126.8408886111421,33.315973071945386],[126.8413738973368,33.31596759904549],[126.8413962970977,33.31576637684416],[126.84150702472131,33.31581455160711],[126.84165569626772,33.31572887321704],[126.84182881759637,33.3158178559268],[126.84177760484899,33.31590546337696],[126.84193507717897,33.315974020039604],[126.84222365575859,33.31591005901284],[126.84230604160855,33.31621418696486],[126.84243576421241,33.3161161035854],[126.8425428793892,33.31622488951538],[126.8423236559177,33.31644264051363],[126.84233246373562,33.31677973549602],[126.8428412778364,33.31731065109359],[126.84305948334465,33.31741232223126],[126.84300297197602,33.31746918833186],[126.84285385554962,33.317424233010726],[126.84282558242269,33.31802196378376],[126.84306705314995,33.318238629907746],[126.84342865045312,33.318265983236884],[126.84295752813647,33.3188717210547],[126.84316171108684,33.31896121975873],[126.8433218762663,33.319250912645906],[126.84349740809965,33.31924708246792],[126.84358387596991,33.31912416639933],[126.8436551448664,33.319154343057725],[126.84366374486683,33.31929066681674],[126.84379077909097,33.319314909006444],[126.84378599814394,33.31953986159243],[126.843940458701,33.31957111878516],[126.84410053348256,33.319744283163054],[126.8445788900973,33.31987752635242],[126.84470189481472,33.31987215008625],[126.8448369150593,33.31975491187223],[126.84493220203406,33.31982787032666],[126.84515309954962,33.31980159432825],[126.8453911342396,33.31987701311629],[126.84536734441166,33.320001391799615],[126.84565535074317,33.320079013527504],[126.84563932852346,33.320261653395114],[126.8458017441447,33.32034069585291],[126.84586160643292,33.32066177969518],[126.84600408642682,33.32079371564439],[126.84627236659355,33.320696755450655],[126.84648104681678,33.32072307962186],[126.84721905300798,33.320388111997744],[126.84738751944333,33.32016307305577],[126.8472648032101,33.32039951153213],[126.84748967961075,33.32055924890871],[126.84735023222136,33.32073123784925],[126.84795305814471,33.32065288436406],[126.84742493591831,33.32076233236777],[126.8475039562827,33.32076389292724],[126.8475384937827,33.32089220337395],[126.84794718069537,33.32092074881932],[126.8476493431938,33.32116949482156],[126.84801458597818,33.32129475361976],[126.84781379448897,33.321462517381576],[126.84762013684902,33.32143723762917],[126.84745011388041,33.32185963002411],[126.84767107521706,33.32204226820496],[126.84773585215311,33.32230796633743],[126.84766118882604,33.322330097330116],[126.84755288218858,33.32222451064877],[126.8474884615889,33.32254180111898],[126.84724583033832,33.32268311130441],[126.84709553683601,33.32267536913235],[126.84690307268164,33.32282017223744],[126.84695622427809,33.323198045943855],[126.84740117904579,33.32353622009698],[126.84727970130699,33.32381700926333],[126.84706911597237,33.323910275459816],[126.84726956119647,33.32409282994221],[126.84733421482186,33.32441602526659],[126.8475009383382,33.32441174275325],[126.8475869470347,33.32455210135775],[126.84849132579829,33.32418681379917],[126.84759744246202,33.324584312517125],[126.847696674531,33.324728954481536],[126.84769237476547,33.32502196666131],[126.84796232493822,33.325117171361235],[126.84769849287812,33.3250556538944],[126.84770313614845,33.32525267785685],[126.84737518431892,33.325162718595244],[126.84693745817373,33.32528609648066],[126.8469343659063,33.32546859689802],[126.84700682680645,33.32549235229922],[126.84694132611587,33.32770417143209],[126.84681126990519,33.32782557514444],[126.84663009028142,33.32779954130774],[126.8465880819682,33.32768793735899],[126.8467148441207,33.32759646907083],[126.84674799650752,33.32559012486349],[126.84562346563084,33.32536801368417],[126.84555574232836,33.32538061908529],[126.84560401846204,33.32556223644517],[126.84552271330509,33.32557986999979],[126.845433590565,33.325400933600505],[126.84480551880621,33.325499495190954],[126.84467493476531,33.325827245938214],[126.84495624168093,33.32610324689529],[126.84515522497895,33.32600831409645],[126.84586855402746,33.326504088206505],[126.84562204992353,33.32724791378398],[126.84582151943897,33.327443448309246],[126.84578355797706,33.32747987455328],[126.84533144016285,33.327040017031536],[126.84515684456923,33.32667558786202],[126.84480593973271,33.32664283885153],[126.8445391860105,33.32669456104488],[126.84450602924345,33.32678321358471],[126.84417321508316,33.32682094232499],[126.84412565932392,33.326594537493634],[126.84378480092504,33.32633047513348],[126.8438465882195,33.32620687848618],[126.8441297979049,33.326025786245864],[126.84382416652758,33.32585905722246],[126.84373245747554,33.326020829386124],[126.84338000876978,33.3260138509324],[126.84328311281865,33.326074317086686],[126.84318606687704,33.3260072550823],[126.8431743205712,33.325827056660955],[126.84309558994357,33.325809770860566],[126.84268716963648,33.32593495008282],[126.84259812146412,33.32613784441237],[126.84244616387521,33.32600461427089],[126.84145779882456,33.32600250836555],[126.84134431033364,33.32610581504192],[126.84113597763522,33.326002564307096],[126.84048278312397,33.326003603412545],[126.8400300262402,33.32615275265673],[126.83925592180523,33.32583158727364],[126.83803085240402,33.32577520431054],[126.83707390081436,33.32662784408469],[126.83696154987393,33.326862328438445],[126.83666393857,33.32780196742842],[126.83679025745509,33.32920853457058],[126.83717992147761,33.32949236064348],[126.83769755148882,33.32969060925968],[126.83843260947968,33.32960025015688],[126.83875622202306,33.329697914513666],[126.83911457753345,33.32967428429759],[126.83932614781837,33.32972338535118],[126.83954153063728,33.329919576390125],[126.84003375740637,33.33012451082612],[126.84066723846439,33.3298030499276],[126.84136412569669,33.33006003178218],[126.84244013442057,33.32987757700263],[126.84224578953145,33.330240196460444],[126.84222690752682,33.33049659490341],[126.84268691133872,33.33184447025539],[126.84299652167167,33.33220131061965],[126.84354510247051,33.33237971924459],[126.84383800907928,33.332997620840956],[126.84426131362395,33.33329525286546],[126.84512406113149,33.33367839669139],[126.84588243793027,33.334138206753245],[126.84687832865951,33.333286790827295],[126.84641837259124,33.33377832947622],[126.84591877911828,33.33415995060855],[126.8463667153694,33.334217104897824],[126.84626748840519,33.33448984857601],[126.84687468347164,33.33532406555684],[126.84702654927014,33.335343320971084],[126.84720115504675,33.33556014234441],[126.8473756833208,33.3356137009461],[126.8474051089334,33.33574074229886],[126.84766965814377,33.335654540317336],[126.84762828927772,33.33583055091498],[126.84775306487731,33.335961373417604],[126.84796265870489,33.3360277915656],[126.8481070845449,33.33560696816141],[126.84837131928127,33.33548738036655],[126.8484114302725,33.33553016629431],[126.84819494411644,33.33566615806633],[126.84859267788505,33.3358329481545],[126.84819975512892,33.33570781354646],[126.84813215654012,33.33605693625271],[126.84865808598508,33.336157268282385],[126.84883477944202,33.33599868662275],[126.84884624473176,33.33588086160084],[126.84868540670645,33.335854176058604],[126.8488498265638,33.33583705385846],[126.84863374723912,33.33545510274738],[126.84852952425747,33.33549077997754],[126.84847786639416,33.33539095994097],[126.84877324460474,33.33534180590262],[126.84899440650011,33.335849617580536],[126.84898681527228,33.336069836948376],[126.84920960408817,33.33629022007866],[126.84921505085885,33.33678772333247],[126.84939893986903,33.336751265068884],[126.84961789846584,33.33709049565847],[126.84967842390921,33.3369397116773],[126.84998386949404,33.336823784478426],[126.85007441319645,33.33650960933801],[126.8502453947261,33.33646202146271],[126.85040682482322,33.33653278625949],[126.85059250813534,33.336412234501026],[126.85052180144413,33.33669979213098],[126.85058627655854,33.33702360037087],[126.85041351640056,33.3372285904695],[126.850512047108,33.33741015824622],[126.85090061315366,33.33756493387634],[126.85109376419419,33.33773591862252],[126.85178516357904,33.337628431207136],[126.85170428216905,33.33780377061479],[126.85180018754318,33.3379013804248],[126.85172683641024,33.33797519959981],[126.85176315972262,33.338058079603435],[126.85189355523009,33.338169576523434],[126.8521751196919,33.33816094076296],[126.85233113383019,33.33862419587478],[126.85271307284403,33.338857431183044],[126.85296205523194,33.33881707398198],[126.85337853063527,33.33913698207792],[126.8536337727204,33.33918117843094],[126.85392781856478,33.338959017284516],[126.8541122537731,33.33922131573827],[126.85461901329616,33.33924393405696],[126.85498766233513,33.33906312802655],[126.8551241526171,33.33884254760083],[126.85526841430205,33.33876741508145],[126.85536784841858,33.33850705651989],[126.85554531710598,33.33855782195524],[126.85586408407922,33.338454787112646],[126.85597051998411,33.338151523555844],[126.85609929744608,33.33839881582541],[126.8559568965655,33.3386990121077],[126.85601918008481,33.33894827947041],[126.85567187318841,33.33925160689764],[126.85569125174592,33.33960586070281],[126.85637328684886,33.339874701324334],[126.85696490450573,33.33998250395386],[126.85843399475907,33.34088093179732],[126.85827729977838,33.341087826018395],[126.85805215020982,33.34099725057908],[126.85784255473926,33.34120715304374],[126.85776918180923,33.341134774226006],[126.85803614514086,33.34087508227252],[126.85790039494265,33.34084542469524],[126.85772373577741,33.34065106211187],[126.85694243924561,33.34014901048768],[126.8568676791332,33.34016850179846],[126.85677906282362,33.340420016036774],[126.85671308055569,33.340403447023924],[126.85680915433326,33.340119389743975],[126.85636561443779,33.34003361499492],[126.85603930385115,33.34017521067186],[126.85595612375245,33.340079992673495],[126.8560667054795,33.34000942081398],[126.8557858112507,33.3398378091735],[126.8557083532524,33.33993823992566],[126.85542210843715,33.33999740282028],[126.85558581131478,33.3398141385733],[126.85554073467726,33.33965943041213],[126.85528262169393,33.339693607495235],[126.85516224307153,33.339886317089686],[126.8552703883104,33.34013931439085],[126.8554046454782,33.34022812250375],[126.85583557850109,33.34023080033206],[126.85583128326596,33.340303498137416],[126.85647813487026,33.34048428890576],[126.8566257496016,33.34135383424192],[126.85716013522045,33.34129297226582],[126.8571675968687,33.341347443613174],[126.85663153475214,33.3414318030593],[126.85688836306058,33.34149920314432],[126.85682875959519,33.34180282261125],[126.85699150310867,33.34195004802048],[126.85688081233876,33.34203916451674],[126.85705409546634,33.342074924500125],[126.85703663530285,33.34214302811319],[126.8571400449938,33.34217858585929],[126.8570616581789,33.34224505901704],[126.85714149465296,33.34230641089704],[126.85702812532625,33.34241135848007],[126.85706446040528,33.342530999291384],[126.8574238955196,33.34290581506473],[126.8588688256959,33.34178783272797],[126.85890909857649,33.341520555473124],[126.85882196715673,33.341472977054224],[126.85889791551469,33.34120078335043],[126.85926700165089,33.34121160309492],[126.85919260746188,33.341907207613765],[126.85854893957463,33.342449207761554],[126.85792936429172,33.34283484704295],[126.85785444611207,33.342809557325666],[126.85749726110465,33.343093198236595],[126.85761800500066,33.343138106647146],[126.85766932673728,33.343253681164796],[126.85782514808113,33.34326887966231],[126.85782252460467,33.34351912090723],[126.85796247549278,33.34365507347129],[126.85825365956651,33.34366160605748],[126.8585423375648,33.34337310926047],[126.85876336540913,33.34351303342312],[126.85880477482004,33.34371650423825],[126.85902489837918,33.34369547655591],[126.8589322557389,33.34383171107064],[126.85902070162908,33.34397302212678],[126.85890706148167,33.34392062394164],[126.85880314084694,33.34396510362516],[126.85886265358167,33.3440934141997],[126.85874928427339,33.34417075506515],[126.85871903556799,33.34432829037403],[126.85882025598538,33.344458016841294],[126.85846907700802,33.34460928927071],[126.85838831958364,33.34486563180734],[126.85847715539906,33.34505241421143],[126.85839665312977,33.34523010037397],[126.85862217352566,33.345684969120384],[126.85875458507088,33.345745690417644],[126.85878897407893,33.34595392608205],[126.85906323139045,33.34586964615958],[126.85912613783076,33.34591839371266],[126.85911870900462,33.346013692186624],[126.85896175113575,33.34613924918874],[126.85918697439523,33.34637250072784],[126.85916713838284,33.346532356460045],[126.85939991074754,33.34668238887838],[126.85958478314885,33.346623111882266],[126.85970950104246,33.34714058636547],[126.85998399813015,33.34732386097318],[126.86063648115189,33.34756525963619],[126.86110787152424,33.34768319408807],[126.86174315865398,33.34753195427833],[126.86226619908211,33.347785922602306],[126.86292532989613,33.34769640971771],[126.86309720548348,33.347902568694714],[126.86299849391114,33.34803965084632],[126.86355585271639,33.34820532415865],[126.86374588683022,33.34873710351625],[126.86385045218834,33.348674315869054],[126.86413752895649,33.348677578378606],[126.86402265668798,33.348843632679134],[126.86394294642253,33.349357705265774],[126.86407514239654,33.34981505168167],[126.86438425324772,33.35014415307176],[126.86459604873129,33.35017711874373],[126.86469210956993,33.350400526354626],[126.8652446404071,33.351059361829506],[126.86552446773638,33.35135028564885],[126.86570745344186,33.35142259476253],[126.86571993715717,33.35157292225563],[126.86600976373033,33.35191130873404],[126.86614209394028,33.35194403651574],[126.8661480053836,33.35202495488992],[126.86641684669625,33.352238821690115],[126.86669187876959,33.35222383330445],[126.86700121614446,33.35252341975197],[126.86715357416006,33.35252427119975],[126.86737458789817,33.3533032725015],[126.86746379453112,33.353250161079764],[126.86761161788793,33.35331320188683],[126.86753660183881,33.353413355503406],[126.86779762432282,33.353429343469806],[126.86781432324474,33.35378314474341],[126.86834225703302,33.354637242743216],[126.86859116323757,33.355272736757414],[126.86878746415563,33.35538767096579],[126.868786673071,33.355465997143966],[126.86862843487957,33.355478872723985],[126.86857295172933,33.355560211152266],[126.86846219257009,33.35729335307458],[126.86815576146032,33.35804460307166],[126.86790773955804,33.35840009449192],[126.86779432669562,33.35881850636697],[126.86792402493666,33.35902772690293],[126.86784535590246,33.35906757201843],[126.86769248281925,33.35948830833077],[126.86796616907385,33.359671993216175],[126.86793459897126,33.35975167794512],[126.8677338689946,33.359788751257426],[126.8676545408072,33.36009023541987],[126.8673167105929,33.36070268756804],[126.86723101963335,33.36148986976968],[126.8673073406009,33.36190374401323],[126.86741948075014,33.36198538389592],[126.86774605229515,33.361857108714624],[126.8679362963504,33.36167909354634],[126.86869822545101,33.36156456844337],[126.86882653572603,33.36145354237799],[126.86899822435353,33.36144727783384],[126.86905036595265,33.36170372934019],[126.86912676068553,33.36173040978555],[126.8686269489412,33.36180363492509],[126.86846675685412,33.36198273124128],[126.86815967861163,33.36195529333987],[126.86814674150787,33.36221555579598],[126.86801044537589,33.36213919636832],[126.86794627252033,33.36222125773511],[126.86791107972394,33.36247836452602],[126.86845003786422,33.36313235547921],[126.86839734369106,33.363168396855116],[126.86791665112212,33.36257004499537],[126.86750758539662,33.36242827827012],[126.86731116100148,33.36283256293561],[126.8675408325965,33.36285004152895],[126.86781135299508,33.362609762588555],[126.86797555585906,33.36290107408035],[126.86787323556243,33.3629860213984],[126.86740045763024,33.36293444733721],[126.86740722220405,33.363242029622825],[126.86777282265035,33.36345283981452],[126.86772655305107,33.363537415785885],[126.86743181210083,33.36339104919526],[126.86726248498951,33.36341058514478],[126.86723462214344,33.36376902220149],[126.86734704805448,33.36407230389486],[126.86767882015056,33.364199356147886],[126.8676699300518,33.36438015356601],[126.86782688181196,33.364660822978],[126.8681165115966,33.3645107613216],[126.86827822099303,33.364628921539925],[126.86828218539888,33.36481051138751],[126.86841230996562,33.364825959316974],[126.8686149198787,33.36472319648452],[126.86858014411793,33.364889945026924],[126.86875365755678,33.364932451176344],[126.86876627645219,33.36504385997124],[126.86898782839403,33.36512008639425],[126.86886026902026,33.36534642239547],[126.86917903058927,33.365356455991126],[126.86970950388975,33.365122929746505],[126.869696094695,33.36539450679435],[126.87009284526202,33.365551804226726],[126.87010047214724,33.365739104886515],[126.87045060738294,33.365940229160515],[126.87047730650573,33.36616182352982],[126.87038555365828,33.36630940734786],[126.87048973807056,33.36641509554003],[126.87091606173091,33.3664283858769],[126.87120063803137,33.36604624793618],[126.87147077114696,33.36602562417989],[126.8717806073081,33.36588758565768],[126.87205219370412,33.365944684738814],[126.87242306650731,33.365819237150724],[126.87252159099377,33.3658511370069],[126.8724747121603,33.366017438542094],[126.87182330406851,33.366505173800455],[126.87154686131036,33.36704825549687],[126.87196894113795,33.367668801579754],[126.87225557470043,33.36777575298478],[126.87240583476368,33.3681195120402],[126.8726407500996,33.36822741423585],[126.87271282399527,33.36852817445928],[126.87288945443194,33.368553292653345],[126.87272974168192,33.368833256860356],[126.8726602610181,33.36925754802596],[126.87272148580107,33.36943285079719],[126.87261209398953,33.36968573327583],[126.87264735683503,33.36987460657723],[126.87278337410095,33.37001288105597],[126.87264220168781,33.37005965062619],[126.87255953755874,33.37020133614989],[126.87256887027588,33.370430754202296],[126.87224934458199,33.370728896151],[126.87219990367034,33.37085080070783],[126.87230474884782,33.370913283083155],[126.87227287374584,33.37098390701702],[126.87218328982517,33.37104699273348],[126.8720002743383,33.37101607316184],[126.87178252081532,33.371274858320284],[126.87185900223264,33.37153394257471],[126.8717061935025,33.37135610593988],[126.87174520820804,33.3710943672104],[126.87134833867056,33.37106926781801],[126.87175055505706,33.37099957366928],[126.87168995744493,33.37085917237297],[126.87114607424867,33.37095955509632],[126.87132728615562,33.37126654213508],[126.87158723681793,33.37126598405089],[126.87152595508765,33.37138471029565],[126.87122292981893,33.371368042676266],[126.87103995176011,33.37107556182284],[126.87090951394686,33.371001319693434],[126.87037257690704,33.37087858783617],[126.86998554476405,33.370933125848154],[126.87013281322474,33.370995649459005],[126.87050089216929,33.370968188299784],[126.87085611990396,33.37107939986266],[126.87090788734567,33.37120115563632],[126.8707048975652,33.37179384434622],[126.87078497663475,33.371972563688004],[126.87142718348005,33.37232913924011],[126.87153645306908,33.37254624007639],[126.87196676816627,33.37266498928483],[126.8725799556176,33.37248118271543],[126.87287595995292,33.37248466457536],[126.87287936785958,33.37224241111402],[126.87299036548022,33.37211352578459],[126.87325762368422,33.372194599857835],[126.8734975545744,33.37272137811803],[126.87338898187934,33.37289572239871],[126.87346200182334,33.37300706389189],[126.87375562615192,33.373147453129555],[126.87364698225687,33.37333397646033],[126.87389449420382,33.37348204470281],[126.87440883250665,33.37340587489396],[126.87458907825416,33.37347959584058],[126.8745746918175,33.373564554044066],[126.8742568038879,33.37355989256593],[126.87424921846834,33.37368992178739],[126.87474552573458,33.374278090141466],[126.87508767651987,33.37444972560776],[126.87518848898578,33.3743103216132],[126.8752605364194,33.37431668679498],[126.87524477663199,33.374504789253336],[126.87547649087978,33.374855439417225],[126.87569860136875,33.37482046827947],[126.87615040100445,33.37502529425162],[126.87623857102069,33.375237867102236],[126.87643527121561,33.375391119199826],[126.87662502928345,33.375457607958985],[126.8766177860232,33.37530943693512],[126.87667031034876,33.375324296250724],[126.87667136811703,33.37546264902043],[126.8768621007109,33.37565498225958],[126.87719963775098,33.37574450661007],[126.87749509820954,33.37601107533694],[126.8777587002896,33.376106026086376],[126.8778823295913,33.37641683321924],[126.8786210100815,33.37687674830582],[126.87834778337171,33.37721798058449],[126.87845017315688,33.3773477345554],[126.8799815323279,33.37843340008965],[126.88051988538076,33.37870863749072],[126.88095290063652,33.37922994453433],[126.88146914862602,33.37950406731152],[126.88129000458987,33.37969104319722],[126.8812594302992,33.379877140488816],[126.88143814893407,33.3801592295638],[126.88141141618163,33.38066416873849],[126.88111723704102,33.38119064385921],[126.88106399187488,33.381480416723676],[126.88124233867985,33.38184207882284],[126.88223335162533,33.38192796540989],[126.88221776074322,33.3820247485573],[126.8817408403254,33.381979260080115],[126.88167401234844,33.38217960188448],[126.88157935807085,33.38217883355954],[126.88159199707889,33.381959536794405],[126.88118340464784,33.381993036734976],[126.88110533750893,33.38220774996368],[126.88090191961682,33.38224542873104],[126.88082973224635,33.382144210414346],[126.880994112468,33.382034463380656],[126.88093916334178,33.38178064705662],[126.88056047401615,33.381791497919686],[126.88046668773363,33.382104394675814],[126.88067720214163,33.38214256459314],[126.88047071234895,33.38214556494941],[126.88048952613256,33.38226907513453],[126.88040496369814,33.382245901955855],[126.88048573309791,33.382694772939224],[126.88155905738583,33.382879124389035],[126.88173273815664,33.382985504719414],[126.88164771459951,33.38321703134136],[126.88199473794484,33.38329019417445],[126.88229797760533,33.3830909857348],[126.88256636025383,33.38220530696764],[126.88264761419104,33.38221461260177],[126.88267359634887,33.38249427143071],[126.88252104252854,33.382965721867755],[126.88270451502727,33.383150419063874],[126.88272789029358,33.383635948378604],[126.88291393699043,33.383771700501164],[126.88295291404278,33.38392738339567],[126.88339781346423,33.38379293647923],[126.88360077879557,33.3835761299849],[126.88362640917656,33.383699968491946],[126.88350096954973,33.38391664059892],[126.8838150659993,33.3839085322427],[126.88401878313097,33.38374173985039],[126.88423582167735,33.38386500913618],[126.88420417544222,33.38395187787309],[126.88373373493444,33.384186816453756],[126.88379066491657,33.38434041900916],[126.8841150059133,33.38449880419763],[126.88450132531098,33.38442201095327],[126.8845615136597,33.38448691961715],[126.8844839868386,33.3846547897347],[126.88470891943878,33.38461755364064],[126.88516723472313,33.384803972013074],[126.88552015591584,33.384785597953666],[126.88541245433393,33.38463502701769],[126.88550354303193,33.38455447378779],[126.88573131799834,33.38488839529165],[126.88610275033517,33.384982147422306],[126.88625346272347,33.38493366915413],[126.88621877947118,33.38474821853297],[126.88631474128852,33.384518292421305],[126.88638107057172,33.38458895622601],[126.886361398536,33.38511543485684],[126.88646480074284,33.38509271964686],[126.88663203861678,33.38473520780518],[126.88689697573908,33.384731056362774],[126.88718523298836,33.384929014671926],[126.8872101553687,33.3852576898014],[126.88737959737887,33.385134936822716],[126.88786124159749,33.3851092884344],[126.88800095388684,33.38495623448838],[126.88801432483099,33.38453571124845],[126.88813108948133,33.38456111072652],[126.88823698592829,33.38461546902142],[126.88812627254408,33.38478677399387],[126.88827632507108,33.385023754514656],[126.88811804546202,33.38512029593685],[126.88809592912072,33.385289027773695],[126.88821359613941,33.38519049761089],[126.88850890342636,33.385333010667125],[126.88889002352632,33.385264796395504],[126.88892513149636,33.3853279811893],[126.88882195260288,33.38543683867667],[126.88902720147617,33.38563246997149],[126.88932447943643,33.38557994433152],[126.88934889107739,33.38550518089299],[126.88950073661451,33.385551347076856],[126.88942665284151,33.38585234330781],[126.88952769486431,33.38605549755757],[126.88971427261828,33.38614196618969],[126.88984466860998,33.38611335940699],[126.88988284554353,33.38621218378677],[126.88989297121033,33.38636167955292],[126.88971236983802,33.38658494074832],[126.88972122733144,33.38683849858255],[126.89030267243638,33.3871814597996],[126.89053792666446,33.38709845056344],[126.89080403239205,33.38741225868774],[126.89109063567851,33.38741987156306],[126.89139359936507,33.38756583558443],[126.89214701025708,33.38758042178105],[126.89443759301311,33.38844293299384],[126.8947457933841,33.38847612053266],[126.89484435423057,33.38824974252137],[126.89499752537444,33.38850207431459],[126.89531429809038,33.3885895498028],[126.89556300013862,33.38855918724204],[126.89574711214776,33.38840926409664],[126.89597933664342,33.38844972817502],[126.89597046947327,33.38832240922672],[126.89613912215695,33.38837979105109],[126.89622648977186,33.388562299605496],[126.89666557437738,33.38853005037555],[126.89671602039024,33.38847246273043],[126.89663219786647,33.38831920702818],[126.89681671000166,33.38816425307851],[126.89699352038477,33.388193610660174],[126.8969972184908,33.38809822904796],[126.89729315989211,33.38813959552845],[126.89751168515595,33.38831662928536],[126.89771578950165,33.3883591390568],[126.8982402777097,33.388360857961125],[126.89838456308519,33.38844175269297],[126.89848511278203,33.388386857820144],[126.89858212646973,33.388497094916914],[126.89886062251624,33.38859567475579],[126.89882551288765,33.388832808100055],[126.89900846347365,33.38901906173459],[126.89932937806171,33.389141771369246],[126.8995235391446,33.38913117847321],[126.90076810766664,33.38987585280139],[126.90133497450287,33.389863998462076],[126.90213038428558,33.39049966785418],[126.90357410544117,33.390766877460436],[126.90356614030821,33.39067601975545],[126.9036894948945,33.390625684164924],[126.90383347962147,33.390334050119904],[126.90394140102521,33.39027519867335],[126.90408210367059,33.39036979836185],[126.90480390164491,33.39052881180563],[126.90483578590829,33.39079328461927],[126.90510245400824,33.391014645481945],[126.90525696842133,33.39098465442509],[126.90550647236694,33.391152911245115],[126.90573898572886,33.391083950536526],[126.90587857486396,33.39132879165574],[126.90628176118274,33.39145999307048],[126.90629588439928,33.39184414300431],[126.90606521528163,33.391886119655084],[126.90628182522114,33.392080957041365],[126.90616616801107,33.39234233062053],[126.90638852115758,33.392666705258236],[126.90616483994542,33.39265731631808],[126.90602648792697,33.393047753751844],[126.9060272637085,33.3933126112442],[126.90620231456639,33.3936552120912],[126.9064277087148,33.39368838126769],[126.90646525286797,33.3938286417663],[126.90669246652166,33.39402154210549],[126.906739271215,33.39413667034296],[126.90667839204991,33.39418869846013],[126.90691374348934,33.39425402870328],[126.90697434361942,33.39435025723919],[126.906887616551,33.394392555142915],[126.90697012888978,33.3944610349366],[126.90690355555687,33.39458152638554],[126.90674164179772,33.39466246833227],[126.90666659576159,33.3949538795925],[126.9065607268228,33.39501565558862],[126.90656808528863,33.39553105519202],[126.90635654421676,33.39571919547959],[126.90645827899445,33.395949046329754],[126.90632815405401,33.39621441490563],[126.90651321499394,33.39644599740785],[126.90637157692684,33.39664215307972],[126.90651137072005,33.39671810572424],[126.90651301836913,33.39684714544117],[126.90665550502975,33.39683182062299],[126.90674284594171,33.396901329328735],[126.90650138760624,33.39705030433159],[126.90652311389745,33.397353740416136],[126.90665472266538,33.3976271543303],[126.90697707471098,33.39792362745336],[126.90712559153366,33.397835579662406],[126.90729086322385,33.3979639434368],[126.9071542664146,33.398062569746294],[126.90686348574106,33.39800584578448],[126.90668812453897,33.398087832710544],[126.9065335490799,33.39828953593712],[126.9065469462268,33.39842039424553],[126.90626074258168,33.39831099099475],[126.90576225277817,33.398625799157294],[126.9055396892284,33.39900529469409],[126.90491325107284,33.399349939239],[126.90493478610885,33.39977944516743],[126.90467334068842,33.39983215089458],[126.90443930868908,33.40018463332432],[126.90470513711196,33.40028744439577],[126.90449670990684,33.40056082424757],[126.90423176448154,33.40072041616751],[126.90425372861357,33.40091215661452],[126.90412358476995,33.40105862609052],[126.90430326112202,33.40117283453986],[126.90439531673293,33.40142436593497],[126.90457462435974,33.40159310924516],[126.90534183406955,33.40186364867946],[126.90550545858686,33.40198747814478],[126.90585885865173,33.40266582586095],[126.90565233629445,33.402702874252384],[126.90550563993239,33.40224175331414],[126.90527053059789,33.40192971195656],[126.9050742846561,33.401872588089795],[126.90487038182917,33.40195892724921],[126.90425626686005,33.401677261967606],[126.9041992586834,33.401745511964705],[126.90442871008331,33.40195484993856],[126.90408483139005,33.40219782852585],[126.90324314420995,33.40167435540865],[126.90339887497996,33.40146909207253],[126.90321224671685,33.40134093344589],[126.90278422910798,33.401762456229115],[126.90274986087667,33.40193640788028],[126.90296936370045,33.40204725170545],[126.90336442596166,33.4018509417161],[126.90346228110538,33.40209476644072],[126.90417006027744,33.402443474444716],[126.90458074392295,33.40251763691959],[126.90489040649817,33.40239138689998],[126.90485712943304,33.4023306363208],[126.90498405753948,33.40228119348106],[126.9051142782273,33.402482807954264],[126.90457733312927,33.402694007859786],[126.9045690714036,33.40263988308237],[126.90420071649389,33.402570043075016],[126.90296225993562,33.40260507616789],[126.90289618624666,33.4033769170631],[126.90297347148781,33.403515134574135],[126.90367236044197,33.40388443044223],[126.90360904979185,33.40432205107219],[126.9037054709608,33.40471235591291],[126.90393076551065,33.40463878864397],[126.90456794448639,33.40460616920397],[126.90457328995014,33.40469086993598],[126.90443933684986,33.40472659766848],[126.90399135511045,33.40474686929986],[126.90397195290406,33.40493788061207],[126.90410851522238,33.4050115005703],[126.90418964308634,33.404956245570624],[126.90419648860045,33.40505005158236],[126.9044388780665,33.404830399305574],[126.90457763851782,33.40494598305518],[126.9047437751499,33.40491044205106],[126.90479503050645,33.404773915663874],[126.90464133728713,33.40463055590725],[126.90471537741612,33.40456381887341],[126.90488768204088,33.404723809749406],[126.90486746226767,33.40491041663188],[126.90547882113437,33.405072049124406],[126.90553214864623,33.404965389030856],[126.90578264409741,33.404959616785696],[126.90611818943891,33.405277079692716],[126.9060533669141,33.40536738299004],[126.90624271261889,33.40565867066411],[126.90646914409534,33.40572966403155],[126.90646099326776,33.40562154230429],[126.90675381236535,33.40554896848539],[126.90691307745104,33.40563180461301],[126.90670507399338,33.40591503301667],[126.90705110391917,33.405933979533316],[126.90715547347533,33.405843444372124],[126.90723616614557,33.40600062839031],[126.90766221560177,33.4060319659665],[126.90766643533972,33.40611692636719],[126.9075045068882,33.40613438452533],[126.90722444969981,33.40631095028046],[126.90744998151646,33.406540484040384],[126.90777423309787,33.406519413729704],[126.90782357676328,33.40680705238262],[126.90825246804481,33.40689411827201],[126.90841961774291,33.40707642752112],[126.90829117933568,33.4071989361576],[126.90827166239367,33.40745622446887],[126.90807384731178,33.407583145380286],[126.9081897591351,33.40789879337886],[126.90808285398579,33.407971475614126],[126.9080418311206,33.408139114713876],[126.90818847464115,33.4085665168696],[126.9085311628746,33.4087454708244],[126.90838137674508,33.409018036835896],[126.90851415480202,33.40952390424178],[126.9084068624214,33.409789723224435],[126.90852374976778,33.40991586301755],[126.9087557112339,33.409923205695186],[126.90867753170852,33.410096520692626],[126.90850989690034,33.41020144475761],[126.90832976648154,33.410686007649346],[126.90918751062918,33.4107659175523],[126.90918375243527,33.41083064138254],[126.90837938405936,33.41078249863702],[126.90856930867574,33.41133443622862],[126.90834585285438,33.412002614438386],[126.90849211969143,33.41207390100258],[126.90847778656082,33.41221448233595],[126.90854446335703,33.412247367257265],[126.90895990068199,33.412084844222036],[126.90927130430617,33.41211255271996],[126.9093200699989,33.412231253612205],[126.90902303082937,33.41241988537504],[126.90912797700763,33.41249774716309],[126.90971339597637,33.41207810867025],[126.90999956796195,33.41203246974386],[126.90997592028474,33.41249513621378],[126.91032535842763,33.412544797147575],[126.90981058678423,33.41289252679046],[126.90999805711078,33.413068857608835],[126.9102498699603,33.41290452198884],[126.91034948194543,33.412972246431195],[126.91006644457788,33.41323433961045],[126.91016323919041,33.41344824390292],[126.90993138863091,33.41353203464193],[126.91022984216391,33.41362641870818],[126.91009785205965,33.413730409375496],[126.91014802827925,33.41379412149765],[126.91043426323067,33.41371290775586],[126.91046259162466,33.413404648212904],[126.91061994844385,33.413276648454314],[126.91081962536143,33.41324554488868],[126.91078047546026,33.41300227019913],[126.91090841879111,33.41313896986318],[126.9113071156457,33.413129201859185],[126.91110136882317,33.41343968172802],[126.91108862032716,33.41374443551258],[126.91083450439196,33.41386235248089],[126.91106507209781,33.413967987875054],[126.91125355284197,33.414734059220805],[126.91109551863707,33.41498956642811],[126.91108893102431,33.41530012732843],[126.91091839841638,33.41567482830227],[126.9108817427929,33.41601193352082],[126.91099009092606,33.416113133626524],[126.91116457615144,33.4159294248368],[126.91124760493457,33.416078815242535],[126.91101020713442,33.41630982271687],[126.91106384671164,33.41657522340125],[126.91098634697025,33.416863315293085],[126.91114965497978,33.417925006448094],[126.91146025840246,33.4181784722285],[126.91191513224724,33.418249443448566],[126.91161394508214,33.41837053908074],[126.91182428672248,33.418607931698844],[126.91169738611686,33.41878349320867],[126.91137826940323,33.418984575449635],[126.91132383631539,33.41918372836578],[126.91157407789215,33.419409922599336],[126.91163086066021,33.419618219541675],[126.91176252334971,33.419642487877475],[126.91162638386871,33.41970165468241],[126.91161200056153,33.41980061604123],[126.91192625331279,33.42024290751129],[126.91243451413122,33.42047759270023],[126.9127054439177,33.42045422697904],[126.91275794989207,33.42066417447151],[126.91292883445269,33.420601731712274],[126.9132964472367,33.42069943746478],[126.9136221627234,33.42056872615829],[126.91361232387047,33.42047166504147],[126.91367414855424,33.42049282948853],[126.91381158174462,33.42079220750844],[126.91359849544848,33.4209951159501],[126.91432419981804,33.42182557943211],[126.9143512790909,33.42219102818622],[126.91424870557252,33.42241541458366],[126.91467045263315,33.422459242712215],[126.91491605501453,33.42259368190017],[126.91457627004797,33.42267888949383],[126.91426291781131,33.42297775946801],[126.91418584197713,33.42320693380766],[126.91436738908818,33.42345300539658],[126.9141103504252,33.42348538320477],[126.91397532029933,33.42365845246392],[126.91405259762257,33.424192136030534],[126.91431148747618,33.42439697381859],[126.9146810348026,33.424335807532856],[126.91471959723242,33.424534610468925],[126.91463546112115,33.4247542559074],[126.91486285425503,33.42475635703143],[126.91487254113893,33.424888042523946],[126.91471323439424,33.42496039548949],[126.9148533209734,33.42527883136233],[126.91501592824147,33.42530062026548],[126.91505350033641,33.42542865803954],[126.91525533985096,33.42548659718946],[126.91517960796529,33.42562206592004],[126.91549620025263,33.42560854420725],[126.91548710675136,33.425791015146594],[126.915814459417,33.425879944361995],[126.91589562330009,33.42606494374699],[126.91604149963226,33.42606435794191],[126.91617235493334,33.42624156275448],[126.91630687571147,33.42624307886781],[126.9162488068862,33.42647436962295],[126.91641278778926,33.42656679004048],[126.91650324056987,33.42696340936152],[126.91667814178858,33.42695741231603],[126.91673598924969,33.42686026574196],[126.91684351569583,33.42689303253305],[126.91680246064851,33.427030390704445],[126.91666250691762,33.42699954407556],[126.91671600908604,33.42722335391655],[126.91660367864648,33.42726402252559],[126.91662035577772,33.42732514633427],[126.91682843922584,33.42732942239851],[126.91694672185281,33.42721434844204],[126.91692777151796,33.427317502804286],[126.9172236139394,33.42733514282223],[126.91763264724338,33.427271993163416],[126.91973152626743,33.42727018749839],[126.91974407124674,33.42795234336632],[126.91944974198393,33.42793096067849],[126.91951094254327,33.42747822638884],[126.91779059139239,33.427457351771174],[126.91779616015275,33.428605347588665],[126.91822920284228,33.428603019443116],[126.91823028217757,33.4287043765312],[126.91845427060147,33.42870500030637],[126.91853052945791,33.42837270970037],[126.91860555675116,33.42838220544743],[126.91853390084974,33.42879825448182],[126.91864091976026,33.428902124941104],[126.91857502443926,33.42894832367993],[126.9179923022362,33.428922301265516],[126.91799612763421,33.428824435220484],[126.91704175393545,33.428766596236144],[126.91644638819515,33.42862957273793],[126.9163843441381,33.42874341536387],[126.9165863405322,33.42893707238709],[126.9164626075912,33.42903480634221],[126.9162865371498,33.42894230294713],[126.91610987187353,33.429154769807376],[126.91612663912844,33.42932597703214],[126.91646450787597,33.42940186667518],[126.91647311967877,33.429613613621555],[126.915613565465,33.43147249522535],[126.91593844550734,33.431662506516],[126.91618713646955,33.43164939129159],[126.91623051512045,33.431706609051545],[126.91610214975863,33.43194766963345],[126.91618870904524,33.432698845868096],[126.91606448854496,33.43269744210183],[126.91608983759302,33.432234139811676],[126.91533185286684,33.43236449505273],[126.91531306309095,33.43244709062654],[126.9153696276831,33.43271596260062],[126.91565698027911,33.43300707388692],[126.91587494617887,33.43293555087311],[126.91597544447477,33.43274796172678],[126.91604991977542,33.43275895909485],[126.91595000743803,33.43300202228234],[126.9161275038613,33.433217519120035],[126.9159252660588,33.43360987486306],[126.91608092045735,33.434149502324544],[126.9162909720336,33.43430699944967],[126.91650307241332,33.43433947397975],[126.91676964197353,33.43411112223985],[126.91688091536089,33.43437248129799],[126.91672352169309,33.434423602761164],[126.91675306954893,33.434539563725224],[126.91728372338848,33.43476914635369],[126.91964551678056,33.435232887360684],[126.92114629638708,33.43520513884093],[126.9225422705477,33.43502937192839],[126.92332422089741,33.434747320965776],[126.92408539136193,33.43430008971291],[126.92421579199353,33.434144046032216],[126.92426105137025,33.43383322446365],[126.92382578381412,33.43360358890827],[126.9237800340228,33.433512783819495],[126.92410176740457,33.43338371451556],[126.92422472698875,33.43317973962513],[126.92425757035865,33.43287938259587],[126.9241754260865,33.43260758616095],[126.92394349884869,33.43235009631925],[126.92402785635859,33.43226097788539],[126.92442315167014,33.43230112991988],[126.92457827857208,33.432214225502264],[126.92489026009085,33.43194094002164],[126.92490780604747,33.43174233645898],[126.92509782578988,33.43167977192678],[126.92550271335493,33.43117641488144],[126.92571514397937,33.430785740847526],[126.92579218533653,33.43044702922004],[126.92581389337957,33.42941210285872],[126.92570488854233,33.42903801007486],[126.92552192171051,33.42877893411304],[126.92523840739364,33.42851438432044],[126.92478330002699,33.42827021799263],[126.924441034725,33.42827603982331],[126.92392148929261,33.42860528759059],[126.92357129695115,33.428596298836425],[126.92341024655639,33.42849721615799],[126.92309673787298,33.42772465410667],[126.92308867283752,33.42719922175345],[126.9229182672009,33.42715784546688],[126.92289960791143,33.427093085580516],[126.92312700432552,33.42697370135232],[126.92308742710752,33.42683272708881],[126.92332564754606,33.42693075833527],[126.92360684668735,33.42669894266303],[126.92404737105177,33.42661254479318],[126.92409563980918,33.426478109313834],[126.92466305215851,33.42642727804973],[126.92486656890794,33.42627071927892],[126.92468614883907,33.42610360573584],[126.92471603683478,33.42602929584734],[126.92479922668133,33.42601422569868],[126.92498217213999,33.42617975341959],[126.92519675287022,33.42606957265192],[126.92575710837204,33.4254047227593],[126.92575707674779,33.42530088648798],[126.92613657376714,33.42512290868843],[126.92641823740118,33.42475317922849],[126.926640354063,33.42458263292025],[126.92680379765883,33.424557472337135],[126.92699068546806,33.42421605705122],[126.92711951035231,33.42428761817428],[126.92712919823646,33.424410173214184],[126.92723704431008,33.42442832256745],[126.92836905668767,33.42407489424811],[126.92867927778694,33.42367586201002],[126.92912926628314,33.42339481077117],[126.92918134465637,33.42315539100611],[126.92940255651948,33.42310789331777],[126.92944250207532,33.422924537486175],[126.93002513878976,33.4229795052896],[126.93060716544036,33.423165608753955],[126.93064249525942,33.423057869596924],[126.93052793412015,33.42287791254494],[126.93096564799012,33.423060048750386],[126.93107417487724,33.42339634219396],[126.93120275735771,33.423307811132695],[126.93113183613517,33.423536020601595],[126.93123698796073,33.42376870394146],[126.93144356581551,33.423789927007675],[126.9313683800023,33.42404782035117],[126.9315302029029,33.424319812606754],[126.93176170472296,33.42513597421671],[126.93192120507884,33.42533450700959],[126.93240200792395,33.425647504030465],[126.93275174097279,33.42603786334368],[126.93304413902169,33.42668531179209],[126.93348528507414,33.42698714831238],[126.93369918934611,33.426970040831534],[126.93394096690128,33.4268325350938],[126.93456425270598,33.42704636409488],[126.93447280846519,33.42753406633349],[126.93413171632156,33.42759831666818],[126.93396526269399,33.42777061500651],[126.93403252537304,33.42804339180885],[126.93430565530863,33.42840681551703],[126.93441461912536,33.42845182136353],[126.93456494537314,33.42831618929158],[126.93464728850287,33.42846996969889],[126.934845320855,33.42855930287305],[126.93514963305002,33.428457511376045],[126.93526878644246,33.42854618428467],[126.93510067291578,33.42869614227635],[126.93537879526349,33.4288871057954],[126.93536101142207,33.42862917031514],[126.93547245698629,33.42861961715712],[126.9354976859339,33.42874031297581],[126.9357163917997,33.42873849044224],[126.93568067795867,33.428965508688684],[126.9357754563953,33.429054813421686],[126.93579984525347,33.42926370423546],[126.93573589432562,33.429371837709745],[126.93583277300162,33.42946314167049],[126.93602819983747,33.42934163740864],[126.9365676373785,33.4293609664869],[126.9364013534417,33.42945512767838],[126.93629654938391,33.4297738562041],[126.93598289906006,33.42971879086719],[126.93580309463256,33.42981306924958],[126.935701642372,33.430108636673424],[126.93500615177273,33.430334616513825],[126.9347311929797,33.430510648038364],[126.9342747064448,33.43053964551898],[126.93394216114227,33.43070922877536],[126.93392985010861,33.43085893637525],[126.9331244871229,33.43159725541924],[126.93310334837714,33.43176115905851],[126.9332567411242,33.43188861399241],[126.93328678071416,33.43211854570596],[126.933046249445,33.4319631873168],[126.93301271379156,33.43211449975548],[126.932750196071,33.4320891124894],[126.93274820245365,33.432167201172334],[126.93251311321028,33.43230933224824],[126.9325285429965,33.43251983404685],[126.93228375155597,33.43244220523955],[126.93192923876003,33.43246870773438],[126.93169640061998,33.432679563180535],[126.93186584481892,33.43286683180642],[126.93182998497095,33.43297180510263],[126.93145137602447,33.43298731100528],[126.93118856312276,33.432906091517744],[126.93091799915953,33.43303876305656],[126.93075683931261,33.43326597966162],[126.93032652163026,33.43303818623373],[126.92982716575575,33.43323500586684],[126.92957081169168,33.43324154061916],[126.92946187214302,33.4335327631482],[126.92935575251585,33.433593382528535],[126.92941301943335,33.43378846333626],[126.92931022820486,33.434241323947965],[126.92914354085545,33.43437870598038],[126.92914656888678,33.434489972708924],[126.92935888158549,33.43466538554382],[126.92925733255326,33.43491103165698],[126.92908967475475,33.43480508549604],[126.92898858327483,33.434507031120326],[126.9285781421827,33.43403154836192],[126.92847588981869,33.434078867399435],[126.92850535838713,33.434197643914196],[126.92839044397225,33.43422791346558],[126.92850078894561,33.43455534892291],[126.92827311364837,33.434631666741645],[126.92822847697194,33.434773866434156],[126.92811893863505,33.4348201711479],[126.9279938209063,33.43472070810662],[126.92757506139304,33.43471017857597],[126.92758177714326,33.4346363239696],[126.92797873470404,33.4346285063331],[126.92806714893284,33.43433329860068],[126.92790359974457,33.434126056568395],[126.92767038946921,33.434043864897035],[126.92759874008496,33.43425139382831],[126.92752109915358,33.43422845227144],[126.92758907575501,33.43402604939292],[126.92743109027744,33.43395553482204],[126.92716048959707,33.43403922345853],[126.92715649561866,33.434217311742984],[126.9269941509027,33.43436911698022],[126.92692994203621,33.434604756894466],[126.92675330731377,33.434586487728524],[126.92672934038411,33.434441361225936],[126.92642204722935,33.43450203205532],[126.92642061517648,33.43471904977475],[126.92624043300961,33.434909112784084],[126.92580523947093,33.43483454258842],[126.92565432718482,33.43472418209966],[126.92526305338285,33.43478373232056],[126.92456345228955,33.43541350040533],[126.924062258466,33.436012676114736],[126.92313241829082,33.43803358820985],[126.92262258923239,33.43870184704683],[126.92219693542386,33.439497047509725],[126.92207852406393,33.439913827102444],[126.92202385455347,33.440635513927376],[126.92255263835025,33.44185025526156],[126.92213557663544,33.44215418185979],[126.92189981331414,33.44250058478949],[126.92170271992808,33.44320536470415],[126.92162994861854,33.443875966371145],[126.92181143835342,33.445142750915586],[126.92256288342467,33.44658877061844],[126.92252603167256,33.4470246409473],[126.92226573323232,33.44790734136294],[126.92233824019819,33.448863125975144],[126.9225077545896,33.44947066035818],[126.92279599646129,33.44996826681729],[126.92316630578355,33.45024783713614],[126.92394465207339,33.45063961894026],[126.92418536594421,33.45093198440686],[126.92451918920447,33.451539614140415],[126.92487874294896,33.45278503125798],[126.9254348965082,33.45359022077925],[126.92748528876027,33.45551360316803],[126.92838151001207,33.45665715050528],[126.92875683189327,33.457002287528184],[126.92922683141799,33.457991368091754],[126.93009796044471,33.4590020269894],[126.93132943729053,33.45979890425696],[126.93237735503244,33.460316568149096],[126.9332398561224,33.46059021445621],[126.93366017680763,33.46059338988636],[126.93368285631007,33.460385706842196],[126.93375861815915,33.46038188767629],[126.93374234192935,33.46060887923952],[126.9343993018462,33.4608072828053],[126.93467911082868,33.460794236922276],[126.93495008877608,33.46068540507821],[126.93503393902968,33.4603359789385],[126.93557408437788,33.46026551178203],[126.9358457058736,33.46015940298085],[126.93619819444397,33.45935188627583],[126.93718522782235,33.45904771965576],[126.93756218026323,33.45882672072967],[126.9376563490581,33.458607525696515],[126.93783386326014,33.45849459884056],[126.93785794818822,33.45828359667051],[126.93813908630017,33.45808885749965],[126.9382734308838,33.45748982545066],[126.93869208664391,33.45681679635954],[126.93888092453555,33.45688542760893],[126.93911210093248,33.45676685375632],[126.93955187952659,33.45615828336238],[126.93972616509771,33.456239688671076],[126.9401358081668,33.45619548264801],[126.94041660726785,33.456011637669974],[126.94050547821678,33.45577115372375],[126.94071597733954,33.455677973659085],[126.94105060810536,33.455655131732385],[126.9413498726215,33.45543434170377],[126.94335153373932,33.45514529906179],[126.94338847687945,33.45520456190503],[126.9432518853207,33.45538711581576],[126.94337794476432,33.455517124065054],[126.94387964881999,33.455702603950904],[126.9443067677318,33.455750115547225],[126.94448631106513,33.455700944609596],[126.94465201761345,33.45577667006975],[126.94461026089536,33.4560467655291],[126.94479011719761,33.4561985970999],[126.94488868359673,33.456513932527784],[126.94513999443565,33.456727466027225],[126.94546860093648,33.45646430988106],[126.9455635335036,33.45659360665457],[126.94580065485191,33.456678344767816],[126.94596021393097,33.45651363125437],[126.94608213609325,33.45652233871836],[126.9461427507146,33.456287721516716],[126.94645785851708,33.45607359400535],[126.94662787310439,33.456308654683994],[126.94664200266632,33.45649259478806],[126.94688598266019,33.45680098943372],[126.9468125502606,33.45687996348841],[126.94645231612452,33.45681761531306],[126.94629713787697,33.45686333698135],[126.94622093541084,33.45698526382997],[126.94553487085368,33.457103841476616],[126.94521112280434,33.45728316837825],[126.94504672190294,33.457736363846244],[126.94526411336392,33.45853156727601],[126.94510294028007,33.458914383220595],[126.94518311159506,33.4591975263903],[126.94509567966982,33.45935985758774],[126.94529300216665,33.45953410797854],[126.94511963200536,33.459711197553325],[126.94495014264531,33.459667569868905],[126.94484786401648,33.45977236097215],[126.94456284528407,33.45985167488467],[126.94424844843869,33.46010968240814],[126.94424365353659,33.46017071329428],[126.94440835832164,33.460206219150066],[126.944416327229,33.46036049805481],[126.94415264488538,33.46054183916645],[126.94370132080631,33.46070289985022],[126.94371335748049,33.460851574251805],[126.94319253621225,33.46109437466526],[126.94270286570486,33.46117730987039],[126.9425149770515,33.461022171454715],[126.94231457516362,33.46101812321222],[126.94217791173052,33.4611506196408],[126.94165713088377,33.461155367353825],[126.9417665334324,33.46120401624549],[126.94178000184827,33.46130106038899],[126.94162761671046,33.46128043374958],[126.94158483149518,33.461194775493865],[126.94090285837909,33.46127049379584],[126.9403185121879,33.461610090881564],[126.93971055025096,33.461431529582725],[126.93920771955688,33.461470140716685],[126.93879269047969,33.46181905949241],[126.93853367174258,33.46234630973385],[126.93858385330125,33.46254740295566],[126.9388333181632,33.46276760341681],[126.93919152546445,33.46270813233818],[126.93907514146932,33.463362094831126],[126.93889502494198,33.46356160899977],[126.93864701762692,33.46347986422571],[126.93828401328317,33.46350203152748],[126.93848961117966,33.4638858881448],[126.9384533951756,33.4640402566683],[126.93832363977474,33.46411398618667],[126.93837788670523,33.46428982963625],[126.93827766960352,33.464524568005686],[126.93814609740488,33.46458369368798],[126.93806016885242,33.46451632876877],[126.93824625825573,33.464007904085896],[126.93822941535173,33.46385565470697],[126.93739633680924,33.463868195820595],[126.93725971283794,33.46373226918777],[126.93707392738747,33.46373089264834],[126.93658757476891,33.46391292973768],[126.93632529642268,33.464214178601274],[126.93638171772622,33.46463606755982],[126.93629188582513,33.46503609019552],[126.9364172108906,33.46528839601151],[126.93651636043164,33.46594948670022],[126.9363337037091,33.46631308495486],[126.9363145274702,33.46696063505992],[126.93642683215006,33.467247256820976],[126.9369602863429,33.46802017763518],[126.93702181893181,33.468266873273045],[126.93692416858929,33.46845853573213],[126.93661725274224,33.468539823216716],[126.93644445189823,33.46868977204975],[126.93632819301476,33.469190221236076],[126.936206619341,33.46916982990841],[126.93575916483697,33.46934287827767],[126.93540716065509,33.46963180338525],[126.93511804965581,33.470471927414884],[126.93510264050785,33.47106341603967],[126.9356599151166,33.472210401705844],[126.93623059134093,33.47367468740832],[126.93629956495367,33.474516194670585],[126.93620282119359,33.475862345817575],[126.93622904932971,33.476969691641585],[126.93608923964005,33.47738279782203],[126.93615173071886,33.47823675097039],[126.9360716663555,33.47852532223886],[126.93558601585417,33.4785778167469],[126.93536359440493,33.47850312780189],[126.93536818877726,33.47805405646515],[126.93563166359884,33.4779445004724],[126.93564370783209,33.47733040772899],[126.93555052802208,33.477172339478166],[126.93564364593442,33.47695101427579],[126.93566086670988,33.47522381874419],[126.9352572268142,33.4751170463629],[126.9352325646845,33.47358594323991],[126.9288736954993,33.47352857930213],[126.92855623476115,33.472935229482296],[126.92970053108009,33.471948428656226],[126.92860480394073,33.469826056212106],[126.92761751421118,33.47018143326446],[126.92753243653546,33.470012411477896],[126.92851614396083,33.469656245596035],[126.92812782568488,33.46892788103459],[126.92791731270216,33.46883672169835],[126.92610142770478,33.468861056192715],[126.92601054543654,33.46888933460633],[126.9260118534153,33.468978080999776],[126.92525604132067,33.46897745256457],[126.92526141095479,33.46977380253639],[126.9251101972774,33.46980101854139],[126.92482660249206,33.47004094436317],[126.92500774011968,33.47082483472805],[126.92519757203,33.47081412236845],[126.92527029305182,33.471176671565495],[126.92611193805011,33.47104905750957],[126.92615405564088,33.471228850892885],[126.92531224382263,33.471365830311605],[126.92546239933338,33.47200997671979],[126.92678891207778,33.4729128878071],[126.92665305224368,33.47305223237744],[126.92716244795257,33.47338507425177],[126.9275736749067,33.473931082457256],[126.92767774144085,33.475708301164154],[126.92756111349414,33.47579417309378],[126.9274448802825,33.475720510552314],[126.92747874945597,33.47398410719602],[126.92705690812389,33.473485642882004],[126.92611050283547,33.47283005316795],[126.92595387142687,33.47273995532894],[126.92583620182232,33.47286206036609],[126.92507728228524,33.47233178053955],[126.92459667981092,33.47285240077701],[126.92550284113345,33.47344739104809],[126.92538985555932,33.47353432952777],[126.92442150863516,33.47288762945496],[126.92507766464193,33.47214660088414],[126.92317778654879,33.47081364845033],[126.92290699444654,33.47068305452325],[126.92281655852645,33.47072684260318],[126.92281303601996,33.470613215500535],[126.92247638740376,33.470430888304755],[126.92225415239704,33.470664286998655],[126.9220295156256,33.47060936984305],[126.92199979689137,33.47045718662179],[126.9218537606518,33.47033564950722],[126.9217491317097,33.47046869716924],[126.92143904990134,33.470401358211866],[126.92144662355274,33.47022412133348],[126.92165924962043,33.47005172151438],[126.9215380969046,33.46984456963789],[126.92135584768391,33.46963194352593],[126.92058130456398,33.46929700986935],[126.91897834093905,33.47011535505683],[126.91901718679225,33.47033094653584],[126.91930171586796,33.4704782037715],[126.91938535252024,33.470655535831895],[126.91930845813891,33.47093164711535],[126.91919454078092,33.47082227856149],[126.91898600754247,33.47082756353437],[126.91870922362857,33.47097685923262],[126.9186646881632,33.470669260924204],[126.91876191711349,33.47055887339101],[126.91839977423841,33.47048547865978],[126.917227890422,33.47119390319356],[126.9172545573065,33.47153246491422],[126.91734958093558,33.47163349717759],[126.91742735960128,33.47156738896972],[126.91750809922408,33.4717978398556],[126.91725678712203,33.47207400761294],[126.9170059209167,33.472126171138534],[126.91680946857183,33.47201462273533],[126.91595772791763,33.472176684137246],[126.91547187927311,33.472112073685174],[126.91517751627482,33.472388990211755],[126.9150740065447,33.47262908631206],[126.9148902358457,33.472679898938125],[126.9148110645777,33.47267944040686],[126.91463884538773,33.47244302239458],[126.91413060620137,33.47223594156846],[126.91388244339541,33.47218163355812],[126.91370167486119,33.472228567607935],[126.91286302600601,33.47260021526442],[126.91233399240322,33.47292782117643],[126.91157251153123,33.47377094691917],[126.9114799267822,33.47413430176157],[126.91180452528202,33.47460730362675],[126.91169565111804,33.47474359200913],[126.91148485683905,33.47479277943718],[126.9113078175411,33.47493293876877],[126.91119783823113,33.47516115360892],[126.91088443038839,33.47546303257013],[126.91058544849449,33.47633082206241],[126.91040557415836,33.47643408944177],[126.90998484547576,33.47808595454459],[126.91009557673242,33.47853804263367],[126.90987878831439,33.4789429437931],[126.90996358255154,33.47901547548615],[126.91165719584271,33.47939007342602],[126.91366958851913,33.47940907224313],[126.91390991853473,33.479297525683606],[126.91388104610259,33.47916633947858],[126.91344828239355,33.479050033197026],[126.91336612422971,33.4784883854485],[126.91313335393693,33.47831303403492],[126.9129707594436,33.47833797411871],[126.91290230887773,33.47828000629271],[126.912844164306,33.47804138433642],[126.91314004720742,33.477939378940576],[126.9131540493592,33.478049284677695],[126.91348310547905,33.47826803356048],[126.91379461082357,33.47813808236556],[126.91388645657238,33.47816757664936],[126.91392556563068,33.4785253927737],[126.91383475237195,33.478767005124546],[126.91413641804981,33.47894969446894],[126.91417932866166,33.479356800149866],[126.91409313254603,33.479434062287766],[126.91365045258374,33.47959121250341],[126.91358822955115,33.479470739652925],[126.91162967437283,33.4794583781921],[126.90983198925679,33.47905451848712],[126.90956672815577,33.479423918403526],[126.9096301096222,33.479719011627495],[126.91016320070361,33.47967685278987],[126.91016918691578,33.479738835273814],[126.9095467074288,33.47981073220505],[126.90938646096538,33.47973320287821],[126.9093848626758,33.47942311412337],[126.9092155388455,33.47939735920755],[126.90917971346639,33.47925245804303],[126.9090435764878,33.4791679917613],[126.90879269046306,33.47920397993074],[126.90904239947878,33.47908406427568],[126.90900859521541,33.478889163210745],[126.90817057452068,33.47833419334328],[126.90806120608664,33.47835567230643],[126.9079746076455,33.47871439236128],[126.90861493549598,33.479095996557206],[126.90860809986444,33.47917931036785],[126.90788820788784,33.47875664543873],[126.90794035970167,33.47840470862133],[126.90496736245987,33.47904588336879],[126.90426651912873,33.47925590879215],[126.9036327299015,33.47969093377091],[126.90308169030831,33.48033838051612],[126.90312147529717,33.480477339644295],[126.90286517931044,33.4808163444731],[126.90282767873938,33.48101084940507],[126.90254765187989,33.48097123735751],[126.90187749415729,33.481845602693696],[126.90183547011992,33.48253089599562],[126.90093116587354,33.48267742856425],[126.9006438016658,33.482546499564926],[126.90068502402367,33.48245115192307],[126.90056079436582,33.48230441384814],[126.90022860878479,33.48246141070623],[126.89924325124953,33.48261629929063],[126.89858392612726,33.48295089011922],[126.89814526859114,33.4829981116459]]]]}}
